tree
version=v4
num_class=1
num_tree_per_iteration=1
label_index=0
max_feature_idx=25
objective=regression
feature_names=BG BR MNDWI NDSSI NDVI NDWI NR atm_corr_LaSRC catchment_area_sqkm fai green_corr7 nir_corr7 pct_cropland_2006 pct_forest_2006 pct_impervious_2006 pct_urban_2006 pct_wetland_2006 shore_flag srad_Wm2_prev1 srad_Wm2_prev30 swir1_corr7 temp_corr7 tmax_degC_prev30 tmean_degC_prev30 tmin_degC_prev30 tmin_degC_prev7
feature_infos=[0.0012370235446707079:2.2033088716179861] [-105.87161617224014:92.127279903956847] [0.048059001255785445:1.6666666666666667] [-0.99111252421617468:1] [-1:1.0917556111650639] [-0.22345183879546426:1] [-22.797032079074647:14.055159328485072] [0:1] [0.16289999999999999:8426.6694000000007] [-0.096525252525252514:0.063646464646464646] [0.0050000000000000001:0.20000000000000001] [0:0.13300000000000001] [0:76.178382012400093] [0:94.2222222222222] [0:35.86973913043478] [0:94.29569266589057] [0:33.866154426645622] [0:1] [18.400000000000002:362.20000000000005] [56.006666666666028:345.65666666666664] [-0.002:0.060136068068232663] [272.50441569690122:305.47474140757174] [5.3500000000000227:44.550000000000011] [-4.6466666666666665:31.364999999999917] [-26.049999999999983:20.350000000000023] [-18.749999999999972:22.450000000000045]
tree_sizes=734 767 774 775 778 777 776 764 780 775 781 776 774 783 772 778 781 777 775 779 777 778 784 778 776 776 785 780 781 767 778 778 778 777 780 780 781 776 783 780 777 779 781 779 775 778 775 785 776 776 778 775 782 772 784 772 776 773 781 778 778 768 776 779 783 771 771 769 778 777 784 780 772 781 775 782 781 780 773 779 775 778 778 780 777 774 774 783 781 777 775 769 776 777 779 771 777 776 778 777 773 782 779 773 777 777 777 782 775 777 778 778 778 781 783 780 778 783 776 773 779 780 784 784 782 775 788 771 783 779 778 778 783 778 776 779 782 777 775 780 779 784 781 773 772 781 785 775 776 769 771 782 779 785 777 758 769 786 779 781 783 772 783 781 765 778 776 770 771 773 778 785 781 768 777 779 780 777 783 775 775 769 779 781 777 783 774 775 761 774 782 776 781 771 778 780 774 779 776 783 775 784 783 775 751 786 782 760 780 775 779 772 776 782 777 775 775 780 781 776 785 783 774 778 781 783 774 779 779 783 783 781 773 779 786 787 775 781 782 782 776 774 774 780 783 771 775 779 782 787 787 771 773 775 786 773 768 773 772 776 776 783 784 776 766 776 768 783 770 777 775 780 774 771 781 775 773 771 768 782 756 780 781 786 780 766 770 771 786 781 786 772 768 783 778 785 775 785 775 780 775 782 775 776 770 778 777 779 770 771 770 779 770 780 775 785 783 773 769 774 776 764 770 779 782 771 756 784 767 778 774 782 777 775 782 778 768 780 777 781 776 779 777 783 788 776 773 780 777 777 785 793 770 779 770 781 767 772 784 776 788 776 775 778 778 782 782 783 767 788 781 774 784 777 774 786 781 769 787 787 776 767 774 785 782 786 774 767 777 785 781 750 776 788 779 773 779 783 777 774 784 767 770 781 774 783 777 776 779 778 758 771 787 783 775 771 783 778 766 776 774 777 786 769 776 769 785 776 780 779 782 774 780 771 788 789 754 773 764 789 785 779 780 774 787 784 768 776 778 769 781 783 781 779 771 773 773 777 788 774 777 782 771 770 777 774 767 771 771 751 783 778 778 777 775 779 789 782 785 776 789 774 772 770 777 777 776 745 785 788 780 773 778 785 778 784 744 780 766 769 774 773 785 792 786 775 784 771 778 788 781 791 785 775 783 782 773 777 782 753 781 787 782 751 779 756 772 770 784 775 787 782 769 769 778 781 776 777 776 788 784 776 769 775 765 783 776 778 780 784 790 788 771 781 792 792 769 782 790 783 782 784 776 752 783 783 788 777 780 774 788 776 773 772 776 789 779 776 772 783 778 776 780 787 784 781 785 778 773 777 777 790 782 765 774 790 772 779 790 770 782 787 781 790 777 763 786 786 771 785 778 782 765 785 781 775 779 774 779 774 790 788 768 788 781 783 781 777 780 779 788 769 778 778 783 778 776 771 778 786 784 781 777 770 787 760 785 784 782 782 782 769 773 777 785 771 786 784 776 783 779 767 773 788 779 784 781 768 774 779 783 784 786 777 778 775 781 772 790 788 776 783 774 773 785 784 783 779 783 779 786 781 785 781 764 787 790 780 776 790 772 789 789 776 783 777 784 789 776 766 784 790 784 791 787 752 766 782 772 786 787 782 782 772 780 778 794 782 783 772 786 795 777 781 778 777 776 770 779 787 775 785 783 779 780 776 788 780 767 790 785 776 786 781 775 787 783 778 783 778 770 777 780 783 788 771 789 787 781 776 781 789 787 777 786 784 772 779 781 779 776 785 768 786 759 787 789 779 782 778 776 785 794 780 775 795 790 749 789 781 777 782 782 765 795 781 778 782 773 762 777 773 786 769 773 763 789 782 783 782 771 770 785 795 789 778 781 769 780 793 780 789 777 786 780 766 770 772 794 751 782 785 774 784 775 789 789 785 775 767 773 782 782 777 779 779 764 766 784 776 777 765 772 764 791 783 757 772 752 789 782 796 778 754 767 788 788 755 777 778 783 755 771 776 783 793 788 783 788 775 796 776 756 780 780 774 781 771 782 762 777 771 781 780 774 792 778 787 772 792 789 778 779 775 779 787 763 785 779 773 785 783 775 752 790 785 775 754 781 786 778 780 782 784 777 778 784 779 779 785 776 783 777 792 780 772 764 788 784 772 786 799 786 785 777 770 777 784 778 769 785 774 787 777 797 789 773 749 778 780 792 786 778 793 777 784 781 769 782 777 779 760 771 777 778 794 774 774 788 779 785 785 780 776 772 774 775 783 783 780 760 772 780 761 745 765 781 796 780 778 748 779 776 787 783 780 793 779 783 790 776 776 769 786 772 786 771 777 764 788 784 776 779 779 791 779 780 795 777 781 786 759 776

Tree=0
num_leaves=7
num_cat=0
split_feature=0 9 13 0 0 4
split_gain=17212.2 4308.83 2048 1206.49 1198.95 621.612
threshold=0.93740619088896671 -0.0067373737373737363 16.265073570448624 1.0347123671452216 0.82227653033394488 0.089202940296516153
decision_type=2 2 2 2 2 2
left_child=1 -1 -2 -4 -3 -6
right_child=2 4 3 -5 5 -7
leaf_value=3.2356175929215856 3.2713495224793219 3.2474625002587603 3.2792914281426091 3.3015959748472667 3.2582517088879186 3.2765315865572147
leaf_weight=1891 976 1180 484 570 1438 204
leaf_count=1891 976 1180 484 570 1438 204
internal_value=3.25774 3.24726 3.28202 3.29166 3.25511 3.26063
internal_weight=6743 4713 2030 1054 2822 1642
internal_count=6743 4713 2030 1054 2822 1642
is_linear=0
shrinkage=1


Tree=1
num_leaves=7
num_cat=0
split_feature=0 10 10 10 0 0
split_gain=16873.8 4089.27 2459.46 985.266 794.877 726.031
threshold=0.93740619088896671 0.043368949372441984 0.022009118257899463 0.024186181654504809 0.80572152912550832 1.0280059035060518
decision_type=2 2 2 2 2 2
left_child=1 3 -2 -1 -3 -4
right_child=2 4 5 -5 -6 -7
leaf_value=0.01376103593965417 0.039518249157632072 -0.023252252205624793 0.0093385861830492783 -0.0037890963546485506 -0.010271875578298973 0.024281978176388917
leaf_weight=372 678 1694 759 1956 691 593
leaf_count=372 678 1694 759 1956 691 593
internal_value=0 -0.0103801 0.0240353 -0.000933553 -0.0195542 0.0160304
internal_weight=6743 4713 2030 2328 2385 1352
internal_count=6743 4713 2030 2328 2385 1352
is_linear=0
shrinkage=0.01


Tree=2
num_leaves=7
num_cat=0
split_feature=0 9 13 0 0 4
split_gain=16542.1 4162.4 1986.17 1170.07 1163.91 603.985
threshold=0.93740619088896671 -0.0067373737373737363 16.265073570448624 1.0347123671452216 0.82227653033394488 0.089202940296516153
decision_type=2 2 2 2 2 2
left_child=1 -1 -2 -4 -3 -6
right_child=2 4 3 -5 5 -7
leaf_value=-0.021716398168396871 0.013296542582791639 -0.010093168164947769 0.021119172116213662 0.043079127318819924 0.00053569867877027234 0.018555029935299238
leaf_weight=1891 976 1180 484 570 1438 204
leaf_count=1891 976 1180 484 570 1438 204
internal_value=2.7853e-07 -0.0102768 0.0237986 0.0332977 -0.00255805 0.00287922
internal_weight=6743 4713 2030 1054 2822 1642
internal_count=6743 4713 2030 1054 2822 1642
is_linear=0
shrinkage=0.01


Tree=3
num_leaves=7
num_cat=0
split_feature=10 10 9 13 8 8
split_gain=14226.7 3727.54 2797.75 1072.38 991.372 656.995
threshold=0.034137739864056486 0.022009118257899463 -0.0090656565656565651 0.25968510979177462 220.44105000000005 27.407250000000005
decision_type=2 2 2 2 2 2
left_child=1 5 -2 -4 -3 -1
right_child=2 4 3 -5 -6 -7
leaf_value=0.01670906886601993 -0.022546950202397911 0.0048760415042456151 -0.014027295395414181 0.0003185562226100213 0.021431720071183866 0.03788608093914507
leaf_weight=217 1636 1537 840 1342 468 703
leaf_count=217 1636 1537 840 1342 468 703
internal_value=1.26457e-06 0.0165667 -0.0126972 -0.00523837 0.00883256 0.0331352
internal_weight=6743 2925 3818 2182 2005 920
internal_count=6743 2925 3818 2182 2005 920
is_linear=0
shrinkage=0.01


Tree=4
num_leaves=7
num_cat=0
split_feature=0 9 10 10 0 0
split_gain=16012.8 3984.89 2322.89 1146.75 721.627 704.316
threshold=0.93740619088896671 -0.0067373737373737363 0.022009118257899463 0.028168050531988353 0.81503462678737859 1.0820551326732937
decision_type=2 2 2 2 2 2
left_child=1 -1 -2 -3 -5 -4
right_child=2 3 5 4 -6 -7
leaf_value=-0.021302457073196841 0.038464328084928855 0.0077230180329041862 0.010887756988159318 -0.013302601434258425 -0.0013124276370727246 0.02704075056405468
leaf_weight=1891 678 776 969 874 1172 383
leaf_count=1891 678 776 969 874 1172 383
internal_value=1.94268e-06 -0.0101094 0.0234165 -0.00255667 -0.00647898 0.0156359
internal_weight=6743 4713 2030 2822 2046 1352
internal_count=6743 4713 2030 2822 2046 1352
is_linear=0
shrinkage=0.01


Tree=5
num_leaves=7
num_cat=0
split_feature=0 10 10 0 10 10
split_gain=15699 3201.46 3089.11 1059.86 745.45 452.158
threshold=0.91655758720216773 0.047108201820321056 0.022009118257899463 1.0280059035060518 0.024186181654504809 0.070196237650822613
decision_type=2 2 2 2 2 2
left_child=1 4 -2 -4 -1 -3
right_child=2 5 3 -5 -6 -7
leaf_value=0.010920230684638444 0.037613064482170291 -0.015758010570020242 0.0069035385918135633 0.023538724872844283 -0.0055378839523893301 -0.025652977553069913
leaf_weight=309 723 1070 1093 593 2003 952
leaf_count=309 723 1070 1093 593 2003 952
internal_value=2.63702e-06 -0.0113653 0.0204212 0.0128647 -0.00329639 -0.020525
internal_weight=6743 4334 2409 1686 2312 2022
internal_count=6743 4334 2409 1686 2312 2022
is_linear=0
shrinkage=0.01


Tree=6
num_leaves=7
num_cat=0
split_feature=0 9 10 10 0 0
split_gain=15402.4 3842.77 2230.99 1106.24 702.368 680.032
threshold=0.93740619088896671 -0.0067373737373737363 0.022009118257899463 0.028168050531988353 0.81503462678737859 1.0820551326732937
decision_type=2 2 2 2 2 2
left_child=1 -1 -2 -3 -5 -4
right_child=2 3 5 4 -6 -7
leaf_value=-0.020905284588810628 0.03771461165464432 0.007599533509032661 0.010675978095751574 -0.013081183878681728 -0.0012524699652567506 0.02654782569874789
leaf_weight=1891 678 776 969 874 1172 383
leaf_count=1891 678 776 969 874 1172 383
internal_value=3.08487e-06 -0.00991359 0.022967 -0.00249681 -0.00634931 0.0153415
internal_weight=6743 4713 2030 2822 2046 1352
internal_count=6743 4713 2030 2822 2046 1352
is_linear=0
shrinkage=0.01


Tree=7
num_leaves=7
num_cat=0
split_feature=1 13 2 14 1 8
split_gain=12566 3586.12 2997.09 1418.99 1101.37 836.164
threshold=1.2893976790125234 16.265073570448624 0.52961400599152586 0.60584244387253006 1.7011838104250059 220.44105000000005
decision_type=2 2 2 2 2 2
left_child=2 3 -1 -2 5 -3
right_child=1 4 -4 -5 -6 -7
leaf_value=-0.0012586915130870045 0.014680934808847513 0.012631028174550779 -0.019290152012155493 -0.0041185235608204784 0.037652019778976857 0.037776584330495896
leaf_weight=1559 795 568 2255 793 601 172
leaf_count=1559 795 568 2255 793 601 172
internal_value=3.75441e-06 0.0155537 -0.0119448 0.00531976 0.0275362 0.0189148
internal_weight=6743 2929 3814 1588 1341 740
internal_count=6743 2929 3814 1588 1341 740
is_linear=0
shrinkage=0.01


Tree=8
num_leaves=7
num_cat=0
split_feature=0 10 10 0 4 10
split_gain=14884.3 3047.56 2923.56 1010.6 738.066 433.812
threshold=0.91655758720216773 0.047108201820321056 0.022009118257899463 1.0280059035060518 -0.053317222294344137 0.070196237650822613
decision_type=2 2 2 2 2 2
left_child=1 4 -2 -4 -1 -3
right_child=2 5 3 -5 -6 -7
leaf_value=-0.008152475872531156 0.036611810302257658 -0.015333759802321394 0.0067140147983369269 0.022957940626191359 0.0031888025298674998 -0.02502234744218327
leaf_weight=1300 723 1070 1093 593 1012 952
leaf_count=1300 723 1070 1093 593 1012 952
internal_value=4.87301e-06 -0.0110642 0.0198866 0.0125349 -0.00319155 -0.020001
internal_weight=6743 4334 2409 1686 2312 2022
internal_count=6743 4334 2409 1686 2312 2022
is_linear=0
shrinkage=0.01


Tree=9
num_leaves=7
num_cat=0
split_feature=1 9 13 16 14 8
split_gain=12125.8 3867.84 2606.98 1267.41 908.921 632.877
threshold=1.399950018062023 -0.0055044947620525118 16.265073570448624 1.0477024586221126 0.7062270558660152 683.67465000000004
decision_type=2 2 2 2 2 2
left_child=1 -1 4 5 -2 -3
right_child=2 3 -4 -5 -6 -7
leaf_value=-0.019931307852228467 0.014914507488033078 0.0027035946664925531 0.030015241080755286 -0.0099284641160943474 -0.0037062296987900025 0.028881166170191284
leaf_weight=1958 722 1462 1096 1014 402 89
leaf_count=1958 722 1462 1096 1014 402 89
internal_value=5.13478e-06 -0.00938509 0.0190974 -0.00128459 0.008272 0.00438753
internal_weight=6743 4523 2220 2565 1124 1551
internal_count=6743 4523 2220 2565 1124 1551
is_linear=0
shrinkage=0.01


Tree=10
num_leaves=7
num_cat=0
split_feature=10 1 9 10 13 1
split_gain=12659.2 3356.65 2453.93 1204.32 982.767 565.913
threshold=0.034137739864056486 1.4753420904935914 -0.0090656565656565651 0.019955804785169399 0.25968510979177462 1.7140332793741309
decision_type=2 2 2 2 2 2
left_child=1 -1 -2 -3 -4 -6
right_child=2 3 4 -5 5 -7
leaf_value=0.0055025803086751609 -0.021197705003178316 0.038888629305972484 -0.013400061620684231 0.019169586093428892 -0.0021452433259629223 0.017069888007403774
leaf_weight=1554 1636 527 840 844 1176 166
leaf_count=1554 1636 527 840 844 1176 166
internal_value=5.71938e-06 0.015632 -0.0119727 0.0269834 -0.00498632 0.000332871
internal_weight=6743 2925 3818 1371 2182 1342
internal_count=6743 2925 3818 1371 2182 1342
is_linear=0
shrinkage=0.01


Tree=11
num_leaves=7
num_cat=0
split_feature=0 9 10 0 0 1
split_gain=14210.6 3486.88 2036.71 1040.24 635.009 507.381
threshold=0.93740619088896671 -0.0067373737373737363 0.022009118257899463 0.84123416791751593 1.0820551326732937 1.166333093463247
decision_type=2 2 2 2 2 2
left_child=1 -1 -2 5 -4 -3
right_child=2 3 4 -5 -6 -7
leaf_value=-0.019989360064186789 0.036156527096470603 -0.013616817147356713 0.010267796068922242 0.0035132617945304507 0.025604597545174395 -0.0013338803116343598
leaf_weight=1891 678 815 969 1432 383 575
leaf_count=1891 678 815 969 1432 383 575
internal_value=6.31212e-06 -0.00951892 0.022064 -0.00245341 0.0147759 -0.00858871
internal_weight=6743 4713 2030 2822 1352 1390
internal_count=6743 4713 2030 2822 1352 1390
is_linear=0
shrinkage=0.01


Tree=12
num_leaves=7
num_cat=0
split_feature=0 9 10 0 4 1
split_gain=13936.7 3783.92 1776.84 1189.56 579.52 497.384
threshold=0.95369835686909454 -0.0067373737373737363 0.025593909851723873 0.84123416791751593 0.043670562441908721 1.166333093463247
decision_type=2 2 2 2 2 2
left_child=1 -1 -2 5 -5 -3
right_child=2 3 -4 4 -6 -7
leaf_value=-0.019687675133224534 0.03392758618319635 -0.01348229953054 0.013849607302972307 0.00076198052729705519 0.01482615370250975 -0.0013207695240823505
leaf_weight=1906 874 815 931 1270 372 575
leaf_count=1906 874 815 931 1270 372 575
internal_value=6.85023e-06 -0.00868598 0.0237104 -0.00172473 0.00402477 -0.00850396
internal_weight=6743 4938 1805 3032 1642 1390
internal_count=6743 4938 1805 3032 1642 1390
is_linear=0
shrinkage=0.01


Tree=13
num_leaves=7
num_cat=0
split_feature=0 10 10 0 4 12
split_gain=13664.1 2780.73 2681.09 946.303 687.364 408.629
threshold=0.91655758720216773 0.047108201820321056 0.022009118257899463 1.0280059035060518 -0.053317222294344137 2.9727379293480429
decision_type=2 2 2 2 2 2
left_child=1 4 -2 -4 -1 -3
right_child=2 5 3 -5 -6 -7
leaf_value=-0.0078654669368140168 0.035073652049986519 -0.01439818018565023 0.0063843368568532342 0.022101221661728995 0.0030791579333267045 -0.023775721366120744
leaf_weight=1300 723 1022 1093 593 1012 1000
leaf_count=1300 723 1022 1093 593 1012 1000
internal_value=7.20929e-06 -0.0105984 0.0190566 0.0120159 -0.00307789 -0.019135
internal_weight=6743 4334 2409 1686 2312 2022
internal_count=6743 4334 2409 1686 2312 2022
is_linear=0
shrinkage=0.01


Tree=14
num_leaves=7
num_cat=0
split_feature=0 9 13 0 8 1
split_gain=13413.8 3648.95 1543.84 1150.88 753.645 483.772
threshold=0.95369835686909454 -0.0067373737373737363 16.265073570448624 0.84123416791751593 15.423300000000001 1.166333093463247
decision_type=2 2 2 2 2 2
left_child=1 -1 -2 5 -4 -3
right_child=2 3 4 -5 -6 -7
leaf_value=-0.019324419914563976 0.013071694111529484 -0.013262562093251582 0.012150063749956048 0.0039704600626175165 0.036024932493723856 -0.0012690936289409289
leaf_weight=1906 838 815 176 1642 791 575
leaf_count=1906 838 815 176 1642 791 575
internal_value=7.44223e-06 -0.0085207 0.0232621 -0.00168469 0.0318586 -0.00835288
internal_weight=6743 4938 1805 3032 967 1390
internal_count=6743 4938 1805 3032 967 1390
is_linear=0
shrinkage=0.01


Tree=15
num_leaves=7
num_cat=0
split_feature=10 1 9 8 10 1
split_gain=11632.6 3106.92 2220.44 1218.55 1110.11 842.696
threshold=0.034137739864056486 1.4753420904935914 -0.0090656565656565651 498.42090000000007 0.019955804785169399 1.0404700493063634
decision_type=2 2 2 2 2 2
left_child=1 3 -2 -1 -3 -4
right_child=2 4 5 -5 -6 -7
leaf_value=0.002569289629603011 -0.020249996497488171 0.037338963693989445 -0.015427909233309129 0.034695995229967809 0.018405171490992217 -0.0011861597459079676
leaf_weight=1435 1636 527 549 119 844 1633
leaf_count=1435 1636 527 549 119 844 1633
internal_value=7.83221e-06 0.0149872 -0.0114745 0.00524195 0.0259081 -0.00482804
internal_weight=6743 2925 3818 1554 1371 2182
internal_count=6743 2925 3818 1554 1371 2182
is_linear=0
shrinkage=0.01


Tree=16
num_leaves=7
num_cat=0
split_feature=0 10 10 6 0 16
split_gain=12977.5 3413.84 1663.26 903.178 745.052 511.793
threshold=0.95369835686909454 0.043368949372441984 0.025593909851723873 1.0913296216997865 0.80572152912550832 1.0477024586221126
decision_type=2 2 2 2 2 2
left_child=1 3 -2 5 -3 -1
right_child=2 4 -4 -5 -6 -7
leaf_value=0.00099177261361046553 0.032766938145837129 -0.020456639530799601 0.013341996146767577 0.011014325065273235 -0.0082114677510339452 -0.0093030972869192676
leaf_weight=1132 874 1694 931 550 734 828
leaf_count=1132 874 1694 931 550 734 828
internal_value=8.58533e-06 -0.00837971 0.022882 -0.000188639 -0.0168078 -0.00337736
internal_weight=6743 4938 1805 2510 2428 1960
internal_count=6743 4938 1805 2510 2428 1960
is_linear=0
shrinkage=0.01


Tree=17
num_leaves=7
num_cat=0
split_feature=0 0 9 13 4 1
split_gain=12748.4 2759.58 2134.37 977.429 836.159 713.966
threshold=0.90217773452766048 1.0280059035060518 -0.0079195596947465152 16.265073570448624 0.03980818572333325 1.0884090375031279
decision_type=2 2 2 2 2 2
left_child=2 4 -1 -3 -2 -4
right_child=1 3 5 -5 -6 -7
leaf_value=-0.019813618140548134 0.0041724057148044566 0.017734926856813892 -0.012366831663108466 0.037864180447579526 0.020254531407169995 -0.00099179658395396925
leaf_weight=1665 1184 455 851 600 440 1548
leaf_count=1665 1184 455 851 600 440 1548
internal_value=8.79773e-06 0.0169097 -0.0111441 0.0294403 0.00863304 -0.00506561
internal_weight=6743 2679 4064 1055 1624 2399
internal_count=6743 2679 4064 1055 1624 2399
is_linear=0
shrinkage=0.01


Tree=18
num_leaves=7
num_cat=0
split_feature=0 10 10 0 10 0
split_gain=12498.3 2715.21 2196.25 1027.8 764.394 423.299
threshold=0.90217773452766048 0.022009118257899463 0.051132097672194635 1.0280059035060518 0.028168050531988353 1.0347123671452216
decision_type=2 2 2 2 2 2
left_child=2 5 4 -3 -1 -2
right_child=1 3 -4 -5 -6 -7
leaf_value=0.0048887199431733377 0.022458662121145993 0.0053871641160388416 -0.019672703642722004 0.021199510795839215 -0.0080783975535500454 0.039343517955946025
leaf_weight=603 312 1333 1700 593 1761 441
leaf_count=603 312 1333 1700 593 1761 441
internal_value=9.40356e-06 0.0167437 -0.0110335 0.0103452 -0.00475992 0.0327465
internal_weight=6743 2679 4064 1926 2364 753
internal_count=6743 2679 4064 1926 2364 753
is_linear=0
shrinkage=0.01


Tree=19
num_leaves=7
num_cat=0
split_feature=10 1 9 8 10 13
split_gain=10854.1 2916.38 2058.05 1180.5 1038.16 893.522
threshold=0.034137739864056486 1.4753420904935914 -0.0090656565656565651 498.42090000000007 0.019955804785169399 0.25968510979177462
decision_type=2 2 2 2 2 2
left_child=1 3 -2 -1 -3 -4
right_child=2 4 5 -5 -6 -7
leaf_value=0.0024083810301951157 -0.019529739053114198 0.036115389087200994 -0.01270455907004721 0.034027729052328322 0.017803853649026615 0.00038927745182010671
leaf_weight=1435 1636 527 840 119 844 1342
leaf_count=1435 1636 527 840 119 844 1342
internal_value=1.03095e-05 0.0144798 -0.0110811 0.00503816 0.0250604 -0.00468183
internal_weight=6743 2925 3818 1554 1371 2182
internal_count=6743 2925 3818 1554 1371 2182
is_linear=0
shrinkage=0.01


Tree=20
num_leaves=7
num_cat=0
split_feature=0 10 10 10 0 0
split_gain=12100.6 3105.82 1571.53 1065.78 595.31 434.057
threshold=0.94944277342571182 0.051132097672194635 0.025593909851723873 0.024186181654504809 0.84599194286867541 1.0859033159313536
decision_type=2 2 2 2 2 2
left_child=1 3 -2 -1 -5 -4
right_child=2 -3 5 4 -6 -7
leaf_value=0.01231637341445589 0.031240087092729907 -0.01870379149098492 0.007931694950625871 -0.0089597990341539722 0.00047130950581622907 0.022542793453102568
leaf_weight=427 890 1788 669 1412 1259 298
leaf_count=427 890 1788 669 1412 1259 298
internal_value=1.11025e-05 -0.00824753 0.0216737 -0.00216875 -0.00452545 0.0126293
internal_weight=6743 4886 1857 3098 2671 967
internal_count=6743 4886 1857 3098 2671 967
is_linear=0
shrinkage=0.01


Tree=21
num_leaves=7
num_cat=0
split_feature=0 0 10 4 10 10
split_gain=11866.9 2578.85 2062.68 794.08 762.703 724.011
threshold=0.90217773452766048 1.0280059035060518 0.051132097672194635 0.03980818572333325 0.029067438789956265 0.028168050531988353
decision_type=2 2 2 2 2 2
left_child=2 3 5 -2 -3 -1
right_child=1 4 -4 -5 -6 -7
leaf_value=0.0047220796445911813 0.0039706185594992009 0.034369224443421581 -0.019121167592785992 0.019641522853262722 0.015452194794294855 -0.007897875886744404
leaf_weight=603 1184 712 1700 440 343 1761
leaf_count=603 1184 712 1700 440 343 1761
internal_value=1.17146e-05 0.0163179 -0.0107486 0.00831677 0.0284312 -0.00466828
internal_weight=6743 2679 4064 1624 1055 2364
internal_count=6743 2679 4064 1624 1055 2364
is_linear=0
shrinkage=0.01


Tree=22
num_leaves=7
num_cat=0
split_feature=10 10 9 8 12 16
split_gain=10280.8 2690.59 1951.92 807.947 743.237 611.469
threshold=0.034137739864056486 0.022009118257899463 -0.0090656565656565651 220.44105000000005 2.9727379293480429 0.95731794723447783
decision_type=2 2 2 2 2 2
left_child=1 -1 -2 5 -4 -3
right_child=2 3 4 -5 -6 -7
leaf_value=0.028171734153001411 -0.019010032604873987 0.0084138184193502316 -0.0014717422456798869 0.018893864977107263 -0.015624606008631619 -0.0048442873403212209
leaf_weight=920 1636 1021 1717 468 465 516
leaf_count=920 1636 1021 1717 468 465 516
internal_value=1.23843e-05 0.0140946 -0.0107821 0.00752249 -0.0045499 0.00395381
internal_weight=6743 2925 3818 2005 2182 1537
internal_count=6743 2925 3818 2005 2182 1537
is_linear=0
shrinkage=0.01


Tree=23
num_leaves=7
num_cat=0
split_feature=0 9 10 0 4 1
split_gain=11502.4 3110.31 1430.39 1034.1 494.574 429.861
threshold=0.95551285176406819 -0.0067373737373737363 0.025593909851723873 0.84123416791751593 0.043670562441908721 1.166333093463247
decision_type=2 2 2 2 2 2
left_child=1 -1 -2 5 -5 -3
right_child=2 3 -4 4 -6 -7
leaf_value=-0.017803014745325287 0.030927025757288239 -0.012511911280904755 0.012780016903787769 0.00077314182296260982 0.013691928807306441 -0.0012050511535957582
leaf_weight=1906 867 815 914 1290 376 575
leaf_count=1906 867 815 914 1290 376 575
internal_value=1.2446e-05 -0.00781329 0.021743 -0.00154179 0.00375905 -0.00788377
internal_weight=6743 4962 1781 3056 1666 1390
internal_count=6743 4962 1781 3056 1666 1390
is_linear=0
shrinkage=0.01


Tree=24
num_leaves=7
num_cat=0
split_feature=0 9 13 0 0 4
split_gain=11275.9 3014.46 1344.96 999.298 672.155 500.296
threshold=0.95369835686909454 -0.0067373737373737363 16.265073570448624 0.84123416791751593 1.0526664850764222 0.043670562441908721
decision_type=2 2 2 2 2 2
left_child=1 -1 -2 -3 -4 -5
right_child=2 3 4 5 -6 -7
leaf_value=-0.017625913657792883 0.011828939812911349 -0.0078059861211272489 0.019862010394522952 0.00064543805782795978 0.037466427634971995 0.01371288875966328
leaf_weight=1906 838 1390 462 1270 505 372
leaf_count=1906 838 1390 462 1270 505 372
internal_value=1.27163e-05 -0.00780621 0.0213339 -0.00159234 0.0293552 0.00367705
internal_weight=6743 4938 1805 3032 967 1642
internal_count=6743 4938 1805 3032 967 1642
is_linear=0
shrinkage=0.01


Tree=25
num_leaves=7
num_cat=0
split_feature=0 0 10 13 4 10
split_gain=11060.1 2430.31 1916.94 874.726 744.2 676.913
threshold=0.90217773452766048 1.0280059035060518 0.051132097672194635 16.265073570448624 0.03980818572333325 0.028168050531988353
decision_type=2 2 2 2 2 2
left_child=2 4 5 -3 -2 -1
right_child=1 3 -4 -5 -6 -7
leaf_value=0.0045666984856838197 0.0037818495231665751 0.016453077974448841 -0.018446053971378513 0.035479412651971957 0.018951980613668758 -0.0076356036069045417
leaf_weight=603 1184 455 1700 600 440 1761
leaf_count=603 1184 455 1700 600 440 1761
internal_value=1.34788e-05 0.0157557 -0.0103746 0.0275147 0.00798893 -0.00451275
internal_weight=6743 2679 4064 1055 1624 2364
internal_count=6743 2679 4064 1055 1624 2364
is_linear=0
shrinkage=0.01


Tree=26
num_leaves=7
num_cat=0
split_feature=10 10 9 13 8 16
split_gain=9595.35 2519.98 1805.69 819.776 769.781 585.495
threshold=0.034137739864056486 0.022009118257899463 -0.0094545837246817702 0.25968510979177462 220.44105000000005 0.95731794723447783
decision_type=2 2 2 2 2 2
left_child=1 -1 -2 -4 5 -3
right_child=2 4 3 -5 -6 -7
leaf_value=0.027242459453196734 -0.018443299782835751 0.0081403976652397944 -0.012109624358965563 0.00034368063821464152 0.018357596114047931 -0.0048323076315040028
leaf_weight=920 1609 1021 855 1354 468 516
leaf_count=920 1609 1021 855 1354 468 516
internal_value=1.41607e-05 0.0136189 -0.0104142 -0.00450475 0.0072585 0.00377567
internal_weight=6743 2925 3818 2209 2005 1537
internal_count=6743 2925 3818 2209 2005 1537
is_linear=0
shrinkage=0.01


Tree=27
num_leaves=7
num_cat=0
split_feature=10 1 9 8 10 13
split_gain=9406.37 2611.26 1769.91 1118.07 919.063 803.657
threshold=0.034137739864056486 1.4753420904935914 -0.0094545837246817702 498.42090000000007 0.019955804785169399 0.25968510979177462
decision_type=2 2 2 2 2 2
left_child=1 3 -2 -1 -3 -4
right_child=2 4 5 -5 -6 -7
leaf_value=0.0019948697996996084 -0.018260006020150484 0.033896874641141987 -0.011989928034764064 0.032761722133141158 0.01666883028894952 0.00034026904497978403
leaf_weight=1435 1609 527 855 119 844 1354
leaf_count=1435 1609 527 855 119 844 1354
internal_value=1.42961e-05 0.0134844 -0.0103109 0.00455169 0.0234959 -0.00446019
internal_weight=6743 2925 3818 1554 1371 2209
internal_count=6743 2925 3818 1554 1371 2209
is_linear=0
shrinkage=0.01


Tree=28
num_leaves=7
num_cat=0
split_feature=0 9 10 0 10 4
split_gain=10577.8 2810.3 1311.85 872.746 493.431 439.23
threshold=0.95551285176406819 -0.0042845760303618398 0.025593909851723873 0.81503462678737859 0.069283449343102183 0.089202940296516153
decision_type=2 2 2 2 2 2
left_child=1 4 -2 -3 -1 -5
right_child=2 3 -4 5 -6 -7
leaf_value=-0.011453337075719737 0.029649837074282037 -0.0083928799812493619 0.012269044338314274 0.0016466811656216354 -0.020989960070896742 0.015722129350058903
leaf_weight=1398 867 880 914 1479 953 252
leaf_count=1398 867 880 914 1479 953 252
internal_value=1.50032e-05 -0.00748958 0.020854 -0.000335199 -0.0153959 0.00378007
internal_weight=6743 4962 1781 2611 2351 1731
internal_count=6743 4962 1781 2611 2351 1731
is_linear=0
shrinkage=0.01


Tree=29
num_leaves=7
num_cat=0
split_feature=1 13 2 14 1 8
split_gain=8812.16 2537.06 2142.49 1099.69 807.932 792.393
threshold=1.2893976790125234 16.265073570448624 0.52961400599152586 0.60584244387253006 1.7344127038147858 220.44105000000005
decision_type=2 2 2 2 2 2
left_child=2 3 -1 -2 5 -3
right_child=1 4 -4 -5 -6 -7
leaf_value=-0.00095528301293650074 0.012670546216754277 0.010174078353991367 -0.016200993506716631 -0.0038769647557576042 0.032290791672074201 0.033824145019860918
leaf_weight=1559 795 594 2255 793 563 184
leaf_count=1559 795 594 2255 793 563 184
internal_value=1.51264e-05 0.0130372 -0.00999061 0.0044284 0.023116 0.0161384
internal_weight=6743 2929 3814 1588 1341 778
internal_count=6743 2929 3814 1588 1341 778
is_linear=0
shrinkage=0.01


Tree=30
num_leaves=7
num_cat=0
split_feature=10 1 9 8 10 13
split_gain=8942.83 2476.22 1673.86 1085.74 876.217 769.367
threshold=0.034137739864056486 1.4753420904935914 -0.0094545837246817702 498.42090000000007 0.019955804785169399 0.25968510979177462
decision_type=2 2 2 2 2 2
left_child=1 3 -2 -1 -3 -4
right_child=2 4 5 -5 -6 -7
leaf_value=0.0019315553915583783 -0.017782093615341908 0.033054569822838407 -0.011728841757070747 0.032249921569528509 0.016233743470320555 0.0003352782084170287
leaf_weight=1435 1609 527 855 119 844 1354
leaf_count=1435 1609 527 855 119 844 1354
internal_value=1.59811e-05 0.01315 -0.0100516 0.00445098 0.0228993 -0.00436148
internal_weight=6743 2925 3818 1554 1371 2209
internal_count=6743 2925 3818 1554 1371 2209
is_linear=0
shrinkage=0.01


Tree=31
num_leaves=7
num_cat=0
split_feature=10 1 9 8 10 1
split_gain=8767.7 2427.29 1640.69 1065.89 859.185 729.843
threshold=0.034137739864056486 1.4753420904935914 -0.0094545837246817702 498.42090000000007 0.019955804785169399 1.0404700493063634
decision_type=2 2 2 2 2 2
left_child=1 3 -2 -1 -3 -4
right_child=2 4 5 -5 -6 -7
leaf_value=0.0019123735045236746 -0.017605371082893621 0.032730180042998755 -0.014074770293892933 0.031952422205791919 0.016073306880396012 -0.0009341576608085096
leaf_weight=1435 1609 527 560 119 844 1649
leaf_count=1435 1609 527 560 119 844 1649
internal_value=1.66549e-05 0.0130214 -0.0099518 0.00440872 0.0226739 -0.00431834
internal_weight=6743 2925 3818 1554 1371 2209
internal_count=6743 2925 3818 1554 1371 2209
is_linear=0
shrinkage=0.01


Tree=32
num_leaves=7
num_cat=0
split_feature=0 9 13 1 8 9
split_gain=9955.07 2538.62 1234.22 783.794 644.292 504.099
threshold=0.94944277342571182 -0.0036327482023881786 16.265073570448624 1.0869702371643335 15.423300000000001 -0.016326502276421233
decision_type=2 2 2 2 2 2
left_child=1 5 -2 -3 -4 -1
right_child=2 3 4 -5 -6 -7
leaf_value=-0.019891719811717969 0.010833794458170894 -0.009294698226419847 0.0093875166671936548 0.0034243318746745043 0.031159442330396716 -0.010589089378190197
leaf_weight=1034 876 661 178 1733 803 1458
leaf_count=1034 876 661 178 1733 803 1458
internal_value=1.72295e-05 -0.00747342 0.0196659 -0.000107376 0.0273537 -0.0145171
internal_weight=6743 4886 1857 2394 981 2492
internal_count=6743 4886 1857 2394 981 2492
is_linear=0
shrinkage=0.01


Tree=33
num_leaves=7
num_cat=0
split_feature=0 0 10 13 4 10
split_gain=9763.43 2186.14 1633.98 765.803 667.367 586.209
threshold=0.90217773452766048 1.0280059035060518 0.051132097672194635 16.265073570448624 0.019750290831429932 0.028168050531988353
decision_type=2 2 2 2 2 2
left_child=2 4 5 -3 -2 -1
right_child=1 3 -4 -5 -6 -7
leaf_value=0.0041202952688479937 0.0028624003914516642 0.015598742822705899 -0.01719530219183513 0.033416798679119925 0.01644861385603763 -0.0072353348065635559
leaf_weight=603 1086 455 1700 600 538 1761
leaf_count=603 1086 455 1700 600 538 1761
internal_value=1.72797e-05 0.014808 -0.00974276 0.0259602 0.00744249 -0.00432942
internal_weight=6743 2679 4064 1055 1624 2364
internal_count=6743 2679 4064 1055 1624 2364
is_linear=0
shrinkage=0.01


Tree=34
num_leaves=7
num_cat=0
split_feature=0 9 10 0 10 4
split_gain=9582.46 2520.46 1184.65 767.401 510.981 378.239
threshold=0.95551285176406819 -0.0036327482023881786 0.025593909851723873 0.82227653033394488 0.070196237650822613 0.089202940296516153
decision_type=2 2 2 2 2 2
left_child=1 4 -2 -3 -1 -5
right_child=2 3 -4 5 -6 -7
leaf_value=-0.010559323237094671 0.02821147450660854 -0.0072999860728014511 0.011692484956326918 0.0021053051139133866 -0.020069615554408934 0.015465464469588063
leaf_weight=1573 867 889 914 1325 931 244
leaf_count=1573 867 889 914 1325 931 244
internal_value=1.78476e-05 -0.00712486 0.0198522 7.13626e-05 -0.014165 0.0042741
internal_weight=6743 4962 1781 2458 2504 1569
internal_count=6743 4962 1781 2458 2504 1569
is_linear=0
shrinkage=0.01


Tree=35
num_leaves=7
num_cat=0
split_feature=0 0 9 13 6 16
split_gain=9397.15 2115.19 1479.91 742.46 643.009 538.169
threshold=0.90217773452766048 1.0280059035060518 -0.0079195596947465152 16.265073570448624 1.0829171546620506 1.0477024586221126
decision_type=2 2 2 2 2 2
left_child=2 4 -1 -3 -2 -4
right_child=1 3 5 -5 -6 -7
leaf_value=-0.016777343037907979 0.0033740101098888313 0.015297951129435373 -3.8644061243181985e-05 0.032839594692587244 0.017473671425268469 -0.0095175268851781791
leaf_weight=1665 1184 455 1278 600 440 1121
leaf_count=1665 1184 455 1278 600 440 1121
internal_value=1.79586e-05 0.0145286 -0.00955723 0.0254983 0.00728379 -0.00449319
internal_weight=6743 2679 4064 1055 1624 2399
internal_count=6743 2679 4064 1055 1624 2399
is_linear=0
shrinkage=0.01


Tree=36
num_leaves=7
num_cat=0
split_feature=0 9 10 0 10 6
split_gain=9220.66 2431.14 1145.46 743.711 494.162 370.433
threshold=0.95551285176406819 -0.0036327482023881786 0.025593909851723873 0.81503462678737859 0.070196237650822613 1.1990226546036074
decision_type=2 2 2 2 2 2
left_child=1 4 -2 -3 -1 -5
right_child=2 3 -4 5 -6 -7
leaf_value=-0.010356726739699737 0.027694299466480016 -0.0076434142593171444 0.011451732835027357 0.0019031900306086486 -0.019708864048804283 0.014983666168761354
leaf_weight=1573 867 819 914 1391 931 248
leaf_count=1573 867 819 914 1391 931 248
internal_value=1.84106e-05 -0.00698813 0.0194748 7.93212e-05 -0.0139024 0.00396735
internal_weight=6743 4962 1781 2458 2504 1639
internal_count=6743 4962 1781 2458 2504 1639
is_linear=0
shrinkage=0.01


Tree=37
num_leaves=7
num_cat=0
split_feature=0 0 9 4 1 16
split_gain=9045.54 2046.38 1423.57 624.82 570.477 394.367
threshold=0.90217773452766048 1.0280059035060518 -0.0070275608857537425 0.019750290831429932 1.0884090375031279 4.1400076127623953
decision_type=2 2 2 2 2 2
left_child=2 3 -1 -2 -4 -3
right_child=1 5 4 -5 -6 -7
leaf_value=-0.016055706313056983 0.0026980931592304738 0.0264920584243604 -0.010869234932004611 0.015843359451859097 -0.00042042097909108996 -0.00031731383563992363
leaf_weight=1781 1086 998 799 538 1484 57
leaf_count=1781 1086 998 799 538 1484 57
internal_value=1.84978e-05 0.0142551 -0.00937582 0.0071293 -0.00411309 0.0250448
internal_weight=6743 2679 4064 1624 2283 1055
internal_count=6743 2679 4064 1624 2283 1055
is_linear=0
shrinkage=0.01


Tree=38
num_leaves=7
num_cat=0
split_feature=0 9 10 1 10 6
split_gain=8873.59 2279.11 1158.61 729.507 465.539 438.319
threshold=0.94944277342571182 -0.0036327482023881786 0.022009118257899463 1.0869702371643335 0.070196237650822613 1.1990226546036074
decision_type=2 2 2 2 2 2
left_child=1 4 -2 -3 -1 -5
right_child=2 3 -4 5 -6 -7
leaf_value=-0.010260916642803476 0.029486958355282977 -0.0089377061274587451 0.012681049806917741 0.0010178514000670662 -0.019358173594805121 0.014269023648994935
leaf_weight=1561 636 661 1221 1440 931 293
leaf_count=1561 636 661 1221 1440 931 293
internal_value=1.85405e-05 -0.00705346 0.0185693 -7.39609e-05 -0.0137274 0.00333299
internal_weight=6743 4886 1857 2394 2492 1733
internal_count=6743 4886 1857 2394 2492 1733
is_linear=0
shrinkage=0.01


Tree=39
num_leaves=7
num_cat=0
split_feature=10 1 1 8 4 14
split_gain=7701.86 2050.69 1531.43 1094.46 1057.48 425.226
threshold=0.030029870466207469 1.0661709171926781 1.6445105441399999 498.42090000000007 -0.053317222294344137 0.60584244387253006
decision_type=2 2 2 2 2 2
left_child=2 -2 3 -1 5 -3
right_child=1 4 -4 -5 -6 -7
leaf_value=0.0055382784220528005 -0.015702884630222923 -9.6929081127357985e-05 0.025841302500444557 0.034686151952065272 0.0074395431628766495 -0.0097878343817513827
leaf_weight=1237 1800 740 841 135 824 1166
leaf_count=1237 1800 740 841 135 824 1166
internal_value=1.86349e-05 -0.00744732 0.0152707 0.0086438 -0.001963 -0.00605073
internal_weight=6743 4530 2213 1372 2730 1906
internal_count=6743 4530 2213 1372 2730 1906
is_linear=0
shrinkage=0.01


Tree=40
num_leaves=7
num_cat=0
split_feature=0 0 10 13 4 10
split_gain=8589.07 1954.35 1452.21 704.155 597.268 532.028
threshold=0.90217773452766048 1.0280059035060518 0.051132097672194635 17.877604077128598 0.019750290831429932 0.028168050531988353
decision_type=2 2 2 2 2 2
left_child=2 4 5 -3 -2 -1
right_child=1 3 -4 -5 -6 -7
leaf_value=0.0040168252806893293 0.0025961930607020667 0.015351887406880258 -0.016160813497801515 0.032275818745966911 0.015447978369506661 -0.0068003365737789
leaf_weight=603 1086 503 1700 552 538 1761
leaf_count=603 1086 503 1700 552 538 1761
internal_value=1.91581e-05 0.0138919 -0.00913502 0.0244362 0.00692835 -0.00403163
internal_weight=6743 2679 4064 1055 1624 2364
internal_count=6743 2679 4064 1055 1624 2364
is_linear=0
shrinkage=0.01


Tree=41
num_leaves=7
num_cat=0
split_feature=0 0 10 10 4 0
split_gain=8423.79 2236.12 1064.24 654.774 613.335 350.036
threshold=0.95551285176406819 0.82227653033394488 0.025593909851723873 0.050249116269401366 0.019750290831429932 1.0859033159313536
decision_type=2 2 2 2 2 2
left_child=1 3 -2 -1 -3 -4
right_child=2 4 5 -5 -6 -7
leaf_value=-0.0072056608720993875 0.026538077066513094 -0.0021971317378560694 0.0063796900738009848 -0.017136663366342734 0.009978516110537447 0.019656948418153887
leaf_weight=1233 867 1687 616 1505 537 298
leaf_count=1233 867 1687 616 1505 537 298
internal_value=1.96881e-05 -0.00667719 0.0186164 -0.0127106 0.000769792 0.0108853
internal_weight=6743 4962 1781 2738 2224 914
internal_count=6743 4962 1781 2738 2224 914
is_linear=0
shrinkage=0.01


Tree=42
num_leaves=7
num_cat=0
split_feature=10 10 10 4 16 12
split_gain=7307.21 1885.98 1310.51 614.288 465.526 362.382
threshold=0.030029870466207469 0.051132097672194635 0.021234974916484069 -0.035038078728199758 3.9907509541349477 2.9727379293480429
decision_type=2 2 2 2 2 2
left_child=2 3 -1 -2 -4 -3
right_child=1 5 4 -5 -6 -7
leaf_value=0.0250554226523317 -0.0049391419835809278 -0.010222804444138487 0.011185107038166473 0.0055314984969120828 -0.0055849885495053118 -0.019301208526974548
leaf_weight=800 1882 910 1229 786 184 952
leaf_count=800 1882 910 1229 786 184 952
internal_value=2.00245e-05 -0.0072521 0.0148762 -0.00184159 0.00897039 -0.014948
internal_weight=6743 4530 2213 2668 1413 1862
internal_count=6743 4530 2213 2668 1413 1862
is_linear=0
shrinkage=0.01


Tree=43
num_leaves=7
num_cat=0
split_feature=1 2 13 1 1 9
split_gain=7081.32 2170.68 1531.16 638.739 463.417 432.474
threshold=1.399950018062023 0.57907027045066606 16.265073570448624 1.043160096093547 1.1621240419276189 -0.0038950677784155125
decision_type=2 2 2 2 2 2
left_child=1 3 5 -1 -3 -2
right_child=2 4 -4 -5 -6 -7
leaf_value=-0.0087424419740287293 -0.0038961354539088617 -0.017137132938828254 0.022978160323031589 0.0032045979544410709 -0.0074717628222409705 0.010008643308423826
leaf_weight=608 298 1528 1096 1612 775 826
leaf_count=608 298 1528 1096 1612 775 826
internal_value=1.98202e-05 -0.00715579 0.0146103 -8.74311e-05 -0.0139353 0.00631148
internal_weight=6743 4523 2220 2220 2303 1124
internal_count=6743 4523 2220 2220 2303 1124
is_linear=0
shrinkage=0.01


Tree=44
num_leaves=7
num_cat=0
split_feature=1 2 13 14 1 1
split_gain=6941.68 2127.75 1500.95 627.022 626.199 454.181
threshold=1.399950018062023 0.57907027045066606 16.265073570448624 0.60584244387253006 1.043160096093547 1.1621240419276189
decision_type=2 2 2 2 2 2
left_child=1 4 3 -2 -1 -3
right_child=2 5 -4 -5 -6 -7
leaf_value=-0.0086564322097700177 0.012987349837477265 -0.016966875844916043 0.022750456484744521 -0.0019097192912950626 0.003172749582177537 -0.0073979970252580334
leaf_weight=608 613 1528 1096 511 1612 775
leaf_count=608 613 1528 1096 511 1612 775
internal_value=1.95768e-05 -0.00708492 0.0144655 0.00624881 -8.67602e-05 -0.013797
internal_weight=6743 4523 2220 1124 2220 2303
internal_count=6743 4523 2220 1124 2220 2303
is_linear=0
shrinkage=0.01


Tree=45
num_leaves=7
num_cat=0
split_feature=0 0 13 8 10 4
split_gain=7941.39 2077.85 999.124 603.662 600.269 577.731
threshold=0.95551285176406819 0.82227653033394488 16.265073570448624 15.423300000000001 0.050249116269401366 0.043670562441908721
decision_type=2 2 2 2 2 2
left_child=1 4 -2 -4 -1 -3
right_child=2 5 3 -5 -6 -7
leaf_value=-0.0070254747235618557 0.0098334664541709482 -0.0017588389977685724 0.0075154896222482453 0.028758301873056766 -0.016537562693478062 0.011178302434737632
leaf_weight=1233 827 1808 173 781 1505 416
leaf_count=1233 827 1808 173 781 1505 416
internal_value=1.94103e-05 -0.00648284 0.0180758 0.0250344 -0.0122988 0.000695787
internal_weight=6743 4962 1781 954 2738 2224
internal_count=6743 4962 1781 954 2738 2224
is_linear=0
shrinkage=0.01


Tree=46
num_leaves=7
num_cat=0
split_feature=0 9 10 1 10 0
split_gain=7785.27 2042.15 980.024 642.93 421.134 338.926
threshold=0.95551285176406819 -0.0036327482023881786 0.025593909851723873 1.0869702371643335 0.073220280486056707 1.0859033159313536
decision_type=2 2 2 2 2 2
left_child=1 4 -2 -3 -1 -4
right_child=2 3 5 -5 -6 -7
leaf_value=-0.0096784720987131787 0.025500169199480682 -0.0082621822140765966 0.0060493365763721928 0.003179206287964721 -0.018467118260187789 0.0191048799901475
leaf_weight=1646 867 665 616 1793 858 298
leaf_count=1646 867 665 616 1793 858 298
internal_value=1.96896e-05 -0.00641832 0.0178977 5.88071e-05 -0.0127554 0.0104775
internal_weight=6743 4962 1781 2458 2504 914
internal_count=6743 4962 1781 2458 2504 914
is_linear=0
shrinkage=0.01


Tree=47
num_leaves=7
num_cat=0
split_feature=10 9 8 13 10 4
split_gain=6737.38 1750.81 1321.35 864.985 828.648 476.748
threshold=0.030029870466207469 -0.0090656565656565651 498.42090000000007 0.25968510979177462 0.021234974916484069 -0.035038078728199758
decision_type=2 2 2 2 2 2
left_child=2 -2 4 -3 -1 -5
right_child=1 3 -4 5 -6 -7
leaf_value=0.02037976827465161 -0.015191717492857297 -0.0097890043573209337 0.033258293961004923 -0.0018588850382740281 0.0063270893073705953 0.0086893195637335729
leaf_weight=629 1638 991 308 1266 1276 635
leaf_count=629 1638 991 308 1266 1276 635
internal_value=1.97507e-05 -0.00696301 0.014285 -0.00226262 0.0110545 0.00168638
internal_weight=6743 4530 2213 2892 1905 1901
internal_count=6743 4530 2213 2892 1905 1901
is_linear=0
shrinkage=0.01


Tree=48
num_leaves=7
num_cat=0
split_feature=0 0 1 4 13 4
split_gain=7546.39 1760.69 1159.84 658.923 630.219 525.916
threshold=0.90217773452766048 1.0280059035060518 1.0290370712778418 -0.068568991809100324 17.877604077128598 0.019750290831429932
decision_type=2 2 2 2 2 2
left_child=2 5 -1 -4 -3 -2
right_child=1 4 3 -5 -6 -7
leaf_value=-0.015380752034895086 0.0023503586724969851 0.014438587705931285 -0.0082125977620422404 0.0023573391726805105 0.030447472006105737 0.014409527674157608
leaf_weight=1539 1086 503 1603 922 552 538
leaf_count=1539 1086 503 1603 922 552 538
internal_value=2.01724e-05 0.0130238 -0.0085603 -0.00435498 0.0230314 0.00641519
internal_weight=6743 2679 4064 2525 1055 1624
internal_count=6743 2679 4064 2525 1055 1624
is_linear=0
shrinkage=0.01


Tree=49
num_leaves=7
num_cat=0
split_feature=10 10 8 6 4 8
split_gain=6507.47 1671.63 1285 800.504 555.385 393.175
threshold=0.030029870466207469 0.051132097672194635 498.42090000000007 1.1990226546036074 -0.035038078728199758 36.914400000000008
decision_type=2 2 2 2 2 2
left_child=2 4 3 5 -2 -1
right_child=1 -3 -4 -5 -6 -7
leaf_value=-0.00067632651856639294 -0.0046933136015291053 -0.014087458147620585 0.032750314646078353 0.019902824787140037 0.0052625085215081916 0.010647388190457404
leaf_weight=505 1882 1862 308 640 786 760
leaf_count=505 1882 1862 308 640 786 760
internal_value=2.05987e-05 -0.00684196 0.0140403 0.0108548 -0.00174787 0.00614916
internal_weight=6743 4530 2213 1905 2668 1265
internal_count=6743 4530 2213 1905 2668 1265
is_linear=0
shrinkage=0.01


Tree=50
num_leaves=7
num_cat=0
split_feature=10 10 12 9 8 8
split_gain=6384.16 1742.03 1256.61 770.627 616.232 479.163
threshold=0.034137739864056486 0.022009118257899463 2.9727379293480429 -0.0038950677784155125 498.42090000000007 27.407250000000005
decision_type=2 2 2 2 2 2
left_child=1 5 3 -2 -3 -1
right_child=2 4 -4 -5 -6 -7
leaf_value=0.0088449989112057113 -0.009232888165445886 0.00407272178701367 -0.016659211645858481 0.0017843174518319827 0.023577321951366002 0.026446584616872632
leaf_weight=217 1447 1836 1253 1118 169 703
leaf_count=217 1447 1836 1253 1118 169 703
internal_value=2.11199e-05 0.0111185 -0.0084849 -0.00443868 0.00583056 0.0224454
internal_weight=6743 2925 3818 2565 2005 920
internal_count=6743 2925 3818 2565 2005 920
is_linear=0
shrinkage=0.01


Tree=51
num_leaves=7
num_cat=0
split_feature=0 0 4 10 10 8
split_gain=7221 2266.44 661.215 660.119 525.614 367.531
threshold=0.98193751457940792 0.82227653033394488 0.019750290831429932 0.030029870466207469 0.050249116269401366 498.42090000000007
decision_type=2 2 2 2 2 2
left_child=1 4 -3 5 -1 -2
right_child=3 2 -4 -5 -6 -7
leaf_value=-0.0067937914871890317 0.020205404666067774 -0.0016121037580693763 0.010047643661376369 0.0094187684030616423 -0.015700589773939806 0.035298406238034367
leaf_weight=1233 761 1895 643 466 1505 240
leaf_count=1233 761 1895 643 466 1505 240
internal_value=2.15133e-05 -0.00543909 0.0013658 0.019571 -0.0117326 0.0241473
internal_weight=6743 5276 2538 1467 2738 1001
internal_count=6743 5276 2538 1467 2738 1001
is_linear=0
shrinkage=0.01


Tree=52
num_leaves=7
num_cat=0
split_feature=10 1 1 4 1 15
split_gain=6159.51 1693.48 1298.28 873.756 355.866 335.516
threshold=0.030029870466207469 1.0661709171926781 1.6698155001955797 -0.053317222294344137 2.0144790232263463 1.983349228281988
decision_type=2 2 2 2 2 2
left_child=2 -2 -1 4 5 -3
right_child=1 3 -4 -5 -6 -7
leaf_value=0.0078300227572199056 -0.014156579642040779 -0.00096661616995973433 0.023844717762009322 0.0068750411657043081 0.011063709945207643 -0.0098833059443352994
leaf_weight=1419 1800 687 794 824 114 1105
leaf_count=1419 1800 687 794 824 114 1105
internal_value=2.20514e-05 -0.00665448 0.0136618 -0.00167078 -0.00538712 -0.00649479
internal_weight=6743 4530 2213 2730 1906 1792
internal_count=6743 4530 2213 2730 1906 1792
is_linear=0
shrinkage=0.01


Tree=53
num_leaves=7
num_cat=0
split_feature=0 0 13 8 4 13
split_gain=6986.81 1826.48 884.87 561.428 510.127 489.403
threshold=0.95551285176406819 0.82227653033394488 16.265073570448624 15.423300000000001 0.043670562441908721 1.4438087428189907
decision_type=2 2 2 2 2 2
left_child=1 5 -2 -4 -3 -1
right_child=2 4 3 -5 -6 -7
leaf_value=-0.014400848335152729 0.009201871098765798 -0.0016527771322393217 0.0066580021071955152 0.027095689741033928 0.010503802510599297 -0.0052071542109628881
leaf_weight=1873 827 1808 173 781 416 865
leaf_count=1873 827 1808 173 781 416 865
internal_value=2.21953e-05 -0.00607667 0.0169587 0.0235074 0.000653479 -0.0115295
internal_weight=6743 4962 1781 954 2224 2738
internal_count=6743 4962 1781 954 2224 2738
is_linear=0
shrinkage=0.01


Tree=54
num_leaves=7
num_cat=0
split_feature=1 10 10 16 9 12
split_gain=5968.83 1688.29 1377.15 609.071 563.247 448.174
threshold=1.399950018062023 0.043368949372441984 0.022009118257899463 1.0477024586221126 -0.0015106828446917358 0.40974298840601092
decision_type=2 2 2 2 2 2
left_child=1 3 -2 -1 -4 -3
right_child=2 5 4 -5 -6 -7
leaf_value=0.0038456929790780577 0.024443225008389229 -0.0070461383077260499 0.00019368778570529068 -0.0068528156519927289 0.012772190720362951 -0.016168903614333846
leaf_weight=1355 744 931 597 862 879 1375
leaf_count=1355 744 931 597 862 879 1375
internal_value=2.24501e-05 -0.00656533 0.013418 -0.000321636 0.00772681 -0.0125364
internal_weight=6743 4523 2220 2217 1476 2306
internal_count=6743 4523 2220 2217 1476 2306
is_linear=0
shrinkage=0.01


Tree=55
num_leaves=7
num_cat=0
split_feature=0 0 13 4 14 8
split_gain=6768.02 2105.38 753.689 617.84 490.787 412.233
threshold=0.98193751457940792 0.82227653033394488 16.265073570448624 0.019750290831429932 2.6190311519793492 15.423300000000001
decision_type=2 2 2 2 2 2
left_child=1 4 -2 -3 -1 -4
right_child=2 3 5 -5 -6 -7
leaf_value=-0.0087133301151559733 0.010594810913061359 -0.0015838562866386876 0.0083610347216017539 0.0096868743824898764 -0.018416545545827553 0.028426335291902586
leaf_weight=2017 646 1895 134 643 721 687
leaf_count=2017 646 1895 134 643 721 687
internal_value=2.23913e-05 -0.00526412 0.0189488 0.00129446 -0.0113298 0.0253034
internal_weight=6743 5276 1467 2538 2738 821
internal_count=6743 5276 1467 2538 2738 821
is_linear=0
shrinkage=0.01


Tree=56
num_leaves=7
num_cat=0
split_feature=0 0 1 4 13 4
split_gain=6641.69 1579.22 1033.27 571.455 547.582 469.718
threshold=0.90217773452766048 1.0347123671452216 1.0290370712778418 -0.068568991809100324 16.265073570448624 0.019750290831429932
decision_type=2 2 2 2 2 2
left_child=2 5 -1 -4 -3 -2
right_child=1 4 3 -5 -6 -7
leaf_value=-0.014464576209115503 0.0023619245398553276 0.013124836198609706 -0.0076503821789532132 0.0021925721484245915 0.028553846055160054 0.01354851628904789
leaf_weight=1539 1109 436 1603 922 570 564
leaf_count=1539 1109 436 1603 922 570 564
internal_value=2.25873e-05 0.0122219 -0.00802705 -0.00405783 0.0220718 0.00619717
internal_weight=6743 2679 4064 2525 1006 1673
internal_count=6743 2679 4064 2525 1006 1673
is_linear=0
shrinkage=0.01


Tree=57
num_leaves=7
num_cat=0
split_feature=0 0 13 4 10 14
split_gain=6514.7 2030.12 726.051 594.734 481.167 316.453
threshold=0.98193751457940792 0.82227653033394488 16.265073570448624 0.019750290831429932 0.039153429752138071 0.7062270558660152
decision_type=2 2 2 2 2 2
left_child=1 4 5 -3 -1 -2
right_child=2 3 -4 -5 -6 -7
leaf_value=-0.003943423951999446 0.014033917821057647 -0.0015473676460961326 0.024828925958143101 0.0095105635510739032 -0.013595918361408178 -0.0026506471784094611
leaf_weight=710 505 1895 821 643 2028 141
leaf_count=710 505 1895 821 643 2028 141
internal_value=2.29488e-05 -0.00516366 0.0185918 0.00127656 -0.01112 0.0103921
internal_weight=6743 5276 1467 2538 2738 646
internal_count=6743 5276 1467 2538 2738 646
is_linear=0
shrinkage=0.01


Tree=58
num_leaves=7
num_cat=0
split_feature=10 1 1 13 4 16
split_gain=5587.5 1726.61 1048.14 874.03 525.076 367.304
threshold=0.028168050531988353 1.0661709171926781 1.6698155001955797 0.25968510979177462 -0.035038078728199758 3.4365617454661987
decision_type=2 2 2 2 2 2
left_child=2 -2 5 -3 -5 -1
right_child=1 3 -4 4 -6 -7
leaf_value=0.010660067632992343 -0.013353792702455434 -0.0082218296589007551 0.02363551751286723 -0.00055489118475769597 0.010660388333883233 -0.0049294838061145537
leaf_weight=1025 1834 1070 740 1301 603 170
leaf_count=1025 1834 1070 740 1301 603 170
internal_value=2.30841e-05 -0.00575065 0.0143303 -0.00102956 0.00302892 0.0084115
internal_weight=6743 4808 1935 2974 1904 1195
internal_count=6743 4808 1935 2974 1904 1195
is_linear=0
shrinkage=0.01


Tree=59
num_leaves=7
num_cat=0
split_feature=0 0 10 13 4 12
split_gain=6305.26 1506.37 1026.41 519.995 442.692 395.854
threshold=0.90217773452766048 1.0347123671452216 0.040017781839351861 16.265073570448624 0.019750290831429932 2.9727379293480429
decision_type=2 2 2 2 2 2
left_child=2 4 -1 -3 -2 -4
right_child=1 3 5 -5 -6 -7
leaf_value=-0.0013645683925794137 0.002301657923661219 0.012808807094752656 -0.0081435913648811916 0.02784678899850054 0.013162248181154322 -0.016257335488055202
leaf_weight=1540 1109 436 1424 570 564 1100
leaf_count=1540 1109 436 1424 570 564 1100
internal_value=2.30887e-05 0.0119095 -0.00781999 0.0215294 0.00602536 -0.0117338
internal_weight=6743 2679 4064 1006 1673 2524
internal_count=6743 2679 4064 1006 1673 2524
is_linear=0
shrinkage=0.01


Tree=60
num_leaves=7
num_cat=0
split_feature=1 2 10 5 8 1
split_gain=5417.42 1685.61 1245.26 518.759 511.493 449.246
threshold=1.399950018062023 0.52961400599152586 0.022009118257899463 0.19398017230562253 220.44105000000005 1.1155004638066539
decision_type=2 2 2 2 2 2
left_child=1 4 -2 -4 -1 -3
right_child=2 5 3 -5 -6 -7
leaf_value=-0.0013090791310875858 0.023269643252826634 -0.014973014890043768 0.019696485617742156 0.0044785674626793195 0.012867710087880098 -0.0064914125085841603
leaf_weight=1606 744 1515 269 1207 292 1110
leaf_count=1606 744 1515 269 1207 292 1110
internal_value=2.33073e-05 -0.00625274 0.0127852 0.00737264 0.000922734 -0.0114286
internal_weight=6743 4523 2220 1476 1898 2625
internal_count=6743 4523 2220 1476 1898 2625
is_linear=0
shrinkage=0.01


Tree=61
num_leaves=7
num_cat=0
split_feature=0 0 13 4 14 8
split_gain=6100.25 1895.4 678.713 556.535 458.634 397.924
threshold=0.98193751457940792 0.82227653033394488 16.265073570448624 0.043670562441908721 2.6190311519793492 15.423300000000001
decision_type=2 2 2 2 2 2
left_child=1 4 -2 -3 -1 -4
right_child=2 3 5 -5 -6 -7
leaf_value=-0.0082228838441205186 0.01006296482013124 -0.001117898168942611 0.0074597841726952345 0.010504793310806129 -0.017598865784133916 0.027085927094585412
leaf_weight=2017 646 2032 134 506 721 687
leaf_count=2017 646 2032 134 506 721 687
internal_value=2.36301e-05 -0.00499524 0.0179921 0.00122752 -0.0107506 0.024023
internal_weight=6743 5276 1467 2538 2738 821
internal_count=6743 5276 1467 2538 2738 821
is_linear=0
shrinkage=0.01


Tree=62
num_leaves=7
num_cat=0
split_feature=0 9 0 16 8 14
split_gain=5982.72 1529.28 811.373 521.461 411.109 341.683
threshold=0.94944277342571182 -0.0036327482023881786 1.0903860702151775 1.0477024586221126 27.407250000000005 3.4221008874193406
decision_type=2 2 2 2 2 2
left_child=1 5 4 -3 -2 -1
right_child=2 3 -4 -5 -6 -7
leaf_value=-0.0091229025640238177 0.00088459861674673962 0.0036041550194778173 0.024073403479074013 -0.0059499669708597581 0.013873545590322466 -0.018030899548617037
leaf_weight=1916 345 1476 666 918 846 576
leaf_count=1916 345 1476 666 918 846 576
internal_value=2.3811e-05 -0.0057828 0.0152562 -6.48066e-05 0.010158 -0.0112497
internal_weight=6743 4886 1857 2394 1191 2492
internal_count=6743 4886 1857 2394 1191 2492
is_linear=0
shrinkage=0.01


Tree=63
num_leaves=7
num_cat=0
split_feature=0 0 10 10 10 14
split_gain=5878.59 1815.17 738.621 554.993 401.93 273.218
threshold=0.8706410786746549 1.0280059035060518 0.040017781839351861 0.024186181654504809 0.029067438789956265 2.6415040341048548
decision_type=2 2 2 2 2 2
left_child=2 3 -1 -2 -3 -4
right_child=1 4 5 -5 -6 -7
leaf_value=-0.0024175616607268191 0.013641361174742897 0.024755151171538429 -0.009779535723124122 0.0016910588062059363 0.011018232098449465 -0.017395500544241924
leaf_weight=1174 498 712 1623 1681 343 712
leaf_count=1174 498 712 1623 1681 343 712
internal_value=2.37111e-05 0.00973553 -0.00892638 0.00447665 0.0204438 -0.0121704
internal_weight=6743 3234 3509 2179 1055 2335
internal_count=6743 3234 3509 2179 1055 2335
is_linear=0
shrinkage=0.01


Tree=64
num_leaves=7
num_cat=0
split_feature=10 1 8 1 13 9
split_gain=5074.02 1570.36 1002.15 957.668 807.315 473.35
threshold=0.028168050531988353 1.0661709171926781 498.42090000000007 1.7140332793741309 0.25968510979177462 -0.0015106828446917358
decision_type=2 2 2 2 2 2
left_child=2 -2 3 -1 -3 -6
right_child=1 4 -4 -5 5 -7
leaf_value=0.0051118244945115862 -0.012729166274604442 -0.0078881028511526962 0.030989977300438717 0.021238221020442757 -0.0017952930567447433 0.0081411069752587214
leaf_weight=1106 1834 1070 278 551 1002 902
leaf_count=1106 1834 1070 278 551 1002 902
internal_value=2.37925e-05 -0.00547818 0.0136579 0.0105755 -0.000975636 0.00292469
internal_weight=6743 4808 1935 1657 2974 1904
internal_count=6743 4808 1935 1657 2974 1904
is_linear=0
shrinkage=0.01


Tree=65
num_leaves=7
num_cat=0
split_feature=0 0 1 6 13 4
split_gain=5685.41 1361.78 904.75 504.888 481.759 408.659
threshold=0.90217773452766048 1.0347123671452216 1.0290370712778418 0.87250871792575069 16.265073570448624 0.019750290831429932
decision_type=2 2 2 2 2 2
left_child=2 5 -1 -4 -3 -2
right_child=1 4 3 -5 -6 -7
leaf_value=-0.013447102874756737 0.002139097806590612 0.012073956681509406 -0.0070749791297531296 0.0021844413835970045 0.026535100981577076 0.012573204541462069
leaf_weight=1539 1109 436 1607 918 570 564
leaf_count=1539 1109 436 1607 918 570 564
internal_value=2.41924e-05 0.0113113 -0.00742333 -0.0037093 0.020458 0.00571638
internal_weight=6743 2679 4064 2525 1006 1673
internal_count=6743 2679 4064 2525 1006 1673
is_linear=0
shrinkage=0.01


Tree=66
num_leaves=7
num_cat=0
split_feature=0 0 12 6 13 8
split_gain=5577.59 1718.99 647.961 507.82 490.135 257.724
threshold=0.8706410786746549 1.0280059035060518 0.40974298840601092 1.0711707379654667 17.877604077128598 36.914400000000008
decision_type=2 2 2 2 2 2
left_child=2 3 -1 5 -3 -2
right_child=1 4 -4 -5 -6 -7
leaf_value=-0.0044147574135020694 -0.0032092157976228793 0.012338507018935027 -0.013046771259797895 0.012244689072663554 0.026440358502919592 0.0048657566694599395
leaf_weight=1781 682 503 1728 586 552 911
leaf_count=1781 682 503 1728 586 552 911
internal_value=2.44981e-05 0.00948445 -0.00869341 0.00436657 0.0199053 0.00140398
internal_weight=6743 3234 3509 2179 1055 1593
internal_count=6743 3234 3509 2179 1055 1593
is_linear=0
shrinkage=0.01


Tree=67
num_leaves=7
num_cat=0
split_feature=0 0 13 4 14 8
split_gain=5474.17 1714.82 628.51 514.65 422.694 379.14
threshold=0.98193751457940792 0.82227653033394488 16.265073570448624 0.043670562441908721 2.6190311519793492 15.423300000000001
decision_type=2 2 2 2 2 2
left_child=1 4 -2 -3 -1 -4
right_child=2 3 5 -5 -6 -7
leaf_value=-0.0077779814419110908 0.0094223322932124043 -0.0010661348789054892 0.0067370684644750631 0.010110550690742175 -0.016777240207008558 0.025833930692983217
leaf_weight=2017 646 2032 134 506 721 687
leaf_count=2017 646 2032 134 506 721 687
internal_value=2.47747e-05 -0.0047295 0.0170463 0.00118917 -0.0102038 0.0228476
internal_weight=6743 5276 1467 2538 2738 821
internal_count=6743 5276 1467 2538 2738 821
is_linear=0
shrinkage=0.01


Tree=68
num_leaves=7
num_cat=0
split_feature=0 0 9 13 4 16
split_gain=5370.87 1288.24 839.437 423.127 406.288 384.042
threshold=0.90217773452766048 1.0415281094270885 -0.0079195596947465152 16.265073570448624 0.019750290831429932 1.0477024586221126
decision_type=2 2 2 2 2 2
left_child=2 4 -1 -3 -2 -4
right_child=1 3 5 -5 -6 -7
leaf_value=-0.012651967438340966 0.0022107802497052208 0.012092256128939913 0.00034777141322496762 0.026044515145690474 0.012452824418857585 -0.007642930420342039
leaf_weight=1665 1135 413 1278 546 585 1121
leaf_count=1665 1135 413 1278 546 585 1121
internal_value=2.49191e-05 0.0109954 -0.00721362 0.020233 0.00575189 -0.00339818
internal_weight=6743 2679 4064 959 1720 2399
internal_count=6743 2679 4064 959 1720 2399
is_linear=0
shrinkage=0.01


Tree=69
num_leaves=7
num_cat=0
split_feature=0 0 10 10 13 12
split_gain=5273.58 1623.71 680.556 515.03 464.032 253.525
threshold=0.8706410786746549 1.0280059035060518 0.040017781839351861 0.024186181654504809 17.877604077128598 2.9727379293480429
decision_type=2 2 2 2 2 2
left_child=2 3 -1 -2 -3 -4
right_child=1 4 5 -5 -6 -7
leaf_value=-0.0022049306567692543 0.013077933155916866 0.011988864950000603 -0.0083713685773223519 0.0015663036828912136 0.02571058270342489 -0.01515097708879235
leaf_weight=1174 498 503 1254 1681 552 1081
leaf_count=1174 498 503 1254 1681 552 1081
internal_value=2.5186e-05 0.00922375 -0.00845177 0.00424952 0.0193518 -0.0115655
internal_weight=6743 3234 3509 2179 1055 2335
internal_count=6743 3234 3509 2179 1055 2335
is_linear=0
shrinkage=0.01


Tree=70
num_leaves=7
num_cat=0
split_feature=0 9 16 8 8 9
split_gain=5173.2 1633.01 582.339 444.678 352.757 324.881
threshold=0.98193751457940792 -0.0036327482023881786 1.0477024586221126 25.715700000000002 24.653250000000003 -0.016326502276421233
decision_type=2 2 2 2 2 2
left_child=1 5 4 -2 -3 -1
right_child=3 2 -4 -5 -6 -7
leaf_value=-0.014653873206085187 0.0058064110370798592 -0.00093520874343672579 -0.0052740433865905391 0.019455803652695412 0.0081493323976517609 -0.0072789116620322024
leaf_weight=1039 317 739 996 1150 992 1510
leaf_count=1039 317 739 996 1150 992 1510
internal_value=2.53283e-05 -0.00459637 0.000781685 0.0165724 0.00428211 -0.0103345
internal_weight=6743 5276 2727 1467 1731 2549
internal_count=6743 5276 2727 1467 1731 2549
is_linear=0
shrinkage=0.01


Tree=71
num_leaves=7
num_cat=0
split_feature=0 0 10 10 10 14
split_gain=5085.52 1563.17 656.288 499.986 364.473 250.466
threshold=0.8706410786746549 1.0280059035060518 0.040017781839351861 0.024186181654504809 0.029067438789956265 2.6415040341048548
decision_type=2 2 2 2 2 2
left_child=2 3 -1 -2 -3 -4
right_child=1 4 5 -5 -6 -7
leaf_value=-0.0021646513853158613 0.012875960654263774 0.023096115398404532 -0.0090716503999902186 0.0015336748068378568 0.010042518557078354 -0.016354883321647345
leaf_weight=1174 498 712 1623 1681 343 712
leaf_count=1174 498 712 1623 1681 343 712
internal_value=2.51234e-05 0.00905821 -0.00829928 0.00417745 0.0189957 -0.011357
internal_weight=6743 3234 3509 2179 1055 2335
internal_count=6743 3234 3509 2179 1055 2335
is_linear=0
shrinkage=0.01


Tree=72
num_leaves=7
num_cat=0
split_feature=0 0 10 10 13 14
split_gain=4985.71 1532.57 643.345 490.242 452.35 247.766
threshold=0.8706410786746549 1.0280059035060518 0.040017781839351861 0.024186181654504809 17.877604077128598 0.71325290491483773
decision_type=2 2 2 2 2 2
left_child=2 3 -1 -2 5 -3
right_child=1 4 -4 -5 -6 -7
leaf_value=-0.0021431876910611284 0.012749735723477863 0.014724870706875535 -0.011244584706472308 0.00151842874358477 0.025082424530573851 -0.0032946783086589097
leaf_weight=1174 498 415 2335 1681 552 88
leaf_count=1174 498 415 2335 1681 552 88
internal_value=2.51677e-05 0.00896919 -0.00821713 0.00413638 0.0188089 0.0115501
internal_weight=6743 3234 3509 2179 1055 503
internal_count=6743 3234 3509 2179 1055 503
is_linear=0
shrinkage=0.01


Tree=73
num_leaves=7
num_cat=0
split_feature=1 16 10 6 5 14
split_gain=4407.42 1274.67 1013.3 553.243 441.369 295.219
threshold=1.399950018062023 1.0477024586221126 0.022009118257899463 0.87250871792575069 0.19398017230562253 2.6415040341048548
decision_type=2 2 2 2 2 2
left_child=1 3 -2 -1 -4 -3
right_child=2 5 4 -5 -6 -7
leaf_value=-0.0048858997384938581 0.020994863399787404 -0.0079486450356021886 0.018019458367455898 0.0052555849127559184 0.0039843953527367061 -0.015441640692141052
leaf_weight=1110 744 1549 269 1025 1207 839
leaf_count=1110 744 1549 269 1025 1207 839
internal_value=2.54697e-05 -0.00563525 0.0115366 -1.05722e-05 0.00665305 -0.0106388
internal_weight=6743 4523 2220 2135 1476 2388
internal_count=6743 4523 2220 2135 1476 2388
is_linear=0
shrinkage=0.01


Tree=74
num_leaves=7
num_cat=0
split_feature=0 9 0 13 8 8
split_gain=4824.49 1272.97 692.26 449.831 373.558 294.495
threshold=0.94944277342571182 -0.0036327482023881786 1.0903860702151775 0.25968510979177462 27.407250000000005 24.653250000000003
decision_type=2 2 2 2 2 2
left_child=1 -1 4 -3 -2 -5
right_child=2 3 -4 5 -6 -7
leaf_value=-0.010176471548729955 0.0001803351619713743 -0.0067718496730451152 0.021844940042087379 -0.0017255254146177909 0.012540749499815568 0.0065571128154142642
leaf_weight=2492 345 684 666 784 846 926
leaf_count=2492 345 684 666 784 846 926
internal_value=2.55109e-05 -0.00518869 0.0137044 1.98531e-05 0.00899992 0.00276592
internal_weight=6743 4886 1857 2394 1191 1710
internal_count=6743 4886 1857 2394 1191 1710
is_linear=0
shrinkage=0.01


Tree=75
num_leaves=7
num_cat=0
split_feature=9 13 8 6 9 8
split_gain=3988.26 1461.21 1144.77 714.223 414.81 334.619
threshold=-0.0033226845154038973 0.25968510979177462 220.44105000000005 1.2200724688705546 -0.016004943307199277 25.272900000000003
decision_type=2 2 2 2 2 2
left_child=4 -2 3 5 -1 -3
right_child=1 2 -4 -5 -6 -7
leaf_value=-0.013982366158710931 -0.0056411124991001147 -0.0019644394515980841 0.019763961951607865 0.016019337813865123 -0.0059940428469388218 0.0066524081298645534
leaf_weight=1066 785 787 806 534 1736 1029
leaf_count=1066 785 787 806 534 1736 1029
internal_value=2.55882e-05 0.00650555 0.00953825 0.00595793 -0.00907561 0.00292234
internal_weight=6743 3941 3156 2350 2802 1816
internal_count=6743 3941 3156 2350 2802 1816
is_linear=0
shrinkage=0.01


Tree=76
num_leaves=7
num_cat=0
split_feature=9 13 8 6 9 8
split_gain=3909.72 1432.53 1122.22 700.295 406.636 328.034
threshold=-0.0033226845154038973 0.25968510979177462 220.44105000000005 1.2200724688705546 -0.016004943307199277 25.272900000000003
decision_type=2 2 2 2 2 2
left_child=4 -2 3 5 -1 -3
right_child=1 2 -4 -5 -6 -7
leaf_value=-0.013843841987058736 -0.0055854109061344486 -0.0019450415399903025 0.019568744442749805 0.01586208927886807 -0.0059344457444180931 0.0065865242827497237
leaf_weight=1066 785 787 806 534 1736 1029
leaf_count=1066 785 787 806 534 1736 1029
internal_value=2.55227e-05 0.00644137 0.00944418 0.00589923 -0.0089856 0.00289332
internal_weight=6743 3941 3156 2350 2802 1816
internal_count=6743 3941 3156 2350 2802 1816
is_linear=0
shrinkage=0.01


Tree=77
num_leaves=7
num_cat=0
split_feature=0 0 10 4 10 8
split_gain=4605.98 1419.56 587.587 453.116 368.283 250.069
threshold=0.8706410786746549 1.0347123671452216 0.040017781839351861 0.019750290831429932 0.029067438789956265 353.03220000000005
decision_type=2 2 2 2 2 2
left_child=2 3 -1 5 -3 -2
right_child=1 4 -4 -5 -6 -7
leaf_value=-0.0020909610427991758 -0.00086649564635683828 0.022654022749356132 -0.010790086160361298 0.010738190609634339 0.009287423986864652 0.0094729680937263826
leaf_weight=1174 1252 677 2335 699 329 277
leaf_count=1174 1252 677 2335 699 329 277
internal_value=2.54556e-05 0.00862218 -0.00789669 0.00412806 0.0184269 0.00104953
internal_weight=6743 3234 3509 2228 1006 1529
internal_count=6743 3234 3509 2228 1006 1529
is_linear=0
shrinkage=0.01


Tree=78
num_leaves=7
num_cat=0
split_feature=1 2 9 8 1 16
split_gain=4076.87 1301.82 807.275 466.033 362.184 343.13
threshold=1.399950018062023 0.52961400599152586 -0.0015881810077747348 683.67465000000004 1.043160096093547 3.9907509541349477
decision_type=2 2 2 2 2 2
left_child=1 3 -2 4 -1 -4
right_child=2 -3 5 -5 -6 -7
leaf_value=-0.00752979117222655 0.0017315829769874625 -0.0099671337931223417 0.016220244603747703 0.022477925564652602 0.002468803340004838 -0.0023646992558728807
leaf_weight=487 656 2625 1461 85 1326 103
leaf_count=487 656 2625 1461 85 1326 103
internal_value=2.57698e-05 -0.00541848 0.0110969 0.000886487 -0.000238061 0.0149827
internal_weight=6743 4523 2220 1898 1813 1564
internal_count=6743 4523 2220 1898 1813 1564
is_linear=0
shrinkage=0.01


Tree=79
num_leaves=7
num_cat=0
split_feature=10 1 8 1 13 4
split_gain=4020.79 1260.77 878.854 793.2 650.108 399.3
threshold=0.028168050531988353 1.0661709171926781 498.42090000000007 1.7140332793741309 0.25968510979177462 -0.035038078728199758
decision_type=2 2 2 2 2 2
left_child=2 -2 3 -1 -3 -6
right_child=1 4 -4 -5 5 -7
leaf_value=0.0043123119071393655 -0.01136879338487405 -0.0070405866709404141 0.028382852878162845 0.018983833568781586 -0.0004620972166795491 0.0093173779548429946
leaf_weight=1106 1834 1070 278 551 1301 603
leaf_count=1106 1834 1070 278 551 1301 603
internal_value=2.58532e-05 -0.00487176 0.0121628 0.00928163 -0.000837162 0.00266235
internal_weight=6743 4808 1935 1657 2974 1904
internal_count=6743 4808 1935 1657 2974 1904
is_linear=0
shrinkage=0.01


Tree=80
num_leaves=7
num_cat=0
split_feature=0 0 13 4 13 8
split_gain=4389.71 1392.09 547.639 434.609 346.744 344.554
threshold=0.98193751457940792 0.82227653033394488 16.265073570448624 0.043670562441908721 1.4438087428189907 15.423300000000001
decision_type=2 2 2 2 2 2
left_child=1 4 -2 -3 -1 -4
right_child=2 3 5 -5 -6 -7
leaf_value=-0.011578917027349336 0.0081678029899087887 -0.0009709401416105887 0.0054219795556532018 0.0092997026499072027 -0.0038492033571803142 0.023519909278161614
leaf_weight=1873 646 2032 134 506 865 687
leaf_count=1873 646 2032 134 506 865 687
internal_value=2.62185e-05 -0.00423102 0.0152689 0.00110125 -0.00916345 0.0206789
internal_weight=6743 5276 1467 2538 2738 821
internal_count=6743 5276 1467 2538 2738 821
is_linear=0
shrinkage=0.01


Tree=81
num_leaves=7
num_cat=0
split_feature=0 0 13 4 8 13
split_gain=4303.61 1364.79 536.917 469.984 337.625 300.049
threshold=0.98193751457940792 0.81503462678737859 16.265073570448624 -0.068568991809100324 15.423300000000001 1.4438087428189907
decision_type=2 2 2 2 2 2
left_child=1 5 -2 -3 -4 -1
right_child=2 3 4 -5 -6 -7
leaf_value=-0.011590122025462831 0.0080873701006895296 -0.0035426156203936738 0.0053715249625707253 0.0048186836162841988 0.02328808461837711 -0.0041388588595003741
leaf_weight=1803 646 1276 134 1398 687 799
leaf_count=1803 646 1276 134 1398 687 799
internal_value=2.64007e-05 -0.00418886 0.0151189 0.000826715 0.0204757 -0.00933049
internal_weight=6743 5276 1467 2674 821 2602
internal_count=6743 5276 1467 2674 821 2602
is_linear=0
shrinkage=0.01


Tree=82
num_leaves=7
num_cat=0
split_feature=0 0 1 8 16 13
split_gain=4226.44 1056.08 742.965 509.966 405.164 357.596
threshold=0.90217773452766048 1.0903860702151775 1.0290370712778418 25.715700000000002 4.2457952378220734 16.265073570448624
decision_type=2 2 2 2 2 2
left_child=2 3 -1 -2 -4 -5
right_child=1 -3 4 5 -6 -7
leaf_value=-0.011852468999139236 -0.00071450502598779627 0.020597985147776842 -7.0433887556040038e-05 0.0049185244477401389 -0.0084422139001271417 0.015538412346183752
leaf_weight=1539 711 666 1640 717 885 585
leaf_count=1539 711 666 1640 717 885 585
internal_value=2.64668e-05 0.00975835 -0.00639457 0.00608303 -0.00303037 0.00977982
internal_weight=6743 2679 4064 2013 2525 1302
internal_count=6743 2679 4064 2013 2525 1302
is_linear=0
shrinkage=0.01


Tree=83
num_leaves=7
num_cat=0
split_feature=10 1 8 1 13 4
split_gain=3774.03 1066.11 946.026 824.42 645.5 409.611
threshold=0.030029870466207469 1.0404700493063634 498.42090000000007 1.7140332793741309 0.25968510979177462 -0.035038078728199758
decision_type=2 2 2 2 2 2
left_child=2 -2 3 -1 -3 -6
right_child=1 4 -4 -5 5 -7
leaf_value=0.0035135879563683043 -0.011747806264909346 -0.0075131972532897278 0.026737622855547465 0.01771661503373401 -0.00097301001028556912 0.0094097594880448842
leaf_weight=1316 1597 1126 308 589 1278 529
leaf_count=1316 1597 1126 308 589 1278 529
internal_value=2.64684e-05 -0.00519936 0.0107035 0.00797978 -0.00160257 0.00209611
internal_weight=6743 4530 2213 1905 2933 1807
internal_count=6743 4530 2213 1905 2933 1807
is_linear=0
shrinkage=0.01


Tree=84
num_leaves=7
num_cat=0
split_feature=0 0 10 4 13 8
split_gain=4087.81 1284.95 534.581 428.031 354.964 240.644
threshold=0.86954052894723322 1.0415281094270885 0.040017781839351861 0.019750290831429932 16.265073570448624 353.03220000000005
decision_type=2 2 2 2 2 2
left_child=2 3 -1 5 -3 -2
right_child=1 4 -4 -5 -6 -7
leaf_value=-0.0019399807014799817 -0.00083058424821842714 0.010305041807120772 -0.010269978463089994 0.010286545100841687 0.023039580379418442 0.0091290562433790686
leaf_weight=1165 1292 413 2316 723 546 288
leaf_count=1165 1292 413 2316 723 546 288
internal_value=2.67537e-05 0.00805871 -0.00749855 0.00396847 0.0177286 0.00102455
internal_weight=6743 3262 3481 2303 959 1580
internal_count=6743 3262 3481 2303 959 1580
is_linear=0
shrinkage=0.01


Tree=85
num_leaves=7
num_cat=0
split_feature=0 0 13 4 8 1
split_gain=4008.73 1272.06 507.32 445.443 323.086 293.077
threshold=0.98193751457940792 0.81503462678737859 16.265073570448624 -0.068568991809100324 15.423300000000001 1.166333093463247
decision_type=2 2 2 2 2 2
left_child=1 5 -2 -3 -4 -1
right_child=2 3 4 -5 -6 -7
leaf_value=-0.010976313835022995 0.0077604267966015009 -0.0034526863503237261 0.005044016701099786 0.004687350468013227 0.022549869946592957 -0.0032168802866281527
leaf_weight=1933 646 1276 134 1398 687 669
leaf_count=1933 646 1276 134 1398 687 669
internal_value=2.70743e-05 -0.00404117 0.0145934 0.000800907 0.0197998 -0.00900507
internal_weight=6743 5276 1467 2674 821 2602
internal_count=6743 5276 1467 2674 821 2602
is_linear=0
shrinkage=0.01


Tree=86
num_leaves=7
num_cat=0
split_feature=0 0 14 4 1 16
split_gain=3935.59 1240.08 499.957 413.72 326.345 282.525
threshold=0.86954052894723322 1.0415281094270885 2.6415040341048548 0.019750290831429932 1.0404700493063634 4.1400076127623953
decision_type=2 2 2 2 2 2
left_child=2 3 4 -2 -1 -3
right_child=1 5 -4 -5 -6 -7
leaf_value=-0.0095817282743828388 0.00099560422885580191 0.018763081735809813 -0.014404225698411559 0.010101465883910641 -0.0024572274971826082 -0.0034897871471163051
leaf_weight=1063 1580 902 776 723 1642 57
leaf_count=1063 1580 902 776 723 1642 57
internal_value=2.71353e-05 0.00790816 -0.0073567 0.00388992 -0.00528565 0.0174078
internal_weight=6743 3262 3481 2303 2705 959
internal_count=6743 3262 3481 2303 2705 959
is_linear=0
shrinkage=0.01


Tree=87
num_leaves=7
num_cat=0
split_feature=10 1 8 1 13 9
split_gain=3544.59 1097.26 804.497 709.272 652.546 337.837
threshold=0.028168050531988353 1.0404700493063634 498.42090000000007 1.7140332793741309 0.25968510979177462 -0.0028485403625240148
decision_type=2 2 2 2 2 2
left_child=2 -2 3 -1 -3 -6
right_child=1 4 -4 -5 5 -7
leaf_value=0.0039691348818312721 -0.011234283696078082 -0.0070314131523447655 0.026937985330845952 0.017841642306762318 -0.0025219077839786132 0.0057577654899949003
leaf_weight=1106 1624 1176 278 551 835 1173
leaf_count=1106 1624 1176 278 551 835 1173
internal_value=2.68332e-05 -0.00457153 0.0114225 0.0086675 -0.00114553 0.00231438
internal_weight=6743 4808 1935 1657 3184 2008
internal_count=6743 4808 1935 1657 3184 2008
is_linear=0
shrinkage=0.01


Tree=88
num_leaves=7
num_cat=0
split_feature=0 10 0 4 16 10
split_gain=3804.92 990.154 580.655 429.243 303.448 293.512
threshold=0.94944277342571182 0.051132097672194635 1.0903860702151775 0.043670562441908721 1.0477024586221126 0.033362775903970174
decision_type=2 2 2 2 2 2
left_child=1 3 5 4 -1 -2
right_child=2 -3 -4 -5 -6 -7
leaf_value=7.8972306721478879e-05 0.01113132136041747 -0.010507501408049395 0.019627121460855494 0.00659144649831257 -0.0068899330855916622 0.00033656453746769402
leaf_weight=1436 827 1788 666 570 1092 364
leaf_count=1436 827 1788 666 570 1092 364
internal_value=2.70642e-05 -0.00460334 0.012175 -0.00116971 -0.00294268 0.00787077
internal_weight=6743 4886 1857 3098 2528 1191
internal_count=6743 4886 1857 3098 2528 1191
is_linear=0
shrinkage=0.01


Tree=89
num_leaves=7
num_cat=0
split_feature=0 0 1 9 13 8
split_gain=3739.47 1174.04 461.743 364.713 334.865 316.941
threshold=0.86954052894723322 1.0415281094270885 1.0404700493063634 -0.0033226845154038973 16.265073570448624 25.715700000000002
decision_type=2 2 2 2 2 2
left_child=2 3 -1 -2 -3 -5
right_child=1 4 -4 5 -6 -7
leaf_value=-0.011156578046161355 -0.003579543285178257 0.0097529339397339331 -0.0038109527608916993 0.00061210260841360303 0.022107260983031937 0.0092525904710035588
leaf_weight=1580 512 413 1901 696 546 1095
leaf_count=1580 512 413 1901 696 546 1095
internal_value=2.71248e-05 0.00770931 -0.00717035 0.00379928 0.0169527 0.00592241
internal_weight=6743 3262 3481 2303 959 1791
internal_count=6743 3262 3481 2303 959 1791
is_linear=0
shrinkage=0.01


Tree=90
num_leaves=7
num_cat=0
split_feature=0 0 12 10 6 16
split_gain=3666.19 931.096 652.852 418.41 253.639 236.47
threshold=0.90217773452766048 1.0903860702151775 0.40974298840601092 0.025942626148776217 0.88192822042250285 3.9572668644050748
decision_type=2 2 2 2 2 2
left_child=2 3 4 -2 -1 -3
right_child=1 5 -4 -5 -6 -7
leaf_value=-0.0048166873213483776 0.011641473051082438 0.023338644246075128 -0.010336767075934467 0.0021617795216969334 0.002178502582527656 0.0097278455049328669
leaf_weight=1415 729 456 1844 1284 805 210
leaf_count=1415 729 456 1844 1284 805 210
internal_value=2.71967e-05 0.00909123 -0.00595304 0.00564033 -0.00227726 0.0192691
internal_weight=6743 2679 4064 2013 2220 666
internal_count=6743 2679 4064 2013 2220 666
is_linear=0
shrinkage=0.01


Tree=91
num_leaves=7
num_cat=0
split_feature=0 0 14 6 13 1
split_gain=3600.65 1130.31 474.045 372 352.228 305.289
threshold=0.86954052894723322 1.0347123671452216 2.6415040341048548 1.1834576658307083 17.877604077128598 0.93058506883918579
decision_type=2 2 2 2 2 2
left_child=2 3 5 -2 -3 -1
right_child=1 4 -4 -5 -6 -7
leaf_value=-0.011110466491990673 0.0017970417976970379 0.0097696183371819584 -0.013896662553549571 0.012807653748187358 0.021984590009900652 -0.0031433837849291105
leaf_weight=624 1898 479 776 358 527 2081
leaf_count=624 1898 479 776 358 527 2081
internal_value=2.74563e-05 0.00756572 -0.00703513 0.00359752 0.0163318 -0.0050191
internal_weight=6743 3262 3481 2256 1006 2705
internal_count=6743 3262 3481 2256 1006 2705
is_linear=0
shrinkage=0.01


Tree=92
num_leaves=7
num_cat=0
split_feature=0 9 13 13 8 8
split_gain=3533.38 1151.58 465.829 415.815 308.548 300.54
threshold=0.98193751457940792 -0.0036327482023881786 16.265073570448624 0.25968510979177462 15.423300000000001 24.653250000000003
decision_type=2 2 2 2 2 2
left_child=1 -1 -2 -3 -4 -5
right_child=2 3 4 5 -6 -7
leaf_value=-0.0086105693298998733 0.0071617169042350196 -0.0056349592946095019 0.0043287153556270316 -0.0013342058605343187 0.021374306106933062 0.0064760509801434097
leaf_weight=2549 646 738 134 860 687 1129
leaf_count=2549 646 738 134 860 687 1129
internal_value=2.74514e-05 -0.00379189 0.013703 0.000723607 0.0186898 0.00310428
internal_weight=6743 5276 1467 2727 821 1989
internal_count=6743 5276 1467 2727 821 1989
is_linear=0
shrinkage=0.01


Tree=93
num_leaves=7
num_cat=0
split_feature=10 12 8 1 1 1
split_gain=3221.44 1015.59 758.455 654.325 510.056 254.286
threshold=0.028168050531988353 2.9727379293480429 498.42090000000007 1.7140332793741309 1.043160096093547 1.5768861738356743
decision_type=2 2 2 2 2 2
left_child=2 4 3 -1 -2 -6
right_child=1 -3 -4 -5 5 -7
leaf_value=0.0037060930136096014 -0.0079697771940326293 -0.011682742266736639 0.025953191806394091 0.017029099462590382 -0.00074174492600139993 0.0072004784842465966
leaf_weight=1106 886 1349 278 551 2084 489
leaf_count=1106 886 1349 278 551 2084 489
internal_value=2.75287e-05 -0.00435615 0.0108914 0.00821795 -0.00147048 0.00078584
internal_weight=6743 4808 1935 1657 3459 2573
internal_count=6743 4808 1935 1657 3459 2573
is_linear=0
shrinkage=0.01


Tree=94
num_leaves=7
num_cat=0
split_feature=0 0 4 1 16 6
split_gain=3423.76 1078.69 501.717 432.073 242.573 231.689
threshold=0.86954052894723322 1.0903860702151775 0.019750290831429932 1.0209974464444549 4.4075120776741192 0.88192822042250285
decision_type=2 2 2 2 2 2
left_child=3 2 4 -1 -2 -5
right_child=1 -3 -4 5 -6 -7
leaf_value=-0.011096444935031154 0.0026875204337788116 0.018645163916227735 0.010619234105644413 -0.0061083288468949419 -0.0086494871849454071 0.0011360015441606722
leaf_weight=1419 1530 666 861 1433 205 629
leaf_count=1419 1530 666 861 1433 205 629
internal_value=2.77495e-05 0.00737855 0.00442383 -0.00685913 0.00130037 -0.00389885
internal_weight=6743 3262 2596 3481 1735 2062
internal_count=6743 3262 2596 3481 1735 2062
is_linear=0
shrinkage=0.01


Tree=95
num_leaves=7
num_cat=0
split_feature=0 10 10 16 0 1
split_gain=3356.2 1072.81 460.07 436.15 409.025 217.095
threshold=0.86954052894723322 0.022009118257899463 0.040017781839351861 4.2987666115004206 1.0820551326732937 2.0595408195729914
decision_type=2 2 2 2 2 2
left_child=2 5 -1 4 -3 -2
right_child=1 3 -4 -5 -6 -7
leaf_value=-0.0016354854050389632 0.013261636057773142 0.0034318146345311039 -0.0093618626810721226 -0.0083992243236662035 0.01492548051641937 0.025060818779959599
leaf_weight=1165 551 1845 2316 246 366 254
leaf_count=1165 551 1845 2316 246 366 254
internal_value=2.75791e-05 0.00730551 -0.006791 0.0039837 0.00539757 0.0172587
internal_weight=6743 3262 3481 2457 2211 805
internal_count=6743 3262 3481 2457 2211 805
is_linear=0
shrinkage=0.01


Tree=96
num_leaves=7
num_cat=0
split_feature=10 12 1 4 16 1
split_gain=3068.79 893.989 657.309 522.7 262.539 212.31
threshold=0.030029870466207469 2.9727379293480429 1.6698155001955797 -0.053317222294344137 4.5485141439374317 2.0144790232263463
decision_type=2 2 2 2 2 2
left_child=2 3 4 5 -1 -2
right_child=1 -3 -4 -5 -6 -7
leaf_value=0.007149782167853118 -0.0050998345396715255 -0.01158826752496022 0.016902695626347088 0.0044467499457973266 -0.0054853832094652177 0.0085966134460953372
leaf_weight=1238 2169 1318 794 933 181 110
leaf_count=1238 2169 1318 794 933 181 110
internal_value=2.78554e-05 -0.00468433 0.00965586 -0.00182112 0.005504 -0.00439971
internal_weight=6743 4530 2213 3212 1419 2279
internal_count=6743 4530 2213 3212 1419 2279
is_linear=0
shrinkage=0.01


Tree=97
num_leaves=7
num_cat=0
split_feature=0 16 4 13 8 8
split_gain=3248.7 1060.41 590.047 440.402 296.784 252.346
threshold=0.98193751457940792 4.2457952378220734 -0.053317222294344137 16.265073570448624 15.423300000000001 24.653250000000003
decision_type=2 2 2 2 2 2
left_child=1 2 -1 -2 -5 -4
right_child=3 -3 5 4 -6 -7
leaf_value=-0.0038520490913377427 0.0067847358147548401 -0.0098077956139225233 0.00018630814785594943 0.0039329938201505387 0.020619788116680585 0.0085593198609617543
leaf_weight=2026 646 1813 703 134 687 734
leaf_count=2026 646 1813 703 134 687 734
internal_value=2.77978e-05 -0.00363439 -0.000380593 0.0131409 0.0179884 0.00449963
internal_weight=6743 5276 3463 1467 821 1437
internal_count=6743 5276 3463 1467 821 1437
is_linear=0
shrinkage=0.01


Tree=98
num_leaves=7
num_cat=0
split_feature=0 10 14 13 0 1
split_gain=3191.78 1019.41 437.563 424.065 349.816 282.02
threshold=0.86954052894723322 0.022009118257899463 2.6415040341048548 0.25968510979177462 1.0820551326732937 0.93058506883918579
decision_type=2 2 2 2 2 2
left_child=2 -2 5 -3 -5 -1
right_child=1 3 -4 4 -6 -7
leaf_value=-0.010538945439174677 0.016827850988171879 -0.0044426118584309053 -0.013212810083963071 0.0039009879995938346 0.014780809410434075 -0.0028831445527734627
leaf_weight=624 805 482 776 1618 357 2081
leaf_count=624 805 482 776 1618 357 2081
internal_value=2.79407e-05 0.0071254 -0.00662149 0.00388715 0.00593721 -0.00468521
internal_weight=6743 3262 3481 2457 1975 2705
internal_count=6743 3262 3481 2457 1975 2705
is_linear=0
shrinkage=0.01


Tree=99
num_leaves=7
num_cat=0
split_feature=0 16 10 4 8 16
split_gain=3133.21 851.37 497.756 470.647 469.874 252.261
threshold=0.94944277342571182 4.2457952378220734 0.03307945249215178 -0.053317222294344137 498.42090000000007 0.3531559894771617
decision_type=2 2 2 2 2 2
left_child=1 3 4 -1 5 -2
right_child=2 -3 -4 -5 -6 -7
leaf_value=-0.0041435122993932023 0.016283470050392438 -0.0096874594657534764 0.0026051100533633002 0.0037828099287095479 0.025721049393079273 0.006329561264586712
leaf_weight=1886 487 1772 515 1228 279 576
leaf_count=1886 487 1772 515 1228 279 576
internal_value=2.76973e-05 -0.00417403 0.0110515 -0.00101248 0.0142422 0.0110084
internal_weight=6743 4886 1857 3114 1342 1063
internal_count=6743 4886 1857 3114 1342 1063
is_linear=0
shrinkage=0.01


Tree=100
num_leaves=7
num_cat=0
split_feature=0 0 4 14 6 15
split_gain=3078.88 987.718 460.157 424.08 242.15 230.221
threshold=0.86954052894723322 1.0903860702151775 0.019750290831429932 2.6415040341048548 0.88192822042250285 1.8994467947918161
decision_type=2 2 2 2 2 2
left_child=3 2 5 4 -1 -2
right_child=1 -3 -4 -5 -6 -7
leaf_value=-0.0064468081385916842 0.0044445301969437039 0.017779810730879024 0.01010473670960264 -0.01299162913207883 0.00020863347844895692 -0.0028365355765439921
leaf_weight=1952 958 666 861 776 753 777
leaf_count=1952 958 666 861 776 753 777
internal_value=2.80555e-05 0.00699888 0.0041716 -0.00650268 -0.00459648 0.00118049
internal_weight=6743 3262 2596 3481 2705 1735
internal_count=6743 3262 2596 3481 2705 1735
is_linear=0
shrinkage=0.01


Tree=101
num_leaves=7
num_cat=0
split_feature=0 9 16 10 0 10
split_gain=3022.96 997.341 409.816 401.361 238.114 232.634
threshold=0.98193751457940792 -0.0036327482023881786 1.0477024586221126 0.03950435519730338 1.0903860702151775 0.079318878024297004
decision_type=2 2 2 2 2 2
left_child=1 5 -3 4 -2 -1
right_child=3 2 -4 -5 -6 -7
leaf_value=-0.0059594720710715657 0.010351405372569462 0.0036340827547096141 -0.00438227705753762 -0.0011179779262117033 0.019342188892102746 -0.012649104760293474
leaf_weight=1793 691 1731 996 182 594 756
leaf_count=1793 691 1731 996 182 594 756
internal_value=2.79269e-05 -0.00350469 0.000697248 0.0126773 0.0146324 -0.00798911
internal_weight=6743 5276 2727 1467 1285 2549
internal_count=6743 5276 2727 1467 1285 2549
is_linear=0
shrinkage=0.01


Tree=102
num_leaves=7
num_cat=0
split_feature=0 10 10 13 0 1
split_gain=2970.15 964.614 417.036 401.169 324.744 206.589
threshold=0.86954052894723322 0.022009118257899463 0.040017781839351861 0.25968510979177462 1.0820551326732937 2.0595408195729914
decision_type=2 2 2 2 2 2
left_child=2 5 -1 -3 -5 -2
right_child=1 3 -4 4 -6 -7
leaf_value=-0.0014785342047446744 0.012432693290414618 -0.0043763378650097679 -0.0088342038280102772 0.0037565465742196995 0.014239868010579524 0.023900720037592249
leaf_weight=1165 551 482 2316 1618 357 254
leaf_count=1165 551 482 2316 1618 357 254
internal_value=2.77545e-05 0.00687441 -0.0063866 0.00372458 0.00571874 0.0163123
internal_weight=6743 3262 3481 2457 1975 805
internal_count=6743 3262 3481 2457 1975 805
is_linear=0
shrinkage=0.01


Tree=103
num_leaves=7
num_cat=0
split_feature=0 0 12 8 4 16
split_gain=2914.06 756.369 547.552 430.119 279.01 211.367
threshold=0.90217773452766048 1.0903860702151775 0.40974298840601092 25.715700000000002 0.019750290831429932 3.9572668644050748
decision_type=2 2 2 2 2 2
left_child=2 3 -1 -2 -5 -3
right_child=1 5 -4 4 -6 -7
leaf_value=-0.0019375533256752858 -0.001236353932431642 0.021115526564363312 -0.0093178690337558899 0.0047612857768405507 0.014431925435154652 0.0083324721885675735
leaf_weight=2220 711 456 1844 825 477 210
leaf_count=2220 711 456 1844 825 477 210
internal_value=2.8064e-05 0.00810918 -0.00530341 0.00499882 0.00839483 0.0172825
internal_weight=6743 2679 4064 2013 1302 666
internal_count=6743 2679 4064 2013 1302 666
is_linear=0
shrinkage=0.01


Tree=104
num_leaves=7
num_cat=0
split_feature=0 10 10 16 0 8
split_gain=2861.26 933.12 405.393 392.724 349.465 263.162
threshold=0.86954052894723322 0.022009118257899463 0.040017781839351861 4.2987666115004206 1.0820551326732937 27.407250000000005
decision_type=2 2 2 2 2 2
left_child=2 5 -1 4 -3 -2
right_child=1 3 -4 -5 -6 -7
leaf_value=-0.0014284587658466177 0.0042381342863230861 0.0031749406894471251 -0.0086804971349112702 -0.0080976189253851773 0.013800066666122764 0.01887626757699808
leaf_weight=1165 162 1845 2316 246 366 643
leaf_count=1165 162 1845 2316 246 366 643
internal_value=2.83187e-05 0.00674832 -0.00626734 0.00365032 0.0049925 0.0160309
internal_weight=6743 3262 3481 2457 2211 805
internal_count=6743 3262 3481 2457 2211 805
is_linear=0
shrinkage=0.01


Tree=105
num_leaves=7
num_cat=0
split_feature=0 9 13 16 8 8
split_gain=2810.56 939.052 405.092 389.649 277.475 254.872
threshold=0.98193751457940792 -0.0036327482023881786 16.265073570448624 1.0477024586221126 15.423300000000001 24.653250000000003
decision_type=2 2 2 2 2 2
left_child=1 -1 -2 5 -4 -3
right_child=2 3 4 -5 -6 -7
leaf_value=-0.0077292716973804219 0.0061379255252328093 -0.00086923226238836413 0.0033247669167920119 -0.0042536272253530108 0.019413933919754729 0.0068504636534331689
leaf_weight=2549 646 739 134 996 687 992
leaf_count=2549 646 739 134 996 687 992
internal_value=2.83595e-05 -0.00337784 0.0122253 0.000699291 0.0168716 0.00356296
internal_weight=6743 5276 1467 2727 821 1731
internal_count=6743 5276 1467 2727 821 1731
is_linear=0
shrinkage=0.01


Tree=106
num_leaves=7
num_cat=0
split_feature=1 2 13 8 14 14
split_gain=2636.15 886.91 595.462 416.625 308.866 243.422
threshold=1.399950018062023 0.52961400599152586 16.265073570448624 683.67465000000004 0.60584244387253006 2.6415040341048548
decision_type=2 2 2 2 2 2
left_child=1 3 4 -1 -2 -3
right_child=2 5 -4 -5 -6 -7
leaf_value=-0.00020942531091973875 0.008486255126665938 -0.0060603284085692022 0.01415002801265251 0.021268426503005783 -0.0019583698431469656 -0.012803757993296394
leaf_weight=1813 613 1847 1096 85 511 778
leaf_count=1813 613 1847 1096 85 511 778
internal_value=2.84147e-05 -0.00434914 0.00893119 0.000853626 0.00375364 -0.00810375
internal_weight=6743 4523 2220 1898 1124 2625
internal_count=6743 4523 2220 1898 1124 2625
is_linear=0
shrinkage=0.01


Tree=107
num_leaves=7
num_cat=0
split_feature=0 10 1 16 0 6
split_gain=2718.68 888.845 388.314 376.891 334.836 202.898
threshold=0.86954052894723322 0.022009118257899463 1.0404700493063634 4.2987666115004206 1.0820551326732937 0.89437349410086708
decision_type=2 2 2 2 2 2
left_child=2 -2 -1 4 -3 -4
right_child=1 3 5 -5 -6 -7
leaf_value=-0.0097622884012020707 0.015638617990139953 0.0030910493016765121 -0.0050856180390161264 -0.0079529328867647565 0.013491433605234674 0.0021016375742265551
leaf_weight=1580 805 1845 1359 246 366 542
leaf_count=1580 805 1845 1359 246 366 542
internal_value=2.84396e-05 0.00657891 -0.00610832 0.00355522 0.00487018 -0.00303093
internal_weight=6743 3262 3481 2457 2211 1901
internal_count=6743 3262 3481 2457 2211 1901
is_linear=0
shrinkage=0.01


Tree=108
num_leaves=7
num_cat=0
split_feature=0 16 4 13 8 14
split_gain=2670.58 898.691 505.683 388.436 269.383 233.638
threshold=0.98193751457940792 4.2457952378220734 -0.053317222294344137 16.265073570448624 15.423300000000001 2.4912163471583493
decision_type=2 2 2 2 2 2
left_child=1 2 -1 -2 -5 -6
right_child=3 -3 -4 4 5 -7
leaf_value=-0.0035105331143325887 0.0059576358378825084 -0.0089751024616693698 0.0042210971170993884 0.0031318718916736542 0.021106917928746544 0.0027265357618690817
leaf_weight=2026 646 1813 1437 134 604 83
leaf_count=2026 646 1813 1437 134 604 83
internal_value=2.83258e-05 -0.00329193 -0.000296435 0.0119177 0.0164672 0.0189716
internal_weight=6743 5276 3463 1467 821 687
internal_count=6743 5276 3463 1467 821 687
is_linear=0
shrinkage=0.01


Tree=109
num_leaves=7
num_cat=0
split_feature=0 10 1 8 4 8
split_gain=2624.05 858.522 379.079 367.57 301.428 250.551
threshold=0.86954052894723322 0.022009118257899463 1.0661709171926781 220.44105000000005 0.019750290831429932 27.407250000000005
decision_type=2 2 2 2 2 2
left_child=2 5 -1 4 -3 -2
right_child=1 3 -4 -5 -6 -7
leaf_value=-0.0092833112552324227 0.0038808084101697731 -0.0014828801735222183 -0.002660762854345849 0.0096894463241501867 0.0076325959114483489 0.018142816638352939
leaf_weight=1745 162 1283 1736 680 494 643
leaf_count=1745 162 1283 1736 680 494 643
internal_value=2.84373e-05 0.00646392 -0.00600055 0.00349217 0.00107413 0.0153678
internal_weight=6743 3262 3481 2457 1777 805
internal_count=6743 3262 3481 2457 1777 805
is_linear=0
shrinkage=0.01


Tree=110
num_leaves=7
num_cat=0
split_feature=0 1 8 4 1 15
split_gain=2576.01 730.495 439.342 407.246 354.615 326.47
threshold=0.94944277342571182 1.0661709171926781 498.42090000000007 -1.0000000180025095e-35 1.8872454469149 1.983349228281988
decision_type=2 2 2 2 2 2
left_child=1 -1 4 5 -2 -3
right_child=2 3 -4 -5 -6 -7
leaf_value=-0.0085969429512386276 0.0041378096847075867 0.0017140107077751726 0.020066255810488452 0.0057085593572155004 0.014507543766424061 -0.0060010720279937034
leaf_weight=1907 1019 929 348 739 490 1311
leaf_count=1907 1019 929 348 739 490 1311
internal_value=2.85368e-05 -0.00378117 0.0100243 -0.000676564 0.00758498 -0.00280354
internal_weight=6743 4886 1857 2979 1509 2240
internal_count=6743 4886 1857 2979 1509 2240
is_linear=0
shrinkage=0.01


Tree=111
num_leaves=7
num_cat=0
split_feature=1 2 13 8 14 14
split_gain=2428.57 827.343 552.988 402.112 290.256 230.175
threshold=1.399950018062023 0.52961400599152586 16.265073570448624 683.67465000000004 0.60584244387253006 2.6415040341048548
decision_type=2 2 2 2 2 2
left_child=1 3 4 -1 -2 -3
right_child=2 5 -4 -5 -6 -7
leaf_value=-0.00019247061877441642 0.0081725569891580412 -0.0058128008616593696 0.013603125502006784 0.02090789663164239 -0.0019516528932996195 -0.012368804920502574
leaf_weight=1813 613 1847 1096 85 511 778
leaf_count=1813 613 1847 1096 85 511 778
internal_value=2.8748e-05 -0.00417287 0.00857388 0.000851874 0.00358438 -0.00779924
internal_weight=6743 4523 2220 1898 1124 2625
internal_count=6743 4523 2220 1898 1124 2625
is_linear=0
shrinkage=0.01


Tree=112
num_leaves=7
num_cat=0
split_feature=10 16 16 4 10 14
split_gain=2409 731.263 423.664 380.226 291.263 237.304
threshold=0.028168050531988353 3.9907509541349477 4.1400076127623953 -0.035038078728199758 0.021234974916484069 2.2110839337315658
decision_type=2 2 2 2 2 2
left_child=2 3 4 -2 5 -1
right_child=1 -3 -4 -5 -6 -7
leaf_value=0.017825823695195888 -0.003037841447505304 -0.0089676904243499861 -0.0046793402306265107 0.004724751555011608 0.0072529740658773883 0.0012098862337214607
leaf_weight=653 2218 1720 186 870 994 102
leaf_count=653 2218 1720 186 870 994 102
internal_value=2.8762e-05 -0.00376186 0.00942358 -0.000839422 0.0109471 0.0156393
internal_weight=6743 4808 1935 3088 1749 755
internal_count=6743 4808 1935 3088 1749 755
is_linear=0
shrinkage=0.01


Tree=113
num_leaves=7
num_cat=0
split_feature=0 0 13 4 8 14
split_gain=2462.15 816.28 363.677 303.192 256.833 245.331
threshold=0.98193751457940792 0.81503462678737859 16.265073570448624 -0.068568991809100324 15.423300000000001 0.94542609592369276
decision_type=2 2 2 2 2 2
left_child=1 5 -2 -3 -4 -1
right_child=2 3 4 -5 -6 -7
leaf_value=-0.0044328366155388446 0.0056791824682419778 -0.0027901241058700256 0.0028437309784607756 0.0039252422182967581 0.018290985477580509 -0.010699277872982733
leaf_weight=1494 646 1276 134 1398 687 1108
leaf_count=1494 646 1276 134 1398 687 1108
internal_value=2.86866e-05 -0.00315931 0.0114447 0.00071857 0.0158463 -0.00713583
internal_weight=6743 5276 1467 2674 821 2602
internal_count=6743 5276 1467 2674 821 2602
is_linear=0
shrinkage=0.01


Tree=114
num_leaves=7
num_cat=0
split_feature=0 1 4 10 8 16
split_gain=2413.9 824.825 450.543 358.68 301.647 260.223
threshold=0.98193751457940792 1.0661709171926781 0.011522544900957629 0.03950435519730338 498.42090000000007 1.1744117025297849
decision_type=2 2 2 2 2 2
left_child=1 -1 5 4 -2 -3
right_child=3 2 -4 -5 -6 -7
leaf_value=-0.0083327865096854675 0.010448985516993749 0.00076682954090449937 0.0065125198470715462 -0.0016777301251810664 0.022462665272909299 -0.0055844033259650691
leaf_weight=1922 1010 1402 774 182 275 1178
leaf_count=1922 1010 1402 774 182 275 1178
internal_value=2.85895e-05 -0.00312801 -0.000126543 0.0113322 0.0131813 -0.00213958
internal_weight=6743 5276 3354 1467 1285 2580
internal_count=6743 5276 3354 1467 1285 2580
is_linear=0
shrinkage=0.01


Tree=115
num_leaves=7
num_cat=0
split_feature=1 9 12 8 1 4
split_gain=2286.4 658.726 520.907 436.885 380.743 250.356
threshold=1.2893976790125234 -0.0033226845154038973 0.40974298840601092 498.42090000000007 1.8872454469149 -0.068568991809100324
decision_type=2 2 2 2 2 2
left_child=2 -2 5 4 -3 -1
right_child=1 3 -4 -5 -6 -7
leaf_value=-0.0047111483535608916 -0.0024182926973704646 0.0046299321718941454 -0.0093111960929093684 0.020601024354655981 0.01430222783217152 0.0021288261774182978
leaf_weight=1263 623 1454 1638 284 568 913
leaf_count=1263 623 1454 1638 284 568 913
internal_value=2.86678e-05 0.00666241 -0.00506727 0.00911987 0.00740891 -0.00184007
internal_weight=6743 2929 3814 2306 2022 2176
internal_count=6743 2929 3814 2306 2022 2176
is_linear=0
shrinkage=0.01


Tree=116
num_leaves=7
num_cat=0
split_feature=0 0 8 14 10 1
split_gain=2335.03 783.538 407.845 352.972 310.291 242.999
threshold=0.86954052894723322 1.0903860702151775 25.715700000000002 2.6415040341048548 0.025942626148776217 0.93058506883918579
decision_type=2 2 2 2 2 2
left_child=3 2 -2 5 -4 -1
right_child=1 -3 4 -5 -6 -7
leaf_value=-0.0093513833935378408 -0.0014756111906346224 0.015701490150972618 0.012103520544203572 -0.011576736031192577 0.0030878229639843464 -0.0022503758699640754
leaf_weight=624 984 666 629 776 983 2081
leaf_count=624 984 666 629 776 983 2081
internal_value=2.87546e-05 0.00609957 0.00358158 -0.00565844 0.00666483 -0.00392056
internal_weight=6743 3262 2596 3481 1612 2705
internal_count=6743 3262 2596 3481 1612 2705
is_linear=0
shrinkage=0.01


Tree=117
num_leaves=7
num_cat=0
split_feature=10 16 10 4 16 13
split_gain=2221.19 605.426 430.5 355.935 214.591 178.668
threshold=0.030029870466207469 3.9907509541349477 0.021234974916484069 -0.035038078728199758 3.9907509541349477 55.669639344324075
decision_type=2 2 2 2 2 2
left_child=2 3 5 -2 -4 -1
right_child=1 -3 4 -5 -6 -7
leaf_value=0.015960539603303455 -0.0032789935522307386 -0.0087283624059919847 0.0063432467533780044 0.0046902628505613468 -0.0050033030314274975 0.0021426387527589538
leaf_weight=686 2099 1678 1229 753 184 114
leaf_count=686 2099 1678 1229 753 184 114
internal_value=2.85299e-05 -0.00398022 0.00821991 -0.00116238 0.0048339 0.0140546
internal_weight=6743 4530 2213 2852 1413 800
internal_count=6743 4530 2213 2852 1413 800
is_linear=0
shrinkage=0.01


Tree=118
num_leaves=7
num_cat=0
split_feature=0 0 4 14 1 15
split_gain=2259.13 762.273 363.188 340.874 236.769 193.583
threshold=0.86954052894723322 1.0903860702151775 0.019750290831429932 2.6415040341048548 0.93058506883918579 1.7899272892230498
decision_type=2 2 2 2 2 2
left_child=3 2 5 4 -1 -2
right_child=1 -3 -4 -5 -6 -7
leaf_value=-0.0092183156824914587 0.00390978859025083 0.015470468631777472 0.00878689518991492 -0.011381685771379838 -0.0022089483886623259 -0.0027549999034795374
leaf_weight=624 942 666 861 776 2081 793
leaf_count=624 942 666 861 776 2081 793
internal_value=2.84241e-05 0.00599978 0.00351621 -0.00556555 -0.00385758 0.000859515
internal_weight=6743 3262 2596 3481 2705 1735
internal_count=6743 3262 2596 3481 2705 1735
is_linear=0
shrinkage=0.01


Tree=119
num_leaves=7
num_cat=0
split_feature=0 16 6 13 8 14
split_gain=2219.89 760.224 426.584 341.576 242.669 225.523
threshold=0.98193751457940792 4.2457952378220734 0.89437349410086708 16.265073570448624 15.423300000000001 2.4912163471583493
decision_type=2 2 2 2 2 2
left_child=1 2 -1 -2 -5 -6
right_child=3 -3 -4 4 5 -7
leaf_value=-0.0032240046084421052 0.0052853585504813163 -0.0082259169686713391 0.0038662127659569211 0.0025144025087097868 0.019602402816336989 0.0016882913663823118
leaf_weight=2010 646 1813 1453 134 604 83
leaf_count=2010 646 1813 1453 134 604 83
internal_value=2.81488e-05 -0.00299888 -0.000243657 0.0108681 0.0151323 0.0175077
internal_weight=6743 5276 3463 1467 821 687
internal_count=6743 5276 3463 1467 821 687
is_linear=0
shrinkage=0.01


Tree=120
num_leaves=7
num_cat=0
split_feature=1 2 13 14 14 1
split_gain=2117.34 752.383 464.047 239.35 232.436 185.667
threshold=1.436731509255907 0.51686425246047851 16.265073570448624 0.60584244387253006 2.6415040341048548 1.043160096093547
decision_type=2 2 2 2 2 2
left_child=1 5 3 -2 -3 -1
right_child=2 4 -4 -5 -6 -7
leaf_value=-0.0039901518327654295 0.0078881515358979019 -0.0050822191239288175 0.013225447673930182 -0.0018355447157218264 -0.011531486853313759 0.0030763899919074053
leaf_weight=495 567 2024 1028 443 789 1397
leaf_count=495 567 2024 1028 443 789 1397
internal_value=2.82154e-05 -0.00365799 0.00851952 0.00363722 -0.00692912 0.00121107
internal_weight=6743 4705 2038 1010 2813 1892
internal_count=6743 4705 2038 1010 2813 1892
is_linear=0
shrinkage=0.01


Tree=121
num_leaves=7
num_cat=0
split_feature=0 0 6 1 14 14
split_gain=2145.57 729.243 348.502 326.018 198.55 193.765
threshold=0.86954052894723322 1.0903860702151775 1.1834576658307083 1.0404700493063634 0.51924851890416079 0.60584244387253006
decision_type=2 2 2 2 2 2
left_child=3 2 4 -1 -2 -5
right_child=1 -3 -4 5 -6 -7
leaf_value=-0.0087712572094114528 0.0047794213839929857 0.015110526159536591 0.01123122346409257 0.0016812779346298929 -0.0012887870405330953 -0.0049562323881822499
leaf_weight=1580 1048 666 459 673 1089 1228
leaf_count=1580 1048 666 459 673 1089 1228
internal_value=2.79296e-05 0.00584731 0.00341815 -0.0054236 0.00169085 -0.00260466
internal_weight=6743 3262 2596 3481 2137 1901
internal_count=6743 3262 2596 3481 2137 1901
is_linear=0
shrinkage=0.01


Tree=122
num_leaves=7
num_cat=0
split_feature=10 12 8 1 4 1
split_gain=2062.53 684.156 594.553 455.905 369.172 175.296
threshold=0.028168050531988353 2.9727379293480429 498.42090000000007 1.7140332793741309 -0.035038078728199758 1.0404700493063634
decision_type=2 2 2 2 2 2
left_child=2 4 3 -1 5 -2
right_child=1 -3 -4 -5 -6 -7
leaf_value=0.0025992325204028167 -0.0070870845441451296 -0.0094928267796615014 0.022042315577321767 0.013713831431522912 0.0045516316643517364 -0.0013329784527114277
leaf_weight=1106 736 1349 278 551 855 1868
leaf_count=1106 736 1349 278 551 855 1868
internal_value=2.79137e-05 -0.00347943 0.00872102 0.00636125 -0.00111073 -0.00298405
internal_weight=6743 4808 1935 1657 3459 2604
internal_count=6743 4808 1935 1657 3459 2604
is_linear=0
shrinkage=0.01


Tree=123
num_leaves=7
num_cat=0
split_feature=10 10 16 10 4 13
split_gain=2022.28 618.821 375.072 248.656 215.746 158.274
threshold=0.028168050531988353 0.051132097672194635 4.1400076127623953 0.019955804785169399 -0.013766901651606876 55.669639344324075
decision_type=2 2 2 2 2 2
left_child=2 4 3 5 -2 -1
right_child=1 -3 -4 -5 -6 -7
leaf_value=0.016948254700264637 -0.0021133164713148726 -0.0079413415341534552 -0.0046241683359923109 0.0071062295394081158 0.0041700657723608824 0.0014911049365829887
leaf_weight=554 2234 1862 186 1116 712 79
leaf_count=554 2234 1862 186 1116 712 79
internal_value=2.80047e-05 -0.00344493 0.00863589 0.01007 -0.000582373 0.0150879
internal_weight=6743 4808 1935 1749 2946 633
internal_count=6743 4808 1935 1749 2946 633
is_linear=0
shrinkage=0.01


Tree=124
num_leaves=7
num_cat=0
split_feature=0 1 4 10 15 13
split_gain=2050.34 712.484 389.923 324.069 310.208 213.007
threshold=0.98193751457940792 1.0661709171926781 0.011522544900957629 0.03950435519730338 1.983349228281988 17.877604077128598
decision_type=2 2 2 2 2 2
left_child=1 -1 4 5 -3 -2
right_child=3 2 -4 -5 -6 -7
leaf_value=-0.0077184799719661155 0.0075429448363633954 0.0019974575360486653 0.0060846140553725749 -0.001904637698038035 -0.0049749344885834535 0.015971418460441894
leaf_weight=1922 589 1114 774 182 1466 696
leaf_count=1922 589 1114 774 182 1466 696
internal_value=2.79473e-05 -0.00288113 -9.14161e-05 0.0104457 -0.00196443 0.0122039
internal_weight=6743 5276 3354 1467 2580 1285
internal_count=6743 5276 3354 1467 2580 1285
is_linear=0
shrinkage=0.01


Tree=125
num_leaves=7
num_cat=0
split_feature=1 10 2 5 14 1
split_gain=1958.02 604.788 595.247 307.483 223.046 190.975
threshold=1.2893976790125234 0.022009118257899463 0.45998622308543341 0.13870013340573137 0.60584244387253006 2.0595408195729914
decision_type=2 2 2 2 2 2
left_child=2 5 -1 -3 -5 -2
right_child=1 3 -4 4 -6 -7
leaf_value=0.0010336216865638715 0.0097335164392630767 0.013520184636022175 -0.0074020548081174366 0.004964614427934045 -0.001967586257338665 0.02039936863796955
leaf_weight=1228 562 248 2586 1018 836 265
leaf_count=1228 562 248 2586 1018 836 265
internal_value=2.79195e-05 0.00616694 -0.00468779 0.00327995 0.00183962 0.0133661
internal_weight=6743 2929 3814 2102 1854 827
internal_count=6743 2929 3814 2102 1854 827
is_linear=0
shrinkage=0.01


Tree=126
num_leaves=7
num_cat=0
split_feature=0 1 10 4 14 14
split_gain=1979.56 581.571 358.731 332.801 253.304 212.13
threshold=0.94944277342571182 1.043160096093547 0.03307945249215178 -1.0000000180025095e-35 0.099644470158808562 0.54361967088576424
decision_type=2 2 2 2 2 2
left_child=1 -1 4 5 -2 -3
right_child=2 3 -4 -5 -6 -7
leaf_value=-0.0079933281279375209 0.019693063032249675 0.0012942304581707172 0.0016315322283877148 0.0048952861840579195 0.0090258466849526611 -0.0048509329646296423
leaf_weight=1711 294 877 515 773 1048 1525
leaf_count=1711 294 877 515 773 1048 1525
internal_value=2.82664e-05 -0.00331121 0.00879089 -0.000767721 0.0114985 -0.00260705
internal_weight=6743 4886 1857 3175 1342 2402
internal_count=6743 4886 1857 3175 1342 2402
is_linear=0
shrinkage=0.01


Tree=127
num_leaves=7
num_cat=0
split_feature=1 16 10 8 5 10
split_gain=1895.69 687.434 426.142 334.933 301.2 285.279
threshold=1.436731509255907 1.0477024586221126 0.019955804785169399 683.67465000000004 0.18011670622206213 0.032605189010684155
decision_type=2 2 2 2 2 2
left_child=1 3 -2 -1 -4 -5
right_child=2 -3 4 5 -6 -7
leaf_value=-0.00059026854027970804 0.015568644262979263 -0.0071296274770102155 0.014729147250390184 0.027578661509870012 0.003070362104441119 0.0015999519384637909
leaf_weight=2100 546 2441 264 71 1228 93
leaf_count=2100 546 2441 264 71 1228 93
internal_value=2.83643e-05 -0.00345949 0.00806302 0.000507124 0.0052243 0.0138429
internal_weight=6743 4705 2038 2264 1492 164
internal_count=6743 4705 2038 2264 1492 164
is_linear=0
shrinkage=0.01


Tree=128
num_leaves=7
num_cat=0
split_feature=1 10 16 5 4 14
split_gain=1859.04 574.029 467.617 295.546 237.684 213.95
threshold=1.2893976790125234 0.022009118257899463 1.0477024586221126 0.13870013340573137 -0.083254159086026971 0.60584244387253006
decision_type=2 2 2 2 2 2
left_child=2 -2 4 -3 -1 -5
right_child=1 3 -4 5 -6 -7
leaf_value=-0.0043758577811646906 0.013024572940584185 0.013237445106307522 -0.0076752080521182231 0.0048466314074113613 0.0030837330087100244 -0.0019425925239700446
leaf_weight=839 827 248 2126 1018 849 836
leaf_count=839 827 248 2126 1018 849 836
internal_value=2.89221e-05 0.0060108 -0.00456601 0.00319799 -0.000622012 0.00178589
internal_weight=6743 2929 3814 2102 1688 1854
internal_count=6743 2929 3814 2102 1688 1854
is_linear=0
shrinkage=0.01


Tree=129
num_leaves=7
num_cat=0
split_feature=0 1 4 10 15 8
split_gain=1886.29 659.102 359.073 305.024 290.8 271.145
threshold=0.98193751457940792 1.0661709171926781 0.011522544900957629 0.03950435519730338 1.983349228281988 498.42090000000007
decision_type=2 2 2 2 2 2
left_child=1 -1 4 5 -3 -2
right_child=3 2 -4 -5 -6 -7
leaf_value=-0.0074138866982077622 0.0091503283820005468 0.0019600369345464698 0.0058485112039726329 -0.0019546742282788424 -0.00479052480147725 0.020503403297592808
leaf_weight=1922 1010 1114 774 182 1466 275
leaf_count=1922 1010 1114 774 182 1466 275
internal_value=2.8932e-05 -0.00276128 -7.80322e-05 0.0100213 -0.00187557 0.0117273
internal_weight=6743 5276 3354 1467 2580 1285
internal_count=6743 5276 3354 1467 2580 1285
is_linear=0
shrinkage=0.01


Tree=130
num_leaves=7
num_cat=0
split_feature=0 0 6 14 1 14
split_gain=1854.44 652.037 304.873 295.705 206.087 179.893
threshold=0.86954052894723322 1.0903860702151775 1.1834576658307083 2.6415040341048548 0.93058506883918579 0.51924851890416079
decision_type=2 2 2 2 2 2
left_child=3 2 5 4 -1 -2
right_child=1 -3 -4 -5 -6 -7
leaf_value=-0.0084494068772731825 0.0044671854009303413 0.014198132060335938 0.010450070774329624 -0.010455471232305958 -0.0019113295428541842 -0.001308493048469159
leaf_weight=624 1048 666 459 776 2081 1089
leaf_count=624 1048 666 459 776 2081 1089
internal_value=2.89878e-05 0.00543926 0.00314249 -0.0050391 -0.00344881 0.0015269
internal_weight=6743 3262 2596 3481 2705 2137
internal_count=6743 3262 2596 3481 2705 2137
is_linear=0
shrinkage=0.01


Tree=131
num_leaves=7
num_cat=0
split_feature=0 0 6 10 16 16
split_gain=1818.07 639.235 298.944 288.368 175.523 162.138
threshold=0.86954052894723322 1.0903860702151775 1.1834576658307083 0.067052536146172695 4.4075120776741192 3.9572668644050748
decision_type=2 2 2 2 2 2
left_child=3 2 4 -1 -2 -3
right_child=1 5 -4 -5 -6 -7
leaf_value=-0.0031094707936330317 0.0025232053090679623 0.017400923961925406 0.010347798225881437 -0.0094472974233374106 -0.0065134565688454169 0.0062933964102782989
leaf_weight=2462 1905 456 459 1019 232 210
leaf_count=2462 1905 456 459 1019 232 210
internal_value=2.87718e-05 0.00538575 0.00311159 -0.00498937 0.00151173 0.0140583
internal_weight=6743 3262 2596 3481 2137 666
internal_count=6743 3262 2596 3481 2137 666
is_linear=0
shrinkage=0.01


Tree=132
num_leaves=7
num_cat=0
split_feature=10 8 12 16 4 10
split_gain=1749.4 619.533 561.397 337.713 320.918 211.182
threshold=0.030029870466207469 498.42090000000007 2.9727379293480429 0.3531559894771617 -0.035038078728199758 0.018067442480031854
decision_type=2 2 2 2 2 2
left_child=1 3 4 5 -2 -1
right_child=2 -3 -4 -5 -6 -7
leaf_value=0.019641586475561121 -0.0029773479664042279 0.020257438432466263 -0.0089995826556857079 0.0012476796947984616 0.0045176870592269049 0.0070730529644259313
leaf_weight=166 2481 308 1318 1045 731 694
leaf_count=166 2481 308 1318 1045 731 694
internal_value=2.87432e-05 0.00729848 -0.00352873 0.00510321 -0.00125977 0.00970845
internal_weight=6743 2213 4530 1905 3212 860
internal_count=6743 2213 4530 1905 3212 860
is_linear=0
shrinkage=0.01


Tree=133
num_leaves=7
num_cat=0
split_feature=0 16 4 10 13 13
split_gain=1762.6 626.33 351.574 291.918 192.069 277.05
threshold=0.98193751457940792 4.2457952378220734 -0.068568991809100324 0.03950435519730338 17.877604077128598 55.669639344324075
decision_type=2 2 2 2 2 2
left_child=1 2 -1 4 -2 -6
right_child=3 -3 -4 -5 5 -7
leaf_value=-0.0030929314199277594 0.0069376474781776588 -0.0074124662390622495 0.003282986470340251 -0.0020218873763709175 0.017725472995799497 0.00072402086878914059
leaf_weight=1876 589 1813 1587 182 579 117
leaf_count=1876 589 1813 1587 182 579 117
internal_value=2.90889e-05 -0.00266804 -0.0001671 0.00968836 0.0113575 0.0149324
internal_weight=6743 5276 3463 1467 1285 696
internal_count=6743 5276 3463 1467 1285 696
is_linear=0
shrinkage=0.01


Tree=134
num_leaves=7
num_cat=0
split_feature=0 0 14 4 10 14
split_gain=1730.84 504.026 372.857 230.815 213.175 170.291
threshold=0.90217773452766048 1.0903860702151775 2.6415040341048548 0.019750290831429932 0.02714946328841409 0.15604211495092127
decision_type=2 2 2 2 2 2
left_child=2 3 4 -2 -1 -3
right_child=1 5 -4 -5 -6 -7
leaf_value=0.0035254804351449471 0.001154803048080514 0.022131041576095085 -0.010087838378074166 0.0082043163086882292 -0.0036128037051813729 0.010282061836873014
leaf_weight=483 1290 178 816 723 2765 488
leaf_count=483 1290 178 816 723 2765 488
internal_value=2.90371e-05 0.00625739 -0.00407953 0.00371973 -0.00254066 0.0137442
internal_weight=6743 2679 4064 2013 3248 666
internal_count=6743 2679 4064 2013 3248 666
is_linear=0
shrinkage=0.01


Tree=135
num_leaves=7
num_cat=0
split_feature=0 0 6 14 1 14
split_gain=1700.19 599.975 282.972 273.767 198.055 172.325
threshold=0.86954052894723322 1.0903860702151775 1.1834576658307083 2.6415040341048548 0.93058506883918579 0.51924851890416079
decision_type=2 2 2 2 2 2
left_child=3 2 5 4 -1 -2
right_child=1 -3 -4 -5 -6 -7
leaf_value=-0.0081948718923799211 0.0043277874357161789 0.01361173503341969 0.010046570234539072 -0.010035036926728889 -0.0017864714729560014 -0.0013249203257662693
leaf_weight=624 1048 666 459 776 2081 1089
leaf_count=624 1048 666 459 776 2081 1089
internal_value=2.92442e-05 0.00520968 0.00300635 -0.00482343 -0.00329321 0.0014498
internal_weight=6743 3262 2596 3481 2705 2137
internal_count=6743 3262 2596 3481 2705 2137
is_linear=0
shrinkage=0.01


Tree=136
num_leaves=7
num_cat=0
split_feature=0 1 4 13 15 8
split_gain=1668.52 600.339 326.659 283.179 257.174 192.231
threshold=0.98193751457940792 1.0661709171926781 0.043670562441908721 0.05457676020289446 1.9483890140774462 498.42090000000007
decision_type=2 2 2 2 2 2
left_child=1 -1 4 -2 -3 -5
right_child=3 2 -4 5 -6 -7
leaf_value=-0.0070354344189773443 -0.0068213668082234922 0.0020224910412580356 0.006701063735121103 0.0083883734698621936 -0.0041080942466087626 0.017496762904280691
leaf_weight=1922 93 1190 583 1062 1581 312
leaf_count=1922 93 1190 583 1062 1581 312
internal_value=2.90206e-05 -0.0025951 -3.42622e-05 0.00942701 -0.00147393 0.0105754
internal_weight=6743 5276 3354 1467 2771 1374
internal_count=6743 5276 3354 1467 2771 1374
is_linear=0
shrinkage=0.01


Tree=137
num_leaves=7
num_cat=0
split_feature=0 0 8 14 4 14
split_gain=1639.26 580.197 345.371 266.269 234.929 168.385
threshold=0.86954052894723322 1.0903860702151775 25.715700000000002 2.6415040341048548 0.030874848643981045 0.43629665976035498
decision_type=2 2 2 2 2 2
left_child=3 2 -2 -1 5 -4
right_child=1 -3 4 -5 -6 -7
leaf_value=-0.0032268535276402379 -0.001701781899040875 0.013378200870452099 0.0065962416115771449 -0.0098755887308117699 0.011283825909843224 -0.0012268425033199126
leaf_weight=2705 984 666 603 776 518 491
leaf_count=2705 984 666 603 776 518 491
internal_value=2.89768e-05 0.00511577 0.00294902 -0.00473593 0.00578712 0.00309678
internal_weight=6743 3262 2596 3481 1612 1094
internal_count=6743 3262 2596 3481 1612 1094
is_linear=0
shrinkage=0.01


Tree=138
num_leaves=7
num_cat=0
split_feature=0 0 8 10 4 14
split_gain=1607.06 568.8 338.613 264.037 230.342 167.3
threshold=0.86954052894723322 1.0903860702151775 25.715700000000002 0.067052536146172695 0.030874848643981045 0.15604211495092127
decision_type=2 2 2 2 2 2
left_child=3 2 -2 -1 -4 -3
right_child=1 5 4 -5 -6 -7
leaf_value=-0.0028904393709673327 -0.0016849352605113857 0.021540836789348025 0.0030662105689628766 -0.0089543566374735862 0.011173124706432591 0.0098290917936368401
leaf_weight=2462 984 178 1094 1019 518 488
leaf_count=2462 984 178 1094 1019 518 488
internal_value=2.8883e-05 0.00506548 0.00292006 -0.00468897 0.00573028 0.0132464
internal_weight=6743 3262 2596 3481 1612 666
internal_count=6743 3262 2596 3481 1612 666
is_linear=0
shrinkage=0.01


Tree=139
num_leaves=7
num_cat=0
split_feature=0 16 10 10 8 16
split_gain=1577.48 578.043 325.116 279.464 248.726 177.61
threshold=0.98193751457940792 4.2457952378220734 0.024186181654504809 0.03950435519730338 498.42090000000007 0.3531559894771617
decision_type=2 2 2 2 2 2
left_child=1 2 -1 4 5 -2
right_child=3 -3 -4 -5 -6 -7
leaf_value=0.0077789520021866202 0.013201430259313481 -0.0070802622458870576 -0.0013036516301008574 -0.0022772940855550891 0.01919421736697928 0.0045998055330847909
leaf_weight=443 427 1813 3020 182 275 583
leaf_count=443 427 1813 3020 182 275 583
internal_value=2.90691e-05 -0.00252242 -0.000119839 0.00916711 0.0108008 0.00833991
internal_weight=6743 5276 3463 1467 1285 1010
internal_count=6743 5276 3463 1467 1285 1010
is_linear=0
shrinkage=0.01


Tree=140
num_leaves=7
num_cat=0
split_feature=10 8 12 16 4 10
split_gain=1548.3 569.653 503.35 316.861 291.412 198.955
threshold=0.030029870466207469 498.42090000000007 2.9727379293480429 0.3531559894771617 -0.035038078728199758 0.018067442480031854
decision_type=2 2 2 2 2 2
left_child=1 3 4 5 -2 -1
right_child=2 -3 -4 -5 -6 -7
leaf_value=0.018859474745351525 -0.0028057602954509801 0.019293629571476237 -0.0084976986927867114 0.0010313205456347933 0.00433625541579647 0.0066704471807096611
leaf_weight=166 2481 308 1318 1045 731 694
leaf_count=166 2481 308 1318 1045 731 694
internal_value=2.92836e-05 0.0068685 -0.00331738 0.00476413 -0.00116883 0.00922444
internal_weight=6743 2213 4530 1905 3212 860
internal_count=6743 2213 4530 1905 3212 860
is_linear=0
shrinkage=0.01


Tree=141
num_leaves=7
num_cat=0
split_feature=10 12 8 4 4 8
split_gain=1519.52 532.497 492.266 294.875 285.972 152.631
threshold=0.028168050531988353 2.9727379293480429 498.42090000000007 0.18184858684932068 -0.035038078728199758 25.272900000000003
decision_type=2 2 2 2 2 2
left_child=2 4 3 -1 -2 -6
right_child=1 -3 -4 -5 5 -7
leaf_value=0.0033954512867604542 -0.0025401498935119105 -0.0082857761567909447 0.019606832193029632 0.014618109720873067 -0.00038310757482727285 0.0080073557019064729
leaf_weight=1381 2604 1349 278 276 402 453
leaf_count=1381 2604 1349 278 276 402 453
internal_value=2.95963e-05 -0.00298065 0.00749132 0.00534724 -0.000890858 0.00409198
internal_weight=6743 4808 1935 1657 3459 855
internal_count=6743 4808 1935 1657 3459 855
is_linear=0
shrinkage=0.01


Tree=142
num_leaves=7
num_cat=0
split_feature=0 0 6 10 14 14
split_gain=1508.81 539.684 258.585 248.866 158.612 158.216
threshold=0.86954052894723322 1.0903860702151775 1.1834576658307083 0.067052536146172695 0.15604211495092127 0.51924851890416079
decision_type=2 2 2 2 2 2
left_child=3 2 5 -1 -3 -2
right_child=1 4 -4 -5 -6 -7
leaf_value=-0.0027953171233599857 0.0040903722523185221 0.020955265059551979 0.0095501180836505915 -0.0086826152094360166 0.0095512031296289841 -0.0013257202416163928
leaf_weight=2462 1048 178 459 1019 488 1089
leaf_count=2462 1048 178 459 1019 488 1089
internal_value=2.981e-05 0.00491007 0.00282028 -0.00454152 0.0128788 0.00133239
internal_weight=6743 3262 2596 3481 666 2137
internal_count=6743 3262 2596 3481 666 2137
is_linear=0
shrinkage=0.01


Tree=143
num_leaves=7
num_cat=0
split_feature=1 16 10 8 10 5
split_gain=1492.08 556.074 338.507 315.563 255.498 253.461
threshold=1.436731509255907 1.0477024586221126 0.019955804785169399 683.67465000000004 0.032605189010684155 0.18011670622206213
decision_type=2 2 2 2 2 2
left_child=1 3 -2 -1 -5 -4
right_child=2 -3 5 4 -6 -7
leaf_value=-0.00056233646404202278 0.013848496702844746 -0.0063651909356593319 0.013345306716310403 0.026451244454049033 0.0018180383530273601 0.002652547506788356
leaf_weight=2100 546 2441 264 71 93 1228
leaf_count=2100 546 2441 264 71 93 1228
internal_value=2.9976e-05 -0.00306422 0.00715832 0.000502761 0.0134472 0.00462748
internal_weight=6743 4705 2038 2264 164 1492
internal_count=6743 4705 2038 2264 164 1492
is_linear=0
shrinkage=0.01


Tree=144
num_leaves=7
num_cat=0
split_feature=1 16 10 8 10 5
split_gain=1462.7 545.251 331.855 310.036 251.026 248.628
threshold=1.436731509255907 1.0477024586221126 0.019955804785169399 683.67465000000004 0.032605189010684155 0.18011670622206213
decision_type=2 2 2 2 2 2
left_child=1 3 -2 -1 -5 -4
right_child=2 -3 5 4 -6 -7
leaf_value=-0.0005567397376874427 0.013712502554420839 -0.0063017986825441019 0.01321672413686807 0.026219387884585207 0.0018016230211891596 0.0026262363323359562
leaf_weight=2100 546 2441 264 71 93 1228
leaf_count=2100 546 2441 264 71 93 1228
internal_value=3.04639e-05 -0.00303311 0.00708829 0.000498952 0.0133295 0.00458233
internal_weight=6743 4705 2038 2264 164 1492
internal_count=6743 4705 2038 2264 164 1492
is_linear=0
shrinkage=0.01


Tree=145
num_leaves=7
num_cat=0
split_feature=0 8 14 14 9 24
split_gain=1437.94 466.678 321.172 283.317 238.448 234.986
threshold=0.90217773452766048 25.715700000000002 2.6415040341048548 0.11349218193399971 -0.0036327482023881786 4.3000000000000123
decision_type=2 2 2 2 2 10
left_child=2 -2 -1 5 -5 -3
right_child=1 3 -4 4 -6 -7
leaf_value=-0.0022855692795956833 -0.00055790372220317411 0.022407533342788302 -0.0092899884834556374 -0.0032351711057653689 0.0082265485007777858 0.00010631190953959882
leaf_weight=3248 821 216 816 202 1379 61
leaf_count=3248 821 216 816 202 1379 61
internal_value=3.09399e-05 0.00570801 -0.00371377 0.00847027 0.0067447 0.0177061
internal_weight=6743 2679 4064 1858 1581 277
internal_count=6743 2679 4064 1858 1581 277
is_linear=0
shrinkage=0.01


Tree=146
num_leaves=7
num_cat=0
split_feature=10 8 12 16 4 10
split_gain=1408.78 523.157 460.821 302.335 271.446 187.293
threshold=0.030029870466207469 498.42090000000007 2.9727379293480429 0.3531559894771617 -0.035038078728199758 0.018067442480031854
decision_type=2 2 2 2 2 2
left_child=1 3 4 5 -2 -1
right_child=2 -3 -4 -5 -6 -7
leaf_value=0.018241855208709076 -0.0026855497789033253 0.018462023517979403 -0.0081180893336051056 0.00089280377833781787 0.0042073568767265011 0.0064171343039660404
leaf_weight=166 2481 308 1318 1045 731 694
leaf_count=166 2481 308 1318 1045 731 694
internal_value=3.08285e-05 0.00655468 -0.00316143 0.00453793 -0.00110554 0.00889452
internal_weight=6743 2213 4530 1905 3212 860
internal_count=6743 2213 4530 1905 3212 860
is_linear=0
shrinkage=0.01


Tree=147
num_leaves=7
num_cat=0
split_feature=0 0 8 14 4 14
split_gain=1393.27 506.627 306.122 231.304 206.66 166.82
threshold=0.86954052894723322 1.0903860702151775 25.715700000000002 2.6415040341048548 0.019750290831429932 0.43629665976035498
decision_type=2 2 2 2 2 2
left_child=3 2 -2 -1 5 -4
right_child=1 -3 4 -5 -6 -7
leaf_value=-0.0029550908239100401 -0.0016815055391836843 0.012441605041182418 0.0062056840455054401 -0.0091519733962043652 0.010212808919407795 -0.0017487512769079523
leaf_weight=2705 984 666 584 776 563 465
leaf_count=2705 984 666 584 776 563 465
internal_value=3.11039e-05 0.00472083 0.0026961 -0.00436165 0.00536835 0.00268699
internal_weight=6743 3262 2596 3481 1612 1049
internal_count=6743 3262 2596 3481 1612 1049
is_linear=0
shrinkage=0.01


Tree=148
num_leaves=7
num_cat=0
split_feature=1 10 16 13 14 4
split_gain=1376.7 420.772 359.596 242.293 205.736 197.55
threshold=1.2893976790125234 0.019955804785169399 2.2992809954532447 0.25968510979177462 2.2110839337315658 -0.069715619410810462
decision_type=2 2 2 2 2 2
left_child=2 4 5 -3 -2 -1
right_child=1 3 -4 -5 -6 -7
leaf_value=-0.0037891201487070558 0.01480680393188623 -0.002989884281148502 -0.0070621107474101085 0.0048644376440389967 -0.001294763551466167 0.0025618532828617347
leaf_weight=1072 527 491 1858 1821 90 884
leaf_count=1072 527 491 1858 1821 90 884
internal_value=3.09606e-05 0.00517885 -0.003923 0.00318641 0.012459 -0.000915326
internal_weight=6743 2929 3814 2312 617 1956
internal_count=6743 2929 3814 2312 617 1956
is_linear=0
shrinkage=0.01


Tree=149
num_leaves=7
num_cat=0
split_feature=1 2 8 13 0 14
split_gain=1352.2 523.342 378.545 307.596 203.099 172.971
threshold=1.436731509255907 0.51686425246047851 683.67465000000004 16.265073570448624 1.2723730332504524 0.60584244387253006
decision_type=2 2 2 2 2 2
left_child=1 2 -1 5 -5 -2
right_child=3 -3 -4 4 -6 -7
leaf_value=8.2321400956128854e-05 0.0064566866934228449 -0.0056431979590058547 0.019983907562523787 0.0092395289101175598 0.026453137100686003 -0.0018049116581706659
leaf_weight=1801 567 2813 91 959 69 443
leaf_count=1801 567 2813 91 959 69 443
internal_value=3.07264e-05 -0.0029148 0.00114483 0.00681679 0.0106483 0.00284106
internal_weight=6743 4705 1892 2038 1028 1010
internal_count=6743 4705 1892 2038 1028 1010
is_linear=0
shrinkage=0.01


Tree=150
num_leaves=7
num_cat=0
split_feature=1 0 16 4 14 13
split_gain=1329.23 443.943 349.113 260.785 204.803 200.495
threshold=1.2893976790125234 1.0415281094270885 2.2992809954532447 0.1756458525304864 2.4912163471583493 17.877604077128598
decision_type=2 2 2 2 2 2
left_child=2 3 -1 -2 5 -3
right_child=1 4 -4 -5 -6 -7
leaf_value=-0.00089039608126076071 0.0013324578220442276 0.0069134431376359773 -0.0069469252307055472 0.014193825909297247 -0.0046987023767901632 0.016979138610637462
leaf_weight=1956 1854 409 1858 163 72 431
leaf_count=1956 1854 409 1858 163 72 431
internal_value=3.12598e-05 0.00508965 -0.00385392 0.00244165 0.0108452 0.0122289
internal_weight=6743 2929 3814 2017 912 840
internal_count=6743 2929 3814 2017 912 840
is_linear=0
shrinkage=0.01


Tree=151
num_leaves=7
num_cat=0
split_feature=10 12 1 4 10 5
split_gain=1308.77 376.789 344.632 237.137 166.12 206.354
threshold=0.032605189010684155 2.9727379293480429 1.4753420904935914 -0.058937173338306788 0.018953767980624581 0.18011670622206213
decision_type=2 2 2 2 2 2
left_child=2 3 -1 -2 -4 -6
right_child=1 -3 4 -5 5 -7
leaf_value=0.0019797173619652713 -0.0032386441079426021 -0.0080007652027458877 0.014223774060730714 0.0032668701092714619 0.014771772326375337 0.0034652262340210851
leaf_weight=1388 2031 1281 434 762 213 634
leaf_count=1388 2031 1281 434 762 213 634
internal_value=3.13453e-05 -0.00353013 0.00546424 -0.00145489 0.0091875 0.00645941
internal_weight=6743 4074 2669 2793 1281 847
internal_count=6743 4074 2669 2793 1281 847
is_linear=0
shrinkage=0.01


Tree=152
num_leaves=7
num_cat=0
split_feature=1 9 16 8 1 8
split_gain=1285.45 415.179 335.038 291.645 269.066 191.856
threshold=1.2728733116782385 -0.0033226845154038973 2.323547636242187 498.42090000000007 2.0830140682167868 683.67465000000004
decision_type=2 2 2 2 2 2
left_child=2 -2 5 4 -3 -1
right_child=1 3 -4 -5 -6 -7
leaf_value=-0.0018610961699553094 -0.0020265675276305035 0.0035982711748211494 -0.006998229758616116 0.016148978772287818 0.012576241787095719 0.010293310584034772
leaf_weight=1772 677 1661 1801 287 415 130
leaf_count=1772 677 1661 1801 287 415 130
internal_value=3.14534e-05 0.00484315 -0.00391845 0.00681579 0.00544948 -0.000975633
internal_weight=6743 3040 3703 2363 2076 1902
internal_count=6743 3040 3703 2363 2076 1902
is_linear=0
shrinkage=0.01


Tree=153
num_leaves=7
num_cat=0
split_feature=10 1 8 1 13 6
split_gain=1265.42 454.176 429.91 319.087 271.054 155.243
threshold=0.028168050531988353 1.0404700493063634 498.42090000000007 1.7140332793741309 0.25968510979177462 0.93216031020552681
decision_type=2 2 2 2 2 2
left_child=2 -2 3 -1 -3 -6
right_child=1 4 -4 -5 5 -7
leaf_value=0.0016947897635446194 -0.0070017890086738945 -0.0043057965812066017 0.018161628637640714 0.010987315241698966 -0.00017554757935287927 0.0057643656652825058
leaf_weight=1106 1624 1176 278 551 1373 635
leaf_count=1106 1624 1176 278 551 1373 635
internal_value=3.16087e-05 -0.00271531 0.00684104 0.00483819 -0.000510783 0.00171716
internal_weight=6743 4808 1935 1657 3184 2008
internal_count=6743 4808 1935 1657 3184 2008
is_linear=0
shrinkage=0.01


Tree=154
num_leaves=7
num_cat=0
split_feature=0 8 6 1 9 19
split_gain=1245.22 472.641 439.707 229.622 183.127 151.847
threshold=0.86954052894723322 220.44105000000005 1.4290195941402677 1.0209974464444549 -0.0018181625501031866 221.15999999999971
decision_type=2 2 2 2 2 10
left_child=3 2 4 -1 -2 -3
right_child=1 5 -4 -5 -6 -7
leaf_value=-0.0072071161430795564 -0.003972783974722784 0.017428765682246397 0.015679782674063877 -0.001968004630063211 0.0024831129228129671 0.007885882348195223
leaf_weight=1419 611 229 203 2062 1490 729
leaf_count=1419 611 229 203 2062 1490 729
internal_value=3.16647e-05 0.00446531 0.00198676 -0.00412108 0.000590986 0.0103338
internal_weight=6743 3262 2304 3481 2101 958
internal_count=6743 3262 2304 3481 2101 958
is_linear=0
shrinkage=0.01


Tree=155
num_leaves=7
num_cat=0
split_feature=10 0 12 6 15 19
split_gain=1224.63 464.476 357.314 219.523 163.309 170.332
threshold=0.032605189010684155 1.0526664850764222 2.9727379293480429 0.89437349410086708 1.7008759736422203 209.14000000000092
decision_type=2 2 2 2 2 8
left_child=1 4 3 -2 5 -1
right_child=2 -3 -4 -5 -6 -7
leaf_value=0.015115434801651657 -0.0030765308950872206 0.012493874862342463 -0.0077667888163608428 0.0032370650007410569 0 0.0038243024863630131
leaf_weight=153 2052 662 1281 741 1005 849
leaf_count=153 2052 662 1281 741 1005 849
internal_value=3.17972e-05 0.0052872 -0.00341325 -0.00139235 0.002855 0.0056906
internal_weight=6743 2669 4074 2793 2007 1002
internal_count=6743 2669 4074 2793 2007 1002
is_linear=0
shrinkage=0.01


Tree=156
num_leaves=7
num_cat=0
split_feature=1 0 2 4 8 14
split_gain=1204.99 415.344 397.345 245.078 227.254 197.559
threshold=1.2728733116782385 1.0415281094270885 0.45998622308543341 0.1756458525304864 683.67465000000004 2.4912163471583493
decision_type=2 2 2 2 2 2
left_child=2 3 4 -2 -1 -3
right_child=1 5 -4 -5 -6 -7
leaf_value=-0.00012502871837594259 0.0012070090889855513 0.011622807190426417 -0.0060454081022420936 0.013612482011018473 0.018431971560099295 -0.0049666879816753105
leaf_weight=1134 1957 847 2509 164 60 72
leaf_count=1134 1957 847 2509 164 60 72
internal_value=3.18463e-05 0.00469057 -0.0037924 0.0022303 0.000944523 0.0102728
internal_weight=6743 3040 3703 2121 1194 919
internal_count=6743 3040 3703 2121 1194 919
is_linear=0
shrinkage=0.01


Tree=157
num_leaves=7
num_cat=0
split_feature=10 1 8 1 13 4
split_gain=1188.63 425.675 411.642 301.822 256.124 147.468
threshold=0.028168050531988353 1.0404700493063634 498.42090000000007 1.7140332793741309 0.25968510979177462 -0.035038078728199758
decision_type=2 2 2 2 2 2
left_child=2 -2 3 -1 -3 -6
right_child=1 4 -4 -5 5 -7
leaf_value=0.0016151192143234933 -0.0067800275246903061 -0.0041849434727188016 0.01770844643010706 0.010652579365932316 -0.00017265168370072048 0.0056188458056508715
leaf_weight=1106 1624 1176 278 551 1374 634
leaf_count=1106 1624 1176 278 551 1374 634
internal_value=3.20275e-05 -0.0026302 0.00663167 0.00467221 -0.000495854 0.00166977
internal_weight=6743 4808 1935 1657 3184 2008
internal_count=6743 4808 1935 1657 3184 2008
is_linear=0
shrinkage=0.01


Tree=158
num_leaves=7
num_cat=0
split_feature=10 12 8 1 4 8
split_gain=1165.43 420.268 403.774 295.923 229.406 131.601
threshold=0.028168050531988353 2.9727379293480429 498.42090000000007 1.7140332793741309 -0.035038078728199758 25.272900000000003
decision_type=2 2 2 2 2 2
left_child=2 4 3 -1 -2 -6
right_child=1 -3 -4 -5 5 -7
leaf_value=0.0015991127295933519 -0.002224880590900927 -0.0073170824284542616 0.017537510560877208 0.01054795231577175 -0.00043698858130650903 0.0073510634136179035
leaf_weight=1106 2604 1349 278 551 402 453
leaf_count=1106 2604 1349 278 551 402 453
internal_value=3.20693e-05 -0.00260404 0.006567 0.00462628 -0.000747286 0.00371503
internal_weight=6743 4808 1935 1657 3459 855
internal_count=6743 4808 1935 1657 3459 855
is_linear=0
shrinkage=0.01


Tree=159
num_leaves=7
num_cat=0
split_feature=10 8 12 16 6 2
split_gain=1143.07 577.706 335.511 320.389 206.706 176.951
threshold=0.032605189010684155 498.42090000000007 2.9727379293480429 0.5064583008350616 0.89437349410086708 0.75757631966923722
decision_type=2 2 2 2 2 2
left_child=1 3 4 -1 -2 -3
right_child=2 5 -4 -5 -6 -7
leaf_value=0.0071066388477680946 -0.0029721941242200319 0.020314660738654362 -0.0075147957430530621 -0.00029082169863517936 0.003154181818574383 0.0010848158619233541
leaf_weight=1122 2052 281 1281 1206 741 60
leaf_count=1122 2052 281 1281 1206 741 60
internal_value=3.21493e-05 0.00510959 -0.00329615 0.00328532 -0.00133781 0.0170869
internal_weight=6743 2669 4074 2328 2793 341
internal_count=6743 2669 4074 2328 2793 341
is_linear=0
shrinkage=0.01


Tree=160
num_leaves=7
num_cat=0
split_feature=10 10 10 2 13 15
split_gain=1123.29 376.833 190.923 174.151 150.979 154.739
threshold=0.028168050531988353 0.051132097672194635 0.019955804785169399 0.29609949564028709 48.659852916307571 4.0449662377052915
decision_type=2 2 2 2 2 2
left_child=2 3 4 -2 5 -1
right_child=1 -3 -4 -5 -6 -7
leaf_value=0.01722328629680411 0.0059961399954229005 -0.0060645630558590511 0.0041084342549165742 -0.0012528038613664055 0.00097517921126956224 0.0056666411388488049
leaf_weight=334 370 1862 1270 2576 131 200
leaf_count=334 370 1862 1270 2576 131 200
internal_value=3.21371e-05 -0.00255585 0.00644787 -0.000321792 0.0107738 0.0130971
internal_weight=6743 4808 1935 2946 665 534
internal_count=6743 4808 1935 2946 665 534
is_linear=0
shrinkage=0.01


Tree=161
num_leaves=7
num_cat=0
split_feature=1 2 10 5 1 14
split_gain=1121.97 465.257 252.81 217.239 188.034 181.131
threshold=1.4753420904935914 0.45998622308543341 0.019955804785169399 0.18011670622206213 1.166333093463247 2.2110839337315658
decision_type=2 2 2 2 2 2
left_child=1 -1 5 -4 -3 -2
right_child=2 4 3 -5 -6 -7
leaf_value=0.00199267369294633 0.014678922095375651 -0.0065879940930572648 0.013527901415393947 0.002445226564128516 -0.0017391048867527084 -0.0024433597298218058
leaf_weight=1577 460 1942 203 1112 1382 67
leaf_count=1577 460 1942 203 1112 1382 67
internal_value=3.224e-05 -0.00246757 0.00666628 0.00425282 -0.00458626 0.0124785
internal_weight=6743 4901 1842 1315 3324 527
internal_count=6743 4901 1842 1315 3324 527
is_linear=0
shrinkage=0.01


Tree=162
num_leaves=7
num_cat=0
split_feature=0 16 4 13 12 0
split_gain=1100.51 420.302 259.72 227.489 147.882 137.836
threshold=0.98193751457940792 4.2457952378220734 0.086065307596167664 0.05457676020289446 1.1839263696174613 1.0903860702151775
decision_type=2 2 2 2 2 2
left_child=1 2 4 -2 -1 -5
right_child=3 -3 -4 5 -6 -7
leaf_value=-0.00014237516853904443 -0.0068526256999489176 -0.0059851170336041913 0.0074966083532638349 0.0055785046844039681 -0.0064151782949337342 0.012087764757304562
leaf_weight=2641 93 1813 393 731 429 643
leaf_count=2641 93 1813 393 731 429 643
internal_value=3.22415e-05 -0.00209864 -4.96881e-05 0.00766497 -0.00104016 0.00869724
internal_weight=6743 5276 3463 1467 3070 1374
internal_count=6743 5276 3463 1467 3070 1374
is_linear=0
shrinkage=0.01


Tree=163
num_leaves=7
num_cat=0
split_feature=1 9 16 8 1 8
split_gain=1085.63 354.758 293.814 247.911 240.813 177.253
threshold=1.2728733116782385 -0.0033226845154038973 2.2992809954532447 498.42090000000007 2.0830140682167868 683.67465000000004
decision_type=2 2 2 2 2 2
left_child=2 -2 5 4 -3 -1
right_child=1 3 -4 -5 -6 -7
leaf_value=-0.0016777812790565695 -0.0018951176034343895 0.0032668333805303015 -0.0064570667959541203 0.014883779727160831 0.011758424312668435 0.010008596169629267
leaf_weight=1756 677 1661 1817 287 415 130
leaf_count=1756 677 1661 1817 287 415 130
internal_value=3.19749e-05 0.00445401 -0.00359785 0.00627758 0.00501736 -0.000818438
internal_weight=6743 3040 3703 2363 2076 1886
internal_count=6743 3040 3703 2363 2076 1886
is_linear=0
shrinkage=0.01


Tree=164
num_leaves=7
num_cat=0
split_feature=1 16 8 13 10 0
split_gain=1064.79 420.657 313.517 250.086 234.756 178.745
threshold=1.4753420904935914 1.0477024586221126 683.67465000000004 16.265073570448624 0.032605189010684155 1.2723730332504524
decision_type=2 2 2 2 2 2
left_child=1 2 -1 -2 -4 -5
right_child=3 -3 4 5 -6 -7
leaf_value=-0.00043938545637724902 0.0026896548234373657 -0.0052637801620221579 0.02483549646447214 0.0086524642782353708 0.001780036666150232 0.024974185755619636
leaf_weight=2227 906 2502 79 868 93 68
leaf_count=2227 906 2502 79 868 93 68
internal_value=3.20977e-05 -0.00240314 0.000585636 0.00649491 0.0132072 0.0101003
internal_weight=6743 4901 2399 1842 172 936
internal_count=6743 4901 2399 1842 172 936
is_linear=0
shrinkage=0.01


Tree=165
num_leaves=7
num_cat=0
split_feature=0 8 4 16 1 10
split_gain=1048.35 423.568 415.521 213.475 202.616 159.174
threshold=0.86954052894723322 207.53325000000004 0.18184858684932068 0.95731794723447783 1.0209974464444549 0.025942626148776217
decision_type=2 2 2 2 2 2
left_child=4 2 3 -2 -1 -3
right_child=1 5 -4 -5 -6 -7
leaf_value=-0.0066762435354978016 0.002343015550665105 0.01427999176585636 0.015188824510531563 -0.0047836533524601554 -0.001755374705361748 0.0058916238970871618
leaf_weight=1419 1529 416 199 568 2062 550
leaf_count=1419 1529 416 199 568 2062 550
internal_value=3.26538e-05 0.00410086 0.00174129 0.000394376 -0.00377757 0.00962355
internal_weight=6743 3262 2296 2097 3481 966
internal_count=6743 3262 2296 2097 3481 966
is_linear=0
shrinkage=0.01


Tree=166
num_leaves=7
num_cat=0
split_feature=0 10 16 8 6 0
split_gain=1029 336.276 269.435 208.128 189.023 184.849
threshold=0.94944277342571182 0.067052536146172695 5.3035948249795668 498.42090000000007 1.2360743805817751 1.2723730332504524
decision_type=2 2 2 2 2 2
left_child=1 4 3 5 -1 -2
right_child=2 -3 -4 -5 -6 -7
leaf_value=-0.0016565848243233214 0.003941515711851553 -0.0073444109113810939 -0.0098156355359036527 0.014113344349063599 0.0063338210548839358 0.014391302788822415
leaf_weight=3517 1230 1056 89 347 313 191
leaf_count=3517 1230 1056 89 347 313 191
internal_value=3.26899e-05 -0.00237461 0.00635075 0.00722081 -0.000986185 0.00544384
internal_weight=6743 4886 1857 1768 3830 1421
internal_count=6743 4886 1857 1768 3830 1421
is_linear=0
shrinkage=0.01


Tree=167
num_leaves=7
num_cat=0
split_feature=1 2 13 14 8 15
split_gain=1017.1 346.97 338.52 228.374 197.789 199.719
threshold=1.2728733116782385 0.40125978728356532 16.265073570448624 0.60584244387253006 27.407250000000005 1.4268653079054336
decision_type=2 2 2 2 2 2
left_child=1 -1 3 -2 -4 -6
right_child=2 -3 4 -5 5 -7
leaf_value=0.0018624198812369655 0.0049706104232935186 -0.0052230240175677161 0.001499132065518635 -0.0023758079322285081 0.018777842533350964 0.0077433279140107572
leaf_weight=909 830 2794 357 842 212 799
leaf_count=909 830 2794 357 842 212 799
internal_value=3.26586e-05 -0.00348069 0.0043129 0.00127296 0.00798492 0.0102282
internal_weight=6743 3703 3040 1672 1368 1011
internal_count=6743 3703 3040 1672 1368 1011
is_linear=0
shrinkage=0.01


Tree=168
num_leaves=7
num_cat=0
split_feature=1 0 2 4 8 14
split_gain=997.151 347.964 340.91 220.106 209.682 185.045
threshold=1.2728733116782385 1.0415281094270885 0.45998622308543341 0.1756458525304864 683.67465000000004 2.4912163471583493
decision_type=2 2 2 2 2 2
left_child=2 3 4 -2 -1 -3
right_child=1 5 -4 -5 -6 -7
leaf_value=-8.6516602961281378e-05 0.0010491163805055532 0.010689545130091443 -0.0055329494564522264 0.012804642524784325 0.017738301891201576 -0.0053232025109776638
leaf_weight=1134 1957 847 2509 164 60 72
leaf_count=1134 1957 847 2509 164 60 72
internal_value=3.27653e-05 0.00427084 -0.00344594 0.00201859 0.000940786 0.00938045
internal_weight=6743 3040 3703 2121 1194 919
internal_count=6743 3040 3703 2121 1194 919
is_linear=0
shrinkage=0.01


Tree=169
num_leaves=7
num_cat=0
split_feature=1 2 8 13 0 14
split_gain=978.673 422.175 320.631 235.637 173.874 170.46
threshold=1.4753420904935914 0.45998622308543341 683.67465000000004 16.265073570448624 1.2723730332504524 0.73190518525404902
decision_type=2 2 2 2 2 2
left_child=1 2 -1 -2 -5 -3
right_child=3 5 -4 4 -6 -7
leaf_value=0.00082542692756052739 0.0025360180246674223 -0.0019635292759838585 0.020177967068892747 0.0083043234233581616 0.024381559305848222 -0.0065167644582599417
leaf_weight=1496 906 1615 81 868 68 1709
leaf_count=1496 906 1615 81 868 68 1709
internal_value=3.29017e-05 -0.00230172 0.00194662 0.00622891 0.00972828 -0.00432005
internal_weight=6743 4901 1577 1842 936 3324
internal_count=6743 4901 1577 1842 936 3324
is_linear=0
shrinkage=0.01


Tree=170
num_leaves=7
num_cat=0
split_feature=0 8 6 16 1 5
split_gain=964.043 396.885 377.592 206.312 192.155 147.964
threshold=0.86954052894723322 207.53325000000004 1.4290195941402677 0.95731794723447783 1.0209974464444549 0.15151723646610768
decision_type=2 2 2 2 2 2
left_child=4 2 3 -2 -1 -3
right_child=1 5 -4 -5 -6 -7
leaf_value=-0.0064431295240231284 0.0022687401600598937 0.016879142455357526 0.014336565891040287 -0.0047474650949304005 -0.0016514133074662513 0.0070915924856972106
leaf_weight=1419 1527 200 203 566 2062 766
leaf_count=1419 1527 200 203 566 2062 766
internal_value=3.33093e-05 0.00393457 0.00165056 0.000353074 -0.00362044 0.00928043
internal_weight=6743 3262 2296 2093 3481 966
internal_count=6743 3262 2296 2093 3481 966
is_linear=0
shrinkage=0.01


Tree=171
num_leaves=7
num_cat=0
split_feature=10 0 12 8 8 4
split_gain=961.866 497.004 194.364 167.015 148.522 146.717
threshold=0.039153429752138071 0.98193751457940792 2.9727379293480429 498.42090000000007 36.914400000000008 0.043670562441908721
decision_type=2 2 2 2 2 2
left_child=1 4 -2 -3 -1 -6
right_child=2 3 -4 -5 5 -7
leaf_value=-0.0017914907975447847 -0.002074766700941008 0.0065189606254857299 -0.0072402234071420367 0.015419103098724983 0.0012442329398632706 0.0094917625806761659
leaf_weight=1133 1993 1009 1157 274 900 277
leaf_count=1133 1993 1009 1157 274 900 277
internal_value=3.33869e-05 0.00356663 -0.00399212 0.00853198 0.000779618 0.00325728
internal_weight=6743 3593 3150 1283 2310 1177
internal_count=6743 3593 3150 1283 2310 1177
is_linear=0
shrinkage=0.01


Tree=172
num_leaves=7
num_cat=0
split_feature=10 0 12 8 15 8
split_gain=943.037 487.283 190.527 163.859 154.442 155.168
threshold=0.039153429752138071 0.98193751457940792 2.9727379293480429 498.42090000000007 1.7008759736422203 1697.5800000000002
decision_type=2 2 2 2 2 2
left_child=1 4 -2 -3 5 -1
right_child=2 3 -4 -5 -6 -7
leaf_value=0.0024891323656375283 -0.0020541226083541329 0.0064544107627043171 -0.0071684415641878416 0.015270341156283394 -0.001576158699457168 0.017409348330999677
leaf_weight=983 1993 1009 1157 274 1261 66
leaf_count=983 1993 1009 1157 274 1261 66
internal_value=3.33724e-05 0.00353187 -0.00395252 0.00844843 0.000772207 0.00359284
internal_weight=6743 3593 3150 1283 2310 1049
internal_count=6743 3593 3150 1283 2310 1049
is_linear=0
shrinkage=0.01


Tree=173
num_leaves=7
num_cat=0
split_feature=1 0 2 6 14 13
split_gain=922.141 321.379 320.657 212.193 198.977 164.469
threshold=1.2728733116782385 1.0743532281786174 0.40125978728356532 1.1834576658307083 2.4912163471583493 17.877604077128598
decision_type=2 2 2 2 2 2
left_child=2 3 -1 -2 5 -3
right_child=1 4 -4 -5 -6 -7
leaf_value=0.0018242195512242088 0.00071962991587927818 0.0059852410897689489 -0.0049868131604908538 0.0082761336723915883 -0.006904040686786175 0.016151041788980365
leaf_weight=909 1850 329 2794 457 58 346
leaf_count=909 1850 329 2794 457 58 346
internal_value=3.34951e-05 0.0041091 -0.00331176 0.00225009 0.00983754 0.0113705
internal_weight=6743 3040 3703 2307 733 675
internal_count=6743 3040 3703 2307 733 675
is_linear=0
shrinkage=0.01


Tree=174
num_leaves=7
num_cat=0
split_feature=10 1 0 13 14 13
split_gain=913.996 345.559 255.113 206.042 150.376 127.567
threshold=0.028168050531988353 1.0404700493063634 1.0415281094270885 0.25968510979177462 2.4912163471583493 55.669639344324075
decision_type=2 2 2 2 2 2
left_child=2 -2 -1 -3 5 -4
right_child=1 3 4 -5 -6 -7
leaf_value=0.0032877838545027223 -0.0060397328099796171 -0.0036870503384995113 0.014323149239828102 0.001564118983862934 -0.0032187182214898124 -0.0011111938864437503
leaf_weight=1320 1624 1176 497 2008 61 57
leaf_count=1320 1624 1176 497 2008 61 57
internal_value=3.35017e-05 -0.00230082 0.00582088 -0.000377724 0.0111022 0.0127259
internal_weight=6743 4808 1935 3184 615 554
internal_count=6743 4808 1935 3184 615 554
is_linear=0
shrinkage=0.01


Tree=175
num_leaves=7
num_cat=0
split_feature=9 1 8 23 1 9
split_gain=897.65 455.99 301.461 154.382 146.901 116.995
threshold=-0.0033226845154038973 1.4753420904935914 683.67465000000004 22.188333333333372 1.043160096093547 0.0069745960986368205
decision_type=2 2 2 8 2 2
left_child=-1 2 4 5 -2 -3
right_child=1 3 -4 -5 -6 -7
leaf_value=-0.0042838093425834837 -0.0051930537018110992 0.0070738917198193332 0.017655239905201899 -0.0046075921283605008 0.00095452308314295539 0.016449714741465869
leaf_weight=2802 482 1290 87 94 1838 150
leaf_count=2802 482 1290 87 94 1838 150
internal_value=3.32129e-05 0.00310816 0.000381272 0.00735027 -0.000335203 0.00816415
internal_weight=6743 3941 2407 1534 2320 1440
internal_count=6743 3941 2407 1534 2320 1440
is_linear=0
shrinkage=0.01


Tree=176
num_leaves=7
num_cat=0
split_feature=10 8 1 2 14 16
split_gain=883.546 429.162 380.377 208.866 167.111 166.969
threshold=0.039153429752138071 498.42090000000007 1.8663904641336309 0.71273223327741353 2.6415040341048548 0.95731794723447783
decision_type=2 2 2 2 2 2
left_child=1 2 5 -3 -2 -1
right_child=4 3 -4 -5 -6 -7
leaf_value=0.0023400395064392394 -0.0024993211067209152 0.017271068075543124 0.0097166240805363294 0.00057293977471999829 -0.0078864317003217183 -0.0029879678621992705
leaf_weight=1790 2389 294 544 102 761 863
leaf_count=1790 2389 294 544 102 761 863
internal_value=3.32961e-05 0.00341969 0.00217854 0.0131147 -0.00382478 0.000598414
internal_weight=6743 3593 3197 396 3150 2653
internal_count=6743 3593 3197 396 3150 2653
is_linear=0
shrinkage=0.01


Tree=177
num_leaves=7
num_cat=0
split_feature=10 12 0 4 14 13
split_gain=868.151 324.89 244.505 186.372 155.647 121.913
threshold=0.028168050531988353 2.9727379293480429 1.0526664850764222 -0.035038078728199758 2.4912163471583493 55.669639344324075
decision_type=2 2 2 2 2 2
left_child=2 3 -1 -2 5 -4
right_child=1 -3 4 -5 -6 -7
leaf_value=0.0033393944436947258 -0.0019413020131439176 -0.0063856611377473942 0.014582591650159689 0.0034124391581688207 -0.0035541547111411025 -0.0011780152079318802
leaf_weight=1371 2604 1349 453 855 59 52
leaf_count=1371 2604 1349 453 855 59 52
internal_value=3.32079e-05 -0.00224178 0.00567361 -0.000609053 0.0111733 0.0129489
internal_weight=6743 4808 1935 3459 564 505
internal_count=6743 4808 1935 3459 564 505
is_linear=0
shrinkage=0.01


Tree=178
num_leaves=7
num_cat=0
split_feature=10 0 12 8 15 19
split_gain=852.873 447.002 164.787 157.444 152.317 165.543
threshold=0.040017781839351861 0.98193751457940792 2.406057576325757 498.42090000000007 1.7008759736422203 209.14000000000092
decision_type=2 2 2 2 2 8
left_child=1 4 -2 -3 5 -1
right_child=2 3 -4 -5 -6 -7
leaf_value=0.013371514348338729 -0.0020328394336479767 0.0060279560343202377 -0.0068428622075559446 0.014627586113043914 -0.0016028397658057144 0.0018809392463792066
leaf_weight=136 1884 1026 1157 275 1312 953
leaf_count=136 1884 1026 1157 275 1312 953
internal_value=3.29687e-05 0.00325389 -0.0038826 0.00795105 0.000682137 0.00343365
internal_weight=6743 3702 3041 1301 2401 1089
internal_count=6743 3702 3041 1301 2401 1089
is_linear=0
shrinkage=0.01


Tree=179
num_leaves=7
num_cat=0
split_feature=9 0 8 1 4 13
split_gain=843.074 433.917 174.753 158.247 152.417 139.8
threshold=-0.0033226845154038973 0.9856354527104404 25.715700000000002 1.043160096093547 0.18184858684932068 17.877604077128598
decision_type=2 2 2 2 2 2
left_child=-1 3 -3 -2 -5 -4
right_child=1 2 5 4 -6 -7
leaf_value=-0.0041506677463521722 -0.0043570963165739315 0.00063534293105376176 0.0055804959759337041 0.0011008387003779096 0.011448315649668311 0.013182703763218891
leaf_weight=2802 497 280 496 1995 144 529
leaf_count=2802 497 280 496 1995 144 529
internal_value=3.30156e-05 0.00301307 0.00770605 0.000665599 0.00185213 0.0096031
internal_weight=6743 3941 1305 2636 2139 1025
internal_count=6743 3941 1305 2636 2139 1025
is_linear=0
shrinkage=0.01


Tree=180
num_leaves=7
num_cat=0
split_feature=1 12 13 4 8 0
split_gain=827.391 302.587 203.336 199.601 306.075 167.801
threshold=1.4753420904935914 2.9727379293480429 16.265073570448624 -0.068568991809100324 498.42090000000007 1.2723730332504524
decision_type=2 2 2 2 2 2
left_child=1 3 -2 -1 -5 -4
right_child=2 -3 5 4 -6 -7
leaf_value=-0.0026317115537837867 0.0022996139184517919 -0.0061645011950556316 0.0075919412280451969 0.00098059982209293926 0.01962527003753534 0.023335566207384452
leaf_weight=2040 906 1331 868 1446 84 68
leaf_count=2040 906 1331 868 1446 84 68
internal_value=3.30622e-05 -0.00211343 0.00573021 -0.000587285 0.00213151 0.00898087
internal_weight=6743 4901 1842 3570 1530 936
internal_count=6743 4901 1842 3570 1530 936
is_linear=0
shrinkage=0.01


Tree=181
num_leaves=7
num_cat=0
split_feature=1 2 6 14 14 13
split_gain=813.423 295.62 290.702 193.206 151.201 161.426
threshold=1.2728733116782385 0.40125978728356532 1.1834576658307083 0.22643131998858076 2.2110839337315658 55.669639344324075
decision_type=2 2 2 2 2 2
left_child=1 -1 3 -2 5 -4
right_child=2 -3 4 -5 -6 -7
leaf_value=0.001822277625561089 0.0067810099756319001 -0.0047168369512381762 0.013249775318704238 0.00032151797912523131 -0.0055282220520982243 0.0012401858775336651
leaf_weight=909 631 2794 521 1685 56 147
leaf_count=909 631 2794 521 1685 56 147
internal_value=3.34281e-05 -0.00310836 0.00386134 0.00210731 0.00935351 0.010679
internal_weight=6743 3703 3040 2316 724 668
internal_count=6743 3703 3040 2316 724 668
is_linear=0
shrinkage=0.01


Tree=182
num_leaves=7
num_cat=0
split_feature=10 8 14 6 22 12
split_gain=800.113 397.285 317.601 233.953 211.907 156.37
threshold=0.040017781839351861 25.715700000000002 0.099644470158808562 1.0829171546620506 32.60000000000003 2.406057576325757
decision_type=2 2 2 2 10 2
left_child=1 -1 4 -4 -3 -2
right_child=5 2 3 -5 -6 -7
leaf_value=-0.001142857967106126 -0.0019572676909180116 0.019285864804781252 0.0016386447842168307 0.0087313005669535076 -0.00053606970017993608 -0.0066427953482901597
leaf_weight=1357 1884 238 1324 716 67 1157
leaf_count=1357 1884 238 1324 716 67 1157
internal_value=3.33184e-05 0.00315307 0.00563758 0.00416335 0.015021 -0.00375916
internal_weight=6743 3702 2345 2040 305 3041
internal_count=6743 3702 2345 2040 305 3041
is_linear=0
shrinkage=0.01


Tree=183
num_leaves=7
num_cat=0
split_feature=9 1 8 25 9 14
split_gain=791.666 402.823 281.552 146.844 146.855 164.006
threshold=-0.0033226845154038973 1.4753420904935914 683.67465000000004 8.3000000000000131 0.0069745960986368205 0.16238947904842208
decision_type=2 2 2 8 2 2
left_child=-1 2 -2 4 5 -3
right_child=1 3 -4 -5 -6 -7
leaf_value=-0.0040208362530448948 -0.00033443304121368386 0.014662809916095348 0.017051765707887939 0.00083829509714304141 0.018465783806776045 0.0050482921812460939
leaf_weight=2802 2320 224 87 322 127 861
leaf_count=2802 2320 224 87 322 127 861
internal_value=3.32426e-05 0.00292105 0.000357796 0.00690822 0.00849261 0.00715814
internal_weight=6743 3941 2407 1534 1212 1085
internal_count=6743 3941 2407 1534 1212 1085
is_linear=0
shrinkage=0.01


Tree=184
num_leaves=7
num_cat=0
split_feature=9 0 8 14 14 1
split_gain=776.28 404.443 192.824 182.579 148.091 131.585
threshold=-0.0033226845154038973 1.0526664850764222 36.914400000000008 2.4912163471583493 0.098293964855324462 1.1217697972837888
decision_type=2 2 2 2 2 2
left_child=-1 2 -2 -3 -4 -6
right_child=1 3 4 -5 5 -7
leaf_value=-0.0039807708722965334 -0.0013370275957512345 0.010554227115029083 0.013455710518504129 -0.0057943250625752483 -0.0034071032765867382 0.0040883588554388138
leaf_weight=2802 1499 747 131 68 280 1216
leaf_count=2802 1499 747 131 68 280 1216
internal_value=3.37055e-05 0.00289333 0.00124169 0.00912435 0.0036173 0.00266552
internal_weight=6743 3941 3126 815 1627 1496
internal_count=6743 3941 3126 815 1627 1496
is_linear=0
shrinkage=0.01


Tree=185
num_leaves=7
num_cat=0
split_feature=10 8 12 16 4 4
split_gain=761.477 294.951 291.855 239.487 167.562 136.206
threshold=0.028168050531988353 498.42090000000007 2.9727379293480429 0.3531559894771617 -0.035038078728199758 0.089202940296516153
decision_type=2 2 2 2 2 2
left_child=1 3 4 5 -2 -1
right_child=2 -3 -4 -5 -6 -7
leaf_value=0.0041591369665004837 -0.0018128994671558773 0.014689789750441884 -0.0060245514663712085 6.2840319469044397e-06 0.0032634487518020555 0.012800751065823455
leaf_weight=487 2604 278 1349 867 855 303
leaf_count=487 2604 278 1349 867 855 303
internal_value=3.35399e-05 0.00531614 -0.00209701 0.00365881 -0.000549448 0.00760466
internal_weight=6743 1935 4808 1657 3459 790
internal_count=6743 1935 4808 1657 3459 790
is_linear=0
shrinkage=0.01


Tree=186
num_leaves=7
num_cat=0
split_feature=1 2 0 6 15 8
split_gain=753.625 280.198 279.001 260.351 118.728 111.66
threshold=1.2728733116782385 0.40125978728356532 1.1539983609574738 1.1834576658307083 1.7899272892230498 498.42090000000007
decision_type=2 2 2 2 2 2
left_child=1 -1 3 4 5 -2
right_child=2 -3 -4 -5 -6 -7
leaf_value=0.0018094655098990203 0.0017574611005466432 -0.0045564514315095412 0.011716064558541961 0.0083427368569038013 -0.0014964329394003182 0.010595199438828933
leaf_weight=909 865 2794 373 593 1045 164
leaf_count=909 865 2794 373 593 1045 164
internal_value=3.36352e-05 -0.00299041 0.00371821 0.00255632 0.000864974 0.00326405
internal_weight=6743 3703 3040 2667 2074 1029
internal_count=6743 3703 3040 2667 2074 1029
is_linear=0
shrinkage=0.01


Tree=187
num_leaves=7
num_cat=0
split_feature=10 10 12 13 14 21
split_gain=738.701 299.052 147.618 138.254 171.797 115.818
threshold=0.040017781839351861 0.022009118257899463 2.406057576325757 67.555787972333334 2.2110839337315658 294.347088033256
decision_type=2 2 2 2 2 10
left_child=1 3 -2 4 5 -1
right_child=2 -3 -4 -5 -6 -7
leaf_value=0.012159955984318573 -0.0018596362307397715 0.0013805050663959421 -0.0064118729944076733 -0.0038971254936549611 -0.0025181405853642071 -0.00093696562516525756
leaf_weight=660 1884 2782 1157 83 105 72
leaf_count=660 1884 2782 1157 83 105 72
internal_value=3.37456e-05 0.00303144 -0.00361023 0.00794443 0.00916264 0.010863
internal_weight=6743 3702 3041 920 837 732
internal_count=6743 3702 3041 920 837 732
is_linear=0
shrinkage=0.01


Tree=188
num_leaves=7
num_cat=0
split_feature=1 2 8 13 0 2
split_gain=731.052 341.04 284.459 182.474 163.66 138.436
threshold=1.4753420904935914 0.45998622308543341 683.67465000000004 16.265073570448624 1.2723730332504524 0.41879032645595043
decision_type=2 2 2 2 2 2
left_child=1 2 -1 5 -5 -2
right_child=3 -3 -4 4 -6 -7
leaf_value=0.0007769254411182754 0.012723741813673885 -0.0037985270817601962 0.019005867266786991 0.0071031054774095609 0.022617742443600528 0.00068800974683722114
leaf_weight=1496 99 3324 81 868 68 807
leaf_count=1496 99 3324 81 868 68 807
internal_value=3.3318e-05 -0.00198426 0.00183339 0.00538861 0.00846798 0.00213864
internal_weight=6743 4901 1577 1842 936 906
internal_count=6743 4901 1577 1842 936 906
is_linear=0
shrinkage=0.01


Tree=189
num_leaves=7
num_cat=0
split_feature=9 0 16 8 14 4
split_gain=719.097 376.598 187.812 249.038 175.999 145.26
threshold=-0.0033226845154038973 1.0526664850764222 3.9907509541349477 24.653250000000003 2.4912163471583493 0.26294432424193898
decision_type=2 2 2 2 2 2
left_child=-1 2 3 -2 -3 -5
right_child=1 4 -4 5 -6 -7
leaf_value=-0.0038298156500948567 -0.0012099695196658698 0.010203848529626743 -0.0042598909856096448 0.0042956981072150152 -0.0058350327412764989 0.02011661177080485
leaf_weight=2802 1140 747 516 1418 68 52
leaf_count=2802 1140 747 516 1418 68 52
internal_value=3.39195e-05 0.00278626 0.00119238 0.00228627 0.00879901 0.00499425
internal_weight=6743 3941 3126 2610 815 1470
internal_count=6743 3941 3126 2610 815 1470
is_linear=0
shrinkage=0.01


Tree=190
num_leaves=7
num_cat=0
split_feature=0 16 0 14 9 14
split_gain=707.716 285.568 266.18 154.267 136.998 100.046
threshold=0.86954052894723322 4.2987666115004206 1.0903860702151775 0.73190518525404902 0.0061700970853103441 0.16960488602000998
decision_type=2 2 2 2 2 2
left_child=3 2 4 -1 -2 -4
right_child=1 -3 5 -5 -6 -7
leaf_value=-0.00098160274003675869 0.0018629720721636824 -0.0062407847164057256 0.016359223476485222 -0.0052012522543725802 0.0099607064963405968 0.0072162338028024884
leaf_weight=1746 2119 273 175 1735 224 471
leaf_count=1746 2119 273 175 1735 224 471
internal_value=3.38392e-05 0.00337665 0.00427627 -0.0030965 0.00268044 0.00991992
internal_weight=6743 3262 2989 3481 2343 646
internal_count=6743 3262 2989 3481 2343 646
is_linear=0
shrinkage=0.01


Tree=191
num_leaves=7
num_cat=0
split_feature=1 4 0 14 2 14
split_gain=699.803 317.334 261.522 229.153 205.747 139.646
threshold=1.188344594594595 0.086065307596167664 1.1814880391637688 0.54361967088576424 0.35694288435929511 2.2110839337315658
decision_type=2 2 2 2 2 2
left_child=4 2 3 -2 -1 -3
right_child=1 5 -4 -5 -6 -7
leaf_value=0.0016115145969541336 0.003906525335060378 0.0098642023980026645 0.011868796767855719 -0.0018795881938461917 -0.0048857182688653343 -0.0053312119061424247
leaf_weight=604 1181 704 212 1598 2385 59
leaf_count=604 1181 704 212 1598 2385 59
internal_value=3.3841e-05 0.00290658 0.00142125 0.000580959 -0.00356846 0.00862249
internal_weight=6743 3754 2991 2779 2989 763
internal_count=6743 3754 2991 2779 2989 763
is_linear=0
shrinkage=0.01


Tree=192
num_leaves=7
num_cat=0
split_feature=1 2 0 6 14 14
split_gain=686.308 259.592 257.253 240.201 167.245 98.0669
threshold=1.2728733116782385 0.39726919633943997 1.1539983609574738 1.1834576658307083 0.54361967088576424 0.73190518525404902
decision_type=2 2 2 2 2 2
left_child=1 -1 3 4 -2 -3
right_child=2 5 -4 -5 -6 -7
leaf_value=0.001807879726618093 0.0039529664256089097 -0.0023412649925304064 0.011229842603911813 0.0079921583795787184 -0.0017296391552802143 -0.0061235622992623605
leaf_weight=897 926 1332 373 593 1148 1474
leaf_count=897 926 1332 373 593 1148 1474
internal_value=3.3727e-05 -0.00285203 0.00354995 0.00243419 0.000809527 -0.00434636
internal_weight=6743 3703 3040 2667 2074 2806
internal_count=6743 3703 3040 2667 2074 2806
is_linear=0
shrinkage=0.01


Tree=193
num_leaves=7
num_cat=0
split_feature=10 0 8 14 19 14
split_gain=675.069 357.414 185.025 155.296 154.324 137.384
threshold=0.040017781839351861 1.0526664850764222 24.653250000000003 0.54361967088576424 185.49500000000009 2.4912163471583493
decision_type=2 2 2 2 8 2
left_child=1 2 -1 4 -4 -3
right_child=-2 5 3 -5 -6 -7
leaf_value=-0.0019053081023546053 -0.0034498200875010083 0.010003871455505778 0.018786911433455591 1.9407397688782403e-05 0.004627451670512873 -0.0045848088448464473
leaf_weight=1125 3041 735 77 814 887 64
leaf_count=1125 3041 735 77 814 887 64
internal_value=3.36087e-05 0.00289934 0.00125258 0.00325575 0.00594999 0.00878073
internal_weight=6743 3702 2903 1778 964 799
internal_count=6743 3702 2903 1778 964 799
is_linear=0
shrinkage=0.01


Tree=194
num_leaves=7
num_cat=0
split_feature=1 9 8 2 9 14
split_gain=666.403 303.753 214.079 197.267 161.385 165.41
threshold=1.188344594594595 -0.0033226845154038973 27.407250000000005 0.35694288435929511 0.0069745960986368205 0.11349218193399971
decision_type=2 2 2 2 2 2
left_child=3 -2 -3 -1 5 -4
right_child=1 2 4 -5 -6 -7
leaf_value=0.0015901034269845931 -0.001956699505983484 0.00028749412092380771 0.013403181626758678 -0.0047715005786731716 0.017060882207284224 0.0043078352367391416
leaf_weight=604 971 843 225 2385 124 1591
leaf_count=604 971 843 225 2385 124 1591
internal_value=3.36206e-05 0.002837 0.00451414 -0.00348163 0.00633474 0.00550744
internal_weight=6743 3754 2783 2989 1940 1816
internal_count=6743 3754 2783 2989 1940 1816
is_linear=0
shrinkage=0.01


Tree=195
num_leaves=7
num_cat=0
split_feature=9 1 16 16 23 9
split_gain=653.586 332.472 165.108 166.144 134.174 107.411
threshold=-0.0033226845154038973 1.4753420904935914 1.1744117025297849 1.028211211583139 22.188333333333372 0.0069745960986368205
decision_type=2 2 2 2 8 2
left_child=-1 2 3 -2 5 -3
right_child=1 4 -4 -5 -6 -7
leaf_value=-0.0036497105667077367 0.0015644751048075976 0.0060066496930855249 -0.0031047233809329035 0.017166950391191576 -0.0048342149610666992 0.014941478658351116
leaf_weight=2802 1468 1290 877 62 94 150
leaf_count=2802 1468 1290 877 62 94 150
internal_value=3.37571e-05 0.00265779 0.000328682 0.00231059 0.00628013 0.00704088
internal_weight=6743 3941 2407 1530 1534 1440
internal_count=6743 3941 2407 1530 1534 1440
is_linear=0
shrinkage=0.01


Tree=196
num_leaves=7
num_cat=0
split_feature=1 6 0 14 2 14
split_gain=644.868 297.198 248.29 219.736 191.673 135.714
threshold=1.188344594594595 1.1739004292757063 1.1814880391637688 0.54361967088576424 0.35694288435929511 2.2110839337315658
decision_type=2 2 2 2 2 2
left_child=4 2 3 -2 -1 -3
right_child=1 5 -4 -5 -6 -7
leaf_value=0.0015749257036214786 0.0037748963974279458 0.0093806400396329852 0.011488118744245521 -0.0019301628334368354 -0.0046956019710140814 -0.0051662999528064709
leaf_weight=604 1161 735 212 1583 2385 63
leaf_count=604 1161 735 212 1583 2385 63
internal_value=3.38355e-05 0.00279157 0.00131356 0.000484987 -0.00342413 0.0081701
internal_weight=6743 3754 2956 2744 2989 798
internal_count=6743 3754 2956 2744 2989 798
is_linear=0
shrinkage=0.01


Tree=197
num_leaves=7
num_cat=0
split_feature=1 9 8 2 9 14
split_gain=632.145 287.524 207.623 187.893 155.453 161.03
threshold=1.188344594594595 -0.0033226845154038973 27.407250000000005 0.35694288435929511 0.0069745960986368205 0.11349218193399971
decision_type=2 2 2 2 2 2
left_child=3 -2 -3 -1 5 -4
right_child=1 2 4 -5 -6 -7
leaf_value=0.0015594329429996666 -0.0018995952435642638 0.00023394768469720472 0.01316624955404946 -0.0046488420181129506 0.016715402238682581 0.0041937206297431393
leaf_weight=604 971 843 225 2385 124 1591
leaf_count=604 971 843 225 2385 124 1591
internal_value=3.37108e-05 0.00276412 0.00439586 -0.00338996 0.00618876 0.0053769
internal_weight=6743 3754 2783 2989 1940 1816
internal_count=6743 3754 2783 2989 1940 1816
is_linear=0
shrinkage=0.01


Tree=198
num_leaves=7
num_cat=0
split_feature=10 1 8 16 14 0
split_gain=623.992 266.084 266.04 218.95 158.867 157.155
threshold=0.028168050531988353 1.0404700493063634 498.42090000000007 0.3531559894771617 2.6415040341048548 1.1539983609574738
decision_type=2 2 2 2 2 2
left_child=2 -2 3 5 -3 -1
right_child=1 4 -4 -5 -6 -7
leaf_value=0.0055581595364774796 -0.0051754323383595173 0.00056121574511396369 0.013715570482632354 -0.00022405393879479401 -0.0066400053919464042 0.021754428751985817
leaf_weight=732 1624 2851 278 867 333 58
leaf_count=732 1624 2851 278 867 333 58
internal_value=3.38375e-05 -0.00189467 0.00481596 0.00324353 -0.000207227 0.00701682
internal_weight=6743 4808 1935 1657 3184 790
internal_count=6743 4808 1935 1657 3184 790
is_linear=0
shrinkage=0.01


Tree=199
num_leaves=7
num_cat=0
split_feature=10 8 16 14 23 12
split_gain=612.83 332.283 291.216 202.217 189.669 131.872
threshold=0.040017781839351861 25.715700000000002 4.2457952378220734 0.099644470158808562 18.642500000000062 2.406057576325757
decision_type=2 2 2 2 10 2
left_child=1 -1 3 4 -3 -2
right_child=5 2 -4 -5 -6 -7
leaf_value=-0.0011632726781569108 -0.0016310528820083568 0.017665222450381234 -0.0043727517982503194 0.0049709744929347065 -0.0013840483144333918 -0.0059324776197982364
leaf_weight=1357 1884 242 281 1759 63 1157
leaf_count=1357 1884 242 281 1759 63 1157
internal_value=3.39367e-05 0.00276444 0.00503685 0.00633763 0.0137797 -0.00328496
internal_weight=6743 3702 2345 2064 305 3041
internal_count=6743 3702 2345 2064 305 3041
is_linear=0
shrinkage=0.01


Tree=200
num_leaves=7
num_cat=0
split_feature=9 0 16 6 19 16
split_gain=602.773 319.271 165.133 151.587 111.028 100.485
threshold=-0.0033226845154038973 1.0526664850764222 3.9907509541349477 1.7486006518447885 207.76500000000104 0.67530357215401604
decision_type=2 2 2 2 10 2
left_child=-1 2 3 4 -2 -3
right_child=1 5 -4 -5 -6 -7
leaf_value=-0.0035036680901832208 0.0085950960713862806 0.012153200297551204 -0.0040260768514102201 0.015692965020425619 0.0010340292068782831 0.004865224468677644
leaf_weight=2802 203 347 516 70 2337 468
leaf_count=2802 203 347 516 70 2337 468
internal_value=3.36588e-05 0.00255369 0.00108589 0.00211185 0.00167358 0.00809002
internal_weight=6743 3941 3126 2610 2540 815
internal_count=6743 3941 3126 2610 2540 815
is_linear=0
shrinkage=0.01


Tree=201
num_leaves=7
num_cat=0
split_feature=16 8 6 15 6 11
split_gain=592.385 426.179 252.799 181.86 125.172 120.185
threshold=3.9907509541349477 26.538750000000004 0.93216031020552681 0.46939228966590196 1.2512263877233987 0.024058915639974789
decision_type=2 2 2 2 2 2
left_child=1 4 5 -4 -1 -3
right_child=-2 2 3 -5 -6 -7
leaf_value=-0.0024557698470282943 -0.0046668326798694213 0.0031664180088984339 0.019555268672579701 0.0064172182427114791 0.0050479532594207245 -0.0035280707289709009
leaf_weight=1814 1909 1168 111 1161 243 337
leaf_count=1814 1909 1168 111 1161 243 337
internal_value=3.38673e-05 0.00189809 0.00444799 0.00771509 -0.00154436 0.00164739
internal_weight=6743 4834 2777 1272 2057 1505
internal_count=6743 4834 2777 1272 2057 1505
is_linear=0
shrinkage=0.01


Tree=202
num_leaves=7
num_cat=0
split_feature=10 8 12 0 4 4
split_gain=584.734 253.546 238.142 170.578 133.333 126.892
threshold=0.028168050531988353 498.42090000000007 2.9727379293480429 1.2723730332504524 -0.035038078728199758 0.089202940296516153
decision_type=2 2 2 2 2 2
left_child=1 3 4 5 -2 -1
right_child=2 -3 -4 -5 -6 -7
leaf_value=0.0001512417128249966 -0.0015624255919635282 0.013351006906272635 -0.0053806403710872121 0.015965144300871356 0.0029657528226148078 0.0060569384306643275
leaf_weight=1005 2604 278 1349 88 855 564
leaf_count=1005 2604 278 1349 88 855 564
internal_value=3.38772e-05 0.00466317 -0.00183294 0.00312824 -0.000434939 0.00230538
internal_weight=6743 1935 4808 1657 3459 1569
internal_count=6743 1935 4808 1657 3459 1569
is_linear=0
shrinkage=0.01


Tree=203
num_leaves=7
num_cat=0
split_feature=1 6 14 2 14 7
split_gain=578.379 273.629 181.786 176.883 131.518 96.5481
threshold=1.188344594594595 1.1739004292757063 0.22643131998858076 0.29609949564028709 2.2110839337315658 1.0000000180025095e-35
decision_type=2 2 2 2 2 2
left_child=3 2 5 -1 -3 -2
right_child=1 4 -4 -5 -6 -7
leaf_value=0.0028608230521305674 0.0065099025935220975 0.0089997553856880873 -0.00024575595201822446 -0.0042000889871027401 -0.0053022784452681259 -0.0051207502646210754
leaf_weight=402 699 735 2186 2587 63 71
leaf_count=402 699 735 2186 2587 63 71
internal_value=3.40352e-05 0.00264581 0.0012276 -0.00324074 0.00780662 0.00537274
internal_weight=6743 3754 2956 2989 798 770
internal_count=6743 3754 2956 2989 798 770
is_linear=0
shrinkage=0.01


Tree=204
num_leaves=7
num_cat=0
split_feature=1 16 8 25 0 6
split_gain=569.918 264.512 256.811 191.738 160.322 135.414
threshold=1.4753420904935914 1.0477024586221126 683.67465000000004 10.700000000000019 1.2723730332504524 1.1739004292757063
decision_type=2 2 2 10 2 2
left_child=1 2 -1 -4 5 -2
right_child=4 -3 3 -5 -6 -7
leaf_value=-0.00030636719314605881 0.0016811111286256784 -0.0040162195886247441 0.020735256152649255 0 0.012806651061780043 0.0079193256453785575
leaf_weight=2227 1129 2502 96 76 211 502
leaf_count=2227 1129 2502 96 76 211 502
internal_value=3.37171e-05 -0.00174752 0.000621289 0.0120441 0.00476228 0.0036438
internal_weight=6743 4901 2399 172 1842 1631
internal_count=6743 4901 2399 172 1842 1631
is_linear=0
shrinkage=0.01


Tree=205
num_leaves=7
num_cat=0
split_feature=0 16 0 4 1 7
split_gain=560.216 247.536 232.713 117.697 116.421 112.407
threshold=0.85247518891746454 4.2987666115004206 1.0903860702151775 0.086065307596167664 0.99479756970498578 1.0000000180025095e-35
decision_type=2 2 2 2 2 2
left_child=4 2 3 5 -1 -2
right_child=1 -3 -4 -5 -6 -7
leaf_value=-0.0053977119724580701 0.0020281111133015261 -0.0054008806530280217 0.0089600766450237696 0.0068210493874182156 -0.0014682372013461523 -0.0054451456449925899
leaf_weight=1222 1883 325 646 454 1998 215
leaf_count=1222 1883 325 646 454 1998 215
internal_value=3.39608e-05 0.0027873 0.00363679 0.00225567 -0.00297468 0.00123532
internal_weight=6743 3523 3198 2552 3220 2098
internal_count=6743 3523 3198 2552 3220 2098
is_linear=0
shrinkage=0.01


Tree=206
num_leaves=7
num_cat=0
split_feature=9 1 24 2 9 14
split_gain=551.675 280.346 123.43 118.871 104.175 148.128
threshold=-0.0033226845154038973 1.4753420904935914 10.100000000000025 0.45998622308543341 0.0069745960986368205 0.11043360433604336
decision_type=2 2 8 2 2 2
left_child=-1 3 4 -2 5 -3
right_child=1 2 -4 -5 -6 -7
leaf_value=-0.0033504190336964661 0.0023992973301501025 0.013101334380302228 -0.0069735322671162113 -0.0020330189203976411 0.014087231061248869 0.0038690643888202596
leaf_weight=2802 1272 202 64 1135 152 1116
leaf_count=2802 1272 202 64 1135 152 1116
internal_value=3.3593e-05 0.0024445 0.00577082 0.000305375 0.0063758 0.00537956
internal_weight=6743 3941 1534 2407 1470 1318
internal_count=6743 3941 1534 2407 1470 1318
is_linear=0
shrinkage=0.01


Tree=207
num_leaves=7
num_cat=0
split_feature=9 8 12 14 9 23
split_gain=540.841 310.138 255.022 197.483 127.585 121.959
threshold=-0.0033226845154038973 26.538750000000004 2.9727379293480429 0.11349218193399971 0.0061700970853103441 16.298333333333364
decision_type=2 2 2 2 2 10
left_child=-1 -2 3 5 -5 -3
right_child=1 2 -4 4 -6 -7
leaf_value=-0.0033170340002200635 -0.0011087160813447287 0.017165187088609566 -0.0042347435689427792 0.0036351457987427453 0.011702830066175299 0
leaf_weight=2802 1521 207 278 1667 218 50
leaf_count=2802 1521 207 278 1667 218 50
internal_value=3.35695e-05 0.0024207 0.00463853 0.00580913 0.00463028 0.0139208
internal_weight=6743 3941 2420 2142 1885 257
internal_count=6743 3941 2420 2142 1885 257
is_linear=0
shrinkage=0.01


Tree=208
num_leaves=7
num_cat=0
split_feature=16 8 10 14 19 21
split_gain=539.248 395.591 273.118 204.614 130.493 120.878
threshold=3.9907509541349477 26.538750000000004 0.03307945249215178 0.099644470158808562 282.49833333333339 287.61438575055382
decision_type=2 2 2 2 10 10
left_child=1 -1 3 4 -3 -5
right_child=-2 2 -4 5 -6 -7
leaf_value=-0.0015041653502055369 -0.0044512901369796768 0.019286024982743347 0.00043913718816724625 0.00075587541912682356 0.0036162487569675649 0.0071730843575606917
leaf_weight=2057 1909 184 1121 430 83 959
leaf_count=2057 1909 184 1121 430 83 959
internal_value=3.35603e-05 0.00181227 0.00426902 0.0068374 0.0147574 0.00521323
internal_weight=6743 4834 2777 1656 267 1389
internal_count=6743 4834 2777 1656 267 1389
is_linear=0
shrinkage=0.01


Tree=209
num_leaves=7
num_cat=0
split_feature=1 6 0 14 2 14
split_gain=530.864 251.585 220.998 189.233 166.885 128.019
threshold=1.188344594594595 1.1739004292757063 1.1814880391637688 0.54361967088576424 0.29609949564028709 2.2110839337315658
decision_type=2 2 2 2 2 2
left_child=4 2 3 -2 -1 -3
right_child=1 5 -4 -5 -6 -7
leaf_value=0.0028220232134431745 0.003447681837301641 0.0086630750737295963 0.010774648503970925 -0.0018466199139847519 -0.0040356673421190394 -0.0054312406906424316
leaf_weight=402 1161 735 212 1583 2587 63
leaf_count=402 1161 735 212 1583 2587 63
internal_value=3.36292e-05 0.00253588 0.00117584 0.000394179 -0.00310369 0.00748454
internal_weight=6743 3754 2956 2744 2989 798
internal_count=6743 3754 2956 2744 2989 798
is_linear=0
shrinkage=0.01


Tree=210
num_leaves=7
num_cat=0
split_feature=9 8 12 14 9 23
split_gain=515.248 296.1 244.209 189.385 123.692 118.693
threshold=-0.0033226845154038973 26.538750000000004 2.9727379293480429 0.11349218193399971 0.0061700970853103441 16.298333333333364
decision_type=2 2 2 2 2 10
left_child=-1 -2 3 5 -5 -3
right_child=1 2 -4 4 -6 -7
leaf_value=-0.0032368266631100278 -0.0010849788689476108 0.016820825402397439 -0.0041519665139235764 0.003542058675157847 0.011484856760893182 -6.0117842901187644e-05
leaf_weight=2802 1521 207 278 1667 218 50
leaf_count=2802 1521 207 278 1667 218 50
internal_value=3.3506e-05 0.00236351 0.00453059 0.00567616 0.00452168 0.0136199
internal_weight=6743 3941 2420 2142 1885 257
internal_count=6743 3941 2420 2142 1885 257
is_linear=0
shrinkage=0.01


Tree=211
num_leaves=7
num_cat=0
split_feature=1 6 14 2 14 21
split_gain=513.664 244.026 163.862 162.872 125.42 108.541
threshold=1.188344594594595 1.1739004292757063 0.22643131998858076 0.35694288435929511 2.2110839337315658 291.46912166436579
decision_type=2 2 2 2 2 10
left_child=3 2 -2 -1 5 -3
right_child=1 4 -4 -5 -6 -7
leaf_value=0.0015537270818039145 0.0050909260096415011 0.01184684832291656 -0.00024318878000485712 -0.0042248907003282921 -0.0054115373146248194 0.0038853503486635794
leaf_weight=604 770 419 2186 2385 63 316
leaf_count=604 770 419 2186 2385 63 316
internal_value=3.34866e-05 0.00249489 0.00115539 -0.00305256 0.00736866 0.00853547
internal_weight=6743 3754 2956 2989 798 735
internal_count=6743 3754 2956 2989 798 735
is_linear=0
shrinkage=0.01


Tree=212
num_leaves=7
num_cat=0
split_feature=16 10 1 13 14 6
split_gain=510.762 343.873 182.164 113.541 125.824 133.973
threshold=3.9907509541349477 0.024186181654504809 0.94034119139914163 55.669639344324075 2.315718638934555 1.3317014928892028
decision_type=2 2 2 2 2 2
left_child=1 3 -3 4 5 -1
right_child=-2 2 -4 -5 -6 -7
leaf_value=0.0066234251369606673 -0.0043314089122134724 -0.0055776947284125371 0.001118348591182727 -0.0010740695001427518 -0.0020361200887553331 0.015869563735430723
leaf_weight=643 1909 454 3249 162 109 217
leaf_count=643 1909 454 3249 162 109 217
internal_value=3.33368e-05 0.00176447 0.000281887 0.00656481 0.00785004 0.00912355
internal_weight=6743 4834 3703 1131 969 860
internal_count=6743 4834 3703 1131 969 860
is_linear=0
shrinkage=0.01


Tree=213
num_leaves=7
num_cat=0
split_feature=16 8 10 8 19 9
split_gain=500.683 372.697 253.826 179.128 142.882 115.339
threshold=3.9907509541349477 26.538750000000004 0.03307945249215178 498.42090000000007 219.44833333333358 0.0044634694335100242
decision_type=2 2 2 2 10 2
left_child=1 5 3 -3 -5 -1
right_child=-2 2 -4 4 -6 -7
leaf_value=-0.0024580942332641234 -0.0042883205536465453 0.0048626655523943312 0.00043909746728156913 0.021839573912769555 0.0077297408312415232 0.0041440426999960582
leaf_weight=1756 1909 1318 1121 115 223 301
leaf_count=1756 1909 1318 1121 115 223 301
internal_value=3.31306e-05 0.00174711 0.00413176 0.0066078 0.0130488 -0.00147179
internal_weight=6743 4834 2777 1656 338 2057
internal_count=6743 4834 2777 1656 338 2057
is_linear=0
shrinkage=0.01


Tree=214
num_leaves=7
num_cat=0
split_feature=16 10 1 13 14 4
split_gain=490.89 332.279 177.732 110.389 123.141 124.166
threshold=3.9907509541349477 0.024186181654504809 0.94034119139914163 55.669639344324075 2.315718638934555 0.13981670633971377
decision_type=2 2 2 2 2 2
left_child=1 3 -3 4 5 -1
right_child=-2 2 -4 -5 -6 -7
leaf_value=0.0065154405698849144 -0.0042456608193392909 -0.0055147811295444557 0.0010993210566804159 -0.0010811574187476276 -0.0020599232742390715 0.015344573872195733
leaf_weight=636 1909 454 3249 162 109 224
leaf_count=636 1909 454 3249 162 109 224
internal_value=3.33068e-05 0.00173046 0.000273048 0.00644918 0.00771652 0.00897656
internal_weight=6743 4834 3703 1131 969 860
internal_count=6743 4834 3703 1131 969 860
is_linear=0
shrinkage=0.01


Tree=215
num_leaves=7
num_cat=0
split_feature=1 0 4 2 2 8
split_gain=483.946 232.644 211.135 156.091 116.995 111.553
threshold=1.188344594594595 1.1539983609574738 0.086065307596167664 0.29609949564028709 0.45274769274890087 353.03220000000005
decision_type=2 2 2 2 2 2
left_child=3 2 4 -1 5 -2
right_child=1 -3 -4 -5 -6 -7
leaf_value=0.0027676824405133832 0.0021483647047116057 0.0098071176201816948 0.0067399578411066821 -0.0038637852110174867 -0.00070096438687504057 0.013390135021360071
leaf_weight=402 477 374 632 2587 2170 101
leaf_count=402 477 374 632 2587 2170 101
internal_value=3.3093e-05 0.00242227 0.00157567 -0.00296231 0.000364197 0.00432408
internal_weight=6743 3754 3380 2989 2748 578
internal_count=6743 3754 3380 2989 2748 578
is_linear=0
shrinkage=0.01


Tree=216
num_leaves=7
num_cat=0
split_feature=10 8 14 4 22 15
split_gain=476.116 305.178 232.47 175.813 174.728 93.2712
threshold=0.043368949372441984 24.653250000000003 0.12628109640036736 0.037139227678861762 31.400000000000038 0.46939228966590196
decision_type=2 2 2 2 10 2
left_child=1 -1 4 -4 -3 -5
right_child=-2 2 3 5 -6 -7
leaf_value=-0.0014623818586161203 -0.0032811320074146574 0.016180558023098635 0.001070188609490579 0.018969858065247536 -0.00039417040183819754 0.0057824531752439625
leaf_weight=1481 2630 241 1538 52 83 718
leaf_count=1481 2630 241 1538 52 83 718
internal_value=3.32403e-05 0.00215781 0.00419647 0.00304677 0.0120199 0.00691764
internal_weight=6743 4113 2632 2308 324 770
internal_count=6743 4113 2632 2308 324 770
is_linear=0
shrinkage=0.01


Tree=217
num_leaves=7
num_cat=0
split_feature=1 2 0 2 13 14
split_gain=468.631 247.119 147.343 134.794 121.706 112.784
threshold=1.4753420904935914 0.45998622308543341 1.2723730332504524 0.44116438099891891 16.265073570448624 0.73190518525404902
decision_type=2 2 2 2 2 2
left_child=1 -1 3 -2 -5 -3
right_child=2 5 -4 4 -6 -7
leaf_value=0.0016671550054772031 0.010283187638423306 -0.0012117757258886615 0.01202854299681826 -0.0010307302143918655 0.0048202600533328952 -0.0049121609838287186
leaf_weight=1577 225 1615 211 666 740 1709
leaf_count=1577 225 1615 211 666 740 1709
internal_value=3.34538e-05 -0.00158163 0.00432142 0.00325105 0.00205397 -0.00312632
internal_weight=6743 4901 1842 1631 1406 3324
internal_count=6743 4901 1842 1631 1406 3324
is_linear=0
shrinkage=0.01


Tree=218
num_leaves=7
num_cat=0
split_feature=16 8 10 14 19 6
split_gain=465.102 350.969 235.978 188.896 130.055 100.739
threshold=3.9907509541349477 26.538750000000004 0.03307945249215178 0.099644470158808562 219.44833333333358 1.2512263877233987
decision_type=2 2 2 2 10 2
left_child=1 5 3 4 -3 -1
right_child=-2 2 -4 -5 -6 -7
leaf_value=-0.0022558597663514218 -0.0041315781055311319 0.022969656545703983 0.00043859661410444164 0.0048281986153562405 0.0079080004830592576 0.0044749837348112475
leaf_weight=1814 1909 96 1121 1389 171 243
leaf_count=1814 1909 96 1121 1389 171 243
internal_value=3.34397e-05 0.00168545 0.00399958 0.00638702 0.0139933 -0.00143808
internal_weight=6743 4834 2777 1656 267 2057
internal_count=6743 4834 2777 1656 267 2057
is_linear=0
shrinkage=0.01


Tree=219
num_leaves=7
num_cat=0
split_feature=1 4 2 13 9 16
split_gain=456.92 216.574 149.533 112.207 107.88 105.225
threshold=1.188344594594595 0.086065307596167664 0.29609949564028709 55.669639344324075 -0.0033226845154038973 0.456898335086171
decision_type=2 2 2 2 2 2
left_child=2 4 -1 5 -2 -3
right_child=1 3 -4 -5 -6 -7
leaf_value=0.0027309282310900409 -0.0015944148566280506 0.013499912185575105 -0.0037593001012773204 -0.00019331786634357666 0.0024424521158927627 0.0048577251623977318
leaf_weight=402 971 279 2587 164 2020 320
leaf_count=402 971 279 2587 164 2020 320
internal_value=3.36419e-05 0.00235519 -0.00287688 0.00707747 0.00112764 0.00905505
internal_weight=6743 3754 2989 763 2991 599
internal_count=6743 3754 2989 763 2991 599
is_linear=0
shrinkage=0.01


Tree=220
num_leaves=7
num_cat=0
split_feature=16 8 4 14 8 23
split_gain=450.923 341.372 200.861 130.939 112.168 96.8672
threshold=3.9907509541349477 26.538750000000004 -0.069715619410810462 0.098293964855324462 390.01365000000004 11.092500000000024
decision_type=2 2 2 2 2 8
left_child=1 -1 4 -4 -3 -5
right_child=-2 2 3 5 -6 -7
leaf_value=-0.0014202524139951369 -0.0040674471718583349 -0.0014565162371467434 0.014619802021599144 -0.00013639967035715834 0.004801616739116255 0.0064900108073544125
leaf_weight=2057 1909 764 163 269 444 1137
leaf_count=2057 1909 764 163 269 444 1137
internal_value=3.35718e-05 0.00166023 0.00394252 0.00629209 0.000855986 0.00522315
internal_weight=6743 4834 2777 1569 1208 1406
internal_count=6743 4834 2777 1569 1208 1406
is_linear=0
shrinkage=0.01


Tree=221
num_leaves=7
num_cat=0
split_feature=16 8 9 14 23 9
split_gain=442.054 334.701 222.629 172.963 147.641 123.348
threshold=3.9907509541349477 26.538750000000004 -0.0049393939393939396 0.098293964855324462 18.642500000000062 0.0065647925518864574
decision_type=2 2 2 2 10 2
left_child=1 -1 -3 4 -4 -5
right_child=-2 2 3 5 -6 -7
leaf_value=-0.0014061186184373927 -0.0040269846719805658 -0.0020692847167562921 0.015711723335896481 0.0032833468462231193 -0.0020577447485993616 0.011719781903321951
leaf_weight=2057 1909 503 234 1800 54 186
leaf_count=2057 1909 503 234 1800 54 186
internal_value=3.34853e-05 0.00164408 0.00390397 0.00523288 0.0123891 0.00413323
internal_weight=6743 4834 2777 2274 288 1986
internal_count=6743 4834 2777 2274 288 1986
is_linear=0
shrinkage=0.01


Tree=222
num_leaves=7
num_cat=0
split_feature=1 0 6 14 2 14
split_gain=437.147 215.951 195.744 149.652 144.34 84.6907
threshold=1.188344594594595 1.1539983609574738 1.1834576658307083 0.54361967088576424 0.29609949564028709 0.16960488602000998
decision_type=2 2 2 2 2 2
left_child=4 2 3 -2 -1 -3
right_child=1 5 -4 -5 -6 -7
leaf_value=0.0026958016151544251 0.0030353750818940639 0.018891655313433148 0.0064090026433010561 -0.001680357234441206 -0.0036803993758473662 0.0066739264620046482
leaf_weight=402 1155 70 643 1582 2587 304
leaf_count=402 1155 70 643 1582 2587 304
internal_value=3.34341e-05 0.00230423 0.00148854 0.000309823 -0.00281338 0.00941913
internal_weight=6743 3754 3380 2737 2989 374
internal_count=6743 3754 3380 2737 2989 374
is_linear=0
shrinkage=0.01


Tree=223
num_leaves=7
num_cat=0
split_feature=10 8 10 2 24 18
split_gain=427.863 278.496 171.377 119.154 100.364 142.688
threshold=0.043368949372441984 24.653250000000003 0.021234974916484069 0.29215137611234859 -1.9999999999999714 320.65000000000009
decision_type=2 2 2 2 10 10
left_child=1 -1 4 -4 5 -3
right_child=-2 2 3 -5 -6 -7
leaf_value=-0.0014103262130474631 -0.003108249147582683 0.0072074834796316605 0.010250887185783009 0.0017496381578066828 0.011969348499272272 -0.010031756586051684
leaf_weight=1481 2630 220 173 1831 357 51
leaf_count=1481 2630 220 173 1831 357 51
internal_value=3.36083e-05 0.00204772 0.00399528 0.00253575 0.00852435 0.00368606
internal_weight=6743 4113 2632 2004 628 271
internal_count=6743 4113 2632 2004 628 271
is_linear=0
shrinkage=0.01


Tree=224
num_leaves=7
num_cat=0
split_feature=16 8 10 14 19 21
split_gain=424.363 319.445 216.952 179.257 129.792 113.204
threshold=3.9907509541349477 26.538750000000004 0.03307945249215178 0.099644470158808562 219.44833333333358 287.61438575055382
decision_type=2 2 2 2 10 10
left_child=1 -1 3 4 -3 -5
right_child=-2 2 -4 5 -6 -7
leaf_value=-0.0013682208253554735 -0.0039448437015314882 0.022458149782131551 0.00040475075669211164 0.00028952583617700096 0.0074772930793587681 0.0064865833645774452
leaf_weight=2057 1909 96 1121 430 171 959
leaf_count=2057 1909 96 1121 430 171 959
internal_value=3.35185e-05 0.00161158 0.00381938 0.00610855 0.0135161 0.00459106
internal_weight=6743 4834 2777 1656 267 1389
internal_count=6743 4834 2777 1656 267 1389
is_linear=0
shrinkage=0.01


Tree=225
num_leaves=7
num_cat=0
split_feature=1 4 0 14 2 8
split_gain=418.695 234.119 158.179 132.4 112.236 110.708
threshold=1.1358133165365565 -1.0000000180025095e-35 1.1256357623709283 0.54361967088576424 0.29609949564028709 25.715700000000002
decision_type=2 2 2 2 2 2
left_child=4 2 3 -2 -1 -3
right_child=1 5 -4 -5 -6 -7
leaf_value=0.0021936765435850939 0.0022961898904976809 0.001287224671765889 0.0079566748050348014 -0.002446611191657871 -0.0040159578105694186 0.0069446584691165826
leaf_weight=327 954 536 227 1499 2180 1020
leaf_count=327 954 536 227 1499 2180 1020
internal_value=3.36838e-05 0.00195081 0.000151421 -0.000596187 -0.00319654 0.00502288
internal_weight=6743 4236 2680 2453 2507 1556
internal_count=6743 4236 2680 2453 2507 1556
is_linear=0
shrinkage=0.01


Tree=226
num_leaves=7
num_cat=0
split_feature=10 8 14 22 6 15
split_gain=406.766 264.49 209.873 161.297 154.986 90.7983
threshold=0.043368949372441984 24.653250000000003 0.12628109640036736 31.400000000000038 1.0829171546620506 0.46939228966590196
decision_type=2 2 2 10 2 2
left_child=1 -1 3 -3 -4 -6
right_child=-2 2 4 -5 5 -7
leaf_value=-0.0013724013800302734 -0.0030297935826388172 0.01532656863551639 0.00098641549240594591 -0.00057356996922403253 0.018366131375754071 0.0053692921971930773
leaf_weight=1481 2630 241 1560 83 52 696
leaf_count=1481 2630 241 1560 83 52 696
internal_value=3.35871e-05 0.00199745 0.00389543 0.0113282 0.00280332 0.00651639
internal_weight=6743 4113 2632 324 2308 748
internal_count=6743 4113 2632 324 2308 748
is_linear=0
shrinkage=0.01


Tree=227
num_leaves=7
num_cat=0
split_feature=16 8 10 14 19 21
split_gain=406.759 303.143 205.471 172.634 127.982 110.482
threshold=3.9907509541349477 26.538750000000004 0.03307945249215178 0.099644470158808562 219.44833333333358 287.61438575055382
decision_type=2 2 2 2 10 10
left_child=1 -1 3 4 -3 -5
right_child=-2 2 -4 5 -6 -7
leaf_value=-0.0013239177937542678 -0.0038611693994533651 0.02209575060262995 0.00040607682237287147 0.00022041275570253756 0.007245942156772176 0.0063408210350227451
leaf_weight=2057 1909 96 1121 430 171 959
leaf_count=2057 1909 96 1121 430 171 959
internal_value=3.37706e-05 0.00157879 0.00372952 0.00595732 0.0132262 0.00446836
internal_weight=6743 4834 2777 1656 267 1389
internal_count=6743 4834 2777 1656 267 1389
is_linear=0
shrinkage=0.01


Tree=228
num_leaves=7
num_cat=0
split_feature=16 0 8 5 15 14
split_gain=398.811 300.243 200.234 179.413 78.0755 75.1135
threshold=3.9907509541349477 1.0903860702151775 26.538750000000004 0.19250206535463851 4.0779514421916483 0.16960488602000998
decision_type=2 2 2 2 2 2
left_child=1 2 -1 -4 -2 -3
right_child=4 5 3 -5 -6 -7
leaf_value=-0.0017384194139076672 -0.0017266987259352679 0.013446044877096004 0.0065959030311097634 0.00060011647305468748 -0.0058074673880900004 0.0055490523630322098
leaf_weight=1964 940 175 746 1488 969 461
leaf_count=1964 940 175 746 1488 969 461
internal_value=3.39234e-05 0.00156378 0.000583136 0.00262722 -0.00382276 0.00791195
internal_weight=6743 4834 4198 2234 1909 636
internal_count=6743 4834 4198 2234 1909 636
is_linear=0
shrinkage=0.01


Tree=229
num_leaves=7
num_cat=0
split_feature=1 4 14 2 8 15
split_gain=396.432 221.813 114.481 107.727 101.812 133.857
threshold=1.1358133165365565 -1.0000000180025095e-35 0.54361967088576424 0.29609949564028709 25.715700000000002 0.46939228966590196
decision_type=2 2 2 2 2 2
left_child=3 2 -2 -1 -3 -6
right_child=1 4 -4 -5 5 -7
leaf_value=0.0021708473036458125 0.0027684431644384444 0.0013043394042545717 -0.0014685513958367308 -0.0039121749633971017 0.019353800964667243 0.005600635863168767
leaf_weight=327 1022 536 1658 2180 70 950
leaf_count=327 1022 536 1658 2180 70 950
internal_value=3.38347e-05 0.00189933 0.000147766 -0.00310929 0.00488958 0.00673293
internal_weight=6743 4236 2680 2507 1556 1020
internal_count=6743 4236 2680 2507 1556 1020
is_linear=0
shrinkage=0.01


Tree=230
num_leaves=7
num_cat=0
split_feature=1 4 14 2 8 15
split_gain=388.657 217.562 112.222 105.619 99.8622 131.652
threshold=1.1358133165365565 -1.0000000180025095e-35 0.54361967088576424 0.29609949564028709 25.715700000000002 0.46939228966590196
decision_type=2 2 2 2 2 2
left_child=3 2 -2 -1 -3 -6
right_child=1 4 -4 -5 5 -7
leaf_value=0.0021497830176499372 0.0027410269949267991 0.0012915349188311906 -0.001453953943262526 -0.0038732318424980678 0.019184455089038238 0.0055452129687328126
leaf_weight=327 1022 536 1658 2180 70 950
leaf_count=327 1022 536 1658 2180 70 950
internal_value=3.39083e-05 0.00188104 0.000146299 -0.00307823 0.00484249 0.00666812
internal_weight=6743 4236 2680 2507 1556 1020
internal_count=6743 4236 2680 2507 1556 1020
is_linear=0
shrinkage=0.01


Tree=231
num_leaves=7
num_cat=0
split_feature=9 8 12 8 2 9
split_gain=373.656 221.106 192.323 111.584 134.401 112.866
threshold=-0.0033226845154038973 26.538750000000004 2.9727379293480429 498.42090000000007 0.49866924591941758 0.0065647925518864574
decision_type=2 2 2 2 2 2
left_child=-1 -2 3 5 -5 -3
right_child=1 2 -4 4 -6 -7
leaf_value=-0.0027507682672271968 -0.00096076717749262353 0.0029784574244115496 -0.0038096952092140173 0.017186061815697363 0.0044224235848902707 0.011322591281293527
leaf_weight=2802 1521 1619 278 144 205 174
leaf_count=2802 1521 1619 278 144 205 174
internal_value=3.39777e-05 0.00201838 0.00389117 0.00490834 0.0100487 0.00385206
internal_weight=6743 3941 2420 2142 349 1793
internal_count=6743 3941 2420 2142 349 1793
is_linear=0
shrinkage=0.01


Tree=232
num_leaves=7
num_cat=0
split_feature=1 2 0 2 13 21
split_gain=378.49 210.798 136.869 126.57 98.8882 87.6105
threshold=1.4753420904935914 0.40853849610139681 1.2723730332504524 0.44116438099891891 16.265073570448624 293.03902298271731
decision_type=2 2 2 2 2 10
left_child=1 -1 3 5 -5 -2
right_child=2 -3 -4 4 -6 -7
leaf_value=0.0021896930532094468 0.013365344471233182 -0.0026038312239952972 0.011310594361889118 -0.0010771043285088249 0.0041953826396198329 -0.00022947891028470374
leaf_weight=1209 162 3692 211 666 740 63
leaf_count=1209 162 3692 211 666 740 63
internal_value=3.40583e-05 -0.00141726 0.00388777 0.00285832 0.00170086 0.00966846
internal_weight=6743 4901 1842 1631 1406 225
internal_count=6743 4901 1842 1631 1406 225
is_linear=0
shrinkage=0.01


Tree=233
num_leaves=7
num_cat=0
split_feature=16 0 8 5 15 14
split_gain=373.342 282.233 187.199 168.561 75.3746 73.2102
threshold=3.9907509541349477 1.0903860702151775 26.538750000000004 0.19250206535463851 4.0779514421916483 0.16960488602000998
decision_type=2 2 2 2 2 2
left_child=1 2 -1 -4 -2 -3
right_child=4 5 3 -5 -6 -7
leaf_value=-0.0016811041561153324 -0.0016386180043759708 0.013126942282416731 0.0063868177385271461 0.00057499135897798868 -0.0056470888021851072 0.0053414902695595049
leaf_weight=1964 940 175 746 1488 969 461
leaf_count=1964 940 175 746 1488 969 461
internal_value=3.41198e-05 0.00151437 0.000563515 0.00254001 -0.00369734 0.00766924
internal_weight=6743 4834 4198 2234 1909 636
internal_count=6743 4834 4198 2234 1909 636
is_linear=0
shrinkage=0.01


Tree=234
num_leaves=7
num_cat=0
split_feature=1 9 0 14 8 12
split_gain=368.494 208.7 167.623 162.566 112.089 86.5513
threshold=1.1358133165365565 0.0044634694335100242 1.1718454004543495 0.54361967088576424 28.878750000000004 0.36574125384488049
decision_type=2 2 2 2 2 2
left_child=5 2 3 4 -2 -1
right_child=1 -3 -4 -5 -6 -7
leaf_value=-0.0011278785929140158 -0.0018179208641273988 0.0071081465132808944 0.0084453172052813257 -0.0015831474920795616 0.0045538370821998873 -0.0048611082768040235
leaf_weight=1263 367 628 262 1949 1030 1244
leaf_count=1263 367 628 262 1949 1030 1244
internal_value=3.40224e-05 0.00183264 0.00089452 0.000276892 0.00287181 -0.00299627
internal_weight=6743 4236 3608 3346 1397 2507
internal_count=6743 4236 3608 3346 1397 2507
is_linear=0
shrinkage=0.01


Tree=235
num_leaves=7
num_cat=0
split_feature=1 9 14 22 14 12
split_gain=361.262 204.602 141.946 115.869 84.914 84.8368
threshold=1.1358133165365565 0.0044634694335100242 0.17021881020370608 28.000000000000032 2.6415040341048548 0.36574125384488049
decision_type=2 2 2 10 2 2
left_child=5 2 3 -2 -4 -1
right_child=1 -3 4 -5 -6 -7
leaf_value=-0.0011166883570684204 0.0083190745173574911 0.0070381792017870336 0.00022498422093822752 0.0011225332788979778 -0.0065589125717442544 -0.0048128848410468848
leaf_weight=1263 391 628 2505 523 189 1244
leaf_count=1263 391 628 2505 523 189 1244
internal_value=3.38112e-05 0.0018147 0.000885813 0.00426868 -0.000269744 -0.00296659
internal_weight=6743 4236 3608 914 2694 2507
internal_count=6743 4236 3608 914 2694 2507
is_linear=0
shrinkage=0.01


Tree=236
num_leaves=7
num_cat=0
split_feature=16 0 8 5 15 14
split_gain=355.3 270.874 180.111 163.687 72.3388 71.2928
threshold=3.9907509541349477 1.0903860702151775 26.538750000000004 0.19250206535463851 4.0779514421916483 0.16960488602000998
decision_type=2 2 2 2 2 2
left_child=1 2 -1 -4 -2 -3
right_child=4 5 3 -5 -6 -7
leaf_value=-0.0016555869368918377 -0.001589739198700868 0.012890922571557599 0.0062755522818893454 0.00054846715189215637 -0.0055166675456903257 0.0052121485642210889
leaf_weight=1964 940 175 746 1488 969 461
leaf_count=1964 940 175 746 1488 969 461
internal_value=3.35356e-05 0.00147761 0.000546053 0.00248481 -0.0036066 0.00750734
internal_weight=6743 4834 4198 2234 1909 636
internal_count=6743 4834 4198 2234 1909 636
is_linear=0
shrinkage=0.01


Tree=237
num_leaves=7
num_cat=0
split_feature=1 16 16 22 9 7
split_gain=349.943 170.906 141.743 199.705 126.564 140.874
threshold=1.4753420904935914 1.0477024586221126 1.028211211583139 29.800000000000015 0.0069745960986368205 1.0000000180025095e-35
decision_type=2 2 2 10 2 2
left_child=1 2 -1 -4 5 -2
right_child=4 -3 3 -5 -6 -7
leaf_value=-0.00011372656574352081 0.0044031451793416854 -0.0031858037374554067 0.022464282825805142 9.4142396734139635e-05 0.012144862139315316 -0.0025550248864763501
leaf_weight=2243 1324 2502 59 97 155 363
leaf_count=2243 1324 2502 59 97 155 363
internal_value=3.34396e-05 -0.00136202 0.000541255 0.00945849 0.00373902 0.0028938
internal_weight=6743 4901 2399 156 1842 1687
internal_count=6743 4901 2399 156 1842 1687
is_linear=0
shrinkage=0.01


Tree=238
num_leaves=7
num_cat=0
split_feature=1 6 14 2 14 21
split_gain=345.712 194.624 101.774 97.7482 87.6645 102.095
threshold=1.1358133165365565 0.998690467460294 0.54361967088576424 0.29609949564028709 2.4912163471583493 292.43893712328548
decision_type=2 2 2 2 2 10
left_child=3 2 -2 -1 5 -3
right_child=1 4 -4 -5 -6 -7
leaf_value=0.0021264117992087889 0.0026068446963210703 0.0071641563975584476 -0.0013892684917566444 -0.0036665015096263749 -0.0033000872334973379 0.001469871541866186
leaf_weight=327 1021 950 1658 2180 122 485
leaf_count=327 1021 950 1658 2180 122 485
internal_value=3.35976e-05 0.00177577 0.000134012 -0.00290148 0.00457534 0.00527002
internal_weight=6743 4236 2679 2507 1557 1435
internal_count=6743 4236 2679 2507 1557 1435
is_linear=0
shrinkage=0.01


Tree=239
num_leaves=7
num_cat=0
split_feature=1 0 4 14 8 2
split_gain=339.111 203.122 178.622 123.827 114.756 101.808
threshold=1.1128081893013004 1.2519505216138527 -1.0000000180025095e-35 0.54361967088576424 220.44105000000005 0.51978597042105412
decision_type=2 2 2 2 2 2
left_child=-1 2 3 -2 -4 -6
right_child=1 -3 4 -5 5 -7
leaf_value=-0.0030670675910039304 0.0022496207158837936 0.010587374458574455 0.0024250609986661785 -0.0020975016975171459 0.013815543984696652 0.002038008562235189
leaf_weight=2307 1070 231 1169 1654 184 128
leaf_count=2307 1070 231 1169 1654 184 128
internal_value=3.33358e-05 0.00165126 0.00113403 -0.000384291 0.00391724 0.00922814
internal_weight=6743 4436 4205 2724 1481 312
internal_count=6743 4436 4205 2724 1481 312
is_linear=0
shrinkage=0.01


Tree=240
num_leaves=7
num_cat=0
split_feature=10 8 14 22 6 21
split_gain=331.645 223.915 188.738 147.751 131.148 91.7503
threshold=0.043368949372441984 24.653250000000003 0.12628109640036736 31.400000000000038 1.7901057918976926 287.52959142738797
decision_type=2 2 2 10 2 10
left_child=1 -1 3 -3 5 -4
right_child=-2 2 4 -5 -6 -7
leaf_value=-0.0012932800404775245 -0.002732525574120149 0.014428421076780476 -0.0012749037784186281 -0.00076292475945847007 0.013813915848355703 0.0032489745302602979
leaf_weight=1481 2630 241 610 83 89 1609
leaf_count=1481 2630 241 610 83 89 1609
internal_value=3.34164e-05 0.00180682 0.0035533 0.0106005 0.00251822 0.00200074
internal_weight=6743 4113 2632 324 2308 2219
internal_count=6743 4113 2632 324 2308 2219
is_linear=0
shrinkage=0.01


Tree=241
num_leaves=7
num_cat=0
split_feature=16 8 9 14 22 16
split_gain=332.668 250.032 175.182 144.856 131.555 127.798
threshold=3.9907509541349477 26.538750000000004 -0.0049393939393939396 0.098293964855324462 31.400000000000038 3.007485931388084
decision_type=2 2 2 2 10 2
left_child=1 -1 -3 4 5 -4
right_child=-2 2 3 -5 -6 -7
leaf_value=-0.0012050565923191856 -0.0034888201731985051 -0.0019120539614765546 0.025170334205962718 0.0035581309215213736 -0.001483682638241185 0.0084560091621158316
leaf_weight=2057 1909 503 70 1986 62 156
leaf_count=2057 1909 503 70 1986 62 156
internal_value=3.34291e-05 0.0014308 0.00338416 0.00456328 0.0111091 0.0145226
internal_weight=6743 4834 2777 2274 288 226
internal_count=6743 4834 2777 2274 288 226
is_linear=0
shrinkage=0.01


Tree=242
num_leaves=7
num_cat=0
split_feature=16 0 8 6 10 8
split_gain=326.16 251.666 165.172 159.877 114.879 99.2606
threshold=3.9907509541349477 1.0903860702151775 26.538750000000004 1.6996518539720642 0.032605189010684155 1697.5800000000002
decision_type=2 2 2 2 2 2
left_child=1 2 -1 4 5 -4
right_child=-2 -3 3 -5 -6 -7
leaf_value=-0.001589069108309115 -0.0034541137978799036 0.0072291809084231249 0.0031600618140436199 0.0168628969607321 -0.00052593958658801189 0.014345901199531826
leaf_weight=1964 1909 636 1054 64 1038 78
leaf_count=1964 1909 636 1054 64 1038 78
internal_value=3.34961e-05 0.00141714 0.000519152 0.00237585 0.00186861 0.00405845
internal_weight=6743 4834 4198 2234 2170 1132
internal_count=6743 4834 4198 2234 2170 1132
is_linear=0
shrinkage=0.01


Tree=243
num_leaves=7
num_cat=0
split_feature=1 9 14 22 14 14
split_gain=321.169 194.967 120.661 106.618 87.0094 80.0628
threshold=1.1128081893013004 0.0044634694335100242 0.17021881020370608 28.000000000000032 2.2110839337315658 2.6415040341048548
decision_type=2 2 2 8 2 2
left_child=-1 2 3 -2 -3 -4
right_child=1 4 5 -5 -6 -7
leaf_value=-0.0029835354418655691 0.0075623980615367658 0.007731430256870106 0.00018180828425692029 0.00084786215131954013 -0.0049221375007783216 -0.0059825759812148381
leaf_weight=2307 411 595 2604 555 52 219
leaf_count=2307 411 595 2604 555 52 219
internal_value=3.36946e-05 0.00160828 0.000731258 0.00376313 0.00663979 -0.000312306
internal_weight=6743 4436 3789 966 647 2823
internal_count=6743 4436 3789 966 647 2823
is_linear=0
shrinkage=0.01


Tree=244
num_leaves=7
num_cat=0
split_feature=1 0 4 8 15 20
split_gain=314.815 193.315 168.146 109.162 101.538 91.6874
threshold=1.1128081893013004 1.2519505216138527 -1.0000000180025095e-35 220.44105000000005 1.983349228281988 0.0069743967105340169
decision_type=2 2 2 2 2 2
left_child=-1 2 4 -4 -2 -5
right_child=1 -3 3 5 -6 -7
leaf_value=-0.0029538288593016298 0.0016318574149301632 0.010310003090943539 0.0023329152944005786 0.0028025309814331241 -0.0022188145224515629 0.013866004700010473
leaf_weight=2307 1295 231 1169 146 1429 166
leaf_count=2307 1295 231 1169 146 1429 166
internal_value=3.33937e-05 0.00159234 0.00108774 0.00378814 -0.00038526 0.00896774
internal_weight=6743 4436 4205 1481 2724 312
internal_count=6743 4436 4205 1481 2724 312
is_linear=0
shrinkage=0.01


Tree=245
num_leaves=7
num_cat=0
split_feature=16 0 8 6 5 16
split_gain=312.728 241.088 158.729 155.951 117.68 70.1651
threshold=3.9907509541349477 1.0903860702151775 26.538750000000004 1.6996518539720642 0.19250206535463851 0.19232901090458973
decision_type=2 2 2 2 2 2
left_child=1 2 -1 4 -4 -3
right_child=-2 5 3 -5 -6 -7
leaf_value=-0.0015572572546374629 -0.0033815374223691566 0.014958349710772976 0.0051828939633449221 0.016637381415914844 0.00021040572933048833 0.0054971691280947411
leaf_weight=1964 1909 91 697 64 1473 545
leaf_count=1964 1909 91 697 64 1473 545
internal_value=3.34711e-05 0.00138836 0.000509382 0.00232955 0.0018286 0.00707697
internal_weight=6743 4834 4198 2234 2170 636
internal_count=6743 4834 4198 2234 2170 636
is_linear=0
shrinkage=0.01


Tree=246
num_leaves=7
num_cat=0
split_feature=10 8 4 5 8 20
split_gain=302.342 207.167 205.9 126.815 95.4202 86.5671
threshold=0.043368949372441984 220.44105000000005 0.18184858684932068 0.15151723646610768 14.066550000000001 0.016884725634308706
decision_type=2 2 2 2 2 2
left_child=1 2 5 -3 -4 -1
right_child=-2 3 4 -5 -6 -7
leaf_value=-0.0010363523342381603 -0.0026071305509383158 0.01263939195542064 0.00089317291509629553 0.0037725617148235075 0.013563444423376385 0.0039288444063810676
leaf_weight=2461 2630 200 98 800 155 399
leaf_count=2461 2630 200 98 800 155 399
internal_value=3.3722e-05 0.00172703 0.000445246 0.00566341 0.00891419 -0.000328895
internal_weight=6743 4113 3113 1000 253 2860
internal_count=6743 4113 3113 1000 253 2860
is_linear=0
shrinkage=0.01


Tree=247
num_leaves=7
num_cat=0
split_feature=16 8 6 19 14 7
split_gain=303.653 229.638 212.384 174.078 112.105 91.2324
threshold=3.9907509541349477 498.42090000000007 1.1898361925290739 219.44833333333358 2.2110839337315658 1.0000000180025095e-35
decision_type=2 2 2 10 2 2
left_child=1 2 5 -3 -4 -1
right_child=-2 3 4 -5 -6 -7
leaf_value=0.00021145800019394101 -0.0033311953964278431 0.016778173854489344 0.0066453765317821684 0.0036662671873237047 -0.0060980056512217294 -0.0046593390196855919
leaf_weight=3176 1909 143 688 332 68 427
leaf_count=3176 1909 143 688 332 68 427
internal_value=3.38757e-05 0.00136898 0.000638682 0.00789881 0.00542145 -0.000374322
internal_weight=6743 4834 4359 475 756 3603
internal_count=6743 4834 4359 475 756 3603
is_linear=0
shrinkage=0.01


Tree=248
num_leaves=7
num_cat=0
split_feature=1 9 7 14 8 14
split_gain=300.2 180.741 122.206 125.614 113.889 83.1381
threshold=1.1128081893013004 0.0044634694335100242 1.0000000180025095e-35 0.54361967088576424 27.407250000000005 2.2110839337315658
decision_type=2 2 2 2 2 2
left_child=-1 2 3 4 -2 -3
right_child=1 5 -4 -5 -6 -7
leaf_value=-0.0028832914194841649 -0.0012494727656580619 0.0074685934791072026 -0.0037708107442110742 -0.00016657021942972829 0.0055079174469841608 -0.0048912787954172787
leaf_weight=2307 326 595 514 1968 981 52
leaf_count=2307 326 595 514 1968 981 52
internal_value=3.37326e-05 0.00155609 0.000711541 0.00142741 0.00381817 0.00640067
internal_weight=6743 4436 3789 3275 1307 647
internal_count=6743 4436 3789 3275 1307 647
is_linear=0
shrinkage=0.01


Tree=249
num_leaves=7
num_cat=0
split_feature=1 2 9 7 14 14
split_gain=295.684 182.993 115.543 134.78 81.7993 79.5856
threshold=1.4753420904935914 0.39726919633943997 0.0069745960986368205 1.0000000180025095e-35 2.6415040341048548 0.11043360433604336
decision_type=2 2 2 2 2 2
left_child=1 -1 3 5 -3 -2
right_child=2 4 -4 -5 -6 -7
leaf_value=0.0022403295165508196 0.0097037634526460949 -0.0015099072864296734 0.011468651272554062 -0.0026939613330390195 -0.0050592604381007001 0.0029876269126962126
leaf_weight=1141 207 2923 155 363 837 1117
leaf_count=1141 207 2923 155 363 837 1117
internal_value=3.33362e-05 -0.00124926 0.00343966 0.00263284 -0.00231399 0.00411002
internal_weight=6743 4901 1842 1687 3760 1324
internal_count=6743 4901 1842 1687 3760 1324
is_linear=0
shrinkage=0.01


Tree=250
num_leaves=7
num_cat=0
split_feature=1 9 7 2 1 2
split_gain=290.827 175.228 118.708 112.589 115.491 76.0721
threshold=1.1128081893013004 0.0044634694335100242 1.0000000180025095e-35 0.32675681895125713 1.4753420904935914 0.29609949564028709
decision_type=2 2 2 2 2 2
left_child=5 2 3 -2 -5 -1
right_child=1 -3 -4 4 -6 -7
leaf_value=0.0018952624426042072 0.0083749290015779163 0.0063018317399135418 -0.003717594126111451 -0.00061860807740662493 0.0033564856988053675 -0.0035239398785601264
leaf_weight=288 207 647 514 1893 1175 2019
leaf_count=288 207 647 514 1893 1175 2019
internal_value=3.32567e-05 0.00153168 0.00070007 0.00140566 0.000906506 -0.00283784
internal_weight=6743 4436 3789 3275 3068 2307
internal_count=6743 4436 3789 3275 3068 2307
is_linear=0
shrinkage=0.01


Tree=251
num_leaves=7
num_cat=0
split_feature=16 0 8 6 5 16
split_gain=286.848 225.92 149.112 148.104 110.966 68.7363
threshold=3.9907509541349477 1.0903860702151775 26.538750000000004 1.6996518539720642 0.19250206535463851 0.19232901090458973
decision_type=2 2 2 2 2 2
left_child=1 2 -1 4 -4 -3
right_child=-2 5 3 -5 -6 -7
leaf_value=-0.001523079117760652 -0.0032374857774835385 0.014627597922099625 0.0050131008492899955 0.016187098394777326 0.00018454973208476222 0.0052786564211453404
leaf_weight=1964 1909 91 697 64 1473 545
leaf_count=1964 1909 91 697 64 1473 545
internal_value=3.31028e-05 0.00133078 0.000479857 0.00224412 0.00175594 0.00683753
internal_weight=6743 4834 4198 2234 2170 636
internal_count=6743 4834 4198 2234 2170 636
is_linear=0
shrinkage=0.01


Tree=252
num_leaves=7
num_cat=0
split_feature=1 0 2 8 13 16
split_gain=283.02 191.326 172.727 123.294 102.498 97.8086
threshold=1.043160096093547 1.2519505216138527 0.41666666666666674 498.42090000000007 16.265073570448624 0.74691187563582562
decision_type=2 2 2 2 2 2
left_child=-1 2 3 -2 -4 -3
right_child=1 5 4 -5 -6 -7
leaf_value=-0.0034368865955836068 0.0031032658212064332 0.021019042208790778 -0.0014774102056403849 0.014499901121255952 0.0020209435711863719 0.0057252031588857924
leaf_weight=1733 1020 52 2385 97 1277 179
leaf_count=1733 1020 52 2385 97 1277 179
internal_value=3.33423e-05 0.00124017 0.000797747 0.0042217 -0.000252572 0.00993877
internal_weight=6743 5010 4779 1117 3662 231
internal_count=6743 5010 4779 1117 3662 231
is_linear=0
shrinkage=0.01


Tree=253
num_leaves=7
num_cat=0
split_feature=16 8 4 19 0 23
split_gain=277.723 219.554 194.907 172.049 120.536 106.583
threshold=3.9907509541349477 498.42090000000007 0.086065307596167664 219.44833333333358 1.2427815986253969 10.520833333333323
decision_type=2 2 2 10 2 8
left_child=1 2 4 -3 -1 -4
right_child=-2 3 5 -5 -6 -7
leaf_value=-0.00075657921983160741 -0.0031844691531199439 0.01651925471848717 -0.0049760296588089873 0.0034934939647077081 0.0085471491833891845 0.0064570186195470804
leaf_weight=3458 1909 143 84 332 135 682
leaf_count=3458 1909 143 84 332 135 682
internal_value=3.36524e-05 0.00131054 0.000596482 0.0076953 -0.000381482 0.00514241
internal_weight=6743 4834 4359 475 3593 766
internal_count=6743 4834 4359 475 3593 766
is_linear=0
shrinkage=0.01


Tree=254
num_leaves=7
num_cat=0
split_feature=1 4 7 14 19 8
split_gain=275.296 175.189 110.103 102.311 118.375 108.179
threshold=1.043160096093547 -1.0000000180025095e-35 1.0000000180025095e-35 0.54361967088576424 217.93833333333376 498.42090000000007
decision_type=2 2 2 2 10 2
left_child=-1 2 3 4 5 -2
right_child=1 -3 -4 -5 -6 -7
leaf_value=-0.0033888223470705365 0.0037863379528380106 0.0038266772472095858 -0.0050727703126996196 -0.00091241032277905045 0.0012362801597086972 0.01845164983932461
leaf_weight=1733 149 1697 385 1812 893 74
leaf_count=1733 149 1697 385 1812 893 74
internal_value=3.37024e-05 0.00122397 -0.000113701 0.000550005 0.00292036 0.00927883
internal_weight=6743 5010 3313 2928 1116 223
internal_count=6743 5010 3313 2928 1116 223
is_linear=0
shrinkage=0.01


Tree=255
num_leaves=7
num_cat=0
split_feature=1 2 0 2 12 9
split_gain=270.646 169.798 114.985 111.828 82.5187 81.0157
threshold=1.4753420904935914 0.39726919633943997 1.2723730332504524 0.44116438099891891 1.1839263696174613 0.0069745960986368205
decision_type=2 2 2 2 2 2
left_child=1 -1 3 -2 -4 -5
right_child=2 -3 4 5 -6 -7
leaf_value=0.0021678428091021816 0.0087479145906152241 -0.0022190924534181674 0.01846908900556685 0.00055527167761045026 0.0050082770019932799 0.0094742521301314636
leaf_weight=1141 225 3760 69 1305 142 101
leaf_count=1141 225 3760 69 1305 142 101
internal_value=3.36308e-05 -0.0011934 0.0032926 0.00235075 0.0100919 0.00126541
internal_weight=6743 4901 1842 1631 211 1406
internal_count=6743 4901 1842 1631 211 1406
is_linear=0
shrinkage=0.01


Tree=256
num_leaves=7
num_cat=0
split_feature=1 0 2 8 16 2
split_gain=267.843 167.875 145.377 99.6702 95.6768 84.1862
threshold=1.1358133165365565 1.2519505216138527 0.41879032645595043 498.42090000000007 0.74691187563582562 0.29609949564028709
decision_type=2 2 2 2 2 2
left_child=5 2 3 -2 -3 -1
right_child=1 4 -4 -5 -6 -7
leaf_value=0.0021135751079237337 0.0034787157648985046 0.020630478858947754 7.2845538663384539e-05 0.014760692898184061 0.0055244931874540515 -0.0032597660079002593
leaf_weight=327 776 52 3149 80 179 2180
leaf_count=327 776 52 3149 80 179 2180
internal_value=3.39787e-05 0.00156761 0.00107418 0.00470292 0.00968141 -0.00254931
internal_weight=6743 4236 4005 856 231 2507
internal_count=6743 4236 4005 856 231 2507
is_linear=0
shrinkage=0.01


Tree=257
num_leaves=7
num_cat=0
split_feature=16 8 6 19 0 14
split_gain=263.823 211.628 185.28 167.024 110.667 107.567
threshold=3.9907509541349477 498.42090000000007 1.1898361925290739 219.44833333333358 1.2427815986253969 2.2110839337315658
decision_type=2 2 2 10 2 2
left_child=1 2 4 -3 -1 -4
right_child=-2 3 5 -5 -6 -7
leaf_value=-0.00072918729907433155 -0.0031021797113355205 0.016240983432024913 0.0062463162305670117 0.0034081823392893731 0.0081265919559894984 -0.0062227312970954251
leaf_weight=3466 1909 143 688 332 137 68
leaf_count=3466 1909 143 688 332 137 68
internal_value=3.43396e-05 0.0012789 0.000577823 0.00754736 -0.000368128 0.00504511
internal_weight=6743 4834 4359 475 3603 756
internal_count=6743 4834 4359 475 3603 756
is_linear=0
shrinkage=0.01


Tree=258
num_leaves=7
num_cat=0
split_feature=1 0 2 8 14 16
split_gain=261.274 175.545 161.177 116.271 97.7528 94.426
threshold=1.043160096093547 1.2519505216138527 0.41666666666666674 498.42090000000007 2.1107138664934415 0.74691187563582562
decision_type=2 2 2 2 2 2
left_child=-1 2 3 -2 -4 -3
right_child=1 5 4 -5 -6 -7
leaf_value=-0.0032998330063315389 0.0029913836825317315 0.020397576386890104 0.00039324388425738106 0.014058721826507527 -0.0043945228451864353 0.0054030767755297131
leaf_weight=1733 1020 52 3180 97 482 179
leaf_count=1733 1020 52 3180 97 482 179
internal_value=3.43512e-05 0.00119394 0.000770046 0.00407756 -0.00024446 0.00952627
internal_weight=6743 5010 4779 1117 3662 231
internal_count=6743 5010 4779 1117 3662 231
is_linear=0
shrinkage=0.01


Tree=259
num_leaves=7
num_cat=0
split_feature=10 1 2 0 8 20
split_gain=256.765 171.927 147.106 135.034 97.7748 114.761
threshold=0.024186181654504809 1.043160096093547 0.29215137611234859 1.2723730332504524 498.42090000000007 0.003195015521825707
decision_type=2 2 2 2 2 2
left_child=3 -2 -3 4 -1 -6
right_child=1 2 -4 -5 5 -7
leaf_value=0.0017594905794544528 -0.0035131544283529144 0.0063250496119382927 -0.00034046918231131902 0.015809617916783016 -0.0031703935249242934 0.013488688757353873
leaf_weight=945 1708 356 3450 83 50 151
leaf_count=945 1708 356 3450 83 50 151
internal_value=3.45637e-05 -0.000886795 0.000295321 0.00415017 0.00316762 0.00934339
internal_weight=6743 5514 3806 1229 1146 201
internal_count=6743 5514 3806 1229 1146 201
is_linear=0
shrinkage=0.01


Tree=260
num_leaves=7
num_cat=0
split_feature=1 1 14 8 3 9
split_gain=253.409 129.983 116.401 121.294 153.9 106.98
threshold=1.4753420904935914 0.94034119139914163 2.6415040341048548 353.03220000000005 0.14323512238150543 0.0069745960986368205
decision_type=2 2 2 2 2 2
left_child=1 -1 3 -3 -5 -2
right_child=5 2 -4 4 -6 -7
leaf_value=-0.0044098583743437583 0.0024125618526736618 -0.00038790382745878746 -0.0044663746439198935 0.014818704340930198 0.0016487257571547156 0.010911613561551679
leaf_weight=971 1687 2894 572 111 353 155
leaf_count=971 1687 2894 572 111 353 155
internal_value=3.46676e-05 -0.0011526 -0.00033613 0.000375617 0.00506656 0.00318819
internal_weight=6743 4901 3930 3358 464 1842
internal_count=6743 4901 3930 3358 464 1842
is_linear=0
shrinkage=0.01


Tree=261
num_leaves=7
num_cat=0
split_feature=16 8 9 14 19 9
split_gain=249.934 204.038 144.025 124.998 133.238 91.3172
threshold=3.9907509541349477 26.538750000000004 -0.0049393939393939396 0.098293964855324462 219.44833333333358 0.0065647925518864574
decision_type=2 2 2 2 10 2
left_child=1 -1 -3 4 -4 -5
right_child=-2 2 3 5 -6 -7
leaf_value=-0.0011346360838596062 -0.0030181754557683984 -0.0017895483253723408 0.019625344236962276 0.0024182340977102045 0.0050005222489812153 0.0096671446040421209
leaf_weight=2057 1909 503 91 1800 197 186
leaf_count=2057 1909 503 91 1800 197 186
internal_value=3.46249e-05 0.00124602 0.00301076 0.00408014 0.0101586 0.00314718
internal_weight=6743 4834 2777 2274 288 1986
internal_count=6743 4834 2777 2274 288 1986
is_linear=0
shrinkage=0.01


Tree=262
num_leaves=7
num_cat=0
split_feature=10 1 2 13 14 9
split_gain=245.861 171.222 125.422 105.164 125.804 96.9258
threshold=0.022009118257899463 1.0209974464444549 0.33357726690579381 67.555787972333334 2.2110839337315658 0.0055176143791904539
decision_type=2 2 2 2 2 2
left_child=3 -2 -3 4 -1 -4
right_child=1 2 5 -5 -6 -7
leaf_value=0.0073508006213731806 -0.0036311219382986265 0.0044015736084341518 -0.00083040533493034148 -0.0053875081405864765 -0.0039902327373299911 0.0058827650427511246
leaf_weight=732 1495 622 3487 83 105 219
leaf_count=732 1495 622 3487 83 105 219
internal_value=3.47343e-05 -0.000725153 0.000282393 0.00481116 0.00588597 -0.000416247
internal_weight=6743 5823 4328 920 837 3706
internal_count=6743 5823 4328 920 837 3706
is_linear=0
shrinkage=0.01


Tree=263
num_leaves=7
num_cat=0
split_feature=12 0 8 6 5 14
split_gain=242.731 186.124 118.705 140.236 111.169 113.934
threshold=2.9727379293480429 1.0903860702151775 26.538750000000004 1.6996518539720642 0.13870013340573137 0.54361967088576424
decision_type=2 2 2 2 2 2
left_child=1 2 -1 4 -4 -6
right_child=-2 -3 3 -5 5 -7
leaf_value=-0.001420320315820232 -0.0036113537891779095 0.005969975293081786 0.0059328166756206979 0.015457018669949819 0.002561860854630899 -0.0021562322237810992
leaf_weight=2133 1427 655 428 63 1093 944
leaf_count=2133 1427 655 428 63 1093 944
internal_value=3.44136e-05 0.00101989 0.000310828 0.00177527 0.00136051 0.000370634
internal_weight=6743 5316 4661 2528 2465 2037
internal_count=6743 5316 4661 2528 2465 2037
is_linear=0
shrinkage=0.01


Tree=264
num_leaves=7
num_cat=0
split_feature=1 2 8 0 2 16
split_gain=238.539 151.786 176.397 104.453 105.26 79.9081
threshold=1.4753420904935914 0.39726919633943997 683.67465000000004 1.2723730332504524 0.44116438099891891 3.9572668644050748
decision_type=2 2 2 2 2 2
left_child=1 2 -1 4 -2 -5
right_child=3 -3 -4 5 -6 -7
leaf_value=0.0010442360117631359 0.0084019846595189667 -0.00208731574689758 0.017458367728761266 0.017716072194627487 0.0011439207366830144 0.0045604864432050888
leaf_weight=1081 225 3760 60 70 1406 141
leaf_count=1081 225 3760 60 70 1406 141
internal_value=3.44061e-05 -0.00111746 0.00206025 0.00309405 0.00219638 0.0095743
internal_weight=6743 4901 1141 1842 1631 211
internal_count=6743 4901 1141 1842 1631 211
is_linear=0
shrinkage=0.01


Tree=265
num_leaves=7
num_cat=0
split_feature=12 0 8 2 8 19
split_gain=235.892 179.449 115.842 141.318 72.4368 89.7071
threshold=2.9727379293480429 1.0903860702151775 26.538750000000004 0.60029000895253637 220.44105000000005 221.95000000000016
decision_type=2 2 2 2 2 10
left_child=1 2 -1 4 -4 -6
right_child=-2 -3 3 -5 5 -7
leaf_value=-0.0014000586710233159 -0.0035591797506250053 0.0058669005363507377 0.0021997748364804481 -0.0008178704591746015 0.014157456542204197 0.004204629648095962
leaf_weight=2133 1427 655 906 1152 123 347
leaf_count=2133 1427 655 906 1152 123 347
internal_value=3.48356e-05 0.00100634 0.000310061 0.00175675 0.0039098 0.00707082
internal_weight=6743 5316 4661 2528 1376 470
internal_count=6743 5316 4661 2528 1376 470
is_linear=0
shrinkage=0.01


Tree=266
num_leaves=7
num_cat=0
split_feature=1 0 2 9 8 17
split_gain=233.054 149.356 133.263 105.28 90.6036 88.9582
threshold=1.1358133165365565 1.2519505216138527 0.41879032645595043 0.0067781555107961017 498.42090000000007 1.0000000180025095e-35
decision_type=2 2 2 2 2 2
left_child=-1 2 4 -4 -2 -5
right_child=1 -3 3 5 -6 -7
leaf_value=-0.0023747971749707472 0.00330630788711689 0.0091187976693533589 -0.00037329760619666684 0.01428230346290655 0.01406467109421889 -0.0007218926886717479
leaf_weight=2507 776 231 3001 83 80 65
leaf_count=2507 776 231 3001 83 80 65
internal_value=3.4793e-05 0.00146545 0.000999923 4.11881e-05 0.00447411 0.00800071
internal_weight=6743 4236 4005 3149 856 148
internal_count=6743 4236 4005 3149 856 148
is_linear=0
shrinkage=0.01


Tree=267
num_leaves=7
num_cat=0
split_feature=10 1 0 2 7 9
split_gain=230.839 161.203 120.232 116.65 104.398 95.1908
threshold=0.022009118257899463 0.99479756970498578 1.2723730332504524 0.33357726690579381 1.0000000180025095e-35 0.0055176143791904539
decision_type=2 2 2 2 2 2
left_child=2 -2 -1 4 -3 -5
right_child=1 3 -4 5 -6 -7
leaf_value=0.0035135214603338565 -0.0038090225549210982 0.0061832337724671768 0.01664317946916876 -0.00087912831029489087 -0.0030239931653979371 0.0056453355569627229
leaf_weight=852 1288 510 68 3644 153 228
leaf_count=852 1288 510 68 3644 153 228
internal_value=3.49975e-05 -0.000701266 0.00466325 0.000185616 0.00403027 -0.000478811
internal_weight=6743 5823 920 4535 663 3872
internal_count=6743 5823 920 4535 663 3872
is_linear=0
shrinkage=0.01


Tree=268
num_leaves=7
num_cat=0
split_feature=16 8 18 0 2 10
split_gain=228.156 190.611 145.022 137.655 83.9943 79.2329
threshold=3.9907509541349477 498.42090000000007 288.2000000000001 1.2723730332504524 0.49866924591941758 0.023116111152882968
decision_type=2 2 10 2 2 2
left_child=1 3 4 -1 -3 -5
right_child=-2 2 -4 5 -6 -7
leaf_value=0.00013450281469844019 -0.0028816952213519772 0.018163348979161432 0.00017467880179528809 0.017723907859939519 0.0065405344913535288 0.0038000706522886099
leaf_weight=4168 1909 110 187 56 178 135
leaf_count=4168 1909 110 187 56 178 135
internal_value=3.50069e-05 0.00119248 0.00714151 0.000527064 0.0114739 0.00861089
internal_weight=6743 4834 475 4359 288 191
internal_count=6743 4834 475 4359 288 191
is_linear=0
shrinkage=0.01


Tree=269
num_leaves=7
num_cat=0
split_feature=12 8 9 14 22 19
split_gain=224.227 172.728 143.372 114.185 95.9877 105.646
threshold=2.9727379293480429 26.538750000000004 -0.0033226845154038973 0.11349218193399971 31.300000000000015 276.83666666666744
decision_type=2 2 2 2 10 10
left_child=1 -1 -3 4 5 -4
right_child=-2 2 3 -5 -6 -7
leaf_value=-0.0011279072137493126 -0.0034686268681289297 -0.0007287958843740992 0.018428006784113892 0.0030448934060042553 -0.0018733044614394506 0.0033309391447455513
leaf_weight=2235 1427 939 126 1885 50 81
leaf_count=2235 1427 939 126 1885 50 81
internal_value=3.53626e-05 0.00098258 0.00251549 0.00393913 0.0101008 0.0129923
internal_weight=6743 5316 3081 2142 257 207
internal_count=6743 5316 3081 2142 257 207
is_linear=0
shrinkage=0.01


Tree=270
num_leaves=7
num_cat=0
split_feature=1 0 2 9 16 17
split_gain=220.971 141.653 128.676 102.155 90.2212 87.1948
threshold=1.1358133165365565 1.2519505216138527 0.41879032645595043 0.0067781555107961017 0.74691187563582562 1.0000000180025095e-35
decision_type=2 2 2 2 2 2
left_child=-1 2 -2 -4 -3 -5
right_child=1 4 3 5 -6 -7
leaf_value=-0.0023110165202399635 0.0043887620328141291 0.019480864009068861 -0.00037542110055082084 0.014093066468354194 0.0048821137471508885 -0.00075545030534267428
leaf_weight=2507 856 52 3001 83 179 65
leaf_count=2507 856 52 3001 83 179 65
internal_value=3.524e-05 0.00142836 0.000974912 3.27963e-05 0.00888188 0.00787339
internal_weight=6743 4236 4005 3149 231 148
internal_count=6743 4236 4005 3149 231 148
is_linear=0
shrinkage=0.01


Tree=271
num_leaves=7
num_cat=0
split_feature=10 1 14 0 2 9
split_gain=218.892 154.219 128.757 114.19 84.2799 102.214
threshold=0.022009118257899463 0.94034119139914163 2.6415040341048548 1.2723730332504524 0.33357726690579381 0.0073465637543598554
decision_type=2 2 2 2 2 2
left_child=3 -2 4 -1 -3 -6
right_child=1 2 -4 -5 5 -7
leaf_value=0.0034215843536380681 -0.0043200391604028927 0.0038069193415401804 -0.0043223598802267478 0.016218186685791575 -0.00030069670264055179 0.0086974305096473407
leaf_weight=852 961 696 583 68 3462 121
leaf_count=852 961 696 583 68 3462 121
internal_value=3.54711e-05 -0.000681448 4.30768e-05 0.00454239 0.000648876 2.3753e-05
internal_weight=6743 5823 4862 920 4279 3583
internal_count=6743 5823 4862 920 4279 3583
is_linear=0
shrinkage=0.01


Tree=272
num_leaves=7
num_cat=0
split_feature=16 8 1 19 9 7
split_gain=215.428 183.763 169.238 158.789 84.5806 87.9494
threshold=3.9907509541349477 498.42090000000007 1.7140332793741309 219.44833333333358 0.0071163421494433035 1.0000000180025095e-35
decision_type=2 2 2 10 2 2
left_child=1 2 -1 -3 5 -4
right_child=-2 3 4 -5 -6 -7
leaf_value=-0.00043331927415477672 -0.0027986763634994007 0.015470663404055672 0.0051750914733923806 0.0029785509187624688 0.012896774561921938 -0.0030429584851586508
leaf_weight=3552 1909 143 547 332 99 161
leaf_count=3552 1909 143 547 332 99 161
internal_value=3.546e-05 0.00116022 0.000506854 0.00700139 0.00461191 0.00327602
internal_weight=6743 4834 4359 475 807 708
internal_count=6743 4834 4359 475 807 708
is_linear=0
shrinkage=0.01


Tree=273
num_leaves=7
num_cat=0
split_feature=1 0 2 8 9 16
split_gain=212.27 147.305 141.685 102.3 92.7279 87.6871
threshold=1.043160096093547 1.2519505216138527 0.41666666666666674 498.42090000000007 0.0067781555107961017 0.74691187563582562
decision_type=2 2 2 2 2 2
left_child=-1 2 3 -2 -4 -3
right_child=1 5 4 -5 -6 -7
leaf_value=-0.0029695815861061695 0.0027744262022595264 0.019160913209761345 -0.0006139007636761847 0.013156414776692325 0.0068632612460234003 0.004772784451229705
leaf_weight=1733 1020 52 3498 97 164 179
leaf_count=1733 1020 52 3498 97 164 179
internal_value=3.55533e-05 0.00108089 0.000692428 0.00379361 -0.000258539 0.00871383
internal_weight=6743 5010 4779 1117 3662 231
internal_count=6743 5010 4779 1117 3662 231
is_linear=0
shrinkage=0.01


Tree=274
num_leaves=7
num_cat=0
split_feature=12 8 16 16 2 8
split_gain=210.004 165.202 135.322 110.099 73.6695 104.455
threshold=2.9727379293480429 26.538750000000004 4.2457952378220734 0.097838838143463711 0.47037055567868363 498.42090000000007
decision_type=2 2 2 2 2 2
left_child=1 -1 3 -3 5 -5
right_child=-2 2 -4 4 -6 -7
leaf_value=-0.0011113193669349405 -0.0033551213637052039 -0.0011880995914189962 -0.0020887709215444616 0.0046671045290662553 0.0029911394993521511 0.013836029149677562
leaf_weight=2235 1427 426 533 531 1427 164
leaf_count=2235 1427 426 533 531 1427 164
internal_value=3.58662e-05 0.000952594 0.00245177 0.00340994 0.00433895 0.00701046
internal_weight=6743 5316 3081 2548 2122 695
internal_count=6743 5316 3081 2548 2122 695
is_linear=0
shrinkage=0.01


Tree=275
num_leaves=7
num_cat=0
split_feature=1 2 8 9 2 0
split_gain=206.946 133.381 163.326 94.4733 96.4165 87.9293
threshold=1.4753420904935914 0.39726919633943997 683.67465000000004 0.0069745960986368205 0.41666666666666674 1.201132683845896
decision_type=2 2 2 2 2 2
left_child=1 2 -1 4 -2 -6
right_child=3 -3 -4 -5 5 -7
leaf_value=0.00096384099787519446 0.0092029371055109156 -0.0019463571243534328 0.016757650773440089 0.010141892222744047 0.00025853971862360519 0.0067329187103037152
leaf_weight=1081 165 3760 60 155 1280 242
leaf_count=1081 165 3760 60 155 1280 242
internal_value=3.56816e-05 -0.0010371 0.00194143 0.0028856 0.00215717 0.00133173
internal_weight=6743 4901 1141 1842 1687 1522
internal_count=6743 4901 1141 1842 1687 1522
is_linear=0
shrinkage=0.01


Tree=276
num_leaves=7
num_cat=0
split_feature=10 1 2 13 15 24
split_gain=205.853 146.114 106.82 100.581 96.1759 100.808
threshold=0.022009118257899463 0.94034119139914163 0.33357726690579381 67.555787972333334 0.46939228966590196 -1.9999999999999714
decision_type=2 2 2 2 2 10
left_child=3 -2 -3 4 -1 -6
right_child=1 2 -4 -5 5 -7
leaf_value=0.014636077341958159 -0.004200894670224299 0.003584048032595365 -0.00057077790334121418 -0.0055526115482933411 -0.00024021779362744879 0.007160254413177961
leaf_weight=93 961 717 4145 83 308 436
leaf_count=93 961 717 4145 83 308 436
internal_value=3.60076e-05 -0.000659189 4.59813e-05 0.00440667 0.00545998 0.0041208
internal_weight=6743 5823 4862 920 837 744
internal_count=6743 5823 4862 920 837 744
is_linear=0
shrinkage=0.01


Tree=277
num_leaves=7
num_cat=0
split_feature=12 8 10 14 5 0
split_gain=202.004 160.2 130.371 130.152 103.512 75.4258
threshold=2.9727379293480429 26.538750000000004 0.021234974916484069 2.4912163471583493 0.20000000000000004 1.2224316200331147
decision_type=2 2 2 2 2 2
left_child=1 -1 3 5 -4 -3
right_child=-2 2 4 -5 -6 -7
leaf_value=-0.0010974112891079754 -0.0032899072153393955 0.0066692171822294042 0.00461070085435862 -0.0038824750593020804 6.9011136340259768e-05 0.018011413625882645
leaf_weight=2235 1427 456 693 95 1771 66
leaf_count=2235 1427 456 693 95 1771 66
internal_value=3.58373e-05 0.000934962 0.00241129 0.00648973 0.00136388 0.00843369
internal_weight=6743 5316 3081 617 2464 522
internal_count=6743 5316 3081 617 2464 522
is_linear=0
shrinkage=0.01


Tree=278
num_leaves=7
num_cat=0
split_feature=1 0 2 8 2 10
split_gain=199.56 123.313 125.243 89.4988 83.9154 78.8236
threshold=1.188344594594595 1.2723730332504524 0.45274769274890087 220.44105000000005 0.29609949564028709 0.023116111152882968
decision_type=2 2 2 2 2 2
left_child=4 2 3 -2 -1 -3
right_child=1 5 -4 -5 -6 -7
leaf_value=0.0023079584044058475 0.0026393432722750716 0.016636339667062443 2.9270329644089588e-05 0.010481858297777778 -0.0025493053045609021 0.0037926854488233592
leaf_weight=402 689 73 2672 181 2587 139
leaf_count=402 689 73 2672 181 2587 139
internal_value=3.57912e-05 0.0015705 0.00111077 0.00438288 -0.00188718 0.00881048
internal_weight=6743 3754 3542 870 2989 212
internal_count=6743 3754 3542 870 2989 212
is_linear=0
shrinkage=0.01


Tree=279
num_leaves=7
num_cat=0
split_feature=16 0 6 1 7 2
split_gain=196.509 157.968 108.978 93.3876 102.362 97.2949
threshold=3.9907509541349477 1.0903860702151775 1.6996518539720642 0.94034119139914163 1.0000000180025095e-35 0.32675681895125713
decision_type=2 2 2 2 2 2
left_child=1 2 3 -1 5 -5
right_child=-2 -3 -4 4 -6 -7
leaf_value=-0.0040795625236714995 -0.0026707736474291749 0.005715177020086149 0.010087227638876808 0.005413695283486313 -0.0035764165879786777 0.00056952052536315902
leaf_weight=457 1909 636 103 483 481 2674
leaf_count=457 1909 636 103 483 481 2674
internal_value=3.59862e-05 0.00111029 0.000398343 0.000128226 0.000669278 0.00132856
internal_weight=6743 4834 4198 4095 3638 3157
internal_count=6743 4834 4198 4095 3638 3157
is_linear=0
shrinkage=0.01


Tree=280
num_leaves=7
num_cat=0
split_feature=1 4 13 13 24 8
split_gain=193.691 127.727 80.8105 93.8489 79.9993 73.2358
threshold=1.043160096093547 -1.0000000180025095e-35 55.669639344324075 38.164115140502453 -1.9999999999999714 498.42090000000007
decision_type=2 2 2 2 10 2
left_child=-1 -2 3 5 -5 -3
right_child=1 2 -4 4 -6 -7
leaf_value=-0.002834749025382461 -0.00010733255386435078 0.0019842962423162092 -0.0017045251501174711 0 0.01287167307514793 0.0095062226259353139
leaf_weight=1733 3313 1040 268 63 185 141
leaf_count=1733 3313 1040 268 63 185 141
internal_value=3.57961e-05 0.0010344 0.0032568 0.0041996 0.00970648 0.00296301
internal_weight=6743 5010 1697 1429 248 1181
internal_count=6743 5010 1697 1429 248 1181
is_linear=0
shrinkage=0.01


Tree=281
num_leaves=7
num_cat=0
split_feature=12 8 14 23 13 1
split_gain=191.868 154.102 128.927 113.454 143.393 112.82
threshold=2.9727379293480429 26.538750000000004 0.24085112129833716 12.095833333333349 17.877604077128598 2.2869931879760914
decision_type=2 2 2 8 2 2
left_child=1 -1 5 -4 -5 -3
right_child=-2 2 3 4 -6 -7
leaf_value=-0.0010812322992568562 -0.0032054853100094219 0.0042889938065325149 -0.0032463942187491925 0.00022487198956781435 0.0068050205961120228 0.017650508373975752
leaf_weight=2235 1427 963 490 1102 466 60
leaf_count=2235 1427 963 490 1102 466 60
internal_value=3.57068e-05 0.000912018 0.00236001 0.000902345 0.00221752 0.00524562
internal_weight=6743 5316 3081 2058 1568 1023
internal_count=6743 5316 3081 2058 1568 1023
is_linear=0
shrinkage=0.01


Tree=282
num_leaves=7
num_cat=0
split_feature=12 8 14 22 23 13
split_gain=188.115 151.121 126.477 133.647 111.245 140.596
threshold=2.9727379293480429 26.538750000000004 0.24085112129833716 26.700000000000021 12.095833333333349 17.877604077128598
decision_type=2 2 2 8 8 2
left_child=1 -1 3 -3 -4 -6
right_child=-2 2 4 -5 5 -7
leaf_value=-0.0010704681410545025 -0.0031736535245509563 0.010728903640250744 -0.0032145795904309489 0.0027814741670033494 0.0002226434775408091 0.0067384000399180275
leaf_weight=2235 1427 299 490 724 1102 466
leaf_count=2235 1427 299 490 724 1102 466
internal_value=3.56672e-05 0.00090338 0.0023373 0.00519539 0.000893505 0.00219585
internal_weight=6743 5316 3081 1023 2058 1568
internal_count=6743 5316 3081 1023 2058 1568
is_linear=0
shrinkage=0.01


Tree=283
num_leaves=7
num_cat=0
split_feature=1 2 9 2 0 14
split_gain=186.311 121.832 90.1442 92.8033 83.0886 61.1343
threshold=1.4753420904935914 0.39726919633943997 0.0069745960986368205 0.41666666666666674 1.201132683845896 0.73190518525404902
decision_type=2 2 2 2 2 2
left_child=1 -1 3 -2 -5 -3
right_child=2 5 -4 4 -6 -7
leaf_value=0.0018641417457735882 0.008939803804882936 -0.00057820686682265169 0.0098262571187012569 0.00017661115032207409 0.0064692513667608774 -0.0031365651611326185
leaf_weight=1141 165 1900 155 1280 242 1860
leaf_count=1141 165 1900 155 1280 242 1860
internal_value=3.55032e-05 -0.00098231 0.00273967 0.00202861 0.00121937 -0.00185139
internal_weight=6743 4901 1842 1687 1522 3760
internal_count=6743 4901 1842 1687 1522 3760
is_linear=0
shrinkage=0.01


Tree=284
num_leaves=7
num_cat=0
split_feature=1 14 6 7 2 21
split_gain=184.157 136.81 126.913 105.214 110.767 84.1857
threshold=1.043160096093547 2.4912163471583493 1.1834576658307083 1.0000000180025095e-35 0.33357726690579381 291.31094043517538
decision_type=2 2 2 2 2 10
left_child=-1 2 3 4 -2 -4
right_child=1 -3 5 -5 -6 -7
leaf_value=-0.0027634443123106234 0.0066655720421630472 -0.0039094256340914705 0.0081240627156485886 -0.0035610808663117609 0.00077268111003894822 0.0014924569646675202
leaf_weight=1733 350 498 430 475 2901 356
leaf_count=1733 350 498 430 475 2901 356
internal_value=3.55267e-05 0.00100928 0.00156183 0.000782055 0.00142867 0.00518948
internal_weight=6743 5010 4512 3726 3251 786
internal_count=6743 5010 4512 3726 3251 786
is_linear=0
shrinkage=0.01


Tree=285
num_leaves=7
num_cat=0
split_feature=10 14 0 8 23 8
split_gain=182.304 124.818 104.505 75.0759 70.7524 70.6315
threshold=0.022009118257899463 2.6415040341048548 1.2723730332504524 43.570350000000005 14.912500000000023 14.066550000000001
decision_type=2 2 2 2 10 2
left_child=2 -2 3 4 -1 -6
right_child=1 -3 -4 -5 5 -7
leaf_value=-0.0039912859570852433 2.3734315941885102e-07 -0.0040639898964975035 0.015311007986848171 0.0055498347052359677 -0.002625979747327447 0.010785976683442619
leaf_weight=214 4942 881 68 497 64 77
leaf_count=214 4942 881 68 497 64 77
internal_value=3.52724e-05 -0.000618865 0.00414842 0.00307863 -0.000410933 0.00486131
internal_weight=6743 5823 920 852 355 141
internal_count=6743 5823 920 852 355 141
is_linear=0
shrinkage=0.01


Tree=286
num_leaves=7
num_cat=0
split_feature=10 14 0 2 18 21
split_gain=178.884 122.363 102.738 85.5457 70.4904 80.1412
threshold=0.022009118257899463 2.6415040341048548 1.2723730332504524 0.29609949564028709 320.25000000000006 288.11109077432559
decision_type=2 2 2 2 8 10
left_child=2 3 4 -2 -1 -6
right_child=1 -3 -4 -5 5 -7
leaf_value=0.0043606333351707072 0.0037059504531545811 -0.004023806090097181 0.015177527489379431 -0.00046323342888315801 -0.012081342523032038 0.0023322525261989181
leaf_weight=705 544 881 68 4398 51 96
leaf_count=705 544 881 68 4398 51 96
internal_value=3.52302e-05 -0.000612729 0.00410963 2.34975e-07 0.00304885 -0.00305569
internal_weight=6743 5823 920 4942 852 147
internal_count=6743 5823 920 4942 852 147
is_linear=0
shrinkage=0.01


Tree=287
num_leaves=7
num_cat=0
split_feature=16 8 19 6 14 0
split_gain=175.763 161.929 156.603 135.633 98.2486 84.9933
threshold=3.9907509541349477 498.42090000000007 219.44833333333358 1.1898361925290739 2.2110839337315658 1.2427815986253969
decision_type=2 2 10 2 2 2
left_child=1 3 -3 5 -5 -1
right_child=-2 2 -4 4 -6 -7
leaf_value=-0.00068773536170467151 -0.0025248024379240018 0.014936762333853671 0.002554854581060027 0.0054134416330841239 -0.0064772473705502652 0.0070724697565647211
leaf_weight=3466 1909 143 332 688 68 137
leaf_count=3466 1909 143 332 688 68 137
internal_value=3.50112e-05 0.0010511 0.0065342 0.00043773 0.00426026 -0.000371136
internal_weight=6743 4834 475 4359 756 3603
internal_count=6743 4834 475 4359 756 3603
is_linear=0
shrinkage=0.01


Tree=288
num_leaves=7
num_cat=0
split_feature=1 4 13 15 24 13
split_gain=176.055 115.188 78.9627 100.055 75.3801 109.076
threshold=1.043160096093547 -1.0000000180025095e-35 55.669639344324075 0.46939228966590196 -2.6999999999999882 17.877604077128598
decision_type=2 2 2 2 10 2
left_child=-1 -2 3 -3 -5 -6
right_child=1 2 -4 4 5 -7
leaf_value=-0.0027017124836323479 -9.7019882379293114e-05 0.011217313861915832 -0.0018040803015205286 -0.00076655816260863595 0.0012136743171427408 0.0082093735072353256
leaf_weight=1733 3313 163 268 367 477 422
leaf_count=1733 3313 163 268 367 477 422
internal_value=3.49616e-05 0.000987088 0.00309758 0.00402996 0.00301608 0.00456272
internal_weight=6743 5010 1697 1429 1266 899
internal_count=6743 5010 1697 1429 1266 899
is_linear=0
shrinkage=0.01


Tree=289
num_leaves=7
num_cat=0
split_feature=12 8 14 23 5 4
split_gain=171.556 142.619 122.177 107.521 112.755 102.39
threshold=2.9727379293480429 26.538750000000004 0.24085112129833716 12.095833333333349 0.085015104805657507 0.14891881907637503
decision_type=2 2 2 8 2 2
left_child=1 -1 5 -4 -5 -3
right_child=-2 2 3 4 -6 -7
leaf_value=-0.0010538894360281753 -0.0030299407911856991 0.0041657145440659052 -0.0032007013395056127 0.0097486905305716343 0.0011634081758745097 0.017075017128578004
leaf_weight=2235 1427 965 490 163 1405 58
leaf_count=2235 1427 965 490 163 1405 58
internal_value=3.48085e-05 0.000863516 0.00225657 0.000837715 0.00211834 0.00506551
internal_weight=6743 5316 3081 2058 1568 1023
internal_count=6743 5316 3081 2058 1568 1023
is_linear=0
shrinkage=0.01


Tree=290
num_leaves=7
num_cat=0
split_feature=1 9 7 9 17 8
split_gain=171.11 120.72 108.126 87.419 70.1083 69.556
threshold=1.1358133165365565 0.0069745960986368205 1.0000000180025095e-35 -0.0028485403625240148 1.0000000180025095e-35 220.44105000000005
decision_type=2 2 2 2 2 2
left_child=-1 2 3 -2 -3 -5
right_child=1 4 -4 5 -6 -7
leaf_value=-0.0020296359459079957 -0.00071419405306926515 0.013211795266206536 -0.0030425788701099695 0.0015614063310448376 0.0023128260801365571 0.0055107652043895521
leaf_weight=2507 1143 118 600 1634 124 617
leaf_count=2507 1143 118 600 1634 124 617
internal_value=3.48286e-05 0.0012609 0.000832358 0.00152724 0.00798027 0.00266794
internal_weight=6743 4236 3994 3394 242 2251
internal_count=6743 4236 3994 3394 242 2251
is_linear=0
shrinkage=0.01


Tree=291
num_leaves=7
num_cat=0
split_feature=16 8 18 6 23 21
split_gain=166.751 155.781 135.224 128.518 99.754 93.2767
threshold=3.9907509541349477 498.42090000000007 288.2000000000001 1.1898361925290739 10.520833333333323 291.13815330471596
decision_type=2 2 10 2 8 10
left_child=1 3 -3 -1 -5 -6
right_child=-2 2 -4 4 5 -7
leaf_value=-0.00036447130159881927 -0.0024585568759114898 0.010586085027371277 -0.00020027993142907388 -0.0055964762324150251 0.0093659165433336126 0.0018496694519763461
leaf_weight=3603 1909 288 187 84 312 360
leaf_count=3603 1909 288 187 84 312 360
internal_value=3.47293e-05 0.00102446 0.00640247 0.00042282 0.00414378 0.00544018
internal_weight=6743 4834 475 4359 756 672
internal_count=6743 4834 475 4359 756 672
is_linear=0
shrinkage=0.01


Tree=292
num_leaves=7
num_cat=0
split_feature=1 14 0 5 13 0
split_gain=167.088 126.607 147.134 86.7935 86.8113 67.249
threshold=1.043160096093547 2.4912163471583493 1.0903860702151775 0.29257147990625543 48.659852916307571 1.201132683845896
decision_type=2 2 2 2 2 2
left_child=-1 2 -2 4 -4 -5
right_child=1 -3 3 5 -6 -7
leaf_value=-0.0026314770070661225 0.00076499006885040379 -0.0037693696626458378 0.012249419348481751 -0.0037048378302156925 -0.0007572756697174529 0.0056026228549549495
leaf_weight=1733 3895 498 246 115 61 195
leaf_count=1733 3895 498 246 115 61 195
internal_value=3.45476e-05 0.000962144 0.00149376 0.00599285 0.00969112 0.00211073
internal_weight=6743 5010 4512 617 307 310
internal_count=6743 5010 4512 617 307 310
is_linear=0
shrinkage=0.01


Tree=293
num_leaves=7
num_cat=0
split_feature=1 0 4 16 21 21
split_gain=163.794 124.215 97.8331 81.1388 56.524 67.2614
threshold=1.043160096093547 1.2519505216138527 -1.0000000180025095e-35 0.74691187563582562 282.73884993495784 295.63500000000005
decision_type=2 2 2 2 10 10
left_child=-1 2 -2 -3 -4 -6
right_child=1 3 4 -5 5 -7
leaf_value=-0.0026053132104010938 -0.00040880304291467719 0.017986897472893039 -0.0043155195255001836 0.0041990871402489208 0.0039162514169690504 -0.0024662916042694923
leaf_weight=1733 3197 52 100 179 1302 180
leaf_count=1733 3197 52 100 179 1302 180
internal_value=3.42873e-05 0.00095271 0.000595905 0.00796189 0.00262237 0.00312301
internal_weight=6743 5010 4779 231 1582 1482
internal_count=6743 5010 4779 231 1582 1482
is_linear=0
shrinkage=0.01


Tree=294
num_leaves=7
num_cat=0
split_feature=14 10 13 1 0 5
split_gain=161.653 188.088 125.842 114.827 100.604 72.5857
threshold=2.4912163471583493 0.019955804785169399 48.659852916307571 0.94034119139914163 1.2723730332504524 0.10185462451580603
decision_type=2 2 2 2 2 2
left_child=1 2 4 -3 -1 -5
right_child=-2 3 -4 5 -6 -7
leaf_value=0.0064933816689152091 -0.0035993539240358682 -0.0037658282371309726 -0.0023753529877534934 0.0039174352096795866 0.020971848383545873 0.00016083090066074522
leaf_weight=393 1026 664 130 584 50 3896
leaf_count=393 1026 664 130 584 50 3896
internal_value=3.41563e-05 0.000693136 0.00607649 8.09068e-05 0.00857648 0.000660392
internal_weight=6743 5717 573 5144 443 4480
internal_count=6743 5717 573 5144 443 4480
is_linear=0
shrinkage=0.01


Tree=295
num_leaves=7
num_cat=0
split_feature=1 2 9 7 17 7
split_gain=158.974 109.92 82.6242 114.446 58.088 57.2025
threshold=1.4753420904935914 0.39726919633943997 0.0069745960986368205 1.0000000180025095e-35 1.0000000180025095e-35 1.0000000180025095e-35
decision_type=2 2 2 2 2 2
left_child=1 5 3 -2 -4 -1
right_child=2 -3 4 -5 -6 -7
leaf_value=0.0028151393691027956 0.0032158468694211133 -0.0017315567365771257 0.013636317825531241 -0.0030493127555653817 0.00081037105853433043 -0.0030154493885735673
leaf_weight=947 1324 3760 98 363 57 194
leaf_count=947 1324 3760 98 363 57 194
internal_value=3.41376e-05 -0.000905932 0.00253216 0.00185182 0.00931526 0.00179751
internal_weight=6743 4901 1842 1687 155 1141
internal_count=6743 4901 1842 1687 155 1141
is_linear=0
shrinkage=0.01


Tree=296
num_leaves=7
num_cat=0
split_feature=14 0 13 13 2 8
split_gain=157.577 184.316 84.0003 95.3158 83.5133 144.465
threshold=2.4912163471583493 1.0903860702151775 17.877604077128598 48.659852916307571 0.51686425246047851 353.03220000000005
decision_type=2 2 2 2 2 2
left_child=1 4 -3 -4 5 -1
right_child=-2 2 3 -5 -6 -7
leaf_value=0.00054802224046169234 -0.0035534051447768757 0.0019009026783827327 0.012259832590611443 -0.00051969675818480643 -0.0010557420239319919 0.0083077084600925444
leaf_weight=1927 1026 304 242 73 2906 265
leaf_count=1927 1026 304 242 73 2906 265
internal_value=3.3984e-05 0.00068462 0.00579209 0.00934259 5.23875e-05 0.00152413
internal_weight=6743 5717 619 315 5098 2192
internal_count=6743 5717 619 315 5098 2192
is_linear=0
shrinkage=0.01


Tree=297
num_leaves=7
num_cat=0
split_feature=1 14 9 7 2 14
split_gain=155.135 119.089 114.598 103.23 97.9765 72.5448
threshold=1.043160096093547 2.4912163471583493 0.0044634694335100242 1.0000000180025095e-35 0.29215137611234859 0.17021881020370608
decision_type=2 2 2 2 2 2
left_child=-1 2 3 4 -2 -6
right_child=1 -3 -4 -5 5 -7
leaf_value=-0.0025349350998329608 0.0081895423069449479 -0.0036609349606740176 0.0053465744967993358 -0.0032412980927321584 0.0033591032018625445 2.3795103997591946e-05
leaf_weight=1733 193 498 636 536 915 2232
leaf_count=1733 193 498 636 536 915 2232
internal_value=3.3909e-05 0.000927765 0.00144342 0.000788278 0.00144567 0.00100428
internal_weight=6743 5010 4512 3876 3340 3147
internal_count=6743 5010 4512 3876 3340 3147
is_linear=0
shrinkage=0.01


Tree=298
num_leaves=7
num_cat=0
split_feature=1 2 0 2 21 10
split_gain=152.958 104.872 77.0311 88.4356 72.6915 69.7672
threshold=1.4753420904935914 0.39726919633943997 1.2723730332504524 0.44116438099891891 291.46912166436579 0.023116111152882968
decision_type=2 2 2 2 10 2
left_child=1 -1 3 4 -2 -4
right_child=2 -3 5 -5 -6 -7
leaf_value=0.0017521471171789552 0.011822112006484531 -0.0016948703488665268 0.015463539011231282 0.00075088258640476277 0.00026008484092089211 0.0033588811505160876
leaf_weight=1141 134 3760 72 1406 91 139
leaf_count=1141 134 3760 72 1406 91 139
internal_value=3.36807e-05 -0.000888402 0.00248401 0.00171353 0.00739852 0.00804744
internal_weight=6743 4901 1842 1631 225 211
internal_count=6743 4901 1842 1631 225 211
is_linear=0
shrinkage=0.01


Tree=299
num_leaves=7
num_cat=0
split_feature=12 0 2 19 16 17
split_gain=151.739 116.973 75.3214 104.037 73.8943 63.4514
threshold=2.9727379293480429 1.0903860702151775 0.52961400599152586 185.49500000000009 0.19232901090458973 1.0000000180025095e-35
decision_type=2 2 2 8 2 2
left_child=1 2 3 -1 -3 -5
right_child=-2 4 -4 5 -6 -7
leaf_value=0.012382634961219548 -0.0028483366117557992 0.012706442261714081 -0.00095986005931379518 0.0039859050549063768 0.0032356391152839961 9.792895625957775e-05
leaf_weight=76 1427 91 2436 564 564 1585
leaf_count=76 1427 91 2436 564 564 1585
internal_value=3.38728e-05 0.000813331 0.000250738 0.00157898 0.00473776 0.00113669
internal_weight=6743 5316 4661 2225 655 2149
internal_count=6743 5316 4661 2225 655 2149
is_linear=0
shrinkage=0.01


Tree=300
num_leaves=7
num_cat=0
split_feature=1 9 7 14 1 22
split_gain=149.784 111.04 103.168 106.546 68.0858 74.7212
threshold=1.1358133165365565 0.0069745960986368205 1.0000000180025095e-35 0.17021881020370608 2.2869931879760914 26.700000000000021
decision_type=2 2 2 2 2 10
left_child=-1 2 3 4 5 -2
right_child=1 -3 -4 -5 -6 -7
leaf_value=-0.0018974462274602962 0.0075350113387457011 0.0076254534012534549 -0.0030146734920467756 0.0003704589790834275 0.014460285498062149 0.0013199566294092983
leaf_weight=2507 296 242 600 2489 54 555
leaf_count=2507 296 242 600 2489 54 555
internal_value=3.39872e-05 0.0011812 0.000770173 0.0014491 0.00436825 0.00355574
internal_weight=6743 4236 3994 3394 905 851
internal_count=6743 4236 3994 3394 905 851
is_linear=0
shrinkage=0.01


Tree=301
num_leaves=7
num_cat=0
split_feature=12 8 16 16 6 8
split_gain=147.399 129.949 106.032 94.1001 61.9783 60.4701
threshold=2.9727379293480429 26.538750000000004 4.2457952378220734 0.0053569966141446008 1.6996518539720642 498.42090000000007
decision_type=2 2 2 2 2 2
left_child=1 -1 3 -3 5 -5
right_child=-2 2 -4 4 -6 -7
leaf_value=-0.0010277662213043846 -0.0028066035251962068 -0.0035190717067662175 -0.0018854708445488269 0.0022637603169309716 0.010365557281748039 0.0063713523861650403
leaf_weight=2235 1427 196 533 1780 119 453
leaf_count=2235 1427 196 533 1780 119 453
internal_value=3.40678e-05 0.000802319 0.00213215 0.00298057 0.00353904 0.0031262
internal_weight=6743 5316 3081 2548 2352 2233
internal_count=6743 5316 3081 2548 2352 2233
is_linear=0
shrinkage=0.01


Tree=302
num_leaves=7
num_cat=0
split_feature=1 0 2 8 16 9
split_gain=145.593 113.941 114.203 85.6851 76.7729 73.2364
threshold=1.043160096093547 1.2519505216138527 0.41666666666666674 498.42090000000007 0.74691187563582562 0.0067781555107961017
decision_type=2 2 2 2 2 2
left_child=-1 2 3 -2 -3 -4
right_child=1 4 5 -5 -6 -7
leaf_value=-0.0024546967062239423 0.0024104179614556961 0.017357807272384247 -0.0006112818759914676 0.011909033111253074 0.0039604099487723218 0.0060330482497383126
leaf_weight=1733 1020 52 3498 97 179 164
leaf_count=1733 1020 52 3498 97 179 164
internal_value=3.38421e-05 0.000899815 0.000558023 0.0033425 0.00761287 -0.000295378
internal_weight=6743 5010 4779 1117 231 3662
internal_count=6743 5010 4779 1117 231 3662
is_linear=0
shrinkage=0.01


Tree=303
num_leaves=7
num_cat=0
split_feature=14 0 1 5 2 0
split_gain=145.782 168.935 91.9473 85.567 65.3923 63.0639
threshold=2.4912163471583493 1.0903860702151775 0.94034119139914163 0.29257147990625543 0.39252743866798384 1.201132683845896
decision_type=2 2 2 2 2 2
left_child=1 2 -1 -3 -4 -5
right_child=-2 3 4 5 -6 -7
leaf_value=-0.0033646501000656401 -0.0034163470306921369 0.0092230993322734295 0.0027420320600935835 -0.0038984459479153156 -9.7592659972568739e-05 0.0050934814825959974
leaf_weight=671 1026 307 1055 115 3372 197
leaf_count=671 1026 307 1055 115 3372 197
internal_value=3.4105e-05 0.00065997 5.45965e-05 0.00554971 0.00058152 0.00172995
internal_weight=6743 5717 5098 619 4427 312
internal_count=6743 5717 5098 619 4427 312
is_linear=0
shrinkage=0.01


Tree=304
num_leaves=7
num_cat=0
split_feature=10 2 13 0 12 19
split_gain=142.938 98.577 91.7991 104.372 64.6601 59.388
threshold=0.022009118257899463 0.29609949564028709 67.555787972333334 1.2723730332504524 2.9727379293480429 185.49500000000009
decision_type=2 2 2 2 2 8
left_child=2 -2 3 5 -3 -1
right_child=1 4 -4 -5 -6 -7
leaf_value=0.012151084475823351 0.0034106859520961481 -0.00030931266576585944 -0.0058145650378077906 0.016225194818761252 -0.0028331210502959871 0.0025914923120936794
leaf_weight=64 558 3895 83 63 1370 710
leaf_count=64 558 3895 83 63 1370 710
internal_value=3.38273e-05 -0.000545226 0.00367606 0.00468653 -0.000972052 0.00353961
internal_weight=6743 5823 920 837 5265 774
internal_count=6743 5823 920 837 5265 774
is_linear=0
shrinkage=0.01


Tree=305
num_leaves=7
num_cat=0
split_feature=14 10 1 8 6 8
split_gain=141.681 168.668 103.041 95.1573 79.4408 70.7077
threshold=2.4912163471583493 0.019955804785169399 0.94034119139914163 25.028100000000006 1.6996518539720642 207.53325000000004
decision_type=2 2 2 2 2 2
left_child=1 3 -3 -1 -5 -4
right_child=-2 2 5 4 -6 -7
leaf_value=-0.0013860589006700281 -0.0033676865465964217 -0.0035728333856377098 -0.00011434727751945285 0.0060452733627483768 0.018721928042137907 0.0027553371479643908
leaf_weight=137 1026 664 3337 383 53 1143
leaf_count=137 1026 664 3337 383 53 1143
internal_value=3.38655e-05 0.000650885 7.1031e-05 0.00574875 0.00799389 0.000620085
internal_weight=6743 5717 5144 573 436 4480
internal_count=6743 5717 5144 573 436 4480
is_linear=0
shrinkage=0.01


Tree=306
num_leaves=7
num_cat=0
split_feature=6 0 15 19 9 25
split_gain=137.86 93.2339 84.8947 92.3668 75.6507 74.8392
threshold=0.998690467460294 1.1718454004543495 1.9483890140774462 217.1949999999992 -0.0081880936325397276 -1.399999999999977
decision_type=2 2 2 8 2 10
left_child=1 2 3 4 -1 -6
right_child=-2 -3 -4 -5 5 -7
leaf_value=-0.0022310800347477198 0.0023051726286363655 0.0062160323511330443 -0.0022715051651199035 -0.00051453786181404886 0.0033954727636853182 0.015285798358790419
leaf_weight=90 1907 169 2722 1625 146 84
leaf_count=90 1907 169 2722 1625 146 84
internal_value=3.37798e-05 -0.000862753 -0.00113397 0.000456359 0.00528318 0.00823566
internal_weight=6743 4836 4667 1945 320 230
internal_count=6743 4836 4667 1945 320 230
is_linear=0
shrinkage=0.01


Tree=307
num_leaves=7
num_cat=0
split_feature=1 9 7 21 2 8
split_gain=135.997 101.085 107.198 74.1803 69.1877 73.0015
threshold=1.188344594594595 0.0069745960986368205 1.0000000180025095e-35 281.37248889193683 0.45274769274890087 220.44105000000005
decision_type=2 2 2 10 2 2
left_child=-1 2 3 -2 5 -5
right_child=1 -3 -4 4 -6 -7
leaf_value=-0.0015534214392815336 -0.004680820922446649 0.0075057910678423632 -0.0031500426931805642 0.0029362850541346953 0.0011683360758864571 0.011166197612309024
leaf_weight=2989 166 236 550 465 2199 138
leaf_count=2989 166 236 550 465 2199 138
internal_value=3.37705e-05 0.00130095 0.000861774 0.00161664 0.0020086 0.00498749
internal_weight=6743 3754 3518 2968 2802 603
internal_count=6743 3754 3518 2968 2802 603
is_linear=0
shrinkage=0.01


Tree=308
num_leaves=7
num_cat=0
split_feature=14 6 1 8 2 21
split_gain=136.957 134.537 88.8712 95.1901 119.527 86.5821
threshold=2.4912163471583493 1.1834576658307083 0.93058506883918579 207.53325000000004 0.66916432928576552 291.31094043517538
decision_type=2 2 2 2 2 10
left_child=1 2 -1 -4 -5 -3
right_child=-2 5 3 4 -6 -7
leaf_value=-0.003528058704674202 -0.003310699164081935 0.0072332592211768326 -0.00039368342749023953 0.0059999551351244554 -0.00039785852187824457 0.00077050124107383813
leaf_weight=613 1026 453 3111 602 551 387
leaf_count=613 1026 453 3111 602 551 387
internal_value=3.36311e-05 0.0006403 0 0.000514761 0.00295681 0.00431163
internal_weight=6743 5717 4877 4264 1153 840
internal_count=6743 5717 4877 4264 1153 840
is_linear=0
shrinkage=0.01


Tree=309
num_leaves=7
num_cat=0
split_feature=10 13 0 10 18 8
split_gain=133.551 89.5193 102.164 81.3326 72.7959 65.7137
threshold=0.022009118257899463 67.555787972333334 1.2723730332504524 0.070196237650822613 332.55000000000007 353.03220000000005
decision_type=2 2 2 2 8 2
left_child=1 2 4 5 -1 -2
right_child=3 -3 -4 -5 -6 -7
leaf_value=0.0043405920282111893 -0.00052876557635038967 -0.0058145832686975442 0.015964776384707998 -0.003160494981744168 -0.0063053997415839372 0.0025368053758633596
leaf_weight=713 4021 83 63 966 61 836
leaf_count=713 4021 83 63 966 61 836
internal_value=3.33596e-05 0.00355402 0.00455253 -0.000526309 0.00341909 9.62258e-07
internal_weight=6743 920 837 5823 774 4857
internal_count=6743 920 837 5823 774 4857
is_linear=0
shrinkage=0.01


Tree=310
num_leaves=7
num_cat=0
split_feature=14 0 1 5 13 0
split_gain=133.11 156.353 84.1103 83.6526 80.8658 60.8867
threshold=2.4912163471583493 1.0903860702151775 0.94034119139914163 0.29257147990625543 48.659852916307571 1.201132683845896
decision_type=2 2 2 2 2 2
left_child=1 2 -1 4 -3 -5
right_child=-2 3 -4 5 -6 -7
leaf_value=-0.0032214465664724291 -0.0032639107336407047 0.011437287077827705 0.00055281022380269137 -0.0039602560135722159 -0.0010675314008045129 0.0048734620515851011
leaf_weight=671 1026 246 4427 115 61 197
leaf_count=671 1026 246 4427 115 61 197
internal_value=3.31005e-05 0.00063121 4.87498e-05 0.00533533 0.00896578 0.00156452
internal_weight=6743 5717 5098 619 307 312
internal_count=6743 5717 5098 619 307 312
is_linear=0
shrinkage=0.01


Tree=311
num_leaves=7
num_cat=0
split_feature=14 10 13 1 0 8
split_gain=130.492 158.778 116.593 94.9471 90.6498 65.4191
threshold=2.4912163471583493 0.019955804785169399 48.659852916307571 0.94034119139914163 1.2723730332504524 207.53325000000004
decision_type=2 2 2 2 2 2
left_child=1 2 4 -3 -1 -5
right_child=-2 3 -4 5 -6 -7
leaf_value=0.0060065845323341764 -0.0032315866478289453 -0.0034353489947825874 -0.0025486661862648492 -0.00011678180860584432 0.019735814576347672 0.0026434137748840287
leaf_weight=393 1026 664 130 3337 50 1143
leaf_count=393 1026 664 130 3337 50 1143
internal_value=3.28191e-05 0.000625031 0.00557116 6.23908e-05 0.0079797 0.000589529
internal_weight=6743 5717 573 5144 443 4480
internal_count=6743 5717 573 5144 443 4480
is_linear=0
shrinkage=0.01


Tree=312
num_leaves=7
num_cat=0
split_feature=10 2 0 19 23 12
split_gain=127.685 94.4306 84.769 64.0261 91.3195 56.846
threshold=0.022009118257899463 0.29609949564028709 1.2723730332504524 185.49500000000009 8.6250000000000284 2.9727379293480429
decision_type=2 2 2 8 10 2
left_child=2 -2 3 -1 -5 -3
right_child=1 5 -4 4 -6 -7
leaf_value=0.011319867340161612 0.0033572785734300647 -0.00031061744974059634 0.013520818044168827 -0.010243231835464637 0.0025759253961635861 -0.0026774178756497112
leaf_weight=66 558 3895 68 50 736 1370
leaf_count=66 558 3895 68 50 736 1370
internal_value=3.27435e-05 -0.000514463 0.00347525 0.00251433 0.00162946 -0.000932284
internal_weight=6743 5823 920 852 786 5265
internal_count=6743 5823 920 852 786 5265
is_linear=0
shrinkage=0.01


Tree=313
num_leaves=7
num_cat=0
split_feature=14 10 13 1 0 7
split_gain=126.685 153.834 114.02 92.7263 88.1203 66.8563
threshold=2.4912163471583493 0.019955804785169399 48.659852916307571 0.94034119139914163 1.2723730332504524 1.0000000180025095e-35
decision_type=2 2 2 2 2 2
left_child=1 2 4 -3 -1 -5
right_child=-2 3 -4 5 -6 -7
leaf_value=0.0059209196909189819 -0.0031837385695397433 -0.0033942032000049949 -0.0025432466321841014 0.0011123648648857316 0.019458676089843113 -0.0022254619957536481
leaf_weight=393 1026 664 130 3778 50 702
leaf_count=393 1026 664 130 3778 50 702
internal_value=3.26758e-05 0.000616206 0.00548473 6.23625e-05 0.00786678 0.000583321
internal_weight=6743 5717 573 5144 443 4480
internal_count=6743 5717 573 5144 443 4480
is_linear=0
shrinkage=0.01


Tree=314
num_leaves=7
num_cat=0
split_feature=14 10 13 1 0 2
split_gain=124.204 150.999 111.927 90.9022 86.7755 67.0933
threshold=2.4912163471583493 0.019955804785169399 48.659852916307571 0.94034119139914163 1.2723730332504524 0.66305655650227602
decision_type=2 2 2 2 2 2
left_child=1 2 4 -3 5 -1
right_child=-2 3 -4 -5 -6 -7
leaf_value=0.0083361746976216185 -0.0031522084935927857 -0.003360764738738824 -0.0025196308503925269 0.00057744025337747181 0.019296520369748275 -0.00073144165388608383
leaf_weight=285 1026 664 130 4480 50 108
leaf_count=285 1026 664 130 4480 50 108
internal_value=3.25437e-05 0.000610347 0.0054338 6.16126e-05 0.00779394 0.00586318
internal_weight=6743 5717 573 5144 443 393
internal_count=6743 5717 573 5144 443 393
is_linear=0
shrinkage=0.01


Tree=315
num_leaves=7
num_cat=0
split_feature=6 7 14 19 25 18
split_gain=124.197 82.3473 78.0829 180.502 67.7376 59.3323
threshold=0.998690467460294 1.0000000180025095e-35 0.17021881020370608 217.1949999999992 -1.5999999999999657 233.35000000000005
decision_type=2 2 2 10 10 10
left_child=1 2 3 4 -1 -4
right_child=-2 -3 5 -5 -6 -7
leaf_value=0.0053960753385712146 0.0021884321331701899 -0.0041259641495484719 -0.0031174270764100726 -5.0193006361637581e-05 0.018002160344368374 -0.00015805253295934362
leaf_weight=132 1907 642 965 779 68 2250
leaf_count=132 1907 642 965 779 68 2250
internal_value=3.24618e-05 -0.000818409 -0.000301114 0.00215451 0.0103829 -0.00105634
internal_weight=6743 4836 4194 979 200 3215
internal_count=6743 4836 4194 979 200 3215
is_linear=0
shrinkage=0.01


Tree=316
num_leaves=7
num_cat=0
split_feature=6 0 8 14 14 19
split_gain=121.709 84.7147 66.1832 86.7532 64.7893 110.636
threshold=0.998690467460294 1.1718454004543495 25.715700000000002 2.4912163471583493 0.52515098751993616 217.1949999999992
decision_type=2 2 2 2 2 8
left_child=1 4 -2 -4 5 -1
right_child=2 -3 3 -5 -6 -7
leaf_value=0.00591511788588689 -0.00019751423438561766 0.0059373034783456917 0.0046109061367046655 -0.0035692069366349273 -0.0019935483204906474 -0.00069006538340803851
leaf_weight=295 726 169 1042 139 2883 1489
leaf_count=295 726 169 1042 139 2883 1489
internal_value=3.23761e-05 -0.000809916 0.00216666 0.00361785 -0.00106856 0.000423469
internal_weight=6743 4836 1907 1181 4667 1784
internal_count=6743 4836 1907 1181 4667 1784
is_linear=0
shrinkage=0.01


Tree=317
num_leaves=7
num_cat=0
split_feature=1 2 8 2 13 13
split_gain=119.494 89.3429 77.8773 64.2696 86.3868 170.346
threshold=1.4753420904935914 0.33357726690579381 353.03220000000005 0.41666666666666674 38.164115140502453 48.659852916307571
decision_type=2 2 2 2 2 2
left_child=1 2 -1 -2 -5 -6
right_child=3 -3 -4 4 5 -7
leaf_value=0.0010138700224355845 0.0073870051727671741 -0.0013617754507470046 0.010153958014720544 0.00041575496964618177 0.014868599945171312 -0.00022236406532579294
leaf_weight=657 203 4144 100 1348 122 169
leaf_count=657 203 4144 100 1348 122 169
internal_value=3.2171e-05 -0.000782657 0.00235096 0.0021981 0.00150846 0.00635499
internal_weight=6743 4901 757 1842 1639 291
internal_count=6743 4901 757 1842 1639 291
is_linear=0
shrinkage=0.01


Tree=318
num_leaves=7
num_cat=0
split_feature=16 8 19 1 10 2
split_gain=117.957 126.945 151.238 108.987 76.1747 73.9393
threshold=3.9907509541349477 498.42090000000007 219.44833333333358 2.0830140682167868 0.018953767980624581 0.52961400599152586
decision_type=2 2 10 2 2 2
left_child=1 3 5 -1 -5 -3
right_child=-2 2 -4 4 -6 -7
leaf_value=-0.00020243128133575768 -0.0020643995309863189 0.02229554858284466 0.0018343082379055488 0.010803680222383457 0.0018975814592370108 0.0067544860472499406
leaf_weight=3931 1909 56 332 142 286 87
leaf_count=3931 1909 56 332 142 286 87
internal_value=3.23566e-05 0.000865005 0.00571964 0.000321827 0.00505444 0.0139653
internal_weight=6743 4834 475 4359 428 143
internal_count=6743 4834 475 4359 428 143
is_linear=0
shrinkage=0.01


Tree=319
num_leaves=7
num_cat=0
split_feature=14 0 5 13 2 8
split_gain=117.454 141.193 81.6147 76.4134 69.7443 127.915
threshold=2.4912163471583493 1.0903860702151775 0.29257147990625543 48.659852916307571 0.51686425246047851 683.67465000000004
decision_type=2 2 2 2 2 2
left_child=1 4 3 -3 5 -1
right_child=-2 2 -4 -5 -6 -7
leaf_value=0.00081638846184821725 -0.0030642776433436893 0.011051744523829257 0.0013482791175762111 -0.0010930815428285532 -0.00097148357658953283 0.011758455024224469
leaf_weight=2089 1026 246 312 61 2906 103
leaf_count=2089 1026 246 312 61 2906 103
internal_value=3.26745e-05 0.000594594 0.00506484 0.0086487 4.1006e-05 0.00138615
internal_weight=6743 5717 619 307 5098 2192
internal_count=6743 5717 619 307 5098 2192
is_linear=0
shrinkage=0.01


Tree=320
num_leaves=7
num_cat=0
split_feature=1 14 6 13 7 19
split_gain=115.316 81.3949 92.9189 94.2034 78.5938 73.3069
threshold=1.1128081893013004 2.4912163471583493 1.1834576658307083 55.669639344324075 1.0000000180025095e-35 311.81500000000068
decision_type=2 2 2 2 2 8
left_child=-1 2 4 5 -2 -4
right_child=1 -3 3 -5 -6 -7
leaf_value=-0.0017746998633644271 0.0012641931986946196 -0.0033601627292745009 0.0077466555191793851 -0.0017992293379712303 -0.0032884840901466856 -0.002907199740603373
leaf_weight=2307 2875 384 511 173 426 67
leaf_count=2307 2875 384 511 173 426 67
internal_value=3.26416e-05 0.0009767 0.00139742 0.00455045 0.000665484 0.00646625
internal_weight=6743 4436 4052 751 3301 578
internal_count=6743 4436 4052 751 3301 578
is_linear=0
shrinkage=0.01


Tree=321
num_leaves=7
num_cat=0
split_feature=0 2 17 23 15 15
split_gain=114.079 106.994 69.8282 58.2441 73.0849 103.217
threshold=1.1539983609574738 0.60029000895253637 1.0000000180025095e-35 15.963333333333482 0.46939228966590196 0.081637123270226361
decision_type=2 2 2 8 2 2
left_child=1 2 -1 4 5 -4
right_child=-2 -3 3 -5 -6 -7
leaf_value=0.0032426379722088608 0.0053124170774989645 -0.0016244847023856002 0 -0.001481732236411584 0.00026320377129468708 0.012479252409596081
leaf_weight=946 376 3078 129 1212 879 123
leaf_count=946 376 3078 129 1212 879 123
internal_value=3.2195e-05 -0.000285899 0.000964907 3.11375e-05 0.0016599 0.00629754
internal_weight=6743 6367 3289 2343 1131 252
internal_count=6743 6367 3289 2343 1131 252
is_linear=0
shrinkage=0.01


Tree=322
num_leaves=7
num_cat=0
split_feature=14 0 5 13 1 0
split_gain=112.644 135.446 79.9521 74.5962 74.0246 58.0355
threshold=2.4912163471583493 1.0903860702151775 0.29257147990625543 48.659852916307571 0.94034119139914163 1.201132683845896
decision_type=2 2 2 2 2 2
left_child=1 4 3 -3 -1 -4
right_child=-2 2 5 -5 -6 -7
leaf_value=-0.0030275268016811104 -0.0030007098266867467 0.010882095299475623 -0.0041005557414889341 -0.0011118304198214286 0.0005132300699547443 0.0045218944956283069
leaf_weight=671 1026 246 115 61 4427 197
leaf_count=671 1026 246 115 61 4427 197
internal_value=3.21427e-05 0.000582468 0.00496079 0.0085075 4.02224e-05 0.00128405
internal_weight=6743 5717 619 307 5098 312
internal_count=6743 5717 619 307 5098 312
is_linear=0
shrinkage=0.01


Tree=323
num_leaves=7
num_cat=0
split_feature=10 1 0 2 7 9
split_gain=110.871 88.0032 77.9079 75.753 82.076 70.1755
threshold=0.022009118257899463 0.94034119139914163 1.2723730332504524 0.33357726690579381 1.0000000180025095e-35 0.0075901978466800749
decision_type=2 2 2 2 2 2
left_child=2 -2 -1 4 -3 -5
right_child=1 3 -4 5 -6 -7
leaf_value=0.0023194084205093962 -0.003226704342417785 0.0048444093885408506 0.012867707657711343 -0.00069712131192052563 -0.0031089986889408184 0.0064041428367555553
leaf_weight=852 961 558 68 4011 159 134
leaf_count=852 961 558 68 4011 159 134
internal_value=3.18609e-05 -0.000477945 0.0032398 6.88168e-05 0.00304842 -0.000450284
internal_weight=6743 5823 920 4862 717 4145
internal_count=6743 5823 920 4862 717 4145
is_linear=0
shrinkage=0.01


Tree=324
num_leaves=7
num_cat=0
split_feature=14 10 13 1 13 7
split_gain=109.837 136.546 106.393 82.4408 75.4829 64.1639
threshold=2.4912163471583493 0.019955804785169399 48.659852916307571 0.94034119139914163 32.958927722033671 1.0000000180025095e-35
decision_type=2 2 2 2 2 2
left_child=1 2 4 -3 -1 -5
right_child=-2 3 -4 5 -6 -7
leaf_value=0.0054268220340000159 -0.0029629755649481031 -0.0032057363478893842 -0.0025845933897819902 0.0010631004410135041 0.016876365480199457 -0.0022068275439518954
leaf_weight=378 1026 664 130 3778 65 702
leaf_count=378 1026 664 130 3778 65 702
internal_value=3.18296e-05 0.000575273 0.00516208 5.33754e-05 0.00746431 0.000544713
internal_weight=6743 5717 573 5144 443 4480
internal_count=6743 5717 573 5144 443 4480
is_linear=0
shrinkage=0.01


Tree=325
num_leaves=7
num_cat=0
split_feature=0 1 14 19 8 16
split_gain=108.754 89.0347 84.3071 99.5331 139.422 69.9658
threshold=1.2519505216138527 0.94034119139914163 0.54361967088576424 217.1949999999992 498.42090000000007 0.74691187563582562
decision_type=2 2 2 8 2 2
left_child=1 -1 3 4 -3 -2
right_child=5 2 -4 -5 -6 -7
leaf_value=-0.0029927865361385297 0.015883853793324482 0.0021621503820839312 -0.00077982935629918189 0.0008661134093375252 0.016150766451049733 0.003190432534253235
leaf_weight=969 52 227 3187 2029 98 181
leaf_count=969 52 227 3187 2029 98 181
internal_value=3.16654e-05 -0.000211708 0.000277356 0.00171012 0.00676631 0.00660153
internal_weight=6743 6510 5541 2354 325 233
internal_count=6743 6510 5541 2354 325 233
is_linear=0
shrinkage=0.01


Tree=326
num_leaves=7
num_cat=0
split_feature=6 0 8 14 10 25
split_gain=108.083 76.7197 62.2614 79.7494 89.7691 62.6338
threshold=0.998690467460294 1.1718454004543495 25.715700000000002 2.4912163471583493 0.019468567683450278 -0.59999999999996578
decision_type=2 2 2 2 2 10
left_child=1 -1 -2 4 5 -4
right_child=2 -3 3 -5 -6 -7
leaf_value=-0.0010080052367097555 -0.00024891400135263966 0.0056587646116495107 0 -0.0034378214272976723 0.0026073081740027289 0.011787061240660762
leaf_weight=4667 726 169 57 139 777 208
leaf_count=4667 726 169 57 139 777 208
internal_value=3.1889e-05 -0.000761767 0.00204323 0.00345094 0.00440333 0.00934674
internal_weight=6743 4836 1907 1181 1042 265
internal_count=6743 4836 1907 1181 1042 265
is_linear=0
shrinkage=0.01


Tree=327
num_leaves=7
num_cat=0
split_feature=6 7 2 1 8 15
split_gain=105.962 77.2116 72.5184 75.0303 61.0584 130.028
threshold=0.998690467460294 1.0000000180025095e-35 0.27335056837996391 1.2146818201882084 25.715700000000002 0.46939228966590196
decision_type=2 2 2 2 2 2
left_child=1 2 -1 -4 -2 -6
right_child=4 -3 3 -5 5 -7
leaf_value=0.0065477190671229604 -0.00024645868490789208 -0.0039566238118286324 -0.001733689312453742 0.00099364168633400826 0.01546362027348507 0.0024719134554135195
leaf_weight=141 726 642 2234 1819 74 1107
leaf_count=141 726 642 2234 1819 74 1107
internal_value=3.17839e-05 -0.000754032 -0.000253169 -0.00050776 0.00202331 0.00341736
internal_weight=6743 4836 4194 4053 1907 1181
internal_count=6743 4836 4194 4053 1907 1181
is_linear=0
shrinkage=0.01


Tree=328
num_leaves=7
num_cat=0
split_feature=14 4 21 8 2 23
split_gain=105.067 105.584 81.8022 77.3036 109.853 76.3539
threshold=2.4912163471583493 0.086065307596167664 291.31094043517538 207.53325000000004 0.66916432928576552 17.7716666666667
decision_type=2 2 10 2 2 10
left_child=1 3 -3 -1 5 -5
right_child=-2 2 -4 4 -6 -7
leaf_value=-0.000750997448098443 -0.002897255275855614 0.0067109547841393358 0.0004030445570050536 0.0082200554130409942 -0.00083526013068259072 0.0013054146549603888
leaf_weight=3602 1026 445 384 335 638 313
leaf_count=3602 1026 445 384 335 638 313
internal_value=3.17554e-05 0.000563297 0.00384062 0 0.00209593 0.00496591
internal_weight=6743 5717 829 4888 1286 648
internal_count=6743 5717 829 4888 1286 648
is_linear=0
shrinkage=0.01


Tree=329
num_leaves=7
num_cat=0
split_feature=0 2 16 14 13 24
split_gain=103.997 100.329 68.5728 62.8733 60.1225 61.05
threshold=1.2519505216138527 0.41879032645595043 0.74691187563582562 0.79003951802649308 24.148985069510093 5.2000000000000179
decision_type=2 2 2 2 2 8
left_child=1 4 -2 -3 5 -1
right_child=2 3 -4 -5 -6 -7
leaf_value=0.0048530500223616666 0.015641883052885532 0.00011435511312012533 0.003084101498283017 -0.0021283266479341797 -0.00077683474060213854 -0.00093369099119108574
leaf_weight=755 52 2807 181 2231 485 232
leaf_count=755 52 2807 181 2231 485 232
internal_value=3.16178e-05 -0.000206341 0.00645621 -0.000879049 0.00207969 0.00348709
internal_weight=6743 6510 233 5038 1472 987
internal_count=6743 6510 233 5038 1472 987
is_linear=0
shrinkage=0.01


Tree=330
num_leaves=7
num_cat=0
split_feature=12 8 14 22 1 21
split_gain=102.199 101.127 99.6304 119.047 91.3886 78.4303
threshold=2.9727379293480429 26.538750000000004 0.24085112129833716 26.700000000000021 2.2674609053170944 281.37248889193683
decision_type=2 2 2 8 2 8
left_child=1 -1 3 5 -5 -3
right_child=-2 2 -4 4 -6 -7
leaf_value=-0.00094248933968990351 -0.0023334998559544065 -0.0012128354921456307 0.00056437608385223636 0.00098977650526691895 0.013547504068119451 0.011869537874019854
leaf_weight=2235 1427 52 2058 670 54 247
leaf_count=2235 1427 52 2058 670 54 247
internal_value=3.15957e-05 0.000671537 0.00184487 0.0043808 0.00211184 0.00959636
internal_weight=6743 5316 3081 1023 724 299
internal_count=6743 5316 3081 1023 724 299
is_linear=0
shrinkage=0.01


Tree=331
num_leaves=7
num_cat=0
split_feature=0 2 16 14 1 7
split_gain=101.722 98.2511 67.3022 60.637 55.1821 50.7849
threshold=1.2519505216138527 0.41879032645595043 0.74691187563582562 0.79003951802649308 1.4753420904935914 1.0000000180025095e-35
decision_type=2 2 2 2 2 2
left_child=1 4 -2 -3 5 -1
right_child=2 3 -4 -5 -6 -7
leaf_value=0.0021676571747071467 0.01548554391367361 0.00010609468015536162 0.0030449622204888082 -0.0020962827190943189 0.0070796641268922635 -0.0031237568859169736
leaf_weight=1083 52 2807 181 2231 182 207
leaf_count=1083 52 2807 181 2231 182 207
internal_value=3.16126e-05 -0.000203713 0.00638556 -0.000869434 0.00205849 0.00129338
internal_weight=6743 6510 233 5038 1472 1290
internal_count=6743 6510 233 5038 1472 1290
is_linear=0
shrinkage=0.01


Tree=332
num_leaves=7
num_cat=0
split_feature=1 9 7 2 1 8
split_gain=100.089 93.3169 94.49 71.663 63.2967 53.3423
threshold=1.1358133165365565 0.0069745960986368205 1.0000000180025095e-35 0.41666666666666674 1.6698155001955797 15.423300000000001
decision_type=2 2 2 2 2 2
left_child=-1 2 3 -2 -5 -3
right_child=1 5 -4 4 -6 -7
leaf_value=-0.0015469085582951307 0.004287886805655272 0.00062194171160751693 -0.0030287364636563132 -0.00037751701452766587 0.002996046676294379 0.010371525271912105
leaf_weight=2507 621 92 600 2018 755 150
leaf_count=2507 621 92 600 2018 755 150
internal_value=3.16617e-05 0.000969708 0.000593032 0.00124325 0.000544869 0.00687652
internal_weight=6743 4236 3994 3394 2773 242
internal_count=6743 4236 3994 3394 2773 242
is_linear=0
shrinkage=0.01


Tree=333
num_leaves=7
num_cat=0
split_feature=1 14 10 13 13 8
split_gain=98.7072 90.9976 92.8195 98.9335 76.01 56.7343
threshold=0.94034119139914163 2.4912163471583493 0.019955804785169399 48.659852916307571 32.958927722033671 207.53325000000004
decision_type=2 2 2 2 2 2
left_child=-1 2 3 4 -2 -4
right_child=1 -3 5 -5 -6 -7
leaf_value=-0.0028999127140249699 0.0049892496340232352 -0.0027473248216654191 -0.00013618238287164511 -0.002644651059585158 0.016451827797293664 0.0024341605385120859
leaf_weight=971 369 728 3337 130 65 1143
leaf_count=971 369 728 3337 130 65 1143
internal_value=3.15424e-05 0.000530581 0.00101016 0.00479889 0.00706039 0.000521333
internal_weight=6743 5772 5044 564 434 4480
internal_count=6743 5772 5044 564 434 4480
is_linear=0
shrinkage=0.01


Tree=334
num_leaves=7
num_cat=0
split_feature=0 4 16 21 8 14
split_gain=98.1327 87.7503 65.69 53.7253 70.3906 52.3517
threshold=1.2519505216138527 -1.0000000180025095e-35 0.74691187563582562 282.73884993495784 25.715700000000002 0.52515098751993616
decision_type=2 2 2 10 2 2
left_child=1 5 -2 -3 -5 -1
right_child=2 3 -4 4 -6 -7
leaf_value=0.00041658686584643539 0.015261172193493093 -0.0050299292315529398 0.0029736636427879649 -0.00031347321981394833 0.0038123603595468535 -0.0017429824530998243
leaf_weight=1806 52 102 181 694 993 2915
leaf_count=1806 52 102 181 694 993 2915
internal_value=3.14261e-05 -0.000199684 0.00627227 0.00167858 0.00211733 -0.0009156
internal_weight=6743 6510 233 1789 1687 4721
internal_count=6743 6510 233 1789 1687 4721
is_linear=0
shrinkage=0.01


Tree=335
num_leaves=7
num_cat=0
split_feature=0 2 8 16 1 11
split_gain=96.4191 94.7344 135.942 64.6227 61.8461 56.5942
threshold=1.2519505216138527 0.41666666666666674 683.67465000000004 0.74691187563582562 1.4753420904935914 0.023045041830721379
decision_type=2 2 2 2 2 2
left_child=1 2 4 -2 -1 -3
right_child=3 5 -4 -5 -6 -7
leaf_value=0.00042124639770535353 0.015133175265284316 -0.00010882868221628735 0.013695146187822868 0.002945483916912091 0.0068978157468669171 -0.0023684277820528693
leaf_weight=1206 52 3424 84 181 159 1637
leaf_count=1206 52 3424 84 181 159 1637
internal_value=3.13396e-05 -0.000197731 0.00204613 0.00621747 0.00122761 -0.000844906
internal_weight=6743 6510 1449 233 1365 5061
internal_count=6743 6510 1449 233 1365 5061
is_linear=0
shrinkage=0.01


Tree=336
num_leaves=7
num_cat=0
split_feature=1 14 0 5 13 10
split_gain=95.4017 88.0209 94.8642 75.2434 70.1281 56.2945
threshold=0.94034119139914163 2.4912163471583493 1.0903860702151775 0.29257147990625543 48.659852916307571 0.01682654727675495
decision_type=2 2 2 2 2 2
left_child=-1 2 -2 4 -4 -5
right_child=1 -3 3 5 -6 -7
leaf_value=-0.0028503267967730944 0.00047467429797190785 -0.0027015543323553478 0.01037382141348644 0.0084747555383887039 -0.001232367917947786 -0.0012383406177636177
leaf_weight=971 4427 728 246 68 61 242
leaf_count=971 4427 728 246 68 61 242
internal_value=3.1598e-05 0.000522233 0.000993925 0.00463663 0.00807003 0.00105928
internal_weight=6743 5772 5044 617 307 310
internal_count=6743 5772 5044 617 307 310
is_linear=0
shrinkage=0.01


Tree=337
num_leaves=7
num_cat=0
split_feature=0 2 16 13 10 11
split_gain=94.1467 92.4865 62.8953 62.4585 67.1414 54.6867
threshold=1.2519505216138527 0.41666666666666674 0.74691187563582562 24.148985069510093 0.021948262742681645 0.023045041830721379
decision_type=2 2 2 2 2 2
left_child=1 3 -2 4 -1 -3
right_child=2 5 -4 -5 -6 -7
leaf_value=0.012514867347169232 0.014941034086288945 -0.00011075104615489806 0.0029146740276424989 -0.00091293874286589431 0.0026571147401621207 -0.0023320301098799369
leaf_weight=67 52 3424 181 477 905 1637
leaf_count=67 52 3424 181 477 905 1637
internal_value=3.14198e-05 -0.000194919 0.00614423 0.00202214 0.00346732 -0.000834386
internal_weight=6743 6510 233 1449 972 5061
internal_count=6743 6510 233 1449 972 5061
is_linear=0
shrinkage=0.01


Tree=338
num_leaves=7
num_cat=0
split_feature=6 0 15 19 8 8
split_gain=92.7962 68.6245 62.9707 80.5744 97.2441 56.0652
threshold=0.998690467460294 1.1718454004543495 1.9483890140774462 217.1949999999992 498.42090000000007 25.715700000000002
decision_type=2 2 2 8 2 2
left_child=1 2 3 4 -1 -2
right_child=5 -3 -4 -5 -6 -7
leaf_value=0.0011804327023346253 -0.00027874300074156211 0.0053681661696407378 -0.0019166339020149903 -0.00047422610767201178 0.013015735051187787 0.0032313152815819702
leaf_weight=227 726 169 2722 1625 93 1181
leaf_count=227 726 169 2722 1625 93 1181
internal_value=3.1545e-05 -0.000703739 -0.000936759 0.000432237 0.00494056 0.00189533
internal_weight=6743 4836 4667 1945 320 1907
internal_count=6743 4836 4667 1945 320 1907
is_linear=0
shrinkage=0.01


Tree=339
num_leaves=7
num_cat=0
split_feature=1 0 2 8 9 17
split_gain=92.1006 81.7208 85.5452 140.306 57.2375 60.0051
threshold=0.94034119139914163 1.2723730332504524 0.41666666666666674 683.67465000000004 0.0067781555107961017 1.0000000180025095e-35
decision_type=2 2 2 2 2 2
left_child=-1 2 3 -2 -4 -6
right_child=1 -3 4 -5 5 -7
leaf_value=-0.0028000695027803071 0.0015944847926450967 0.0064655062406500045 -0.00068470075216194568 0.014703457074409182 0.0096237401947774723 -0.001091999774890961
leaf_weight=971 1257 212 4031 78 103 91
leaf_count=971 1257 212 4031 78 103 91
internal_value=3.15276e-05 0.000513624 0.000273686 0.00247146 -0.000422594 0.00474113
internal_weight=6743 5772 5560 1335 4225 194
internal_count=6743 5772 5560 1335 4225 194
is_linear=0
shrinkage=0.01


Tree=340
num_leaves=7
num_cat=0
split_feature=14 10 8 6 2 9
split_gain=91.0839 116.388 80.2275 72.6536 65.892 41.616
threshold=2.4912163471583493 0.019955804785169399 25.028100000000006 1.6996518539720642 0.29609949564028709 0.0055176143791904539
decision_type=2 2 2 2 2 2
left_child=1 2 -1 -4 -3 -6
right_child=-2 4 3 -5 5 -7
leaf_value=-0.0017602560860318685 -0.0026954164761042181 0.0032405725930574453 0.0049931759418061824 0.017020644254627681 -0.00061204240123637814 0.0031513045677833912
leaf_weight=137 1026 564 383 53 4275 305
leaf_count=137 1026 564 383 53 4275 305
internal_value=3.16241e-05 0.00052663 0.00476134 0.0068265 4.46542e-05 -0.000352928
internal_weight=6743 5717 573 436 5144 4580
internal_count=6743 5717 573 436 5144 4580
is_linear=0
shrinkage=0.01


Tree=341
num_leaves=7
num_cat=0
split_feature=1 0 2 8 9 17
split_gain=89.7568 79.7515 82.9849 137.855 55.5668 58.7615
threshold=0.94034119139914163 1.2723730332504524 0.41666666666666674 683.67465000000004 0.0067781555107961017 1.0000000180025095e-35
decision_type=2 2 2 2 2 2
left_child=-1 2 3 -2 -4 -6
right_child=1 -3 4 -5 5 -7
leaf_value=-0.002763661755323429 0.0015659682740528657 0.0063873507314034404 -0.00067349835517446636 0.014559660066257824 0.009504683834327534 -0.0010974083313404924
leaf_weight=971 1257 212 4031 78 103 91
leaf_count=971 1257 212 4031 78 103 91
internal_value=3.16535e-05 0.000507594 0.000270541 0.00243519 -0.00041521 0.00467251
internal_weight=6743 5772 5560 1335 4225 194
internal_count=6743 5772 5560 1335 4225 194
is_linear=0
shrinkage=0.01


Tree=342
num_leaves=7
num_cat=0
split_feature=14 0 5 1 0 2
split_gain=88.6981 107.747 75.976 59.3524 52.5349 52.3869
threshold=2.4912163471583493 1.0903860702151775 0.29257147990625543 0.94034119139914163 1.201132683845896 0.29609949564028709
decision_type=2 2 2 2 2 2
left_child=1 3 -3 -1 -4 -5
right_child=-2 2 4 5 -6 -7
leaf_value=-0.0027103358755167163 -0.0026593230141327461 0.0078790662762832347 -0.0042531885582208634 0.0034657240132151081 0.0039493289509628434 6.4494384119981844e-05
leaf_weight=671 1026 307 115 503 197 3924
leaf_count=671 1026 307 115 503 197 3924
internal_value=3.17439e-05 0.000520242 0.00442532 3.63936e-05 0.000856716 0.000460139
internal_weight=6743 5717 619 5098 312 4427
internal_count=6743 5717 619 5098 312 4427
is_linear=0
shrinkage=0.01


Tree=343
num_leaves=7
num_cat=0
split_feature=1 9 7 14 21 1
split_gain=87.2628 86.6521 93.7965 79.1164 61.4604 58.5389
threshold=1.1358133165365565 0.0069745960986368205 1.0000000180025095e-35 0.17021881020370608 287.70577455648316 2.2869931879760914
decision_type=2 2 2 2 10 2
left_child=-1 2 3 5 -5 -2
right_child=1 -3 -4 4 -6 -7
leaf_value=-0.0014423465890233413 0.0029589378750610189 0.0065993127236438414 -0.0030639014704855251 -0.0024449490763705992 0.0011686692661958672 0.013047466456191615
leaf_weight=2507 851 242 600 617 1872 54
leaf_count=2507 851 242 600 617 1872 54
internal_value=3.15114e-05 0.000907485 0.000544494 0.00119246 0.000262686 0.00370785
internal_weight=6743 4236 3994 3394 2489 905
internal_count=6743 4236 3994 3394 2489 905
is_linear=0
shrinkage=0.01


Tree=344
num_leaves=7
num_cat=0
split_feature=12 8 6 21 13 22
split_gain=86.4336 89.5225 73.6924 62.5521 67.0149 123.084
threshold=2.9727379293480429 26.538750000000004 0.77553835210890842 282.73884993495784 17.877604077128598 26.800000000000015
decision_type=2 2 2 10 2 10
left_child=1 -1 -3 -4 5 -5
right_child=-2 2 3 4 -6 -7
leaf_value=-0.00089833322476830539 -0.0021434684965348618 -0.00031774518057743639 -0.0026551244207107094 0.0096162587362393897 0.0060296347640848794 0.00055582666614403331
leaf_weight=2235 1427 1117 176 168 640 980
leaf_count=2235 1427 1117 176 168 640 980
internal_value=3.14454e-05 0.000620074 0.00172413 0.00288621 0.00344896 0.00196197
internal_weight=6743 5316 3081 1964 1788 1148
internal_count=6743 5316 3081 1964 1788 1148
is_linear=0
shrinkage=0.01


Tree=345
num_leaves=7
num_cat=0
split_feature=0 2 8 16 14 4
split_gain=85.5867 84.2027 127.039 61.6222 54.4786 43.7495
threshold=1.2519505216138527 0.41879032645595043 683.67465000000004 0.74691187563582562 0.79003951802649308 0.1756458525304864
decision_type=2 2 2 2 2 2
left_child=1 2 -1 -2 5 -3
right_child=3 4 -4 -5 -6 -7
leaf_value=0.0011312561928091746 0.014555921973961015 -0.00016979878860434394 0.013176031382159984 0.00267756057398501 -0.0019638339667966769 0.0053439820310296985
leaf_weight=1388 52 2665 84 181 2231 142
leaf_count=1388 52 2665 84 181 2231 142
internal_value=3.12522e-05 -0.000184484 0.00190961 0.00585959 -0.000800887 0.000123562
internal_weight=6743 6510 1472 233 5038 2807
internal_count=6743 6510 1472 233 5038 2807
is_linear=0
shrinkage=0.01


Tree=346
num_leaves=7
num_cat=0
split_feature=14 0 5 13 1 0
split_gain=84.411 102.964 74.0889 67.5138 57.0801 51.3654
threshold=2.4912163471583493 1.0903860702151775 0.29257147990625543 48.659852916307571 0.94034119139914163 1.201132683845896
decision_type=2 2 2 2 2 2
left_child=1 4 3 -3 -1 -4
right_child=-2 2 5 -5 -6 -7
leaf_value=-0.0026585606250663393 -0.0025937040167846974 0.0099976915193747112 -0.0042482341250777243 -0.0013687187273212723 0.00045062925648518517 0.0038624397541985708
leaf_weight=671 1026 246 115 61 4427 197
leaf_count=671 1026 246 115 61 4427 197
internal_value=3.14839e-05 0.000508065 0.00432548 0.00773574 3.50357e-05 0.000802782
internal_weight=6743 5717 619 307 5098 312
internal_count=6743 5717 619 307 5098 312
is_linear=0
shrinkage=0.01


Tree=347
num_leaves=7
num_cat=0
split_feature=1 2 9 7 8 2
split_gain=82.7773 69.1908 62.9466 95.3772 60.1621 43.5755
threshold=1.4753420904935914 0.29609949564028709 0.0069745960986368205 1.0000000180025095e-35 15.423300000000001 0.42769294562960986
decision_type=2 2 2 2 2 2
left_child=1 -1 3 5 -4 -2
right_child=2 -3 4 -5 -6 -7
leaf_value=0.0026897768459433671 0.0082092474264706047 -0.0010682450853579479 -0.0010330606463054815 -0.0032270269087580068 0.011742721340578535 0.0018855912486101935
leaf_weight=541 113 4360 50 363 105 1211
leaf_count=541 113 4360 50 363 105 1211
internal_value=3.11904e-05 -0.000646745 0.00183412 0.00124241 0.00774806 0.00249029
internal_weight=6743 4901 1842 1687 155 1324
internal_count=6743 4901 1842 1687 155 1324
is_linear=0
shrinkage=0.01


Tree=348
num_leaves=7
num_cat=0
split_feature=14 10 8 6 2 7
split_gain=82.3171 108.541 77.6508 70.0193 60.6749 40.1469
threshold=2.4912163471583493 0.019955804785169399 25.028100000000006 1.6996518539720642 0.29609949564028709 1.0000000180025095e-35
decision_type=2 2 2 2 2 2
left_child=1 2 -1 -4 5 -3
right_child=-2 4 3 -5 -6 -7
leaf_value=-0.0018196234814062409 -0.0025612408833346296 0.0045942124496032941 0.0048262800090962841 0.016626450303528044 -0.00034511331050660667 -0.0014722632921338841
leaf_weight=137 1026 427 383 53 4580 137
leaf_count=137 1026 427 383 53 4580 137
internal_value=3.11628e-05 0.000501814 0.00459127 0.00662375 3.6317e-05 0.00310322
internal_weight=6743 5717 573 436 5144 564
internal_count=6743 5717 573 436 5144 564
is_linear=0
shrinkage=0.01


Tree=349
num_leaves=7
num_cat=0
split_feature=0 2 8 1 11 16
split_gain=81.8935 79.6996 124.079 55.6832 51.2985 49.4815
threshold=1.2723730332504524 0.41879032645595043 683.67465000000004 1.5047623035849551 0.023045041830721379 3.9572668644050748
decision_type=2 2 2 2 2 2
left_child=1 2 3 -1 -3 -2
right_child=5 4 -4 -5 -6 -7
leaf_value=0.00040730407055912396 0.012284444960547083 -7.0937810677034672e-05 0.013000506243490157 0.0069698099660976181 -0.0022263937502963742 0.0021829187540714843
leaf_weight=1254 71 3430 84 135 1626 143
leaf_count=1254 71 3430 84 135 1626 143
internal_value=3.11155e-05 -0.000171112 0.00186615 0.00109754 -0.000769129 0.0059778
internal_weight=6743 6529 1473 1389 5056 214
internal_count=6743 6529 1473 1389 5056 214
is_linear=0
shrinkage=0.01


Tree=350
num_leaves=7
num_cat=0
split_feature=14 4 21 7 2 16
split_gain=80.0341 85.3441 76.3963 71.593 73.5542 63.0792
threshold=2.4912163471583493 0.086065307596167664 291.31094043517538 1.0000000180025095e-35 0.33357726690579381 3.0534846767781931
decision_type=2 2 10 2 2 2
left_child=1 3 -3 4 -1 -4
right_child=-2 2 5 -5 -6 -7
leaf_value=0.0039707112968367124 -0.0025248631357253997 0.0062146461486693597 0.0022033219277249566 -0.0030690143408101762 -2.5060929733866949e-05 -0.0074479015221342792
leaf_weight=515 1026 445 308 652 3721 76
leaf_count=515 1026 445 308 652 3721 76
internal_value=3.13159e-05 0.000495414 0.00344196 -8.28224e-06 0.000466585 0.000127251
internal_weight=6743 5717 829 4888 4236 384
internal_count=6743 5717 829 4888 4236 384
is_linear=0
shrinkage=0.01


Tree=351
num_leaves=7
num_cat=0
split_feature=0 4 7 14 19 14
split_gain=80.1911 70.3738 61.0194 63.37 118.169 96.3835
threshold=1.2519505216138527 -1.0000000180025095e-35 1.0000000180025095e-35 0.52515098751993616 217.93833333333376 0.086016241073786109
decision_type=2 2 2 2 8 2
left_child=1 2 3 4 5 -1
right_child=-2 -3 -4 -5 -6 -7
leaf_value=0.014397253163561628 0.0056726310738274225 0.0015040237831308756 -0.0036667577716557737 -0.0013473794412660553 -3.9009304120864206e-05 0.0020709985576440834
leaf_weight=101 233 1789 640 2511 1306 163
leaf_count=101 233 1789 640 2511 1306 163
internal_value=3.09631e-05 -0.000177815 -0.000819086 -0.000362186 0.00120572 0.00717656
internal_weight=6743 6510 4721 4081 1570 264
internal_count=6743 6510 4721 4081 1570 264
is_linear=0
shrinkage=0.01


Tree=352
num_leaves=7
num_cat=0
split_feature=10 13 2 24 21 8
split_gain=78.1674 81.5577 72.9793 72.3573 80.7498 52.06
threshold=0.021234974916484069 67.555787972333334 0.29609949564028709 -1.9999999999999714 294.14591132580227 49.075650000000003
decision_type=2 2 2 10 10 2
left_child=1 3 -2 5 -5 -1
right_child=2 -3 -4 4 -6 -7
leaf_value=-0.0046692486213887052 0.0029844823744983985 -0.0066188583673261114 -0.00073032061034081393 0.0083263785714805909 -0.003107000750477438 0.003578162133939319
leaf_weight=122 576 71 5367 368 67 172
leaf_count=122 576 71 5367 368 67 172
internal_value=3.09288e-05 0.00294678 -0.000364191 0.0039689 0.00651266 8.18575e-05
internal_weight=6743 800 5943 729 435 294
internal_count=6743 800 5943 729 435 294
is_linear=0
shrinkage=0.01


Tree=353
num_leaves=7
num_cat=0
split_feature=0 2 8 11 10 8
split_gain=78.5201 76.2794 121.072 47.5011 46.7171 42.8669
threshold=1.2519505216138527 0.41879032645595043 683.67465000000004 0.023045041830721379 0.017332036676623436 22.217850000000002
decision_type=2 2 2 2 2 2
left_child=1 2 -1 5 -2 -3
right_child=4 3 -4 -5 -6 -7
leaf_value=0.0010574081150982436 0.012670442798863287 -0.0019365640385527972 0.012815018914481427 -0.002165815947947063 0.0026072931101383725 0.00058473816763814979
leaf_weight=1388 59 911 84 1623 174 2504
leaf_count=1388 59 911 84 1623 174 2504
internal_value=3.05864e-05 -0.00017599 0.00181705 -0.000762742 0.00561318 -8.86259e-05
internal_weight=6743 6510 1472 5038 233 3415
internal_count=6743 6510 1472 5038 233 3415
is_linear=0
shrinkage=0.01


Tree=354
num_leaves=7
num_cat=0
split_feature=1 14 0 5 10 0
split_gain=78.5025 72.6745 77.2113 69.9407 53.5563 65.6576
threshold=0.94034119139914163 2.4912163471583493 1.0903860702151775 0.29257147990625543 0.01682654727675495 1.201132683845896
decision_type=2 2 2 2 2 2
left_child=-1 2 -2 -4 -5 -6
right_child=1 -3 3 4 5 -7
leaf_value=-0.0025834062324635587 0.00043589534638094557 -0.0024530861767792576 0.007499112140883806 0.0079942651322254775 -0.0084367116896456561 0.0021270230473853604
leaf_weight=971 4427 728 307 68 79 163
leaf_count=971 4427 728 307 68 79 163
internal_value=3.06897e-05 0.000475885 0.000904619 0.00419119 0.000752064 -0.00147973
internal_weight=6743 5772 5044 617 310 242
internal_count=6743 5772 5044 617 310 242
is_linear=0
shrinkage=0.01


Tree=355
num_leaves=7
num_cat=0
split_feature=12 2 13 10 13 24
split_gain=75.5737 56.2678 68.0957 57.3946 67.0757 67.1423
threshold=2.9727379293480429 0.29609949564028709 19.544092818187696 0.021234974916484069 67.555787972333334 -1.9999999999999714
decision_type=2 2 2 2 2 10
left_child=1 2 -1 4 5 -3
right_child=-2 3 -4 -5 -6 -7
leaf_value=0.006130107663475404 -0.0020031431598723144 -7.844613772523527e-05 -0.00098487827330313318 -0.00025696901574547801 -0.0063005943241218722 0.0061866374231292313
leaf_weight=357 1427 282 205 3995 65 412
leaf_count=357 1427 282 205 3995 65 412
internal_value=3.04506e-05 0.000580952 0.00354546 0.000221694 0.00272472 0.00366173
internal_weight=6743 5316 562 4754 759 694
internal_count=6743 5316 562 4754 759 694
is_linear=0
shrinkage=0.01


Tree=356
num_leaves=7
num_cat=0
split_feature=1 9 2 8 8 8
split_gain=76.41 80.063 63.9416 50.18 46.7356 41.1985
threshold=1.1358133165365565 0.0069745960986368205 0.41666666666666674 498.42090000000007 15.423300000000001 24.653250000000003
decision_type=2 2 2 2 2 2
left_child=-1 2 3 -2 -3 -4
right_child=1 4 5 -5 -6 -7
leaf_value=-0.001348939854030068 0.0020917906820252276 0.00047307813996631728 -0.0019775440139811287 0.010101442076470499 0.0095914305495098228 0.00056272199041517009
leaf_weight=2507 695 92 864 81 150 2354
leaf_count=2507 695 92 864 81 150 2354
internal_value=3.01268e-05 0.000849912 0.00050096 0.00305845 0.00632096 -0.000120229
internal_weight=6743 4236 3994 776 242 3218
internal_count=6743 4236 3994 776 242 3218
is_linear=0
shrinkage=0.01


Tree=357
num_leaves=7
num_cat=0
split_feature=0 2 1 13 2 16
split_gain=75.6202 73.3062 52.5184 57.8664 59.4384 47.6019
threshold=1.2723730332504524 0.6208250652326831 2.0830140682167868 69.11656232045253 0.29215137611234859 1.028211211583139
decision_type=2 2 2 2 2 2
left_child=1 2 3 4 -1 -2
right_child=5 -3 -4 -5 -6 -7
leaf_value=0.00384354288846278 0.012966957362086485 -0.0013323132446457896 0.0069925747427976494 -0.0051147434859378652 0.0002427427173936353 0.0025057353931368289
leaf_weight=542 56 2944 122 161 2760 158
leaf_count=542 56 2944 122 161 2760 158
internal_value=3.01438e-05 -0.000164126 0.000793444 0.000552667 0.000846628 0.00574457
internal_weight=6743 6529 3585 3463 3302 214
internal_count=6743 6529 3585 3463 3302 214
is_linear=0
shrinkage=0.01


Tree=358
num_leaves=7
num_cat=0
split_feature=1 14 10 13 7 20
split_gain=75.1064 69.9766 72.0368 89.5826 59.7038 48.2979
threshold=0.94034119139914163 2.4912163471583493 0.019955804785169399 58.376605957251122 1.0000000180025095e-35 0.016884725634308706
decision_type=2 2 2 2 2 2
left_child=-1 2 3 -2 5 -4
right_child=1 -3 4 -5 -6 -7
leaf_value=-0.0025267221009637403 0.0057147516482307214 -0.0024083617177563482 0.000406433186235258 -0.0058575271175075804 -0.0021985612601173252 0.0033010920859178391
leaf_weight=971 496 728 3074 68 702 704
leaf_count=971 496 728 3074 68 702 704
internal_value=3.01697e-05 0.000465661 0.000886391 0.00422435 0.000455466 0.00095576
internal_weight=6743 5772 5044 564 4480 3778
internal_count=6743 5772 5044 564 4480 3778
is_linear=0
shrinkage=0.01


Tree=359
num_leaves=7
num_cat=0
split_feature=12 8 15 22 2 9
split_gain=71.7991 79.8928 78.0246 151.98 73.5078 62.6155
threshold=2.9727379293480429 26.538750000000004 0.46939228966590196 29.500000000000032 0.52623923312738807 -0.0031111111111111075
decision_type=2 2 2 10 2 2
left_child=1 -1 3 4 -3 -4
right_child=-2 2 5 -5 -6 -7
leaf_value=-0.00086783523416190847 -0.0019523331903336957 0.020981064984855587 -0.0015311346812199767 0.0014034654446174405 0.0059879425552330527 0.0018870113400040792
leaf_weight=2235 1427 63 741 341 85 1851
leaf_count=2235 1427 63 741 341 85 1851
internal_value=2.97855e-05 0.0005664 0.00160949 0.00523665 0.0133574 0.000903861
internal_weight=6743 5316 3081 489 148 2592
internal_count=6743 5316 3081 489 148 2592
is_linear=0
shrinkage=0.01


Tree=360
num_leaves=7
num_cat=0
split_feature=0 2 17 16 23 13
split_gain=73.5558 70.2525 69.5425 53.3271 51.8992 84.7128
threshold=1.2723730332504524 0.6208250652326831 1.0000000180025095e-35 6.7356785747550196 15.963333333333482 3.6073062513955128
decision_type=2 2 2 2 8 2
left_child=1 2 3 -1 5 -4
right_child=-2 -3 4 -5 -6 -7
leaf_value=0.0035247425476811968 0.0056657704181790379 -0.0013053283348917813 0.0055862792120260187 -0.0040410973627156427 -0.0015246495601062041 -0.0003170669312663942
leaf_weight=1013 214 2944 329 93 1304 846
leaf_count=1013 214 2944 329 93 1304 846
internal_value=2.98713e-05 -0.000161708 0.000775669 0.00284908 -0.000153094 0.00136062
internal_weight=6743 6529 3585 1106 2479 1175
internal_count=6743 6529 3585 1106 2479 1175
is_linear=0
shrinkage=0.01


Tree=361
num_leaves=7
num_cat=0
split_feature=1 0 15 19 8 9
split_gain=72.4948 64.8941 56.4444 85.752 131.801 57.2644
threshold=0.94034119139914163 1.2723730332504524 1.983349228281988 217.1949999999992 498.42090000000007 0.0037595090650866243
decision_type=2 2 2 8 2 2
left_child=-1 2 3 4 -2 -4
right_child=1 -3 5 -5 -6 -7
leaf_value=-0.0024823604049713484 0.0018228898729116237 0.0057615918861618175 -0.0012260630029591866 0.00059698280789113292 0.015166824773919802 0.0024235210237816317
leaf_weight=971 253 212 2647 2060 98 502
leaf_count=971 253 212 2647 2060 98 502
internal_value=2.96554e-05 0.000457533 0.000243516 0.00139331 0.00589318 -0.000635266
internal_weight=6743 5772 5560 2411 351 3149
internal_count=6743 5772 5560 2411 351 3149
is_linear=0
shrinkage=0.01


Tree=362
num_leaves=7
num_cat=0
split_feature=1 9 14 1 19 8
split_gain=71.0942 77.5268 66.7032 65.2716 63.5302 61.3947
threshold=1.1358133165365565 0.0069745960986368205 0.54361967088576424 2.6021974192551074 217.1949999999992 498.42090000000007
decision_type=2 2 2 2 8 2
left_child=-1 2 3 4 5 -2
right_child=1 -3 -4 -5 -6 -7
leaf_value=-0.0013004611850967599 0.0023784064147621391 0.0062041111109918728 -0.00061295450777935228 0.012198679143654519 0.00069654489381570906 0.012661920634488906
leaf_weight=2507 180 242 2327 51 1353 83
leaf_count=2507 180 242 2327 51 1353 83
internal_value=2.97152e-05 0.00082052 0.000477146 0.00199938 0.00159831 0.00600533
internal_weight=6743 4236 3994 1667 1616 263
internal_count=6743 4236 3994 1667 1616 263
is_linear=0
shrinkage=0.01


Tree=363
num_leaves=7
num_cat=0
split_feature=1 14 6 7 13 13
split_gain=70.3665 66.6386 63.3004 71.0112 67.5035 76.613
threshold=0.94034119139914163 2.4912163471583493 1.1834576658307083 1.0000000180025095e-35 55.669639344324075 32.958927722033671
decision_type=2 2 2 2 2 2
left_child=-1 2 3 -2 5 -4
right_child=1 -3 4 -5 -6 -7
leaf_value=-0.0024449177913295921 0.00086488813888747787 -0.0023530558295021728 0.0026653252961064407 -0.0029871525264426537 -0.0018897051771205884 0.010491105201782772
leaf_weight=971 3696 728 459 539 179 171
leaf_count=971 3696 728 459 539 179 171
internal_value=2.99248e-05 0.000451495 0.00086211 0.000366391 0.00340876 0.00493582
internal_weight=6743 5772 5044 4235 809 630
internal_count=6743 5772 5044 4235 809 630
is_linear=0
shrinkage=0.01


Tree=364
num_leaves=7
num_cat=0
split_feature=0 2 13 14 23 11
split_gain=70.1134 69.6719 61.7346 53.0886 72.3744 48.5343
threshold=1.2519505216138527 0.29215137611234859 19.544092818187696 0.17021881020370608 16.177500000000027 0.023559679197077927
decision_type=2 2 2 2 10 2
left_child=1 2 5 4 -3 -1
right_child=-2 3 -4 -5 -6 -7
leaf_value=0.011038930196913757 0.0053050077637588535 0.0031404896296955004 -0.0014594245516927912 -0.0010120253509736889 -0.0014756897590147162 0.0030050866093873285
leaf_weight=102 233 805 190 4557 571 285
leaf_count=102 233 805 190 4557 571 285
internal_value=2.96603e-05 -0.000165463 0.00311921 -0.0004913 0.00122087 0.00537245
internal_weight=6743 6510 577 5933 1376 387
internal_count=6743 6510 577 5933 1376 387
is_linear=0
shrinkage=0.01


Tree=365
num_leaves=7
num_cat=0
split_feature=0 6 7 16 14 19
split_gain=68.7681 59.1849 57.5388 57.2266 56.584 110.338
threshold=1.2519505216138527 0.998690467460294 1.0000000180025095e-35 0.74691187563582562 0.52515098751993616 217.93833333333376
decision_type=2 2 2 2 2 8
left_child=1 2 4 -2 5 -1
right_child=3 -3 -4 -5 -6 -7
leaf_value=0.0069431999333909832 0.013617076993349098 0.00137682835375978 -0.0035173607994139623 0.0022120284706510173 -0.0012391854660788741 -3.0326802422760586e-05
leaf_weight=264 52 1792 640 181 2511 1303
leaf_count=264 52 1792 640 181 2511 1303
internal_value=2.96383e-05 -0.00016359 -0.000752465 0.00525414 -0.000308554 0.00117477
internal_weight=6743 6510 4718 233 4078 1567
internal_count=6743 6510 4718 233 4078 1567
is_linear=0
shrinkage=0.01


Tree=366
num_leaves=7
num_cat=0
split_feature=0 2 13 11 14 19
split_gain=67.6448 67.7267 60.6108 52.2956 50.0136 116.502
threshold=1.2723730332504524 0.29215137611234859 24.148985069510093 0.023559679197077927 0.17021881020370608 217.93833333333376
decision_type=2 2 2 2 2 10
left_child=1 2 3 -1 5 -3
right_child=-2 4 -4 -5 -6 -7
leaf_value=0.011015634916722774 0.005434373774831849 0.0071380156826199893 -0.0016441512708527545 0.0028211068591677737 -0.0009784302038233952 -0.00021347558381122671
leaf_weight=105 214 256 179 293 4574 1122
leaf_count=105 214 256 179 293 4574 1122
internal_value=2.96287e-05 -0.000154032 0.00308492 0.00522449 -0.000474349 0.00118664
internal_weight=6743 6529 577 398 5952 1378
internal_count=6743 6529 577 398 5952 1378
is_linear=0
shrinkage=0.01


Tree=367
num_leaves=7
num_cat=0
split_feature=14 6 21 7 2 16
split_gain=66.4829 75.8439 70.7345 65.6339 66.1115 55.4307
threshold=2.4912163471583493 1.1834576658307083 291.31094043517538 1.0000000180025095e-35 0.33357726690579381 3.0534846767781931
decision_type=2 2 10 2 2 2
left_child=1 3 -3 4 -1 -4
right_child=-2 2 5 -5 -6 -7
leaf_value=0.0037626153134434908 -0.0022999225458386219 0.0058469550806493952 0.0019613375068378179 -0.002955595279287257 -3.5545970049338767e-05 -0.0070780754414235441
leaf_weight=512 1026 453 311 652 3713 76
leaf_count=512 1026 453 311 652 3713 76
internal_value=2.96814e-05 0.000452795 0.00320943 -2.55487e-05 0.000430165 2.73926e-05
internal_weight=6743 5717 840 4877 4225 387
internal_count=6743 5717 840 4877 4225 387
is_linear=0
shrinkage=0.01


Tree=368
num_leaves=7
num_cat=0
split_feature=1 14 0 5 13 0
split_gain=67.289 62.91 67.0487 67.9198 62.7593 47.7694
threshold=0.94034119139914163 2.4912163471583493 1.0903860702151775 0.29257147990625543 48.659852916307571 1.201132683845896
decision_type=2 2 2 2 2 2
left_child=-1 2 -2 4 -4 -5
right_child=1 -3 3 5 -6 -7
leaf_value=-0.0023907397715180211 0.00040366716004072435 -0.0022832318614719707 0.0093450721014050938 -0.0043312965328991416 -0.0015796637026147104 0.003505628935265832
leaf_weight=971 4427 728 246 115 61 195
leaf_count=971 4427 728 246 115 61 195
internal_value=2.93432e-05 0.000441624 0.00084062 0.00390339 0.00716146 0.000522631
internal_weight=6743 5772 5044 617 307 310
internal_count=6743 5772 5044 617 307 310
is_linear=0
shrinkage=0.01


Tree=369
num_leaves=7
num_cat=0
split_feature=1 14 9 7 2 0
split_gain=65.9648 61.6771 66.7035 73.4548 63.4012 58.1897
threshold=0.94034119139914163 2.4912163471583493 0.0044634694335100242 1.0000000180025095e-35 0.33357726690579381 1.1718454004543495
decision_type=2 2 2 2 2 2
left_child=-1 2 3 4 -2 -6
right_child=1 -3 -4 -5 5 -7
leaf_value=-0.0023670760723585992 0.0044539691604082833 -0.0022607089299582408 0.0037137846268313567 -0.0028460982631728316 4.9541613330340019e-05 0.0052246634731801531
leaf_weight=971 432 728 684 600 3104 224
leaf_count=971 432 728 684 600 3104 224
internal_value=2.90597e-05 0.000437278 0.000832359 0.000370567 0.000892705 0.000415471
internal_weight=6743 5772 5044 4360 3760 3328
internal_count=6743 5772 5044 4360 3760 3328
is_linear=0
shrinkage=0.01


Tree=370
num_leaves=7
num_cat=0
split_feature=0 2 13 14 19 22
split_gain=64.0933 64.2572 59.6133 48.0212 114.489 60.468
threshold=1.2723730332504524 0.29215137611234859 19.544092818187696 0.17021881020370608 217.93833333333376 25.700000000000021
decision_type=2 2 2 2 10 10
left_child=1 2 -1 4 5 -3
right_child=-2 3 -4 -5 -6 -7
leaf_value=0.0052197969930366118 0.0052898430524094568 0.010193036870470131 -0.0014917305879294874 -0.00095588909920289169 -0.00022223066518627704 -7.2309887243641744e-05
leaf_weight=387 214 176 190 4574 1122 80
leaf_count=387 214 176 190 4574 1122 80
internal_value=2.88574e-05 -0.000149878 0.00300496 -0.000461919 0.00116558 0.0070654
internal_weight=6743 6529 577 5952 1378 256
internal_count=6743 6529 577 5952 1378 256
is_linear=0
shrinkage=0.01


Tree=371
num_leaves=7
num_cat=0
split_feature=10 2 21 22 15 15
split_gain=63.7737 59.5966 57.7325 95.6889 49.0442 35.1464
threshold=0.021234974916484069 0.29609949564028709 293.80701570236516 28.500000000000032 12.66860325896168 1.7899272892230498
decision_type=2 2 10 10 2 2
left_child=2 -2 3 4 -1 -5
right_child=1 -3 -4 5 -6 -7
leaf_value=0.0016972324698175218 0.0026978406512000483 -0.00065895034799166028 -0.0041088873283429582 0.011314083248505304 -0.0077933445217257197 0.0043794499205237411
leaf_weight=301 576 5367 100 135 56 208
leaf_count=301 576 5367 100 135 56 208
internal_value=2.88052e-05 -0.000327942 0.00266267 0.00368837 9.47836e-06 0.00738035
internal_weight=6743 5943 800 700 357 343
internal_count=6743 5943 800 700 357 343
is_linear=0
shrinkage=0.01


Tree=372
num_leaves=7
num_cat=0
split_feature=1 21 14 23 2 13
split_gain=64.5345 78.9907 66.5921 122.947 41.1589 33.1654
threshold=1.188344594594595 281.37248889193683 0.14912527721288293 16.338333333333377 0.45274769274890087 39.112799274692449
decision_type=2 10 2 10 2 2
left_child=-1 -2 3 -3 -4 -6
right_child=1 2 4 -5 5 -7
leaf_value=-0.0010642525429306997 -0.005146071678484041 0.0078958202088169685 0.0028340407179962696 -0.0012002139032212277 -0.00044639799516021803 0.0032166398681196459
leaf_weight=2989 194 359 645 242 2043 271
leaf_count=2989 194 359 645 242 2043 271
internal_value=2.86286e-05 0.000901972 0.00124785 0.00425713 0.000620989 -1.10985e-06
internal_weight=6743 3754 3560 601 2959 2314
internal_count=6743 3754 3560 601 2959 2314
is_linear=0
shrinkage=0.01


Tree=373
num_leaves=7
num_cat=0
split_feature=0 2 13 14 24 8
split_gain=62.6017 62.0514 58.4673 47.383 73.2175 68.4359
threshold=1.2519505216138527 0.29215137611234859 19.544092818187696 0.17021881020370608 -1.1999999999999884 1697.5800000000002
decision_type=2 2 2 2 10 2
left_child=1 2 -1 4 5 -3
right_child=-2 3 -4 -5 -6 -7
leaf_value=0.0051376172701736687 0.0050132190763045861 0.0024545649165923864 -0.0015080649361945688 -0.00095548997097908675 -0.00075402885100700283 0.012741022557020188
leaf_weight=387 233 495 190 4557 814 67
leaf_count=387 233 495 190 4557 814 67
internal_value=2.84029e-05 -0.000155891 0.00294382 -0.000463474 0.00115389 0.00389967
internal_weight=6743 6510 577 5933 1376 562
internal_count=6743 6510 577 5933 1376 562
is_linear=0
shrinkage=0.01


Tree=374
num_leaves=7
num_cat=0
split_feature=0 2 8 21 24 21
split_gain=61.3988 61.1846 143.6 109.268 55.6737 68.1053
threshold=1.2519505216138527 0.51686425246047851 683.67465000000004 292.96457434775522 3.2000000000000175 286.4309981405035
decision_type=2 2 2 10 8 10
left_child=1 2 4 -4 5 -1
right_child=-2 -3 3 -5 -6 -7
leaf_value=-0.0019424057219049517 0.0049651498730206257 -0.00090968691543765953 0.017714709737338127 -0.00051023520529270173 -0.0015638204710706689 0.0028911452965045144
leaf_weight=383 233 4052 78 50 832 1115
leaf_count=383 233 4052 78 50 832 1115
internal_value=2.84466e-05 -0.000154054 0.00108619 0.011002 0.000492494 0.00164401
internal_weight=6743 6510 2458 128 2330 1498
internal_count=6743 6510 2458 128 2330 1498
is_linear=0
shrinkage=0.01


Tree=375
num_leaves=7
num_cat=0
split_feature=1 14 9 7 2 0
split_gain=63.0488 58.5614 63.7055 71.8805 59.8286 54.4454
threshold=0.94034119139914163 2.4912163471583493 0.0044634694335100242 1.0000000180025095e-35 0.33357726690579381 1.1718454004543495
decision_type=2 2 2 2 2 2
left_child=-1 2 3 4 -2 -6
right_child=1 -3 -4 -5 5 -7
leaf_value=-0.0023141030710985386 0.0043373951762577532 -0.0022012994833780215 0.0036285317501708091 -0.0028207484330623183 5.9925339349342761e-05 0.0050660541617172485
leaf_weight=971 432 728 684 600 3104 224
leaf_count=971 432 728 684 600 3104 224
internal_value=2.84382e-05 0.000427565 0.000812572 0.000361221 0.00087777 0.00041404
internal_weight=6743 5772 5044 4360 3760 3328
internal_count=6743 5772 5044 4360 3760 3328
is_linear=0
shrinkage=0.01


Tree=376
num_leaves=7
num_cat=0
split_feature=1 21 8 14 25 24
split_gain=62.0876 63.5347 57.9156 71.9677 80.2185 62.4452
threshold=1.1358133165365565 281.37248889193683 24.653250000000003 0.16755231678767601 9.3000000000000131 4.6000000000000236
decision_type=2 10 2 2 10 8
left_child=-1 -2 5 4 -4 -3
right_child=1 2 3 -5 -6 -7
leaf_value=-0.0012147274845419596 -0.0042710297216929623 0.00098815655853057944 0.0075417444996449499 0.0011602900616779748 -0.0033181534898142485 -0.0035702193318694997
leaf_weight=2507 226 802 357 2309 76 466
leaf_count=2507 226 802 357 2309 76 466
internal_value=2.82391e-05 0.00076735 0.00106371 0.00187979 0.00558117 -0.000694086
internal_weight=6743 4236 4010 2742 433 1268
internal_count=6743 4236 4010 2742 433 1268
is_linear=0
shrinkage=0.01


Tree=377
num_leaves=7
num_cat=0
split_feature=10 13 14 0 2 2
split_gain=59.8329 75.7166 72.0672 81.7612 55.7182 52.0526
threshold=0.021234974916484069 67.555787972333334 2.2110839337315658 1.2723730332504524 0.29609949564028709 0.66305655650227602
decision_type=2 2 2 2 2 2
left_child=1 2 3 5 -2 -1
right_child=4 -3 -4 -5 -6 -7
leaf_value=0.0052581265240368921 0.0026079433832600484 -0.0066274303190962036 -0.0038931527168356945 0.015983277832112106 -0.00063771973609897824 -0.001587748477856318
leaf_weight=436 576 71 102 51 5367 140
leaf_count=436 576 71 102 51 5367 140
internal_value=2.78873e-05 0.00257912 0.00356686 0.00483821 -0.000317615 0.00357843
internal_weight=6743 800 729 627 5943 576
internal_count=6743 800 729 627 5943 576
is_linear=0
shrinkage=0.01


Tree=378
num_leaves=7
num_cat=0
split_feature=1 14 9 7 14 19
split_gain=60.9206 56.4733 61.9503 70.302 48.5618 104.298
threshold=0.94034119139914163 2.4912163471583493 0.0044634694335100242 1.0000000180025095e-35 0.17021881020370608 185.49500000000009
decision_type=2 2 2 2 2 10
left_child=-1 2 3 4 5 -2
right_child=1 -3 -4 -5 -6 -7
leaf_value=-0.0022748961455257995 0.011480146542567165 -0.0021614026580460029 0.00357510595457623 -0.0027937041297707642 0.00011889090478180233 0.001529498989039056
leaf_weight=971 109 728 684 600 2644 1007
leaf_count=971 109 728 684 600 2644 1007
internal_value=2.77432e-05 0.000420101 0.000798207 0.000353093 0.000863972 0.00260359
internal_weight=6743 5772 5044 4360 3760 1116
internal_count=6743 5772 5044 4360 3760 1116
is_linear=0
shrinkage=0.01


Tree=379
num_leaves=7
num_cat=0
split_feature=1 21 9 7 14 21
split_gain=59.865 76.0166 70.9716 95.8578 71.9957 56.292
threshold=1.188344594594595 281.37248889193683 0.0069745960986368205 1.0000000180025095e-35 0.14912527721288293 289.17355869081115
decision_type=2 10 2 2 2 10
left_child=-1 -2 3 4 -3 -6
right_child=1 2 -4 -5 5 -7
leaf_value=-0.0010249380809455246 -0.0050640708751355616 0.0050211574733967949 0.0064925013017691994 -0.0030312326784435384 -0.0014019365720888005 0.0019015206809516109
leaf_weight=2989 194 488 228 530 757 1557
leaf_count=2989 194 488 228 530 757 1557
internal_value=2.76061e-05 0.000868813 0.0012082 0.000825275 0.00156648 0.000815145
internal_weight=6743 3754 3560 3332 2802 2314
internal_count=6743 3754 3560 3332 2802 2314
is_linear=0
shrinkage=0.01


Tree=380
num_leaves=7
num_cat=0
split_feature=0 2 13 16 14 19
split_gain=57.991 57.8921 57.5146 45.8161 42.2811 109.148
threshold=1.2723730332504524 0.29215137611234859 19.544092818187696 1.028211211583139 0.17021881020370608 217.93833333333376
decision_type=2 2 2 2 2 10
left_child=1 2 -1 -2 5 -3
right_child=3 4 -4 -5 -6 -7
leaf_value=0.0050283556696823955 0.012089543372223325 0.006848994240766966 -0.0015612541117705405 0.0018999159796207789 -0.00090242420111714126 -0.00026640737779741258
leaf_weight=387 56 256 190 158 4574 1122
leaf_count=387 56 256 190 158 4574 1122
internal_value=2.73432e-05 -0.000142598 0.0028518 0.00503168 -0.000438855 0.00108808
internal_weight=6743 6529 577 214 5952 1378
internal_count=6743 6529 577 214 5952 1378
is_linear=0
shrinkage=0.01


Tree=381
num_leaves=7
num_cat=0
split_feature=10 8 24 19 24 2
split_gain=57.2049 65.0312 76.0874 60.7663 53.6103 53.3674
threshold=0.021234974916484069 25.715700000000002 -1.9999999999999714 248.00833333333313 1.8000000000000116 0.29609949564028709
decision_type=2 2 10 10 10 2
left_child=1 -1 3 -3 -4 -2
right_child=5 2 4 -5 -6 -7
leaf_value=-0.0026120945829312997 0.002552723298596263 0.0048944278980386172 0.011377244452585929 -0.0042921787404205675 0.0032768843685623238 -0.00062369618947020675
leaf_weight=181 576 126 153 143 197 5367
leaf_count=181 576 126 153 143 197 5367
internal_value=2.74124e-05 0.00252202 0.00405683 0 0.00706335 -0.000310384
internal_weight=6743 800 619 269 350 5943
internal_count=6743 800 619 269 350 5943
is_linear=0
shrinkage=0.01


Tree=382
num_leaves=7
num_cat=0
split_feature=1 14 10 13 0 15
split_gain=58.7109 54.5642 57.9417 83.6654 78.8073 43.6875
threshold=0.94034119139914163 2.4912163471583493 0.019955804785169399 58.869337304181506 1.2519505216138527 0.46939228966590196
decision_type=2 2 2 2 2 2
left_child=-1 2 3 4 -2 -4
right_child=1 -3 5 -5 -6 -7
leaf_value=-0.0022331097700431842 0.003609157497259347 -0.0021248749521265041 0.0025211651718338606 -0.0060936756025215515 0.015902042823483148 -5.7896573822796966e-05
leaf_weight=971 446 728 787 66 52 3693
leaf_count=971 446 728 787 66 52 3693
internal_value=2.73541e-05 0.000412557 0.000784242 0.00377802 0.0052002 0.000397545
internal_weight=6743 5772 5044 564 498 4480
internal_count=6743 5772 5044 564 498 4480
is_linear=0
shrinkage=0.01


Tree=383
num_leaves=7
num_cat=0
split_feature=1 14 9 7 2 0
split_gain=57.5623 53.5015 59.5398 67.788 57.5836 51.2686
threshold=0.94034119139914163 2.4912163471583493 0.0044634694335100242 1.0000000180025095e-35 0.33357726690579381 1.1718454004543495
decision_type=2 2 2 2 2 2
left_child=-1 2 3 4 -2 -6
right_child=1 -3 -4 -5 5 -7
leaf_value=-0.0022110063083140914 0.0042360130712448948 -0.0021039141331632748 0.0034990487304336314 -0.002749641210699576 4.3432281323643993e-05 0.0049012334300225016
leaf_weight=971 432 728 684 600 3104 224
leaf_count=971 432 728 684 600 3104 224
internal_value=2.72216e-05 0.000408652 0.000776714 0.000340314 0.00084203 0.000387099
internal_weight=6743 5772 5044 4360 3760 3328
internal_count=6743 5772 5044 4360 3760 3328
is_linear=0
shrinkage=0.01


Tree=384
num_leaves=7
num_cat=0
split_feature=1 21 14 21 2 12
split_gain=56.7455 74.4125 59.2763 86.5494 38.5129 37.525
threshold=1.188344594594595 281.37248889193683 0.14912527721288293 289.94569485053267 0.45274769274890087 0.71640898551254784
decision_type=2 10 2 10 2 2
left_child=-1 -2 3 -3 5 -4
right_child=1 2 4 -5 -6 -7
leaf_value=-0.00099768071070521682 -0.0050237677867213879 0.0078172004351656724 0.0013938536586846459 0.00024651030113674561 -1.1355016753084785e-05 0.0072289091814309358
leaf_weight=2989 194 293 509 308 2314 136
leaf_count=2989 194 293 509 308 2314 136
internal_value=2.70325e-05 0.000846067 0.00118192 0.00402128 0.000590246 0.00273104
internal_weight=6743 3754 3560 601 2959 645
internal_count=6743 3754 3560 601 2959 645
is_linear=0
shrinkage=0.01


Tree=385
num_leaves=7
num_cat=0
split_feature=1 14 9 7 2 0
split_gain=55.9262 52.0709 57.9598 66.3711 56.4647 50.0986
threshold=0.94034119139914163 2.4912163471583493 0.0044634694335100242 1.0000000180025095e-35 0.33357726690579381 1.1718454004543495
decision_type=2 2 2 2 2 2
left_child=-1 2 3 4 -2 -6
right_child=1 -3 -4 -5 5 -7
leaf_value=-0.0021792465257448302 0.0041927590704242462 -0.0020757855018562962 0.0034520273763144265 -0.0027220163906526759 4.1636447094718208e-05 0.0048437121575777859
leaf_weight=971 432 728 684 600 3104 224
leaf_count=971 432 728 684 600 3104 224
internal_value=2.692e-05 0.000402911 0.000766039 0.000335436 0.000831906 0.000381391
internal_weight=6743 5772 5044 4360 3760 3328
internal_count=6743 5772 5044 4360 3760 3328
is_linear=0
shrinkage=0.01


Tree=386
num_leaves=7
num_cat=0
split_feature=1 21 25 2 14 10
split_gain=55.1774 56.4585 49.8625 78.9061 55.1832 55.9382
threshold=1.4753420904935914 281.37248889193683 8.3000000000000131 0.66305655650227602 2.2110839337315658 0.018953767980624581
decision_type=2 10 8 2 2 2
left_child=-1 -2 3 4 5 -3
right_child=1 2 -4 -5 -6 -7
leaf_value=-0.000526485871418487 -0.0056948763656529408 0.0099952321219310726 -0.00097458639188400848 -0.00016263491414323221 -0.0041643248327936115 0.0037339958836994798
leaf_weight=4901 93 202 437 512 55 543
leaf_count=4901 93 202 437 512 55 543
internal_value=2.6733e-05 0.00149897 0.00191738 0.00288828 0.00483112 0.00555482
internal_weight=6743 1842 1749 1312 800 745
internal_count=6743 1842 1749 1312 800 745
is_linear=0
shrinkage=0.01


Tree=387
num_leaves=7
num_cat=0
split_feature=0 2 8 21 3 16
split_gain=53.7781 54.3069 128.77 92.5714 65.78 44.5669
threshold=1.2723730332504524 0.6208250652326831 353.03220000000005 292.96457434775522 0.12501537327783083 1.028211211583139
decision_type=2 2 2 10 2 2
left_child=1 2 -1 4 -4 -2
right_child=5 -3 3 -5 -6 -7
leaf_value=-4.7447899048547111e-05 0.011802012496768977 -0.0011428170014090545 0.016822930510814599 -0.00014327767869627844 0.0056404220637354379 0.0017647929637349166
leaf_weight=3121 56 2944 72 176 216 158
leaf_count=3121 56 2944 72 176 216 158
internal_value=2.64391e-05 -0.000137158 0.000686789 0.00554339 0.00894032 0.00484562
internal_weight=6743 6529 3585 464 288 214
internal_count=6743 6529 3585 464 288 214
is_linear=0
shrinkage=0.01


Tree=388
num_leaves=7
num_cat=0
split_feature=1 21 23 15 8 8
split_gain=54.202 51.0879 59.1518 90.2088 140.293 83.7351
threshold=0.94034119139914163 281.37248889193683 16.177500000000027 1.2825475867947307 1697.5800000000002 15.090300000000001
decision_type=2 10 8 2 2 2
left_child=-1 -2 3 4 -3 -4
right_child=1 2 5 -5 -6 -7
leaf_value=-0.0021451786580430504 -0.00353566624156277 0.0032253172401220578 -0.0030340922994946595 0.00048364904347316924 0.018431780012872292 0.00069709163458605433
leaf_weight=971 302 691 814 1695 58 2212
leaf_count=971 302 691 814 1695 58 2212
internal_value=2.66885e-05 0.000396861 0.000621857 0.00177626 0.00464336 -0.000309998
internal_weight=6743 5772 5470 2444 749 3026
internal_count=6743 5772 5470 2444 749 3026
is_linear=0
shrinkage=0.01


Tree=389
num_leaves=7
num_cat=0
split_feature=1 21 23 14 23 2
split_gain=53.4043 58.0368 55.6145 46.6299 79.4981 49.5039
threshold=1.1358133165365565 281.37248889193683 22.07583333333336 0.14912527721288293 16.338333333333377 0.29215137611234859
decision_type=2 10 8 2 10 2
left_child=-1 -2 3 4 -3 -5
right_child=1 2 -4 5 -6 -7
leaf_value=-0.0011260333790376867 -0.0041028641208501184 0.0065470644037648133 -0.0020237705502914359 0.0060412747084509734 -0.00069469446117882846 0.00055344641224550192
leaf_weight=2507 226 400 519 166 234 2691
leaf_count=2507 226 400 519 166 234 2691
internal_value=2.66308e-05 0.000712215 0.000995607 0.00145185 0.00388943 0.000895753
internal_weight=6743 4236 4010 3491 634 2857
internal_count=6743 4236 4010 3491 634 2857
is_linear=0
shrinkage=0.01


Tree=390
num_leaves=7
num_cat=0
split_feature=1 21 9 7 21 2
split_gain=52.6039 54.2744 49.0526 86.6772 55.7605 42.4867
threshold=1.4753420904935914 281.37248889193683 0.0069745960986368205 1.0000000180025095e-35 291.52113907759707 0.29609949564028709
decision_type=2 10 2 2 10 2
left_child=5 -2 3 -3 -4 -1
right_child=1 2 4 -5 -6 -7
leaf_value=0.0020997053118060917 -0.0055888449863612079 0.0025472728091870938 0.012258575923092986 -0.0030539800610825969 0.00018779692912026296 -0.00084434739439519127
leaf_weight=541 93 1255 82 343 69 4360
leaf_count=541 93 1255 82 343 69 4360
internal_value=2.64118e-05 0.00146394 0.00187429 0.00132727 0.00715916 -0.000513716
internal_weight=6743 1842 1749 1598 151 4901
internal_count=6743 1842 1749 1598 151 4901
is_linear=0
shrinkage=0.01


Tree=391
num_leaves=7
num_cat=0
split_feature=1 15 13 23 15 21
split_gain=52.2359 48.9137 108.471 74.9605 70.1317 44.6585
threshold=0.94034119139914163 0.46939228966590196 54.849799237701241 15.895833333333362 0.36466965826878145 286.31629673688263
decision_type=2 2 2 10 2 10
left_child=-1 2 3 4 5 -2
right_child=1 -3 -4 -5 -6 -7
leaf_value=-0.0021058230818319064 -0.0018178063670271321 0 -0.0039813326437324031 0.0013033957864116944 0.016003817865802419 0.0074589102699214385
leaf_weight=971 66 4896 189 377 74 170
leaf_count=971 66 4896 189 377 74 170
internal_value=2.62603e-05 0.000389683 0.00255181 0.00439481 0.00796491 0.00485549
internal_weight=6743 5772 876 687 310 236
internal_count=6743 5772 876 687 310 236
is_linear=0
shrinkage=0.01


Tree=392
num_leaves=7
num_cat=0
split_feature=0 2 8 21 2 1
split_gain=51.9811 51.9997 123.553 88.8854 62.6913 44.1355
threshold=1.2723730332504524 0.6208250652326831 353.03220000000005 292.96457434775522 0.49866924591941758 1.7344127038147858
decision_type=2 2 2 10 2 2
left_child=1 2 5 4 -4 -1
right_child=-2 -3 3 -5 -6 -7
leaf_value=-0.0004213466000483931 0.0047642135657120629 -0.001118685361987485 0.01219363865560202 -0.00014225565127387485 0.0022288708918695821 0.0037381718690906252
leaf_weight=2851 214 2944 182 176 106 270
leaf_count=2851 214 2944 182 176 106 270
internal_value=2.62211e-05 -0.000134594 0.000671623 0.00542884 0.00875748 -4.75198e-05
internal_weight=6743 6529 3585 464 288 3121
internal_count=6743 6529 3585 464 288 3121
is_linear=0
shrinkage=0.01


Tree=393
num_leaves=7
num_cat=0
split_feature=0 16 4 21 7 13
split_gain=50.9865 53.0095 43.8051 49.9324 49.2373 47.4601
threshold=1.2519505216138527 0.74691187563582562 -1.0000000180025095e-35 282.73884993495784 1.0000000180025095e-35 55.669639344324075
decision_type=2 2 2 10 2 2
left_child=2 -2 4 -4 -1 -5
right_child=1 -3 3 5 -6 -7
leaf_value=-0.0002357435455295708 0.012552589304865367 0.0016299888279766859 -0.0052751983648964343 0.0023590776067904124 -0.0032037219865175964 -0.0020903707534226769
leaf_weight=4081 52 181 102 1409 640 278
leaf_count=4081 52 181 102 1409 640 278
internal_value=2.62734e-05 0.00452506 -0.000139902 0.00118659 -0.000646131 0.00161196
internal_weight=6743 233 6510 1789 4721 1687
internal_count=6743 233 6510 1789 4721 1687
is_linear=0
shrinkage=0.01


Tree=394
num_leaves=7
num_cat=0
split_feature=1 9 14 1 22 22
split_gain=50.5517 64.0999 56.2955 60.5236 68.337 54.9106
threshold=1.188344594594595 0.0071163421494433035 0.17021881020370608 2.2869931879760914 26.700000000000021 22.800000000000015
decision_type=2 2 2 2 10 10
left_child=-1 2 3 4 -2 -4
right_child=1 -3 5 -5 -6 -7
leaf_value=-0.00094102169989071602 0.005745284437945062 0.0059550090052088982 -0.0055987640146104344 0.011434334825413924 -0.00017300460982022192 0.00010606747569920317
leaf_weight=2989 282 217 171 62 577 2445
leaf_count=2989 282 217 171 62 577 2445
internal_value=2.6066e-05 0.000799189 0.000464156 0.00257717 0.00180215 -0.000282932
internal_weight=6743 3754 3537 921 859 2616
internal_count=6743 3754 3537 921 859 2616
is_linear=0
shrinkage=0.01


Tree=395
num_leaves=7
num_cat=0
split_feature=1 14 9 0 21 1
split_gain=50.0673 48.5864 53.4736 42.825 40.7985 66.2947
threshold=0.94034119139914163 2.4912163471583493 0.0044634694335100242 1.1718454004543495 291.31094043517538 1.416876414486824
decision_type=2 2 2 2 10 2
left_child=-1 2 3 -2 5 -4
right_child=1 -3 4 -5 -6 -7
leaf_value=-0.00206127269821176 7.097298157540643e-05 -0.0020123304281064163 0.0003156764592032558 0.0043130731442391048 0.00058954333852010744 0.0089335969329598208
leaf_weight=971 4117 728 152 243 314 218
leaf_count=971 4117 728 152 243 314 218
internal_value=2.60501e-05 0.000381879 0.000732712 0.000319019 0.0033127 0.00552105
internal_weight=6743 5772 5044 4360 684 370
internal_count=6743 5772 5044 4360 684 370
is_linear=0
shrinkage=0.01


Tree=396
num_leaves=7
num_cat=0
split_feature=1 21 23 15 8 8
split_gain=49.0903 48.0049 54.8526 84.9211 135.103 81.1985
threshold=0.94034119139914163 281.37248889193683 16.177500000000027 1.2825475867947307 1697.5800000000002 15.090300000000001
decision_type=2 10 8 2 2 2
left_child=-1 -2 3 4 -3 -4
right_child=1 2 5 -5 -6 -7
leaf_value=-0.0020408701117195106 -0.0034335746446278138 0.0030992778672135242 -0.0029833363887791192 0.00045394689020362088 0.018018764597089853 0.00069089154327996302
leaf_weight=971 302 691 814 1695 58 2212
leaf_count=971 302 691 814 1695 58 2212
internal_value=2.59695e-05 0.000378323 0.000596486 0.00170817 0.00448995 -0.00030076
internal_weight=6743 5772 5470 2444 749 3026
internal_count=6743 5772 5470 2444 749 3026
is_linear=0
shrinkage=0.01


Tree=397
num_leaves=7
num_cat=0
split_feature=12 8 14 4 21 13
split_gain=48.1048 62.9826 77.6425 87.74 78.5869 74.2923
threshold=2.9727379293480429 26.538750000000004 0.54361967088576424 0.19033927544565846 287.70577455648316 17.877604077128598
decision_type=2 2 2 2 10 2
left_child=1 -1 3 -3 -4 -6
right_child=-2 2 4 -5 5 -7
leaf_value=-0.00080767050249620559 -0.0015962221085209928 0.0023410436476584869 -0.0036335852130964939 0.012539731110190298 -0.00023676427979942146 0.005804379939675551
leaf_weight=2235 1427 1477 458 81 804 261
leaf_count=2235 1427 1477 458 81 804 261
internal_value=2.59143e-05 0.000465409 0.00139178 0.00295424 -0.000208909 0.00127466
internal_weight=6743 5316 3081 1558 1523 1065
internal_count=6743 5316 3081 1558 1523 1065
is_linear=0
shrinkage=0.01


Tree=398
num_leaves=7
num_cat=0
split_feature=0 2 13 11 10 11
split_gain=48.8585 50.8844 55.4985 43.0496 40.653 37.5284
threshold=1.2723730332504524 0.29215137611234859 19.544092818187696 0.023559679197077927 0.017332036676623436 0.024351395750452469
decision_type=2 2 2 2 2 2
left_child=1 2 3 -1 -2 -3
right_child=4 5 -4 -5 -6 -7
leaf_value=0.010144589642960845 0.01119216218701939 0.00011780102685789124 -0.0016534536683233455 0.0025965864727770815 0.0016458651942792097 -0.0015999752788388721
leaf_weight=102 57 4131 190 285 157 1821
leaf_count=102 57 4131 190 285 157 1821
internal_value=2.58389e-05 -0.000130027 0.00267717 0.00481659 0.00461935 -0.000407873
internal_weight=6743 6529 577 387 214 5952
internal_count=6743 6529 577 387 214 5952
is_linear=0
shrinkage=0.01


Tree=399
num_leaves=7
num_cat=0
split_feature=0 2 13 16 11 11
split_gain=48.0086 49.934 54.4718 42.6617 42.2791 36.7863
threshold=1.2723730332504524 0.29215137611234859 19.544092818187696 1.028211211583139 0.023559679197077927 0.024351395750452469
decision_type=2 2 2 2 2 2
left_child=1 2 4 -2 -1 -3
right_child=3 5 -4 -5 -6 -7
leaf_value=0.010052201374700028 0.011379375159176012 0.00011662586673327731 -0.0016377459038048985 0.0015757859945629857 0.0025715007652031352 -0.001584062910112735
leaf_weight=102 56 4131 190 158 285 1821
leaf_count=102 56 4131 190 158 285 1821
internal_value=2.59425e-05 -0.000128549 0.00265228 0.00457933 0.00477189 -0.000403803
internal_weight=6743 6529 577 214 387 5952
internal_count=6743 6529 577 214 387 5952
is_linear=0
shrinkage=0.01


Tree=400
num_leaves=7
num_cat=0
split_feature=1 21 19 9 15 13
split_gain=46.9225 46.7565 50.0164 48.2059 41.7179 71.0626
threshold=0.94034119139914163 281.37248889193683 153.3066666666667 0.0044634694335100242 1.983349228281988 54.652457235543316
decision_type=2 10 8 2 2 2
left_child=-1 -2 -3 4 5 -4
right_child=1 2 3 -5 -6 -7
leaf_value=-0.0019946073333545998 -0.0033913912543823994 0.009248887454688718 0.0018593380972717006 0.0028388281621852885 -0.00071269090245515475 -0.0040761036637325318
leaf_weight=971 302 56 1779 736 2682 217
leaf_count=971 302 56 1779 736 2682 217
internal_value=2.60455e-05 0.000370563 0.000585896 0.000477559 9.86596e-05 0.00119196
internal_weight=6743 5772 5470 5414 4678 1996
internal_count=6743 5772 5470 5414 4678 1996
is_linear=0
shrinkage=0.01


Tree=401
num_leaves=7
num_cat=0
split_feature=2 8 22 1 10 22
split_gain=46.2715 140.9 88.7914 71.7859 52.6615 42.815
threshold=0.66305655650227602 353.03220000000005 23.300000000000015 2.0830140682167868 0.018953767980624581 37.700000000000024
decision_type=2 2 10 2 2 10
left_child=1 3 -3 -1 -5 -4
right_child=-2 2 5 4 -6 -7
leaf_value=-0.00038187219237239086 -0.0010342110383759233 0.015918508125604063 0.0045690830008115668 0.010854579351777856 -0.00098730038221065807 -0.0043640070078802889
leaf_weight=3450 2545 59 492 91 55 51
leaf_count=3450 2545 59 492 91 55 51
internal_value=2.58112e-05 0.000671747 0.0051076 -8.0183e-05 0.00655217 0.00364824
internal_weight=6743 4198 602 3596 146 543
internal_count=6743 4198 602 3596 146 543
is_linear=0
shrinkage=0.01


Tree=402
num_leaves=7
num_cat=0
split_feature=0 2 13 10 16 25
split_gain=46.7521 48.8375 51.5699 52.6599 41.9324 34.3322
threshold=1.2723730332504524 0.41666666666666674 24.148985069510093 0.021948262742681645 1.028211211583139 -2.9999999999999711
decision_type=2 2 2 2 2 10
left_child=1 2 3 -1 -2 -5
right_child=4 -3 -4 5 -6 -7
leaf_value=0.010803732950869319 0.011260368913045209 -0.00059031054611235047 -0.0011743152993931589 -0.0029418277327253042 0.0015425064684712283 0.0028136955173836361
leaf_weight=67 56 5079 478 109 158 796
leaf_count=67 56 5079 478 109 158 796
internal_value=2.58874e-05 -0.00012655 0.00148396 0.00280005 0.00451931 0.00208498
internal_weight=6743 6529 1450 972 214 905
internal_count=6743 6529 1450 972 214 905
is_linear=0
shrinkage=0.01


Tree=403
num_leaves=7
num_cat=0
split_feature=0 16 21 24 4 8
split_gain=45.9801 50.3117 40.3447 47.9563 54.8829 103.157
threshold=1.2519505216138527 0.74691187563582562 281.37248889193683 1.7000000000000173 -0.12641892422494611 220.44105000000005
decision_type=2 2 8 8 2 2
left_child=2 -2 -1 4 -4 -6
right_child=1 -3 3 -5 5 -7
leaf_value=-0.0035610335847817108 0.012115189089071788 0.001483364048370048 -0.00074161614762945061 -0.00073207127509146723 0.0009869905942937649 0.0074600569178664058
leaf_weight=316 52 181 1053 3462 1387 292
leaf_count=316 52 181 1053 3462 1387 292
internal_value=2.59501e-05 0.00429821 -0.000131783 4.70138e-05 0.00103699 0.00215617
internal_weight=6743 233 6510 6194 2732 1679
internal_count=6743 233 6510 6194 2732 1679
is_linear=0
shrinkage=0.01


Tree=404
num_leaves=7
num_cat=0
split_feature=1 0 2 8 9 10
split_gain=45.2497 41.1434 48.8236 108.675 47.8932 42.001
threshold=0.94034119139914163 1.2723730332504524 0.41666666666666674 683.67465000000004 0.0097402452888510262 0.023116111152882968
decision_type=2 2 2 2 2 2
left_child=-1 2 3 -2 -4 -3
right_child=1 5 4 -5 -6 -7
leaf_value=-0.001958334306958103 0.0010843217410492669 0.010240760377484812 -0.00048533348691797492 0.012613954476758161 0.0070928990271161589 0.0010641588703197921
leaf_weight=971 1257 73 4150 78 75 139
leaf_count=971 1257 73 4150 78 75 139
internal_value=2.59425e-05 0.000364288 0.000193496 0.00185417 -0.000332017 0.00458803
internal_weight=6743 5772 5560 1335 4225 212
internal_count=6743 5772 5560 1335 4225 212
is_linear=0
shrinkage=0.01


Tree=405
num_leaves=7
num_cat=0
split_feature=14 4 21 22 16 7
split_gain=45.1002 50.1361 63.1292 58.2428 56.6581 54.1578
threshold=2.4912163471583493 0.086065307596167664 291.31094043517538 28.500000000000032 3.0534846767781931 1.0000000180025095e-35
decision_type=2 2 10 8 2 2
left_child=1 5 3 -3 -4 -1
right_child=-2 2 4 -5 -6 -7
leaf_value=0.00040207110704356557 -0.0018923052675842488 0.0015665251549941545 0.0016096639318051954 0.0088711928645656864 -0.0075345875933593102 -0.0026729945220852276
leaf_weight=4236 1026 235 308 210 76 652
leaf_count=4236 1026 235 308 210 76 652
internal_value=2.61518e-05 0.000374896 0.00263333 0.00515486 -0.000320054 -1.06836e-05
internal_weight=6743 5717 829 445 384 4888
internal_count=6743 5717 829 445 384 4888
is_linear=0
shrinkage=0.01


Tree=406
num_leaves=7
num_cat=0
split_feature=14 10 13 15 7 9
split_gain=44.2122 65.45 98.9051 56.0078 46.7383 64.5825
threshold=2.4912163471583493 0.018953767980624581 55.669639344324075 0.58540103139209709 1.0000000180025095e-35 0.0073465637543598554
decision_type=2 2 2 2 2 2
left_child=1 2 3 -1 -3 -6
right_child=-2 4 -4 -5 5 -7
leaf_value=0.014703133114962838 -0.0018735648658940488 0.00046449448472355185 -0.0066312533309062331 0.0040919933866181996 -0.0029305111427237883 0.0069699939226524699
leaf_weight=54 1026 4438 65 329 769 62
leaf_count=54 1026 4438 65 329 769 62
internal_value=2.58954e-05 0.000371204 0.00399747 0.00594958 5.39956e-05 -0.00210586
internal_weight=6743 5717 448 383 5269 831
internal_count=6743 5717 448 383 5269 831
is_linear=0
shrinkage=0.01


Tree=407
num_leaves=7
num_cat=0
split_feature=0 21 24 14 8 1
split_gain=43.9615 39.5234 46.4001 54.7322 136.204 45.9836
threshold=1.2519505216138527 281.37248889193683 1.7000000000000173 0.17021881020370608 1697.5800000000002 1.2663919143891391
decision_type=2 8 8 2 2 2
left_child=1 -1 3 4 5 -3
right_child=-2 2 -4 -5 -6 -7
leaf_value=-0.0035225304660381623 0.0042033055522421627 -0.00092880827936007927 -0.00071770750947922556 6.7232868301531624e-05 0.016221982434340945 0.0039177961487826245
leaf_weight=316 233 331 3462 1889 63 449
leaf_count=316 233 331 3462 1889 63 449
internal_value=2.58556e-05 -0.000128344 4.86048e-05 0.0010224 0.00312515 0.00186271
internal_weight=6743 6510 6194 2732 843 780
internal_count=6743 6510 6194 2732 843 780
is_linear=0
shrinkage=0.01


Tree=408
num_leaves=7
num_cat=0
split_feature=1 21 23 14 8 8
split_gain=43.5852 44.418 50.3113 88.2656 114.345 77.7718
threshold=0.94034119139914163 281.37248889193683 16.177500000000027 0.14808010346976103 1697.5800000000002 15.090300000000001
decision_type=2 10 8 2 2 2
left_child=-1 -2 3 4 -3 -4
right_child=1 2 5 -5 -6 -7
leaf_value=-0.0019215262411621512 -0.0033085913867212068 0.0033613015964529549 -0.0029167090480846525 0.00063379080639983988 0.017467077575240506 0.00067913466220148231
leaf_weight=971 302 457 814 1929 58 2212
leaf_count=971 302 457 814 1929 58 2212
internal_value=2.58819e-05 0.000357973 0.000567898 0.0016326 0.00527141 -0.000291282
internal_weight=6743 5772 5470 2444 515 3026
internal_count=6743 5772 5470 2444 515 3026
is_linear=0
shrinkage=0.01


Tree=409
num_leaves=7
num_cat=0
split_feature=2 13 0 16 20 14
split_gain=43.6453 49.9154 45.8599 45.2686 36.1131 32.0567
threshold=0.29215137611234859 19.544092818187696 1.2519505216138527 0.74691187563582562 0.028131440974973342 0.17021881020370608
decision_type=2 2 2 2 2 2
left_child=1 4 5 -4 -1 -2
right_child=2 -3 3 -5 -6 -7
leaf_value=0.0067442773344197748 0.00093417224706409969 -0.0014637375172964341 0.01153477319684185 0.0013869235768221827 0.00019348010960696399 -0.00080042774091722323
leaf_weight=259 1376 191 51 181 128 4557
leaf_count=259 1376 191 51 181 128 4557
internal_value=2.58304e-05 0.00263044 -0.00022061 0.00404349 0.00466224 -0.000395556
internal_weight=6743 578 6165 232 387 5933
internal_count=6743 578 6165 232 387 5933
is_linear=0
shrinkage=0.01


Tree=410
num_leaves=7
num_cat=0
split_feature=1 9 8 21 23 13
split_gain=42.7044 60.7227 44.418 42.9374 46.1464 42.2113
threshold=1.1358133165365565 0.0071163421494433035 15.423300000000001 281.37248889193683 22.07583333333336 55.669639344324075
decision_type=2 2 2 10 8 2
left_child=-1 3 -3 -2 5 -5
right_child=1 2 -4 4 -6 -7
leaf_value=-0.001004703571658432 -0.0038535701935728567 0 0.0090695916345486273 0.0013818252242874846 -0.0021659831536520158 -0.0026783944827781514
leaf_weight=2507 219 90 133 3016 509 269
leaf_count=2507 219 90 133 3016 509 269
internal_value=2.58761e-05 0.000639091 0.00560541 0.000347382 0.000601994 0.00103919
internal_weight=6743 4236 223 4013 3794 3285
internal_count=6743 4236 223 4013 3794 3285
is_linear=0
shrinkage=0.01


Tree=411
num_leaves=7
num_cat=0
split_feature=2 13 0 16 20 6
split_gain=42.8547 48.912 44.7646 44.5189 35.331 28.2064
threshold=0.29215137611234859 19.544092818187696 1.2519505216138527 0.74691187563582562 0.028131440974973342 1.6996518539720642
decision_type=2 2 2 2 2 2
left_child=1 4 5 -4 -1 -2
right_child=2 -3 3 -5 -6 -7
leaf_value=0.0066772536883913111 -0.00049956546296737396 -0.0014459901831497379 0.01142281226569512 0.001360277489884586 0.00019636408844287846 0.0040219436349439707
leaf_weight=259 5802 191 51 181 128 131
leaf_count=259 5802 191 51 181 128 131
internal_value=2.55975e-05 0.00260652 -0.000218587 0.00399423 0.00461783 -0.000391449
internal_weight=6743 578 6165 232 387 5933
internal_count=6743 578 6165 232 387 5933
is_linear=0
shrinkage=0.01


Tree=412
num_leaves=7
num_cat=0
split_feature=2 8 22 21 24 17
split_gain=42.5276 131.887 85.5062 46.7805 66.2995 49.0129
threshold=0.66305655650227602 353.03220000000005 23.300000000000015 286.4309981405035 2.3000000000000118 1.0000000180025095e-35
decision_type=2 2 10 10 8 2
left_child=1 3 -3 -1 5 -5
right_child=-2 2 -4 4 -6 -7
leaf_value=-0.0027556450894303821 -0.00099047691072166465 0.015542371561345848 0.003506006079102373 0.0047766519216793837 -0.00097506014975919943 0.00073065340755927414
leaf_weight=545 2545 59 543 425 1625 1001
leaf_count=545 2545 59 543 425 1625 1001
internal_value=2.56929e-05 0.000645003 0.00493667 -8.23827e-05 0.000399317 0.00196834
internal_weight=6743 4198 602 3596 3051 1426
internal_count=6743 4198 602 3596 3051 1426
is_linear=0
shrinkage=0.01


Tree=413
num_leaves=7
num_cat=0
split_feature=1 14 8 5 25 14
split_gain=41.7107 42.333 47.5052 91.3309 74.4842 64.0191
threshold=0.94034119139914163 2.4912163471583493 24.653250000000003 0.085015104805657507 -1.1999999999999884 0.12628109640036736
decision_type=2 2 2 2 10 2
left_child=-1 2 -2 4 -4 -5
right_child=1 -3 3 5 -6 -7
leaf_value=-0.0018793068305747328 -0.00059655756015752166 -0.0018839681985366714 -0.0036110414100474996 0.0047129952059799321 0.008965643507318129 0.00029033315296107841
leaf_weight=971 1840 728 51 367 239 2547
leaf_count=971 1840 728 51 367 239 2547
internal_value=2.57297e-05 0.000350632 0.000678219 0.00141299 0.00667391 0.000864973
internal_weight=6743 5772 5044 3204 290 2914
internal_count=6743 5772 5044 3204 290 2914
is_linear=0
shrinkage=0.01


Tree=414
num_leaves=7
num_cat=0
split_feature=2 13 0 16 11 11
split_gain=41.5237 47.7518 43.6249 43.6885 39.8557 32.0155
threshold=0.29215137611234859 19.544092818187696 1.2519505216138527 0.74691187563582562 0.03613964204616666 0.024351395750452469
decision_type=2 2 2 2 2 2
left_child=1 4 5 -4 -1 -2
right_child=2 -3 3 -5 -6 -7
leaf_value=0.0066034770881108545 0.00010120515386362307 -0.00143735623448179 0.011302680908778654 0.0013349940190798754 -0.0002457496491590823 -0.0014870669894058361
leaf_weight=270 4115 191 51 181 117 1818
leaf_count=270 4115 191 51 181 117 1818
internal_value=2.55316e-05 0.00256608 -0.000214808 0.003944 0.00455356 -0.000385477
internal_weight=6743 578 6165 232 387 5933
internal_count=6743 578 6165 232 387 5933
is_linear=0
shrinkage=0.01


Tree=415
num_leaves=7
num_cat=0
split_feature=2 8 23 1 8 23
split_gain=41.1392 128.076 101.512 67.1243 64.7594 66.5274
threshold=0.66305655650227602 353.03220000000005 16.298333333333364 2.0830140682167868 1697.5800000000002 15.121666666666703
decision_type=2 2 10 2 2 8
left_child=1 3 4 -1 5 -3
right_child=-2 2 -4 -5 -6 -7
leaf_value=-0.00037390655351464901 -0.00097390287024025498 0.0028720164553008298 0.00046197165063613035 0.0063311423381599476 0.017693724479690635 0.014587245867385164
leaf_weight=3450 2545 199 286 146 58 59
leaf_count=3450 2545 199 286 146 58 59
internal_value=2.55158e-05 0.000634655 0.00486387 -8.21016e-05 0.00868081 0.00603273
internal_weight=6743 4198 602 3596 316 258
internal_count=6743 4198 602 3596 316 258
is_linear=0
shrinkage=0.01


Tree=416
num_leaves=7
num_cat=0
split_feature=13 2 13 17 24 15
split_gain=40.6505 53.8463 45.9086 106.545 60.6363 57.0927
threshold=69.488673062273008 0.29215137611234859 38.164115140502453 1.0000000180025095e-35 -1.5999999999999657 1.983349228281988
decision_type=2 2 2 2 10 2
left_child=1 -1 5 4 -4 -3
right_child=-2 2 3 -5 -6 -7
leaf_value=0.0031569975829159537 -0.0041612506435818172 0.00093182792743889498 -0.0002725454611847034 -0.00067190875073679134 0.01182524889337588 -0.0011754134924221856
leaf_weight=543 214 2050 55 344 136 3401
leaf_count=543 214 2050 55 344 136 3401
internal_value=2.58914e-05 0.000170816 -0.000103211 0.00266223 0.0084516 -0.00038084
internal_weight=6743 6529 5986 535 191 5451
internal_count=6743 6529 5986 535 191 5451
is_linear=0
shrinkage=0.01


Tree=417
num_leaves=7
num_cat=0
split_feature=0 16 1 20 8 15
split_gain=40.1389 38.147 33.477 40.1341 48.5756 49.4994
threshold=1.2723730332504524 1.028211211583139 0.94034119139914163 0.016884725634308706 24.653250000000003 0.46939228966590196
decision_type=2 2 2 2 2 2
left_child=2 -2 -1 4 -4 -6
right_child=1 -3 3 -5 5 -7
leaf_value=-0.0018215683229641933 0.010615245291793888 0.0013559647554038316 -0.0016454828193001321 0.0021073143050050988 0.0040224450513429147 6.7764349533472462e-05
leaf_weight=969 56 158 1530 898 348 2784
leaf_count=969 56 158 1530 898 348 2784
internal_value=2.57455e-05 0.00418932 -0.000115392 0.000182902 -0.000189357 0.00052176
internal_weight=6743 214 6529 5560 4662 3132
internal_count=6743 214 6529 5560 4662 3132
is_linear=0
shrinkage=0.01


Tree=418
num_leaves=7
num_cat=0
split_feature=2 8 23 8 23 15
split_gain=39.7555 124.635 99.9407 63.4439 65.6744 60.2736
threshold=0.66305655650227602 353.03220000000005 16.298333333333364 1697.5800000000002 15.121666666666703 3.0230702224510506
decision_type=2 2 10 2 8 2
left_child=1 -1 3 4 -3 -4
right_child=-2 2 5 -5 -6 -7
leaf_value=-8.2455308615507413e-05 -0.00095670597243110002 0.0028238319871617418 -0.0018101047157835016 0.017504654617514461 0.01446083728624744 0.0091598269296070886
leaf_weight=3596 2545 199 233 58 59 53
leaf_count=3596 2545 199 233 58 59 53
internal_value=2.57354e-05 0.000624566 0.00479658 0.00858373 0.00596261 0.000429776
internal_weight=6743 4198 602 316 258 286
internal_count=6743 4198 602 316 258 286
is_linear=0
shrinkage=0.01


Tree=419
num_leaves=7
num_cat=0
split_feature=0 2 10 19 14 11
split_gain=39.2965 42.3745 36.4841 35.7517 39.2568 32.1654
threshold=1.2723730332504524 0.29215137611234859 0.017332036676623436 255.18666666666607 0.10165874534665771 0.024351395750452469
decision_type=2 2 2 8 2 2
left_child=1 3 -2 -1 -5 -3
right_child=2 5 -4 4 -6 -7
leaf_value=0.0071205182916795218 0.010364464368226368 0.00011925630968000985 0.0013426842539875162 -0.0036482734163291752 0.002815446120154645 -0.0014709440179136179
leaf_weight=119 57 4131 157 118 340 1821
leaf_count=119 57 4131 157 118 340 1821
internal_value=2.60867e-05 -0.000113547 0.00414575 0.002448 0.00108638 -0.000367236
internal_weight=6743 6529 214 577 458 5952
internal_count=6743 6529 214 577 458 5952
is_linear=0
shrinkage=0.01


Tree=420
num_leaves=7
num_cat=0
split_feature=13 10 24 18 21 18
split_gain=39.6514 63.6525 60.8934 104.947 74.7893 61.0753
threshold=69.488673062273008 0.021234974916484069 -1.9999999999999714 319.4500000000001 294.14591132580227 301.35000000000008
decision_type=2 2 10 8 10 10
left_child=1 2 3 -1 5 -4
right_child=-2 -3 4 -5 -6 -7
leaf_value=0.0023740577132289765 -0.0041092345681525847 -0.00018207013482634594 0.0040865684080623335 -0.011883567544130178 -0.0038593959063291552 0.013146588847789371
leaf_weight=240 214 5796 263 55 68 107
leaf_count=240 214 5796 263 55 68 107
internal_value=2.61019e-05 0.000169251 0.00292575 -0.000553828 0.00525168 0.00700996
internal_weight=6743 6529 733 295 438 370
internal_count=6743 6529 733 295 438 370
is_linear=0
shrinkage=0.01


Tree=421
num_leaves=7
num_cat=0
split_feature=13 6 14 25 7 2
split_gain=38.8968 52.5985 73.061 63.5667 56.9479 70.8113
threshold=69.488673062273008 1.1739004292757063 2.2110839337315658 6.7000000000000179 1.0000000180025095e-35 0.34835371692138051
decision_type=2 2 2 8 2 2
left_child=1 4 3 -3 5 -1
right_child=-2 2 -4 -5 -6 -7
leaf_value=0.0035581028832496536 -0.0040699767676830693 0.0052715359527156147 -0.0051033368083049681 -0.001199541844072796 -0.0026624959557733719 -0.00021019342507689131
leaf_weight=553 214 555 102 200 786 4333
leaf_count=553 214 555 102 200 786 4333
internal_value=2.58049e-05 0.0001676 0.00246245 0.003551 -0.000181099 0.000220658
internal_weight=6743 6529 857 755 5672 4886
internal_count=6743 6529 857 755 5672 4886
is_linear=0
shrinkage=0.01


Tree=422
num_leaves=7
num_cat=0
split_feature=1 9 7 21 8 2
split_gain=38.5105 57.6185 79.5311 50.2012 41.6267 41.1544
threshold=1.1358133165365565 0.0071163421494433035 1.0000000180025095e-35 281.73992811564489 15.423300000000001 0.41666666666666674
decision_type=2 2 2 10 2 2
left_child=-1 2 3 -2 -3 -5
right_child=1 4 -4 5 -6 -7
leaf_value=-0.00095316637339585035 -0.0036409518150819675 5.1034094765782357e-06 -0.0029873001220839324 0.0035902811276697271 0.0087991527142328822 0.00068512572648426486
leaf_weight=2507 215 90 604 597 133 2597
leaf_count=2507 215 90 604 597 133 2597
internal_value=2.54222e-05 0.000607818 0.000323641 0.000920213 0.00544545 0.00124077
internal_weight=6743 4236 4013 3409 223 3194
internal_count=6743 4236 4013 3409 223 3194
is_linear=0
shrinkage=0.01


Tree=423
num_leaves=7
num_cat=0
split_feature=0 2 16 19 9 16
split_gain=38.1179 41.0068 36.9582 34.7665 28.2932 50.2552
threshold=1.2723730332504524 0.29215137611234859 1.028211211583139 255.18666666666607 0.0055176143791904539 4.1400076127623953
decision_type=2 2 2 8 2 2
left_child=1 3 -2 -1 -3 -6
right_child=2 4 -4 -5 5 -7
leaf_value=0.007015290755865186 0.010406460920216474 -0.00056059839600664917 0.0012957996841924753 0.001064690007454055 0.0037448924749860653 -0.0041974393650889398
leaf_weight=119 56 5506 158 458 354 92
leaf_count=119 56 5506 158 458 354 92
internal_value=2.52494e-05 -0.000112251 0.00408268 0.00240758 -0.000361835 0.00202851
internal_weight=6743 6529 214 577 5952 446
internal_count=6743 6529 214 577 5952 446
is_linear=0
shrinkage=0.01


Tree=424
num_leaves=7
num_cat=0
split_feature=14 10 8 6 7 9
split_gain=38.0002 57.5431 75.1065 72.3925 45.0356 60.2929
threshold=2.4912163471583493 0.018953767980624581 23.301900000000003 1.5595667338440864 1.0000000180025095e-35 0.0073465637543598554
decision_type=2 2 2 2 2 2
left_child=1 2 -1 -4 -3 -6
right_child=-2 4 3 -5 5 -7
leaf_value=-0.0032415394626273699 -0.0017355456398476391 0.00045099471755996444 0.0033743074227015079 0.014555213834288754 -0.002868837759703331 0.0066967506825716958
leaf_weight=108 1026 4438 271 69 769 62
leaf_count=108 1026 4438 271 69 769 62
internal_value=2.53045e-05 0.00034554 0.00374572 0.00602298 4.79951e-05 -0.00207213
internal_weight=6743 5717 448 340 5269 831
internal_count=6743 5717 448 340 5269 831
is_linear=0
shrinkage=0.01


Tree=425
num_leaves=7
num_cat=0
split_feature=13 10 24 8 24 6
split_gain=38.4003 60.3616 59.0636 52.909 50.0352 58.1946
threshold=69.488673062273008 0.021234974916484069 -1.9999999999999714 14.066550000000001 1.8000000000000116 0.998690467460294
decision_type=2 2 10 2 10 2
left_child=1 2 -1 -4 5 -5
right_child=-2 -3 3 4 -6 -7
leaf_value=-0.00057519865952065734 -0.0040442413122842216 -0.00017587437399790875 -0.0026817937028643332 0.0011111317383523177 0.0030674037200568078 0.014390881108883462
leaf_weight=295 214 5796 66 50 210 112
leaf_count=295 214 5796 66 50 210 112
internal_value=2.53066e-05 0.000166204 0.00285051 0.00514145 0.00658949 0.0106532
internal_weight=6743 6529 733 438 372 162
internal_count=6743 6529 733 438 372 162
is_linear=0
shrinkage=0.01


Tree=426
num_leaves=7
num_cat=0
split_feature=13 6 14 25 7 14
split_gain=37.6727 49.2018 70.6424 61.9427 53.8557 39.1155
threshold=69.488673062273008 1.1739004292757063 2.2110839337315658 6.7000000000000179 1.0000000180025095e-35 0.54361967088576424
decision_type=2 2 2 8 2 2
left_child=1 4 3 -3 5 -1
right_child=-2 2 -4 -5 -6 -7
leaf_value=0.0013438058157748964 -0.0040056043802906057 0.0051539044026409041 -0.0050536458388004196 -0.0012322627029248646 -0.002585578390985643 -0.00048883365191115433
leaf_weight=1887 214 555 102 200 786 2999
leaf_count=1887 214 555 102 200 786 2999
internal_value=2.51882e-05 0.000164758 0.00238428 0.00345514 -0.000172443 0.000218198
internal_weight=6743 6529 857 755 5672 4886
internal_count=6743 6529 857 755 5672 4886
is_linear=0
shrinkage=0.01


Tree=427
num_leaves=7
num_cat=0
split_feature=2 13 0 20 13 9
split_gain=37.4267 45.6841 39.223 33.3605 30.4143 26.789
threshold=0.29215137611234859 19.544092818187696 1.2519505216138527 0.028131440974973342 17.877604077128598 0.0055176143791904539
decision_type=2 2 2 2 2 2
left_child=1 3 5 -1 -4 -2
right_child=2 -3 4 -5 -6 -7
leaf_value=0.0063821578628234701 -0.00055883563131873344 -0.0014760511936573542 0.00094522700339527525 9.2195247340461488e-05 0.0084953106205439433 0.0019657569355498038
leaf_weight=259 5489 191 155 128 77 444
leaf_count=259 5489 191 155 128 77 444
internal_value=2.47754e-05 0.0024368 -0.000203325 0.00438167 0.00373989 -0.000365234
internal_weight=6743 578 6165 387 232 5933
internal_count=6743 578 6165 387 232 5933
is_linear=0
shrinkage=0.01


Tree=428
num_leaves=7
num_cat=0
split_feature=13 10 18 2 25 21
split_gain=36.9796 58.4195 58.7766 47.9146 40.9366 59.7255
threshold=69.488673062273008 0.021234974916484069 332.55000000000007 0.29215137611234859 -1.4999999999999714 294.14591132580227
decision_type=2 2 8 2 10 10
left_child=1 2 4 -3 -1 -6
right_child=-2 3 -4 -5 5 -7
leaf_value=-0.00032700319996422131 -0.0039687376593116955 0.0027026418363852536 -0.0061767118401936626 -0.00046095528426096647 0.0064118736572977919 -0.0037194188678826112
leaf_weight=183 214 516 57 5280 434 59
leaf_count=183 214 516 57 5280 434 59
internal_value=2.47919e-05 0.000163086 0.00280388 -0.000173418 0.00365469 0.00512969
internal_weight=6743 6529 733 5796 676 493
internal_count=6743 6529 733 5796 676 493
is_linear=0
shrinkage=0.01


Tree=429
num_leaves=7
num_cat=0
split_feature=21 23 12 8 1 8
split_gain=36.8609 51.6455 58.7184 156.003 60.8359 57.9966
threshold=281.37248889193683 15.963333333333482 1.0000000180025095e-35 1697.5800000000002 2.6021974192551074 15.090300000000001
decision_type=8 8 2 2 2 2
left_child=-1 2 3 4 -2 -3
right_child=1 5 -4 -5 -6 -7
leaf_value=-0.0031777802997342477 0.0012520548728760866 -0.0026727095376328216 -0.00099312348592860014 0.016390276066958906 0.011008629634587177 0.00016749925746787635
leaf_weight=331 1737 954 796 65 57 2803
leaf_count=331 1737 954 796 65 57 2803
internal_value=2.44027e-05 0.000195954 0.00126219 0.00223338 0.00162689 -0.00055623
internal_weight=6743 6412 2655 1859 1794 3757
internal_count=6743 6412 2655 1859 1794 3757
is_linear=0
shrinkage=0.01


Tree=430
num_leaves=7
num_cat=0
split_feature=2 8 22 21 17 16
split_gain=36.6601 119.612 80.9022 45.1728 57.366 57.974
threshold=0.66305655650227602 353.03220000000005 23.300000000000015 286.4309981405035 1.0000000180025095e-35 6.7356785747550196
decision_type=2 2 10 10 2 2
left_child=1 3 -3 -1 5 -5
right_child=-2 2 -4 4 -6 -7
leaf_value=-0.0027198267893106384 -0.00091887419586350789 0.014997895577571529 0.0032973376104092835 0.0034351269677766198 -0.00050405591926811117 -0.0040798381308756642
leaf_weight=545 2545 59 543 792 2151 108
leaf_count=545 2545 59 543 792 2151 108
internal_value=2.44841e-05 0.000599588 0.00468674 -9.29611e-05 0.000380361 0.00248742
internal_weight=6743 4198 602 3596 3051 900
internal_count=6743 4198 602 3596 3051 900
is_linear=0
shrinkage=0.01


Tree=431
num_leaves=7
num_cat=0
split_feature=1 21 19 2 13 0
split_gain=36.4139 41.1059 43.6311 38.422 41.9816 37.41
threshold=0.94034119139914163 281.37248889193683 153.3066666666667 0.29215137611234859 24.148985069510093 1.2723730332504524
decision_type=2 10 8 2 2 2
left_child=-1 -2 -3 4 -4 -5
right_child=1 2 3 5 -6 -7
leaf_value=-0.0017554554739225539 -0.0031990232649378668 0.0086213512035002091 0.004935508648027255 -2.7441330335043177e-05 -0.0010851488339935424 0.0043448073540175939
leaf_weight=971 302 56 348 4709 163 194
leaf_count=971 302 56 348 4709 163 194
internal_value=2.44097e-05 0.000328077 0.000530116 0.00042884 0.00301186 0.000152014
internal_weight=6743 5772 5470 5414 511 4903
internal_count=6743 5772 5470 5414 511 4903
is_linear=0
shrinkage=0.01


Tree=432
num_leaves=7
num_cat=0
split_feature=13 10 18 2 25 24
split_gain=36.2745 56.2564 57.4098 45.8377 39.8448 44.8804
threshold=69.488673062273008 0.021234974916484069 332.55000000000007 0.29215137611234859 -1.4999999999999714 1.8000000000000116
decision_type=2 2 8 2 10 10
left_child=1 2 4 -3 -1 -6
right_child=-2 3 -4 -5 5 -7
leaf_value=-0.00033322371679980674 -0.0039309452673114724 0.002644088292678556 -0.0061214270154987252 -0.00045016476624189315 0.0078102845388836476 0.0016563608737972877
leaf_weight=183 214 516 57 5280 263 230
leaf_count=183 214 516 57 5280 263 230
internal_value=2.43112e-05 0.000161295 0.00275274 -0.000168891 0.00359391 0.00504917
internal_weight=6743 6529 733 5796 676 493
internal_count=6743 6529 733 5796 676 493
is_linear=0
shrinkage=0.01


Tree=433
num_leaves=7
num_cat=0
split_feature=13 2 0 13 14 18
split_gain=35.5846 46.1236 45.8923 60.3006 64.862 40.2196
threshold=69.488673062273008 0.29215137611234859 1.1539983609574738 17.877604077128598 1.2184779132899166 328.75000000000006
decision_type=2 2 2 2 2 10
left_child=1 -1 -3 5 -5 -4
right_child=-2 2 3 4 -6 -7
leaf_value=0.0029235363516714051 -0.0038933907295514865 -0.00031854269007773747 -0.0028924324349960152 0.012559649999652589 -0.00045098581810050937 0.0064661527192220094
leaf_weight=543 214 5628 152 95 57 54
leaf_count=543 214 5628 152 95 57 54
internal_value=2.40574e-05 0.000159746 -9.3752e-05 0.00332556 0.00789227 -0.000207131
internal_weight=6743 6529 5986 358 152 206
internal_count=6743 6529 5986 358 152 206
is_linear=0
shrinkage=0.01


Tree=434
num_leaves=7
num_cat=0
split_feature=1 9 7 21 21 2
split_gain=35.4956 54.2659 76.5499 47.5716 40.2511 39.3557
threshold=1.1358133165365565 0.0071163421494433035 1.0000000180025095e-35 281.73992811564489 291.31094043517538 0.41666666666666674
decision_type=2 2 2 10 10 2
left_child=-1 2 3 -2 -3 -5
right_child=1 4 -4 5 -6 -7
leaf_value=-0.00091544029865430366 -0.0035470862570736146 0.009219304025778927 -0.0029408746762792748 0.0035024227029406135 0.00071494926256127664 0.00066140770354609349
leaf_weight=2507 215 113 604 597 110 2597
leaf_count=2507 215 113 604 597 110 2597
internal_value=2.40003e-05 0.000583193 0.00030735 0.000892707 0.00527798 0.00120483
internal_weight=6743 4236 4013 3409 223 3194
internal_count=6743 4236 4013 3409 223 3194
is_linear=0
shrinkage=0.01


Tree=435
num_leaves=7
num_cat=0
split_feature=14 8 15 23 13 22
split_gain=35.1485 42.0893 62.2114 107.129 51.8446 70.1077
threshold=2.4912163471583493 24.653250000000003 0.46939228966590196 16.075833333333367 16.265073570448624 32.500000000000036
decision_type=2 2 2 10 2 10
left_child=1 -1 3 -3 -4 -6
right_child=-2 2 4 -5 5 -7
leaf_value=-0.00076681365923107769 -0.0016695722161837617 0.0099212935103557606 -0.00053521726972951666 0.00054551381357353869 0.00082258125725040258 0.0069107118134432641
leaf_weight=2154 1026 191 1938 319 881 234
leaf_count=2154 1026 191 1938 319 881 234
internal_value=2.38594e-05 0.000331901 0.000999212 0.00419933 0.000449406 0.00215923
internal_weight=6743 5717 3563 510 3053 1115
internal_count=6743 5717 3563 510 3053 1115
is_linear=0
shrinkage=0.01


Tree=436
num_leaves=7
num_cat=0
split_feature=13 2 13 1 13 16
split_gain=34.9575 45.0508 40.5772 84.9804 62.1894 37.6616
threshold=69.488673062273008 0.29215137611234859 38.164115140502453 1.7344127038147858 51.621746500379096 0.67530357215401604
decision_type=2 2 2 2 2 2
left_child=1 -1 -3 -4 -5 -2
right_child=5 2 3 4 -6 -7
leaf_value=0.0028898089577294012 -0.0088225544673892174 -0.00035328504580224676 -0.00025486214992767527 0.012339667235383718 0 -0.00036044874117006318
leaf_weight=543 81 5451 363 109 63 133
leaf_count=543 81 5451 363 109 63 133
internal_value=2.38464e-05 0.000158347 -9.2167e-05 0.00250763 0.00808637 -0.00385891
internal_weight=6743 6529 5986 535 172 214
internal_count=6743 6529 5986 535 172 214
is_linear=0
shrinkage=0.01


Tree=437
num_leaves=7
num_cat=0
split_feature=21 23 12 8 1 8
split_gain=34.8518 49.1689 57.0182 149.6 58.7122 56.227
threshold=281.37248889193683 15.963333333333482 1.0000000180025095e-35 1697.5800000000002 2.6021974192551074 15.090300000000001
decision_type=8 8 2 2 2 2
left_child=-1 2 3 4 -2 -3
right_child=1 5 -4 -5 -6 -7
leaf_value=-0.0030899993118029801 0.001225616634101467 -0.0026273513719431408 -0.00099134941873078235 0.01605161183476448 0.010810656525305849 0.00016916030821487456
leaf_weight=331 1737 954 796 65 57 2803
leaf_count=331 1737 954 796 65 57 2803
internal_value=2.36489e-05 0.0001905 0.00123089 0.00218798 0.00159394 -0.000543382
internal_weight=6743 6412 2655 1859 1794 3757
internal_count=6743 6412 2655 1859 1794 3757
is_linear=0
shrinkage=0.01


Tree=438
num_leaves=7
num_cat=0
split_feature=2 8 23 8 23 15
split_gain=34.5001 114.348 93.1822 59.3641 64.4037 58.2512
threshold=0.66305655650227602 353.03220000000005 16.298333333333364 1697.5800000000002 15.121666666666703 3.0230702224510506
decision_type=2 2 10 2 8 2
left_child=1 -1 3 4 -3 -4
right_child=-2 2 5 -5 -6 -7
leaf_value=-9.5389017704703823e-05 -0.00089136738590586586 0.0026053467048465779 -0.0018373269165402331 0.016860235635848608 0.014107811911659234 0.00894751086239777
leaf_weight=3596 2545 199 233 58 59 53
leaf_count=3596 2545 199 233 58 59 53
internal_value=2.37315e-05 0.000581678 0.0045779 0.00823452 0.00570133 0.000362239
internal_weight=6743 4198 602 316 258 286
internal_count=6743 4198 602 316 258 286
is_linear=0
shrinkage=0.01


Tree=439
num_leaves=7
num_cat=0
split_feature=13 2 6 7 16 12
split_gain=34.4937 43.9322 40.2912 41.5397 36.9296 35.8797
threshold=69.488673062273008 0.29215137611234859 2.0876962900332665 1.0000000180025095e-35 0.67530357215401604 0.0023971633962816502
decision_type=2 2 2 2 2 2
left_child=1 -1 3 5 -2 -3
right_child=4 2 -4 -5 -6 -7
leaf_value=0.0028550334261801045 -0.0087482409948831073 0.00090050125324237429 0.0070944412502569046 -0.0022258094035270863 -0.00036686901092672581 -0.00078977145238908657
leaf_weight=543 81 2848 67 844 133 2227
leaf_count=543 81 2848 67 844 133 2227
internal_value=2.4082e-05 0.000157697 -8.9669e-05 -0.000184505 -0.00383282 0.000156719
internal_weight=6743 6529 5986 5919 214 5075
internal_count=6743 6529 5986 5919 214 5075
is_linear=0
shrinkage=0.01


Tree=440
num_leaves=7
num_cat=0
split_feature=1 21 19 16 9 7
split_gain=34.2164 38.5598 41.7906 36.5898 40.0249 91.5136
threshold=0.88802305583806751 281.37248889193683 153.3066666666667 6.7471065833147277 0.0069745960986368205 1.0000000180025095e-35
decision_type=2 10 8 2 2 2
left_child=-1 -2 -3 4 5 -4
right_child=1 2 3 -5 -6 -7
leaf_value=-0.0020646385920220427 -0.003069676424288376 0.0083781912776105336 0.0010196290225636564 -0.001611698600654937 0.0040905532143423679 -0.0030286643599840598
leaf_weight=692 317 56 3931 793 314 640
leaf_count=692 317 56 3931 793 314 640
internal_value=2.37926e-05 0.000267291 0.000458536 0.000364077 0.000689492 0.000445258
internal_weight=6743 6051 5734 5678 4885 4571
internal_count=6743 6051 5734 5678 4885 4571
is_linear=0
shrinkage=0.01


Tree=441
num_leaves=7
num_cat=0
split_feature=0 2 8 21 23 23
split_gain=34.1239 36.1549 112.006 90.0059 39.7387 51.8074
threshold=1.2723730332504524 0.51686425246047851 683.67465000000004 290.21500000000009 9.6216666666667265 17.398333333333351
decision_type=2 2 2 10 10 10
left_child=1 2 4 -4 -1 -6
right_child=-2 -3 3 -5 5 -7
leaf_value=-0.0030399466311104872 0.0038626318443259933 -0.00068638917831725021 0.018321884290780872 0.0016975993361501469 0.0021616261593115425 -0.001053854665701272
leaf_weight=295 214 4066 54 74 1195 845
leaf_count=295 214 4066 54 74 1195 845
internal_value=2.35801e-05 -0.000106437 0.000845827 0.00960289 0.000322614 0.000826202
internal_weight=6743 6529 2463 128 2335 2040
internal_count=6743 6529 2463 128 2335 2040
is_linear=0
shrinkage=0.01


Tree=442
num_leaves=7
num_cat=0
split_feature=21 23 14 8 8 6
split_gain=33.4428 46.6056 74.4402 143.656 55.4359 72.5735
threshold=281.37248889193683 15.963333333333482 1.1157806618353567 1697.5800000000002 15.090300000000001 1.0356919014682917
decision_type=8 8 2 2 2 2
left_child=-1 2 3 -2 -3 -6
right_child=1 4 -4 -5 5 -7
leaf_value=-0.0030263632661908803 0.0015618073730137383 -0.0025966319696411602 -0.0019517474410971868 0.015696990985423327 -0.00058941320836119072 0.0035095807592186701
leaf_weight=331 2015 954 575 65 2281 522
leaf_count=331 2015 954 575 65 2281 522
internal_value=2.36591e-05 0.000187132 0.00120006 0.00208131 -0.000527317 0.000180146
internal_weight=6743 6412 2655 2080 3757 2803
internal_count=6743 6412 2655 2080 3757 2803
is_linear=0
shrinkage=0.01


Tree=443
num_leaves=7
num_cat=0
split_feature=13 10 24 18 21 18
split_gain=34.2344 51.7894 55.8519 99.0198 69.1212 59.8803
threshold=69.488673062273008 0.021234974916484069 -1.9999999999999714 319.4500000000001 294.14591132580227 301.35000000000008
decision_type=2 2 10 8 10 10
left_child=1 2 3 -1 5 -4
right_child=-2 -3 4 -5 -6 -7
leaf_value=0.0021632128085568546 -0.0038187961351234534 -0.00016004441198126348 0.0036907763617290631 -0.011684923424170568 -0.0038717203615949705 0.012623847920017748
leaf_weight=240 214 5796 263 55 68 107
leaf_count=240 214 5796 263 55 68 107
internal_value=2.35796e-05 0.000156697 0.00264315 -0.000684317 0.00487183 0.00656466
internal_weight=6743 6529 733 295 438 370
internal_count=6743 6529 733 295 438 370
is_linear=0
shrinkage=0.01


Tree=444
num_leaves=7
num_cat=0
split_feature=13 2 6 7 1 21
split_gain=33.5827 42.4975 38.8538 39.7498 53.4344 50.0202
threshold=69.488673062273008 0.29215137611234859 2.0876962900332665 1.0000000180025095e-35 1.2663919143891391 282.73884993495784
decision_type=2 2 2 2 2 10
left_child=1 -1 3 4 -3 -6
right_child=-2 2 -4 -5 5 -7
leaf_value=0.0028080925177113333 -0.0037823129522595472 -0.00079614603660233332 0.006966632844807653 -0.0021781218920008823 -0.0034858529339659174 0.0017007219273624963
leaf_weight=543 214 2727 67 844 193 2155
leaf_count=543 214 2727 67 844 193 2155
internal_value=2.32985e-05 0.000155157 -8.81091e-05 -0.000181267 0.000152484 0.00125718
internal_weight=6743 6529 5986 5919 5075 2348
internal_count=6743 6529 5986 5919 5075 2348
is_linear=0
shrinkage=0.01


Tree=445
num_leaves=7
num_cat=0
split_feature=1 21 23 14 9 16
split_gain=32.8613 36.5178 40.9006 77.6152 39.411 49.8146
threshold=0.88802305583806751 281.37248889193683 15.963333333333482 1.1157806618353567 0.0050390008728311087 3.1239067679088719
decision_type=2 10 8 2 2 2
left_child=-1 -2 3 -3 -4 -6
right_child=1 2 4 -5 5 -7
leaf_value=-0.0020235737843042308 -0.0029855838019417925 0.0023540572854547142 -0.00064310576306096418 -0.0019342281800912475 0.005535006789040977 -0.0028751800605552455
leaf_weight=692 317 1926 2965 529 222 92
leaf_count=692 317 1926 2965 529 222 92
internal_value=2.30542e-05 0.000261712 0.000447862 0.00142187 -0.000280446 0.00302732
internal_weight=6743 6051 5734 2455 3279 314
internal_count=6743 6051 5734 2455 3279 314
is_linear=0
shrinkage=0.01


Tree=446
num_leaves=7
num_cat=0
split_feature=13 2 0 13 25 18
split_gain=33.2256 41.4327 42.2236 57.9718 62.134 38.9171
threshold=69.488673062273008 0.29215137611234859 1.1539983609574738 17.877604077128598 2.1000000000000232 328.75000000000006
decision_type=2 2 2 2 10 10
left_child=1 -1 -3 5 -5 -4
right_child=-2 2 3 4 -6 -7
leaf_value=0.0027733837986183073 -0.003762588819604389 -0.00030198176433591817 -0.002905922268609298 0.001325080352284575 0.014045484164093115 0.0062986901466501877
leaf_weight=543 214 5628 152 83 69 54
leaf_count=543 214 5628 152 83 69 54
internal_value=2.27263e-05 0.000153891 -8.62893e-05 0.00319343 0.00767176 -0.000266867
internal_weight=6743 6529 5986 358 152 206
internal_count=6743 6529 5986 358 152 206
is_linear=0
shrinkage=0.01


Tree=447
num_leaves=7
num_cat=0
split_feature=13 6 14 7 16 0
split_gain=32.5984 40.6318 66.1843 48.8096 47.5874 47.416
threshold=69.488673062273008 1.1739004292757063 2.2110839337315658 1.0000000180025095e-35 3.1239067679088719 1.0526664850764222
decision_type=2 2 2 2 2 2
left_child=1 3 4 -1 5 -3
right_child=-2 2 -4 -5 -6 -7
leaf_value=0.00021819727235785705 -0.0037266426263158794 0.0024550511238390004 -0.0050251064603799023 -0.0024510022154841386 -0.0017764475010335445 0.0085729151801326193
leaf_weight=4886 214 425 102 786 146 184
leaf_count=4886 214 425 102 786 146 184
internal_value=2.27578e-05 0.000152692 0.00216973 -0.000153591 0.0032078 0.00442826
internal_weight=6743 6529 857 5672 755 609
internal_count=6743 6529 857 5672 755 609
is_linear=0
shrinkage=0.01


Tree=448
num_leaves=7
num_cat=0
split_feature=0 2 8 22 17 22
split_gain=32.2505 34.2427 108.951 86.0555 37.8011 41.3068
threshold=1.2723730332504524 0.51686425246047851 683.67465000000004 31.700000000000021 1.0000000180025095e-35 28.300000000000015
decision_type=2 2 2 10 2 8
left_child=1 2 4 -4 5 -1
right_child=-2 -3 3 -5 -6 -7
leaf_value=-0.0012911235790889603 0.0037546955952166175 -0.00066832409743396116 0.018379006234348797 0.002003458664677609 -0.00045126174840685168 0.0041632732735254249
leaf_weight=196 214 4066 51 77 1720 419
leaf_count=196 214 4066 51 77 1720 419
internal_value=2.24749e-05 -0.000103881 0.00082281 0.00945957 0.000306776 0.00241612
internal_weight=6743 6529 2463 128 2335 615
internal_count=6743 6529 2463 128 2335 615
is_linear=0
shrinkage=0.01


Tree=449
num_leaves=7
num_cat=0
split_feature=13 10 18 25 24 6
split_gain=31.9514 48.9503 54.0358 37.0102 43.4197 52.7677
threshold=69.488673062273008 0.021234974916484069 332.55000000000007 -1.4999999999999714 1.8000000000000116 1.3351907181405489
decision_type=2 2 8 10 10 2
left_child=1 2 3 -1 5 -5
right_child=-2 -3 -4 4 -6 -7
leaf_value=-0.0003940286006238022 -0.003689353875348128 -0.00015660505150429365 -0.0060352209966574146 0.0041433761256856232 0.0014615765386261047 0.01409236470847551
leaf_weight=183 214 5796 57 186 230 77
leaf_count=183 214 5796 57 186 230 77
internal_value=2.26335e-05 0.000151286 0.00256865 0.00338611 0.0047891 0.00750233
internal_weight=6743 6529 733 676 493 263
internal_count=6743 6529 733 676 493 263
is_linear=0
shrinkage=0.01


Tree=450
num_leaves=7
num_cat=0
split_feature=21 23 14 8 8 13
split_gain=31.6963 44.1262 71.2155 139.543 53.8412 129.026
threshold=281.37248889193683 15.963333333333482 1.1157806618353567 1697.5800000000002 15.090300000000001 17.877604077128598
decision_type=8 8 2 2 2 2
left_child=-1 2 3 -2 -3 -6
right_child=1 4 -4 -5 5 -7
leaf_value=-0.0029467520328058348 0.0015174127968453608 -0.0025528011816716564 -0.0019152121966959446 0.015448422670116027 -0.00064744937049191712 0.0056650357743370629
leaf_weight=331 2015 954 575 65 2440 363
leaf_count=331 2015 954 575 65 2440 363
internal_value=2.25171e-05 0.000181704 0.00116735 0.00202937 -0.000513431 0.000183721
internal_weight=6743 6412 2655 2080 3757 2803
internal_count=6743 6412 2655 2080 3757 2803
is_linear=0
shrinkage=0.01


Tree=451
num_leaves=7
num_cat=0
split_feature=21 19 14 17 9 21
split_gain=31.0881 43.9097 34.1611 30.4323 61.8745 48.7372
threshold=281.37248889193683 153.3066666666667 2.6816638682833962 1.0000000180025095e-35 0.0065647925518864574 291.38998596466104
decision_type=8 8 2 2 2 10
left_child=-1 -2 3 4 -3 -6
right_child=1 2 -4 -5 5 -7
leaf_value=-0.0029181486299900538 0.0074524224199576114 0.00071014815772076165 -0.0019844133794665506 -0.00032599304037795511 0.011163878292328556 0.00049927171062806564
leaf_weight=331 72 2406 698 3063 96 77
leaf_count=331 72 2406 698 3063 96 77
internal_value=2.24781e-05 0.000180144 8.43755e-05 0.000345143 0.00114427 0.00675851
internal_weight=6743 6412 6340 5642 2579 173
internal_count=6743 6412 6340 5642 2579 173
is_linear=0
shrinkage=0.01


Tree=452
num_leaves=7
num_cat=0
split_feature=1 21 19 2 9 3
split_gain=31.3782 34.5782 38.657 33.4927 35.0124 67.1392
threshold=0.88802305583806751 281.37248889193683 153.3066666666667 0.29215137611234859 0.0069745960986368205 0.014891923727038044
decision_type=2 10 8 2 2 2
left_child=-1 -2 -3 -4 -5 -6
right_child=1 2 3 4 5 -7
leaf_value=-0.0019774032578846051 -0.0029040542437948802 0.0080539965240115467 0.0027063281842086276 -0.00010333758834440641 -0.00087728999811011697 0.0087397646197385978
leaf_weight=692 317 56 534 4868 154 122
leaf_count=692 317 56 534 4868 154 122
internal_value=2.24694e-05 0.000255712 0.00043689 0.00034598 9.42361e-05 0.00349571
internal_weight=6743 6051 5734 5678 5144 276
internal_count=6743 6051 5734 5678 5144 276
is_linear=0
shrinkage=0.01


Tree=453
num_leaves=7
num_cat=0
split_feature=13 10 18 2 7 1
split_gain=31.6378 47.0682 52.7942 38.1077 36.6862 38.8756
threshold=69.488673062273008 0.021234974916484069 332.55000000000007 0.29215137611234859 1.0000000180025095e-35 1.043160096093547
decision_type=2 2 8 2 2 2
left_child=1 2 -1 4 5 -3
right_child=-2 3 -4 -5 -6 -7
leaf_value=0.0033291979360668415 -0.0036713015889608871 -0.00069895269474872055 -0.0059822629447748412 -0.00040805151868282134 -0.0018350026914037317 0.006091556956723497
leaf_weight=676 214 116 57 5280 139 261
leaf_count=676 214 116 57 5280 139 261
internal_value=2.24171e-05 0.000150444 0.00252089 -0.000151441 0.00241317 0.00401226
internal_weight=6743 6529 733 5796 516 377
internal_count=6743 6529 733 5796 516 377
is_linear=0
shrinkage=0.01


Tree=454
num_leaves=7
num_cat=0
split_feature=13 10 18 21 15 22
split_gain=31.0345 46.1134 51.8547 38.0142 74.3382 48.5962
threshold=69.488673062273008 0.021234974916484069 332.55000000000007 294.14591132580227 0.49219421081883602 28.600000000000026
decision_type=2 2 8 10 2 10
left_child=1 2 3 4 -1 -6
right_child=-2 -3 -4 -5 5 -7
leaf_value=0.01376374008527524 -0.0036362275595976309 -0.00014988916175299484 -0.0059313690795827273 -0.0038203397846740222 -6.791591511681577e-05 0.0057599010337552013
leaf_weight=61 214 5796 57 59 292 264
leaf_count=61 214 5796 57 59 292 264
internal_value=2.20867e-05 0.000148901 0.00249519 0.00329639 0.00404295 0.00273446
internal_weight=6743 6529 733 676 617 556
internal_count=6743 6529 733 676 617 556
is_linear=0
shrinkage=0.01


Tree=455
num_leaves=7
num_cat=0
split_feature=0 16 2 8 21 23
split_gain=30.6274 40.3145 32.727 105.617 85.1701 38.9448
threshold=1.2519505216138527 0.74691187563582562 0.51686425246047851 683.67465000000004 292.96457434775522 9.6216666666667265
decision_type=2 2 2 2 10 10
left_child=2 -2 3 5 -5 -1
right_child=1 -3 -4 4 -6 -7
leaf_value=-0.003049997112931985 0.010496213177759801 0.0010047147814330709 -0.00065958535807708683 0.015234448403035375 -0.0007803052489956221 0.00078884098373969286
leaf_weight=293 52 181 4052 78 50 2037
leaf_count=293 52 181 4052 78 50 2037
internal_value=2.18942e-05 0.00350891 -0.000106567 0.000800009 0.00930299 0.000290858
internal_weight=6743 233 6510 2458 128 2330
internal_count=6743 233 6510 2458 128 2330
is_linear=0
shrinkage=0.01


Tree=456
num_leaves=7
num_cat=0
split_feature=13 10 24 18 21 18
split_gain=30.4238 44.9982 52.3659 94.2018 65.5478 59.1357
threshold=69.488673062273008 0.021234974916484069 -1.9999999999999714 319.4500000000001 294.14591132580227 301.35000000000008
decision_type=2 2 10 8 10 10
left_child=1 2 3 -1 5 -4
right_child=-2 -3 4 -5 -6 -7
leaf_value=0.0020256197943910956 -0.0036001074167143089 -0.00014754468365703725 0.0034318862226706392 -0.011480826976780708 -0.0038802417076359958 0.01228502271251164
leaf_weight=240 214 5796 263 55 68 107
leaf_count=240 214 5796 263 55 68 107
internal_value=2.20164e-05 0.000147591 0.00246534 -0.000753603 0.00462409 0.00627435
internal_weight=6743 6529 733 295 438 370
internal_count=6743 6529 733 295 438 370
is_linear=0
shrinkage=0.01


Tree=457
num_leaves=7
num_cat=0
split_feature=1 21 23 15 8 21
split_gain=30.3129 33.6479 38.2847 63.4321 101.752 65.2703
threshold=0.88802305583806751 281.37248889193683 15.963333333333482 1.2825475867947307 1697.5800000000002 289.17355869081115
decision_type=2 10 8 2 2 10
left_child=-1 -2 3 4 -3 -5
right_child=1 2 -4 5 -6 -7
leaf_value=-0.0019438588590949225 -0.0028659043502310346 0.0025794474653230283 -0.00027477855419861272 -0.001378684735390113 0.01561156398324824 0.0025549474216830137
leaf_weight=692 317 694 3279 980 57 724
leaf_count=692 317 694 3279 980 57 724
internal_value=2.17463e-05 0.000251022 0.000429769 0.00137215 0.00377386 0.000291968
internal_weight=6743 6051 5734 2455 751 1704
internal_count=6743 6051 5734 2455 751 1704
is_linear=0
shrinkage=0.01


Tree=458
num_leaves=7
num_cat=0
split_feature=2 17 16 19 21 5
split_gain=29.6829 65.9976 66.3394 47.9638 92.8865 57.2007
threshold=0.66305655650227602 1.0000000180025095e-35 6.7356785747550196 185.49500000000009 285.00590595819961 0.11609817789258285
decision_type=2 2 2 10 10 2
left_child=1 2 3 -1 -5 -6
right_child=-2 -3 -4 4 5 -7
leaf_value=0.0098339062279167895 -0.00082698909153295188 -0.00036864344060914502 -0.0041980046932682553 -0.0043389710990217444 0.0074756550586094171 0.0020885612501268403
leaf_weight=86 2545 2749 134 167 262 800
leaf_count=86 2545 2749 134 167 262 800
internal_value=2.17108e-05 0.000539346 0.00225953 0.00295183 0.00238669 0.00348425
internal_weight=6743 4198 1449 1315 1229 1062
internal_count=6743 4198 1449 1315 1229 1062
is_linear=0
shrinkage=0.01


Tree=459
num_leaves=7
num_cat=0
split_feature=13 10 24 19 8 24
split_gain=30.0224 43.474 51.2448 52.485 48.6372 46.8495
threshold=69.488673062273008 0.021234974916484069 -1.9999999999999714 248.00833333333313 14.066550000000001 1.8000000000000116
decision_type=2 2 10 8 2 10
left_child=1 2 3 -1 -4 -6
right_child=-2 -3 4 -5 5 -7
leaf_value=0.0035653005542888028 -0.0035765363488878522 -0.00014370647509965573 -0.0029086111201659633 -0.0046060349290331683 0.009873256668730011 0.0025718856247311291
leaf_weight=138 214 5796 66 157 162 210
leaf_count=138 214 5796 66 157 162 210
internal_value=2.16072e-05 0.000146361 0.00242452 -0.000759159 0.00456018 0.00595292
internal_weight=6743 6529 733 295 438 372
internal_count=6743 6529 733 295 438 372
is_linear=0
shrinkage=0.01


Tree=460
num_leaves=7
num_cat=0
split_feature=0 2 8 21 24 23
split_gain=29.6545 31.5998 102.617 83.1496 43.0592 68.2126
threshold=1.2723730332504524 0.51686425246047851 683.67465000000004 290.21500000000009 3.2000000000000175 9.8841666666667027
decision_type=2 2 2 10 8 10
left_child=1 2 4 -4 5 -1
right_child=-2 -3 3 -5 -6 -7
leaf_value=-0.0027684139886175363 0.0036003412183656892 -0.00064194741509405811 0.017551870805909857 0.0015770225874370053 -0.0015172881405087451 0.0023999026101664154
leaf_weight=314 214 4066 54 74 833 1188
leaf_count=314 214 4066 54 74 833 1188
internal_value=2.14322e-05 -9.96704e-05 0.00079047 0.00917239 0.000289571 0.00130166
internal_weight=6743 6529 2463 128 2335 1502
internal_count=6743 6529 2463 128 2335 1502
is_linear=0
shrinkage=0.01


Tree=461
num_leaves=7
num_cat=0
split_feature=1 7 9 0 16 21
split_gain=29.3678 32.781 98.9917 46.8396 39.521 42.1883
threshold=0.88802305583806751 1.0000000180025095e-35 0.0071163421494433035 0.98193751457940792 7.0273498724759662 282.73884993495784
decision_type=2 2 2 2 2 10
left_child=-1 4 3 -3 5 -2
right_child=1 2 -4 -5 -6 -7
leaf_value=-0.0019131788258103155 -0.0023520330490310335 -0.0012252584142170701 0.0077452134327438563 -0.0067957301385411367 -0.0016879509236826116 0.0011860739176096085
leaf_weight=692 356 614 93 196 669 4123
leaf_count=692 356 614 93 196 669 4123
internal_value=2.1517e-05 0.000247213 -0.00149696 -0.00265181 0.000557402 0.000898017
internal_weight=6743 6051 903 810 5148 4479
internal_count=6743 6051 903 810 5148 4479
is_linear=0
shrinkage=0.01


Tree=462
num_leaves=7
num_cat=0
split_feature=13 10 18 16 21 15
split_gain=29.6206 42.2673 49.5956 36.8328 36.3951 71.6192
threshold=69.488673062273008 0.021234974916484069 332.55000000000007 0.67530357215401604 294.14591132580227 0.49219421081883602
decision_type=2 2 8 2 10 2
left_child=1 2 4 -2 5 -1
right_child=3 -3 -4 -5 -6 -7
leaf_value=0.013445946445137682 -0.0084573077031789897 -0.00014089716047973987 -0.0058465883107994918 -0.0001133817137981003 -0.0037834477138476096 0.0026235719325099893
leaf_weight=61 81 5796 57 133 59 556
leaf_count=61 81 5796 57 133 59 556
internal_value=2.11679e-05 0.000145095 0.00239142 -0.00355281 0.00317572 0.00390686
internal_weight=6743 6529 733 214 676 617
internal_count=6743 6529 733 214 676 617
is_linear=0
shrinkage=0.01


Tree=463
num_leaves=7
num_cat=0
split_feature=13 2 0 13 16 1
split_gain=29.1 37.7287 37.5593 36.5659 36.1742 29.6642
threshold=69.488673062273008 0.29215137611234859 1.2723730332504524 17.877604077128598 0.67530357215401604 1.043160096093547
decision_type=2 2 2 2 2 2
left_child=1 5 -3 -4 -2 -1
right_child=4 2 3 -5 -6 -7
leaf_value=-0.0010072264236823459 -0.0083820283656510022 -0.00024036709581402353 0.00093558728860150423 0.0097826847025792897 -0.00011232718467139281 0.0040772600600872174
leaf_weight=152 81 5778 145 63 133 391
leaf_count=152 81 5778 145 63 133 391
internal_value=2.08634e-05 0.00014371 -8.54057e-05 0.00398694 -0.00352155 0.00264342
internal_weight=6743 6529 5986 208 214 543
internal_count=6743 6529 5986 208 214 543
is_linear=0
shrinkage=0.01


Tree=464
num_leaves=7
num_cat=0
split_feature=1 21 23 14 8 8
split_gain=28.6638 32.2962 36.6931 72.8095 118.95 61.848
threshold=0.88802305583806751 281.37248889193683 15.963333333333482 1.1157806618353567 1697.5800000000002 15.090300000000001
decision_type=2 10 8 2 2 2
left_child=-1 -2 3 4 -3 -4
right_child=1 2 5 -5 -6 -7
leaf_value=-0.0018906495879875049 -0.0028099125010795918 0.0017591329862116369 -0.0025196696288002684 -0.0019085650944500015 0.015372789857992486 0.00056078891094755816
leaf_weight=692 317 1869 883 529 57 2396
leaf_count=692 317 1869 883 529 57 2396
internal_value=2.07e-05 0.000243693 0.000418848 0.00134145 0.00224452 -0.000270844
internal_weight=6743 6051 5734 2455 1926 3279
internal_count=6743 6051 5734 2455 1926 3279
is_linear=0
shrinkage=0.01


Tree=465
num_leaves=7
num_cat=0
split_feature=13 10 24 18 21 18
split_gain=28.6672 41.0523 50.1026 90.3817 62.6699 58.2148
threshold=69.488673062273008 0.021234974916484069 -1.9999999999999714 319.4500000000001 294.14591132580227 301.35000000000008
decision_type=2 2 10 8 10 10
left_child=1 2 3 -1 5 -4
right_child=-2 -3 4 -5 -6 -7
leaf_value=0.0019327720188722015 -0.0034953713625769261 -0.00013929691278090803 0.0032700911566833435 -0.011296580623692045 -0.0038418721675108642 0.012040875321970537
leaf_weight=240 214 5796 263 55 68 107
leaf_count=240 214 5796 263 55 68 107
internal_value=2.05902e-05 0.000142531 0.00235635 -0.000790442 0.00446842 0.00608294
internal_weight=6743 6529 733 295 438 370
internal_count=6743 6529 733 295 438 370
is_linear=0
shrinkage=0.01


Tree=466
num_leaves=7
num_cat=0
split_feature=2 8 23 13 23 15
split_gain=28.2494 101.707 83.3645 55.6957 66.8964 55.2585
threshold=0.66305655650227602 353.03220000000005 16.298333333333364 0.2897988112382342 15.121666666666703 3.0230702224510506
decision_type=2 2 10 2 8 2
left_child=1 -1 3 -3 -5 -4
right_child=-2 2 5 4 -6 -7
leaf_value=-0.00011299370036565384 -0.00080758361507305353 0.015785803864580682 -0.0018335913964106468 0.0020880031404854026 0.013834122814347639 0.0086709420844202946
leaf_weight=3596 2545 62 233 196 58 53
leaf_count=3596 2545 62 233 196 58 53
internal_value=2.0332e-05 0.000525351 0.00429434 0.00775284 0.00523049 0.000306441
internal_weight=6743 4198 602 316 254 286
internal_count=6743 4198 602 316 254 286
is_linear=0
shrinkage=0.01


Tree=467
num_leaves=7
num_cat=0
split_feature=13 15 1 23 8 13
split_gain=28.0947 37.6934 57.9883 47.0184 79.5878 42.5654
threshold=69.488673062273008 0.46939228966590196 2.0595408195729914 12.654166666666685 1697.5800000000002 41.858766462703876
decision_type=2 2 2 8 2 2
left_child=1 2 3 4 -1 -3
right_child=-2 5 -4 -5 -6 -7
leaf_value=0.00097599561115399613 -0.0034599683361427325 -0.00041662425538370213 0.011436125435790076 -9.7826523449160707e-05 0.013002062133479729 0.0029715056565282677
leaf_weight=175 214 5181 51 660 73 389
leaf_count=175 214 5181 51 660 73 389
internal_value=2.06859e-05 0.000141417 0.00196263 0.00130086 0.00492144 -0.000173309
internal_weight=6743 6529 959 908 248 5570
internal_count=6743 6529 959 908 248 5570
is_linear=0
shrinkage=0.01


Tree=468
num_leaves=7
num_cat=0
split_feature=21 19 2 0 16 16
split_gain=28.0661 39.7316 32.0884 31.8271 35.3773 25.5053
threshold=281.37248889193683 153.3066666666667 0.29609949564028709 1.2723730332504524 3.9572668644050748 1.1744117025297849
decision_type=8 8 2 2 2 2
left_child=-1 -2 5 -4 -5 -3
right_child=1 2 3 4 -6 -7
leaf_value=-0.002773124905681385 0.0070884264191817042 0.0032446018084204991 -0.00029134096015221897 0.0098331826031208044 0.000761768226665969 -0.0020668387983564861
leaf_weight=331 72 484 5559 55 141 101
leaf_count=331 72 484 5559 55 141 101
internal_value=2.08405e-05 0.000170721 7.95465e-05 -0.000147146 0.00370963 0.00229145
internal_weight=6743 6412 6340 5755 196 585
internal_count=6743 6412 6340 5755 196 585
is_linear=0
shrinkage=0.01


Tree=469
num_leaves=7
num_cat=0
split_feature=7 6 16 2 3 0
split_gain=28.0629 60.0202 40.6017 38.0973 45.9894 37.2476
threshold=1.0000000180025095e-35 1.6996518539720642 3.4365617454661987 0.33357726690579381 0.06813467860740817 0.93562139328216709
decision_type=2 2 2 2 2 2
left_child=3 5 -3 4 -1 -2
right_child=1 2 -4 -5 -6 -7
leaf_value=0 -0.0011056236263886773 0.010253053174718568 -0.0012097331322729588 2.5784004816896446e-06 0.0052586594115273779 -0.0056748287710734861
leaf_weight=345 731 59 50 5012 313 233
leaf_count=345 731 59 50 5012 313 233
internal_value=2.0866e-05 -0.00145279 0.00525106 0.000303571 0.00254691 -0.0022672
internal_weight=6743 1073 109 5670 658 964
internal_count=6743 1073 109 5670 658 964
is_linear=0
shrinkage=0.01


Tree=470
num_leaves=7
num_cat=0
split_feature=13 10 24 21 16 2
split_gain=27.6846 39.5213 49.0227 61.2379 35.6416 34.2954
threshold=69.488673062273008 0.021234974916484069 -1.9999999999999714 294.14591132580227 0.67530357215401604 0.29215137611234859
decision_type=2 2 10 10 2 2
left_child=1 2 -1 -4 -2 -3
right_child=4 5 3 -5 -6 -7
leaf_value=-0.00079923516037095277 -0.0082580696275601027 0.0022969681128661218 0.0059984077473514176 -0.0038107836342010743 -5.4666128113761653e-05 -0.00037941616862731018
leaf_weight=295 81 516 370 68 133 5280
leaf_count=295 81 516 370 68 133 5280
internal_value=2.07581e-05 0.000140615 0.00231277 0.00440213 -0.00343438 -0.000135878
internal_weight=6743 6529 733 438 214 5796
internal_count=6743 6529 733 438 214 5796
is_linear=0
shrinkage=0.01


Tree=471
num_leaves=7
num_cat=0
split_feature=1 7 9 0 2 25
split_gain=27.6302 31.904 95.3163 46.0713 37.9606 37.8553
threshold=0.88802305583806751 1.0000000180025095e-35 0.0071163421494433035 0.98193751457940792 0.32675681895125713 -1.6999999999999884
decision_type=2 2 2 2 2 8
left_child=-1 4 3 -3 5 -2
right_child=1 2 -4 -5 -6 -7
leaf_value=-0.0018561227084502334 -0.0024750655882612425 -0.0011999086441005018 0.0075874253116927828 -0.0067241097507473912 0.00023448918604204749 0.004087292771974233
leaf_weight=692 98 614 93 196 4569 481
leaf_count=692 98 614 93 196 4569 481
internal_value=2.04171e-05 0.000239379 -0.00148128 -0.00261452 0.000545421 0.00293642
internal_weight=6743 6051 903 810 5148 579
internal_count=6743 6051 903 810 5148 579
is_linear=0
shrinkage=0.01


Tree=472
num_leaves=7
num_cat=0
split_feature=0 16 2 19 24 23
split_gain=27.4758 37.6859 29.2728 62.3823 42.6414 45.8875
threshold=1.2519505216138527 0.74691187563582562 0.51686425246047851 178.19666666666589 4.6000000000000236 10.999166666666666
decision_type=2 2 2 8 8 10
left_child=2 -2 3 -1 5 -5
right_child=1 -3 -4 4 -6 -7
leaf_value=0.0093396493092906194 0.01007685874739001 0.00090430308177248035 -0.00062450723505588052 -0.0017386714335331085 -0.001675269734748302 0.0021545811805371521
leaf_weight=72 52 181 4052 379 664 1343
leaf_count=72 52 181 4052 379 664 1343
internal_value=2.01782e-05 0.00332299 -0.000101415 0.000755885 0.000454789 0.00128684
internal_weight=6743 233 6510 2458 2386 1722
internal_count=6743 233 6510 2458 2386 1722
is_linear=0
shrinkage=0.01


Tree=473
num_leaves=7
num_cat=0
split_feature=13 10 14 4 22 7
split_gain=27.4064 38.5645 57.9241 70.1377 51.9469 39.8581
threshold=69.488673062273008 0.019468567683450278 0.79906939789846632 0.1756458525304864 29.200000000000021 1.0000000180025095e-35
decision_type=2 2 2 2 10 2
left_child=1 2 3 -1 -4 -3
right_child=-2 5 4 -5 -6 -7
leaf_value=0.0024183128939373145 -0.0034174850721111791 0.00026151659491601131 -0.0078039861805047151 0.012948871127499097 0.002015822156216018 -0.0019495735505453066
leaf_weight=262 214 5005 71 78 150 963
leaf_count=262 214 5005 71 78 150 963
internal_value=2.02494e-05 0.000139511 0.00262293 0.00516366 -0.00129693 -9.62578e-05
internal_weight=6743 6529 561 340 221 5968
internal_count=6743 6529 561 340 221 5968
is_linear=0
shrinkage=0.01


Tree=474
num_leaves=7
num_cat=0
split_feature=21 19 14 13 13 14
split_gain=27.3355 38.696 30.1634 31.7057 70.2028 105.196
threshold=281.37248889193683 153.3066666666667 2.6816638682833962 55.669639344324075 38.164115140502453 0.46918281386346855
decision_type=8 8 2 2 2 2
left_child=-1 -2 3 4 -3 -6
right_child=1 2 -4 -5 5 -7
leaf_value=-0.002737228140734065 0.0069950179618260841 0.00025533239318584455 -0.0018657999513572968 -0.0020674938462160218 0.00040092905837239005 0.012214205912398952
leaf_weight=331 72 4838 698 494 194 116
leaf_count=331 72 4838 698 494 194 116
internal_value=2.01132e-05 0.00016805 7.80516e-05 0.00032318 0.000558091 0.00509619
internal_weight=6743 6412 6340 5642 5148 310
internal_count=6743 6412 6340 5642 5148 310
is_linear=0
shrinkage=0.01


Tree=475
num_leaves=7
num_cat=0
split_feature=21 19 14 13 13 14
split_gain=26.8114 38.0187 29.5762 31.0921 68.9269 103.261
threshold=281.37248889193683 153.3066666666667 2.6816638682833962 55.669639344324075 38.164115140502453 0.46918281386346855
decision_type=8 8 2 2 2 2
left_child=-1 -2 3 4 -3 -6
right_child=1 2 -4 -5 5 -7
leaf_value=-0.0027106585365595827 0.0069335983786731961 0.00025278434442151424 -0.0018474054821915886 -0.0020472291408712784 0.00039711624995677493 0.012101757669422245
leaf_weight=331 72 4838 698 494 194 116
leaf_count=331 72 4838 698 494 194 116
internal_value=2.01075e-05 0.000166633 7.74118e-05 0.000320157 0.000552798 0.00504948
internal_weight=6743 6412 6340 5642 5148 310
internal_count=6743 6412 6340 5642 5148 310
is_linear=0
shrinkage=0.01


Tree=476
num_leaves=7
num_cat=0
split_feature=0 10 11 20 8 14
split_gain=26.7136 28.2034 24.2673 29.6168 38.0301 48.2673
threshold=1.2519505216138527 0.017332036676623436 0.047623304218267402 0.016746465958057712 24.653250000000003 0.12628109640036736
decision_type=2 2 2 2 2 2
left_child=2 -2 3 4 -1 -6
right_child=1 -3 -4 -5 5 -7
leaf_value=-0.0015159321158855429 0.0087178527607002128 0.0010039660977402135 -0.0030876517638933651 0.0015272780321854299 0.0037687293859069698 -8.9539918723200907e-05
leaf_weight=1692 59 174 251 1075 351 3141
leaf_count=1692 59 174 251 1075 351 3141
internal_value=2.01001e-05 0.0032768 -9.97739e-05 2.31857e-05 -0.000289131 0.000305075
internal_weight=6743 233 6510 6259 5184 3492
internal_count=6743 233 6510 6259 5184 3492
is_linear=0
shrinkage=0.01


Tree=477
num_leaves=7
num_cat=0
split_feature=7 21 4 1 20 1
split_gain=26.4712 50.98 61.3287 36.472 48.7266 38.21
threshold=1.0000000180025095e-35 291.46912166436579 0.22463223862457379 1.043160096093547 0.01599244711026793 1.4753420904935914
decision_type=2 10 2 2 2 2
left_child=3 2 -2 -1 5 -5
right_child=1 -3 -4 4 -6 -7
leaf_value=-0.0010753833926890077 -0.00048373018158599736 -0.0029196848508552965 0.0094015706041827799 -0.00049816635687270963 0.0032727363915484799 0.0016223344653967737
leaf_weight=1435 280 723 70 2236 645 1354
leaf_count=1435 280 723 70 2236 645 1354
internal_value=2.00519e-05 -0.00141116 0.00167179 0.000294665 0.000762691 0.000301106
internal_weight=6743 1073 350 5670 4235 3590
internal_count=6743 1073 350 5670 4235 3590
is_linear=0
shrinkage=0.01


Tree=478
num_leaves=7
num_cat=0
split_feature=21 23 15 15 21 18
split_gain=26.4189 37.2208 51.7203 57.6992 56.944 57.2351
threshold=281.37248889193683 15.963333333333482 1.2825475867947307 0.047109071547776056 288.97132444058144 320.25000000000006
decision_type=8 8 2 2 10 10
left_child=-1 2 3 -2 5 -4
right_child=1 -3 4 -5 -6 -7
leaf_value=-0.0026907323747142726 -0.0014921073039012593 -0.00047285941112604663 -0.00014112456681312472 0.0046195676306918804 0.0020992196043882754 -0.0057787591366805771
leaf_weight=331 196 3757 801 623 811 224
leaf_count=331 196 3757 801 623 811 224
internal_value=1.99598e-05 0.00016542 0.00107077 0.00314453 0.000128265 -0.00142675
internal_weight=6743 6412 2655 819 1836 1025
internal_count=6743 6412 2655 819 1836 1025
is_linear=0
shrinkage=0.01


Tree=479
num_leaves=7
num_cat=0
split_feature=13 10 18 21 18 7
split_gain=26.2214 36.4898 54.3252 65.7366 60.1113 38.4484
threshold=69.488673062273008 0.019468567683450278 320.25000000000006 288.83091505305532 309.55000000000007 1.0000000180025095e-35
decision_type=2 2 8 10 10 2
left_child=1 2 4 -4 -1 -3
right_child=-2 5 3 -5 -6 -7
leaf_value=0.0023771057351224937 -0.0033429100437518044 0.00025839348032430804 -0.010768378733642279 0.0039167628128875479 0.012372654093102224 -0.0019132440597801395
leaf_weight=394 214 5005 52 51 64 963
leaf_count=394 214 5005 52 51 64 963
internal_value=1.96439e-05 0.000136331 0.00255203 -0.00370546 0.00402976 -9.29647e-05
internal_weight=6743 6529 561 103 458 5968
internal_count=6743 6529 561 103 458 5968
is_linear=0
shrinkage=0.01


Tree=480
num_leaves=7
num_cat=0
split_feature=21 19 23 8 13 12
split_gain=25.8967 46.8177 40.9635 50.1958 114.039 46.9112
threshold=282.73884993495784 246.32666666666702 15.963333333333482 15.090300000000001 17.877604077128598 1.0000000180025095e-35
decision_type=8 10 8 2 2 2
left_child=1 -1 5 -4 -5 -2
right_child=2 -3 3 4 -6 -7
leaf_value=-0.00053753595947152156 0.0020651834312937502 -0.0082041910970673988 -0.0024372341547169787 -0.00057627579060250101 0.0053581008239681691 -0.00089759719044198052
leaf_weight=374 1767 93 954 2440 363 752
leaf_count=374 1767 93 954 2440 363 752
internal_value=1.94904e-05 -0.00222525 0.000191388 -0.000467958 0.000205011 0.0011767
internal_weight=6743 467 6276 3757 2803 2519
internal_count=6743 467 6276 3757 2803 2519
is_linear=0
shrinkage=0.01


Tree=481
num_leaves=7
num_cat=0
split_feature=0 16 9 21 19 1
split_gain=25.8681 35.9846 25.6648 25.6511 37.758 26.057
threshold=1.2519505216138527 0.74691187563582562 0.0016937567398437449 281.37248889193683 153.3066666666667 0.88110771321780501
decision_type=2 2 2 8 8 2
left_child=3 -2 -3 -1 -5 -6
right_child=1 2 -4 4 5 -7
leaf_value=-0.0028333065080873533 0.0098231680835447008 0.0037675083400527678 -0.0035186223350465295 0.0070494735772770488 -0.0019478678857268727 0.00017917189426884243
leaf_weight=316 52 111 70 66 633 5495
leaf_count=316 52 111 70 66 633 5495
internal_value=1.91588e-05 0.00322393 0.000860622 -9.87785e-05 4.34594e-05 -4.17298e-05
internal_weight=6743 233 181 6510 6194 6128
internal_count=6743 233 181 6510 6194 6128
is_linear=0
shrinkage=0.01


Tree=482
num_leaves=7
num_cat=0
split_feature=13 15 6 23 15 13
split_gain=25.9097 35.5961 63.1614 40.3222 67.4696 38.69
threshold=69.488673062273008 0.46939228966590196 1.3317014928892028 13.399166666666686 0.36466965826878145 41.858766462703876
decision_type=2 2 2 10 2 2
left_child=1 2 3 4 -1 -3
right_child=-2 5 -4 -5 -6 -7
leaf_value=0.00099927701313579499 -0.0033233494737734356 -0.00040268372840721609 0.011226221054915669 -0.00021290230240668455 0.011785494058776427 0.0028274270038197474
leaf_weight=197 214 5181 58 629 75 389
leaf_count=197 214 5181 58 629 75 389
internal_value=1.91526e-05 0.000135153 0.00190501 0.00117736 0.00432134 -0.000170643
internal_weight=6743 6529 959 901 272 5570
internal_count=6743 6529 959 901 272 5570
is_linear=0
shrinkage=0.01


Tree=483
num_leaves=7
num_cat=0
split_feature=2 8 23 13 23 1
split_gain=25.5359 96.8455 78.8669 51.8105 65.7953 50.1338
threshold=0.66305655650227602 353.03220000000005 16.298333333333364 0.2897988112382342 15.121666666666703 2.0830140682167868
decision_type=2 2 10 2 8 2
left_child=1 5 3 -3 -5 -1
right_child=-2 2 -4 4 -6 -7
leaf_value=-0.00037567147179412509 -0.0007677735949244757 0.015296785597779996 0.00029757738893700612 0.0019908722225142625 0.01363219980205245 0.0054183226928879056
leaf_weight=3450 2545 62 286 196 58 146
leaf_count=3450 2545 62 286 196 58 146
internal_value=1.93002e-05 0.000499524 0.00417739 0.00754134 0.00510269 -0.000123285
internal_weight=6743 4198 602 316 254 3596
internal_count=6743 4198 602 316 254 3596
is_linear=0
shrinkage=0.01


Tree=484
num_leaves=7
num_cat=0
split_feature=13 2 0 13 1 7
split_gain=25.4323 33.8978 33.1458 32.5562 28.5307 25.2062
threshold=69.488673062273008 0.29215137611234859 1.2723730332504524 17.877604077128598 1.043160096093547 1.0000000180025095e-35
decision_type=2 2 2 2 2 2
left_child=1 4 -3 -4 -1 -6
right_child=-2 2 3 -5 5 -7
leaf_value=-0.0010719822234485621 -0.0032918826591464626 -0.00022815118973601851 0.00086122771743084151 0.0092119290159173202 0.0054724554448456189 -2.5727199543206417e-05
leaf_weight=152 214 5778 145 63 279 112
leaf_count=152 214 5778 145 63 279 112
internal_value=1.96624e-05 0.000134602 -8.24847e-05 0.00374294 0.00250405 0.00391122
internal_weight=6743 6529 5986 208 543 391
internal_count=6743 6529 5986 208 543 391
is_linear=0
shrinkage=0.01


Tree=485
num_leaves=7
num_cat=0
split_feature=21 19 23 14 8 8
split_gain=25.3561 45.8947 39.2947 51.2065 108.32 49.1786
threshold=282.73884993495784 246.32666666666702 15.963333333333482 1.1157806618353567 1697.5800000000002 15.090300000000001
decision_type=8 10 8 2 2 2
left_child=1 -1 3 4 -2 -4
right_child=2 -3 5 -5 -6 -7
leaf_value=-0.00053034855218356822 0.0014522066264871982 -0.0081213095521066089 -0.0024052947881850798 -0.0015533541885689429 0.014523890948021841 0.00021003691287165978
leaf_weight=374 1926 93 954 537 56 2803
leaf_count=374 1926 93 954 537 56 2803
internal_value=1.9598e-05 -0.00220157 0.000189706 0.00115475 0.00189761 -0.000456031
internal_weight=6743 467 6276 2519 1982 3757
internal_count=6743 467 6276 2519 1982 3757
is_linear=0
shrinkage=0.01


Tree=486
num_leaves=7
num_cat=0
split_feature=7 6 16 0 15 2
split_gain=25.2349 54.8931 38.3854 36.9871 34.9461 34.5433
threshold=1.0000000180025095e-35 1.6996518539720642 1.9134844569363731 0.93562139328216709 1.3180889115993872 0.33357726690579381
decision_type=2 2 2 2 2 2
left_child=5 3 -3 -2 -5 -1
right_child=1 2 -4 4 -6 -7
leaf_value=0.0024237123443982089 -0.0010016180041630082 0.010403554503406798 -0.00070640645018129635 -0.0010270232758645354 -0.0089033822442003835 8.8317031285579779e-07
leaf_weight=658 731 53 56 106 127 5012
leaf_count=658 731 53 56 106 127 5012
internal_value=1.94253e-05 -0.00137793 0.00503194 -0.00215718 -0.00555102 0.000287584
internal_weight=6743 1073 109 964 233 5670
internal_count=6743 1073 109 964 233 5670
is_linear=0
shrinkage=0.01


Tree=487
num_leaves=7
num_cat=0
split_feature=13 16 10 18 21 18
split_gain=25.1499 35.0371 34.2142 52.5579 63.877 59.1974
threshold=69.488673062273008 0.67530357215401604 0.019468567683450278 320.25000000000006 288.83091505305532 309.55000000000007
decision_type=2 2 2 8 10 10
left_child=2 -2 3 5 -5 -1
right_child=1 -3 -4 4 -6 -7
leaf_value=0.0022889590827692855 -0.0080551725449705767 0 -8.8453712426252976e-05 -0.01064155655462415 0.0038347972349309528 0.01220305715435864
leaf_weight=394 81 133 5968 52 51 64
leaf_count=394 81 133 5968 52 51 64
internal_value=1.92191e-05 -0.00327388 0.000133527 0.0024727 -0.00368012 0.00392685
internal_weight=6743 214 6529 561 103 458
internal_count=6743 214 6529 561 103 458
is_linear=0
shrinkage=0.01


Tree=488
num_leaves=7
num_cat=0
split_feature=11 2 13 13 14 15
split_gain=25.2424 32.6615 26.3267 66.8566 75.2042 45.5715
threshold=0.044000351720168605 0.23598864587856774 55.669639344324075 38.164115140502453 0.46918281386346855 1.983349228281988
decision_type=2 2 2 2 2 2
left_child=1 -1 3 5 -5 -3
right_child=-2 2 -4 4 -6 -7
leaf_value=0.0034000467783427682 -0.0025188418309915355 0.001083287232092866 -0.0022777548254635286 0.00012689226829550333 0.010035560076626449 -0.00080586025108415481
leaf_weight=288 360 2089 455 170 133 3248
leaf_count=288 360 2089 455 170 133 3248
internal_value=1.90048e-05 0.000167419 7.71448e-06 0.000197567 0.00468986 -6.38999e-05
internal_weight=6743 6383 6095 5640 303 5337
internal_count=6743 6383 6095 5640 303 5337
is_linear=0
shrinkage=0.01


Tree=489
num_leaves=7
num_cat=0
split_feature=7 9 1 20 1 25
split_gain=24.8929 77.7381 34.0416 47.0698 35.4684 41.3946
threshold=1.0000000180025095e-35 0.008965750995440034 1.043160096093547 0.01599244711026793 1.4753420904935914 2.5000000000000289
decision_type=2 2 2 2 2 8
left_child=2 -2 -1 4 -4 -6
right_child=1 -3 3 -5 5 -7
leaf_value=-0.0010382198492723887 -0.0020357510988878681 0.0092344592391298361 -0.00048610322562251919 0.0032044497956539579 -0.00044633886508911976 0.003057287616059196
leaf_weight=1435 1018 55 2236 645 580 774
leaf_count=1435 1018 55 2236 645 580 774
internal_value=1.89487e-05 -0.00136889 0.000285294 0.000737503 0.000283829 0.00155687
internal_weight=6743 1073 5670 4235 3590 1354
internal_count=6743 1073 5670 4235 3590 1354
is_linear=0
shrinkage=0.01


Tree=490
num_leaves=7
num_cat=0
split_feature=21 19 1 9 7 21
split_gain=24.852 34.7401 32.31 53.8106 46.6332 35.0689
threshold=281.37248889193683 153.3066666666667 1.188344594594595 0.0097402452888510262 1.0000000180025095e-35 291.46912166436579
decision_type=8 8 2 2 2 10
left_child=-1 -2 -3 4 -4 -6
right_child=1 2 3 -5 5 -7
leaf_value=-0.0026101311169360489 0.0066287079639732842 -0.00071771555460814615 0.0010481593829054017 0.0087315092748031023 0.0013037459030657865 -0.0037743640594828974
leaf_weight=331 72 2828 2859 72 198 383
leaf_count=331 72 2828 2859 72 198 383
internal_value=1.88997e-05 0.000160026 7.46662e-05 0.000715789 0.000520297 -0.00203409
internal_weight=6743 6412 6340 3512 3440 581
internal_count=6743 6412 6340 3512 3440 581
is_linear=0
shrinkage=0.01


Tree=491
num_leaves=7
num_cat=0
split_feature=13 15 4 23 15 13
split_gain=24.5889 33.681 60.6193 38.2856 64.3511 36.3268
threshold=69.488673062273008 0.46939228966590196 0.13981670633971377 13.399166666666686 0.36466965826878145 41.858766462703876
decision_type=2 2 2 10 2 2
left_child=1 2 3 4 -1 -3
right_child=-2 5 -4 -5 -6 -7
leaf_value=0.00095955433022536804 -0.003237280320775296 -0.00039039602109617217 0.010985166047740838 -0.00021365383631551235 0.011493761041146869 0.0027394663625137702
leaf_weight=197 214 5181 58 629 75 389
leaf_count=197 214 5181 58 629 75 389
internal_value=1.88678e-05 0.000131911 0.00185352 0.00114058 0.00420425 -0.000165502
internal_weight=6743 6529 959 901 272 5570
internal_count=6743 6529 959 901 272 5570
is_linear=0
shrinkage=0.01


Tree=492
num_leaves=7
num_cat=0
split_feature=21 19 23 8 6 16
split_gain=24.6118 44.99 37.513 47.8042 58.6297 65.1012
threshold=282.73884993495784 200.40999999999977 15.963333333333482 15.090300000000001 1.0356919014682917 3.1239067679088719
decision_type=8 10 8 2 2 2
left_child=1 -1 -2 -4 -5 -6
right_child=2 -3 3 4 5 -7
leaf_value=0.00015225715378689911 0.0011295578650006187 -0.0061692227797890556 -0.0023661298697685855 -0.00047906312214793771 0.0053141946788896255 -0.002454711514649292
leaf_weight=300 2519 167 954 2281 382 140
leaf_count=300 2519 167 954 2281 382 140
internal_value=1.90099e-05 -0.00216929 0.000186625 -0.000444259 0.00021238 0.00320481
internal_weight=6743 467 6276 3757 2803 522
internal_count=6743 467 6276 3757 2803 522
is_linear=0
shrinkage=0.01


Tree=493
num_leaves=7
num_cat=0
split_feature=11 20 8 14 19 23
split_gain=24.4483 29.2123 40.8766 52.6561 47.8339 44.0283
threshold=0.044000351720168605 0.016884725634308706 24.653250000000003 0.12628109640036736 284.05666666666679 11.649166666666696
decision_type=2 2 2 2 10 10
left_child=1 2 -1 4 5 -4
right_child=-2 -3 3 -5 -6 -7
leaf_value=-0.0013866961246373505 -0.0024788614486444846 0.0017513231966134811 0.010937722591653225 6.3868700195061727e-05 -0.0003422302798420753 0.0018609188768570707
leaf_weight=1729 360 973 114 3310 149 108
leaf_count=1729 360 973 114 3310 149 108
internal_value=1.8718e-05 0.000164802 -0.000121397 0.000472364 0.00399331 0.00683563
internal_weight=6743 6383 5410 3681 371 222
internal_count=6743 6383 5410 3681 371 222
is_linear=0
shrinkage=0.01


Tree=494
num_leaves=7
num_cat=0
split_feature=21 19 23 14 8 8
split_gain=24.3832 44.3086 36.5297 49.5493 103.458 46.5956
threshold=282.73884993495784 246.32666666666702 15.963333333333482 1.1157806618353567 1697.5800000000002 15.090300000000001
decision_type=8 10 8 2 2 2
left_child=1 -1 3 4 -2 -4
right_child=2 -3 5 -5 -6 -7
leaf_value=-0.00051696765732534315 0.0014115056105301169 -0.0079760215807597613 -0.0023344480086018534 -0.0015476384252340446 0.014186685492820813 0.0002112318715864472
leaf_weight=374 1926 93 954 537 56 2803
leaf_count=374 1926 93 954 537 56 2803
internal_value=1.86849e-05 -0.00215943 0.000185527 0.00111603 0.00184689 -0.000437009
internal_weight=6743 467 6276 2519 1982 3757
internal_count=6743 467 6276 2519 1982 3757
is_linear=0
shrinkage=0.01


Tree=495
num_leaves=7
num_cat=0
split_feature=11 21 19 23 8 5
split_gain=24.0095 23.4431 42.3375 32.377 49.0888 65.6538
threshold=0.047623304218267402 282.73884993495784 246.32666666666702 15.963333333333482 15.090300000000001 0.1210321806496671
decision_type=2 8 8 8 2 2
left_child=1 2 -1 -3 -5 -6
right_child=-2 3 -4 4 5 -7
leaf_value=-0.00038825433223881322 -0.0029536831338905062 0.0011881116893375904 -0.007717599599101746 -0.0022656491175065559 0.0047364275178920431 -0.00017090125303497274
leaf_weight=367 251 2463 92 928 298 2344
leaf_count=367 251 2463 92 928 298 2344
internal_value=1.85193e-05 0.000139337 -0.00201187 0.000307718 -0.000298509 0.000394615
internal_weight=6743 6492 459 6033 3570 2642
internal_count=6743 6492 459 6033 3570 2642
is_linear=0
shrinkage=0.01


Tree=496
num_leaves=7
num_cat=0
split_feature=13 16 15 1 23 8
split_gain=24.2579 34.321 32.4629 51.6543 40.7092 69.7329
threshold=69.488673062273008 0.67530357215401604 0.46939228966590196 2.0595408195729914 12.654166666666685 1697.5800000000002
decision_type=2 2 2 2 8 2
left_child=2 -2 3 4 5 -1
right_child=1 -3 -4 -5 -6 -7
leaf_value=0.00087070371090462815 -0.0079482128099118785 0 -0.00016150209497209941 0.010761780941584071 -0.00010447381023984793 0.012128497018108527
leaf_weight=175 81 133 5570 51 660 73
leaf_count=175 81 133 5570 51 660 73
internal_value=1.81628e-05 -0.00321599 0.000130453 0.00182066 0.0011958 0.0045649
internal_weight=6743 214 6529 959 908 248
internal_count=6743 214 6529 959 908 248
is_linear=0
shrinkage=0.01


Tree=497
num_leaves=7
num_cat=0
split_feature=7 9 0 15 4 2
split_gain=24.1354 75.3018 36.9859 48.6095 39.8401 32.8544
threshold=1.0000000180025095e-35 0.008965750995440034 0.92823341721164543 1.3180889115993872 0.002302729062963397 0.33357726690579381
decision_type=2 2 2 2 2 2
left_child=5 2 -2 4 -4 -1
right_child=1 -3 3 -5 -6 -7
leaf_value=0.0023637395238986208 -0.00074233721242750422 0.0090871117693873543 -0.0058983055343393423 -0.0080630845655366851 0.0049499402190313528 8.3338903297611956e-07
leaf_weight=658 722 55 51 179 66 5012
leaf_count=658 722 55 51 179 66 5012
internal_value=1.82009e-05 -0.00134834 -0.00200478 -0.00492655 5.03844e-05 0.000280486
internal_weight=6743 1073 1018 296 117 5670
internal_count=6743 1073 1018 296 117 5670
is_linear=0
shrinkage=0.01


Tree=498
num_leaves=7
num_cat=0
split_feature=0 24 3 2 8 22
split_gain=23.9916 30.4632 39.0964 26.0268 90.709 72.75
threshold=1.2723730332504524 -0.89999999999997715 0.53410852713178303 0.51686425246047851 683.67465000000004 31.700000000000021
decision_type=2 10 2 2 2 10
left_child=3 -2 -3 4 -1 -6
right_child=1 2 -4 -5 5 -7
leaf_value=0.00024586666403286187 -0.00098834541443662311 0.012230749966912582 0.00098627929518252258 -0.00058299773018822599 0.016796914652051007 0.0017451459143696161
leaf_weight=2335 92 51 71 4066 51 77
leaf_count=2335 92 51 71 4066 51 77
internal_value=1.8044e-05 0.00323729 0.00633306 -9.07328e-05 0.000716942 0.00859739
internal_weight=6743 214 122 6529 2463 128
internal_count=6743 214 122 6529 2463 128
is_linear=0
shrinkage=0.01


Tree=499
num_leaves=7
num_cat=0
split_feature=13 10 14 2 2 5
split_gain=23.97 31.7345 60.5527 50.0446 27.6979 24.9465
threshold=69.488673062273008 0.016004421638187955 1.1038142993863636 0.66626495528451246 0.29215137611234859 0.20869616417799558
decision_type=2 2 2 2 2 2
left_child=1 2 3 -1 -3 -2
right_child=5 4 -4 -5 -6 -7
leaf_value=0.012647228884229134 -0.0056327003466130109 0.0021387703580534145 -0.0022955585538986184 0.00067992098981866961 -0.00021183433295091786 0.0011721936475228647
leaf_weight=76 137 539 95 64 5755 77
leaf_count=76 137 539 95 64 5755 77
internal_value=1.83439e-05 0.000129974 0.00366099 0.00765317 -5.87563e-06 -0.00319655
internal_weight=6743 6529 235 140 6294 214
internal_count=6743 6529 235 140 6294 214
is_linear=0
shrinkage=0.01


Tree=500
num_leaves=7
num_cat=0
split_feature=1 16 13 15 4 23
split_gain=23.6203 27.5993 27.2392 40.1046 48.1049 42.9408
threshold=0.88802305583806751 10.619077735791935 69.11656232045253 0.46939228966590196 0.13981670633971377 12.654166666666685
decision_type=2 2 2 2 2 10
left_child=-1 2 3 4 5 -2
right_child=1 -3 -4 -5 -6 -7
leaf_value=-0.001716629974557315 0.0055531759325775625 -0.002982512545239195 -0.0032766011894934557 0.00013904929750282004 0.010910263946425403 0.00029323908497099822
leaf_weight=692 208 247 188 4795 54 559
leaf_count=692 208 247 188 4795 54 559
internal_value=1.82863e-05 0.000220848 0.000363789 0.000493038 0.0025219 0.00178564
internal_weight=6743 6051 5804 5616 821 767
internal_count=6743 6051 5804 5616 821 767
is_linear=0
shrinkage=0.01


Tree=501
num_leaves=7
num_cat=0
split_feature=21 1 2 24 13 6
split_gain=23.8464 31.6732 33.4317 44.8461 44.5593 38.4148
threshold=281.37248889193683 1.188344594594595 0.45274769274890087 5.2000000000000179 1.124460628904701 2.0876962900332665
decision_type=8 2 2 10 2 2
left_child=-1 -2 3 4 -3 -4
right_child=1 2 5 -5 -6 -7
leaf_value=-0.0025570223607598122 -0.00062655075565349954 0.0090357652031458346 3.4855493391512119e-05 -0.0016350905733614615 0.0023856137623453981 0.0076517675899188311
leaf_weight=331 2848 120 2642 195 549 58
leaf_count=331 2848 120 2642 195 549 58
internal_value=1.82355e-05 0.000156507 0.000785051 0.00248629 0.0037087 0.0002298
internal_weight=6743 6412 3564 864 669 2700
internal_count=6743 6412 3564 864 669 2700
is_linear=0
shrinkage=0.01


Tree=502
num_leaves=7
num_cat=0
split_feature=7 6 0 1 20 1
split_gain=23.895 51.0191 36.8356 31.4121 45.2461 33.2694
threshold=1.0000000180025095e-35 1.6996518539720642 0.93562139328216709 1.043160096093547 0.01599244711026793 1.4753420904935914
decision_type=2 2 2 2 2 2
left_child=3 2 -2 -1 5 -5
right_child=1 -3 -4 4 -6 -7
leaf_value=-0.00099200386834255539 -0.00094077472530233741 0.004837371986388706 -0.0054786751338054621 -0.00047670918791888669 0.0031323312724609899 0.0015018944818676037
leaf_weight=1435 731 109 233 2236 645 1354
leaf_count=1435 731 109 233 2236 645 1354
internal_value=1.82647e-05 -0.00134144 -0.00209285 0.000279248 0.00071368 0.00026886
internal_weight=6743 1073 964 5670 4235 3590
internal_count=6743 1073 964 5670 4235 3590
is_linear=0
shrinkage=0.01


Tree=503
num_leaves=7
num_cat=0
split_feature=7 6 0 15 19 12
split_gain=23.4249 50.0768 36.133 32.7867 31.9947 59.6088
threshold=1.0000000180025095e-35 1.6996518539720642 0.93562139328216709 1.3180889115993872 275.14166666666767 0.0023971633962816502
decision_type=2 2 2 2 10 2
left_child=4 2 -2 -4 5 -1
right_child=1 -3 3 -5 -6 -7
leaf_value=0.00066406869443942282 -0.00093149393570506305 0.0047930633207634403 -0.001035711807118536 -0.0086745268788977255 0.00098231263242454562 -0.0023954750305390021
leaf_weight=1632 731 109 106 127 3010 1028
leaf_count=1632 731 109 106 127 3010 1028
internal_value=1.80759e-05 -0.00132818 -0.00207268 -0.00542614 0.000276493 -0.000519139
internal_weight=6743 1073 964 233 5670 2660
internal_count=6743 1073 964 233 5670 2660
is_linear=0
shrinkage=0.01


Tree=504
num_leaves=7
num_cat=0
split_feature=21 23 8 6 16 12
split_gain=23.267 33.7629 44.7341 56.0158 62.9967 42.8319
threshold=282.73884993495784 15.963333333333482 15.090300000000001 1.0356919014682917 3.1239067679088719 1.0000000180025095e-35
decision_type=8 8 2 2 2 2
left_child=-1 5 -3 -4 -5 -2
right_child=1 2 3 4 -6 -7
leaf_value=-0.0021098732965362829 0.0019246242905337496 -0.0022768629096939687 -0.00045836055653784299 0.0052176353498362008 -0.002423793718467156 -0.00090604414900011948
leaf_weight=467 1767 954 2281 382 140 752
leaf_count=467 1767 954 2281 382 140 752
internal_value=1.77678e-05 0.000180782 -0.000417642 0.000217433 0.00314238 0.00107539
internal_weight=6743 6276 3757 2803 522 2519
internal_count=6743 6276 3757 2803 522 2519
is_linear=0
shrinkage=0.01


Tree=505
num_leaves=7
num_cat=0
split_feature=0 16 2 24 1 0
split_gain=23.073 33.4792 24.3687 50.7227 37.0774 28.5751
threshold=1.2519505216138527 0.74691187563582562 0.51686425246047851 3.2000000000000175 1.4753420904935914 1.1074712685774857
decision_type=2 2 2 8 2 2
left_child=2 -2 3 4 -1 -6
right_child=1 -3 -4 -5 5 -7
leaf_value=0.00098003631584896839 0.0094079918774866295 0.00076682083152663648 -0.00057116704879887816 -0.0011835951915545912 0.0061356416839903607 -0.0016151576936550317
leaf_weight=1245 52 181 4052 902 260 51
leaf_count=1245 52 181 4052 902 260 51
internal_value=1.75156e-05 0.00304427 -9.37845e-05 0.000688252 0.00178036 0.00482274
internal_weight=6743 233 6510 2458 1556 311
internal_count=6743 233 6510 2458 1556 311
is_linear=0
shrinkage=0.01


Tree=506
num_leaves=7
num_cat=0
split_feature=13 13 17 15 21 19
split_gain=23.7627 59.3099 61.0076 50.2931 49.7335 44.4071
threshold=55.669639344324075 38.164115140502453 1.0000000180025095e-35 1.983349228281988 285.89331560309216 217.1949999999992
decision_type=2 2 2 2 10 8
left_child=1 3 4 5 -3 -1
right_child=-2 2 -4 -5 -6 -7
leaf_value=0.0043076819223884693 -0.0020454874727332474 -7.9570615573996506e-05 -0.00034139827729174585 -0.00077645832720215973 0.011203975292724851 0.00049808161157283485
leaf_weight=357 505 52 155 3627 127 1920
leaf_count=357 505 52 155 3627 127 1920
internal_value=1.75466e-05 0.000189167 0.00422582 -4.42614e-05 0.00804239 0.00111597
internal_weight=6743 6238 334 5904 179 2277
internal_count=6743 6238 334 5904 179 2277
is_linear=0
shrinkage=0.01


Tree=507
num_leaves=7
num_cat=0
split_feature=21 19 1 2 24 8
split_gain=22.985 43.0572 32.1825 31.8905 44.667 39.4848
threshold=282.73884993495784 246.32666666666702 1.188344594594595 0.45274769274890087 5.2000000000000179 397.72350000000006
decision_type=8 10 2 2 10 2
left_child=1 -1 -2 4 5 -4
right_child=2 -3 3 -5 -6 -7
leaf_value=-0.00047866002387308981 -0.00061504969812383392 -0.0078305046822541181 0.0027076452525778161 0.00027225177045499119 -0.0015964616779465138 0.010051375225688634
leaf_weight=374 2800 93 570 2632 195 79
leaf_count=374 2800 93 570 2632 195 79
internal_value=1.75306e-05 -0.00209716 0.000179563 0.000822439 0.0025032 0.0037557
internal_weight=6743 467 6276 3476 844 649
internal_count=6743 467 6276 3476 844 649
is_linear=0
shrinkage=0.01


Tree=508
num_leaves=7
num_cat=0
split_feature=13 13 14 19 15 16
split_gain=23.3298 58.0889 77.4762 53.9224 49.1321 48.79
threshold=55.669639344324075 38.164115140502453 0.46918281386346855 249.88166666666646 1.983349228281988 0.0053569966141446008
decision_type=2 2 2 10 2 2
left_child=1 4 -3 -4 5 -1
right_child=-2 2 3 -5 -6 -7
leaf_value=-0.0034396420106309177 -0.0020267798004726186 5.3468916986065995e-05 0.0012071297790796037 0.014317674263210227 -0.00076728597812545719 0.0015693859544450098
leaf_weight=204 505 198 53 83 3627 2073
leaf_count=204 505 198 53 83 3627 2073
internal_value=1.73628e-05 0.000187427 0.00418231 0.00970954 -4.35698e-05 0.00110317
internal_weight=6743 6238 334 136 5904 2277
internal_count=6743 6238 334 136 5904 2277
is_linear=0
shrinkage=0.01


Tree=509
num_leaves=7
num_cat=0
split_feature=7 9 0 21 19 22
split_gain=23.0202 72.4926 36.9632 32.7452 31.5622 65.374
threshold=1.0000000180025095e-35 0.008965750995440034 0.80572152912550832 291.13815330471596 275.14166666666767 25.900000000000038
decision_type=2 2 2 10 10 8
left_child=4 2 -2 -4 5 -1
right_child=1 -3 3 -5 -6 -7
leaf_value=0.0020544560280483671 0.00022590011303846757 0.0089211385433490466 -0.00032210256162749972 -0.0053161572646349669 0.00097458437247554901 -0.0014654405763377058
leaf_weight=711 435 55 208 375 3010 1949
leaf_count=711 435 55 208 375 3010 1949
internal_value=1.73508e-05 -0.00131721 -0.00196149 -0.00358674 0.00027354 -0.00051668
internal_weight=6743 1073 1018 583 5670 2660
internal_count=6743 1073 1018 583 5670 2660
is_linear=0
shrinkage=0.01


Tree=510
num_leaves=7
num_cat=0
split_feature=21 19 18 1 2 7
split_gain=22.8128 42.4333 38.8128 31.4737 31.442 40.5553
threshold=282.73884993495784 200.40999999999977 161.25000000000003 1.188344594594595 0.23598864587856774 1.0000000180025095e-35
decision_type=8 10 10 2 2 2
left_child=1 2 -1 -2 -5 -6
right_child=3 -3 -4 4 5 -7
leaf_value=-0.0027083622697228324 -0.00060710742433836204 -0.0059743373439315774 0.0043713429216153295 0.0065351564607563171 0.0011459454190482299 -0.0017494164432326565
leaf_weight=179 2800 167 121 84 2820 572
leaf_count=179 2800 167 121 84 2820 572
internal_value=1.72524e-05 -0.0020895 0.00016376 0.000178682 0.000814449 0.000651048
internal_weight=6743 467 300 6276 3476 3392
internal_count=6743 467 300 6276 3476 3392
is_linear=0
shrinkage=0.01


Tree=511
num_leaves=7
num_cat=0
split_feature=11 7 9 2 25 18
split_gain=22.6758 25.1199 72.5363 36.9292 38.2154 31.3104
threshold=0.047623304218267402 1.0000000180025095e-35 0.008965750995440034 0.33317455934021406 0.10000000000002275 260.4500000000001
decision_type=2 2 2 2 10 10
left_child=1 3 -3 4 -1 -5
right_child=-2 2 -4 5 -6 -7
leaf_value=-0.0015524749726033473 -0.0028713697939932747 -0.0019232523485504885 0.0092156400639683972 -0.00080664318319226757 0.0041608435913734546 0.00081262428031681421
leaf_weight=148 251 992 52 2083 451 2766
leaf_count=148 251 992 52 2083 451 2766
internal_value=1.70653e-05 0.000134523 -0.00127678 0.000408648 0.00273047 0.000114744
internal_weight=6743 6492 1044 5448 599 4849
internal_count=6743 6492 1044 5448 599 4849
is_linear=0
shrinkage=0.01


Tree=512
num_leaves=7
num_cat=0
split_feature=11 2 19 7 18 22
split_gain=22.2778 29.2194 36.2762 27.5577 34.609 70.0515
threshold=0.044000351720168605 0.23598864587856774 250.58166666666676 1.0000000180025095e-35 260.4500000000001 25.900000000000038
decision_type=2 2 8 2 10 8
left_child=1 2 -1 4 5 -3
right_child=-2 3 -4 -5 -6 -7
leaf_value=0.009205625708165922 -0.0023671027873453962 0.0024495804473552681 0.0010696154164856878 -0.0015505316306966685 0.00099883019248790997 -0.0016816720722058502
leaf_weight=66 360 535 222 948 2968 1644
leaf_count=66 360 535 222 948 2968 1644
internal_value=1.69692e-05 0.000156487 0.00321402 5.34689e-06 0.000296306 -0.000656219
internal_weight=6743 6383 288 6095 5147 2179
internal_count=6743 6383 288 6095 5147 2179
is_linear=0
shrinkage=0.01


Tree=513
num_leaves=7
num_cat=0
split_feature=13 10 14 2 7 9
split_gain=23.295 29.6338 58.6876 48.6564 30.4693 63.6836
threshold=69.488673062273008 0.016004421638187955 1.1038142993863636 0.66626495528451246 1.0000000180025095e-35 0.0080083416934318159
decision_type=2 2 2 2 2 2
left_child=1 2 3 -1 -3 -6
right_child=-2 4 -4 -5 5 -7
leaf_value=0.012394219326006985 -0.0031523657662078869 0.0002985692123457735 -0.0023197241959915984 0.00060476770825885432 -0.0022108446387040809 0.0083190114078585242
leaf_weight=76 214 5287 95 64 956 51
leaf_count=76 214 5287 95 64 956 51
internal_value=1.69198e-05 0.00012699 0.00353912 0.00747104 -4.23463e-06 -0.00159117
internal_weight=6743 6529 235 140 6294 1007
internal_count=6743 6529 235 140 6294 1007
is_linear=0
shrinkage=0.01


Tree=514
num_leaves=7
num_cat=0
split_feature=13 13 17 23 15 22
split_gain=22.9972 56.1111 59.1856 59.9036 47.7954 53.0934
threshold=55.669639344324075 38.164115140502453 1.0000000180025095e-35 11.986666666666622 1.983349228281988 26.700000000000021
decision_type=2 2 2 10 2 8
left_child=1 4 3 -3 5 -1
right_child=-2 2 -4 -5 -6 -7
leaf_value=0.0040441226521109978 -0.0020125521570263268 -0.00063445126408567798 -0.0003829871187776779 0.011485016806078937 -0.00075501870328753258 0.00029581205823483347
leaf_weight=471 505 55 155 124 3627 1806
leaf_count=471 505 55 155 124 3627 1806
internal_value=1.6957e-05 0.000185815 0.00411209 0.00787171 -4.11879e-05 0.00108982
internal_weight=6743 6238 334 179 5904 2277
internal_count=6743 6238 334 179 5904 2277
is_linear=0
shrinkage=0.01


Tree=515
num_leaves=7
num_cat=0
split_feature=21 19 23 12 13 1
split_gain=22.6727 41.9119 31.0749 40.5872 88.3253 54.1322
threshold=282.73884993495784 246.32666666666702 15.963333333333482 1.0000000180025095e-35 0.2897988112382342 2.6021974192551074
decision_type=8 8 8 2 2 2
left_child=1 -1 3 4 -2 -6
right_child=2 -3 -4 -5 5 -7
leaf_value=-0.00048568413030200953 0.0089407005309133057 -0.007740276608959709 -0.00039615548105139309 -0.00089237428414691892 0.00075721781200337808 0.010032463238546343
leaf_weight=374 151 93 3757 752 1560 56
leaf_count=374 151 93 3757 752 1560 56
internal_value=1.69361e-05 -0.00208334 0.000177875 0.00103616 0.00186293 0.00114451
internal_weight=6743 467 6276 2519 1767 1616
internal_count=6743 467 6276 2519 1767 1616
is_linear=0
shrinkage=0.01


Tree=516
num_leaves=7
num_cat=0
split_feature=13 2 10 14 4 22
split_gain=22.698 29.0737 27.9474 43.2208 57.5031 40.3349
threshold=69.488673062273008 0.29215137611234859 0.019468567683450278 0.79906939789846632 0.1756458525304864 29.200000000000021
decision_type=2 2 2 2 2 10
left_child=1 -1 3 4 -3 -5
right_child=-2 2 -4 5 -6 -7
leaf_value=0.0023199698365096401 -0.0031115008661540093 0.0018241812095920493 -0.00029343502349022207 -0.0071394115218397563 0.011593764182628996 0.001620878946597282
leaf_weight=543 214 252 5446 69 73 146
leaf_count=543 214 252 5446 69 73 146
internal_value=1.68884e-05 0.000125558 -7.53702e-05 0.00207102 0.00432901 -0.00133847
internal_weight=6743 6529 5986 540 325 215
internal_count=6743 6529 5986 540 325 215
is_linear=0
shrinkage=0.01


Tree=517
num_leaves=7
num_cat=0
split_feature=0 16 9 21 19 14
split_gain=22.5527 32.059 24.3176 22.4063 32.7843 106.458
threshold=1.2519505216138527 0.74691187563582562 0.0016937567398437449 281.37248889193683 220.32333333333347 0.086016241073786109
decision_type=2 2 2 8 8 2
left_child=3 -2 -3 -1 5 -5
right_child=1 2 -4 4 -6 -7
leaf_value=-0.0026489512015282651 0.0092378775895603244 0.0036112659563087234 -0.0034807211291044949 0.0099929723691414389 -0.00023819787366532164 0.00026105665051619767
leaf_weight=316 52 111 70 126 5403 665
leaf_count=316 52 111 70 126 5403 665
internal_value=1.68204e-05 0.00300928 0.000777516 -9.32003e-05 3.96345e-05 0.00192916
internal_weight=6743 233 181 6510 6194 791
internal_count=6743 233 181 6510 6194 791
is_linear=0
shrinkage=0.01


Tree=518
num_leaves=7
num_cat=0
split_feature=11 7 6 2 25 15
split_gain=21.7665 23.7891 46.7114 35.526 37.391 34.6081
threshold=0.047623304218267402 1.0000000180025095e-35 1.6996518539720642 0.33317455934021406 0.10000000000002275 0.36466965826878145
decision_type=2 2 2 2 10 2
left_child=1 3 -3 4 -1 -6
right_child=-2 2 -4 -5 5 -7
leaf_value=-0.0015590439672593639 -0.0028129921238369869 -0.0019818509986030343 0.0046594695806378081 0.00011050589128841983 -0.00063987693949487084 0.0056385571533947125
leaf_weight=148 251 935 109 4849 111 340
leaf_count=148 251 935 109 4849 111 340
internal_value=1.69e-05 0.000132008 -0.00124134 0.000398807 0.00267609 0.00409126
internal_weight=6743 6492 1044 5448 599 451
internal_count=6743 6492 1044 5448 599 451
is_linear=0
shrinkage=0.01


Tree=519
num_leaves=7
num_cat=0
split_feature=13 13 14 19 2 19
split_gain=22.512 54.4309 75.7235 52.275 46.4573 58.2134
threshold=55.669639344324075 38.164115140502453 0.46918281386346855 249.88166666666646 0.51686425246047851 178.19666666666589
decision_type=2 2 2 10 2 8
left_child=1 4 -3 -4 5 -1
right_child=-2 2 3 -5 -6 -7
leaf_value=0.0094087045760937477 -0.0019912151914560101 0 0.0011489051154681615 0.014051213410522749 -0.00067733045717083013 0.00082922503846645751
leaf_weight=73 505 198 53 83 3898 1933
leaf_count=73 505 198 53 83 3898 1933
internal_value=1.67519e-05 0.000183835 0.00405088 0.00951468 -3.97194e-05 0.00119152
internal_weight=6743 6238 334 136 5904 2006
internal_count=6743 6238 334 136 5904 2006
is_linear=0
shrinkage=0.01


Tree=520
num_leaves=7
num_cat=0
split_feature=13 13 17 23 15 22
split_gain=22.081 53.4704 57.5703 58.2887 45.9346 51.3613
threshold=55.669639344324075 38.164115140502453 1.0000000180025095e-35 11.986666666666622 1.983349228281988 26.700000000000021
decision_type=2 2 2 10 2 8
left_child=1 4 3 -3 5 -1
right_child=-2 2 -4 -5 -6 -7
leaf_value=0.003975334818046075 -0.0019716897078617974 -0.00065969653214471282 -0.0004152875978951201 0.011288311364434993 -0.00073896039726604025 0.0002885833450510102
leaf_weight=471 505 55 155 124 3627 1806
leaf_count=471 505 55 155 124 3627 1806
internal_value=1.69429e-05 0.000182432 0.00401521 0.00772356 -3.91267e-05 0.00106961
internal_weight=6743 6238 334 179 5904 2277
internal_count=6743 6238 334 179 5904 2277
is_linear=0
shrinkage=0.01


Tree=521
num_leaves=7
num_cat=0
split_feature=0 16 20 11 16 1
split_gain=21.9881 31.342 20.0236 39.0703 29.6143 25.3859
threshold=1.2519505216138527 0.74691187563582562 0.0069743967105340169 0.011639478312664913 0.0053569966141446008 0.92703022936327906
decision_type=2 2 2 2 2 2
left_child=2 -2 -1 -4 -5 -6
right_child=1 -3 3 4 5 -7
leaf_value=-0.0008392119830319773 0.0091302835845178173 0.00076462151687494752 0.0077845123593789948 -0.0027640854446187662 -0.0014612251368152829 0.0007801282131679406
leaf_weight=2308 52 181 59 303 586 3254
leaf_count=2308 52 181 59 303 586 3254
internal_value=1.69181e-05 0.00297169 -9.16982e-05 0.000317526 0.000190294 0.000432584
internal_weight=6743 233 6510 4202 4143 3840
internal_count=6743 233 6510 4202 4143 3840
is_linear=0
shrinkage=0.01


Tree=522
num_leaves=7
num_cat=0
split_feature=21 19 1 9 7 5
split_gain=22.1739 41.1199 29.5225 47.5049 48.4735 41.3427
threshold=282.73884993495784 246.32666666666702 1.188344594594595 0.0097402452888510262 1.0000000180025095e-35 0.085015104805657507
decision_type=8 8 2 2 2 2
left_child=1 -1 -2 4 -4 -6
right_child=2 -3 3 -5 5 -7
leaf_value=-0.00047743372379045469 -0.00058485473745539405 -0.0076633076328169372 0.0011420238309642573 0.0083257432995227781 0.0049182320960331708 -0.0030319888531874996
leaf_weight=374 2800 93 2837 72 65 502
leaf_count=374 2800 93 2837 72 65 502
internal_value=1.69473e-05 -0.00206007 0.000176122 0.000791894 0.000605692 -0.00203381
internal_weight=6743 467 6276 3476 3404 567
internal_count=6743 467 6276 3476 3404 567
is_linear=0
shrinkage=0.01


Tree=523
num_leaves=7
num_cat=0
split_feature=13 16 15 6 21 18
split_gain=21.87 33.4748 27.8078 52.8463 31.4049 82.5993
threshold=69.488673062273008 0.67530357215401604 0.46939228966590196 1.3317014928892028 286.4309981405035 287.55000000000007
decision_type=2 2 2 2 10 10
left_child=2 -2 3 -1 5 -4
right_child=1 -3 4 -5 -6 -7
leaf_value=0.0010219577232296001 -0.0077289744063055365 6.4662832415083069e-05 0 0.01021369532613522 0.00019943393119913351 -0.0064680292548412437
leaf_weight=901 81 133 719 58 4590 261
leaf_count=901 81 133 719 58 4590 261
internal_value=1.67871e-05 -0.00305397 0.000123483 0.00168786 -0.00014661 -0.00176311
internal_weight=6743 214 6529 959 5570 980
internal_count=6743 214 6529 959 5570 980
is_linear=0
shrinkage=0.01


Tree=524
num_leaves=7
num_cat=0
split_feature=21 19 1 9 7 5
split_gain=21.5785 29.9688 25.6985 48.4751 39.9139 39.0361
threshold=281.37248889193683 153.3066666666667 1.188344594594595 0.0097402452888510262 1.0000000180025095e-35 0.085015104805657507
decision_type=8 8 2 2 2 2
left_child=-1 -2 -3 4 -4 -6
right_child=1 2 3 -5 5 -7
leaf_value=-0.0024330605126376597 0.0061563721580839741 -0.00063766579520596568 0.00094378715300602709 0.008248196099316929 0.0048551412771145504 -0.0028546254092937217
leaf_weight=331 72 2828 2859 72 65 516
leaf_count=331 72 2828 2859 72 65 516
internal_value=1.6605e-05 0.00014821 6.88165e-05 0.000640738 0.000455168 -0.00190761
internal_weight=6743 6412 6340 3512 3440 581
internal_count=6743 6412 6340 3512 3440 581
is_linear=0
shrinkage=0.01


Tree=525
num_leaves=7
num_cat=0
split_feature=13 13 14 19 2 8
split_gain=21.6327 51.4799 73.6173 50.9126 45.1186 72.0926
threshold=55.669639344324075 38.164115140502453 0.46918281386346855 249.88166666666646 0.51686425246047851 683.67465000000004
decision_type=2 2 2 10 2 2
left_child=1 4 -3 -4 5 -1
right_child=-2 2 3 -5 -6 -7
leaf_value=0.00064846163794067286 -0.0019516784777249959 0 0.0010815736734204823 0.013804594441492271 -0.00066528768553324755 0.0080806288133699004
leaf_weight=1875 505 198 53 83 3898 131
leaf_count=1875 505 198 53 83 3898 131
internal_value=1.66504e-05 0.000180466 0.00394122 0.00932854 -3.68998e-05 0.00117645
internal_weight=6743 6238 334 136 5904 2006
internal_count=6743 6238 334 136 5904 2006
is_linear=0
shrinkage=0.01


Tree=526
num_leaves=7
num_cat=0
split_feature=0 24 3 2 1 24
split_gain=21.5822 29.1294 36.1046 22.0645 30.8548 36.657
threshold=1.2723730332504524 -0.89999999999997715 0.53410852713178303 0.45274769274890087 1.188344594594595 5.2000000000000179
decision_type=2 10 2 2 2 10
left_child=3 -2 -3 4 -1 -6
right_child=1 2 -4 -5 5 -7
leaf_value=-0.00043047109446220464 -0.0010533030765751997 0.011768187161718235 0.00095430230468879511 -0.00044134740862996605 0.0032897151821040423 -0.0015413354867247536
leaf_weight=894 92 51 71 4765 676 194
leaf_count=894 92 51 71 4765 676 194
internal_value=1.68004e-05 0.00307018 0.00609968 -8.62926e-05 0.000864243 0.00219581
internal_weight=6743 214 122 6529 1764 870
internal_count=6743 214 122 6529 1764 870
is_linear=0
shrinkage=0.01


Tree=527
num_leaves=7
num_cat=0
split_feature=13 16 2 0 10 13
split_gain=21.3272 32.886 27.6993 28.4394 36.111 23.3029
threshold=69.488673062273008 0.67530357215401604 0.29215137611234859 1.2723730332504524 0.017332036676623436 19.544092818187696
decision_type=2 2 2 2 2 2
left_child=2 -2 5 -4 -5 -1
right_child=1 -3 3 4 -6 -7
leaf_value=0.0035588151902770883 -0.0076494902326305816 7.41828029887373e-05 -0.00020896702120936408 0.010021182602790535 0.00080855484338042264 -0.00090843581591721582
leaf_weight=387 81 133 5778 51 157 156
leaf_count=387 81 133 5778 51 157 156
internal_value=1.67886e-05 -0.0030156 0.00012217 -7.39127e-05 0.00346936 0.0022641
internal_weight=6743 214 6529 5986 208 543
internal_count=6743 214 6529 5986 208 543
is_linear=0
shrinkage=0.01


Tree=528
num_leaves=7
num_cat=0
split_feature=21 19 18 1 9 7
split_gain=21.256 40.3403 37.5553 27.9662 45.5865 46.786
threshold=282.73884993495784 200.40999999999977 161.25000000000003 1.188344594594595 0.0097402452888510262 1.0000000180025095e-35
decision_type=8 10 10 2 2 2
left_child=1 2 -1 -2 5 -5
right_child=3 -3 -4 4 -6 -7
leaf_value=-0.0026462960114367502 -0.00056801104194949075 -0.0058049176965898047 0.0043174625323189582 0.0011164493565410417 0.0081521939304543701 -0.0020035667712775991
leaf_weight=179 2800 167 121 2837 72 567
leaf_count=179 2800 167 121 2837 72 567
internal_value=1.67051e-05 -0.00201684 0.000178831 0.000172581 0.000771931 0.000589477
internal_weight=6743 467 300 6276 3476 3404
internal_count=6743 467 300 6276 3476 3404
is_linear=0
shrinkage=0.01


Tree=529
num_leaves=7
num_cat=0
split_feature=0 16 9 2 8 1
split_gain=20.8679 30.0662 23.6986 21.5934 66.7767 33.7401
threshold=1.2519505216138527 0.74691187563582562 0.0016937567398437449 0.41879032645595043 683.67465000000004 1.4753420904935914
decision_type=2 2 2 2 2 2
left_child=3 -2 -3 4 5 -1
right_child=1 2 -4 -5 -6 -7
leaf_value=-0.00016539780599740257 0.0089268181436965542 0.0035330078421422274 -0.0034680868117138741 -0.00040207854707831385 0.0091331158636603505 0.0045572043307732018
leaf_weight=1226 52 111 70 5038 84 162
leaf_count=1226 52 111 70 5038 84 162
internal_value=1.65464e-05 0.0028951 0.00073323 -8.92289e-05 0.000970257 0.000407301
internal_weight=6743 233 181 6510 1472 1388
internal_count=6743 233 181 6510 1472 1388
is_linear=0
shrinkage=0.01


Tree=530
num_leaves=7
num_cat=0
split_feature=21 19 18 23 12 23
split_gain=20.9098 39.5635 36.8534 29.0743 39.0183 36.7396
threshold=282.73884993495784 200.40999999999977 161.25000000000003 15.963333333333482 1.0000000180025095e-35 15.431666666666706
decision_type=8 8 10 8 2 10
left_child=1 2 -1 4 5 -2
right_child=3 -3 -4 -5 -6 -7
leaf_value=-0.0026242075226190821 0.0013681084255597765 -0.0057516087021278793 0.0042741803394076025 -0.00038386076368531635 -0.0008891069093441684 0.0066848942287712513
leaf_weight=179 1633 167 121 3757 752 134
leaf_count=179 1633 167 121 3757 752 134
internal_value=1.67084e-05 -0.00200019 0.000174008 0.000171321 0.00100155 0.00181228
internal_weight=6743 467 300 6276 2519 1767
internal_count=6743 467 300 6276 2519 1767
is_linear=0
shrinkage=0.01


Tree=531
num_leaves=7
num_cat=0
split_feature=13 13 14 15 16 12
split_gain=21.2621 49.7997 72.2015 43.9791 47.1573 39.3561
threshold=55.669639344324075 38.164115140502453 0.46918281386346855 1.983349228281988 0.0053569966141446008 2.9727379293480429
decision_type=2 2 2 2 2 2
left_child=1 3 -3 4 -1 -6
right_child=-2 2 -4 -5 5 -7
leaf_value=-0.0034156854963474084 -0.0019348277149504973 -5.5762737219293537e-06 0.009213257841510723 -0.0007196146715147128 0.001817852318364774 -0.0045155261655889668
leaf_weight=204 505 198 136 3627 1980 93
leaf_count=204 505 198 136 3627 1980 93
internal_value=1.65513e-05 0.00017897 0.00387784 -3.47934e-05 0.00105005 0.00150861
internal_weight=6743 6238 334 5904 2277 2073
internal_count=6743 6238 334 5904 2277 2073
is_linear=0
shrinkage=0.01


Tree=532
num_leaves=7
num_cat=0
split_feature=11 2 19 18 14 19
split_gain=20.6424 22.7205 38.2836 25.5326 20.9038 29.3182
threshold=0.047623304218267402 0.25016427365162591 250.58166666666676 305.65000000000003 0.14912527721288293 295.9500000000001
decision_type=2 2 8 10 2 10
left_child=1 2 -1 -4 -5 -6
right_child=-2 -3 3 4 5 -7
leaf_value=0.0086221908557194259 -0.0027394761998381224 -1.6334444340872818e-05 -0.0027896610353538983 -0.0020459025279075528 -0.00010823609307408332 0.008889166767854827
leaf_weight=71 251 6126 112 50 60 73
leaf_count=71 251 6126 112 50 60 73
internal_value=1.63331e-05 0.000128468 0.0025147 0.00077748 0.00304389 0.00503653
internal_weight=6743 6492 366 295 183 133
internal_count=6743 6492 366 295 183 133
is_linear=0
shrinkage=0.01


Tree=533
num_leaves=7
num_cat=0
split_feature=13 2 0 10 1 5
split_gain=20.9015 26.6096 27.6062 35.024 25.9481 24.7607
threshold=69.488673062273008 0.29215137611234859 1.2723730332504524 0.017332036676623436 1.043160096093547 0.20869616417799558
decision_type=2 2 2 2 2 2
left_child=1 4 -3 -4 -1 -2
right_child=5 2 3 -5 -6 -7
leaf_value=-0.001182330281669159 -0.0054173299074170003 -0.0002046482920625227 0.0098721671226571824 0.00079776620458878438 0.0035640568511695267 0.0013511382182792428
leaf_weight=152 137 5778 51 157 391 77
leaf_count=152 137 5778 51 157 391 77
internal_value=1.62558e-05 0.000120596 -7.15602e-05 0.0034194 0.00221998 -0.00298571
internal_weight=6743 6529 5986 208 543 214
internal_count=6743 6529 5986 208 543 214
is_linear=0
shrinkage=0.01


Tree=534
num_leaves=7
num_cat=0
split_feature=21 19 23 14 8 8
split_gain=20.6505 39.0824 28.1508 44.1095 91.628 42.4742
threshold=282.73884993495784 246.32666666666702 15.963333333333482 1.1157806618353567 1697.5800000000002 15.090300000000001
decision_type=8 10 8 2 2 2
left_child=1 -1 3 4 -2 -4
right_child=2 -3 5 -5 -6 -7
leaf_value=-0.00044513320409654024 0.0012671034562077121 -0.0074505248568156393 -0.0021882115205299857 -0.0015255364756684299 0.013288899948256034 0.00024230923143300236
leaf_weight=374 1926 93 954 537 56 2803
leaf_count=374 1926 93 954 537 56 2803
internal_value=1.62233e-05 -0.00198812 0.000169884 0.000986837 0.0016768 -0.000376379
internal_weight=6743 467 6276 2519 1982 3757
internal_count=6743 467 6276 2519 1982 3757
is_linear=0
shrinkage=0.01


Tree=535
num_leaves=7
num_cat=0
split_feature=21 1 9 7 5 14
split_gain=20.3719 24.5954 45.4558 42.7418 37.5866 31.7361
threshold=281.37248889193683 1.188344594594595 0.0097402452888510262 1.0000000180025095e-35 0.085015104805657507 0.14912527721288293
decision_type=8 2 2 2 2 2
left_child=-1 -2 3 5 -5 -3
right_child=1 2 -4 4 -6 -7
leaf_value=-0.0023640658962540331 -0.00054581098039646343 0.0032709847347192982 0.008068156867038186 0.0047148138041297593 -0.0028488835775483906 0.00052759746590955105
leaf_weight=331 2848 507 72 65 518 2402
leaf_count=331 2848 507 72 65 518 2402
internal_value=1.60787e-05 0.000143993 0.000698 0.000520578 -0.00192344 0.00101873
internal_weight=6743 6412 3564 3492 583 2909
internal_count=6743 6412 3564 3492 583 2909
is_linear=0
shrinkage=0.01


Tree=536
num_leaves=7
num_cat=0
split_feature=13 13 14 22 2 16
split_gain=20.8152 48.3546 70.9972 47.2263 42.4641 36.5794
threshold=55.669639344324075 38.164115140502453 0.46918281386346855 28.500000000000032 0.51686425246047851 0.3631629955415252
decision_type=2 2 2 10 2 2
left_child=1 4 -3 -4 -1 -2
right_child=5 2 3 -5 -6 -7
leaf_value=0.0011432440033546762 -0.0050166440681133377 -2.7872138038779107e-05 0.0012362180254422129 0.013492495357868789 -0.0006434953687079832 0.00033526364649992947
leaf_weight=2006 209 198 54 82 3898 296
leaf_count=2006 209 198 54 82 3898 296
internal_value=1.60782e-05 0.000176797 0.0038216 0.00911252 -3.38181e-05 -0.00191467
internal_weight=6743 6238 334 136 5904 505
internal_count=6743 6238 334 136 5904 505
is_linear=0
shrinkage=0.01


Tree=537
num_leaves=7
num_cat=0
split_feature=13 16 10 15 16 7
split_gain=20.4657 31.7709 25.9359 43.4677 64.8514 27.8836
threshold=69.488673062273008 0.67530357215401604 0.016004421638187955 5.4860443369576437 3.007485931388084 1.0000000180025095e-35
decision_type=2 2 2 2 2 2
left_child=2 -2 3 4 -1 -4
right_child=1 -3 5 -5 -6 -7
leaf_value=0.012137001128762625 -0.0075092274925906916 8.0775223131832128e-05 0.00028627311040348201 -0.0019015008134601436 -0.00075771831714858615 -0.001521504878383217
leaf_weight=79 81 133 5287 91 65 1007
leaf_count=79 81 133 5287 91 65 1007
internal_value=1.60732e-05 -0.00295441 0.000119335 0.00331148 0.00658029 -3.32833e-06
internal_weight=6743 214 6529 235 144 6294
internal_count=6743 214 6529 235 144 6294
is_linear=0
shrinkage=0.01


Tree=538
num_leaves=7
num_cat=0
split_feature=13 13 14 22 15 22
split_gain=20.1946 47.441 69.829 46.3568 42.0725 55.0998
threshold=55.669639344324075 38.164115140502453 0.46918281386346855 28.500000000000032 2.3647064478086457 37.10000000000003
decision_type=2 2 2 10 2 8
left_child=1 4 -3 -4 5 -1
right_child=-2 2 3 -5 -6 -7
leaf_value=0.0014895237903580628 -0.0018858268674512766 -3.2601485772130009e-05 0.0012260092864744365 0.013371332174005069 -0.00079801996264954424 -0.0025693926247684741
leaf_weight=2274 505 198 54 82 3249 381
leaf_count=2274 505 198 54 82 3249 381
internal_value=1.58949e-05 0.000174222 0.00378444 0.00903169 -3.43773e-05 0.00089585
internal_weight=6743 6238 334 136 5904 2655
internal_count=6743 6238 334 136 5904 2655
is_linear=0
shrinkage=0.01


Tree=539
num_leaves=7
num_cat=0
split_feature=16 11 15 9 5 16
split_gain=20.026 24.0235 22.4861 24.2893 29.2923 22.1543
threshold=10.619077735791935 0.047623304218267402 13.825441563322061 0.0044634694335100242 -0.04231065604838271 0.0053569966141446008
decision_type=2 2 2 2 2 2
left_child=1 2 3 5 -5 -1
right_child=-2 -3 -4 4 -6 -7
leaf_value=-0.0025970064279691712 -0.0026561236944392351 -0.0028776768412733197 -0.0036487632987943172 -0.0041363808161446027 0.0026561902326621527 0.00026176842978284815
leaf_weight=276 259 245 134 60 674 5095
leaf_count=276 259 245 134 60 674 5095
internal_value=1.58662e-05 0.000128063 0.000252112 0.000345196 0.00203936 0.000108453
internal_weight=6743 6484 6239 6105 734 5371
internal_count=6743 6484 6239 6105 734 5371
is_linear=0
shrinkage=0.01


Tree=540
num_leaves=7
num_cat=0
split_feature=21 19 1 16 8 5
split_gain=19.9682 28.7465 22.8154 22.6956 23.4463 37.5286
threshold=281.37248889193683 153.3066666666667 0.88110771321780501 10.619077735791935 24.653250000000003 0.19250206535463851
decision_type=8 8 2 2 2 2
left_child=-1 -2 -3 4 -4 -6
right_child=1 2 3 -5 5 -7
leaf_value=-0.0023409772874197522 0.0060264365456816626 -0.0017165554455538324 -0.00044739505259883296 -0.0026630067441885969 0.0026427203085158365 0.00027349206634898676
leaf_weight=331 72 635 2020 242 905 2538
leaf_count=331 72 635 2020 242 905 2538
internal_value=1.54559e-05 0.000142113 6.43274e-05 0.000266957 0.000403204 0.000904995
internal_weight=6743 6412 6340 5705 5463 3443
internal_count=6743 6412 6340 5705 5463 3443
is_linear=0
shrinkage=0.01


Tree=541
num_leaves=7
num_cat=0
split_feature=21 19 23 14 8 8
split_gain=19.6865 38.6621 26.8737 43.0187 89.2473 41.1745
threshold=282.73884993495784 246.32666666666702 15.963333333333482 1.1157806618353567 1697.5800000000002 15.090300000000001
decision_type=8 10 8 2 2 2
left_child=1 -1 3 4 -2 -4
right_child=2 -3 5 -5 -6 -7
leaf_value=-0.00040797344239157005 0.001240697370884477 -0.0073739442920077196 -0.002152243289421216 -0.0015173552606265032 0.013105226410270641 0.0002407771162676834
leaf_weight=374 1926 93 954 537 56 2803
leaf_count=374 1926 93 954 537 56 2803
internal_value=1.5298e-05 -0.00194167 0.000165365 0.000963599 0.00164505 -0.000368319
internal_weight=6743 467 6276 2519 1982 3757
internal_count=6743 467 6276 2519 1982 3757
is_linear=0
shrinkage=0.01


Tree=542
num_leaves=7
num_cat=0
split_feature=13 16 0 10 20 8
split_gain=19.8801 31.1259 25.352 36.6316 22.0682 45.5713
threshold=69.488673062273008 0.67530357215401604 1.2723730332504524 0.017332036676623436 0.0069743967105340169 207.53325000000004
decision_type=2 2 2 2 2 2
left_child=2 -2 4 -4 -1 -6
right_child=1 -3 3 -5 5 -7
leaf_value=-0.00079057391198906698 -0.007421041036863904 9.030941004337338e-05 0.0099907958883071139 0.0007708097763448775 -0.00011275971595551999 0.0024490810384635818
leaf_weight=2254 81 133 52 157 3191 875
leaf_count=2254 81 133 52 157 3191 875
internal_value=1.51618e-05 -0.0029125 0.000116958 0.00346189 0 0.000440749
internal_weight=6743 214 6529 209 6320 4066
internal_count=6743 214 6529 209 6320 4066
is_linear=0
shrinkage=0.01


Tree=543
num_leaves=7
num_cat=0
split_feature=13 13 14 19 2 8
split_gain=19.6064 46.2354 68.5169 49.2275 40.904 67.4329
threshold=55.669639344324075 38.164115140502453 0.46918281386346855 249.88166666666646 0.51686425246047851 683.67465000000004
decision_type=2 2 2 10 2 2
left_child=1 4 -3 -4 5 -1
right_child=-2 2 3 -5 -6 -7
leaf_value=0.00060968992742431905 -0.0018587175939879599 -4.4808464948661049e-05 0.00086484219819780387 0.013330461037174991 -0.00063319657844715437 0.0077976589347400985
leaf_weight=1875 505 198 53 83 3898 131
leaf_count=1875 505 198 53 83 3898 131
internal_value=1.50839e-05 0.000171111 0.00373517 0.008933 -3.47982e-05 0.0011204
internal_weight=6743 6238 334 136 5904 2006
internal_count=6743 6238 334 136 5904 2006
is_linear=0
shrinkage=0.01


Tree=544
num_leaves=7
num_cat=0
split_feature=11 2 16 21 10 15
split_gain=19.4987 25.6747 28.4724 23.8318 35.1305 31.7919
threshold=0.044000351720168605 0.25016427365162591 2.1759701539193474 290.21500000000009 0.03225325646719001 1.2069649938406632
decision_type=2 2 2 10 2 2
left_child=1 2 3 4 -1 -5
right_child=-2 -3 -4 5 -6 -7
leaf_value=0.011965755774743028 -0.0022150812873717499 -6.3772992744535485e-06 -0.0032596826259837009 -0.0025755850031582293 0.00094531518450150127 0.0055322049017015248
leaf_weight=62 360 6037 56 88 55 85
leaf_count=62 360 6037 56 88 55 85
internal_value=1.52302e-05 0.000145852 0.0027556 0.00402044 0.0073463 0.00143799
internal_weight=6743 6383 346 290 117 173
internal_count=6743 6383 346 290 117 173
is_linear=0
shrinkage=0.01


Tree=545
num_leaves=7
num_cat=0
split_feature=7 6 0 16 19 14
split_gain=19.3738 41.758 37.8605 31.8871 30.8302 104.838
threshold=1.0000000180025095e-35 1.6996518539720642 0.93562139328216709 1.9134844569363731 275.14166666666767 0.086016241073786109
decision_type=2 2 2 2 10 2
left_child=4 2 -2 -3 5 -1
right_child=1 3 -4 -5 -6 -7
leaf_value=0.0050363868513454988 -0.00072612235797682282 0.0092808747468959719 -0.0053181572417908742 -0.00081292176449840716 0.00094329820657909321 -0.0012343237421061049
leaf_weight=290 731 53 233 56 3010 2370
leaf_count=290 731 53 233 56 3010 2370
internal_value=1.52021e-05 -0.00120898 -0.0018895 0.00437851 0.00025035 -0.000530627
internal_weight=6743 1073 964 109 5670 2660
internal_count=6743 1073 964 109 5670 2660
is_linear=0
shrinkage=0.01


Tree=546
num_leaves=7
num_cat=0
split_feature=13 16 2 1 10 24
split_gain=19.3967 30.5817 25.1076 25.115 23.1925 40.9068
threshold=69.488673062273008 0.67530357215401604 0.29215137611234859 1.043160096093547 0.019468567683450278 -2.0999999999999654
decision_type=2 2 2 2 2 10
left_child=2 -2 3 -1 5 -4
right_child=1 -3 4 -5 -6 -7
leaf_value=-0.0011905464398916121 -0.0073458314470046171 9.8535204298103911e-05 -0.0012289427475588135 0.0034777591081334397 -0.00026969838874069373 0.0042254581366103355
leaf_weight=152 81 133 232 391 5446 308
leaf_count=152 81 133 232 391 5446 308
internal_value=1.51266e-05 -0.0028767 0.000115695 0.002155 -7.09111e-05 0.00188417
internal_weight=6743 214 6529 543 5986 540
internal_count=6743 214 6529 543 5986 540
is_linear=0
shrinkage=0.01


Tree=547
num_leaves=7
num_cat=0
split_feature=0 24 23 2 8 1
split_gain=19.2974 23.5078 44.1743 19.4212 62.5473 31.6536
threshold=1.2519505216138527 -0.89999999999997715 16.793333333333337 0.41879032645595043 683.67465000000004 1.4753420904935914
decision_type=2 10 10 2 2 2
left_child=3 -2 -3 4 5 -1
right_child=1 2 -4 -5 -6 -7
leaf_value=-0.00018130525061257883 -0.00075010463293339756 0.010998023023277941 -1.6130385173047767e-05 -0.00038351007619829658 0.0088178520768563799 0.0043929513779923665
leaf_weight=1226 101 61 71 5038 84 162
leaf_count=1226 101 61 71 5038 84 162
internal_value=1.49126e-05 0.00278309 0.00541939 -8.67464e-05 0.00091793 0.000373029
internal_weight=6743 233 132 6510 1472 1388
internal_count=6743 233 132 6510 1472 1388
is_linear=0
shrinkage=0.01


Tree=548
num_leaves=7
num_cat=0
split_feature=13 13 14 19 15 22
split_gain=19.2044 45.0263 67.2282 48.1558 39.8287 53.3939
threshold=55.669639344324075 38.164115140502453 0.46918281386346855 249.88166666666646 2.3647064478086457 37.10000000000003
decision_type=2 2 2 10 2 8
left_child=1 4 -3 -4 5 -1
right_child=-2 2 3 -5 -6 -7
leaf_value=0.0014558589984573378 -0.0018394033372971835 -5.6592423777776559e-05 0.00085372927997793473 0.013184897434504664 -0.00077671499186595576 -0.0025396380609596899
leaf_weight=2274 505 198 53 83 3249 381
leaf_count=2274 505 198 53 83 3249 381
internal_value=1.50727e-05 0.000169507 0.00368665 0.00883548 -3.36711e-05 0.000871363
internal_weight=6743 6238 334 136 5904 2655
internal_count=6743 6238 334 136 5904 2655
is_linear=0
shrinkage=0.01


Tree=549
num_leaves=7
num_cat=0
split_feature=21 23 14 25 13 2
split_gain=19.226 25.9344 41.7283 43.4209 57.7652 36.6192
threshold=282.73884993495784 15.963333333333482 1.1157806618353567 -1.6999999999999884 57.284237628496378 0.56533670819515536
decision_type=8 8 2 10 2 2
left_child=-1 2 3 -2 5 -5
right_child=1 -3 -4 4 -6 -7
leaf_value=-0.0019188840778649979 -0.00079668147729548529 -0.00036087647895375062 -0.0014957722900324662 0.004889434525328488 -0.0015787032216118674 0.0012273465690937136
leaf_weight=467 533 3757 537 711 271 467
leaf_count=467 533 3757 537 711 271 467
internal_value=1.50446e-05 0.000163364 0.000947539 0.00161873 0.00251344 0.00346863
internal_weight=6743 6276 2519 1982 1449 1178
internal_count=6743 6276 2519 1982 1449 1178
is_linear=0
shrinkage=0.01


Tree=550
num_leaves=7
num_cat=0
split_feature=7 9 19 14 19 22
split_gain=19.1582 62.3461 30.135 102.037 64.0214 32.5279
threshold=1.0000000180025095e-35 0.008965750995440034 275.14166666666767 0.086016241073786109 221.15999999999971 24.400000000000038
decision_type=2 2 10 2 10 10
left_child=2 -2 3 4 -1 -4
right_child=1 -3 5 -5 -6 -7
leaf_value=0.010189518305952803 -0.0018007531466645622 0.0082900791855958795 -0.0035366964860299188 -0.0012176925398738559 0.00076164684823473521 0.0011733886575265929
leaf_weight=122 1018 55 144 2370 168 2866
leaf_count=122 1018 55 144 2370 168 2866
internal_value=1.48344e-05 -0.00120251 0.000248679 -0.000523415 0.00496863 0.00093378
internal_weight=6743 1073 5670 2660 290 3010
internal_count=6743 1073 5670 2660 290 3010
is_linear=0
shrinkage=0.01


Tree=551
num_leaves=7
num_cat=0
split_feature=11 16 15 13 16 2
split_gain=19.0136 22.8367 21.499 21.5896 28.3559 27.3531
threshold=0.047623304218267402 10.619077735791935 13.825441563322061 69.488673062273008 0.67530357215401604 0.66305655650227602
decision_type=2 2 2 2 2 2
left_child=1 2 3 5 -5 -1
right_child=-2 -3 -4 4 -6 -7
leaf_value=0.00098384896925416765 -0.0026299018129149732 -0.0027612195545878306 -0.0035688243913722952 -0.0070527119073602882 0.00016555977557852333 -0.00041580531311679713
leaf_weight=3661 251 253 134 80 130 2234
leaf_count=3661 251 253 134 80 130 2234
internal_value=1.48913e-05 0.000122572 0.000245346 0.000336398 -0.00273439 0.000451929
internal_weight=6743 6492 6239 6105 210 5895
internal_count=6743 6492 6239 6105 210 5895
is_linear=0
shrinkage=0.01


Tree=552
num_leaves=7
num_cat=0
split_feature=0 16 2 8 1 13
split_gain=18.912 28.1612 18.6103 61.0377 30.8279 32.246
threshold=1.2519505216138527 0.74691187563582562 0.41879032645595043 683.67465000000004 1.4753420904935914 31.757801566699914
decision_type=2 2 2 2 2 2
left_child=2 -2 3 4 -1 -6
right_child=1 -3 -4 -5 5 -7
leaf_value=-0.000187930662629364 0.0085912244699354618 0.00066375452283945382 -0.00037669450837892951 0.0087011633258550734 0.0071756733162713447 -0.0018710696489595976
leaf_weight=1226 52 181 5038 84 111 51
leaf_count=1226 52 181 5038 84 111 51
internal_value=1.44569e-05 0.00275487 -8.61665e-05 0.000897266 0.000358969 0.00432629
internal_weight=6743 233 6510 1472 1388 162
internal_count=6743 233 6510 1472 1388 162
is_linear=0
shrinkage=0.01


Tree=553
num_leaves=7
num_cat=0
split_feature=21 23 14 8 18 23
split_gain=18.8454 25.3791 40.5704 84.4745 40.6568 78.9976
threshold=282.73884993495784 15.963333333333482 1.1157806618353567 1697.5800000000002 262.15000000000003 11.561666666666776
decision_type=8 8 2 2 10 10
left_child=-1 2 3 4 -2 -6
right_child=1 -3 -4 -5 5 -7
leaf_value=-0.0019000284767180557 -0.00050704871549970979 -0.00035706991600067712 -0.0014717961639681768 0.012749012468777823 -0.0015044927799902051 0.0041716261048637586
leaf_weight=467 799 3757 537 56 346 781
leaf_count=467 799 3757 537 56 346 781
internal_value=1.46484e-05 0.000161507 0.000937255 0.00159909 0.00120555 0.0024223
internal_weight=6743 6276 2519 1982 1926 1127
internal_count=6743 6276 2519 1982 1926 1127
is_linear=0
shrinkage=0.01


Tree=554
num_leaves=7
num_cat=0
split_feature=7 9 19 14 23 23
split_gain=18.8297 61.3176 29.3056 98.8206 79.1469 41.6503
threshold=1.0000000180025095e-35 0.008965750995440034 275.14166666666767 0.086016241073786109 11.649166666666696 11.092500000000024
decision_type=2 2 10 2 10 10
left_child=2 -2 3 4 -1 -4
right_child=1 -3 5 -5 -6 -7
leaf_value=0.010130691501330964 -0.0017855971561634282 0.0082214975219506489 -0.0030346580109652842 -0.0011982106773660429 -7.5329299216255827e-05 0.0012688841113690833
leaf_weight=137 1018 55 234 2370 153 2776
leaf_count=137 1018 55 234 2370 153 2776
internal_value=1.46083e-05 -0.00119224 0.000246452 -0.00051491 0.00488978 0.000922071
internal_weight=6743 1073 5670 2660 290 3010
internal_count=6743 1073 5670 2660 290 3010
is_linear=0
shrinkage=0.01


Tree=555
num_leaves=7
num_cat=0
split_feature=11 20 8 14 21 19
split_gain=18.6098 24.0145 33.2334 39.7963 55.0446 75.3715
threshold=0.044000351720168605 0.016884725634308706 24.653250000000003 0.12628109640036736 289.39525567509094 248.00833333333313
decision_type=2 2 2 2 10 10
left_child=1 2 -1 -4 5 -5
right_child=-2 -3 3 4 -6 -7
leaf_value=-0.0012580447329963449 -0.0021642139398971119 0.0015808496362681758 0.0034792051376320242 1.1759484783770182e-05 0.0010435450484159996 -0.0053704121945820369
leaf_weight=1729 360 973 371 848 2099 363
leaf_count=1729 360 973 371 848 2099 363
internal_value=1.46329e-05 0.000142277 -0.000117048 0.000418136 6.2579e-05 -0.00162414
internal_weight=6743 6383 5410 3681 3310 1211
internal_count=6743 6383 5410 3681 3310 1211
is_linear=0
shrinkage=0.01


Tree=556
num_leaves=7
num_cat=0
split_feature=0 1 25 21 19 18
split_gain=18.5469 22.6177 19.4581 18.4284 32.54 28.7569
threshold=1.2519505216138527 4.3385102544235172 1.100000000000023 282.73884993495784 240.77833333333345 161.25000000000003
decision_type=2 2 10 8 10 10
left_child=3 2 -2 4 5 -1
right_child=1 -3 -4 -5 -6 -7
leaf_value=-0.0033091811633638134 -3.071186239602136e-05 -0.0013804165100057919 0.0072239784169609526 5.8732915502003254e-05 -0.0068006424457176563 0.0022898031260980213
leaf_weight=172 51 80 102 6065 99 174
leaf_count=172 51 80 102 6065 99 174
internal_value=1.44469e-05 0.00272829 0.00489087 -8.51863e-05 -0.00202685 -0.000480189
internal_weight=6743 233 153 6510 445 346
internal_count=6743 233 153 6510 445 346
is_linear=0
shrinkage=0.01


Tree=557
num_leaves=7
num_cat=0
split_feature=11 2 19 24 19 23
split_gain=18.2902 19.8372 34.7575 22.1018 17.7509 54.8797
threshold=0.047623304218267402 0.25016427365162591 250.58166666666676 -0.49999999999997152 274.571666666667 11.092500000000024
decision_type=2 2 8 8 10 10
left_child=1 2 -1 -4 -3 -6
right_child=-2 4 3 -5 5 -7
leaf_value=0.0081682770423315183 -0.002579720746654432 -0.00058991275947879479 0.003406986183752971 -0.0018811232976106381 -0.004111920004341906 0.00085180955017839495
leaf_weight=71 251 2866 144 151 230 3030
leaf_count=71 251 2866 144 151 230 3030
internal_value=1.4244e-05 0.000119886 0.00234959 0.000694475 -1.53111e-05 0.000487046
internal_weight=6743 6492 366 295 6126 3260
internal_count=6743 6492 366 295 6126 3260
is_linear=0
shrinkage=0.01


Tree=558
num_leaves=7
num_cat=0
split_feature=16 11 7 9 19 14
split_gain=18.6405 21.6933 22.276 62.5927 29.109 94.8534
threshold=10.619077735791935 0.047623304218267402 1.0000000180025095e-35 0.008965750995440034 275.14166666666767 0.086016241073786109
decision_type=2 2 2 2 8 2
left_child=1 2 4 -4 5 -1
right_child=-2 -3 3 -5 -6 -7
leaf_value=0.0050461253574797631 -0.002563736796087835 -0.002733664608117668 -0.0017110141928468811 0.0088033921842773765 0.0012212941321180695 -0.00097738051754480988
leaf_weight=286 259 245 967 50 2717 2219
leaf_count=286 259 245 967 50 2717 2219
internal_value=1.41202e-05 0.000122421 0.000240372 -0.00110366 0.000505646 -0.000268361
internal_weight=6743 6484 6239 1017 5222 2505
internal_count=6743 6484 6239 1017 5222 2505
is_linear=0
shrinkage=0.01


Tree=559
num_leaves=7
num_cat=0
split_feature=16 11 7 6 16 19
split_gain=18.2845 21.2802 21.8144 38.4538 30.7366 28.5247
threshold=10.619077735791935 0.047623304218267402 1.0000000180025095e-35 1.6996518539720642 1.9134844569363731 275.14166666666767
decision_type=2 2 2 2 2 8
left_child=1 2 5 -4 -5 -1
right_child=-2 -3 3 4 -6 -7
leaf_value=-0.0002654759323214994 -0.0025390524706858657 -0.0027073999839907913 -0.0017833714425454245 0.0090653480264166041 -0.00083781006096890476 0.0012091259766927973
leaf_weight=2505 259 245 908 53 56 2717
leaf_count=2505 259 245 908 53 56 2717
internal_value=1.40543e-05 0.00012133 0.000238166 -0.00109183 0.0042506 0.000500691
internal_weight=6743 6484 6239 1017 109 5222
internal_count=6743 6484 6239 1017 109 5222
is_linear=0
shrinkage=0.01


Tree=560
num_leaves=7
num_cat=0
split_feature=13 13 17 23 2 19
split_gain=18.5697 43.4709 52.3515 53.0989 36.9368 53.6773
threshold=55.669639344324075 38.164115140502453 1.0000000180025095e-35 11.986666666666622 0.51686425246047851 178.19666666666589
decision_type=2 2 2 10 2 8
left_child=1 4 3 -3 5 -1
right_child=-2 2 -4 -5 -6 -7
leaf_value=0.0089527656730399082 -0.0018096693779965773 -0.0008069230839610101 -0.00059044811293257002 0.01056508523008939 -0.00060255200107129389 0.00071621203268540238
leaf_weight=73 505 55 155 124 3898 1933
leaf_count=73 505 55 155 124 3898 1933
internal_value=1.38863e-05 0.000165774 0.00362165 0.00716017 -3.38339e-05 0.00106383
internal_weight=6743 6238 334 179 5904 2006
internal_count=6743 6238 334 179 5904 2006
is_linear=0
shrinkage=0.01


Tree=561
num_leaves=7
num_cat=0
split_feature=13 13 17 23 15 23
split_gain=18.2119 42.6509 51.3832 52.1404 36.6257 49.1701
threshold=55.669639344324075 38.164115140502453 1.0000000180025095e-35 11.986666666666622 2.3647064478086457 16.3966666666667
decision_type=2 2 2 10 2 8
left_child=1 4 3 -3 5 -1
right_child=-2 2 -4 -5 -6 -7
leaf_value=0.0022406430903211907 -0.001791924066091119 -0.00080009524323619325 -0.0005849015121348202 0.010467318654227167 -0.00074591135698116016 -0.00047008604224047423
leaf_weight=1278 505 55 155 124 3249 1377
leaf_count=1278 505 55 155 124 3249 1377
internal_value=1.3961e-05 0.000164392 0.00358752 0.0070932 -3.33084e-05 0.000834499
internal_weight=6743 6238 334 179 5904 2655
internal_count=6743 6238 334 179 5904 2655
is_linear=0
shrinkage=0.01


Tree=562
num_leaves=7
num_cat=0
split_feature=21 19 18 15 23 14
split_gain=17.9123 37.4272 34.8604 25.7963 24.6672 38.8838
threshold=282.73884993495784 200.40999999999977 161.25000000000003 4.8917825324051405 15.963333333333482 1.1157806618353567
decision_type=8 10 10 2 8 2
left_child=1 2 -1 -4 5 -2
right_child=4 -3 3 -5 -6 -7
leaf_value=-0.0024641389182951086 0.001569880065214811 -0.0055026238323794422 0.0080360308044443007 -0.00068943168681401474 -0.00035412545539905685 -0.0014363466422720531
leaf_weight=179 1982 167 66 55 3757 537
leaf_count=179 1982 167 66 55 3757 537
internal_value=1.38853e-05 -0.00185275 0.000258719 0.0042437 0.0001571 0.000921914
internal_weight=6743 467 300 121 6276 2519
internal_count=6743 467 300 121 6276 2519
is_linear=0
shrinkage=0.01


Tree=563
num_leaves=7
num_cat=0
split_feature=13 5 10 14 25 15
split_gain=18.0822 24.1965 23.2264 51.8593 43.5829 16.9546
threshold=69.488673062273008 0.11825463584017575 0.016004421638187955 1.1038142993863636 0.70000000000001716 13.825441563322061
decision_type=2 2 2 2 10 2
left_child=2 -2 3 4 -1 -4
right_child=1 -3 5 -5 -6 -7
leaf_value=0 -0.0063440400431637916 0.00016087433778261411 7.4094464210877419e-05 -0.0023594636984080788 0.011053368062161471 -0.0033284510170264793
leaf_weight=57 93 121 6154 95 83 140
leaf_count=57 93 121 6154 95 83 140
internal_value=1.36748e-05 -0.0027784 0.000110828 0.00313166 0.00683334 -5.16329e-06
internal_weight=6743 214 6529 235 140 6294
internal_count=6743 214 6529 235 140 6294
is_linear=0
shrinkage=0.01


Tree=564
num_leaves=7
num_cat=0
split_feature=13 13 17 24 2 19
split_gain=17.7767 41.7273 50.4891 48.7613 36.0278 52.6218
threshold=55.669639344324075 38.164115140502453 1.0000000180025095e-35 -1.6999999999999884 0.51686425246047851 178.19666666666589
decision_type=2 2 2 10 2 8
left_child=1 4 3 -3 5 -1
right_child=-2 2 -4 -5 -6 -7
leaf_value=0.0088617009104016327 -0.0017706525407243268 -0.00079779637208770193 -0.0005870646896461646 0.010203263236428886 -0.00059507747103085154 0.0007064482296006172
leaf_weight=73 505 53 155 126 3898 1933
leaf_count=73 505 53 155 126 3898 1933
internal_value=1.35078e-05 0.000162149 0.00354801 0.00702319 -3.33806e-05 0.00105067
internal_weight=6743 6238 334 179 5904 2006
internal_count=6743 6238 334 179 5904 2006
is_linear=0
shrinkage=0.01


Tree=565
num_leaves=7
num_cat=0
split_feature=0 16 9 21 24 16
split_gain=17.8595 27.1029 22.4526 17.6837 22.4265 32.9301
threshold=1.2519505216138527 0.74691187563582562 0.0016937567398437449 282.73884993495784 0.90000000000003422 1.1744117025297849
decision_type=2 2 2 8 8 2
left_child=3 -2 -3 -1 5 -5
right_child=1 2 -4 4 -6 -7
leaf_value=-0.0019861950410560675 0.0084017128857874109 0.0033567853839991013 -0.0034580152060370893 0.0018258939404682604 -0.00041412211468147211 -0.00060357450247417225
leaf_weight=445 52 111 70 1359 3779 927
leaf_count=445 52 111 70 1359 3779 927
internal_value=1.35803e-05 0.00267669 0.000625811 -8.41607e-05 5.67886e-05 0.000838022
internal_weight=6743 233 181 6510 6065 2286
internal_count=6743 233 181 6510 6065 2286
is_linear=0
shrinkage=0.01


Tree=566
num_leaves=7
num_cat=0
split_feature=16 1 18 21 24 2
split_gain=17.6674 20.7317 19.894 19.7387 23.458 37.1076
threshold=10.619077735791935 0.88110771321780501 281.05000000000007 281.37248889193683 2.9000000000000346 0.52623923312738807
decision_type=2 2 10 10 8 2
left_child=1 -1 -2 -3 5 -5
right_child=2 3 -4 4 -6 -7
leaf_value=-0.0015517011676508849 -0.0053512144011619968 -0.0020995461414568127 2.3193876336125153e-05 0.0022535133968651293 -0.00025975350134231032 2.2960279453735021e-05
leaf_weight=655 118 310 141 1371 2506 1642
leaf_count=655 118 310 141 1371 2506 1642
internal_value=1.35204e-05 0.000118995 -0.00249611 0.000310779 0.000451527 0.00104533
internal_weight=6743 6484 259 5829 5519 3013
internal_count=6743 6484 259 5829 5519 3013
is_linear=0
shrinkage=0.01


Tree=567
num_leaves=7
num_cat=0
split_feature=7 21 6 0 23 21
split_gain=17.7085 40.4435 49.0827 38.3799 31.8994 39.0988
threshold=1.0000000180025095e-35 291.46912166436579 1.4556948911021921 0.84861863860527131 18.567499999999985 295.73879289150864
decision_type=2 10 2 2 10 10
left_child=-1 2 -2 -3 -5 -6
right_child=1 3 -4 4 5 -7
leaf_value=0.00023813416031668864 -0.00050863224380452688 -0.00039417338298214263 0.0079431370926181695 -0.0084631381946190295 0.0023097895757438472 -0.0065633231981804497
leaf_weight=5670 269 403 81 141 94 85
leaf_count=5670 269 403 81 141 94 85
internal_value=1.32525e-05 -0.00115707 0.00158588 -0.00250208 -0.00503403 -0.00197512
internal_weight=6743 1073 350 723 320 179
internal_count=6743 1073 350 723 320 179
is_linear=0
shrinkage=0.01


Tree=568
num_leaves=7
num_cat=0
split_feature=13 5 2 1 11 15
split_gain=17.6275 23.8305 22.4901 24.2555 22.399 23.8459
threshold=69.488673062273008 0.11825463584017575 0.29215137611234859 1.043160096093547 0.024351395750452469 0.46939228966590196
decision_type=2 2 2 2 2 2
left_child=2 -2 3 -1 5 -4
right_child=1 -3 4 -5 -6 -7
leaf_value=-0.0012454135345731988 -0.0062825469931280156 0.00017183005639159952 0.0021604591473051589 0.0033400512669259277 -0.0010019895280002423 1.7667163744842367e-05
leaf_weight=152 93 121 599 391 1791 3596
leaf_count=152 93 121 599 391 1791 3596
internal_value=1.30098e-05 -0.00274372 0.000108954 0.00203907 -6.7571e-05 0.000330423
internal_weight=6743 214 6529 543 5986 4195
internal_count=6743 214 6529 543 5986 4195
is_linear=0
shrinkage=0.01


Tree=569
num_leaves=7
num_cat=0
split_feature=8 15 22 25 15 22
split_gain=17.5602 43.797 65.4842 52.7964 31.092 27.782
threshold=24.653250000000003 0.46939228966590196 29.500000000000032 -2.7999999999999825 0.58540103139209709 37.10000000000003
decision_type=2 2 10 10 2 10
left_child=-1 2 3 -2 -3 -4
right_child=1 4 5 -5 -6 -7
leaf_value=-0.00067446784085638397 0.00073899804304043454 -0.0036451677542923173 0.0020934915974094143 0.012726873604273332 0.00024217036072840672 -0.0044811075655516331
leaf_weight=2382 62 208 283 93 3643 72
leaf_count=2382 62 208 283 93 3643 72
internal_value=1.28377e-05 0.000391219 0.00311542 0.00832773 2.07205e-05 0.000646417
internal_weight=6743 4361 510 155 3851 355
internal_count=6743 4361 510 155 3851 355
is_linear=0
shrinkage=0.01


Tree=570
num_leaves=7
num_cat=0
split_feature=7 9 18 23 19 14
split_gain=17.4352 58.1241 27.947 60.6177 55.234 108.532
threshold=1.0000000180025095e-35 0.008965750995440034 260.4500000000001 11.236666666666673 220.32333333333347 0.086016241073786109
decision_type=2 2 10 8 8 2
left_child=2 -2 4 -4 5 -1
right_child=1 -3 3 -5 -6 -7
leaf_value=0.0097740792001669227 -0.0017264560313389368 0.008016017150420409 -0.0026668465058518227 0.0013385712520915375 -0.0018330525089601017 -7.3350562353152781e-05
leaf_weight=120 1018 55 423 2919 1418 790
leaf_count=120 1018 55 423 2919 1418 790
internal_value=1.28129e-05 -0.00114844 0.000235965 0.000822175 -0.000601219 0.00130647
internal_weight=6743 1073 5670 3342 2328 910
internal_count=6743 1073 5670 3342 2328 910
is_linear=0
shrinkage=0.01


Tree=571
num_leaves=7
num_cat=0
split_feature=13 13 14 19 15 23
split_gain=17.39 40.3603 64.3399 45.587 34.6235 46.4769
threshold=55.669639344324075 38.164115140502453 0.46918281386346855 249.88166666666646 2.3647064478086457 22.370833333333319
decision_type=2 2 2 10 2 8
left_child=1 4 -3 -4 5 -1
right_child=-2 2 3 -5 -6 -7
leaf_value=0.0013453512230768554 -0.0017517868328333192 -0.00016619810241256624 0.0007698730343864077 0.012758781270634742 -0.00072529175041563347 -0.0024389310833560773
leaf_weight=2288 505 198 53 83 3249 367
leaf_count=2288 505 198 53 83 3249 367
internal_value=1.28452e-05 0.000159877 0.00348982 0.00852787 -3.23953e-05 0.00081131
internal_weight=6743 6238 334 136 5904 2655
internal_count=6743 6238 334 136 5904 2655
is_linear=0
shrinkage=0.01


Tree=572
num_leaves=7
num_cat=0
split_feature=0 16 9 21 19 12
split_gain=17.3486 26.5483 22.081 17.2364 31.4493 27.9351
threshold=1.2519505216138527 0.74691187563582562 0.0016937567398437449 282.73884993495784 240.77833333333345 1.0000000180025095e-35
decision_type=2 2 2 8 10 2
left_child=3 -2 -3 4 5 -1
right_child=1 2 -4 -5 -6 -7
leaf_value=0.0027808064674087743 0.0083034863371041507 0.0033172778249525824 -0.0034408784387633209 5.5656410803511871e-05 -0.006653850129549178 -0.0028083418710772301
leaf_weight=144 52 111 70 6065 99 202
leaf_count=144 52 111 70 6065 99 202
internal_value=1.28321e-05 0.0026376 0.00060796 -8.34787e-05 -0.00196131 -0.00044136
internal_weight=6743 233 181 6510 445 346
internal_count=6743 233 181 6510 445 346
is_linear=0
shrinkage=0.01


Tree=573
num_leaves=7
num_cat=0
split_feature=5 9 3 1 20 3
split_gain=17.0726 23.2457 26.1596 60.6239 39.3405 24.6401
threshold=-0.04231065604838271 0.0044634694335100242 0.32202254306377004 2.1687151289713564 0.0047635579390820611 -0.035076781243101519
decision_type=2 2 2 2 2 2
left_child=-1 -2 3 4 -3 -6
right_child=1 2 -4 -5 5 -7
leaf_value=-0.0041289892731880655 -0.00013387247447113815 -0.0065918088046212986 -0.0043408877657583125 0.0098712914198151105 -0.001258219729764441 0.0032520032471907269
leaf_weight=88 5912 50 55 82 163 393
leaf_count=88 5912 50 55 82 163 393
internal_value=1.27268e-05 7.51065e-05 0.00173091 0.00228587 0.00109964 0.00191322
internal_weight=6743 6655 743 688 606 556
internal_count=6743 6655 743 688 606 556
is_linear=0
shrinkage=0.01


Tree=574
num_leaves=7
num_cat=0
split_feature=0 24 3 19 14 19
split_gain=17.1182 27.0809 32.4954 17.4966 91.3575 46.8923
threshold=1.2723730332504524 -0.89999999999997715 0.53410852713178303 220.32333333333347 0.086016241073786109 274.571666666667
decision_type=2 10 2 8 2 10
left_child=3 -2 -3 4 -1 -5
right_child=1 2 -4 5 -6 -7
leaf_value=0.0080093215005817252 -0.0012253633353347872 0.011033438674983432 0.00078907855222990484 -0.0015500814921661507 -0.00014790730270003937 0.00037645824879881606
leaf_weight=152 92 51 71 1946 884 3547
leaf_count=152 92 51 71 1946 884 3547
internal_value=1.2491e-05 0.002732 0.00565875 -7.91584e-05 0.00110448 -0.000305815
internal_weight=6743 214 122 6529 1036 5493
internal_count=6743 214 122 6529 1036 5493
is_linear=0
shrinkage=0.01


Tree=575
num_leaves=7
num_cat=0
split_feature=16 11 7 9 13 21
split_gain=17.2115 20.123 20.6568 58.7854 30.5942 27.9455
threshold=10.619077735791935 0.047623304218267402 1.0000000180025095e-35 0.008965750995440034 1.4438087428189907 289.17355869081115
decision_type=2 2 2 2 2 10
left_child=1 2 5 4 -4 -1
right_child=-2 -3 3 -5 -6 -7
leaf_value=-0.00048903172178717366 -0.0024644035415561198 -0.0026339185199610133 1.4079099922919096e-05 0.0085363749886552508 -0.0035096733515621514 0.0010317117339634092
leaf_weight=1868 259 245 512 50 455 3354
leaf_count=1868 259 245 512 50 455 3354
internal_value=1.2622e-05 0.000116748 0.000230407 -0.00106375 -0.00165266 0.000485909
internal_weight=6743 6484 6239 1017 967 5222
internal_count=6743 6484 6239 1017 967 5222
is_linear=0
shrinkage=0.01


Tree=576
num_leaves=7
num_cat=0
split_feature=13 13 14 19 2 8
split_gain=17.1933 39.1946 62.8167 44.5756 34.3688 60.0559
threshold=55.669639344324075 38.164115140502453 0.46918281386346855 249.88166666666646 0.51686425246047851 683.67465000000004
decision_type=2 2 2 10 2 2
left_child=1 4 -3 -4 5 -1
right_child=-2 2 3 -5 -6 -7
leaf_value=0.00054588386234694563 -0.0017421455733631784 -0.00017140857644755252 0.00074761437281729685 0.012601883848027517 -0.00057942797124876369 0.0073292852755956327
leaf_weight=1875 505 198 53 83 3898 131
leaf_count=1875 505 198 53 83 3898 131
internal_value=1.24734e-05 0.000158681 0.00344018 0.00841832 -3.07718e-05 0.00102799
internal_weight=6743 6238 334 136 5904 2006
internal_count=6743 6238 334 136 5904 2006
is_linear=0
shrinkage=0.01


Tree=577
num_leaves=7
num_cat=0
split_feature=13 16 2 1 11 14
split_gain=16.9807 29.3074 21.9679 23.8009 21.6499 21.2413
threshold=69.488673062273008 0.67530357215401604 0.29215137611234859 1.043160096093547 0.024351395750452469 0.25333555132544644
decision_type=2 2 2 2 2 2
left_child=2 -2 3 -1 -4 -3
right_child=1 5 4 -5 -6 -7
leaf_value=-0.0012385554717462739 -0.0070702288033706803 0.0048967269832889239 0.00032362974033690021 0.0033032743961891702 -0.00098630136300093853 -0.0027274254670301553
leaf_weight=152 81 50 4195 391 1791 83
leaf_count=152 81 50 4195 391 1791 83
internal_value=1.2626e-05 -0.00269303 0.000106821 0.00201441 -6.76227e-05 0.00021086
internal_weight=6743 214 6529 543 5986 133
internal_count=6743 214 6529 543 5986 133
is_linear=0
shrinkage=0.01


Tree=578
num_leaves=7
num_cat=0
split_feature=7 9 0 15 4 19
split_gain=16.9233 55.4493 39.5463 45.4005 34.7888 26.4112
threshold=1.0000000180025095e-35 0.008965750995440034 0.93562139328216709 1.3180889115993872 0.002302729062963397 275.14166666666767
decision_type=2 2 2 2 2 10
left_child=5 2 -2 4 -4 -1
right_child=1 -3 3 -5 -6 -7
leaf_value=-0.0004903731227466928 -0.00043961380591799244 0.007818945694428224 -0.005524482754532432 -0.0079931069807396768 0.0046747869363910448 0.00087374731516344116
leaf_weight=2660 736 55 51 167 64 3010
leaf_count=2660 736 55 51 167 64 3010
internal_value=1.24183e-05 -0.00113163 -0.00169629 -0.00481452 0 0.000232292
internal_weight=6743 1073 1018 282 115 5670
internal_count=6743 1073 1018 282 115 5670
is_linear=0
shrinkage=0.01


Tree=579
num_leaves=7
num_cat=0
split_feature=0 16 9 16 20 8
split_gain=17.0463 25.6377 21.295 17.0504 26.0392 35.6938
threshold=1.2519505216138527 0.74691187563582562 0.0016937567398437449 0.0053569966141446008 0.0069743967105340169 207.53325000000004
decision_type=2 2 2 2 2 2
left_child=3 -2 -3 -1 -5 -6
right_child=1 2 -4 4 5 -7
leaf_value=-0.0022115920431286704 0.0081829123751771069 0.0032774757369121244 -0.0033587210441182835 -0.0008105819389902136 1.5758724959403432e-05 0.0023062985598039758
leaf_weight=346 52 111 70 2266 3027 871
leaf_count=346 52 111 70 2266 3027 871
internal_value=1.22486e-05 0.00261406 0.000617156 -8.3206e-05 3.80343e-05 0.000534726
internal_weight=6743 233 181 6510 6164 3898
internal_count=6743 233 181 6510 6164 3898
is_linear=0
shrinkage=0.01


Tree=580
num_leaves=7
num_cat=0
split_feature=16 1 7 21 6 0
split_gain=16.8875 19.6557 21.6707 44.1851 39.5113 31.9619
threshold=10.619077735791935 0.88110771321780501 1.0000000180025095e-35 291.46912166436579 1.4556948911021921 0.84861863860527131
decision_type=2 2 2 10 2 2
left_child=1 -1 -3 4 -4 -5
right_child=-2 2 3 5 -6 -7
leaf_value=-0.0015113084226692642 -0.0024413537957920211 0.00056143461861061356 -0.0002586463068136517 -0.00012060508384427309 0.0075766268301628191 -0.004860989888005489
leaf_weight=655 259 4946 229 263 78 313
leaf_count=655 259 4946 229 263 78 313
internal_value=1.22357e-05 0.000115391 0.00030217 -0.00112889 0.00187674 -0.0027526
internal_weight=6743 6484 5829 883 307 576
internal_count=6743 6484 5829 883 307 576
is_linear=0
shrinkage=0.01


Tree=581
num_leaves=7
num_cat=0
split_feature=5 0 10 2 13 25
split_gain=16.8586 18.4184 25.4801 18.5254 33.1891 29.8672
threshold=-0.04231065604838271 1.2723730332504524 0.017332036676623436 0.29609949564028709 19.544092818187696 -1.2999999999999827
decision_type=2 2 2 2 2 10
left_child=-1 3 -3 4 5 -2
right_child=1 2 -4 -5 -6 -7
leaf_value=-0.0041036412806003068 -0.0022300455018153622 0.0083751378148313495 0.00066837800831204947 -0.00019270604731211663 -0.0016739813051884994 0.0045920246083491966
leaf_weight=88 71 52 157 5864 190 321
leaf_count=88 71 52 157 5864 190 321
internal_value=1.20385e-05 7.40364e-05 0.00292638 -2.12864e-05 0.00166306 0.00330678
internal_weight=6743 6655 209 6446 582 392
internal_count=6743 6655 209 6446 582 392
is_linear=0
shrinkage=0.01


Tree=582
num_leaves=7
num_cat=0
split_feature=8 15 22 10 15 2
split_gain=16.657 40.7063 63.0492 48.2534 30.4042 33.0722
threshold=24.653250000000003 0.46939228966590196 29.500000000000032 0.025942626148776217 0.58540103139209709 0.66305655650227602
decision_type=2 2 10 2 2 2
left_child=-1 2 3 -2 -3 -6
right_child=1 4 -4 -5 5 -7
leaf_value=-0.00065738899159353435 0.015049253982724622 -0.0036018178123249697 0.00058532050597060424 0.003304342398470318 0.0012247264594596968 -0.000675406969111122
leaf_weight=2382 54 208 355 101 1763 1880
leaf_count=2382 54 208 355 101 1763 1880
internal_value=1.1969e-05 0.000380531 0.00300688 0.00812081 2.32387e-05 0.000242245
internal_weight=6743 4361 510 155 3851 3643
internal_count=6743 4361 510 155 3851 3643
is_linear=0
shrinkage=0.01


Tree=583
num_leaves=7
num_cat=0
split_feature=16 11 15 13 16 2
split_gain=16.5655 19.4314 19.7361 19.1141 27.0977 23.5788
threshold=10.619077735791935 0.047623304218267402 13.825441563322061 69.488673062273008 0.67530357215401604 0.66305655650227602
decision_type=2 2 2 2 2 2
left_child=1 2 3 5 -5 -1
right_child=-2 -3 -4 4 -6 -7
leaf_value=0.00091599927019946656 -0.002417991969312046 -0.0025886821149649808 -0.0034283430210618666 -0.0067990732188853951 0.00025181468338372987 -0.00038333097103671477
leaf_weight=3661 259 245 134 80 130 2234
leaf_count=3661 259 245 134 80 130 2234
internal_value=1.20748e-05 0.000114256 0.000225971 0.000313291 -0.00257574 0.00042209
internal_weight=6743 6484 6239 6105 210 5895
internal_count=6743 6484 6239 6105 210 5895
is_linear=0
shrinkage=0.01


Tree=584
num_leaves=7
num_cat=0
split_feature=21 19 14 1 9 7
split_gain=16.9474 36.2161 22.4349 21.4475 40.1404 39.8343
threshold=282.73884993495784 246.32666666666702 0.12628109640036736 1.188344594594595 0.0097402452888510262 1.0000000180025095e-35
decision_type=8 10 2 2 2 2
left_child=1 2 -1 -2 5 -5
right_child=3 -3 -4 4 -6 -7
leaf_value=0.0051768349711933453 -0.00049727652464277405 -0.0070602951795586105 -0.0013681961325732205 0.00099137904202545681 0.0076007593096029469 -0.0018873537428422058
leaf_weight=52 2800 93 322 2837 72 567
leaf_count=52 2800 93 322 2837 72 567
internal_value=1.16808e-05 -0.00180396 -0.000321035 0.000151029 0.000676051 0.000504819
internal_weight=6743 467 374 6276 3476 3404
internal_count=6743 467 374 6276 3476 3404
is_linear=0
shrinkage=0.01


Tree=585
num_leaves=7
num_cat=0
split_feature=21 19 12 18 1 13
split_gain=16.6233 35.5795 22.4971 22.755 21.0286 25.9674
threshold=282.73884993495784 246.32666666666702 1.0000000180025095e-35 156.60000000000005 1.188344594594595 55.669639344324075
decision_type=8 10 2 10 2 2
left_child=1 2 3 -1 -2 -6
right_child=4 -3 -4 -5 5 -7
leaf_value=-0.0022237736122299205 -0.00049232144715091275 -0.0069965469177125155 -0.0024023491247660584 0.0051367697549295852 0.00093546434489692504 -0.0021225051432709661
leaf_weight=58 2800 93 215 101 3183 293
leaf_count=58 2800 93 215 101 3183 293
internal_value=1.15782e-05 -0.0017866 -0.000316572 0.00241991 0.000149602 0.000669483
internal_weight=6743 467 374 159 6276 3476
internal_count=6743 467 374 159 6276 3476
is_linear=0
shrinkage=0.01


Tree=586
num_leaves=7
num_cat=0
split_feature=16 18 11 7 9 2
split_gain=16.217 19.2869 18.9676 19.4013 56.0101 26.8168
threshold=10.619077735791935 281.05000000000007 0.047623304218267402 1.0000000180025095e-35 0.008965750995440034 0.33317455934021406
decision_type=2 10 2 2 2 2
left_child=2 -2 3 5 -5 -1
right_child=1 -3 -4 4 -6 -7
leaf_value=0.0024708192972221778 -0.0052052885777811751 8.3045270972397951e-05 -0.0025580518248367731 -0.0016064393912902447 0.0083387250949939103 0.00021115978804449599
leaf_weight=585 118 141 245 967 50 4637
leaf_count=585 118 141 245 967 50 4637
internal_value=1.12822e-05 -0.00239307 0.0001124 0.000222792 -0.00103132 0.000470451
internal_weight=6743 259 6484 6239 1017 5222
internal_count=6743 259 6484 6239 1017 5222
is_linear=0
shrinkage=0.01


Tree=587
num_leaves=7
num_cat=0
split_feature=8 15 23 10 18 15
split_gain=16.2746 39.6936 62.1752 55.4277 30.6528 30.0425
threshold=24.653250000000003 0.46939228966590196 16.075833333333367 0.024186181654504809 206.85000000000005 0.58540103139209709
decision_type=2 2 10 2 10 2
left_child=-1 2 3 -2 -5 -3
right_child=1 5 -4 4 -6 -7
leaf_value=-0.00065041952089400323 0.015427798720412568 -0.0035807499497351363 0.00018602534780409017 -0.00066734852946617393 0.0081986720470659854 0.00024038642705647304
leaf_weight=2382 51 208 319 78 62 3643
leaf_count=2382 51 208 319 78 62 3643
internal_value=1.11951e-05 0.000375521 0.00296899 0.00732673 0.00347718 2.26698e-05
internal_weight=6743 4361 510 191 140 3851
internal_count=6743 4361 510 191 140 3851
is_linear=0
shrinkage=0.01


Tree=588
num_leaves=7
num_cat=0
split_feature=5 9 18 19 19 11
split_gain=16.5185 22.1257 26.5149 29.2032 36.8183 33.5543
threshold=-0.04231065604838271 0.0044634694335100242 229.35000000000005 280.78500000000059 305.97000000000008 0.018815050778118122
decision_type=2 2 8 8 8 2
left_child=-1 -2 -3 -4 -5 -6
right_child=1 2 3 4 5 -7
leaf_value=-0.0040625750212645046 -0.00013109204693294716 0.0050098536356957884 -0.0021688267825578553 0.0051123187670196772 -0.0071838320461941555 0.0020656352567084884
leaf_weight=88 5912 173 221 199 51 99
leaf_count=88 5912 173 221 199 51 99
internal_value=1.13668e-05 7.2752e-05 0.00168821 0.000593821 0.00238277 -0.00126912
internal_weight=6743 6655 743 570 349 150
internal_count=6743 6655 743 570 349 150
is_linear=0
shrinkage=0.01


Tree=589
num_leaves=7
num_cat=0
split_feature=13 13 14 23 16 15
split_gain=16.2577 37.5201 61.3065 34.3099 33.7218 32.3535
threshold=55.669639344324075 38.164115140502453 0.46918281386346855 14.435000000000036 0.3631629955415252 2.3647064478086457
decision_type=2 2 2 10 2 2
left_child=1 5 -3 -4 -2 -1
right_child=4 2 3 -5 -6 -7
leaf_value=0.00078361540609944702 -0.0046752020832338285 -0.0002018364556491948 0.0021365937580392785 0.01256930904216077 0.00046065628380983391 -0.00070175275726594227
leaf_weight=2655 209 198 63 73 296 3249
leaf_count=2655 209 198 63 73 296 3249
internal_value=1.12034e-05 0.000153419 0.00336408 0.00828236 -0.00169497 -3.19035e-05
internal_weight=6743 6238 334 136 505 5904
internal_count=6743 6238 334 136 505 5904
is_linear=0
shrinkage=0.01


Tree=590
num_leaves=7
num_cat=0
split_feature=0 16 9 19 14 23
split_gain=16.1602 24.7838 20.8407 16.0602 55.8647 92.764
threshold=1.2519505216138527 0.74691187563582562 0.0016937567398437449 274.571666666667 0.086016241073786109 11.649166666666696
decision_type=2 2 2 10 2 10
left_child=3 -2 -3 4 5 -1
right_child=1 2 -4 -5 -6 -7
leaf_value=0.0087190544425932142 0.0080192404012045543 0.0032156913745224726 -0.0033494810628471893 0.00037150786620539683 -0.0011183990584261992 -0.00155641043281708
leaf_weight=151 52 111 70 3537 2637 185
leaf_count=151 52 111 70 3537 2637 185
internal_value=1.12449e-05 0.00254458 0.000581886 -8.16559e-05 -0.000623578 0.00315106
internal_weight=6743 233 181 6510 2973 336
internal_count=6743 233 181 6510 2973 336
is_linear=0
shrinkage=0.01


Tree=591
num_leaves=7
num_cat=0
split_feature=21 18 23 17 13 11
split_gain=16.4152 22.0741 21.9757 26.4579 99.5225 52.2071
threshold=282.73884993495784 315.15000000000009 15.963333333333482 1.0000000180025095e-35 17.877604077128598 0.015311990105720895
decision_type=8 10 8 2 2 2
left_child=1 -1 -2 4 -4 -6
right_child=2 -3 3 -5 5 -7
leaf_value=-0.00083341523000470214 0.00087045415886761231 -0.0069913398378661697 -0.00040102867233704628 -0.0011817719525602569 0.0011861221503568231 0.010452026304045171
leaf_weight=407 2519 60 1654 1856 118 129
leaf_count=407 2519 60 1654 1856 118 129
internal_value=1.13443e-05 -0.00177553 0.00014851 -0.000333911 0.000490499 0.00628271
internal_weight=6743 467 6276 3757 1901 247
internal_count=6743 467 6276 3757 1901 247
is_linear=0
shrinkage=0.01


Tree=592
num_leaves=7
num_cat=0
split_feature=21 19 23 2 13 15
split_gain=16.1227 34.6325 21.5293 28.9978 60.3944 47.8456
threshold=282.73884993495784 246.32666666666702 15.963333333333482 0.56533670819515536 3.8357212490002053 4.8917825324051405
decision_type=8 10 8 2 2 2
left_child=1 -1 3 4 5 -2
right_child=2 -3 -4 -5 -6 -7
leaf_value=-0.00030902267913309817 0.0069569914397710052 -0.0068997712075276286 -0.000330278454546694 -0.00029263601694293911 0.00057714590241484277 -0.0026071347778832371
leaf_weight=374 294 93 3757 1159 1010 56
leaf_count=374 294 93 3757 1159 1010 56
internal_value=1.12471e-05 -0.00175963 0.000147199 0.000861784 0.00184784 0.00536904
internal_weight=6743 467 6276 2519 1360 350
internal_count=6743 467 6276 2519 1360 350
is_linear=0
shrinkage=0.01


Tree=593
num_leaves=7
num_cat=0
split_feature=13 16 14 10 14 16
split_gain=16.0705 27.823 20.7544 20.7043 49.3536 49.5575
threshold=69.488673062273008 0.67530357215401604 0.25333555132544644 0.016004421638187955 1.1038142993863636 3.007485931388084
decision_type=2 2 2 2 2 2
left_child=3 -2 -3 4 5 -1
right_child=1 2 -4 -5 -6 -7
leaf_value=0.011395550740031799 -0.0068861262393849236 0.0048391026531656584 -0.0026971023980908661 -6.7124238977079316e-06 -0.0023942615550366186 -0.00010378083472864496
leaf_weight=78 81 50 83 6294 95 62
leaf_count=78 81 50 83 6294 95 62
internal_value=1.10324e-05 -0.00262108 0.000206403 0.00010271 0.00295485 0.00656891
internal_weight=6743 214 133 6529 235 140
internal_count=6743 214 133 6529 235 140
is_linear=0
shrinkage=0.01


Tree=594
num_leaves=7
num_cat=0
split_feature=5 6 0 0 24 2
split_gain=16.1821 22.6829 45.9148 19.1675 27.4941 19.6873
threshold=-0.04231065604838271 1.6996518539720642 0.99213245514361603 1.2723730332504524 -1.0999999999999657 0.29609949564028709
decision_type=2 2 2 2 10 2
left_child=-1 3 -3 5 -5 -2
right_child=1 2 -4 4 -6 -7
leaf_value=-0.0040213169504375182 0.0016369508260059909 0.0099028443031545198 -0.00048483355502997131 -0.00099845641495331259 0.0068862447411214044 -0.00029024333914826007
leaf_weight=88 573 60 102 75 85 5760
leaf_count=88 573 60 102 75 85 5760
internal_value=1.09242e-05 7.1697e-05 0.00365638 -2.1688e-05 0.00329014 -0.000111991
internal_weight=6743 6655 162 6493 160 6333
internal_count=6743 6655 162 6493 160 6333
is_linear=0
shrinkage=0.01


Tree=595
num_leaves=7
num_cat=0
split_feature=7 9 13 19 14 23
split_gain=15.9998 52.2367 27.0174 25.4571 85.4707 70.8764
threshold=1.0000000180025095e-35 0.008965750995440034 0.2897988112382342 275.14166666666767 0.086016241073786109 11.649166666666696
decision_type=2 2 2 10 2 10
left_child=3 2 -2 4 5 -1
right_child=1 -3 -4 -5 -6 -7
leaf_value=0.0095015147825082153 -5.1777115198575846e-05 0.00758526137471199 -0.0033159763539582494 0.00085460159436310807 -0.0011203288235489676 -0.0001493116872716535
leaf_weight=137 528 55 490 3010 2370 153
leaf_count=137 528 55 490 3010 2370 153
internal_value=1.09724e-05 -0.00110139 -0.00164965 0.000224806 -0.000484643 0.00454128
internal_weight=6743 1073 1018 5670 2660 290
internal_count=6743 1073 1018 5670 2660 290
is_linear=0
shrinkage=0.01


Tree=596
num_leaves=7
num_cat=0
split_feature=5 4 15 0 23 18
split_gain=15.9338 20.9751 58.3394 51.6388 46.3065 20.4095
threshold=-0.04231065604838271 0.18184858684932068 1.3787058647875716 0.96875778493153419 17.398333333333351 262.15000000000003
decision_type=2 2 2 2 8 8
left_child=-1 5 -3 -4 -5 -2
right_child=1 2 3 4 -6 -7
leaf_value=-0.0039901390888880256 -0.0007260571744700428 0.0092428540156012581 0.0052324149610386006 0.00096179088960505197 -0.010102732068122322 0.00042280500093427078
leaf_weight=88 2638 83 95 80 57 3702
leaf_count=88 2638 83 95 80 57 3702
internal_value=1.10301e-05 7.13458e-05 0.00254975 -8.64392e-05 -0.00394777 -5.40389e-05
internal_weight=6743 6655 315 232 137 6340
internal_count=6743 6655 315 232 137 6340
is_linear=0
shrinkage=0.01


Tree=597
num_leaves=7
num_cat=0
split_feature=13 13 14 19 16 15
split_gain=15.9992 36.1853 59.894 43.0048 32.6353 31.0826
threshold=55.669639344324075 38.164115140502453 0.46918281386346855 249.88166666666646 0.3631629955415252 2.3647064478086457
decision_type=2 2 2 10 2 2
left_child=1 5 -3 -4 -2 -1
right_child=4 2 3 -5 -6 -7
leaf_value=0.00076936703478470774 -0.0046133202516801279 -0.00021817680663214283 0.00064777819469334587 0.012274278975943083 0.00043885580805971841 -0.00068653808589702505
leaf_weight=2655 209 198 53 83 296 3249
leaf_count=2655 209 198 53 83 296 3249
internal_value=1.09352e-05 0.000152028 0.00330505 0.00816656 -0.00168161 -2.99399e-05
internal_weight=6743 6238 334 136 505 5904
internal_count=6743 6238 334 136 505 5904
is_linear=0
shrinkage=0.01


Tree=598
num_leaves=7
num_cat=0
split_feature=7 9 13 18 21 22
split_gain=15.8043 50.8168 26.4875 25.9491 79.5678 73.7315
threshold=1.0000000180025095e-35 0.008965750995440034 0.2897988112382342 260.4500000000001 286.4309981405035 25.900000000000038
decision_type=2 2 2 10 10 8
left_child=3 2 -2 5 -5 -1
right_child=1 -3 -4 4 -6 -7
leaf_value=0.0024653414646132119 -5.3010701686992109e-05 0.0074729081896635213 -0.0032852950686588882 -0.0035963752342238718 0.0013280640577953771 -0.0016132365727754324
leaf_weight=582 528 55 490 358 2984 1746
leaf_count=582 528 55 490 358 2984 1746
internal_value=1.09534e-05 -0.00109458 -0.00163538 0.000223485 0.000788412 -0.000583131
internal_weight=6743 1073 1018 5670 3342 2328
internal_count=6743 1073 1018 5670 3342 2328
is_linear=0
shrinkage=0.01


Tree=599
num_leaves=7
num_cat=0
split_feature=13 5 0 24 22 2
split_gain=15.8595 23.257 20.6203 27.6449 30.616 21.6156
threshold=69.488673062273008 0.11825463584017575 1.2723730332504524 -2.4999999999999711 31.600000000000026 0.29215137611234859
decision_type=2 2 2 10 10 2
left_child=2 -2 5 -4 -5 -1
right_child=1 -3 3 4 -6 -7
leaf_value=0.0018881447466201676 -0.0061019099992473871 0.00026886537827494492 -0.0013980159071401101 0.010642923765870577 0.00099142826706485215 -0.00018290637139145311
leaf_weight=542 93 121 78 58 73 5778
leaf_count=542 93 121 78 58 73 5778
internal_value=1.08545e-05 -0.00260391 0.000101938 0.00311864 0.00578729 -1.01203e-06
internal_weight=6743 214 6529 209 131 6320
internal_count=6743 214 6529 209 131 6320
is_linear=0
shrinkage=0.01


Tree=600
num_leaves=7
num_cat=0
split_feature=8 14 22 6 22 18
split_gain=15.6657 32.9914 72.053 69.3391 45.5873 45.4362
threshold=24.653250000000003 0.54361967088576424 26.700000000000021 1.4556948911021921 28.500000000000032 320.65000000000009
decision_type=2 2 8 2 8 10
left_child=-1 2 5 -4 -3 -2
right_child=1 4 3 -5 -6 -7
leaf_value=-0.00063825518195604963 0.0065533214106595931 -0.0028904788525166919 -0.00030581210602884042 0.0091366627213197299 0.00033594758699102899 -0.0023789174683575688
leaf_weight=2382 336 539 1210 73 2142 61
leaf_count=2382 336 539 1210 73 2142 61
internal_value=1.08364e-05 0.00036831 0.00146379 0.000290218 -0.000317322 0.00513156
internal_weight=6743 4361 1680 1283 2681 397
internal_count=6743 4361 1680 1283 2681 397
is_linear=0
shrinkage=0.01


Tree=601
num_leaves=7
num_cat=0
split_feature=11 18 13 15 22 25
split_gain=15.7535 21.1072 20.4755 36.3804 39.5566 67.8321
threshold=0.024351395750452469 291.30000000000007 55.669639344324075 0.46939228966590196 29.600000000000026 -2.7999999999999825
decision_type=2 8 2 2 10 10
left_child=2 -2 3 4 5 -1
right_child=1 -3 -4 -5 -6 -7
leaf_value=-0.00059436409805829716 -0.0016852749405526233 0.00024807239384501005 -0.0019140007281931092 0.00016898540426299737 0.000615940418545301 0.010057312514859645
leaf_weight=94 1065 1169 355 3573 345 142
leaf_count=94 1065 1169 355 3573 345 142
internal_value=1.08437e-05 -0.000672546 0.000352383 0.000552601 0.00285204 0.00592235
internal_weight=6743 2234 4509 4154 581 236
internal_count=6743 2234 4509 4154 581 236
is_linear=0
shrinkage=0.01


Tree=602
num_leaves=7
num_cat=0
split_feature=16 18 1 21 18 14
split_gain=15.7009 18.63 18.1183 18.7359 99.1256 51.9551
threshold=10.619077735791935 281.05000000000007 0.88110771321780501 286.4309981405035 287.55000000000007 0.10252281222668956
decision_type=2 10 2 10 10 2
left_child=2 -2 -1 4 5 -4
right_child=1 -3 3 -5 -6 -7
leaf_value=-0.0014513340946812098 -0.0051188061313587243 7.7689714569425747e-05 0.0058534941324115512 0.00056389823141515902 -0.0058386106071742 -0.00035368047593691237
leaf_weight=655 118 141 159 4733 286 651
leaf_count=655 118 141 159 4733 286 651
internal_value=1.08374e-05 -0.00235493 0.000110357 0.000289741 -0.00087954 0.000909095
internal_weight=6743 259 6484 5829 1096 810
internal_count=6743 259 6484 5829 1096 810
is_linear=0
shrinkage=0.01


Tree=603
num_leaves=7
num_cat=0
split_feature=7 9 13 19 14 8
split_gain=15.6731 50.0718 26.1105 24.1781 81.355 54.9765
threshold=1.0000000180025095e-35 0.008965750995440034 0.2897988112382342 275.14166666666767 0.086016241073786109 30.889350000000004
decision_type=2 2 2 10 2 2
left_child=3 2 -2 4 5 -1
right_child=1 -3 -4 -5 -6 -7
leaf_value=-0.00048484526108950377 -5.5883143419143654e-05 0.0074139664516999172 -0.0032653265516087416 0.00083605148770541119 -0.0010893633053271187 0.0080815818719565877
leaf_weight=126 528 55 490 3010 2370 164
leaf_count=126 528 55 490 3010 2370 164
internal_value=1.06066e-05 -0.00109032 -0.00162717 0.000222262 -0.000469074 0.00443419
internal_weight=6743 1073 1018 5670 2660 290
internal_count=6743 1073 1018 5670 2660 290
is_linear=0
shrinkage=0.01


Tree=604
num_leaves=7
num_cat=0
split_feature=5 6 15 7 0 2
split_gain=15.5832 21.3926 54.5409 28.7464 38.4544 27.6507
threshold=-0.04231065604838271 1.6996518539720642 1.7899272892230498 1.0000000180025095e-35 0.93562139328216709 0.32675681895125713
decision_type=2 2 2 2 2 2
left_child=-1 3 -3 5 -5 -2
right_child=1 2 -4 4 -6 -7
leaf_value=-0.0039462454090541119 0.0023035867766323793 0.0099807891254623735 -0.0011934043780387005 -0.0004536167328755196 -0.0051189129075176918 9.7396956143949474e-06
leaf_weight=88 579 65 97 727 227 4960
leaf_count=88 579 65 97 727 227 4960
internal_value=1.06403e-05 7.03055e-05 0.00355154 -2.03412e-05 -0.00161566 0.00025504
internal_weight=6743 6655 162 6493 954 5539
internal_count=6743 6655 162 6493 954 5539
is_linear=0
shrinkage=0.01


Tree=605
num_leaves=7
num_cat=0
split_feature=13 16 14 0 24 3
split_gain=15.4423 26.7525 20.3602 20.233 26.9244 35.6965
threshold=69.488673062273008 0.67530357215401604 0.25333555132544644 1.2723730332504524 -2.4999999999999711 0.53410852713178303
decision_type=2 2 2 2 10 2
left_child=3 -2 -3 -1 -5 -6
right_child=1 2 -4 4 5 -7
leaf_value=-1.538003952460184e-06 -0.0067518552845077856 0.0047909011474500099 -0.0026733739911428385 -0.0013683737444014036 0.011104496703059836 0.00075220908498501078
leaf_weight=6320 81 50 83 78 56 75
leaf_count=6320 81 50 83 78 56 75
internal_value=1.05277e-05 -0.00256959 0.00020161 0.000100425 0.00308867 0.00572223
internal_weight=6743 214 133 6529 209 131
internal_count=6743 214 133 6529 209 131
is_linear=0
shrinkage=0.01


Tree=606
num_leaves=7
num_cat=0
split_feature=16 18 11 15 8 8
split_gain=15.4388 18.2189 18.144 18.6887 18.3495 18.2661
threshold=10.619077735791935 281.05000000000007 0.047623304218267402 13.825441563322061 0.81270000000000009 15.902550000000003
decision_type=2 10 2 2 2 2
left_child=2 -2 3 4 -1 -6
right_child=1 -3 -4 -5 5 -7
leaf_value=0.0048161000976066912 -0.0050685701375186914 6.9805205189037012e-05 -0.0025025915694423017 -0.0033387195605286656 -0.00072959687849711262 0.00054733052470820642
leaf_weight=79 118 141 245 134 1470 4556
leaf_count=79 118 141 245 134 1470 4556
internal_value=1.04795e-05 -0.00233545 0.000109178 0.000217181 0.000302198 0.000233484
internal_weight=6743 259 6484 6239 6105 6026
internal_count=6743 259 6484 6239 6105 6026
is_linear=0
shrinkage=0.01


Tree=607
num_leaves=7
num_cat=0
split_feature=11 20 8 14 23 24
split_gain=15.3011 32.715 29.6856 32.6384 40.3437 38.4576
threshold=0.024351395750452469 0.017821110889073882 21.618000000000006 0.12628109640036736 11.740833333333358 -1.6999999999999884
decision_type=2 2 2 2 10 10
left_child=1 2 -1 4 -4 -6
right_child=-2 -3 3 -5 5 -7
leaf_value=-0.0010608166984296874 -0.00066323235243378965 0.0059221343721434904 0.0076884629414416851 0.00036838759461770411 -0.0053197786139531269 0.0034448582383638329
leaf_weight=1280 2234 93 134 2787 62 153
leaf_count=1280 2234 93 134 2787 62 153
internal_value=1.02531e-05 0.000346876 0.000214088 0.000739354 0.00358113 0.000748835
internal_weight=6743 4509 4416 3136 349 215
internal_count=6743 4509 4416 3136 349 215
is_linear=0
shrinkage=0.01


Tree=608
num_leaves=7
num_cat=0
split_feature=5 9 18 4 23 18
split_gain=15.2021 20.1369 25.2196 27.6004 27.5356 34.6046
threshold=-0.04231065604838271 0.0044634694335100242 229.35000000000005 0.1756458525304864 12.353333333333373 281.50000000000006
decision_type=2 2 8 2 8 10
left_child=-1 -2 3 -3 -4 -6
right_child=1 2 4 -5 5 -7
leaf_value=-0.0038978804309605336 -0.00012514079608481909 0.0011158746612669381 -0.0043422946238327615 0.0091899932151739833 -0.0018868933576922961 0.0035196913536933677
leaf_weight=88 5912 101 86 72 179 305
leaf_count=88 5912 101 86 72 179 305
internal_value=1.03043e-05 6.92539e-05 0.00161044 0.00484941 0.000543482 0.00150219
internal_weight=6743 6655 743 173 570 484
internal_count=6743 6655 743 173 570 484
is_linear=0
shrinkage=0.01


Tree=609
num_leaves=7
num_cat=0
split_feature=21 18 1 9 7 13
split_gain=15.4506 20.8846 18.9515 37.7186 37.1391 26.2497
threshold=282.73884993495784 315.15000000000009 1.188344594594595 0.0097402452888510262 1.0000000180025095e-35 55.669639344324075
decision_type=8 10 2 2 2 2
left_child=1 -1 -2 4 5 -4
right_child=2 -3 3 -5 -6 -7
leaf_value=-0.0008063071858521989 -0.00046594545574364952 -0.0067970107437244492 0.0012379937891695875 0.0073492884952092276 -0.0018387044763573457 -0.0021416206583677534
leaf_weight=407 2800 60 2596 72 567 241
leaf_count=407 2800 60 2596 72 567 241
internal_value=1.02246e-05 -0.00172331 0.000143345 0.00063694 0.000470923 0.000940873
internal_weight=6743 467 6276 3476 3404 2837
internal_count=6743 467 6276 3476 3404 2837
is_linear=0
shrinkage=0.01


Tree=610
num_leaves=7
num_cat=0
split_feature=5 6 2 25 25 17
split_gain=15.0247 20.6112 17.4417 26.9212 34.3938 27.4342
threshold=-0.04231065604838271 2.0876962900332665 0.39252743866798384 -2.7999999999999825 10.00000000000003 1.0000000180025095e-35
decision_type=2 2 2 10 8 2
left_child=-1 2 3 -2 5 -5
right_child=1 -3 -4 4 -6 -7
leaf_value=-0.003875302403252952 -0.0028912970656975331 0.0050513684477021059 -0.0002404630453424031 0.005354698757124055 -0.0023860619831054162 0.0013406799320703846
leaf_weight=88 140 72 5354 226 170 693
leaf_count=88 140 72 5354 226 170 693
internal_value=1.00118e-05 6.86256e-05 5.03222e-06 0.00107588 0.00161667 0.00238558
internal_weight=6743 6655 6583 1229 1089 919
internal_count=6743 6655 6583 1229 1089 919
is_linear=0
shrinkage=0.01


Tree=611
num_leaves=7
num_cat=0
split_feature=21 18 23 8 6 16
split_gain=15.1143 20.5378 20.5036 36.475 42.9903 51.5234
threshold=282.73884993495784 315.15000000000009 15.963333333333482 15.090300000000001 1.0356919014682917 3.9572668644050748
decision_type=8 10 8 2 2 2
left_child=1 -1 -2 -4 -5 -6
right_child=2 -3 3 4 5 -7
leaf_value=-0.00079518474665262709 0.00083898705173607508 -0.0067360011581331491 -0.0020035456141103548 -0.00034296366356706832 0.0046361026479207427 -0.0023592920005709554
leaf_weight=407 2519 60 954 2281 388 134
leaf_count=407 2519 60 954 2281 388 134
internal_value=9.91696e-06 -0.00170464 0.000141597 -0.000324321 0.000248738 0.00281096
internal_weight=6743 467 6276 3757 2803 522
internal_count=6743 467 6276 3757 2803 522
is_linear=0
shrinkage=0.01


Tree=612
num_leaves=7
num_cat=0
split_feature=13 16 14 0 24 3
split_gain=15.1044 26.2734 20.0524 19.5381 26.359 34.8844
threshold=69.488673062273008 0.67530357215401604 0.25333555132544644 1.2723730332504524 -2.4999999999999711 0.53410852713178303
decision_type=2 2 2 2 10 2
left_child=3 -2 -3 -1 -5 -6
right_child=1 2 -4 4 5 -7
leaf_value=-1.5850150264361152e-06 -0.0066868227425512378 0.0047579917609691623 -0.0026494861157831322 -0.0013723691158123651 0.010961901054675267 0.00072897658387527755
leaf_weight=6320 81 50 83 78 56 75
leaf_count=6320 81 50 83 78 56 75
internal_value=9.65842e-06 -0.00254207 0.000203338 9.85849e-05 0.00303507 0.00564148
internal_weight=6743 214 133 6529 209 131
internal_count=6743 214 133 6529 209 131
is_linear=0
shrinkage=0.01


Tree=613
num_leaves=7
num_cat=0
split_feature=16 18 1 7 9 9
split_gain=14.9752 17.8712 17.3563 19.8298 56.4373 31.3796
threshold=10.619077735791935 281.05000000000007 0.88110771321780501 1.0000000180025095e-35 0.0071163421494433035 -0.0068612849721010763
decision_type=2 10 2 2 2 2
left_child=2 -2 -1 -4 5 -5
right_child=1 -3 3 4 -6 -7
leaf_value=-0.0014216072763328588 -0.0050079347473729286 8.0122170932837671e-05 0.00053053480294302624 0.0016089013393071514 0.005953173430101706 -0.0030424597062750527
leaf_weight=655 118 141 4946 179 91 613
leaf_count=655 118 141 4946 179 91 613
internal_value=9.61719e-06 -0.00230081 0.000106847 0.000282451 -0.00108634 -0.00197178
internal_weight=6743 259 6484 5829 883 792
internal_count=6743 259 6484 5829 883 792
is_linear=0
shrinkage=0.01


Tree=614
num_leaves=7
num_cat=0
split_feature=5 6 0 0 24 20
split_gain=14.8377 20.0055 44.1486 17.7608 25.8252 17.4002
threshold=-0.04231065604838271 1.6996518539720642 0.99213245514361603 1.2723730332504524 -1.0999999999999657 0.0078375534055355033
decision_type=2 2 2 2 10 2
left_child=-1 3 -3 5 -5 -2
right_child=1 2 -4 4 -6 -7
leaf_value=-0.0038515551076555737 -0.00072772627060915416 0.009562807684498173 -0.00061342666058668066 -0.00098334881553755089 0.0066543069898493982 0.00033336719864280457
leaf_weight=88 2634 60 102 75 85 3699
leaf_count=88 2634 60 102 75 85 3699
internal_value=9.50178e-06 6.77596e-05 0.00343426 -1.98485e-05 0.00316809 -0.000106834
internal_weight=6743 6655 162 6493 160 6333
internal_count=6743 6655 162 6493 160 6333
is_linear=0
shrinkage=0.01


Tree=615
num_leaves=7
num_cat=0
split_feature=13 16 2 1 0 25
split_gain=14.9272 25.7658 19.5073 22.8768 19.7544 21.4788
threshold=69.488673062273008 0.67530357215401604 0.29215137611234859 1.043160096093547 1.2723730332504524 0.70000000000001716
decision_type=2 2 2 2 2 10
left_child=2 -2 3 -1 -4 -6
right_child=1 -3 4 -5 5 -7
leaf_value=-0.0012903039723082823 -0.0066315445328223432 0.00019148981602458686 -0.00017916603987616972 0.0031603194327277139 -0.0018816549569854271 0.0048367120115871331
leaf_weight=152 81 133 5778 391 59 149
leaf_count=152 81 133 5778 391 59 149
internal_value=9.53077e-06 -0.00252718 9.79429e-05 0.00189559 -6.63459e-05 0.00288625
internal_weight=6743 214 6529 543 5986 208
internal_count=6743 214 6529 543 5986 208
is_linear=0
shrinkage=0.01


Tree=616
num_leaves=7
num_cat=0
split_feature=15 8 13 13 8 2
split_gain=14.8434 18.5756 30.9078 26.4063 24.721 38.2148
threshold=13.825441563322061 2.4979500000000003 67.555787972333334 71.741627252874792 6.9615000000000009 0.47655677655677664
decision_type=2 2 2 2 2 2
left_child=1 -1 4 -4 -3 -6
right_child=-2 2 3 -5 5 -7
leaf_value=0.0025216185942217207 -0.0030995907703259343 -0.001948096051302316 -0.0087713741555732368 -0.0010187674110514178 0.0016860056720890879 -0.00019529743935664247
leaf_weight=288 140 530 62 130 1446 4147
leaf_count=288 140 530 62 130 1446 4147
internal_value=9.37928e-06 8.13968e-05 -3.2121e-05 -0.00388201 9.3103e-05 0.000291446
internal_weight=6743 6603 6315 192 6123 5593
internal_count=6743 6603 6315 192 6123 5593
is_linear=0
shrinkage=0.01


Tree=617
num_leaves=7
num_cat=0
split_feature=11 20 6 1 14 18
split_gain=14.8488 31.641 20.2896 26.6844 22.284 21.5292
threshold=0.024351395750452469 0.017821110889073882 1.0356919014682917 1.1476426843373646 0.19439451527118831 307.05000000000007
decision_type=2 2 2 2 2 10
left_child=1 -1 -2 5 -5 -4
right_child=2 -3 3 4 -6 -7
leaf_value=0.00021007382180959178 -0.0011385593431855647 0.0058237345460621483 -0.0034850558564579574 -0.0016357020141496773 0.0054440240785371876 0.002333160114705289
leaf_weight=4416 1779 93 141 52 163 99
leaf_count=4416 1779 93 141 52 163 99
internal_value=9.06595e-06 0.000340702 -0.000654371 0.00120102 0.00369068 -0.00104772
internal_weight=6743 4509 2234 455 215 240
internal_count=6743 4509 2234 455 215 240
is_linear=0
shrinkage=0.01


Tree=618
num_leaves=7
num_cat=0
split_feature=21 19 12 19 5 22
split_gain=14.8061 32.9456 20.9797 19.5445 66.8109 32.6574
threshold=282.73884993495784 246.32666666666702 1.0000000180025095e-35 220.32333333333347 0.082053216643186419 25.900000000000038
decision_type=8 10 2 8 2 10
left_child=1 2 -1 4 -2 -6
right_child=3 -3 -4 -5 5 -7
leaf_value=0.0023677677382334802 0.011790540518665998 -0.0067008486238208792 -0.0022892748023590277 -6.441607975074022e-05 0.0037710292536291853 -0.00076082571923340625
leaf_weight=159 50 93 215 5533 228 465
leaf_count=159 50 93 215 5533 228 465
internal_value=9.08713e-06 -0.00168789 -0.000273266 0.000139435 0.00165145 0.000748382
internal_weight=6743 467 374 6276 743 693
internal_count=6743 467 374 6276 743 693
is_linear=0
shrinkage=0.01


Tree=619
num_leaves=7
num_cat=0
split_feature=13 13 17 23 15 16
split_gain=14.6636 34.0956 45.0111 46.3348 37.5086 31.1062
threshold=55.669639344324075 38.164115140502453 1.0000000180025095e-35 15.841666666666699 5.4860443369576437 0.3631629955415252
decision_type=2 2 2 10 2 2
left_child=1 -1 3 4 -3 -2
right_child=5 2 -4 -5 -6 -7
leaf_value=-3.2354516978264399e-05 -0.0044739218060773495 0.0077442467366419148 -0.00068948950900724439 0.012727409948569697 -0.0028259398865823943 0.00045756237450119688
leaf_weight=5904 209 53 155 64 62 296
leaf_count=5904 209 53 155 64 62 296
internal_value=9.08678e-06 0.000144228 0.00320489 0.00648809 0.00219536 -0.00161121
internal_weight=6743 6238 334 179 115 505
internal_count=6743 6238 334 179 115 505
is_linear=0
shrinkage=0.01


Tree=620
num_leaves=7
num_cat=0
split_feature=7 9 0 18 21 22
split_gain=14.8553 47.0882 39.2598 25.3302 75.1692 70.1466
threshold=1.0000000180025095e-35 0.008965750995440034 0.93562139328216709 260.4500000000001 286.4309981405035 25.900000000000038
decision_type=2 2 2 10 10 8
left_child=3 2 -2 5 -5 -1
right_child=1 -3 -4 4 -6 -7
leaf_value=0.0023916509612958966 -0.00033313906273505612 0.0071836100782339384 -0.0046891895115809285 -0.0034882318650741816 0.0012980123907409208 -0.0015864273759267019
leaf_weight=582 736 55 282 358 2984 1746
leaf_count=582 736 55 282 358 2984 1746
internal_value=9.15745e-06 -0.00106263 -0.00158343 0.000215259 0.000773443 -0.000581655
internal_weight=6743 1073 1018 5670 3342 2328
internal_count=6743 1073 1018 5670 3342 2328
is_linear=0
shrinkage=0.01


Tree=621
num_leaves=7
num_cat=0
split_feature=16 18 15 12 0 15
split_gain=14.6521 17.4186 16.3542 17.5721 27.702 21.8201
threshold=10.619077735791935 281.05000000000007 13.825441563322061 2.9727379293480429 0.94346156988961283 0.047109071547776056
decision_type=2 10 2 2 2 2
left_child=2 -2 3 5 -5 -1
right_child=1 -3 -4 4 -6 -7
leaf_value=-0.0017152611226719317 -0.0049488624063906174 7.3704527974720826e-05 -0.0031889121025186159 -0.00045090805526805611 -0.0065718860196869212 0.00066264925145592733
leaf_weight=410 118 141 137 1310 69 4558
leaf_count=410 118 141 137 1310 69 4558
internal_value=9.04774e-06 -0.0022763 0.000105239 0.000182821 -0.000809487 0.000461344
internal_weight=6743 259 6484 6347 1379 4968
internal_count=6743 259 6484 6347 1379 4968
is_linear=0
shrinkage=0.01


Tree=622
num_leaves=7
num_cat=0
split_feature=7 9 0 15 4 18
split_gain=14.5432 46.2516 38.49 42.1609 32.3316 24.7693
threshold=1.0000000180025095e-35 0.008965750995440034 0.93562139328216709 1.3180889115993872 0.002302729062963397 260.4500000000001
decision_type=2 2 2 2 2 10
left_child=5 2 -2 4 -4 -1
right_child=1 -3 3 -5 -6 -7
leaf_value=-0.00057541464085515801 -0.0003299127042315552 0.0071206033310064901 -0.0053290157508654665 -0.0077062805923028182 0.0045035405668455205 0.00076458508738159331
leaf_weight=2328 736 55 51 167 64 3342
leaf_count=2328 736 55 51 167 64 3342
internal_value=8.65904e-06 -0.0010518 -0.00156803 -0.00464322 0 0.0002126
internal_weight=6743 1073 1018 282 115 5670
internal_count=6743 1073 1018 282 115 5670
is_linear=0
shrinkage=0.01


Tree=623
num_leaves=7
num_cat=0
split_feature=5 0 10 16 20 8
split_gain=14.6017 15.6146 23.2894 16.5373 23.7616 35.803
threshold=-0.04231065604838271 1.2723730332504524 0.017332036676623436 0.0053569966141446008 0.0069743967105340169 207.53325000000004
decision_type=2 2 2 2 2 2
left_child=-1 3 -3 -2 -5 -6
right_child=1 2 -4 4 5 -7
leaf_value=-0.0038217215502292529 -0.0021494778122744828 0.0078988844398859767 0.00053869854635140758 -0.00071098149834064204 5.1550388263568078e-05 0.0023571479319573754
leaf_weight=88 336 52 157 2266 2980 864
leaf_count=88 336 52 157 2266 2980 864
internal_value=8.51985e-06 6.63261e-05 0.00269266 -2.13182e-05 9.74002e-05 0.000577136
internal_weight=6743 6655 209 6446 6110 3844
internal_count=6743 6655 209 6446 6110 3844
is_linear=0
shrinkage=0.01


Tree=624
num_leaves=7
num_cat=0
split_feature=11 20 8 14 23 25
split_gain=14.5619 30.9834 27.9839 34.6853 43.464 38.6632
threshold=0.024351395750452469 0.017821110889073882 24.653250000000003 0.12628109640036736 11.740833333333358 -4.2999999999999821
decision_type=2 2 2 2 10 10
left_child=1 2 -1 4 5 -4
right_child=-2 -3 3 -5 -6 -7
leaf_value=-0.00094433616581944785 -0.00064848534759500212 0.0057627136860657667 0.0020024658601682684 0.00036124594847078591 0.00072761862987327742 0.01306265237363609
leaf_weight=1415 2234 93 67 2662 208 64
leaf_count=1415 2234 93 67 2662 208 64
internal_value=8.4963e-06 0.000336928 0.000207641 0.000755462 0.00372334 0.00802004
internal_weight=6743 4509 4416 3001 339 131
internal_count=6743 4509 4416 3001 339 131
is_linear=0
shrinkage=0.01


Tree=625
num_leaves=7
num_cat=0
split_feature=21 19 12 19 5 18
split_gain=14.6105 32.3896 23.7177 19.9769 64.8778 36.6065
threshold=282.73884993495784 246.32666666666702 1.0000000180025095e-35 220.32333333333347 0.082053216643186419 260.4500000000001
decision_type=10 10 2 8 2 10
left_child=1 2 -1 4 -2 -5
right_child=3 -3 -4 5 -6 -7
leaf_value=0.0025239671141519182 0.011668690316999953 -0.0066417723142731819 -0.0023615647118221191 -0.0013087344420714773 0.0007765605957011113 0.00046421566375026268
leaf_weight=161 50 93 226 1651 680 3882
leaf_count=161 50 93 226 1651 680 3882
internal_value=8.74193e-06 -0.00165272 -0.000291514 0.000140103 0.00168371 -6.44201e-05
internal_weight=6743 480 387 6263 730 5533
internal_count=6743 480 387 6263 730 5533
is_linear=0
shrinkage=0.01


Tree=626
num_leaves=7
num_cat=0
split_feature=16 18 1 7 9 0
split_gain=14.3763 16.9959 16.6809 19.0842 53.6803 47.0416
threshold=10.619077735791935 293.75000000000006 0.88110771321780501 1.0000000180025095e-35 0.0071163421494433035 0.97671930201683632
decision_type=2 10 2 2 2 2
left_child=2 -2 -1 -4 5 -5
right_child=1 -3 3 4 -6 -7
leaf_value=-0.0013943463023927036 -0.0044049539837616091 0.00057380566456756454 0.00051961356190995947 -0.0004751025203900212 0.0057983575790825463 -0.0060415984684115522
leaf_weight=655 146 113 4946 595 91 197
leaf_count=655 146 113 4946 595 91 197
internal_value=8.73034e-06 -0.002255 0.000104027 0.00027621 -0.00106653 -0.00193023
internal_weight=6743 259 6484 5829 883 792
internal_count=6743 259 6484 5829 883 792
is_linear=0
shrinkage=0.01


Tree=627
num_leaves=7
num_cat=0
split_feature=13 13 14 19 2 8
split_gain=14.401 33.2347 57.8682 40.5804 29.3782 52.4638
threshold=55.669639344324075 38.164115140502453 0.46918281386346855 249.88166666666646 0.51686425246047851 683.67465000000004
decision_type=2 2 2 10 2 2
left_child=1 4 -3 -4 5 -1
right_child=-2 2 3 -5 -6 -7
leaf_value=0.00049600667195871416 -0.0015971850590029892 -0.00029463594465946351 0.00063324101505771516 0.011934339436151648 -0.00053921680334883388 0.006836578803572883
leaf_weight=1875 505 198 53 83 3898 131
leaf_count=1875 505 198 53 83 3898 131
internal_value=8.53311e-06 0.000142473 0.00316425 0.00794375 -3.18446e-05 0.00094689
internal_weight=6743 6238 334 136 5904 2006
internal_count=6743 6238 334 136 5904 2006
is_linear=0
shrinkage=0.01


Tree=628
num_leaves=7
num_cat=0
split_feature=21 18 23 8 6 16
split_gain=14.3534 19.811 19.7369 34.9458 40.7209 49.2706
threshold=282.73884993495784 315.15000000000009 15.963333333333482 15.090300000000001 1.0356919014682917 3.9572668644050748
decision_type=10 10 8 2 2 2
left_child=1 -1 -2 -4 -5 -6
right_child=2 -3 3 4 5 -7
leaf_value=-0.00077046153729857321 0.00082563956352886807 -0.0065907203123372581 -0.0019611312952516956 -0.00033237860697482271 0.00452224002011476 -0.0023174104613584256
leaf_weight=420 2506 60 954 2281 388 134
leaf_count=420 2506 60 954 2281 388 134
internal_value=8.70646e-06 -0.00163806 0.00013892 -0.000317458 0.000243393 0.00273711
internal_weight=6743 480 6263 3757 2803 522
internal_count=6743 480 6263 3757 2803 522
is_linear=0
shrinkage=0.01


Tree=629
num_leaves=7
num_cat=0
split_feature=5 6 11 16 15 8
split_gain=14.4462 19.1153 15.7139 16.1911 15.8669 19.7612
threshold=-0.04231065604838271 2.0876962900332665 0.047001379413421168 10.619077735791935 13.825441563322061 0.81270000000000009
decision_type=2 2 2 2 2 2
left_child=-1 2 3 4 5 -2
right_child=1 -3 -4 -5 -6 -7
leaf_value=-0.0038013087931488246 0.0050528772019369662 0.0048644950286280816 -0.0024580451733424292 -0.0023334417837918148 -0.0030900914343500274 0.00021647346728390437
leaf_weight=88 76 72 239 251 132 5885
leaf_count=88 76 72 239 251 132 5885
internal_value=8.46206e-06 6.59674e-05 4.66919e-06 0.000102744 0.0002084 0.000288169
internal_weight=6743 6655 6583 6344 6093 5961
internal_count=6743 6655 6583 6344 6093 5961
is_linear=0
shrinkage=0.01


Tree=630
num_leaves=7
num_cat=0
split_feature=21 19 14 21 18 7
split_gain=14.1324 24.0885 65.4232 39.7059 44.5346 46.8834
threshold=281.37248889193683 220.32333333333347 0.086016241073786109 286.4309981405035 261.25000000000006 1.0000000180025095e-35
decision_type=8 8 2 10 10 2
left_child=-1 2 -2 -3 -5 -6
right_child=1 3 -4 4 5 -7
leaf_value=-0.001973873345390279 0.0078905993760940551 -0.0030069695235121837 0.0004080879845131333 -0.0012732283636444814 0.0012688415937983676 -0.0017099832088974204
leaf_weight=331 132 429 687 1570 2963 631
leaf_count=331 132 429 687 1570 2963 631
internal_value=8.32489e-06 0.000115121 0.00170676 -0.000118792 0.000124559 0.00073978
internal_weight=6743 6412 819 5593 5164 3594
internal_count=6743 6412 819 5593 5164 3594
is_linear=0
shrinkage=0.01


Tree=631
num_leaves=7
num_cat=0
split_feature=13 5 2 11 8 8
split_gain=14.2985 22.5288 18.7103 21.921 27.8971 18.3329
threshold=69.488673062273008 0.20869616417799558 0.29215137611234859 0.03613964204616666 6.9232500000000003 8.6296500000000016
decision_type=2 2 2 2 2 2
left_child=2 5 3 4 -1 -2
right_child=1 -3 -4 -5 -6 -7
leaf_value=-0.00067302326398684565 -0.00010065278842706572 0.0016315183413867979 -6.6064088558431594e-05 -0.0011330097830356209 0.004964196353059596 -0.0075777731189033493
leaf_weight=123 56 77 5986 162 258 81
leaf_count=123 56 77 5986 162 258 81
internal_value=8.23578e-06 -0.00247446 9.47996e-05 0.00185536 0.00314806 -0.00480422
internal_weight=6743 214 6529 543 381 137
internal_count=6743 214 6529 543 381 137
is_linear=0
shrinkage=0.01


Tree=632
num_leaves=7
num_cat=0
split_feature=5 6 7 0 13 15
split_gain=14.118 18.8699 21.4408 43.5884 27.2716 26.6833
threshold=-0.04231065604838271 2.0876962900332665 1.0000000180025095e-35 0.97671930201683632 16.490371260983618 1.3180889115993872
decision_type=2 2 2 2 2 2
left_child=-1 2 -2 4 -4 -5
right_child=1 -3 3 5 -6 -7
leaf_value=-0.0037581905104904154 0.00024723452135386794 0.0048325274584860335 0.00052172592061021752 -0.00083895635247851423 -0.0045505673253536227 -0.0083155126065488846
leaf_weight=88 5586 72 680 86 115 116
leaf_count=88 5586 72 680 86 115 116
internal_value=8.05043e-06 6.49163e-05 4.00424e-06 -0.00133776 -0.000246994 -0.00536931
internal_weight=6743 6655 6583 997 795 202
internal_count=6743 6655 6583 997 795 202
is_linear=0
shrinkage=0.01


Tree=633
num_leaves=7
num_cat=0
split_feature=11 20 4 0 19 13
split_gain=14.0518 30.1755 19.7237 21.9895 23.9216 17.806
threshold=0.024351395750452469 0.017821110889073882 0.043670562441908721 0.9083155331083449 302.52666666666727 55.669639344324075
decision_type=2 2 2 2 8 2
left_child=1 5 -2 -4 -5 -1
right_child=2 -3 3 4 -6 -7
leaf_value=0.00039269627742776056 -0.0010420781500497375 0.005685003541626976 -0.0007131470131324022 0.0068072679432817796 -0.001104585248976946 -0.0019250399665777676
leaf_weight=4066 1890 93 190 103 51 350
leaf_count=4066 1890 93 190 103 51 350
internal_value=7.76465e-06 0.000330421 -0.000637583 0.0015232 0.00421855 0.000202805
internal_weight=6743 4509 2234 344 154 4416
internal_count=6743 4509 2234 344 154 4416
is_linear=0
shrinkage=0.01


Tree=634
num_leaves=7
num_cat=0
split_feature=21 18 23 8 13 0
split_gain=13.9608 19.4383 19.1783 34.0444 74.218 33.7571
threshold=282.73884993495784 315.15000000000009 15.963333333333482 15.090300000000001 17.877604077128598 0.96240071195936816
decision_type=10 10 8 2 2 2
left_child=1 -1 -2 5 -5 -4
right_child=2 -3 3 4 -6 -7
leaf_value=-0.00075684121917110202 0.00081317233036469147 -0.0065220645913588154 -0.0012103317030232787 -0.00038988466383960591 0.0043969510852524029 -0.0070002221700568232
leaf_weight=420 2506 60 847 2440 363 107
leaf_count=420 2506 60 847 2440 363 107
internal_value=7.77734e-06 -0.0016163 0.00013622 -0.000313628 0.000239902 -0.00193598
internal_weight=6743 480 6263 3757 2803 954
internal_count=6743 480 6263 3757 2803 954
is_linear=0
shrinkage=0.01


Tree=635
num_leaves=7
num_cat=0
split_feature=13 13 14 22 16 2
split_gain=13.9218 32.2099 56.6016 37.2811 30.4626 28.5288
threshold=55.669639344324075 38.164115140502453 0.46918281386346855 28.500000000000032 0.3631629955415252 0.51686425246047851
decision_type=2 2 2 10 2 2
left_child=1 5 -3 -4 -2 -1
right_child=4 2 3 -5 -6 -7
leaf_value=0.0009320749098575713 -0.0044045750488480341 -0.00030564995652709442 0.00087107915256638083 0.01172888545764853 0.00047514671011633099 -0.00053238461421908814
leaf_weight=2006 209 198 54 82 296 3898
leaf_count=2006 209 198 54 82 296 3898
internal_value=7.48234e-06 0.000139202 0.00311404 0.00784114 -0.00157128 -3.23801e-05
internal_weight=6743 6238 334 136 505 5904
internal_count=6743 6238 334 136 505 5904
is_linear=0
shrinkage=0.01


Tree=636
num_leaves=7
num_cat=0
split_feature=13 16 0 25 3 20
split_gain=13.7679 24.2786 18.179 21.9578 41.7335 18.1428
threshold=69.488673062273008 0.67530357215401604 1.2723730332504524 0.70000000000001716 0.53410852713178303 0.0069743967105340169
decision_type=2 2 2 10 2 2
left_child=2 -2 5 -4 -5 -1
right_child=1 -3 3 4 -6 -7
leaf_value=-0.00072338043201656958 -0.0064133611718540659 0.00020700752787239902 -0.0019015719854961271 0.010682154200971126 0.00024044606499373913 0.00039304699754409613
leaf_weight=2254 81 133 59 60 90 4066
leaf_count=2254 81 133 59 60 90 4066
internal_value=7.5373e-06 -0.00242863 9.25085e-05 0.00292505 0.00488622 -4.05588e-06
internal_weight=6743 214 6529 209 150 6320
internal_count=6743 214 6529 209 150 6320
is_linear=0
shrinkage=0.01


Tree=637
num_leaves=7
num_cat=0
split_feature=5 6 15 2 13 25
split_gain=13.8858 18.4415 52.7798 16.2215 23.4115 26.3111
threshold=-0.04231065604838271 1.6996518539720642 1.7899272892230498 0.29609949564028709 19.544092818187696 -1.2999999999999827
decision_type=2 2 2 2 2 10
left_child=-1 3 -3 4 5 -2
right_child=1 2 -4 -5 -6 -7
leaf_value=-0.0037276372872292996 -0.0022264609617802002 0.0096264276562879475 -0.0013555252733074615 -0.00017825631054026208 -0.0012661521330152696 0.0041724687474082008
leaf_weight=88 71 65 97 5919 186 317
leaf_count=88 71 65 97 5919 186 317
internal_value=7.49872e-06 6.39081e-05 0.00329617 -2.01436e-05 0.0015683 0.00294988
internal_weight=6743 6655 162 6493 574 388
internal_count=6743 6655 162 6493 574 388
is_linear=0
shrinkage=0.01


Tree=638
num_leaves=7
num_cat=0
split_feature=11 6 1 14 13 5
split_gain=13.799 19.4556 25.2997 21.3249 18.0392 34.8335
threshold=0.024351395750452469 1.0356919014682917 1.1476426843373646 0.19439451527118831 55.669639344324075 0.054776957392859892
decision_type=2 2 2 2 2 2
left_child=4 -2 -3 -4 -1 -6
right_child=1 2 3 -5 5 -7
leaf_value=0.00051524688807073427 -0.0011063012561731951 -0.0010045669349795206 -0.0015988932751239307 0.005324256417282314 -0.0081471811852284835 -0.00025114319018149355
leaf_weight=4154 1779 240 52 163 60 295
leaf_count=4154 1779 240 52 163 60 295
internal_value=7.43921e-06 -0.000632063 0.00118457 0.00360873 0.000327193 -0.00179973
internal_weight=6743 2234 455 215 4509 355
internal_count=6743 2234 455 215 4509 355
is_linear=0
shrinkage=0.01


Tree=639
num_leaves=7
num_cat=0
split_feature=21 19 14 21 18 18
split_gain=13.6525 23.4611 64.0683 38.962 43.5859 41.0097
threshold=281.37248889193683 220.32333333333347 0.086016241073786109 286.4309981405035 261.25000000000006 318.85000000000008
decision_type=8 8 2 10 10 10
left_child=-1 2 -2 5 -5 -3
right_child=1 3 -4 4 -6 -7
leaf_value=-0.0019410222662132113 0.0078024333458997213 -0.00077803467953058538 0.00039779167634019445 -0.0012603668939496118 0.00073108219128195998 -0.0073663191423596203
leaf_weight=331 132 295 687 1570 3594 134
leaf_count=331 132 295 687 1570 3594 134
internal_value=7.21275e-06 0.000112207 0.001683 -0.000118617 0.000122428 -0.00297961
internal_weight=6743 6412 819 5593 5164 429
internal_count=6743 6412 819 5593 5164 429
is_linear=0
shrinkage=0.01


Tree=640
num_leaves=7
num_cat=0
split_feature=16 18 11 15 8 9
split_gain=13.6609 16.5374 16.3139 16.5532 18.0061 16.6069
threshold=10.619077735791935 281.05000000000007 0.047623304218267402 13.825441563322061 0.81270000000000009 0.0061700970853103441
decision_type=2 10 2 2 2 2
left_child=2 -2 3 4 -1 -6
right_child=1 -3 -4 -5 5 -7
leaf_value=0.0047536293940430279 -0.0048040103093808283 8.7577890395032653e-05 -0.0023764250600966171 -0.0031437655162719442 6.8417956215048351e-05 0.0021236795709739693
leaf_weight=79 118 141 245 134 5612 414
leaf_count=79 118 141 245 134 5612 414
internal_value=7.07526e-06 -0.00219959 0.000100011 0.000202505 0.00028261 0.00021456
internal_weight=6743 259 6484 6239 6105 6026
internal_count=6743 259 6484 6239 6105 6026
is_linear=0
shrinkage=0.01


Tree=641
num_leaves=7
num_cat=0
split_feature=7 0 10 18 21 18
split_gain=13.7983 36.7783 32.8631 23.2504 70.6579 50.4177
threshold=1.0000000180025095e-35 0.7838516908868669 0.019468567683450278 260.4500000000001 286.4309981405035 287.55000000000007
decision_type=2 2 2 10 8 10
left_child=3 -2 -3 -1 5 -5
right_child=1 2 -4 4 -6 -7
leaf_value=-0.00055774768856693647 0.001338645398677838 0.0036565619629300851 -0.0032065451575946729 0.0033319636713713408 0.0012491695568101384 -0.0053487391562104733
leaf_weight=2328 400 69 604 78 2984 280
leaf_count=2328 400 69 604 78 2984 280
internal_value=6.95577e-06 -0.00102595 -0.00244502 0.000205648 0.000740481 -0.00339109
internal_weight=6743 1073 673 5670 3342 358
internal_count=6743 1073 673 5670 3342 358
is_linear=0
shrinkage=0.01


Tree=642
num_leaves=7
num_cat=0
split_feature=15 15 25 15 18 21
split_gain=13.6424 36.615 42.9112 40.6298 23.855 23.565
threshold=0.024460165809408501 0.46939228966590196 9.3000000000000131 0.36466965826878145 172.45000000000002 287.52959142738797
decision_type=2 2 10 2 10 10
left_child=-1 2 3 -2 -5 -3
right_child=1 5 -4 4 -6 -7
leaf_value=-0.0017781290126004023 0.0020507484020485557 -0.0013261177584664757 -0.0022309952522657482 0.0025653375685214998 0.012482935934755449 0.00020927866398437724
leaf_weight=392 389 1279 148 50 64 4421
leaf_count=392 389 1279 148 50 64 4421
internal_value=6.89308e-06 0.000121263 0.00235009 0.00373471 0.00877143 -0.000135211
internal_weight=6743 6351 651 503 114 5700
internal_count=6743 6351 651 503 114 5700
is_linear=0
shrinkage=0.01


Tree=643
num_leaves=7
num_cat=0
split_feature=2 19 18 14 19 21
split_gain=13.532 32.2866 21.1446 21.1099 23.4718 15.7523
threshold=0.25016427365162591 255.18666666666607 305.65000000000003 0.14912527721288293 295.9500000000001 287.52959142738797
decision_type=2 8 10 2 8 10
left_child=1 -1 -3 -4 -5 -2
right_child=5 2 3 4 -6 -7
leaf_value=0.0071882469864326653 -0.0010188492089237954 -0.0029670856285095217 -0.0027313689370789835 -0.00044034352685723985 0.0073833248495002802 0.00016532897844524164
leaf_weight=77 1443 115 52 60 82 4914
leaf_count=77 1443 115 52 60 82 4914
internal_value=7.00144e-06 0.00180199 0.000245176 0.00225048 0.00420028 -0.00010308
internal_weight=6743 386 309 194 142 6357
internal_count=6743 386 309 194 142 6357
is_linear=0
shrinkage=0.01


Tree=644
num_leaves=7
num_cat=0
split_feature=11 20 4 3 15 15
split_gain=13.5957 29.0835 18.9845 24.2396 18.677 35.9948
threshold=0.024351395750452469 0.017821110889073882 0.043670562441908721 -0.13196894177618951 0.011534135119591253 0.46939228966590196
decision_type=2 2 2 2 2 2
left_child=1 4 -2 -4 -1 -6
right_child=2 -3 3 -5 5 -7
leaf_value=-0.0025399322883978967 -0.0010246402208261365 0.0055812838377015108 -0.0029841653976057261 0.0029659494686310583 0.0029686632137901708 2.3701464135715832e-05
leaf_weight=225 1890 93 81 263 458 3733
leaf_count=225 1890 93 81 263 458 3733
internal_value=7.01405e-06 0.000324416 -0.00062775 0.00149194 0.000199088 0.000354213
internal_weight=6743 4509 2234 344 4416 4191
internal_count=6743 4509 2234 344 4416 4191
is_linear=0
shrinkage=0.01


Tree=645
num_leaves=7
num_cat=0
split_feature=7 9 0 15 6 25
split_gain=13.6518 43.8333 37.2855 39.6514 30.4388 24.2348
threshold=1.0000000180025095e-35 0.008965750995440034 0.93562139328216709 1.3180889115993872 1.0035403338739204 5.900000000000035
decision_type=2 2 2 2 2 8
left_child=-1 2 -2 4 -4 -5
right_child=1 -3 3 5 -6 -7
leaf_value=0.00020465946318995202 -0.00030471878439929567 0.0069347271311741608 -0.0052111613213038834 -0.0026516300240574881 0.0043298998706646869 -0.010821812122064357
leaf_weight=5670 736 55 51 76 64 91
leaf_count=5670 736 55 51 76 64 91
internal_value=7.01782e-06 -0.00102038 -0.00152318 -0.0045497 0 -0.00752002
internal_weight=6743 1073 1018 282 115 167
internal_count=6743 1073 1018 282 115 167
is_linear=0
shrinkage=0.01


Tree=646
num_leaves=7
num_cat=0
split_feature=0 16 9 16 20 11
split_gain=13.5332 22.3449 18.8786 15.2763 23.49 33.6948
threshold=1.2519505216138527 0.74691187563582562 0.0016937567398437449 0.0053569966141446008 0.0069743967105340169 0.011639478312664913
decision_type=2 2 2 2 2 2
left_child=3 -2 -3 -1 -5 -6
right_child=1 2 -4 4 5 -7
leaf_value=-0.0020927290465379282 0.0075210962072014814 0.0029783617408007134 -0.0032705836743116379 -0.00076932512479990268 0.0074956083998960615 0.00038109518774617285
leaf_weight=346 52 111 70 2266 58 3840
leaf_count=346 52 111 70 2266 58 3840
internal_value=6.80666e-06 0.00232528 0.000464582 -7.80794e-05 3.65944e-05 0.000508423
internal_weight=6743 233 181 6510 6164 3898
internal_count=6743 233 181 6510 6164 3898
is_linear=0
shrinkage=0.01


Tree=647
num_leaves=7
num_cat=0
split_feature=17 2 16 19 21 0
split_gain=13.5233 48.523 48.0084 39.534 65.2133 33.964
threshold=1.0000000180025095e-35 0.66305655650227602 6.7356785747550196 185.49500000000009 286.4309981405035 1.0002375396795216
decision_type=2 2 2 10 10 2
left_child=1 2 3 -1 -5 -2
right_child=5 -3 -4 4 -6 -7
leaf_value=0.0086624790681526075 -6.9403808350470585e-05 -0.00057470555009101593 -0.0036543900026461212 -0.002650755674641327 0.0030507436399544053 -0.0031851378446398071
leaf_weight=86 2960 1946 134 241 988 388
leaf_count=86 2960 1946 134 241 988 388
internal_value=6.9199e-06 0.000452436 0.00183322 0.00242332 0.00191227 -0.000441874
internal_weight=6743 3395 1449 1315 1229 3348
internal_count=6743 3395 1449 1315 1229 3348
is_linear=0
shrinkage=0.01


Tree=648
num_leaves=7
num_cat=0
split_feature=5 6 7 0 18 21
split_gain=13.5086 17.89 20.6203 42.0745 22.2693 57.4243
threshold=-0.04231065604838271 2.0876962900332665 1.0000000180025095e-35 0.97671930201683632 260.4500000000001 286.4309981405035
decision_type=2 2 2 2 8 10
left_child=-1 2 4 -4 -2 -6
right_child=1 -3 3 -5 5 -7
leaf_value=-0.0036772339262676483 -0.00050799196036159229 0.0047046290837773463 -0.00024082853858176944 -0.0052736341356045026 -0.003030795454075409 0.0012282504758825545
leaf_weight=88 2304 72 795 202 344 2938
leaf_count=88 2304 72 795 202 344 2938
internal_value=6.81485e-06 6.24741e-05 3.12604e-06 -0.00131269 0.000241688 0.000770954
internal_weight=6743 6655 6583 997 5586 3282
internal_count=6743 6655 6583 997 5586 3282
is_linear=0
shrinkage=0.01


Tree=649
num_leaves=7
num_cat=0
split_feature=16 18 15 15 15 25
split_gain=13.4228 16.1199 14.8118 15.648 33.6824 44.2776
threshold=10.619077735791935 293.75000000000006 13.825441563322061 0.047109071547776056 0.46939228966590196 9.3000000000000131
decision_type=2 10 2 2 2 10
left_child=2 -2 3 -1 5 -5
right_child=1 -3 -4 4 -6 -7
leaf_value=-0.001682553387783142 -0.0042750820572464137 0.00057145724709077572 -0.0030360906630387007 0.0039525816380189737 4.3931731937750321e-05 -0.0021623847791836094
leaf_weight=413 146 113 137 477 5310 147
leaf_count=413 146 113 137 477 5310 147
internal_value=6.5868e-06 -0.00218076 9.87226e-05 0.00017263 0.000306045 0.00248488
internal_weight=6743 259 6484 6347 5934 624
internal_count=6743 259 6484 6347 5934 624
is_linear=0
shrinkage=0.01


Tree=650
num_leaves=7
num_cat=0
split_feature=11 20 8 14 22 24
split_gain=13.3123 28.6071 26.2595 29.6661 26.9193 30.059
threshold=0.024351395750452469 0.017821110889073882 21.618000000000006 0.12628109640036736 26.000000000000032 -1.6999999999999884
decision_type=2 2 2 2 10 10
left_child=1 2 -1 4 -4 -6
right_child=-2 -3 3 -5 5 -7
leaf_value=-0.001002723265793707 -0.00062170559206890124 0.0055341303677668855 0.0068269039542539749 0.0003365487260772903 -0.0040469080737078342 0.0035371038827304701
leaf_weight=1280 2234 93 131 2787 67 151
leaf_count=1280 2234 93 131 2787 67 151
internal_value=6.39377e-06 0.000320488 0.000196175 0.000690331 0.0033996 0.00108711
internal_weight=6743 4509 4416 3136 349 218
internal_count=6743 4509 4416 3136 349 218
is_linear=0
shrinkage=0.01


Tree=651
num_leaves=7
num_cat=0
split_feature=13 16 14 2 8 25
split_gain=13.2549 23.5342 19.707 17.6025 20.0488 26.5919
threshold=69.488673062273008 0.67530357215401604 0.25333555132544644 0.29215137611234859 6.9232500000000003 -1.2999999999999827
decision_type=2 2 2 2 2 10
left_child=3 -2 -3 4 -1 -6
right_child=1 2 -4 -5 5 -7
leaf_value=-0.0010238350374624134 -0.0063072165240953262 0.0047247266663859293 -0.0026183841532216442 -6.6089776852511597e-05 -0.0021056011239089433 0.0043224341488042493
leaf_weight=165 81 50 83 5986 72 306
leaf_count=165 81 50 83 5986 72 306
internal_value=6.48625e-06 -0.00238385 0.000209608 8.9889e-05 0.00179757 0.00304956
internal_weight=6743 214 133 6529 543 378
internal_count=6743 214 133 6529 543 378
is_linear=0
shrinkage=0.01


Tree=652
num_leaves=7
num_cat=0
split_feature=5 6 15 7 1 13
split_gain=13.204 17.7312 50.9752 24.4863 25.97 29.6304
threshold=-0.04231065604838271 1.6996518539720642 1.7899272892230498 1.0000000180025095e-35 1.900803901073066 16.490371260983618
decision_type=2 2 2 2 2 2
left_child=-1 3 -3 -2 5 -5
right_child=1 2 -4 4 -6 -7
leaf_value=-0.0036359445066476356 0.00023301596031944882 0.0094524208078781771 -0.0013386506615119559 -3.218485093474342e-05 -0.0060426456092058543 -0.0050313543541343894
leaf_weight=88 5539 65 97 719 102 133
leaf_count=88 5539 65 97 719 102 133
internal_value=6.31663e-06 6.13622e-05 0.00323079 -2.10237e-05 -0.00149349 -0.000873488
internal_weight=6743 6655 162 6493 954 852
internal_count=6743 6655 162 6493 954 852
is_linear=0
shrinkage=0.01


Tree=653
num_leaves=7
num_cat=0
split_feature=0 25 10 9 19 14
split_gain=13.1893 18.1017 29.4993 18.2994 14.5011 71.9829
threshold=1.2519505216138527 0.70000000000001716 0.022900467895944177 0.00054545454545454439 220.32333333333347 0.086016241073786109
decision_type=2 10 2 2 8 2
left_child=4 -2 -3 -4 5 -1
right_child=1 2 3 -5 -6 -7
leaf_value=0.0071289716856439171 -0.0017326466369006453 0.0095370585849833874 0.0048468543030321595 -0.0026350979108205985 -0.00028397467253275826 -0.00011507701770252346
leaf_weight=152 69 53 50 61 5481 877
leaf_count=152 69 53 50 61 5481 877
internal_value=6.09952e-06 0.00229496 0.00404916 0.00077454 -7.76817e-05 0.00100368
internal_weight=6743 233 164 111 6510 1029
internal_count=6743 233 164 111 6510 1029
is_linear=0
shrinkage=0.01


Tree=654
num_leaves=7
num_cat=0
split_feature=17 2 16 19 21 5
split_gain=13.2105 47.4531 46.7309 38.4011 63.3686 40.6112
threshold=1.0000000180025095e-35 0.66305655650227602 6.7356785747550196 185.49500000000009 286.4309981405035 0.19398017230562253
decision_type=2 2 2 10 10 2
left_child=1 2 3 -1 -5 -6
right_child=-2 -3 -4 4 5 -7
leaf_value=0.0085441490456772354 -0.00043729896981453833 -0.00056910158285247649 -0.0036016802374635721 -0.0026073485760545112 0.0051336129350189564 0.0010396876384126009
leaf_weight=86 3348 1946 134 241 466 522
leaf_count=86 3348 1946 134 241 466 522
internal_value=6.25689e-06 0.000446609 0.00181211 0.00239435 0.00189045 0.00301274
internal_weight=6743 3395 1449 1315 1229 988
internal_count=6743 3395 1449 1315 1229 988
is_linear=0
shrinkage=0.01


Tree=655
num_leaves=7
num_cat=0
split_feature=13 16 14 2 1 7
split_gain=13.0713 23.139 19.3903 17.2301 21.9484 17.6735
threshold=69.488673062273008 0.67530357215401604 0.25333555132544644 0.29215137611234859 1.043160096093547 1.0000000180025095e-35
decision_type=2 2 2 2 2 2
left_child=3 -2 -3 4 -1 -6
right_child=1 2 -4 -5 5 -7
leaf_value=-0.0013387587311229222 -0.0062576874120386095 0.0046832978293920562 -0.002600606617728068 -6.5193409587528157e-05 0.0043281217791046626 -0.00024885235257450587
leaf_weight=152 81 50 83 5986 279 112
leaf_count=152 81 50 83 5986 279 112
internal_value=6.2758e-06 -0.00236745 0.000203786 8.91097e-05 0.00177864 0.00301862
internal_weight=6743 214 133 6529 543 391
internal_count=6743 214 133 6529 543 391
is_linear=0
shrinkage=0.01


Tree=656
num_leaves=7
num_cat=0
split_feature=24 0 2 17 13 22
split_gain=12.9892 24.7485 16.4542 47.1069 47.2568 31.9613
threshold=10.00000000000003 0.97820188488920812 0.6208250652326831 1.0000000180025095e-35 3.6073062513955128 28.300000000000015
decision_type=8 2 2 2 2 10
left_child=2 -2 3 5 -5 -1
right_child=1 -3 -4 4 -6 -7
leaf_value=-0.00010521540596980502 -0.00060546497803475421 -0.0068096988869679942 -0.00043280141366681117 0.0016327127790275648 -0.0012948594452722546 0.0034951345415714557
leaf_weight=360 557 64 2698 872 1458 734
leaf_count=360 557 64 2698 872 1458 734
internal_value=6.13162e-06 -0.0013585 0.000148177 0.000608809 -0.00019265 0.0023111
internal_weight=6743 621 6122 3424 2330 1094
internal_count=6743 621 6122 3424 2330 1094
is_linear=0
shrinkage=0.01


Tree=657
num_leaves=7
num_cat=0
split_feature=11 20 4 0 19 15
split_gain=13.0801 27.7518 18.6986 21.1282 23.458 17.8322
threshold=0.024351395750452469 0.017821110889073882 0.043670562441908721 0.9083155331083449 302.52666666666727 0.011534135119591253
decision_type=2 2 2 2 8 2
left_child=1 5 -2 -4 -5 -1
right_child=2 -3 3 4 -6 -7
leaf_value=-0.0024814089904836517 -0.0010105824007830388 0.0054525081684939488 -0.00070412214405369015 0.0066940616831117497 -0.0011348845913517671 0.00034644927391353159
leaf_weight=225 1890 93 190 103 51 4191
leaf_count=225 1890 93 190 103 51 4191
internal_value=5.95004e-06 0.000317307 -0.000616635 0.00148694 0.00412927 0.000194827
internal_weight=6743 4509 2234 344 154 4416
internal_count=6743 4509 2234 344 154 4416
is_linear=0
shrinkage=0.01


Tree=658
num_leaves=7
num_cat=0
split_feature=5 6 15 7 0 2
split_gain=12.9958 17.2299 50.1547 24.0415 34.767 23.8293
threshold=-0.04231065604838271 1.6996518539720642 1.7899272892230498 1.0000000180025095e-35 0.93562139328216709 0.32675681895125713
decision_type=2 2 2 2 2 2
left_child=-1 3 -3 5 -5 -2
right_child=1 2 -4 4 -6 -7
leaf_value=-0.0036074624035735518 0.0021327946305667099 0.0093569551942249141 -0.0013455093958388978 -0.00037499810309620673 -0.004810150767254588 3.2570503481174839e-06
leaf_weight=88 579 65 97 727 227 4960
leaf_count=88 579 65 97 727 227 4960
internal_value=5.96699e-06 6.05891e-05 0.0031849 -2.06021e-05 -0.00147965 0.000231105
internal_weight=6743 6655 162 6493 954 5539
internal_count=6743 6655 162 6493 954 5539
is_linear=0
shrinkage=0.01


Tree=659
num_leaves=7
num_cat=0
split_feature=0 24 23 15 15 23
split_gain=12.8811 19.0161 37.1824 13.6245 26.6683 38.5606
threshold=1.2519505216138527 -0.89999999999997715 16.793333333333337 0.024460165809408501 0.46939228966590196 12.761666666666697
decision_type=2 10 10 2 2 10
left_child=3 -2 -3 -1 5 -5
right_child=1 2 -4 4 -6 -7
leaf_value=-0.0018799016022638696 -0.00088754120576489085 0.0097685420072414503 -0.00029575932678985005 0.0059114317924783225 -0.00018715841971006487 0.00041809313190762645
leaf_weight=384 101 61 71 169 5488 469
leaf_count=384 101 61 71 169 5488 469
internal_value=5.89776e-06 0.00226787 0.00464514 -7.68812e-05 3.73885e-05 0.00195743
internal_weight=6743 233 132 6510 6126 638
internal_count=6743 233 132 6510 6126 638
is_linear=0
shrinkage=0.01


Tree=660
num_leaves=7
num_cat=0
split_feature=16 18 11 5 4 25
split_gain=12.9983 15.799 15.6789 15.1488 17.4297 56.4544
threshold=10.619077735791935 293.75000000000006 0.047623304218267402 -0.04231065604838271 0.18184858684932068 6.8000000000000123
decision_type=2 10 2 2 2 8
left_child=2 -2 3 -1 -5 -6
right_child=1 -3 -4 4 5 -7
leaf_value=-0.0042635109812021255 -0.0042201682311805112 0.00057682716590541649 -0.0023310238810657874 0.00012800135115093286 0.0051069908396065115 -0.0042291090763432702
leaf_weight=65 146 113 245 5871 223 80
leaf_count=65 146 113 245 5871 223 80
internal_value=5.99942e-06 -0.00214646 9.66909e-05 0.000197203 0.000252601 0.0025537
internal_weight=6743 259 6484 6239 6174 303
internal_count=6743 259 6484 6239 6174 303
is_linear=0
shrinkage=0.01


Tree=661
num_leaves=7
num_cat=0
split_feature=13 5 8 0 10 2
split_gain=12.8143 21.5755 17.7729 16.9039 27.4902 17.7347
threshold=69.488673062273008 0.20869616417799558 8.6296500000000016 1.2723730332504524 0.017332036676623436 0.29215137611234859
decision_type=2 2 2 2 2 2
left_child=3 2 -2 5 -5 -1
right_child=1 -3 -4 4 -6 -7
leaf_value=0.0017057413382006916 -1.1345498038060737e-05 0.0016666828220089278 -0.007356247599773969 0.0084711859582532797 0.0004922017220876174 -0.000170150101777833
leaf_weight=542 56 77 81 52 157 5778
leaf_count=542 56 77 81 52 157 5778
internal_value=5.7731e-06 -0.00234449 -0.00462699 8.78042e-05 0.00281923 -5.25428e-06
internal_weight=6743 214 137 6529 209 6320
internal_count=6743 214 137 6529 209 6320
is_linear=0
shrinkage=0.01


Tree=662
num_leaves=7
num_cat=0
split_feature=21 19 14 19 14 13
split_gain=12.9819 30.0923 20.72 18.2652 37.411 39.3339
threshold=282.73884993495784 246.32666666666702 0.12628109640036736 220.32333333333347 0.086016241073786109 26.521378268879975
decision_type=10 10 2 8 2 2
left_child=1 2 -1 4 -2 -6
right_child=3 -3 -4 -5 5 -7
leaf_value=0.0049510110798291866 0.0068590009465165757 -0.0063686492424277433 -0.0012403242430804467 -6.5785078686765689e-05 -0.00034171299124136567 0.006950986797318739
leaf_weight=54 105 93 333 5533 550 75
leaf_count=54 105 93 333 5533 550 75
internal_value=5.78641e-06 -0.00156028 -0.000248278 0.000129701 0.00160576 0.000613346
internal_weight=6743 480 387 6263 730 625
internal_count=6743 480 387 6263 730 625
is_linear=0
shrinkage=0.01


Tree=663
num_leaves=7
num_cat=0
split_feature=17 2 13 13 19 21
split_gain=12.8348 45.3438 36.8212 42.9626 36.7396 42.7868
threshold=1.0000000180025095e-35 0.66305655650227602 62.738140707356202 38.164115140502453 185.49500000000009 285.00590595819961
decision_type=2 2 2 2 10 10
left_child=1 2 3 4 -1 -6
right_child=-2 -3 -4 -5 5 -7
leaf_value=0.0074518856421573881 -0.00043132473016539095 -0.00055287124243321361 -0.0055845764875411983 0.0074627356322985285 -0.0038375826668630864 0.0017403760114340595
leaf_weight=87 3348 1946 55 127 148 1032
leaf_count=87 3348 1946 55 127 148 1032
internal_value=5.85804e-06 0.000439926 0.00177475 0.00210994 0.00151133 0.00100599
internal_weight=6743 3395 1449 1394 1267 1180
internal_count=6743 3395 1449 1394 1267 1180
is_linear=0
shrinkage=0.01


Tree=664
num_leaves=7
num_cat=0
split_feature=7 9 9 15 9 1
split_gain=12.8484 42.6162 23.3344 29.7173 27.784 22.1452
threshold=1.0000000180025095e-35 0.008965750995440034 -0.0068612849721010763 1.999270401002563 0.0060292124034545232 1.900803901073066
decision_type=2 2 2 2 2 2
left_child=-1 2 -2 4 5 -4
right_child=1 -3 3 -5 -6 -7
leaf_value=0.00019764715944318238 0.00077533772187336856 0.0068525592524271749 -0.00047736535612225104 -0.0048128644021233945 0.0056337413899600506 -0.006860753897687092
leaf_weight=5670 307 55 302 301 50 58
leaf_count=5670 307 55 302 301 50 58
internal_value=5.86238e-06 -0.00099081 -0.00148683 -0.00247468 -0.000660583 -0.00169046
internal_weight=6743 1073 1018 711 410 360
internal_count=6743 1073 1018 711 410 360
is_linear=0
shrinkage=0.01


Tree=665
num_leaves=7
num_cat=0
split_feature=21 19 14 23 8 13
split_gain=12.7004 29.3723 20.3066 18.0343 32.5278 69.2434
threshold=282.73884993495784 246.32666666666702 0.12628109640036736 15.963333333333482 15.090300000000001 17.877604077128598
decision_type=10 10 2 8 2 2
left_child=1 2 -1 -2 -5 -6
right_child=3 -3 -4 4 5 -7
leaf_value=0.0049002732685767113 0.00078490426205135653 -0.0062937302938074749 -0.0012288807538872906 -0.0018935845171826453 -0.00037496552476516871 0.0042486013976348958
leaf_weight=54 2506 93 333 954 2440 363
leaf_count=54 2506 93 333 954 2440 363
internal_value=5.82313e-06 -0.00154315 -0.000246571 0.000128402 -0.000307766 0.000233225
internal_weight=6743 480 387 6263 3757 2803
internal_count=6743 480 387 6263 3757 2803
is_linear=0
shrinkage=0.01


Tree=666
num_leaves=7
num_cat=0
split_feature=16 11 15 8 9 23
split_gain=12.6186 15.2877 15.3391 18.0303 15.2463 33.0733
threshold=10.619077735791935 0.047623304218267402 13.825441563322061 0.81270000000000009 0.0061700970853103441 11.092500000000024
decision_type=2 2 2 2 2 8
left_child=1 2 3 -1 -5 -6
right_child=-2 -3 -4 4 5 -7
leaf_value=0.0047452295320422463 -0.0021150274863793363 -0.0023020851920888415 -0.0030266285285890466 6.3385028881571658e-05 -0.0045688250145086871 0.0031676175011836785
leaf_weight=79 259 245 134 5612 55 359
leaf_count=79 259 245 134 5612 55 359
internal_value=5.7374e-06 9.51166e-05 0.000194386 0.000271554 0.000203484 0.00203273
internal_weight=6743 6484 6239 6105 6026 414
internal_count=6743 6484 6239 6105 6026 414
is_linear=0
shrinkage=0.01


Tree=667
num_leaves=7
num_cat=0
split_feature=13 16 14 2 1 25
split_gain=12.6909 22.4247 19.0827 16.3228 21.3448 16.6368
threshold=69.488673062273008 0.67530357215401604 0.25333555132544644 0.29215137611234859 1.043160096093547 9.6000000000000245
decision_type=2 2 2 2 2 8
left_child=3 -2 -3 4 -1 -6
right_child=1 2 -4 -5 5 -7
leaf_value=-0.0013413220356551952 -0.0061630495760467028 0.0046417512164140737 -0.0025842163002278698 -6.2909807815203134e-05 0.0038342543248059773 -0.0015313659791349316
leaf_weight=152 81 50 83 5986 330 61
leaf_count=152 81 50 83 5986 330 61
internal_value=5.59063e-06 -0.00233332 0.000197014 8.72332e-05 0.00173169 0.00295491
internal_weight=6743 214 133 6529 543 391
internal_count=6743 214 133 6529 543 391
is_linear=0
shrinkage=0.01


Tree=668
num_leaves=7
num_cat=0
split_feature=7 9 0 15 9 18
split_gain=12.5803 41.5663 35.9388 37.9662 24.1811 22.661
threshold=1.0000000180025095e-35 0.008965750995440034 0.93562139328216709 1.3180889115993872 0.0021145990042438626 260.4500000000001
decision_type=2 2 2 2 2 10
left_child=5 2 -2 4 -4 -1
right_child=1 -3 3 -5 -6 -7
leaf_value=-0.00055841561412975317 -0.00027464170446235504 0.0067650516101947205 -0.004565298896162741 -0.0073484088594914744 0.0039272716201280491 0.00072327310662684816
leaf_weight=2328 736 55 52 167 63 3342
leaf_count=2328 736 55 52 167 63 3342
internal_value=5.42801e-06 -0.000980776 -0.00147073 -0.00444187 0 0.000195218
internal_weight=6743 1073 1018 282 115 5670
internal_count=6743 1073 1018 282 115 5670
is_linear=0
shrinkage=0.01


Tree=669
num_leaves=7
num_cat=0
split_feature=5 6 7 0 13 9
split_gain=12.6218 16.4023 18.9788 40.3299 25.8169 26.2572
threshold=-0.04231065604838271 2.0876962900332665 1.0000000180025095e-35 0.97671930201683632 16.490371260983618 0.0042881302661357925
decision_type=2 2 2 2 2 2
left_child=-1 2 -2 4 5 -4
right_child=1 -3 3 -5 -6 -7
leaf_value=-0.0035557267366319286 0.00023122015325971343 0.0045041061042830708 -9.6301982371526206e-05 -0.0051377159457232022 -0.0043988962689042099 0.0063912550705498544
leaf_weight=88 5586 72 621 202 115 59
leaf_count=88 5586 72 621 202 115 59
internal_value=5.3244e-06 5.91773e-05 2.28731e-06 -0.00126001 -0.000210723 0.000536565
internal_weight=6743 6655 6583 997 795 680
internal_count=6743 6655 6583 997 795 680
is_linear=0
shrinkage=0.01


Tree=670
num_leaves=7
num_cat=0
split_feature=17 0 8 16 1 11
split_gain=12.5465 33.1007 32.0923 30.1816 28.9852 39.4167
threshold=1.0000000180025095e-35 1.0002375396795216 224.16165000000004 0.13573476045713104 2.0595408195729914 0.018102288832127649
decision_type=2 2 2 2 2 2
left_child=3 2 -2 -1 5 -3
right_child=1 4 -4 -5 -6 -7
leaf_value=0.0051832154118853025 -0.00044035530417688726 -0.0091096442442779486 0.002786320653406471 0.0002436037007768523 0.0029659542262748771 -0.0017215074878578951
leaf_weight=119 2621 104 339 3276 57 227
leaf_count=119 2621 104 339 3276 57 227
internal_value=5.211e-06 -0.000427018 -5.93094e-05 0.000434395 -0.00313512 -0.00427125
internal_weight=6743 3348 2960 3395 388 331
internal_count=6743 3348 2960 3395 388 331
is_linear=0
shrinkage=0.01


Tree=671
num_leaves=7
num_cat=0
split_feature=19 21 5 18 7 15
split_gain=12.5486 49.0718 44.9975 40.6832 42.2857 39.9381
threshold=220.32333333333347 286.4309981405035 0.23372231136929558 261.25000000000006 1.0000000180025095e-35 1.2858895270006858
decision_type=8 10 2 10 2 2
left_child=2 -2 5 -3 -5 -1
right_child=1 3 -4 4 -6 -7
leaf_value=0.01124144901238058 -0.0031161813199422125 -0.0012248799193177455 -0.00012331257577598309 0.0012016840845864426 -0.001627081229826203 0.0020626967053573868
leaf_weight=59 508 1570 827 2963 631 185
leaf_count=59 508 1570 827 2963 631 185
internal_value=5.15752e-06 -0.000181247 0.000994147 0.000111005 0.000699125 0.00467672
internal_weight=6743 5672 1071 5164 3594 244
internal_count=6743 5672 1071 5164 3594 244
is_linear=0
shrinkage=0.01


Tree=672
num_leaves=7
num_cat=0
split_feature=11 20 6 3 5 11
split_gain=12.5761 26.9734 18.2093 23.0376 17.4709 26.4621
threshold=0.024351395750452469 0.017821110889073882 1.0913296216997865 -0.035076781243101519 0.017363785351638471 0.019214730906488866
decision_type=2 2 2 2 2 2
left_child=1 4 -2 -4 5 -1
right_child=2 -3 3 -5 -6 -7
leaf_value=-0.008221896961331368 -0.00099406334029290052 0.0053732010461299594 -0.00097243958804261023 0.0040532173778840596 0.00029745671823480982 0.00081194185755319062
leaf_weight=51 1890 93 178 166 4303 62
leaf_count=51 1890 93 178 166 4303 62
internal_value=5.20093e-06 0.000310532 -0.000605246 0.00147047 0.000189755 -0.00352094
internal_weight=6743 4509 2234 344 4416 113
internal_count=6743 4509 2234 344 4416 113
is_linear=0
shrinkage=0.01


Tree=673
num_leaves=7
num_cat=0
split_feature=15 15 25 15 18 15
split_gain=12.4837 31.6508 39.8321 37.5276 23.4039 23.2409
threshold=0.024460165809408501 0.46939228966590196 9.3000000000000131 0.36466965826878145 172.45000000000002 0.58540103139209709
decision_type=2 2 10 2 10 2
left_child=-1 2 3 -2 -5 -3
right_child=1 5 -4 4 -6 -7
leaf_value=-0.0017023324279754021 0.0019048054679851271 -0.0033032628051026377 -0.0022231317844235961 0.0022855128919084867 0.012022297330502724 2.4769648063583578e-06
leaf_weight=392 389 211 148 50 64 5489
leaf_count=392 389 211 148 50 64 5489
internal_value=5.15407e-06 0.000114627 0.0021869 0.00352202 0.00836114 -0.000123713
internal_weight=6743 6351 651 503 114 5700
internal_count=6743 6351 651 503 114 5700
is_linear=0
shrinkage=0.01


Tree=674
num_leaves=7
num_cat=0
split_feature=16 11 15 2 23 13
split_gain=12.4569 14.9284 14.9234 14.8184 18.6545 19.3996
threshold=10.619077735791935 0.047623304218267402 14.221402389679634 0.25016427365162591 18.567499999999985 24.148985069510093
decision_type=2 2 2 2 8 2
left_child=1 2 3 4 5 -1
right_child=-2 -3 -4 -5 -6 -7
leaf_value=0.0049815769003623209 -0.0021018928720236696 -0.0022747762823002596 -0.0030076396553842745 0.00014239189389219842 -0.0026697530651894901 -0.00028225827295709098
leaf_weight=197 259 245 132 5756 55 99
leaf_count=197 259 245 132 5756 55 99
internal_value=5.2356e-06 9.40507e-05 0.000192164 0.000267765 0.00223514 0.00323667
internal_weight=6743 6484 6239 6107 351 296
internal_count=6743 6484 6239 6107 351 296
is_linear=0
shrinkage=0.01


Tree=675
num_leaves=7
num_cat=0
split_feature=13 16 14 0 10 2
split_gain=12.3513 21.8931 18.7678 16.6019 26.4956 16.9967
threshold=69.488673062273008 0.67530357215401604 0.25333555132544644 1.2723730332504524 0.017332036676623436 0.45561722990830433
decision_type=2 2 2 2 2 2
left_child=3 -2 -3 5 -5 -1
right_child=1 2 -4 4 -6 -7
leaf_value=0.00084583224696858374 -0.0060865139048341867 0.0046051120080519469 -0.002560860989164681 0.0083422687589641536 0.00050508175558315778 -0.00032205785161162339
leaf_weight=1694 81 50 83 52 157 4626
leaf_count=1694 81 50 83 52 157 4626
internal_value=5.04682e-06 -0.00230235 0.00019683 8.56105e-05 0.00279255 -6.59748e-06
internal_weight=6743 214 133 6529 209 6320
internal_count=6743 214 133 6529 209 6320
is_linear=0
shrinkage=0.01


Tree=676
num_leaves=7
num_cat=0
split_feature=17 0 8 1 11 1
split_gain=12.367 32.5771 30.9207 28.5985 38.5106 25.8351
threshold=1.0000000180025095e-35 1.0002375396795216 224.16165000000004 2.0595408195729914 0.018102288832127649 0.94034119139914163
decision_type=2 2 2 2 2 2
left_child=-1 2 -2 4 -3 -4
right_child=1 3 5 -5 -6 -7
leaf_value=0.00043118995931231151 -0.00043330436044277092 -0.0090225722516576439 -0.0021486960894921249 0.0029487688238941023 -0.0017174353117304008 0.0041853003847212222
leaf_weight=3395 2621 104 75 57 227 264
leaf_count=3395 2621 104 75 57 227 264
internal_value=5.07527e-06 -0.000424041 -5.92224e-05 -0.00311065 -0.00423931 0.00273391
internal_weight=6743 3348 2960 388 331 339
internal_count=6743 3348 2960 388 331 339
is_linear=0
shrinkage=0.01


Tree=677
num_leaves=7
num_cat=0
split_feature=21 22 8 21 21 0
split_gain=12.3418 17.3632 38.9291 28.5315 36.6914 29.6145
threshold=282.73884993495784 26.500000000000032 1697.5800000000002 286.4309981405035 284.7063558224657 0.94944277342571182
decision_type=10 8 2 10 10 2
left_child=-1 2 -2 4 5 -3
right_child=1 3 -4 -5 -6 -7
leaf_value=-0.0015220256459985964 0.00079815448947171037 -0.0025616521241387264 0.0087034735340706035 0.00011619128315074521 -0.0051585228786939098 0.0064542334945872429
leaf_weight=480 731 74 59 5121 224 54
leaf_count=480 731 74 59 5121 224 54
internal_value=4.90965e-06 0.000125769 0.00150247 -7.35044e-05 -0.00278785 0.00136154
internal_weight=6743 6263 790 5473 352 128
internal_count=6743 6263 790 5473 352 128
is_linear=0
shrinkage=0.01


Tree=678
num_leaves=7
num_cat=0
split_feature=11 20 6 3 15 15
split_gain=12.2576 26.2316 17.8242 22.5842 16.8417 31.0131
threshold=0.024351395750452469 0.017821110889073882 1.0913296216997865 -0.035076781243101519 0.011534135119591253 0.46939228966590196
decision_type=2 2 2 2 2 2
left_child=1 4 -2 -4 -1 -6
right_child=2 -3 3 -5 5 -7
leaf_value=-0.0024134342428693114 -0.00098240896987492879 0.0052990424649301659 -0.00096248455343153725 0.004013158420381263 0.0027615531003707121 2.7695277819249233e-05
leaf_weight=225 1890 93 178 166 458 3733
leaf_count=225 1890 93 178 166 458 3733
internal_value=4.9617e-06 0.000306421 -0.000597686 0.00145584 0.000187283 0.000334699
internal_weight=6743 4509 2234 344 4416 4191
internal_count=6743 4509 2234 344 4416 4191
is_linear=0
shrinkage=0.01


Tree=679
num_leaves=7
num_cat=0
split_feature=17 2 13 13 15 0
split_gain=12.2225 43.7271 35.6111 41.536 32.2226 32.1593
threshold=1.0000000180025095e-35 0.66305655650227602 62.738140707356202 38.164115140502453 4.2152948254274891 1.0002375396795216
decision_type=2 2 2 2 2 2
left_child=1 2 3 4 -1 -2
right_child=5 -3 -4 -5 -6 -7
leaf_value=0.0026455719994247862 -5.9071773440523782e-05 -0.00054620877434909034 -0.0054970521055735079 0.0073325895133299112 -0.00066027153276193606 -0.0030908934276635248
leaf_weight=822 2960 1946 55 127 445 388
leaf_count=822 2960 1946 55 127 445 388
internal_value=5.02675e-06 0.000428653 0.00173951 0.00206927 0.00148057 -0.000421566
internal_weight=6743 3395 1449 1394 1267 3348
internal_count=6743 3395 1449 1394 1267 3348
is_linear=0
shrinkage=0.01


Tree=680
num_leaves=7
num_cat=0
split_feature=19 14 2 18 23 10
split_gain=12.2175 59.0975 35.4428 33.9273 31.9659 43.6561
threshold=220.32333333333347 0.086016241073786109 0.4667717636802648 193.05000000000004 11.092500000000024 0.021116201469138934
decision_type=8 2 2 10 10 2
left_child=1 2 -1 -3 5 -2
right_child=4 3 -4 -5 -6 -7
leaf_value=0.012699793707579374 -0.0085134074727206358 -0.0015976082617542833 0.0026196177933216409 0.0022896225269767997 7.186242207249742e-05 -0.0011180191862051911
leaf_weight=50 88 545 109 367 5102 482
leaf_count=50 88 545 109 367 5102 482
internal_value=4.91908e-06 0.000980793 0.00641256 -1.46257e-05 -0.00017899 -0.0024041
internal_weight=6743 1071 159 912 5672 570
internal_count=6743 1071 159 912 5672 570
is_linear=0
shrinkage=0.01


Tree=681
num_leaves=7
num_cat=0
split_feature=16 18 11 7 0 10
split_gain=12.2058 15.3681 14.4879 14.742 38.9402 28.831
threshold=10.619077735791935 281.05000000000007 0.047623304218267402 1.0000000180025095e-35 0.7838516908868669 0.019468567683450278
decision_type=2 10 2 2 2 2
left_child=2 -2 3 -1 -5 -6
right_child=1 -3 -4 4 5 -7
leaf_value=0.0004056353623883472 -0.0045922501194127106 0.00011966863634767912 -0.002240671191012998 0.0016888352988882122 0.0033562396820398829 -0.0030809786805564808
leaf_weight=5222 118 141 245 361 69 587
leaf_count=5222 118 141 245 361 69 587
internal_value=4.96543e-06 -0.00208081 9.28965e-05 0.000189573 -0.000903256 -0.00234865
internal_weight=6743 259 6484 6239 1017 656
internal_count=6743 259 6484 6239 1017 656
is_linear=0
shrinkage=0.01


Tree=682
num_leaves=7
num_cat=0
split_feature=5 9 3 21 2 14
split_gain=12.1498 15.3344 42.8462 30.0223 15.7388 21.8087
threshold=-0.04231065604838271 0.0069745960986368205 -0.035076781243101519 291.21776851803219 0.29609949564028709 0.081068788629404656
decision_type=2 2 2 10 2 2
left_child=-1 4 -3 -4 5 -2
right_child=1 2 3 -5 -6 -7
leaf_value=-0.00348895257681 -0.0020011467273517705 -0.0023626814497636648 0.0088646587001618114 0.00066676371702060252 -0.00019920878439850154 0.0026558569593102053
leaf_weight=88 121 114 93 87 5823 417
leaf_count=88 121 114 93 87 5823 417
internal_value=4.85146e-06 5.77163e-05 0.00225251 0.00519861 -4.5532e-05 0.00157281
internal_weight=6743 6655 294 180 6361 538
internal_count=6743 6655 294 180 6361 538
is_linear=0
shrinkage=0.01


Tree=683
num_leaves=7
num_cat=0
split_feature=21 19 18 15 19 5
split_gain=12.0114 28.5047 19.8031 17.4289 17.1134 58.8429
threshold=282.73884993495784 246.32666666666702 161.25000000000003 4.2152948254274891 220.32333333333347 0.082053216643186419
decision_type=10 10 10 2 8 2
left_child=1 2 -1 -4 5 -2
right_child=4 -3 3 -5 -6 -7
leaf_value=-0.0023987679609742303 0.011061287644319236 -0.0061810805887131939 0.0044721971350495052 -0.0013592467510607092 -6.5080719414132996e-05 0.00068905617542686342
leaf_weight=198 50 93 109 80 5533 680
leaf_count=198 50 93 109 80 5533 680
internal_value=4.83456e-06 -0.0015015 -0.000224394 0.00200934 0.000124085 0.00155287
internal_weight=6743 480 387 189 6263 730
internal_count=6743 480 387 189 6263 730
is_linear=0
shrinkage=0.01


Tree=684
num_leaves=7
num_cat=0
split_feature=17 2 16 19 21 21
split_gain=12.0301 42.7468 44.0811 36.1107 58.9873 30.6605
threshold=1.0000000180025095e-35 0.66305655650227602 6.7356785747550196 185.49500000000009 286.4309981405035 288.32647651042379
decision_type=2 2 2 10 10 10
left_child=1 2 3 -1 -5 -6
right_child=-2 -3 -4 4 5 -7
leaf_value=0.0082499804033432152 -0.00041836116533391422 -0.0005386917480794429 -0.0035354216901921772 -0.0025398875264923061 0.0069636932081021605 0.0020714583711010856
leaf_weight=86 3348 1946 134 241 149 839
leaf_count=86 3348 1946 134 241 149 839
internal_value=4.84868e-06 0.000425139 0.00172123 0.00228708 0.00179853 0.00288166
internal_weight=6743 3395 1449 1315 1229 988
internal_count=6743 3395 1449 1315 1229 988
is_linear=0
shrinkage=0.01


Tree=685
num_leaves=7
num_cat=0
split_feature=5 9 3 7 0 13
split_gain=11.9452 14.9287 41.8319 24.964 42.7683 27.0485
threshold=-0.04231065604838271 0.0069745960986368205 -0.035076781243101519 1.0000000180025095e-35 0.97671930201683632 16.490371260983618
decision_type=2 2 2 2 2 2
left_child=-1 3 -3 -2 5 -5
right_child=1 2 -4 4 -6 -7
leaf_value=-0.0034593315422534942 0.00022006681517845798 -0.0023365351716582213 0.0051342032159139451 0.00034121218250069725 -0.0055690010434730894 -0.004879129051134504
leaf_weight=88 5393 114 180 666 196 106
leaf_count=88 5393 114 180 666 196 106
internal_value=4.92241e-06 5.73527e-05 0.00222292 -4.45005e-05 -0.00151588 -0.00041601
internal_weight=6743 6655 294 6361 968 772
internal_count=6743 6655 294 6361 968 772
is_linear=0
shrinkage=0.01


Tree=686
num_leaves=7
num_cat=0
split_feature=0 16 20 8 10 14
split_gain=11.9592 20.7119 14.6258 34.1404 36.725 20.0187
threshold=1.2519505216138527 0.74691187563582562 0.0078375534055355033 207.53325000000004 0.02597591472302703 0.079064266088257867
decision_type=2 2 2 2 2 2
left_child=2 -2 -1 5 -5 -4
right_child=1 -3 3 4 -6 -7
leaf_value=-0.00063363973576370362 0.007185200365079988 0.00039422511352294403 -0.0024605252496008802 0.0074063314082753705 0.0012440239476523578 0.00013507434443310075
leaf_weight=2725 52 181 323 107 640 2715
leaf_count=2725 52 181 323 107 640 2715
internal_value=4.68736e-06 0.00218428 -7.50193e-05 0.000325133 0.0022261 -0.000144776
internal_weight=6743 233 6510 3785 747 3038
internal_count=6743 233 6510 3785 747 3038
is_linear=0
shrinkage=0.01


Tree=687
num_leaves=7
num_cat=0
split_feature=24 10 23 2 8 1
split_gain=11.9191 27.9443 15.9991 14.9507 58.0829 44.8115
threshold=10.00000000000003 0.037067825216728453 25.960833333333373 0.6208250652326831 683.67465000000004 2.0144790232263463
decision_type=8 2 8 2 2 2
left_child=3 -2 -3 4 5 -1
right_child=1 2 -4 -5 -6 -7
leaf_value=1.3503839089004898e-05 -0.0053012131709251967 -0.0011213678301241195 0.0031343988055544622 -0.00041269752013206688 0.0065857171037464173 0.0052034680469660094
leaf_weight=3114 127 391 103 2698 144 166
leaf_count=3114 127 391 103 2698 144 166
internal_value=4.86662e-06 -0.00130229 -0.000169606 0.000141 0.000580139 0.000294224
internal_weight=6743 621 494 6122 3424 3280
internal_count=6743 621 494 6122 3424 3280
is_linear=0
shrinkage=0.01


Tree=688
num_leaves=7
num_cat=0
split_feature=21 23 14 8 14 25
split_gain=11.8504 16.6595 33.2044 56.6838 38.778 33.9023
threshold=282.73884993495784 15.963333333333482 1.1157806618353567 1697.5800000000002 0.89060049902495464 2.4000000000000346
decision_type=8 8 2 2 2 10
left_child=-1 2 3 4 5 -2
right_child=1 -3 -4 -5 -6 -7
leaf_value=-0.0015131049541861699 -0.00057734142142157189 -0.00029807827007714952 -0.0014277713304922713 0.010487549464133652 0.0055818828724716841 0.0022178115106319006
leaf_weight=467 1037 3757 537 56 161 728
leaf_count=467 1037 3757 537 56 161 728
internal_value=4.93793e-06 0.000121714 0.000750478 0.00134987 0.00102622 0.000575926
internal_weight=6743 6276 2519 1982 1926 1765
internal_count=6743 6276 2519 1982 1926 1765
is_linear=0
shrinkage=0.01


Tree=689
num_leaves=7
num_cat=0
split_feature=13 16 14 0 10 20
split_gain=11.9506 21.2505 18.5253 15.7876 25.6568 16.3136
threshold=69.488673062273008 0.67530357215401604 0.25333555132544644 1.2723730332504524 0.017332036676623436 0.0069743967105340169
decision_type=2 2 2 2 2 2
left_child=3 -2 -3 5 -5 -1
right_child=1 2 -4 4 -6 -7
leaf_value=-0.00068770602773922179 -0.0059928929699318749 0.0045764783247529217 -0.0025429619213826553 0.0081846407990181641 0.0004737709596485435 0.00037093190335502486
leaf_weight=2254 81 50 83 52 157 4066
leaf_count=2254 81 50 83 52 157 4066
internal_value=5.07322e-06 -0.00226455 0.000196456 8.43431e-05 0.00272405 -5.53681e-06
internal_weight=6743 214 133 6529 209 6320
internal_count=6743 214 133 6529 209 6320
is_linear=0
shrinkage=0.01


Tree=690
num_leaves=7
num_cat=0
split_feature=16 18 1 7 9 0
split_gain=11.7727 15.0643 14.1508 15.9424 44.9001 41.5383
threshold=10.619077735791935 293.75000000000006 0.88110771321780501 1.0000000180025095e-35 0.0071163421494433035 0.97671930201683632
decision_type=2 10 2 2 2 2
left_child=2 -2 -1 -4 5 -5
right_child=1 -3 3 4 -6 -7
leaf_value=-0.0012884327481497305 -0.0040695621591443441 0.00061138032882557659 0.00047277284816057557 -0.00039998306390157833 0.0052995519612980355 -0.0056304950808724087
leaf_weight=655 146 113 4946 595 91 197
leaf_count=655 146 113 4946 595 91 197
internal_value=5.08738e-06 -0.00204332 9.14701e-05 0.000250182 -0.000976761 -0.00176746
internal_weight=6743 259 6484 5829 883 792
internal_count=6743 259 6484 5829 883 792
is_linear=0
shrinkage=0.01


Tree=691
num_leaves=7
num_cat=0
split_feature=17 5 16 22 21 23
split_gain=11.9044 33.0005 64.4116 41.2793 40.5631 50.0933
threshold=1.0000000180025095e-35 0.19398017230562253 4.2457952378220734 28.500000000000032 288.68382459945667 19.046666666666745
decision_type=2 2 2 8 10 10
left_child=1 2 3 -1 -5 -6
right_child=-2 -3 -4 4 5 -7
leaf_value=-2.5216395414329837e-05 -0.00041605218577273019 -0.00011756272466988405 -0.0047450683691903301 0.010213466306694417 0.00024166382997746355 0.0081769157871310633
leaf_weight=235 3348 2607 105 109 222 117
leaf_count=235 3348 2607 105 109 222 117
internal_value=4.93278e-06 0.000423029 0.0022031 0.00333876 0.0050872 0.00316485
internal_weight=6743 3395 788 683 448 339
internal_count=6743 3395 788 683 448 339
is_linear=0
shrinkage=0.01


Tree=692
num_leaves=7
num_cat=0
split_feature=5 6 7 8 18 21
split_gain=11.8487 15.0105 17.4379 21.5148 21.3574 53.3621
threshold=-0.04231065604838271 2.0876962900332665 1.0000000180025095e-35 6.9615000000000009 260.4500000000001 288.97132444058144
decision_type=2 2 2 2 8 10
left_child=-1 2 4 -4 -2 -6
right_child=1 -3 3 -5 5 -7
leaf_value=-0.0034451607036955502 -0.00051184157691263081 0.0043094639153015328 -0.0046196673163895014 -0.00055846153493418333 -0.0016853441383327791 0.0014062194980273949
leaf_weight=88 2304 72 147 850 700 2582
leaf_count=88 2304 72 147 850 700 2582
internal_value=5.05121e-06 5.72748e-05 2.78485e-06 -0.00120711 0.000222288 0.000740682
internal_weight=6743 6655 6583 997 5586 3282
internal_count=6743 6655 6583 997 5586 3282
is_linear=0
shrinkage=0.01


Tree=693
num_leaves=7
num_cat=0
split_feature=13 5 10 14 14 7
split_gain=11.7472 20.8681 14.6305 44.3082 47.1681 15.9238
threshold=69.488673062273008 0.11825463584017575 0.016004421638187955 0.85182228482416145 0.066364498601762814 1.0000000180025095e-35
decision_type=2 2 2 2 2 2
left_child=2 -2 3 4 -1 -4
right_child=1 -3 5 -5 -6 -7
leaf_value=-0.00033003579058191353 -0.0055638713879709676 0.00045893780584980288 0.00021020768895882946 -0.0020740968794009445 0.011329799334553978 -0.0011558715299466917
leaf_weight=58 93 121 5287 108 69 1007
leaf_count=58 93 121 5287 108 69 1007
internal_value=4.86586e-06 -0.00224535 8.3471e-05 0.0024811 0.00629644 -8.25686e-06
internal_weight=6743 214 6529 235 127 6294
internal_count=6743 214 6529 235 127 6294
is_linear=0
shrinkage=0.01


Tree=694
num_leaves=7
num_cat=0
split_feature=2 23 19 21 14 19
split_gain=11.8053 29.381 25.4571 14.7663 41.6587 32.3493
threshold=0.25016427365162591 19.096666666666707 252.25500000000002 287.52959142738797 0.10252281222668956 283.685
decision_type=2 8 10 10 2 10
left_child=1 2 -1 4 5 -2
right_child=3 -3 -4 -5 -6 -7
leaf_value=0.0079223727765976911 0.0044560497441611547 -0.0046063600858998674 0.0012538244480105199 0.00016192798351425785 -0.0017901323140089773 -0.0033629823380812319
leaf_weight=67 201 53 266 4914 1181 61
leaf_count=67 201 53 266 4914 1181 61
internal_value=4.83017e-06 0.00168151 0.00281655 -9.7889e-05 -0.000984579 0.00254211
internal_weight=6743 386 333 6357 1443 262
internal_count=6743 386 333 6357 1443 262
is_linear=0
shrinkage=0.01


Tree=695
num_leaves=7
num_cat=0
split_feature=19 21 5 18 7 18
split_gain=11.8465 46.1369 41.1731 39.134 39.672 38.3304
threshold=220.32333333333347 286.4309981405035 0.23372231136929558 261.25000000000006 1.0000000180025095e-35 319.9500000000001
decision_type=8 10 2 10 2 10
left_child=2 5 -1 -3 -5 -2
right_child=1 3 -4 4 -6 -7
leaf_value=0.0044883136601553035 -0.0010781118582864485 -0.0012030706345963901 -0.00010273810993744285 0.001170762738224612 -0.0015690212837142898 -0.0069834097387257987
leaf_weight=244 351 1570 827 2963 631 157
leaf_count=244 351 1570 827 2963 631 157
internal_value=4.84162e-06 -0.000176231 0.000965809 0.00010709 0.000683944 -0.00302206
internal_weight=6743 5672 1071 5164 3594 508
internal_count=6743 5672 1071 5164 3594 508
is_linear=0
shrinkage=0.01


Tree=696
num_leaves=7
num_cat=0
split_feature=11 4 3 5 10 2
split_gain=11.8939 17.4555 21.1829 16.8804 30.2033 15.7006
threshold=0.024351395750452469 0.043670562441908721 -0.035076781243101519 0.017363785351638471 0.018754143899312303 0.56748531353667242
decision_type=2 2 2 2 2 2
left_child=3 -2 -3 4 -1 -5
right_child=1 2 -4 5 -6 -7
leaf_value=-0.0080156571248715565 -0.00096973273953435168 -0.00089870818460885285 0.0039194056828802618 0.0011552955309515514 0.0014742786463217011 -6.6255985724976614e-05
leaf_weight=56 1890 178 166 1702 60 2691
leaf_count=56 1890 178 166 1702 60 2691
internal_value=4.65582e-06 -0.000588963 0.0014431 0.000301632 -0.00330027 0.000406293
internal_weight=6743 2234 344 4509 116 4393
internal_count=6743 2234 344 4509 116 4393
is_linear=0
shrinkage=0.01


Tree=697
num_leaves=7
num_cat=0
split_feature=17 5 16 22 18 21
split_gain=11.8232 32.2709 63.2263 40.3817 47.2895 39.9317
threshold=1.0000000180025095e-35 0.19398017230562253 4.2457952378220734 28.500000000000032 320.25000000000006 288.68382459945667
decision_type=2 2 2 8 10 10
left_child=1 2 3 4 -1 -5
right_child=-2 -3 -4 5 -6 -7
leaf_value=0.002329955287015018 -0.00041501358844099216 -0.00011334271149980819 -0.0047021013260211634 0.010121977847038197 -0.0078213987480849033 0.0031289071865235707
leaf_weight=185 3348 2607 105 109 50 339
leaf_count=185 3348 2607 105 109 50 339
internal_value=4.52927e-06 0.000421205 0.00218148 0.00330673 -2.01741e-05 0.00503603
internal_weight=6743 3395 788 683 235 448
internal_count=6743 3395 788 683 235 448
is_linear=0
shrinkage=0.01


Tree=698
num_leaves=7
num_cat=0
split_feature=15 15 22 16 10 15
split_gain=11.6388 28.354 36.4017 29.5311 43.904 22.6449
threshold=0.024460165809408501 0.46939228966590196 37.60000000000003 0.8625053431893106 0.025942626148776217 0.58540103139209709
decision_type=2 2 10 2 2 2
left_child=-1 2 3 -2 -5 -3
right_child=1 5 -4 4 -6 -7
leaf_value=-0.0016441516091917358 0.00036472233179822669 -0.0032538588592841617 -0.0045113635579744973 0.011271444568522724 0.0025913661813692134 9.2773584563735275e-06
leaf_weight=392 268 211 65 73 245 5489
leaf_count=392 268 211 65 73 245 5489
internal_value=4.49182e-06 0.000110247 0.00207166 0.00288208 0.00489734 -0.000115252
internal_weight=6743 6351 651 586 318 5700
internal_count=6743 6351 651 586 318 5700
is_linear=0
shrinkage=0.01


Tree=699
num_leaves=7
num_cat=0
split_feature=11 20 8 20 13 25
split_gain=11.5878 25.5362 23.5035 25.8982 43.6948 31.1558
threshold=0.024351395750452469 0.017821110889073882 21.618000000000006 0.0069743967105340169 38.164115140502453 2.9000000000000346
decision_type=2 2 2 2 2 10
left_child=1 2 -1 4 -4 -6
right_child=-2 -3 3 -5 5 -7
leaf_value=-0.00095397871045060478 -0.00058139078571487499 0.0052236116854971265 -0.0006507316544186756 0.0016675287458667695 -0.00035022886872694304 0.0084812722845297103
leaf_weight=1280 2234 93 1606 1381 64 85
leaf_count=1280 2234 93 1606 1381 64 85
internal_value=4.51838e-06 0.000297666 0.0001801 0.000647729 -0.000153982 0.00484153
internal_weight=6743 4509 4416 3136 1755 149
internal_count=6743 4509 4416 3136 1755 149
is_linear=0
shrinkage=0.01


Tree=700
num_leaves=7
num_cat=0
split_feature=2 19 18 14 19 21
split_gain=11.5199 28.4644 19.2223 20.1667 22.938 14.4335
threshold=0.25016427365162591 255.18666666666607 305.65000000000003 0.14912527721288293 295.9500000000001 287.52959142738797
decision_type=2 8 10 2 8 10
left_child=1 -1 -3 -4 -5 -2
right_child=5 2 3 4 -6 -7
leaf_value=0.0067179132432773191 -0.00097346881659182607 -0.0028621681746840476 -0.0027477793485647245 -0.00054861945286393166 0.0071718545403817429 0.00016003430788771728
leaf_weight=77 1443 115 52 60 82 4914
leaf_count=77 1443 115 52 60 82 4914
internal_value=4.63366e-06 0.00166094 0.000198351 0.00211297 0.00402242 -9.68182e-05
internal_weight=6743 386 309 194 142 6357
internal_count=6743 386 309 194 142 6357
is_linear=0
shrinkage=0.01


Tree=701
num_leaves=7
num_cat=0
split_feature=17 2 16 19 21 0
split_gain=11.6484 39.5771 41.8085 35.1335 56.1519 31.6473
threshold=1.0000000180025095e-35 0.66305655650227602 6.7356785747550196 185.49500000000009 286.4309981405035 1.0002375396795216
decision_type=2 2 2 10 10 2
left_child=1 2 3 -1 -5 -2
right_child=5 -3 -4 4 -6 -7
leaf_value=0.0080969325148422897 -5.2162074067266121e-05 -0.00050902235398488712 -0.0034531004956483637 -0.0024970250698437254 0.0027920770256153454 -0.0030596975088365208
leaf_weight=86 2960 1946 134 241 988 388
leaf_count=86 2960 1946 134 241 988 388
internal_value=4.66014e-06 0.000418253 0.00166539 0.00221664 0.00173506 -0.000411757
internal_weight=6743 3395 1449 1315 1229 3348
internal_count=6743 3395 1449 1315 1229 3348
is_linear=0
shrinkage=0.01


Tree=702
num_leaves=7
num_cat=0
split_feature=19 21 18 7 18 18
split_gain=11.6056 44.6471 38.417 38.9489 38.2099 37.253
threshold=220.32333333333347 286.4309981405035 261.25000000000006 1.0000000180025095e-35 193.05000000000004 319.9500000000001
decision_type=8 10 10 2 10 10
left_child=4 5 -3 -4 -1 -2
right_child=1 2 3 -5 -6 -7
leaf_value=-0.0005282581235199989 -0.0010574353412774048 -0.0011940363602310454 0.0011580017391655346 -0.0015566601583868731 0.0033093708628135895 -0.0068794680952267376
leaf_weight=659 351 1570 2963 631 412 157
leaf_count=659 351 1570 2963 631 412 157
internal_value=4.57383e-06 -0.000174633 0.000104048 0.000675616 0.000955735 -0.00297414
internal_weight=6743 5672 5164 3594 1071 508
internal_count=6743 5672 5164 3594 1071 508
is_linear=0
shrinkage=0.01


Tree=703
num_leaves=7
num_cat=0
split_feature=11 8 2 15 8 0
split_gain=11.4743 19.3938 31.3178 23.5466 46.1127 29.972
threshold=0.024351395750452469 21.618000000000006 0.29609949564028709 0.46939228966590196 207.53325000000004 1.0002375396795216
decision_type=2 2 2 2 2 2
left_child=1 -1 -3 4 -4 -6
right_child=-2 2 3 -5 5 -7
leaf_value=-0.00071000522087393426 -0.00057865887567964958 0.0064204389022222341 0.010469855736218281 0.00022458777802229608 0.0031026814957904455 -0.0037824373069981283
leaf_weight=1331 2234 84 57 2747 212 78
leaf_count=1331 2234 84 57 2747 212 78
internal_value=4.36893e-06 0.000296086 0.000721497 0.000543367 0.00296196 0.00115314
internal_weight=6743 4509 3178 3094 347 290
internal_count=6743 4509 3178 3094 347 290
is_linear=0
shrinkage=0.01


Tree=704
num_leaves=7
num_cat=0
split_feature=17 2 16 19 21 5
split_gain=11.4501 38.8803 41.0147 34.4875 54.5572 37.2375
threshold=1.0000000180025095e-35 0.66305655650227602 6.7356785747550196 185.49500000000009 286.4309981405035 0.19398017230562253
decision_type=2 2 2 10 10 2
left_child=1 2 3 -1 -5 -6
right_child=-2 -3 -4 4 5 -7
leaf_value=0.0080230396580009255 -0.00040829598845743025 -0.0005044226293110278 -0.003418681346876029 -0.0024518386930212437 0.0047912619865260733 0.00087458776252316236
leaf_weight=86 3348 1946 134 241 466 522
leaf_count=86 3348 1946 134 241 466 522
internal_value=4.54953e-06 0.00041462 0.00165074 0.00219677 0.00171954 0.00276144
internal_weight=6743 3395 1449 1315 1229 988
internal_count=6743 3395 1449 1315 1229 988
is_linear=0
shrinkage=0.01


Tree=705
num_leaves=7
num_cat=0
split_feature=15 15 25 15 18 15
split_gain=11.3609 27.2637 37.3539 33.7327 22.2887 22.2581
threshold=0.024460165809408501 0.46939228966590196 9.3000000000000131 0.36466965826878145 172.45000000000002 0.58540103139209709
decision_type=2 2 10 2 10 2
left_child=-1 2 3 -2 -5 -3
right_child=1 5 -4 4 -6 -7
leaf_value=-0.0016242433816866528 0.0017920440850653372 -0.0032237326532467457 -0.0022346969039026129 0.0020353168969353039 0.011477950465726994 1.1432300017159931e-05
leaf_weight=392 389 211 148 50 64 5489
leaf_count=392 389 211 148 50 64 5489
internal_value=4.57668e-06 0.000109079 0.00203242 0.00332654 0.00791522 -0.00011201
internal_weight=6743 6351 651 503 114 5700
internal_count=6743 6351 651 503 114 5700
is_linear=0
shrinkage=0.01


Tree=706
num_leaves=7
num_cat=0
split_feature=0 24 23 20 11 0
split_gain=11.2349 18.0841 34.7475 13.6344 25.6994 27.8556
threshold=1.2519505216138527 -0.89999999999997715 16.793333333333337 0.0078375534055355033 0.019029298680714544 1.0551060786983706
decision_type=2 10 10 2 2 2
left_child=3 -2 -3 -1 5 -5
right_child=1 2 -4 4 -6 -7
leaf_value=-0.00061195470340253267 -0.00095248734595270855 0.0093920994350607974 -0.00032863640444882127 0.0024264900456274687 -0.00011409206386476445 -0.0042070962175510939
leaf_weight=2725 101 61 71 749 2977 59
leaf_count=2725 101 61 71 749 2977 59
internal_value=4.65284e-06 0.00211726 0.00443817 -7.25572e-05 0.000313735 0.00188437
internal_weight=6743 233 132 6510 3785 808
internal_count=6743 233 132 6510 3785 808
is_linear=0
shrinkage=0.01


Tree=707
num_leaves=7
num_cat=0
split_feature=5 9 7 0 15 18
split_gain=11.4573 20.9157 19.0127 35.6172 19.7133 19.665
threshold=-0.027946940833313862 0.0097402452888510262 1.0000000180025095e-35 0.80572152912550832 1.999270401002563 260.4500000000001
decision_type=2 2 2 2 2 8
left_child=-1 2 5 -4 -5 -2
right_child=1 -3 3 4 -6 -7
leaf_value=-0.0029690017117788708 -0.00048034902243908258 0.0046969225054878435 0.00088049959566758066 -0.0012203938284695275 -0.0050079297376796608 0.00072882812808868977
leaf_weight=117 2277 86 438 346 240 3239
leaf_count=117 2277 86 438 346 240 3239
internal_value=4.63008e-06 6.30395e-05 -3.44648e-06 -0.0012495 -0.00284638 0.000227905
internal_weight=6743 6626 6540 1024 586 5516
internal_count=6743 6626 6540 1024 586 5516
is_linear=0
shrinkage=0.01


Tree=708
num_leaves=7
num_cat=0
split_feature=13 13 14 22 16 16
split_gain=11.2917 27.6892 51.2469 34.8518 27.3888 24.9829
threshold=55.669639344324075 38.164115140502453 0.46918281386346855 28.500000000000032 0.3631629955415252 0.0053569966141446008
decision_type=2 2 2 10 2 2
left_child=1 5 -3 -4 -2 -1
right_child=4 2 3 -5 -6 -7
leaf_value=-0.0029690100179332901 -0.0041050432389389433 -0.0003668740872951905 0.0006724635098362342 0.011136155190837126 0.0005200931287044964 0.00010650516906515848
leaf_weight=267 209 198 54 82 296 5637
leaf_count=267 209 198 54 82 296 5637
internal_value=4.50423e-06 0.000123283 0.00288155 0.00738057 -0.0014172 -3.56749e-05
internal_weight=6743 6238 334 136 505 5904
internal_count=6743 6238 334 136 505 5904
is_linear=0
shrinkage=0.01


Tree=709
num_leaves=7
num_cat=0
split_feature=2 23 19 18 19 5
split_gain=11.3764 28.6765 24.2756 15.0907 19.3413 13.5911
threshold=0.25016427365162591 19.096666666666707 252.25500000000002 305.65000000000003 295.9500000000001 -0.04231065604838271
decision_type=2 8 10 10 10 2
left_child=1 2 -1 -4 -5 -2
right_child=5 -3 3 4 -6 -7
leaf_value=0.0077597846424618325 -0.0042195723318978204 -0.0045603815407033949 -0.001863446110619767 -0.00093180539063465447 0.0055007298127952306 -4.2813543700993493e-05
leaf_weight=67 69 53 91 71 104 6288
leaf_count=67 69 53 91 71 104 6288
internal_value=4.53315e-06 0.0016505 0.00277231 0.0012442 0.00292761 -9.62755e-05
internal_weight=6743 386 333 266 175 6357
internal_count=6743 386 333 266 175 6357
is_linear=0
shrinkage=0.01


Tree=710
num_leaves=7
num_cat=0
split_feature=24 10 23 1 20 8
split_gain=11.1786 27.2829 15.4414 13.638 18.1104 34.779
threshold=10.00000000000003 0.037067825216728453 25.960833333333373 0.88110771321780501 0.0069743967105340169 207.53325000000004
decision_type=8 2 8 2 2 2
left_child=3 -2 -3 -1 -5 -6
right_child=1 2 -4 4 5 -7
leaf_value=-0.0013559338031504471 -0.0052123179912132072 -0.0010785112684598992 0.0031028734418703657 -0.00043789519888890859 0.00022184514912215337 0.0027163150512170813
leaf_weight=545 127 391 103 2118 2764 695
leaf_count=545 127 391 103 2118 2764 695
internal_value=4.4529e-06 -0.0012614 -0.000142576 0.000136337 0.000286121 0.000732315
internal_weight=6743 621 494 6122 5577 3459
internal_count=6743 621 494 6122 5577 3459
is_linear=0
shrinkage=0.01


Tree=711
num_leaves=7
num_cat=0
split_feature=19 14 18 19 23 23
split_gain=11.3055 53.8839 31.9808 29.3155 31.7089 30.9932
threshold=220.32333333333347 0.086016241073786109 193.05000000000004 274.571666666667 11.092500000000024 15.963333333333482
decision_type=8 2 10 10 10 10
left_child=1 -1 -3 -2 -5 -6
right_child=3 2 -4 4 5 -7
leaf_value=0.0061297288919473893 -0.0011425144595260564 -0.0015442388117112018 0.0022299119242928942 -0.0028917911677959203 0.0022348824763360827 5.4641460851718008e-05
leaf_weight=159 2006 545 367 267 874 2525
leaf_count=159 2006 545 367 267 874 2525
internal_value=4.34849e-06 0.000943153 -6.91512e-06 -0.000172507 0.000357216 0.000623101
internal_weight=6743 1071 912 5672 3666 3399
internal_count=6743 1071 912 5672 3666 3399
is_linear=0
shrinkage=0.01


Tree=712
num_leaves=7
num_cat=0
split_feature=17 2 13 13 0 8
split_gain=11.1949 37.6005 33.734 38.9638 30.7289 29.2454
threshold=1.0000000180025095e-35 0.66305655650227602 62.738140707356202 38.164115140502453 1.0002375396795216 498.42090000000007
decision_type=2 2 2 2 2 2
left_child=1 2 3 5 -2 -1
right_child=4 -3 -4 -5 -6 -7
leaf_value=0.00064810965356710691 -4.9442219060511713e-05 -0.00049385621095352839 -0.0054152510570218927 0.0070435490856205468 -0.0030130467218482614 0.0046070078678642811
leaf_weight=1046 2960 1946 55 127 388 221
leaf_count=1046 2960 1946 55 127 388 221
internal_value=4.3801e-06 0.000409872 0.0016255 0.001947 -0.000403823 0.00137715
internal_weight=6743 3395 1449 1394 3348 1267
internal_count=6743 3395 1449 1394 3348 1267
is_linear=0
shrinkage=0.01


Tree=713
num_leaves=7
num_cat=0
split_feature=11 20 8 20 13 25
split_gain=11.1267 24.7284 22.35 24.5504 41.6737 30.2293
threshold=0.024351395750452469 0.017821110889073882 21.618000000000006 0.0069743967105340169 38.164115140502453 2.9000000000000346
decision_type=2 2 2 2 2 10
left_child=1 2 -1 4 -4 -6
right_child=-2 -3 3 -5 5 -7
leaf_value=-0.00092990391319071656 -0.00056974992419143457 0.0051390671339880635 -0.00063372852179944151 0.0016248916239711753 -0.00037760321050882338 0.0083158984560715524
leaf_weight=1280 2234 93 1606 1381 64 85
leaf_count=1280 2234 93 1606 1381 64 85
internal_value=4.35595e-06 0.000291643 0.000175917 0.000631973 -0.000148463 0.00472999
internal_weight=6743 4509 4416 3136 1755 149
internal_count=6743 4509 4416 3136 1755 149
is_linear=0
shrinkage=0.01


Tree=714
num_leaves=7
num_cat=0
split_feature=16 18 11 15 8 8
split_gain=11.2261 14.3517 13.4655 13.6942 18.3361 13.1012
threshold=10.619077735791935 293.75000000000006 0.047623304218267402 14.221402389679634 0.81270000000000009 15.902550000000003
decision_type=2 10 2 2 2 2
left_child=2 -2 3 4 -1 -6
right_child=1 -3 -4 -5 5 -7
leaf_value=0.0047654696721374321 -0.0039736953371156672 0.00059374491691710507 -0.0021607609275516178 -0.0028828702894577256 -0.00062850793732085748 0.00045219619320559825
leaf_weight=79 146 113 245 132 1472 4556
leaf_count=79 146 113 245 132 1472 4556
internal_value=4.46889e-06 -0.00199578 8.88581e-05 0.000182115 0.000254603 0.000186035
internal_weight=6743 259 6484 6239 6107 6028
internal_count=6743 259 6484 6239 6107 6028
is_linear=0
shrinkage=0.01


Tree=715
num_leaves=7
num_cat=0
split_feature=21 22 14 13 1 18
split_gain=11.0881 16.8486 47.19 44.4411 45.7316 35.5542
threshold=282.73884993495784 26.500000000000032 0.17021881020370608 19.544092818187696 1.6218976897473218 316.05000000000007
decision_type=8 8 2 2 2 10
left_child=-1 2 3 4 -2 -4
right_child=1 -3 5 -5 -6 -7
leaf_value=-0.0014640177763335649 0.010576166603576255 -8.0320146775807522e-05 0.00080129667190925735 0.00056705071567668094 0 -0.0057594338654201813
leaf_weight=467 125 5473 318 201 59 100
leaf_count=467 125 5473 318 201 59 100
internal_value=4.33781e-06 0.000117345 0.00146129 0.00394617 0.00736644 -0.000842786
internal_weight=6743 6276 803 385 184 418
internal_count=6743 6276 803 385 184 418
is_linear=0
shrinkage=0.01


Tree=716
num_leaves=7
num_cat=0
split_feature=2 23 19 18 19 3
split_gain=11.0701 28.1621 23.7024 14.792 18.931 12.0534
threshold=0.25016427365162591 19.096666666666707 252.25500000000002 305.65000000000003 295.9500000000001 0.1479391217311504
decision_type=2 8 10 10 10 2
left_child=1 2 -1 -4 -5 -2
right_child=5 -3 3 4 -6 -7
leaf_value=0.007668632982274542 -0.00075130181535632262 -0.0045260639074775908 -0.0018464885515594245 -0.00092064194565201984 0.0054423145599777631 0.0001917266097282482
leaf_weight=67 1939 53 91 71 104 4418
leaf_count=67 1939 53 91 71 104 4418
internal_value=4.35028e-06 0.00162803 0.00274006 0.00122955 0.0028965 -9.50717e-05
internal_weight=6743 386 333 266 175 6357
internal_count=6743 386 333 266 175 6357
is_linear=0
shrinkage=0.01


Tree=717
num_leaves=7
num_cat=0
split_feature=0 16 9 16 9 5
split_gain=11.0422 19.6903 17.3546 12.7665 21.9778 17.8157
threshold=1.2519505216138527 0.74691187563582562 0.0016937567398437449 0.0053569966141446008 -0.0018181625501031866 -0.027946940833313862
decision_type=2 2 2 2 2 2
left_child=3 -2 -3 4 -1 -5
right_child=1 2 -4 5 -6 -7
leaf_value=-0.0045924434028565891 0.0069740117912090597 0.0027712361554592109 -0.0032213086942210795 -0.0040491836672382694 0.00033029983570771428 0.00010461144724903019
leaf_weight=155 52 111 70 95 191 6069
leaf_count=155 52 111 70 95 191 6069
internal_value=4.35502e-06 0.00209878 0.000354005 -7.2177e-05 -0.00191394 3.25184e-05
internal_weight=6743 233 181 6510 346 6164
internal_count=6743 233 181 6510 346 6164
is_linear=0
shrinkage=0.01


Tree=718
num_leaves=7
num_cat=0
split_feature=15 15 25 15 18 15
split_gain=11.0471 25.8145 36.1521 32.0187 21.8836 21.2633
threshold=0.024460165809408501 0.46939228966590196 9.3000000000000131 0.36466965826878145 172.45000000000002 0.58540103139209709
decision_type=2 2 10 2 10 2
left_child=-1 2 3 -2 -5 -3
right_child=1 5 -4 4 -6 -7
leaf_value=-0.0016018673286965334 0.0017561326951082016 -0.00314915400537835 -0.0022178647008170432 0.0019220509578784307 0.01124936586145211 1.2876942707728772e-05
leaf_weight=392 389 211 148 50 64 5489
leaf_count=392 389 211 148 50 64 5489
internal_value=4.28655e-06 0.000107357 0.0019789 0.00325238 0.007724 -0.000107733
internal_weight=6743 6351 651 503 114 5700
internal_count=6743 6351 651 503 114 5700
is_linear=0
shrinkage=0.01


Tree=719
num_leaves=7
num_cat=0
split_feature=21 19 14 21 19 23
split_gain=10.9518 19.195 48.3483 31.237 27.1354 27.5876
threshold=281.37248889193683 220.32333333333347 0.086016241073786109 286.4309981405035 274.571666666667 15.963333333333482
decision_type=8 8 2 10 10 10
left_child=-1 2 -2 -3 -5 -6
right_child=1 3 -4 4 5 -7
leaf_value=-0.0017404364377747847 0.0068367791614941196 -0.0026718427149572568 0.00040003606512437078 -0.00092896244208026516 0.0020471379780948973 5.6164329803483297e-05
leaf_weight=331 132 429 687 1688 958 2518
leaf_count=331 132 429 687 1688 958 2518
internal_value=4.36173e-06 9.85586e-05 0.00151948 -0.000110067 0.000105573 0.000612052
internal_weight=6743 6412 819 5593 5164 3476
internal_count=6743 6412 819 5593 5164 3476
is_linear=0
shrinkage=0.01


Tree=720
num_leaves=7
num_cat=0
split_feature=17 2 13 13 19 2
split_gain=10.9405 36.7719 32.9787 37.8717 32.8473 34.1047
threshold=1.0000000180025095e-35 0.66305655650227602 62.738140707356202 38.164115140502453 185.49500000000009 0.3208016769517088
decision_type=2 2 2 2 10 2
left_child=1 2 3 4 -1 -6
right_child=-2 -3 -4 -5 5 -7
leaf_value=0.0069791638574649376 -0.00039914265824253991 -0.00048841928335099298 -0.0053536028972907494 0.0069504151498749316 0.0048334070139035984 0.00014763291960288519
leaf_weight=87 3348 1946 55 127 175 1005
leaf_count=87 3348 1946 55 127 175 1005
internal_value=4.37733e-06 0.000405251 0.00160742 0.00192537 0.00136336 0.000885738
internal_weight=6743 3395 1449 1394 1267 1180
internal_count=6743 3395 1449 1394 1267 1180
is_linear=0
shrinkage=0.01


Tree=721
num_leaves=7
num_cat=0
split_feature=16 14 11 5 9 3
split_gain=10.9466 14.1836 13.1023 13.3459 19.8014 29.8888
threshold=10.619077735791935 0.94263849625771667 0.047623304218267402 -0.04231065604838271 0.0069745960986368205 -0.035076781243101519
decision_type=2 2 2 2 2 2
left_child=2 -2 3 -1 -5 -6
right_child=1 -3 -4 4 5 -7
leaf_value=-0.0040066540901859595 -0.0035554501783791122 0.0012010213077852602 -0.0021311625959642695 0.00010959758102566782 -0.0017821586599475656 0.0051773390803567096
leaf_weight=65 174 85 245 5916 84 174
leaf_count=65 174 85 245 5916 84 174
internal_value=4.52116e-06 -0.00197065 8.78715e-05 0.000179882 0.000231983 0.00289219
internal_weight=6743 259 6484 6239 6174 258
internal_count=6743 259 6484 6239 6174 258
is_linear=0
shrinkage=0.01


Tree=722
num_leaves=7
num_cat=0
split_feature=21 22 18 18 4 10
split_gain=10.8979 16.2991 41.731 33.4348 34.2902 29.8629
threshold=282.73884993495784 26.500000000000032 320.25000000000006 260.4500000000001 0.1756458525304864 0.03529871864335387
decision_type=8 8 10 10 2 2
left_child=-1 2 5 4 -3 -2
right_child=1 3 -4 -5 -6 -7
leaf_value=-0.0014513209701927704 0.0038569629072989276 -0.0014625649455249909 -0.0036910278655420572 0.00049924888654633297 0.0041122086884246931 -0.00053811477541377574
leaf_weight=467 458 1834 123 3532 107 222
leaf_count=467 458 1834 123 3532 107 222
internal_value=4.37249e-06 0.000116419 0.00143826 -7.79686e-05 -0.00113062 0.0024206
internal_weight=6743 6276 803 5473 1941 680
internal_count=6743 6276 803 5473 1941 680
is_linear=0
shrinkage=0.01


Tree=723
num_leaves=7
num_cat=0
split_feature=15 15 25 15 18 15
split_gain=10.839 25.0053 35.177 30.9473 21.5523 20.7811
threshold=0.024460165809408501 0.46939228966590196 9.3000000000000131 0.36466965826878145 172.45000000000002 0.58540103139209709
decision_type=2 2 10 2 10 2
left_child=-1 2 3 -2 -5 -3
right_child=1 5 -4 4 -6 -7
leaf_value=-0.00158662026633673 0.0017329290837141684 -0.0031119927833050628 -0.002190766892266236 0.0018561319162448248 0.011097697277861722 1.3973704960703784e-05
leaf_weight=392 389 211 148 50 64 5489
leaf_count=392 389 211 148 50 64 5489
internal_value=4.31878e-06 0.000106428 0.0019484 0.00320475 0.00760159 -0.000105238
internal_weight=6743 6351 651 503 114 5700
internal_count=6743 6351 651 503 114 5700
is_linear=0
shrinkage=0.01


Tree=724
num_leaves=7
num_cat=0
split_feature=17 0 16 1 11 0
split_gain=10.7307 30.481 28.7358 27.4513 37.9374 26.7718
threshold=1.0000000180025095e-35 1.0002375396795216 0.13573476045713104 2.0595408195729914 0.018102288832127649 0.93894474215316082
decision_type=2 2 2 2 2 2
left_child=2 -2 5 4 -3 -1
right_child=1 3 -4 -5 -6 -7
leaf_value=0.00017942746055044542 -4.2296673622650054e-05 -0.0088450130040904403 0.00021525978635488611 0.0029374348656482883 -0.0016034920494374721 0.0094906721546342884
leaf_weight=63 2960 104 3276 57 227 56
leaf_count=63 2960 104 3276 57 227 56
internal_value=4.39125e-06 -0.000395227 0.000401417 -0.00299385 -0.00410076 0.00503475
internal_weight=6743 3348 3395 388 331 119
internal_count=6743 3348 3395 388 331 119
is_linear=0
shrinkage=0.01


Tree=725
num_leaves=7
num_cat=0
split_feature=13 0 0 10 20 4
split_gain=10.7411 20.5226 14.6221 24.1937 15.0121 26.136
threshold=69.488673062273008 0.80726971168390704 1.2723730332504524 0.017332036676623436 0.0069743967105340169 0.26294432424193898
decision_type=2 2 2 2 2 2
left_child=2 -2 4 -4 -1 -6
right_child=1 -3 3 -5 5 -7
leaf_value=-0.00066127350182532834 0.002783917578321601 -0.0038969091647331829 0.0079221605653724356 0.00043483150710245806 0.0002531413700496254 0.0069126779461900394
leaf_weight=2254 53 161 52 157 4016 50
leaf_count=2254 53 161 52 157 4016 50
internal_value=4.38187e-06 -0.00214725 7.96109e-05 0.00262005 -6.82707e-06 0.000354246
internal_weight=6743 214 6529 209 6320 4066
internal_count=6743 214 6529 209 6320 4066
is_linear=0
shrinkage=0.01


Tree=726
num_leaves=7
num_cat=0
split_feature=5 9 7 21 14 19
split_gain=10.8098 20.2506 18.6358 21.9735 62.4622 48.4268
threshold=-0.027946940833313862 0.0097402452888510262 1.0000000180025095e-35 289.17355869081115 0.11665875592132696 221.15999999999971
decision_type=2 2 2 10 2 10
left_child=-1 2 3 4 5 -2
right_child=1 -3 -4 -5 -6 -7
leaf_value=-0.0028837621197522452 0.0083326089312710499 0.004620970477068719 -0.0012376933858058428 0.00067957325963961617 -0.0015031494149272675 0.00039587008751968441
leaf_weight=117 110 86 1024 3636 1545 225
leaf_count=117 110 86 1024 3636 1545 225
internal_value=4.57126e-06 6.13483e-05 -4.04666e-06 0.000224985 -0.00064786 0.00319693
internal_weight=6743 6626 6540 5516 1880 335
internal_count=6743 6626 6540 5516 1880 335
is_linear=0
shrinkage=0.01


Tree=727
num_leaves=7
num_cat=0
split_feature=16 18 11 15 8 2
split_gain=10.7534 13.9905 12.9113 13.3232 18.0556 13.2846
threshold=10.619077735791935 281.05000000000007 0.047623304218267402 14.221402389679634 0.81270000000000009 0.25016427365162591
decision_type=2 10 2 2 2 2
left_child=2 -2 3 4 -1 -6
right_child=1 -3 -4 -5 5 -7
leaf_value=0.0047263300590468255 -0.0043499562368378977 0.00014197114028579352 -0.0021155051132846696 -0.0028444962120864176 0.0020486019891336519 6.2232208568827407e-05
leaf_weight=79 118 141 245 132 349 5679
leaf_count=79 118 141 245 132 349 5679
internal_value=4.65001e-06 -0.001953 8.72741e-05 0.000178623 0.000250144 0.000182095
internal_weight=6743 259 6484 6239 6107 6028
internal_count=6743 259 6484 6239 6107 6028
is_linear=0
shrinkage=0.01


Tree=728
num_leaves=7
num_cat=0
split_feature=15 15 25 15 15 5
split_gain=10.7143 24.3865 34.4299 30.0901 20.3612 17.7538
threshold=0.024460165809408501 0.46939228966590196 9.3000000000000131 0.36466965826878145 0.58540103139209709 0.095131719157308184
decision_type=2 2 8 2 2 2
left_child=5 2 3 -2 -3 -1
right_child=1 4 -4 -5 -6 -7
leaf_value=-0.0055012526897092661 0.0017161397821792777 -0.0030791569527289175 -0.0021693753910286329 0.0075043436697113421 1.5067289999727484e-05 -0.00040034565943732905
leaf_weight=80 389 211 148 114 5489 312
leaf_count=80 389 211 148 114 5489 312
internal_value=4.56899e-06 0.000106096 0.00192514 0.00316818 -0.000102914 -0.00157717
internal_weight=6743 6351 651 503 5700 392
internal_count=6743 6351 651 503 5700 392
is_linear=0
shrinkage=0.01


Tree=729
num_leaves=7
num_cat=0
split_feature=21 19 18 22 18 8
split_gain=10.6652 26.552 18.6582 16.34 41.4146 35.7207
threshold=282.73884993495784 246.32666666666702 161.25000000000003 26.500000000000032 320.25000000000006 22.605750000000004
decision_type=10 10 10 8 10 2
left_child=1 2 -1 4 5 -2
right_child=3 -3 -4 -5 -6 -7
leaf_value=-0.002294811533155063 -0.0001666323738793532 -0.0059307426004444512 0.0019844442739820663 -7.6337731987443326e-05 -0.0036497333076698497 0.0044377293841021724
leaf_weight=198 290 93 189 5473 123 377
leaf_count=198 290 93 189 5473 123 377
internal_value=4.46533e-06 -0.00141486 -0.000182409 0.00011692 0.0014525 0.00244817
internal_weight=6743 480 387 6263 790 667
internal_count=6743 480 387 6263 790 667
is_linear=0
shrinkage=0.01


Tree=730
num_leaves=7
num_cat=0
split_feature=17 2 16 19 21 24
split_gain=10.667 35.662 39.0157 32.5042 52.6062 24.3286
threshold=1.0000000180025095e-35 0.66305655650227602 6.7356785747550196 185.49500000000009 285.00590595819961 1.8000000000000116
decision_type=2 2 2 10 10 10
left_child=1 2 3 -1 -5 -6
right_child=-2 -3 -4 4 5 -7
leaf_value=0.0077732387829261519 -0.00039414857086190818 -0.00047989577416766599 -0.0033592580422474485 -0.0033996814977651263 0.0041004164089256355 0.0010258993708805891
leaf_weight=86 3348 1946 134 167 491 571
leaf_count=86 3348 1946 134 167 491 571
internal_value=4.2771e-06 0.000400128 0.00158404 0.00211686 0.00165344 0.00248168
internal_weight=6743 3395 1449 1315 1229 1062
internal_count=6743 3395 1449 1315 1229 1062
is_linear=0
shrinkage=0.01


Tree=731
num_leaves=7
num_cat=0
split_feature=5 9 7 21 18 1
split_gain=10.5471 19.9185 18.2857 21.7805 47.3872 40.774
threshold=-0.027946940833313862 0.0097402452888510262 1.0000000180025095e-35 289.17355869081115 318.85000000000008 1.8463424048250507
decision_type=2 2 2 10 10 2
left_child=-1 2 3 4 -2 -5
right_child=1 -3 -4 5 -6 -7
leaf_value=-0.0028487318319517859 7.2257686393043988e-05 0.0045824787285285613 -0.0012264744591093458 0.00032495576945145327 -0.0041026078939378242 0.0039130088042094776
leaf_weight=117 1562 86 1024 3294 318 342
leaf_count=117 1562 86 1024 3294 318 342
internal_value=4.2827e-06 6.03843e-05 -4.45923e-06 0.000222397 -0.000646596 0.000674995
internal_weight=6743 6626 6540 5516 1880 3636
internal_count=6743 6626 6540 5516 1880 3636
is_linear=0
shrinkage=0.01


Tree=732
num_leaves=7
num_cat=0
split_feature=2 23 16 16 21 18
split_gain=10.6054 27.6509 21.5163 19.2194 13.6669 72.6826
threshold=0.25016427365162591 19.096666666666707 2.1759701539193474 0.14120436663634647 287.52959142738797 315.55000000000007
decision_type=2 8 2 2 10 10
left_child=1 2 3 -1 5 -2
right_child=4 -3 -4 -5 -6 -7
leaf_value=-0.00058306146082998838 5.2486269183834245e-05 -0.0045031875980988383 -0.002620196749921888 0.0052658518494360833 0.00015686089870771538 -0.0059128169214771112
leaf_weight=69 1208 53 54 210 4914 235
leaf_count=69 1208 53 54 210 4914 235
internal_value=4.25046e-06 0.00159352 0.00269601 0.00381462 -9.30311e-05 -0.00094612
internal_weight=6743 386 333 279 6357 1443
internal_count=6743 386 333 279 6357 1443
is_linear=0
shrinkage=0.01


Tree=733
num_leaves=7
num_cat=0
split_feature=11 20 5 10 9 1
split_gain=10.4733 23.7301 17.1092 26.8289 16.6061 23.1384
threshold=0.024351395750452469 0.017821110889073882 0.017363785351638471 0.018754143899312303 0.003433501515347982 1.0601624136644527
decision_type=2 2 2 2 2 2
left_child=1 2 3 -1 -2 -6
right_child=4 -3 -4 -5 5 -7
leaf_value=-0.007880178577633519 -0.00097241339226411116 0.0050314028034872801 0.00027607473658151818 0.0011826474769503564 -0.0015602235169466844 0.003083332842481482
leaf_weight=56 1811 93 4303 57 170 253
leaf_count=56 1811 93 4303 57 170 253
internal_value=4.05774e-06 0.000282826 0.000169421 -0.00350288 -0.000552891 0.0012011
internal_weight=6743 4509 4416 113 2234 423
internal_count=6743 4509 4416 113 2234 423
is_linear=0
shrinkage=0.01


Tree=734
num_leaves=7
num_cat=0
split_feature=15 15 25 15 18 15
split_gain=10.5776 23.7423 33.6798 29.3419 21.2387 19.9259
threshold=0.024460165809408501 0.46939228966590196 9.3000000000000131 0.36466965826878145 172.45000000000002 0.58540103139209709
decision_type=2 2 10 2 10 2
left_child=-1 2 3 -2 -5 -3
right_child=1 5 -4 4 -6 -7
leaf_value=-0.0015676167157573618 0.0016950122522304586 -0.0030455851148628544 -0.0021493903526305399 0.0017358400660256546 0.010876806383147031 1.5377315088464911e-05
leaf_weight=392 389 211 148 50 64 5489
leaf_count=392 389 211 148 50 64 5489
internal_value=4.00473e-06 0.000104893 0.00189976 0.00312933 0.00741157 -0.000101316
internal_weight=6743 6351 651 503 114 5700
internal_count=6743 6351 651 503 114 5700
is_linear=0
shrinkage=0.01


Tree=735
num_leaves=7
num_cat=0
split_feature=16 14 11 15 8 2
split_gain=10.4627 13.8522 12.5499 13.0003 17.8355 12.8329
threshold=10.619077735791935 0.94263849625771667 0.047623304218267402 14.221402389679634 0.81270000000000009 0.25016427365162591
decision_type=2 2 2 2 2 2
left_child=2 -2 3 4 -1 -6
right_child=1 -3 -4 -5 5 -7
leaf_value=0.0046951315196210085 -0.003493771242893949 0.0012053992170189495 -0.0020860922166092695 -0.0028105231489933716 0.002013223282837187 6.0872644528167676e-05
leaf_weight=79 174 85 245 132 349 5679
leaf_count=79 174 85 245 132 349 5679
internal_value=4.07664e-06 -0.00192692 8.55976e-05 0.00017568 0.000246349 0.00017871
internal_weight=6743 259 6484 6239 6107 6028
internal_count=6743 259 6484 6239 6107 6028
is_linear=0
shrinkage=0.01


Tree=736
num_leaves=7
num_cat=0
split_feature=17 5 16 22 8 19
split_gain=10.5049 28.5031 58.3631 38.2041 34.4507 32.2786
threshold=1.0000000180025095e-35 0.19398017230562253 4.2457952378220734 28.500000000000032 390.01365000000004 232.00500000000014
decision_type=2 2 2 8 2 10
left_child=1 2 3 5 -5 -1
right_child=-2 -3 -4 4 -6 -7
leaf_value=0.0052233268588017193 -0.00039134636879750755 -0.00010528400913241221 -0.0045598223517122477 0.0034032001084235222 0.01093857950111851 -0.0024954006484956982
leaf_weight=68 3348 2607 105 378 70 167
leaf_count=68 3348 2607 105 378 70 167
internal_value=4.02971e-06 0.000396873 0.00205123 0.00313313 0.00481556 -9.90466e-05
internal_weight=6743 3395 788 683 448 235
internal_count=6743 3395 788 683 448 235
is_linear=0
shrinkage=0.01


Tree=737
num_leaves=7
num_cat=0
split_feature=13 15 5 2 3 7
split_gain=10.4439 20.2795 17.8019 13.4225 17.2 19.0598
threshold=69.488673062273008 0.050470754725631659 0.20869616417799558 0.29215137611234859 0.06813467860740817 1.0000000180025095e-35
decision_type=2 2 2 2 2 2
left_child=3 -2 -3 4 -1 -6
right_child=1 2 -4 -5 5 -7
leaf_value=0.00010201097649329345 -0.0068273516800254584 -0.0028160589986613821 0.0035830186136268285 -5.7661910405471397e-05 0.0054971148796448136 -0.00094053907625710783
leaf_weight=333 55 95 64 5986 153 57
leaf_count=333 55 95 64 5986 153 57
internal_value=4.1377e-06 -0.0021175 -0.000121555 7.83396e-05 0.00156963 0.00374097
internal_weight=6743 214 159 6529 543 210
internal_count=6743 214 159 6529 543 210
is_linear=0
shrinkage=0.01


Tree=738
num_leaves=7
num_cat=0
split_feature=21 19 18 12 22 14
split_gain=10.3417 25.3805 18.6173 17.9602 15.6321 44.0601
threshold=282.73884993495784 246.32666666666702 161.25000000000003 1.0000000180025095e-35 26.500000000000032 0.17021881020370608
decision_type=8 10 10 2 8 2
left_child=1 2 -1 -4 5 -2
right_child=4 -3 3 -5 -6 -7
leaf_value=-0.0023861872435380254 0.003809028240859426 -0.0058130080815748256 0.0049132338039321348 -0.00094927128769944761 -7.7098814746403996e-05 -0.00081786989578465884
leaf_weight=185 385 93 92 97 5473 418
leaf_count=185 385 93 92 97 5473 418
internal_value=4.04509e-06 -0.00141398 -0.000171168 0.00195768 0.000113233 0.00140777
internal_weight=6743 467 374 189 6276 803
internal_count=6743 467 374 189 6276 803
is_linear=0
shrinkage=0.01


Tree=739
num_leaves=7
num_cat=0
split_feature=17 2 16 13 13 18
split_gain=10.4323 34.6422 37.6111 26.7951 30.7716 21.303
threshold=1.0000000180025095e-35 0.66305655650227602 6.7356785747550196 62.738140707356202 38.164115140502453 183.10000000000005
decision_type=2 2 2 2 2 10
left_child=1 2 3 4 5 -1
right_child=-2 -3 -4 -5 -6 -7
leaf_value=0.0057904152705417411 -0.00039007723973729101 -0.0004718782594145356 -0.0032908151889245751 -0.0044555156780406837 0.0069315287665299629 0.0013182276940021779
leaf_weight=113 3348 1946 134 50 126 1026
leaf_count=113 3348 1946 134 50 126 1026
internal_value=3.92586e-06 0.000395416 0.00156229 0.00208548 0.00238478 0.00181715
internal_weight=6743 3395 1449 1315 1265 1139
internal_count=6743 3395 1449 1315 1265 1139
is_linear=0
shrinkage=0.01


Tree=740
num_leaves=7
num_cat=0
split_feature=15 15 25 15 18 15
split_gain=10.3789 23.1054 32.955 28.6214 20.7639 19.4892
threshold=0.024460165809408501 0.46939228966590196 9.3000000000000131 0.36466965826878145 172.45000000000002 0.58540103139209709
decision_type=2 2 10 2 10 2
left_child=-1 2 3 -2 -5 -3
right_child=1 5 -4 4 -6 -7
leaf_value=-0.0015528392171445513 0.0016739235072277656 -0.0030113547260776099 -0.0021302906679626131 0.001708078054090341 0.010746834923991479 1.5871979518890895e-05
leaf_weight=392 389 211 148 50 64 5489
leaf_count=392 389 211 148 50 64 5489
internal_value=3.9374e-06 0.000103888 0.00187452 0.00309093 0.00732057 -9.95148e-05
internal_weight=6743 6351 651 503 114 5700
internal_count=6743 6351 651 503 114 5700
is_linear=0
shrinkage=0.01


Tree=741
num_leaves=7
num_cat=0
split_feature=5 9 7 13 15 5
split_gain=10.2557 19.5011 18.0095 21.1481 20.9888 20.3585
threshold=-0.027946940833313862 0.0097402452888510262 1.0000000180025095e-35 13.995179251571424 1.6387703568644467 0.098081151986341819
decision_type=2 2 2 2 2 2
left_child=-1 2 -2 5 -5 -4
right_child=1 -3 3 4 -6 -7
leaf_value=-0.0028092907940030216 0.00022033100786575101 0.0045338261180828945 0.0050763744060866164 0.0010160165998968295 -0.0058976726637286715 -0.00091139522791673492
leaf_weight=117 5516 86 51 54 148 771
leaf_count=117 5516 86 51 54 148 771
internal_value=4.00836e-06 5.93503e-05 -4.79373e-06 -0.00121755 -0.00404154 -0.000471323
internal_weight=6743 6626 6540 1024 202 822
internal_count=6743 6626 6540 1024 202 822
is_linear=0
shrinkage=0.01


Tree=742
num_leaves=7
num_cat=0
split_feature=21 19 19 12 22 14
split_gain=10.2793 25.0969 17.5619 21.9106 15.2734 43.1145
threshold=282.73884993495784 200.40999999999977 119.30166666666683 1.0000000180025095e-35 26.500000000000032 0.17021881020370608
decision_type=8 10 10 2 8 2
left_child=1 2 -1 -4 5 -2
right_child=4 -3 3 -5 -6 -7
leaf_value=-0.0040877399386039801 0.0037678474856929598 -0.0044006076318213166 0.0049330545688175001 -0.00093358636523286503 -7.5266688986893384e-05 -0.00080897350150114806
leaf_weight=60 385 167 100 140 5473 418
leaf_count=60 385 167 100 140 5473 418
internal_value=3.98646e-06 -0.00140975 0.000311149 0.00157039 0.000112849 0.00139245
internal_weight=6743 467 300 240 6276 803
internal_count=6743 467 300 240 6276 803
is_linear=0
shrinkage=0.01


Tree=743
num_leaves=7
num_cat=0
split_feature=0 16 9 16 9 8
split_gain=10.2856 19.1591 16.8056 11.2432 20.969 17.0176
threshold=1.2519505216138527 0.74691187563582562 0.0016937567398437449 0.0053569966141446008 -0.0018181625501031866 2.0596500000000004
decision_type=2 2 2 2 2 2
left_child=3 -2 -3 4 -1 -5
right_child=1 2 -4 5 -6 -7
leaf_value=-0.004415953497458814 0.0068329663400448137 0.0026881888585765503 -0.0032095463811419906 0.0028203725302316054 0.00039017297283645526 -6.8801480766286042e-05
leaf_weight=155 52 111 70 201 191 5963
leaf_count=155 52 111 70 201 191 5963
internal_value=3.86359e-06 0.00202531 0.00030632 -6.99479e-05 -0.00179834 2.82066e-05
internal_weight=6743 233 181 6510 346 6164
internal_count=6743 233 181 6510 346 6164
is_linear=0
shrinkage=0.01


Tree=744
num_leaves=7
num_cat=0
split_feature=13 13 24 1 15 22
split_gain=10.3936 24.8413 38.0609 52.3699 21.5917 39.3217
threshold=55.669639344324075 38.164115140502453 -1.9999999999999714 1.5008218956194332 2.3647064478086457 37.200000000000024
decision_type=2 2 10 2 2 8
left_child=1 4 -3 -4 5 -1
right_child=-2 2 3 -5 -6 -7
leaf_value=0.0011138167498399528 -0.0013600274179748472 -0.0023127602856327719 -0.00089333732157224541 0.0084335794006837172 -0.00058004473575453243 -0.0024266207282359386
leaf_weight=2303 505 97 93 144 3249 352
leaf_count=2303 505 97 93 144 3249 352
internal_value=3.89955e-06 0.000117917 0.0027305 0.00484517 -3.25574e-05 0.000633329
internal_weight=6743 6238 334 237 5904 2655
internal_count=6743 6238 334 237 5904 2655
is_linear=0
shrinkage=0.01


Tree=745
num_leaves=7
num_cat=0
split_feature=15 15 22 15 18 15
split_gain=10.3174 22.3273 31.9858 22.8794 29.2922 18.8914
threshold=0.024460165809408501 0.46939228966590196 37.60000000000003 0.36466965826878145 311.85000000000008 0.58540103139209709
decision_type=2 2 10 2 10 2
left_child=-1 2 3 4 -2 -3
right_child=1 5 -4 -5 -6 -7
leaf_value=-0.001548324070334555 5.8109091170798472e-05 -0.00296329424838742 -0.0043203920582930251 0.0059448506985941242 0.0064136613255022503 1.7141398278671532e-05
leaf_weight=392 359 211 65 145 82 5489
leaf_count=392 359 211 65 145 82 5489
internal_value=3.83056e-06 0.000103489 0.00184406 0.00260562 0.00137805 -9.64321e-05
internal_weight=6743 6351 651 586 441 5700
internal_count=6743 6351 651 586 441 5700
is_linear=0
shrinkage=0.01


Tree=746
num_leaves=7
num_cat=0
split_feature=17 2 16 0 13 13
split_gain=10.2142 33.8893 36.7545 30.1038 26.1101 29.737
threshold=1.0000000180025095e-35 0.66305655650227602 6.7356785747550196 1.0002375396795216 62.738140707356202 38.164115140502453
decision_type=2 2 2 2 2 2
left_child=1 2 4 -2 5 -1
right_child=3 -3 -4 -5 -6 -7
leaf_value=0.0017997202075559085 -3.5271056913997103e-05 -0.00046653777953110638 -0.0032518486576575216 -0.0029684343000045562 -0.0043936089371951923 0.006828774177633664
leaf_weight=1139 2960 1946 134 388 50 126
leaf_count=1139 2960 1946 134 388 50 126
internal_value=3.84559e-06 0.000391237 0.00154538 -0.000386001 0.00206262 0.00235811
internal_weight=6743 3395 1449 3348 1315 1265
internal_count=6743 3395 1449 3348 1315 1265
is_linear=0
shrinkage=0.01


Tree=747
num_leaves=7
num_cat=0
split_feature=21 19 22 14 8 19
split_gain=10.1458 24.7275 14.914 42.0459 48.2656 31.9706
threshold=282.73884993495784 246.32666666666702 26.500000000000032 0.17021881020370608 30.889350000000004 274.571666666667
decision_type=8 10 8 2 2 10
left_child=1 -1 3 4 -2 -4
right_child=2 -3 5 -5 -6 -7
leaf_value=-0.00017357724961887771 5.3760873220990694e-05 -0.0057430271813600758 -0.0010351821376428465 -0.00079741297595455345 0.0071051215272688985 0.00053063600003293407
leaf_weight=374 191 93 2117 418 194 3356
leaf_count=374 191 93 2117 418 194 3356
internal_value=3.71107e-06 -0.00140081 0.000111875 0.00137633 0.00372215 -7.39945e-05
internal_weight=6743 467 6276 803 385 5473
internal_count=6743 467 6276 803 385 5473
is_linear=0
shrinkage=0.01


Tree=748
num_leaves=7
num_cat=0
split_feature=15 15 22 16 2 24
split_gain=10.0495 21.7897 31.3541 26.3683 27.8632 53.931
threshold=0.024460165809408501 0.46939228966590196 37.60000000000003 0.8625053431893106 0.5336070111703316 1.100000000000023
decision_type=2 2 10 2 2 10
left_child=-1 2 3 -2 5 -5
right_child=1 -3 -4 4 -6 -7
leaf_value=-0.001528202703990626 0.00020169304050639167 -9.5460345247124723e-05 -0.0042811348671714464 0.013533628151885101 0.0017524351723188039 0.00084624139380951719
leaf_weight=392 268 5700 65 67 186 65
leaf_count=392 268 5700 65 67 186 65
internal_value=3.64346e-06 0.000102019 0.00182151 0.00257568 0.00447876 0.00785604
internal_weight=6743 6351 651 586 318 132
internal_count=6743 6351 651 586 318 132
is_linear=0
shrinkage=0.01


Tree=749
num_leaves=7
num_cat=0
split_feature=5 9 7 0 18 22
split_gain=10.0594 19.0599 17.5675 35.0321 19.3831 54.7195
threshold=-0.027946940833313862 0.0097402452888510262 1.0000000180025095e-35 0.80572152912550832 260.4500000000001 26.500000000000032
decision_type=2 2 2 2 8 8
left_child=-1 2 4 -4 5 -2
right_child=1 -3 3 -5 -6 -7
leaf_value=-0.0027824848619524361 0.0019620767326745565 0.0044821616230062014 0.00090927465061862935 -0.002786673892327196 0.00071487684202969264 -0.0014589161180808296
leaf_weight=117 642 86 438 586 3239 1635
leaf_count=117 642 86 438 586 3239 1635
internal_value=3.76147e-06 5.8586e-05 -4.8108e-06 -0.00120261 0.000217516 -0.000485633
internal_weight=6743 6626 6540 1024 5516 2277
internal_count=6743 6626 6540 1024 5516 2277
is_linear=0
shrinkage=0.01


Tree=750
num_leaves=7
num_cat=0
split_feature=21 22 18 18 4 5
split_gain=10.1214 14.7302 38.8931 31.5262 32.6439 28.3454
threshold=282.73884993495784 26.500000000000032 320.25000000000006 260.4500000000001 0.1756458525304864 0.31003025812535229
decision_type=10 8 10 10 2 2
left_child=-1 2 -2 4 5 -3
right_child=1 3 -4 -5 -6 -7
leaf_value=-0.0013788995011537384 0.0023468805183577413 -0.0027584853869992965 -0.0035616578360235219 0.00049036694802949584 0.0040224931847590668 -0.00025600050676764091
leaf_weight=480 667 840 123 3532 107 994
leaf_count=480 667 840 123 3532 107 994
internal_value=3.73926e-06 0.000113329 0.00138142 -7.00758e-05 -0.00109231 -0.00141634
internal_weight=6743 6263 790 5473 1941 1834
internal_count=6743 6263 790 5473 1941 1834
is_linear=0
shrinkage=0.01


Tree=751
num_leaves=7
num_cat=0
split_feature=13 16 14 0 3 20
split_gain=10.0555 19.8814 17.8585 13.862 16.5218 14.7031
threshold=69.488673062273008 0.67530357215401604 0.25333555132544644 1.2723730332504524 0.43997904045807085 0.0069743967105340169
decision_type=2 2 2 2 2 2
left_child=3 -2 -3 5 -5 -1
right_child=1 2 -4 4 -6 -7
leaf_value=-0.00065531097136080341 -0.0056870516606575836 0.0045870885358502466 -0.0024000702151447855 0.0066640574983595048 0.0005919448823106956 0.00034969506183048823
leaf_weight=2254 81 50 83 58 151 4066
leaf_count=2254 81 50 83 58 151 4066
internal_value=3.65603e-06 -0.00207814 0.000293838 7.64937e-05 0.00255004 -7.62511e-06
internal_weight=6743 214 133 6529 209 6320
internal_count=6743 214 133 6529 209 6320
is_linear=0
shrinkage=0.01


Tree=752
num_leaves=7
num_cat=0
split_feature=17 2 16 19 21 5
split_gain=10.0867 33.1429 36.1465 30.8011 50.0039 35.0213
threshold=1.0000000180025095e-35 0.66305655650227602 6.7356785747550196 185.49500000000009 285.00590595819961 0.11609817789258285
decision_type=2 2 2 10 10 2
left_child=1 2 3 -1 -5 -6
right_child=-2 -3 -4 4 5 -7
leaf_value=0.0075491599544572335 -0.0003837260570770733 -0.00045958824508948623 -0.0032271126639453643 -0.0033338476011745295 0.0055187966179041457 0.0013101941244504243
leaf_weight=86 3348 1946 134 167 262 800
leaf_count=86 3348 1946 134 167 262 800
internal_value=3.67056e-06 0.000388646 0.00153002 0.00204302 0.00159183 0.0023996
internal_weight=6743 3395 1449 1315 1229 1062
internal_count=6743 3395 1449 1315 1229 1062
is_linear=0
shrinkage=0.01


Tree=753
num_leaves=7
num_cat=0
split_feature=5 9 14 23 19 14
split_gain=9.99725 18.6757 13.9484 13.2048 14.9573 40.8754
threshold=-0.027946940833313862 0.0097402452888510262 0.78060461047799456 2.3166666666666913 220.32333333333347 0.086016241073786109
decision_type=2 2 2 10 10 2
left_child=2 3 -1 -2 5 -5
right_child=1 -3 -4 4 -6 -7
leaf_value=0.00036368921667031227 -0.0037068989299433798 0.0044371230100417351 -0.0060755587194580582 0.0057436012603887697 -0.00015464788364330799 0.00026093959429722636
leaf_weight=63 85 86 54 154 5471 830
leaf_count=63 85 86 54 154 5471 830
internal_value=3.7075e-06 5.8367e-05 -0.00277391 -4.37261e-06 4.84942e-05 0.00117821
internal_weight=6743 6626 117 6540 6455 984
internal_count=6743 6626 117 6540 6455 984
is_linear=0
shrinkage=0.01


Tree=754
num_leaves=7
num_cat=0
split_feature=13 16 13 0 19 15
split_gain=9.94686 26.0821 23.6895 35.0099 38.2601 26.2543
threshold=55.669639344324075 0.3631629955415252 38.164115140502453 0.98193751457940792 243.14666666666707 3.4558341048551156
decision_type=2 2 2 2 10 2
left_child=2 -2 -1 5 -5 -4
right_child=1 -3 3 4 -6 -7
leaf_value=-3.1649365303653878e-05 -0.0039544630893527371 0.00055809947516726561 -0.0034967883574928893 -0.00098907356223207907 0.0087516398955550453 0.0043164430542246383
leaf_weight=5904 209 296 106 54 116 58
leaf_count=5904 209 296 106 54 116 58
internal_value=3.68329e-06 -0.00133058 0.000115256 0.00266656 0.00571892 -0.000586835
internal_weight=6743 505 6238 334 170 164
internal_count=6743 505 6238 334 170 164
is_linear=0
shrinkage=0.01


Tree=755
num_leaves=7
num_cat=0
split_feature=11 8 2 8 14 23
split_gain=9.87979 17.2379 27.7805 20.037 20.0482 26.2859
threshold=0.024351395750452469 21.618000000000006 0.29609949564028709 40.532850000000003 0.12628109640036736 11.092500000000024
decision_type=2 2 2 2 2 8
left_child=1 -1 -3 -4 -5 -6
right_child=-2 2 3 4 5 -7
leaf_value=-0.00067382675130028759 -0.00053720225069195675 0.0060435843949349834 0.0019903387417917716 0.002373280863018439 -0.0024883819837668852 0.00027644069266329871
leaf_weight=1331 2234 84 695 317 422 1660
leaf_count=1331 2234 84 695 317 422 1660
internal_value=3.69317e-06 0.00027449 0.000675666 0.000507708 6.75541e-05 -0.000288396
internal_weight=6743 4509 3178 3094 2399 2082
internal_count=6743 4509 3178 3094 2399 2082
is_linear=0
shrinkage=0.01


Tree=756
num_leaves=7
num_cat=0
split_feature=16 18 16 7 9 0
split_gain=9.83013 13.4649 12.2036 16.3616 39.7029 29.3168
threshold=10.619077735791935 293.75000000000006 9.2397129071248987 1.0000000180025095e-35 0.008965750995440034 0.92823341721164543
decision_type=2 10 2 2 2 2
left_child=2 -2 3 -1 5 -5
right_child=1 -3 -4 4 -6 -7
leaf_value=0.00023178115003679977 -0.0037855091050434382 0.00063473649042832664 0.0028194206087035862 -0.00043876530274478376 0.0065077518754535248 -0.0042585548111376817
leaf_weight=5357 146 113 149 634 53 291
leaf_count=5357 146 113 149 634 53 291
internal_value=3.75966e-06 -0.00186791 8.28235e-05 1.25403e-05 -0.00116842 -0.00168384
internal_weight=6743 259 6484 6335 978 925
internal_count=6743 259 6484 6335 978 925
is_linear=0
shrinkage=0.01


Tree=757
num_leaves=7
num_cat=0
split_feature=2 19 14 19 21 14
split_gain=9.86648 25.3444 15.5605 25.7545 13.9209 35.776
threshold=0.25016427365162591 255.18666666666607 0.14912527721288293 295.9500000000001 287.70577455648316 0.10252281222668956
decision_type=2 8 2 10 10 2
left_child=1 -1 -3 -4 5 -2
right_child=4 2 3 -5 -6 -7
leaf_value=0.0063080100522472935 0.0022920243469998244 -0.0027624611868041346 -0.0016307895851787181 0.0051606387034192815 0.00016828681184587288 -0.0016609144587455935
leaf_weight=77 270 106 102 101 4860 1227
leaf_count=77 270 106 102 101 4860 1227
internal_value=3.74741e-06 0.0015367 0.000155915 0.00178489 -9.0031e-05 -0.000930846
internal_weight=6743 386 309 203 6357 1497
internal_count=6743 386 309 203 6357 1497
is_linear=0
shrinkage=0.01


Tree=758
num_leaves=7
num_cat=0
split_feature=5 9 7 13 15 5
split_gain=9.8475 18.1438 17.0482 20.8464 20.578 19.5676
threshold=-0.027946940833313862 0.0097402452888510262 1.0000000180025095e-35 13.995179251571424 1.6387703568644467 0.098081151986341819
decision_type=2 2 2 2 2 2
left_child=-1 2 -2 5 -5 -4
right_child=1 -3 3 4 -6 -7
leaf_value=-0.0027528927452480935 0.00021526038070393701 0.0043740160376182762 0.0049952698480643211 0.0010178159479983151 -0.0058252988520367185 -0.00087507150909030469
leaf_weight=117 5516 86 51 54 148 771
leaf_count=117 5516 86 51 54 148 771
internal_value=3.82654e-06 5.80859e-05 -3.73245e-06 -0.00118373 -0.00398706 -0.000443172
internal_weight=6743 6626 6540 1024 202 822
internal_count=6743 6626 6540 1024 202 822
is_linear=0
shrinkage=0.01


Tree=759
num_leaves=7
num_cat=0
split_feature=15 15 25 15 18 15
split_gain=9.83789 20.8428 30.8668 25.8958 20.4368 18.4135
threshold=0.024460165809408501 0.46939228966590196 9.3000000000000131 0.36466965826878145 172.45000000000002 0.58540103139209709
decision_type=2 2 10 2 10 2
left_child=-1 2 3 -2 -5 -3
right_child=1 5 -4 4 -6 -7
leaf_value=-0.0015118103770919106 0.0016105395389655441 -0.0029223680826603558 -0.0020909976541312247 0.0014757178115348021 0.010374478758186907 2.0150219738349907e-05
leaf_weight=392 389 211 148 50 64 5489
leaf_count=392 389 211 148 50 64 5489
internal_value=3.80528e-06 0.000101155 0.00178288 0.00296074 0.00698592 -9.19505e-05
internal_weight=6743 6351 651 503 114 5700
internal_count=6743 6351 651 503 114 5700
is_linear=0
shrinkage=0.01


Tree=760
num_leaves=7
num_cat=0
split_feature=0 16 18 18 19 22
split_gain=9.87351 18.5177 12.5388 29.3429 11.614 32.8735
threshold=1.2519505216138527 0.74691187563582562 326.35000000000008 277.05000000000007 274.571666666667 26.500000000000032
decision_type=2 2 10 10 10 8
left_child=4 -2 3 -3 5 -1
right_child=1 2 -4 -5 -6 -7
leaf_value=0.001122913479405971 0.0067108480884663525 0.0024802016975676144 0.003814767948077882 -0.0066661470358977551 0.00031668310894449416 -0.0011935290388895082
leaf_weight=846 52 72 58 51 3537 2127
leaf_count=846 52 72 58 51 3537 2127
internal_value=3.87024e-06 0.00198444 0.000293957 -0.00145307 -6.84176e-05 -0.000529453
internal_weight=6743 233 181 123 6510 2973
internal_count=6743 233 181 123 6510 2973
is_linear=0
shrinkage=0.01


Tree=761
num_leaves=7
num_cat=0
split_feature=21 19 12 22 19 19
split_gain=9.84986 23.952 16.7224 13.7793 36.0628 36.7084
threshold=282.73884993495784 246.32666666666702 1.0000000180025095e-35 26.500000000000032 262.24500000000063 300.13666666666677
decision_type=8 10 2 8 8 10
left_child=1 2 -1 4 -2 -6
right_child=3 -3 -4 -5 5 -7
leaf_value=0.0021821240429110694 0.0030411635916831842 -0.0056535508330839059 -0.0019763283328023845 -6.8038920688441991e-05 -0.0033919056648101641 0.0037016312039812051
leaf_weight=159 481 93 215 5473 227 95
leaf_count=159 481 93 215 5473 227 95
internal_value=3.95867e-06 -0.0013799 -0.000171601 0.000110554 0.00132595 -0.00122051
internal_weight=6743 467 374 6276 803 322
internal_count=6743 467 374 6276 803 322
is_linear=0
shrinkage=0.01


Tree=762
num_leaves=7
num_cat=0
split_feature=17 0 16 1 20 0
split_gain=9.87475 29.5382 27.7932 26.4472 34.1927 25.6515
threshold=1.0000000180025095e-35 1.0002375396795216 0.13573476045713104 2.0595408195729914 0.0096181328137069817 0.93894474215316082
decision_type=2 2 2 2 2 2
left_child=2 -2 5 4 -3 -1
right_child=1 3 -4 -5 -6 -7
leaf_value=0.00018372472477694079 -3.199260988425497e-05 -0.0083297383380872923 0.00020168735181631096 0.0028826545434656424 -0.0015406556970986496 0.009303362490044851
leaf_weight=63 2960 111 3276 57 220 56
leaf_count=63 2960 111 3276 57 220 56
internal_value=3.85741e-06 -0.000379431 0.000384781 -0.00293747 -0.00402419 0.00494135
internal_weight=6743 3348 3395 388 331 119
internal_count=6743 3348 3395 388 331 119
is_linear=0
shrinkage=0.01


Tree=763
num_leaves=7
num_cat=0
split_feature=13 15 10 14 16 7
split_gain=9.81579 19.3801 12.1219 41.5734 51.9485 13.5067
threshold=69.488673062273008 0.050470754725631659 0.016004421638187955 0.85182228482416145 3.007485931388084 1.0000000180025095e-35
decision_type=2 2 2 2 2 2
left_child=2 -2 3 4 -1 -4
right_child=1 -3 5 -5 -6 -7
leaf_value=0.011567401692767938 -0.0066567876645578783 -0.00010159262031669447 0.00019356288580205105 -0.0021444802772316893 -0.00057265448280506667 -0.0010645645006086802
leaf_weight=65 55 159 5287 108 62 1007
leaf_count=65 55 159 5287 108 62 1007
internal_value=3.85836e-06 -0.00205295 7.58397e-05 0.00225827 0.00595857 -7.51261e-06
internal_weight=6743 214 6529 235 127 6294
internal_count=6743 214 6529 235 127 6294
is_linear=0
shrinkage=0.01


Tree=764
num_leaves=7
num_cat=0
split_feature=15 8 8 14 21 19
split_gain=9.71694 17.8414 20.7419 19.1552 17.4957 62.0126
threshold=14.221402389679634 2.4979500000000003 13.504050000000001 0.079064266088257867 286.4309981405035 245.40166666666684
decision_type=2 2 2 2 10 10
left_child=1 -1 3 -3 5 -4
right_child=-2 2 4 -5 -6 -7
leaf_value=0.0024453695342274537 -0.0025287617963260494 -0.0042643936681049186 0.00054569679924110789 -0.00067471240430518205 0.00047166984476738389 -0.0047556797296100023
leaf_weight=290 138 181 770 744 4323 297
leaf_count=290 138 181 770 744 4323 297
internal_value=3.77862e-06 6.19461e-05 -4.96185e-05 -0.00142592 0.000186925 -0.000951114
internal_weight=6743 6605 6315 925 5390 1067
internal_count=6743 6605 6315 925 5390 1067
is_linear=0
shrinkage=0.01


Tree=765
num_leaves=7
num_cat=0
split_feature=2 23 19 19 14 11
split_gain=9.75734 26.6564 21.3415 12.5963 18.1908 11.9863
threshold=0.25016427365162591 19.096666666666707 255.18666666666607 295.9500000000001 0.14912527721288293 0.024351395750452469
decision_type=2 8 10 10 2 2
left_child=1 2 -1 -4 -5 -2
right_child=5 -3 3 4 -6 -7
leaf_value=0.0070637906374162937 0.00019664695159424264 -0.0044555956030648851 -0.0013163882662342045 -0.0011934704733464647 0.0055440808884283099 -0.00074338228550213453
leaf_weight=73 4415 53 111 58 91 1942
leaf_count=73 4415 53 111 58 91 1942
internal_value=3.5815e-06 0.00152804 0.00261168 0.00110931 0.0029484 -8.96685e-05
internal_weight=6743 386 333 260 149 6357
internal_count=6743 386 333 260 149 6357
is_linear=0
shrinkage=0.01


Tree=766
num_leaves=7
num_cat=0
split_feature=17 2 0 11 1 11
split_gain=9.66435 32.4034 29.1136 27.0373 25.9089 37.0244
threshold=1.0000000180025095e-35 0.66305655650227602 1.0002375396795216 0.0088032195105652248 2.0595408195729914 0.018102288832127649
decision_type=2 2 2 2 2 2
left_child=1 3 -2 -1 5 -4
right_child=2 -3 4 -5 -6 -7
leaf_value=0.0079629680153632913 -3.0624467521811436e-05 -0.00045821707771844872 -0.0086759172033583909 0.0012020222559392586 0.0028450519274642217 -0.0015265544754441216
leaf_weight=53 2960 1946 104 1396 57 227
leaf_count=53 2960 1946 104 1396 57 227
internal_value=3.59152e-06 0.000380452 -0.000375576 0.00150905 -0.00291515 -0.00399076
internal_weight=6743 3395 3348 1449 388 331
internal_count=6743 3395 3348 1449 388 331
is_linear=0
shrinkage=0.01


Tree=767
num_leaves=7
num_cat=0
split_feature=16 14 11 20 8 24
split_gain=9.7009 13.4357 12.0638 12.3303 22.2154 24.7082
threshold=10.619077735791935 0.94263849625771667 0.047623304218267402 0.016746465958057712 21.618000000000006 2.3000000000000118
decision_type=2 2 2 2 2 8
left_child=2 -2 3 4 5 -1
right_child=1 -3 -4 -5 -6 -7
leaf_value=0.00028413846177708995 -0.0034001875549691486 0.0012256024882785583 -0.0020470890699173599 0.0011529458990064032 0.00038342942573705381 -0.0022789611947057332
leaf_weight=704 174 85 245 1051 3706 778
leaf_count=704 174 85 245 1051 3706 778
internal_value=3.54551e-06 -0.00185577 8.20981e-05 0.000170452 -2.84961e-05 -0.00106096
internal_weight=6743 259 6484 6239 5188 1482
internal_count=6743 259 6484 6239 5188 1482
is_linear=0
shrinkage=0.01


Tree=768
num_leaves=7
num_cat=0
split_feature=21 19 18 19 5 18
split_gain=9.63801 23.3064 26.4907 13.4853 52.3332 27.2484
threshold=282.73884993495784 200.40999999999977 161.25000000000003 220.32333333333347 0.082053216643186419 260.4500000000001
decision_type=10 10 10 8 2 10
left_child=1 2 -1 4 -2 -5
right_child=3 -3 -4 5 -6 -7
leaf_value=-0.0019906676359161143 0.010344138901525489 -0.0042498307219064543 0.0037780247387682437 -0.0011310633531978218 0.00056472868937661581 0.00039851854204107391
leaf_weight=192 50 167 121 1651 680 3882
leaf_count=192 50 167 121 1651 680 3882
internal_value=3.44075e-06 -0.00134574 0.000256366 0.000110418 0.0013788 -5.73087e-05
internal_weight=6743 480 313 6263 730 5533
internal_count=6743 480 313 6263 730 5533
is_linear=0
shrinkage=0.01


Tree=769
num_leaves=7
num_cat=0
split_feature=5 14 4 25 18 18
split_gain=9.65635 13.6326 13.1169 42.0487 17.4776 15.9356
threshold=-0.027946940833313862 0.78060461047799456 0.18184858684932068 6.8000000000000123 320.25000000000006 262.15000000000003
decision_type=2 2 2 8 10 8
left_child=1 -1 5 4 -4 -2
right_child=2 -3 3 -5 -6 -7
leaf_value=0.00037237303471830609 -0.00063380257756689594 -0.00599099637940526 0.0058679545472707893 -0.0037692769422299332 -0.00030193914006005474 0.00038239554998703221
leaf_weight=63 2635 54 164 80 57 3690
leaf_count=63 2635 54 164 80 57 3690
internal_value=3.52057e-06 -0.0027263 5.72657e-05 0.00206289 0.00428915 -3.97071e-05
internal_weight=6743 117 6626 301 221 6325
internal_count=6743 117 6626 301 221 6325
is_linear=0
shrinkage=0.01


Tree=770
num_leaves=7
num_cat=0
split_feature=13 0 0 10 20 11
split_gain=9.59692 19.3398 13.3104 22.4185 14.5495 31.7453
threshold=69.488673062273008 0.80726971168390704 1.2723730332504524 0.017332036676623436 0.0069743967105340169 0.011639478312664913
decision_type=2 2 2 2 2 2
left_child=2 -2 4 -4 -1 -6
right_child=1 -3 3 -5 5 -7
leaf_value=-0.0006521109232236076 0.0027502595721965745 -0.003731360582645699 0.0076019175398734313 0.00039424141902409627 0.0073969433900146252 0.00023389016883153691
leaf_weight=2254 53 161 52 157 53 4013
leaf_count=2254 53 161 52 157 53 4013
internal_value=3.39543e-06 -0.00203034 7.45872e-05 0.00249843 -7.80909e-06 0.000347632
internal_weight=6743 214 6529 209 6320 4066
internal_count=6743 214 6529 209 6320 4066
is_linear=0
shrinkage=0.01


Tree=771
num_leaves=7
num_cat=0
split_feature=11 5 11 6 3 2
split_gain=9.56937 16.4972 24.9393 16.0134 19.0577 13.3772
threshold=0.024351395750452469 0.017363785351638471 0.019214730906488866 1.0913296216997865 -0.035076781243101519 0.56748531353667242
decision_type=2 2 2 2 2 2
left_child=1 2 -1 -2 -5 -3
right_child=3 5 -4 4 -6 -7
leaf_value=-0.0079074096203338908 -0.0008937356873822865 0.0010650920176216475 0.00076927004796064767 -0.00080338108047416958 0.0037654119359682558 -6.2221554204159682e-05
leaf_weight=51 1890 1702 65 178 166 2691
leaf_count=51 1890 1702 65 178 166 2691
internal_value=3.59832e-06 0.000270131 -0.00329093 -0.000528708 0.00141717 0.000373695
internal_weight=6743 4509 116 2234 344 4393
internal_count=6743 4509 116 2234 344 4393
is_linear=0
shrinkage=0.01


Tree=772
num_leaves=7
num_cat=0
split_feature=17 2 16 0 1 20
split_gain=9.58724 31.4787 34.919 28.5762 25.5349 32.8925
threshold=1.0000000180025095e-35 0.66305655650227602 6.7356785747550196 1.0002375396795216 2.0595408195729914 0.0096181328137069817
decision_type=2 2 2 2 2 2
left_child=1 2 -1 -2 5 -5
right_child=3 -3 -4 4 -6 -7
leaf_value=0.0019955902098607765 -3.2379735038170483e-05 -0.00044773183463554209 -0.0031838087315231357 -0.0081817908553177606 0.002827378180600814 -0.001520631211809814
leaf_weight=1315 2960 1946 134 111 57 220
leaf_count=1315 2960 1946 134 111 57 220
internal_value=3.47249e-06 0.000378833 0.00149122 -0.000374174 -0.00289022 -0.00395819
internal_weight=6743 3395 1449 3348 388 331
internal_count=6743 3395 1449 3348 388 331
is_linear=0
shrinkage=0.01


Tree=773
num_leaves=7
num_cat=0
split_feature=15 15 25 15 18 15
split_gain=9.49455 20.2742 30.0552 25.1624 19.8354 18.0336
threshold=0.024460165809408501 0.46939228966590196 9.3000000000000131 0.36466965826878145 172.45000000000002 0.58540103139209709
decision_type=2 2 10 2 10 2
left_child=-1 2 3 -2 -5 -3
right_child=1 5 -4 4 -6 -7
leaf_value=-0.0014856610140665922 0.0015884968194232925 -0.0028925824272383123 -0.0020645149069531714 0.001455503505965074 0.010227006484527845 1.9405674173807619e-05
leaf_weight=392 389 211 148 50 64 5489
leaf_count=392 389 211 148 50 64 5489
internal_value=3.25202e-06 9.89147e-05 0.00175756 0.00291996 0.00688813 -9.15147e-05
internal_weight=6743 6351 651 503 114 5700
internal_count=6743 6351 651 503 114 5700
is_linear=0
shrinkage=0.01


Tree=774
num_leaves=7
num_cat=0
split_feature=21 18 5 16 18 25
split_gain=9.50264 64.8642 28.4779 27.4843 21.9593 32.7627
threshold=286.4309981405035 287.55000000000007 0.23527610121383133 1.1744117025297849 301.35000000000008 5.3000000000000123
decision_type=10 10 2 2 10 10
left_child=1 2 3 -1 -2 -6
right_child=4 -3 -4 -5 5 -7
leaf_value=0.0057793353736356259 -0.00034284881949124822 -0.004714115142985708 -0.0005750554759808398 -0.00066264809892995142 0.0025099328612746075 1.6478964572581391e-05
leaf_weight=158 3266 304 639 102 826 1448
leaf_count=158 3266 304 639 102 826 1448
internal_value=3.3209e-06 -0.000796976 0.000553906 0.00328412 0.000180028 0.000933595
internal_weight=6743 1203 899 260 5540 2274
internal_count=6743 1203 899 260 5540 2274
is_linear=0
shrinkage=0.01


Tree=775
num_leaves=7
num_cat=0
split_feature=25 5 23 14 13 12
split_gain=9.44051 35.1658 20.3385 72.9243 47.021 49.4123
threshold=-1.6999999999999884 0.12521459615909117 15.963333333333482 1.1157806618353567 0.26867439109076624 0.32901780089495319
decision_type=10 2 8 2 2 2
left_child=1 -1 3 4 5 -2
right_child=2 -3 -4 -5 -6 -7
leaf_value=-0.0051625427419770952 0.011283782103784241 -8.9893083422332533e-05 -0.00026108579051640059 -0.0025453164574859252 0.0012895597246288641 0.0016150983078712091
leaf_weight=151 96 936 3722 437 1282 119
leaf_count=151 96 936 3722 437 1282 119
internal_value=3.28785e-06 -0.00084431 0.000169151 0.000999374 0.00205079 0.00628635
internal_weight=6743 1087 5656 1934 1497 215
internal_count=6743 1087 5656 1934 1497 215
is_linear=0
shrinkage=0.01


Tree=776
num_leaves=7
num_cat=0
split_feature=13 16 13 14 19 0
split_gain=9.47933 25.2913 22.5929 46.3179 35.5644 23.1142
threshold=55.669639344324075 0.3631629955415252 38.164115140502453 0.46918281386346855 249.88166666666646 0.99978550113948206
decision_type=2 2 2 2 10 2
left_child=2 -2 -1 5 -5 -4
right_child=1 -3 3 4 -6 -7
leaf_value=-3.1154599204570151e-05 -0.0038832466618995689 0.00055997803799649759 -0.0029761512279240549 0.00012766141836191453 0.010611518508434215 0.0037689355908660216
leaf_weight=5904 209 296 128 53 83 70
leaf_count=5904 209 296 128 53 83 70
internal_value=3.31613e-06 -0.00129918 0.000112271 0.00260384 0.00688297 -0.000476894
internal_weight=6743 505 6238 334 136 198
internal_count=6743 505 6238 334 136 198
is_linear=0
shrinkage=0.01


Tree=777
num_leaves=7
num_cat=0
split_feature=16 0 16 7 0 4
split_gain=9.38329 13.1946 11.9821 15.7966 37.0431 28.7342
threshold=10.619077735791935 0.87338210916895587 9.2397129071248987 1.0000000180025095e-35 0.71059898644537733 -0.052533507126145969
decision_type=2 2 2 2 2 2
left_child=2 -2 3 -1 5 -5
right_child=1 -3 -4 4 -6 -7
leaf_value=0.00022648365720814354 -0.00054475214033293615 -0.0059380667394057654 0.0027923030307576498 0.00017165450411367006 -0.0022750161791526115 0.0080635954679981366
leaf_weight=5357 208 51 149 193 733 52
leaf_count=5357 208 51 149 193 733 52
internal_value=3.40407e-06 -0.0018252 8.06846e-05 1.10307e-05 -0.00114934 0.00213643
internal_weight=6743 259 6484 6335 978 245
internal_count=6743 259 6484 6335 978 245
is_linear=0
shrinkage=0.01


Tree=778
num_leaves=7
num_cat=0
split_feature=0 24 23 19 21 22
split_gain=9.33789 16.7764 32.4833 11.1494 34.8826 31.3604
threshold=1.2519505216138527 -0.89999999999997715 16.899166666666726 274.571666666667 286.4309981405035 26.500000000000032
decision_type=2 8 10 10 10 8
left_child=3 -2 -3 5 -5 -1
right_child=1 2 -4 4 -6 -7
leaf_value=0.0010951544338332437 -0.0010182565885285537 0.0087668638475037908 -0.00060052471474195135 -0.0039243924114650683 0.00054349026889491381 -0.0011672577198146906
leaf_weight=846 101 64 68 174 3363 2127
leaf_count=846 101 64 68 174 3363 2127
internal_value=3.40699e-06 0.00192955 0.00416836 -6.68517e-05 0.000310433 -0.000518598
internal_weight=6743 233 132 6510 3537 2973
internal_count=6743 233 132 6510 3537 2973
is_linear=0
shrinkage=0.01


Tree=779
num_leaves=7
num_cat=0
split_feature=2 19 24 24 21 18
split_gain=9.39043 23.84 18.6907 15.1669 13.4656 70.7717
threshold=0.25016427365162591 255.18666666666607 -0.49999999999997152 -2.5999999999999654 287.70577455648316 315.55000000000007
decision_type=2 8 8 10 10 10
left_child=1 -1 3 -3 5 -2
right_child=4 2 -4 -5 -6 -7
leaf_value=0.0061267668194533598 6.6051620521598224e-05 6.5449411571722168e-05 -0.0021191033801502166 0.0065129130814344655 0.00016597667269569941 -0.0056614280734457465
leaf_weight=77 1247 97 160 52 4860 250
leaf_count=77 1247 97 160 52 4860 250
internal_value=3.39802e-06 0.00149895 0.000158483 0.00264656 -8.80537e-05 -0.000915026
internal_weight=6743 386 309 149 6357 1497
internal_count=6743 386 309 149 6357 1497
is_linear=0
shrinkage=0.01


Tree=780
num_leaves=7
num_cat=0
split_feature=15 15 25 16 4 19
split_gain=9.38661 19.5441 29.1951 24.2862 34.726 18.5716
threshold=0.024460165809408501 0.46939228966590196 9.3000000000000131 0.8625053431893106 -0.068568991809100324 275.14166666666767
decision_type=2 2 10 2 2 10
left_child=-1 2 3 5 -5 -2
right_child=1 -3 -4 4 -6 -7
leaf_value=-0.0014769425797994382 -0.002252927216825875 -8.8344627214715352e-05 -0.0020392350917328387 0.0019201348765778381 0.0094230695532740282 0.0031668988614529372
leaf_weight=392 117 5700 148 175 96 115
leaf_count=392 117 5700 148 175 96 115
internal_value=3.47002e-06 9.85952e-05 0.0017271 0.00287293 0.00485434 0.000412151
internal_weight=6743 6351 651 503 271 232
internal_count=6743 6351 651 503 271 232
is_linear=0
shrinkage=0.01


Tree=781
num_leaves=7
num_cat=0
split_feature=17 2 13 13 19 2
split_gain=9.38622 30.6535 29.2648 32.703 28.8091 32.7642
threshold=1.0000000180025095e-35 0.66305655650227602 62.738140707356202 38.164115140502453 185.49500000000009 0.3208016769517088
decision_type=2 2 2 2 10 2
left_child=1 2 3 4 -1 -6
right_child=-2 -3 -4 -5 5 -7
leaf_value=0.0065093572145884801 -0.00037011623331410234 -0.00044065554935953169 -0.0050815807263581807 0.0064430579675164371 0.0046708661305239884 7.9529500664092816e-05
leaf_weight=87 3348 1946 55 127 175 1005
leaf_count=87 3348 1946 55 127 175 1005
internal_value=3.53383e-06 0.000374953 0.00147268 0.00177275 0.00124999 0.00080238
internal_weight=6743 3395 1449 1394 1267 1180
internal_count=6743 3395 1449 1394 1267 1180
is_linear=0
shrinkage=0.01


Tree=782
num_leaves=7
num_cat=0
split_feature=5 14 4 0 25 14
split_gain=9.39048 13.3261 12.4228 48.6046 48.5065 17.9117
threshold=-0.027946940833313862 0.78060461047799456 0.18184858684932068 0.99213245514361603 6.0000000000000293 0.53559369914270161
decision_type=2 2 2 2 8 2
left_child=1 -1 -2 -4 5 -5
right_child=2 -3 3 4 -6 -7
leaf_value=0.00037313751633955195 -3.7637873086440899e-05 -0.0059164162629167551 0.0063736086128715506 0.00609296883907049 -0.0083622418998768842 -0.0012483473711957533
leaf_weight=63 6325 54 131 52 56 62
leaf_count=63 6325 54 131 52 56 62
internal_value=3.67339e-06 -0.00268828 5.66935e-05 0.00200853 -0.00146681 0.00224099
internal_weight=6743 117 6626 301 170 114
internal_count=6743 117 6626 301 170 114
is_linear=0
shrinkage=0.01


Tree=783
num_leaves=7
num_cat=0
split_feature=21 19 12 19 3 19
split_gain=9.34593 22.3519 16.8662 13.2079 34.8875 21.3517
threshold=282.73884993495784 200.40999999999977 1.0000000180025095e-35 220.32333333333347 0.055962673106500473 274.571666666667
decision_type=10 10 2 8 2 10
left_child=1 2 -1 4 -2 -5
right_child=3 -3 -4 5 -6 -7
leaf_value=0.0030397169052086997 0.0084393973478290724 -0.0041689419002130124 -0.0015551475648402206 -0.00091455026906145007 0.00066967144742901316 0.00039031304086762459
leaf_weight=122 54 167 191 1901 676 3632
leaf_count=122 54 167 191 1901 676 3632
internal_value=3.56669e-06 -0.00132499 0.000243523 0.000108932 0.00136421 -5.70423e-05
internal_weight=6743 480 313 6263 730 5533
internal_count=6743 480 313 6263 730 5533
is_linear=0
shrinkage=0.01


Tree=784
num_leaves=7
num_cat=0
split_feature=7 9 0 15 6 25
split_gain=9.29716 33.8615 33.8574 34.1956 24.578 21.9447
threshold=1.0000000180025095e-35 0.008965750995440034 0.93562139328216709 1.3180889115993872 1.0035403338739204 5.900000000000035
decision_type=2 2 2 2 2 8
left_child=-1 2 -2 4 -4 -5
right_child=1 -3 3 5 -6 -7
leaf_value=0.00016698360842124651 -0.00012844277258828812 0.0061442495401089004 -0.0046341803231749867 -0.002326481979080411 0.0039383487619862366 -0.010062030741557626
leaf_weight=5670 736 55 51 76 64 91
leaf_count=5670 736 55 51 76 64 91
internal_value=3.6184e-06 -0.000843981 -0.00128736 -0.00416983 0 -0.00692849
internal_weight=6743 1073 1018 282 115 167
internal_count=6743 1073 1018 282 115 167
is_linear=0
shrinkage=0.01


Tree=785
num_leaves=7
num_cat=0
split_feature=11 20 8 5 8 19
split_gain=9.32064 13.0762 19.1803 32.7543 30.459 19.78
threshold=0.047623304218267402 0.016746465958057712 24.653250000000003 0.21441683307505355 32.440050000000006 281.57666666666643
decision_type=2 2 2 2 2 10
left_child=1 2 3 5 -4 -1
right_child=-2 -3 4 -5 -6 -7
leaf_value=-0.0047831167489179949 -0.0018479117935981024 0.0010779020787376062 0.0034351951145532443 3.9160269144104313e-05 1.8651733256816907e-05 -0.0011141261828791105
leaf_weight=275 251 1083 273 1092 3430 339
leaf_count=275 251 1083 273 1092 3430 339
internal_value=3.45039e-06 7.92995e-05 -0.000120417 -0.000995841 0.0002818 -0.00282375
internal_weight=6743 6492 5409 1706 3703 614
internal_count=6743 6492 5409 1706 3703 614
is_linear=0
shrinkage=0.01


Tree=786
num_leaves=7
num_cat=0
split_feature=11 5 10 4 3 0
split_gain=9.29433 16.1316 26.5653 15.5669 18.4378 15.146
threshold=0.024351395750452469 0.017363785351638471 0.018754143899312303 0.043670562441908721 -0.035076781243101519 0.92307697531762833
decision_type=2 2 2 2 2 2
left_child=1 2 -1 5 -5 -2
right_child=3 -3 -4 4 -6 -7
leaf_value=-0.0076727114039275681 -0.00043637653727881468 0.00036850042535953157 0.0012319878501584754 -0.00078633370893162766 0.0037070242037324612 -0.0027248719229026807
leaf_weight=56 1537 4393 60 178 166 353
leaf_count=56 1537 4393 60 178 166 353
internal_value=3.36889e-06 0.000266065 -0.00325524 -0.000521211 0.00139719 -0.000881159
internal_weight=6743 4509 116 2234 344 1890
internal_count=6743 4509 116 2234 344 1890
is_linear=0
shrinkage=0.01


Tree=787
num_leaves=7
num_cat=0
split_feature=16 14 16 7 9 9
split_gain=9.25984 13.1218 11.7325 15.4803 37.424 20.0543
threshold=10.619077735791935 0.94263849625771667 9.2397129071248987 1.0000000180025095e-35 0.008965750995440034 -0.0068612849721010763
decision_type=2 2 2 2 2 2
left_child=2 -2 3 -1 5 -5
right_child=1 -3 -4 4 -6 -7
leaf_value=0.00022435175650014507 -0.0033402994369237642 0.0012298313902789041 0.0027632198989121885 0.00062160905289778605 0.0063140743840781471 -0.002570568888050761
leaf_weight=5357 174 85 149 268 53 657
leaf_count=5357 174 85 149 268 53 657
internal_value=3.2121e-06 -0.00181331 7.99927e-05 1.10513e-05 -0.00113763 -0.00163825
internal_weight=6743 259 6484 6335 978 925
internal_count=6743 259 6484 6335 978 925
is_linear=0
shrinkage=0.01


Tree=788
num_leaves=7
num_cat=0
split_feature=0 24 23 20 8 10
split_gain=9.34678 16.5312 31.7466 12.5088 26.8984 32.1666
threshold=1.2519505216138527 -0.89999999999997715 17.91333333333333 0.0078375534055355033 207.53325000000004 0.02597591472302703
decision_type=2 10 10 2 2 2
left_child=3 -2 -3 -1 -5 -6
right_child=1 2 -4 4 5 -7
leaf_value=-0.00058372386867138761 -0.00099612239236431628 0.0077352470822714195 -0.0017092338625769147 -0.00011385079111235205 0.0068365379282079074 0.0010719246704561207
leaf_weight=2725 101 81 51 3038 107 640
leaf_count=2725 101 81 51 3038 107 640
internal_value=3.28722e-06 0.00193035 0.00415242 -6.70055e-05 0.000302927 0.00199026
internal_weight=6743 233 132 6510 3785 747
internal_count=6743 233 132 6510 3785 747
is_linear=0
shrinkage=0.01


Tree=789
num_leaves=7
num_cat=0
split_feature=21 19 12 18 22 18
split_gain=9.19738 22.0208 18.8294 16.9144 13.6517 36.2269
threshold=282.73884993495784 246.32666666666702 1.0000000180025095e-35 156.60000000000005 26.500000000000032 320.25000000000006
decision_type=10 10 2 10 8 10
left_child=1 2 3 -1 5 -2
right_child=4 -3 -4 -5 -6 -7
leaf_value=-0.0016138947233557703 0.0022609075171387367 -0.0054279176313068393 -0.0020381154570831145 0.0046749489559783589 -6.855525767079793e-05 -0.0034407605078899395
leaf_weight=60 667 93 226 101 5473 123
leaf_count=60 667 93 226 101 5473 123
internal_value=3.406e-06 -0.00131454 -0.000189039 0.00231548 0.000107943 0.00132877
internal_weight=6743 480 387 161 6263 790
internal_count=6743 480 387 161 6263 790
is_linear=0
shrinkage=0.01


Tree=790
num_leaves=7
num_cat=0
split_feature=0 16 9 20 8 1
split_gain=9.19589 17.5891 15.8247 12.2565 26.4641 34.7615
threshold=1.2519505216138527 0.74691187563582562 0.00054545454545454439 0.0078375534055355033 207.53325000000004 1.188344594594595
decision_type=2 2 2 2 2 2
left_child=3 -2 -3 -1 -5 -6
right_child=1 2 -4 4 5 -7
leaf_value=-0.00057797444506168031 0.0065206101099630036 0.0031471096825870597 -0.0024566027156862559 -0.0001136904251204866 -6.769725989170409e-05 0.0041946301349464242
leaf_weight=2725 52 89 92 3038 392 355
leaf_count=2725 52 89 92 3038 392 355
internal_value=3.22899e-06 0.00191468 0.000266965 -6.6482e-05 0.000299683 0.00197335
internal_weight=6743 233 181 6510 3785 747
internal_count=6743 233 181 6510 3785 747
is_linear=0
shrinkage=0.01


Tree=791
num_leaves=7
num_cat=0
split_feature=17 2 16 19 22 13
split_gain=9.25734 29.9263 33.8421 28.5538 36.4483 34.5735
threshold=1.0000000180025095e-35 0.66305655650227602 6.7356785747550196 185.49500000000009 28.500000000000032 17.877604077128598
decision_type=2 2 2 10 10 2
left_child=1 2 3 -1 -5 -6
right_child=-2 -3 -4 4 5 -7
leaf_value=0.0072553811622977568 -0.00036774137755617576 -0.00043363415474221011 -0.0031449801872359883 -0.0012422215046645061 0.0011685178828668692 0.0054026275180077479
leaf_weight=86 3348 1946 134 336 609 284
leaf_count=86 3348 1946 134 336 609 284
internal_value=3.32473e-06 0.000372196 0.00145683 0.0019535 0.00151887 0.00257108
internal_weight=6743 3395 1449 1315 1229 893
internal_count=6743 3395 1449 1315 1229 893
is_linear=0
shrinkage=0.01


Tree=792
num_leaves=7
num_cat=0
split_feature=5 9 7 0 21 22
split_gain=9.19058 17.0516 15.8242 33.0542 21.6416 38.336
threshold=-0.027946940833313862 0.0097402452888510262 1.0000000180025095e-35 0.80572152912550832 289.17355869081115 26.500000000000032
decision_type=2 2 2 2 10 10
left_child=-1 2 4 -4 5 -2
right_child=1 -3 3 -5 -6 -7
leaf_value=-0.0026597468194911097 0.00080477493712643078 0.0042398901545675476 0.00090971334152397634 -0.0026799753022204577 0.00065811437515747248 -0.0020343627495167608
leaf_weight=117 909 86 438 586 3636 971
leaf_count=117 909 86 438 586 3636 971
internal_value=3.38979e-06 5.58588e-05 -4.02296e-06 -0.00114092 0.000206906 -0.000659324
internal_weight=6743 6626 6540 1024 5516 1880
internal_count=6743 6626 6540 1024 5516 1880
is_linear=0
shrinkage=0.01


Tree=793
num_leaves=7
num_cat=0
split_feature=2 19 24 24 21 18
split_gain=9.22616 23.0387 18.1573 14.8624 13.1697 68.3258
threshold=0.25016427365162591 255.18666666666607 -0.49999999999997152 -2.5999999999999654 287.70577455648316 315.55000000000007
decision_type=2 8 8 10 10 10
left_child=1 -1 3 -3 5 -2
right_child=4 2 -4 -5 -6 -7
leaf_value=0.0060354795127079411 5.8742849031787788e-05 6.3334568882378461e-05 -0.0020775806402568431 0.0064466294502058341 0.00016391342679126852 -0.005568760861579973
leaf_weight=77 1247 97 160 52 4860 250
leaf_count=77 1247 97 160 52 4860 250
internal_value=3.34461e-06 0.00148577 0.000167019 0.00261929 -8.72907e-05 -0.000905135
internal_weight=6743 386 309 149 6357 1497
internal_count=6743 386 309 149 6357 1497
is_linear=0
shrinkage=0.01


Tree=794
num_leaves=7
num_cat=0
split_feature=15 15 22 16 10 15
split_gain=9.2195 18.4591 28.8876 23.9556 36.4665 17.714
threshold=0.024460165809408501 0.46939228966590196 37.60000000000003 0.8625053431893106 0.025942626148776217 0.58540103139209709
decision_type=2 2 10 2 2 2
left_child=-1 2 3 -2 -5 -3
right_child=1 5 -4 4 -6 -7
leaf_value=-0.0014637459792771299 0.0001433206114603086 -0.0028601729313577464 -0.0041733379816015562 0.010019428616569164 0.0021265300845763847 2.5982184630364267e-05
leaf_weight=392 268 211 65 73 245 5489
leaf_count=392 268 211 65 73 245 5489
internal_value=3.41662e-06 9.77045e-05 0.00168036 0.00240557 0.00421914 -8.39268e-05
internal_weight=6743 6351 651 586 318 5700
internal_count=6743 6351 651 586 318 5700
is_linear=0
shrinkage=0.01


Tree=795
num_leaves=7
num_cat=0
split_feature=11 5 9 7 21 14
split_gain=9.13387 11.3212 17.1386 15.7864 21.4498 59.5689
threshold=0.047623304218267402 -0.04231065604838271 0.0097402452888510262 1.0000000180025095e-35 289.17355869081115 0.11665875592132696
decision_type=2 2 2 2 10 2
left_child=1 -1 3 4 5 -3
right_child=-2 2 -4 -5 -6 -7
leaf_value=-0.0037544451386814837 -0.0018292636941258449 0.0031738548250706479 0.0046417265842635053 -0.0010797145391186159 0.00074385206948315841 -0.001427822542581151
leaf_weight=66 251 334 73 1001 3496 1522
leaf_count=66 251 334 73 1001 3496 1522
internal_value=3.43899e-06 7.85391e-05 0.000125233 6.45507e-05 0.000282045 -0.000581789
internal_weight=6743 6492 6426 6353 5352 1856
internal_count=6743 6492 6426 6353 5352 1856
is_linear=0
shrinkage=0.01


Tree=796
num_leaves=7
num_cat=0
split_feature=17 2 16 0 19 21
split_gain=9.1521 29.3858 33.2855 27.9604 27.9264 45.5505
threshold=1.0000000180025095e-35 0.66305655650227602 6.7356785747550196 1.0002375396795216 185.49500000000009 285.00590595819961
decision_type=2 2 2 2 10 10
left_child=1 2 4 -2 -1 -6
right_child=3 -3 -4 -5 5 -7
leaf_value=0.0071814433366307641 -2.7452825719329155e-05 -0.00042832773084883078 -0.0031186349396335167 -0.0028543120176863657 -0.0031924308466035767 0.0022788464162642494
leaf_weight=86 2960 1946 134 388 167 1062
leaf_count=86 2960 1946 134 388 167 1062
internal_value=3.38192e-06 0.000370158 0.00144496 -0.00036556 0.00193757 0.00150756
internal_weight=6743 3395 1449 3348 1315 1229
internal_count=6743 3395 1449 3348 1315 1229
is_linear=0
shrinkage=0.01


Tree=797
num_leaves=7
num_cat=0
split_feature=13 13 2 1 7 19
split_gain=9.12069 18.8299 12.189 20.0677 14.4475 20.0334
threshold=69.488673062273008 72.355702287527365 0.29215137611234859 1.043160096093547 1.0000000180025095e-35 293.33166666666676
decision_type=2 2 2 2 2 8
left_child=2 -2 3 -1 -5 -6
right_child=1 -3 -4 4 5 -7
leaf_value=-0.0014796071282852394 -0.0063251799524532285 0 -5.6798807684746979e-05 0.0038674775698579926 0.0038170641083871168 -0.0039791179884757317
leaf_weight=152 59 155 5986 279 52 60
leaf_count=152 59 155 5986 279 52 60
internal_value=3.28648e-06 -0.00197931 7.27265e-05 0.0014939 0.00268284 -0.000261314
internal_weight=6743 214 6529 543 391 112
internal_count=6743 214 6529 543 391 112
is_linear=0
shrinkage=0.01


Tree=798
num_leaves=7
num_cat=0
split_feature=0 16 9 20 16 11
split_gain=9.08414 17.2079 15.3888 11.9202 25.4011 28.2635
threshold=1.2519505216138527 0.74691187563582562 0.00054545454545454439 0.0078375534055355033 0.34502357469075912 0.023186216802755306
decision_type=2 2 2 2 2 2
left_child=3 -2 -3 -1 -5 -6
right_child=1 2 -4 4 5 -7
leaf_value=-0.00057058025464923985 0.0064590755102014357 0.0031122766939377547 -0.0024133372511349472 -0.0011221947559070858 0.0018956194428266216 -0.00010291747026034792
leaf_weight=2725 52 89 92 936 1239 1610
leaf_count=2725 52 89 92 936 1239 1610
internal_value=3.13739e-06 0.00190295 0.000272016 -6.61397e-05 0.000294942 0.000766318
internal_weight=6743 233 181 6510 3785 2849
internal_count=6743 233 181 6510 3785 2849
is_linear=0
shrinkage=0.01


Tree=799
num_leaves=7
num_cat=0
split_feature=24 10 23 23 21 19
split_gain=9.00675 25.4753 14.7307 12.4684 12.0643 48.5114
threshold=10.00000000000003 0.037067825216728453 25.960833333333373 24.548333333333385 286.4309981405035 240.77833333333345
decision_type=8 2 8 8 10 10
left_child=4 3 -3 -2 5 -1
right_child=1 2 -4 -5 -6 -7
leaf_value=0.00056035738358642655 -0.00072213874108368356 -0.00096990492582458188 0.0031161371836092621 -0.007332855015226146 0.00034268616542584238 -0.0037460584030856213
leaf_weight=834 52 391 103 75 4920 368
leaf_count=834 52 391 103 75 4920 368
internal_value=3.18387e-06 -0.00113292 -5.31912e-05 -0.00494938 0.000121718 -0.000769858
internal_weight=6743 621 494 127 6122 1202
internal_count=6743 621 494 127 6122 1202
is_linear=0
shrinkage=0.01


Tree=800
num_leaves=7
num_cat=0
split_feature=15 15 22 15 10 15
split_gain=9.07874 17.9341 28.053 18.8308 27.1907 17.2525
threshold=0.024460165809408501 0.46939228966590196 37.60000000000003 0.36466965826878145 0.032605189010684155 0.58540103139209709
decision_type=2 2 10 2 2 2
left_child=-1 2 3 -2 -5 -3
right_child=1 5 -4 4 -6 -7
leaf_value=-0.0014529200257334988 0.0012547570331581761 -0.0028222909485457709 -0.0041112654040257133 0.0088250634992014503 9.3187840797731447e-05 2.6008324955372353e-05
leaf_weight=392 441 211 65 83 62 5489
leaf_count=392 441 211 65 83 62 5489
internal_value=2.99283e-06 9.65704e-05 0.00165657 0.00237137 0.00540284 -8.24355e-05
internal_weight=6743 6351 651 586 145 5700
internal_count=6743 6351 651 586 145 5700
is_linear=0
shrinkage=0.01


Tree=801
num_leaves=7
num_cat=0
split_feature=15 8 13 13 8 2
split_gain=9.02924 17.8148 21.4169 24.5081 17.3804 25.7403
threshold=14.221402389679634 2.3485500000000004 67.555787972333334 71.741627252874792 10.231650000000002 0.47655677655677664
decision_type=2 2 2 2 2 2
left_child=1 -1 4 -4 -3 -6
right_child=-2 2 3 -5 5 -7
leaf_value=0.0026001165282543539 -0.0024382475226790317 -0.0014080158132683555 -0.0078926968981499132 -0.00051405157720936197 0.0014061142432539924 -0.00015419236288226961
leaf_weight=255 138 703 63 130 1418 4036
leaf_count=255 138 703 63 130 1418 4036
internal_value=2.98974e-06 5.91157e-05 -4.528e-05 -0.00324204 5.84001e-05 0.000251477
internal_weight=6743 6605 6350 193 6157 5454
internal_count=6743 6605 6350 193 6157 5454
is_linear=0
shrinkage=0.01


Tree=802
num_leaves=7
num_cat=0
split_feature=17 2 13 13 19 15
split_gain=9.04366 28.6156 28.0397 31.7321 27.6676 27.0735
threshold=1.0000000180025095e-35 0.66305655650227602 62.738140707356202 38.164115140502453 264.13666666666683 4.2152948254274891
decision_type=2 2 2 2 10 2
left_child=1 2 3 5 -5 -1
right_child=-2 -3 -4 4 -6 -7
leaf_value=0.0022761953188903416 -0.00036396631729919985 -0.00042051807743997022 -0.0049865244085399007 0.00095427281711853943 0.010372970190671224 -0.00075228470149398831
leaf_weight=822 3348 1946 55 61 66 445
leaf_count=822 3348 1946 55 61 66 445
internal_value=2.77621e-06 0.000367385 0.00142802 0.00172194 0.00632189 0.00120713
internal_weight=6743 3395 1449 1394 127 1267
internal_count=6743 3395 1449 1394 127 1267
is_linear=0
shrinkage=0.01


Tree=803
num_leaves=7
num_cat=0
split_feature=1 15 0 13 0 16
split_gain=8.97592 42.4698 14.1641 12.4748 20.4022 15.2015
threshold=2.9036477615512455 2.7332933188960888 1.3668135484126223 69.488673062273008 0.80726971168390704 0.67530357215401604
decision_type=2 2 2 2 2 2
left_child=3 -2 -3 -1 -5 -6
right_child=1 2 -4 4 5 -7
leaf_value=9.9464293208034927e-06 0.0089047321939142426 -0.0032733925279306692 0.001912349581457021 0.0024460378436431773 -0.0076328271090984343 -0.0010365291226965686
leaf_weight=6301 54 87 104 52 65 80
leaf_count=6301 54 87 104 52 65 80
internal_value=2.82367e-06 0.00184467 -0.000445329 -6.78124e-05 -0.00248355 -0.00435968
internal_weight=6743 245 191 6498 197 145
internal_count=6743 245 191 6498 197 145
is_linear=0
shrinkage=0.01


Tree=804
num_leaves=7
num_cat=0
split_feature=11 20 8 5 20 13
split_gain=8.9007 21.4607 18.8444 22.9564 22.3134 35.1627
threshold=0.024351395750452469 0.017821110889073882 21.618000000000006 0.21872404183962948 0.0069743967105340169 38.164115140502453
decision_type=2 2 2 2 2 2
left_child=1 2 3 -1 5 -4
right_child=-2 -3 4 -5 -6 -7
leaf_value=-0.0026088892576918632 -0.00051050587968445101 0.0047756811983666377 -0.00061873648929946232 0.00014360520124347264 0.0015177299107704781 0.0043075919386772613
leaf_weight=466 2234 93 1606 814 1381 149
leaf_count=466 2234 93 1606 814 1381 149
internal_value=2.81514e-06 0.000259922 0.000151986 -0.000863179 0.000570944 -0.000172788
internal_weight=6743 4509 4416 1280 3136 1755
internal_count=6743 4509 4416 1280 3136 1755
is_linear=0
shrinkage=0.01


Tree=805
num_leaves=7
num_cat=0
split_feature=21 19 18 15 23 23
split_gain=8.97083 21.0994 25.2063 18.4674 12.2521 20.9089
threshold=282.73884993495784 200.40999999999977 161.25000000000003 4.8917825324051405 15.963333333333482 15.431666666666706
decision_type=8 10 10 2 8 10
left_child=1 2 -1 -4 5 -2
right_child=4 -3 3 -5 -6 -7
leaf_value=-0.0020529965380522075 0.00033247902029764236 -0.0040599393817243598 0.0068581071687176046 -0.00050983815353650315 -0.00025504659698014092 0.0033585195961495628
leaf_weight=179 2273 167 66 55 3757 246
leaf_count=179 2273 167 66 55 3757 246
internal_value=2.89074e-06 -0.00131771 0.000258259 0.00364944 0.000104688 0.000644061
internal_weight=6743 467 300 121 6276 2519
internal_count=6743 467 300 121 6276 2519
is_linear=0
shrinkage=0.01


Tree=806
num_leaves=7
num_cat=0
split_feature=16 18 0 16 24 10
split_gain=8.95281 13.0048 15.5366 11.5423 13.164 28.3351
threshold=10.619077735791935 314.75000000000006 0.79809372275576884 9.2397129071248987 10.00000000000003 0.037067825216728453
decision_type=2 10 2 2 8 2
left_child=3 2 -2 4 -1 -6
right_child=1 -3 -4 -5 5 -7
leaf_value=0.00015634611472884442 -0.00011313665232037082 0.0022775711315954406 -0.0055738805213926034 0.0027397814772894269 -0.0056227326936398947 -0.00023557187461318611
leaf_weight=5761 108 52 99 149 116 458
leaf_count=5761 108 52 99 149 116 458
internal_value=2.88657e-06 -0.00178325 -0.00290739 7.84088e-05 1.00176e-05 -0.00141903
internal_weight=6743 259 207 6484 6335 574
internal_count=6743 259 207 6484 6335 574
is_linear=0
shrinkage=0.01


Tree=807
num_leaves=7
num_cat=0
split_feature=17 1 13 5 13 14
split_gain=8.88082 25.7051 26.4692 24.3134 37.1555 36.2247
threshold=1.0000000180025095e-35 2.0830140682167868 3.6073062513955128 0.19398017230562253 57.105286346109096 2.4912163471583493
decision_type=2 2 2 2 2 2
left_child=3 2 -2 4 5 -1
right_child=1 -3 -4 -5 -6 -7
leaf_value=0.003418187200438288 0.00042207420967292148 0.004454751415961535 -0.0013766570685930684 -9.944406290043099e-05 -0.0056882835918416579 -0.0025803490500741948
leaf_weight=628 1544 97 1707 2607 50 110
leaf_count=628 1544 97 1707 2607 50 110
internal_value=2.73374e-06 -0.000360679 -0.000520643 0.000364059 0.00189206 0.00248818
internal_weight=6743 3348 3251 3395 788 738
internal_count=6743 3348 3251 3395 788 738
is_linear=0
shrinkage=0.01


Tree=808
num_leaves=7
num_cat=0
split_feature=25 19 13 1 13 16
split_gain=8.89874 26.4082 36.9362 23.0336 21.6804 32.1516
threshold=-1.6999999999999884 245.40166666666684 3.6073062513955128 1.3431542983752449 2.2192355818423897 0.42635369841027193
decision_type=10 8 2 2 2 2
left_child=1 4 -3 -4 -1 -6
right_child=-2 2 3 -5 5 -7
leaf_value=-0.0014508269219533415 0.00016373381776865694 0.0040520797007613709 -0.0022484343837831304 -0.008274220319376106 -0.001059227275607632 0.0046789512363735021
leaf_weight=360 5656 53 208 95 178 193
leaf_count=360 5656 53 208 95 178 193
internal_value=2.65533e-06 -0.000820223 -0.00301549 -0.00437365 0.000261655 0.00194407
internal_weight=6743 1087 356 303 731 371
internal_count=6743 1087 356 303 731 371
is_linear=0
shrinkage=0.01


Tree=809
num_leaves=7
num_cat=0
split_feature=2 23 19 18 19 21
split_gain=8.95411 25.3714 19.4546 13.4246 18.7551 14.2057
threshold=0.25016427365162591 19.096666666666707 255.18666666666607 305.65000000000003 295.9500000000001 292.88777434764353
decision_type=2 8 10 10 10 10
left_child=1 2 -1 -4 -5 -6
right_child=-2 -3 3 4 5 -7
leaf_value=0.0067742215657988223 -8.6728700793915289e-05 -0.0043722466126616512 -0.0019159274961146498 -0.0011788026630123959 0.00097956527556691841 0.0085211288022091162
leaf_weight=73 6357 53 87 69 53 51
leaf_count=73 6357 53 87 69 53 51
internal_value=2.53788e-06 0.00146298 0.00252126 0.00108345 0.00266872 0.00518861
internal_weight=6743 386 333 260 173 104
internal_count=6743 386 333 260 173 104
is_linear=0
shrinkage=0.01


Tree=810
num_leaves=7
num_cat=0
split_feature=21 19 18 15 22 14
split_gain=8.77803 20.6639 24.6729 18.1751 13.0795 37.9319
threshold=282.73884993495784 200.40999999999977 161.25000000000003 4.8917825324051405 26.500000000000032 0.17021881020370608
decision_type=8 10 10 2 8 2
left_child=1 2 -1 -4 5 -2
right_child=4 -3 3 -5 -6 -7
leaf_value=-0.0020307223872089433 0.0035160513992739629 -0.0040175292009519319 0.0067944924999028449 -0.00051295033039954992 -7.0626386738976968e-05 -0.00077590483276419257
leaf_weight=179 385 167 66 55 5473 418
leaf_count=179 385 167 66 55 5473 418
internal_value=2.61203e-06 -0.00130371 0.000255591 0.00361099 0.000103326 0.00128752
internal_weight=6743 467 300 121 6276 803
internal_count=6743 467 300 121 6276 803
is_linear=0
shrinkage=0.01


Tree=811
num_leaves=7
num_cat=0
split_feature=15 15 25 15 18 18
split_gain=8.80873 17.3261 27.3196 22.3472 18.7255 17.6075
threshold=0.024460165809408501 0.46939228966590196 9.3000000000000131 0.36466965826878145 172.45000000000002 311.85000000000008
decision_type=2 2 10 2 10 10
left_child=-1 2 3 5 -5 -2
right_child=1 -3 -4 4 -6 -7
leaf_value=-0.0014315123614665141 0.00031087047982146033 -8.114884070658817e-05 -0.0020130296054265253 0.0012393750635286173 0.0097145361030423968 0.0054103679657819571
leaf_weight=392 310 5700 148 50 64 79
leaf_count=392 310 5700 148 50 64 79
internal_value=2.56967e-06 9.47683e-05 0.00162811 0.00273731 0.00647773 0.00148121
internal_weight=6743 6351 651 503 114 389
internal_count=6743 6351 651 503 114 389
is_linear=0
shrinkage=0.01


Tree=812
num_leaves=7
num_cat=0
split_feature=17 2 16 19 21 5
split_gain=8.81577 27.7275 32.1949 26.8862 43.7549 33.1101
threshold=1.0000000180025095e-35 0.66305655650227602 6.7356785747550196 185.49500000000009 285.00590595819961 0.11609817789258285
decision_type=2 2 2 10 10 2
left_child=1 2 3 -1 -5 -6
right_child=-2 -3 -4 4 5 -7
leaf_value=0.0070368016610154885 -0.00035933464853986911 -0.0004127771964706012 -0.0030807780323084443 -0.003136409564880328 0.0052565943468139533 0.0011678792155724318
leaf_weight=86 3348 1946 134 167 262 800
leaf_count=86 3348 1946 134 167 262 800
internal_value=2.73868e-06 0.000362743 0.00140681 0.00189144 0.00146944 0.00222554
internal_weight=6743 3395 1449 1315 1229 1062
internal_count=6743 3395 1449 1315 1229 1062
is_linear=0
shrinkage=0.01


Tree=813
num_leaves=7
num_cat=0
split_feature=5 21 4 15 19 22
split_gain=8.80034 13.0965 11.6466 50.0599 42.5336 29.516
threshold=-0.027946940833313862 291.31094043517538 0.18184858684932068 1.7503171930545831 301.04833333333363 31.900000000000038
decision_type=2 10 2 2 8 10
left_child=1 -1 -2 -4 5 -5
right_child=2 -3 3 4 -6 -7
leaf_value=0.00042405711078684626 -3.7133846363397422e-05 -0.0058056386550015306 0.0071637092063460374 -0.0029258952598486625 -0.0075848869453458223 0.0057953897992084769
leaf_weight=63 6325 54 106 60 58 77
leaf_count=63 6325 54 106 60 58 77
internal_value=2.77752e-06 -0.00260319 5.41533e-05 0.00194406 -0.00105554 0.00196861
internal_weight=6743 117 6626 301 195 137
internal_count=6743 117 6626 301 195 137
is_linear=0
shrinkage=0.01


Tree=814
num_leaves=7
num_cat=0
split_feature=2 21 10 21 21 21
split_gain=8.7238 20.8843 14.8211 19.1433 17.6244 12.6318
threshold=0.25016427365162591 296.88290187198538 0.03529871864335387 293.34699212433759 290.17824533381321 287.70577455648316
decision_type=2 10 2 10 10 10
left_child=1 2 4 -4 -1 -2
right_child=5 -3 3 -5 -6 -7
leaf_value=0.0077910981550812723 -0.00088640511380172905 -0.003799447094643256 -0.0014818411710716428 0.0050941604470449786 0.00064590264631846517 0.00016056873066194109
leaf_weight=75 1497 54 137 53 67 4860
leaf_count=75 1497 54 137 53 67 4860
internal_value=2.67613e-06 0.00144423 0.00241251 0.000465507 0.00474985 -8.54159e-05
internal_weight=6743 386 332 190 142 6357
internal_count=6743 386 332 190 142 6357
is_linear=0
shrinkage=0.01


Tree=815
num_leaves=7
num_cat=0
split_feature=19 21 14 23 4 14
split_gain=8.72044 33.9374 33.1522 47.4718 29.208 24.0168
threshold=274.571666666667 286.4309981405035 0.086016241073786109 11.649166666666696 -0.2022228635300812 0.084576290118964961
decision_type=10 10 2 10 2 2
left_child=2 -2 3 4 -1 -3
right_child=1 5 -4 -5 -6 -7
leaf_value=0 -0.0036676126928621672 -0.0017263315953360526 -0.00076797847200296492 -0.00085281339651768707 0.008947575068917156 0.00086465992421490333
leaf_weight=50 190 393 2721 195 111 3083
leaf_count=50 190 393 2721 195 111 3083
internal_value=2.7608e-06 0.000333286 -0.000387598 0.00243397 0.00629041 0.000564739
internal_weight=6743 3666 3077 356 161 3476
internal_count=6743 3666 3077 356 161 3476
is_linear=0
shrinkage=0.01


Tree=816
num_leaves=7
num_cat=0
split_feature=11 20 8 5 16 8
split_gain=8.72524 12.5702 17.913 31.3113 31.4842 29.3123
threshold=0.047623304218267402 0.016746465958057712 24.653250000000003 0.21441683307505355 0.18990058040356347 32.440050000000006
decision_type=2 2 2 2 2 2
left_child=1 2 3 4 -1 -4
right_child=-2 -3 5 -5 -6 -7
leaf_value=0.0018314604398726329 -0.0017884949933544832 0.0010552808123982401 0.0033623950529593459 4.6043225559625712e-05 -0.0038220709712798624 1.0829497105797326e-05
leaf_weight=113 251 1083 273 1092 501 3430
leaf_count=113 251 1083 273 1092 501 3430
internal_value=2.71983e-06 7.61557e-05 -0.000119627 -0.000965658 -0.0027529 0.000269004
internal_weight=6743 6492 5409 1706 614 3703
internal_count=6743 6492 5409 1706 614 3703
is_linear=0
shrinkage=0.01


Tree=817
num_leaves=7
num_cat=0
split_feature=16 0 16 12 0 16
split_gain=8.69278 12.7433 11.328 9.99379 28.272 16.5644
threshold=10.619077735791935 0.87338210916895587 9.2397129071248987 1.7580699840619169 0.9147765800792037 5.3035948249795668
decision_type=2 2 2 2 2 2
left_child=2 -2 3 -1 5 -5
right_child=1 -3 -4 4 -6 -7
leaf_value=0.00022972964228299621 -0.00050017348230055987 -0.0057977497519650428 0.0027137163122266579 -0.0018024968944736716 -0.0051859452226018718 0.00051102113872499228
leaf_weight=4862 208 51 149 458 119 896
leaf_count=4862 208 51 149 458 119 896
internal_value=2.73254e-06 -0.00175725 7.71718e-05 9.40465e-06 -0.000707735 -0.000271689
internal_weight=6743 259 6484 6335 1473 1354
internal_count=6743 259 6484 6335 1473 1354
is_linear=0
shrinkage=0.01


Tree=818
num_leaves=7
num_cat=0
split_feature=7 0 10 19 22 10
split_gain=8.72794 31.7709 20.8679 16.8577 43.262 33.2131
threshold=1.0000000180025095e-35 0.7838516908868669 0.019468567683450278 274.571666666667 25.900000000000038 0.030029870466207469
decision_type=2 2 2 10 8 2
left_child=3 -2 -3 4 5 -1
right_child=1 2 -4 -5 -6 -7
leaf_value=0.0038820024742823862 0.001376823404667581 0.0027181591301024717 -0.0027456924615671301 0.00066918903262568909 -0.0011976943165123866 -0.0003977236052478353
leaf_weight=340 400 69 604 3035 1930 365
leaf_count=340 400 69 604 3035 1930 365
internal_value=2.53001e-06 -0.000818673 -0.00213927 0.000160864 -0.000421162 0.0016777
internal_weight=6743 1073 673 5670 2635 705
internal_count=6743 1073 673 5670 2635 705
is_linear=0
shrinkage=0.01


Tree=819
num_leaves=7
num_cat=0
split_feature=0 16 20 16 25 21
split_gain=8.66831 16.66 11.5303 24.9597 28.9068 30.0951
threshold=1.2519505216138527 0.74691187563582562 0.0078375534055355033 0.34502357469075912 2.3000000000000118 287.98875133514872
decision_type=2 2 2 2 10 10
left_child=2 -2 -1 -4 5 -5
right_child=1 -3 3 4 -6 -7
leaf_value=-0.0005612129690653391 0.0063410846134948151 0.00025367926728194921 -0.0011147040386544442 0.00078201805064712364 0.00011935697348261911 0.0047889018958275223
leaf_weight=2725 52 181 936 496 2049 304
leaf_count=2725 52 181 936 496 2049 304
internal_value=2.56846e-06 0.00185844 -6.50698e-05 0.00029003 0.000757318 0.0023573
internal_weight=6743 233 6510 3785 2849 800
internal_count=6743 233 6510 3785 2849 800
is_linear=0
shrinkage=0.01


Tree=820
num_leaves=7
num_cat=0
split_feature=15 15 22 15 18 10
split_gain=8.72308 16.7061 26.7769 17.5837 27.5217 25.8073
threshold=0.024460165809408501 0.46939228966590196 37.60000000000003 0.36466965826878145 311.85000000000008 0.032605189010684155
decision_type=2 2 10 2 10 2
left_child=-1 2 3 4 -2 -5
right_child=1 -3 -4 5 -6 -7
leaf_value=-0.0014243533187522669 -3.9078944001780941e-06 -7.8225735198254683e-05 -0.0040333498222132527 0.0085628704610531056 0.0060988707164221483 5.82148236895187e-05
leaf_weight=392 359 5700 65 83 82 62
leaf_count=392 359 5700 65 83 82 62
internal_value=2.7295e-06 9.44855e-05 0.00160014 0.00229898 0.00121875 0.00522928
internal_weight=6743 6351 651 586 441 145
internal_count=6743 6351 651 586 441 145
is_linear=0
shrinkage=0.01


Tree=821
num_leaves=7
num_cat=0
split_feature=1 15 0 13 0 2
split_gain=8.63047 41.1 14.0538 11.9475 19.7785 14.2526
threshold=2.9036477615512455 2.7332933188960888 1.3668135484126223 69.488673062273008 0.80726971168390704 0.42769294562960986
decision_type=2 2 2 2 2 2
left_child=3 -2 -3 5 -5 -1
right_child=1 2 -4 4 -6 -7
leaf_value=0.00087681492013097441 0.0087544279807480058 -0.003260082999657187 0.0019053722512826585 0.0024203307205630888 -0.0042786295614055088 -0.00024924431157742079
leaf_weight=1452 54 87 104 52 145 4849
leaf_count=1452 54 87 104 52 145 4849
internal_value=2.80853e-06 0.00180889 -0.000442864 -6.64262e-05 -0.00243057 9.63798e-06
internal_weight=6743 245 191 6498 197 6301
internal_count=6743 245 191 6498 197 6301
is_linear=0
shrinkage=0.01


Tree=822
num_leaves=7
num_cat=0
split_feature=11 5 10 9 3 0
split_gain=8.62816 15.8478 25.1816 14.97 23.7226 18.8968
threshold=0.024351395750452469 0.017363785351638471 0.018754143899312303 0.003433501515347982 -0.041732364340038332 0.9248463591002013
decision_type=2 2 2 2 2 2
left_child=1 2 -1 5 -5 -2
right_child=3 -3 -4 4 -6 -7
leaf_value=-0.007533178279232799 -0.00040581597481409627 0.00035760264640167193 0.0011383066141445722 -0.0013295909740178413 0.0033019311193126337 -0.0030482782699844048
leaf_weight=56 1485 4393 60 195 228 326
leaf_count=56 1485 4393 60 195 228 326
internal_value=2.87179e-06 0.000256034 -0.00323419 -0.000502506 0.00116234 -0.000901107
internal_weight=6743 4509 116 2234 423 1811
internal_count=6743 4509 116 2234 423 1811
is_linear=0
shrinkage=0.01


Tree=823
num_leaves=7
num_cat=0
split_feature=25 19 9 4 23 12
split_gain=8.61741 25.6637 28.2424 24.2466 18.8295 42.8207
threshold=-1.6999999999999884 245.40166666666684 0.00085858585858585815 -0.10446391118010985 15.963333333333482 1.0000000180025095e-35
decision_type=10 10 2 2 8 2
left_child=1 -1 3 -3 5 -2
right_child=4 2 -4 -5 -6 -7
leaf_value=0.00023323127853648259 0.0019683548728644819 -0.0035705380789274217 -0.0067712396553621891 0.0027596189255747841 -0.00025265165364624304 -0.0012085810669983227
leaf_weight=743 1324 128 119 97 3722 610
leaf_count=743 1324 128 119 97 3722 610
internal_value=2.70211e-06 -0.000807039 -0.00302527 -0.000797681 0.000161237 0.000960116
internal_weight=6743 1087 344 225 5656 1934
internal_count=6743 1087 344 225 5656 1934
is_linear=0
shrinkage=0.01


Tree=824
num_leaves=7
num_cat=0
split_feature=7 9 0 18 22 14
split_gain=8.59413 31.4656 32.6492 19.2998 49.5494 46.0914
threshold=1.0000000180025095e-35 0.008965750995440034 0.93562139328216709 260.4500000000001 25.900000000000038 0.17021881020370608
decision_type=2 2 2 10 8 2
left_child=3 2 -2 4 5 -1
right_child=1 -3 -4 -5 -6 -7
leaf_value=0.0051410633924799829 -0.00010214919899855602 0.005923172461298796 -0.0040703904788864601 0.00064717275759022439 -0.001380445134712241 -0.00044977884380915749
leaf_weight=248 736 55 282 3342 1746 334
leaf_count=248 736 55 282 3342 1746 334
internal_value=2.54417e-06 -0.000812328 -0.00124004 0.000159671 -0.000535668 0.00196228
internal_weight=6743 1073 1018 5670 2328 582
internal_count=6743 1073 1018 5670 2328 582
is_linear=0
shrinkage=0.01


Tree=825
num_leaves=7
num_cat=0
split_feature=15 15 22 16 6 15
split_gain=8.64624 16.2339 26.1795 22.3622 30.4922 16.7534
threshold=0.024460165809408501 0.46939228966590196 37.60000000000003 0.8625053431893106 0.87527338568425683 0.58540103139209709
decision_type=2 2 10 2 2 2
left_child=-1 2 3 -2 -5 -3
right_child=1 5 -4 4 -6 -7
leaf_value=-0.0014182054013302274 8.4886091640688107e-05 -0.002776314398669954 -0.0039914878446608779 0.0016636206321625248 0.0082708777886180748 3.0533419832391034e-05
leaf_weight=392 268 211 65 215 103 5489
leaf_count=392 268 211 65 215 103 5489
internal_value=2.57364e-06 9.39315e-05 0.00157816 0.00226933 0.00402111 -7.62981e-05
internal_weight=6743 6351 651 586 318 5700
internal_count=6743 6351 651 586 318 5700
is_linear=0
shrinkage=0.01


Tree=826
num_leaves=7
num_cat=0
split_feature=17 2 9 21 21 1
split_gain=8.70191 26.8744 25.3635 32.0718 36.0139 24.6852
threshold=1.0000000180025095e-35 0.61896037992718067 0.0061700970853103441 291.13815330471596 287.52959142738797 2.0830140682167868
decision_type=2 2 2 10 10 2
left_child=1 2 -1 4 -4 -2
right_child=5 -3 3 -5 -6 -7
leaf_value=0.00096810538542698484 -0.00051394398477466383 -0.00027715836331351535 0.0015435963952913881 -0.00065448073529158579 0.013651065830141307 0.0043615573839606526
leaf_weight=1003 3251 2236 50 56 50 97
leaf_count=1003 3251 2236 50 56 50 97
internal_value=2.5755e-06 0.000360258 0.0015904 0.00523183 0.00837891 -0.000357143
internal_weight=6743 3395 1159 156 100 3348
internal_count=6743 3395 1159 156 100 3348
is_linear=0
shrinkage=0.01


Tree=827
num_leaves=7
num_cat=0
split_feature=5 14 4 0 25 14
split_gain=8.58296 12.9846 11.1362 46.5043 46.629 16.3181
threshold=-0.027946940833313862 0.78060461047799456 0.18184858684932068 0.99213245514361603 6.0000000000000293 0.53559369914270161
decision_type=2 2 2 2 8 2
left_child=1 -1 -2 -4 5 -5
right_child=2 -3 3 4 -6 -7
leaf_value=0.00044077131667569897 -3.5642810654697831e-05 -0.0057602811428660063 0.0061730735426098237 0.0058204912802865428 -0.0082531346674218319 -0.0011828021467145946
leaf_weight=63 6325 54 131 52 56 62
leaf_count=63 6325 54 131 52 56 62
internal_value=2.83227e-06 -0.00257072 5.35877e-05 0.00190162 -0.00149443 0.00214281
internal_weight=6743 117 6626 301 170 114
internal_count=6743 117 6626 301 170 114
is_linear=0
shrinkage=0.01


Tree=828
num_leaves=7
num_cat=0
split_feature=15 8 13 13 8 5
split_gain=8.54198 17.5516 20.1519 23.7234 16.9241 17.18
threshold=14.221402389679634 2.3485500000000004 67.555787972333334 71.741627252874792 10.231650000000002 0.19398017230562253
decision_type=2 2 2 2 2 2
left_child=1 -1 4 -4 -3 -6
right_child=-2 2 3 -5 5 -7
leaf_value=0.0025795481991866286 -0.0023716813342557668 -0.0013927492801868062 -0.0077217101577465256 -0.0004656116866639682 0.0011791834525546273 -8.9337569414352301e-05
leaf_weight=255 138 703 63 130 1438 4016
leaf_count=255 138 703 63 130 1438 4016
internal_value=2.7329e-06 5.73642e-05 -4.62447e-05 -0.00314715 5.42816e-05 0.000244836
internal_weight=6743 6605 6350 193 6157 5454
internal_count=6743 6605 6350 193 6157 5454
is_linear=0
shrinkage=0.01


Tree=829
num_leaves=7
num_cat=0
split_feature=20 11 16 9 16 8
split_gain=8.52394 31.6368 27.4071 27.5627 21.1089 20.7255
threshold=0.0048994875400492086 0.011130594959556159 0.16141001749377407 0.0016439827717932671 0.19388259446535688 17.859150000000003
decision_type=2 2 2 2 2 2
left_child=2 -2 3 -1 -3 -4
right_child=1 4 5 -5 -6 -7
leaf_value=0.00013188670331800586 0.004499659656349457 -0.0012313348392162208 -0.0052042653268751854 0.0076355650834739209 0.00036831397184352069 -0.00083166554922813388
leaf_weight=168 155 1019 113 61 4140 1087
leaf_count=168 155 1019 113 61 4140 1087
internal_value=2.52369e-06 0.000188562 -0.000678847 0.00240837 4.86476e-05 -0.00129129
internal_weight=6743 5314 1429 229 5159 1200
internal_count=6743 5314 1429 229 5159 1200
is_linear=0
shrinkage=0.01


Tree=830
num_leaves=7
num_cat=0
split_feature=7 9 9 15 9 1
split_gain=8.54697 30.5032 21.8011 24.863 22.1605 21.9391
threshold=1.0000000180025095e-35 0.008965750995440034 -0.0068612849721010763 1.999270401002563 0.0060292124034545232 1.900803901073066
decision_type=2 2 2 2 2 2
left_child=-1 2 -2 4 5 -4
right_child=1 -3 3 -5 -6 -7
leaf_value=0.00015927702376949374 0.00095191839641718082 0.0058212839983976805 -0.00025358894654066086 -0.0043259663772065539 0.0050877989629904427 -0.0065911600159426391
leaf_weight=5670 307 55 302 301 50 58
leaf_count=5670 307 55 302 301 50 58
internal_value=2.57794e-06 -0.00081005 -0.00123119 -0.00218783 -0.000528692 -0.00145221
internal_weight=6743 1073 1018 711 410 360
internal_count=6743 1073 1018 711 410 360
is_linear=0
shrinkage=0.01


Tree=831
num_leaves=7
num_cat=0
split_feature=25 5 24 15 13 10
split_gain=8.52789 32.9384 18.7357 49.0455 59.6775 50.7114
threshold=-1.6999999999999884 0.12521459615909117 0.90000000000003422 2.1319075500425622 54.333704749169449 0.043010777781441654
decision_type=10 2 8 2 2 2
left_child=1 -1 3 4 5 -2
right_child=2 -3 -4 -5 -6 -7
leaf_value=-0.0049820276932293402 0.0056192217964748303 -7.2655854800845993e-05 -0.00022961174326175223 -0.00052356107067029326 -0.0027379069001246125 -0.00054712774328199098
leaf_weight=151 504 936 3865 962 151 174
leaf_count=151 504 936 3865 962 151 174
internal_value=2.56475e-06 -0.000802953 0.000160282 0.00100383 0.00277331 0.00403722
internal_weight=6743 1087 5656 1791 829 678
internal_count=6743 1087 5656 1791 829 678
is_linear=0
shrinkage=0.01


Tree=832
num_leaves=7
num_cat=0
split_feature=0 25 3 20 11 25
split_gain=8.55426 21.3326 24.3938 11.7412 28.0732 18.6031
threshold=1.2723730332504524 0.70000000000001716 0.53410852713178303 0.0048994875400492086 0.011130594959556159 2.3000000000000118
decision_type=2 10 2 2 2 10
left_child=3 -2 -3 -1 5 -5
right_child=1 2 -4 4 -6 -7
leaf_value=-0.00091172182297519623 -0.0026871244845465877 0.0081795925366347794 0.00024956230707466604 0.00062229800376702442 1.7187228873578096e-05 0.0077512660952685757
leaf_weight=1295 61 63 90 78 5087 69
leaf_count=1295 61 63 90 78 5087 69
internal_value=2.39882e-06 0.00192536 0.00387771 -6.19485e-05 0.000147734 0.00431282
internal_weight=6743 214 153 6529 5234 147
internal_count=6743 214 153 6529 5234 147
is_linear=0
shrinkage=0.01


Tree=833
num_leaves=7
num_cat=0
split_feature=17 16 5 1 6 20
split_gain=8.55568 26.1493 24.24 24.215 22.3051 26.304
threshold=1.0000000180025095e-35 0.13573476045713104 0.16671523601583596 2.2674609053170944 0.93472498501402679 0.013021417120087676
decision_type=2 2 2 2 2 2
left_child=1 -1 4 -4 -2 -6
right_child=2 -3 3 -5 5 -7
leaf_value=0.0047768166034605156 -0.0048050568982592372 0.00017964600958906123 3.7014158493870116e-05 0.0062337825968861588 -0.0026984045796920185 0.00073563187962919147
leaf_weight=119 173 3276 2250 55 419 451
leaf_count=119 173 3276 2250 55 419 451
internal_value=2.60022e-06 0.000357276 -0.00035407 0.000215485 -0.00161236 -0.000918738
internal_weight=6743 3395 3348 2305 1043 870
internal_count=6743 3395 3348 2305 1043 870
is_linear=0
shrinkage=0.01


Tree=834
num_leaves=7
num_cat=0
split_feature=16 14 16 7 9 9
split_gain=8.44389 12.6386 11.1068 14.3952 33.9794 19.2405
threshold=10.619077735791935 0.94263849625771667 9.2397129071248987 1.0000000180025095e-35 0.008965750995440034 -0.0068612849721010763
decision_type=2 2 2 2 2 2
left_child=2 -2 3 -1 5 -5
right_child=1 -3 -4 4 -6 -7
leaf_value=0.00021468965047453302 -0.0032320789344426571 0.0012507156014050309 0.0026867203635263181 0.00063646200074472554 0.0060004278940577358 -0.0024894708504058548
leaf_weight=5357 174 85 149 268 53 657
leaf_count=5357 174 85 149 268 53 657
internal_value=2.66988e-06 -0.00173191 7.6057e-05 8.94022e-06 -0.0010987 -0.00157598
internal_weight=6743 259 6484 6335 978 925
internal_count=6743 259 6484 6335 978 925
is_linear=0
shrinkage=0.01


Tree=835
num_leaves=7
num_cat=0
split_feature=2 23 19 21 14 19
split_gain=8.45164 24.4053 18.2228 12.3834 29.1056 27.1864
threshold=0.25016427365162591 19.096666666666707 255.18666666666607 287.70577455648316 0.10252281222668956 283.685
decision_type=2 8 10 10 2 10
left_child=1 2 -1 4 5 -2
right_child=3 -3 -4 -5 -6 -7
leaf_value=0.0065780133080769734 0.0038016056607282438 -0.0042998205829736973 0.0010662574701839024 0.00015960078319594183 -0.0015357252521023804 -0.0031910486484567325
leaf_weight=73 205 53 260 4860 1227 65
leaf_count=73 205 53 260 4860 1227 65
internal_value=2.74784e-06 0.00142166 0.00246025 -8.39359e-05 -0.000877024 0.00202863
internal_weight=6743 386 333 6357 1497 270
internal_count=6743 386 333 6357 1497 270
is_linear=0
shrinkage=0.01


Tree=836
num_leaves=7
num_cat=0
split_feature=11 2 23 19 19 18
split_gain=8.44775 10.1327 21.1228 16.2232 15.8712 19.5673
threshold=0.047623304218267402 0.25016427365162591 19.046666666666745 255.18666666666607 295.9500000000001 316.65000000000009
decision_type=2 2 8 10 10 10
left_child=1 2 3 -1 -5 -6
right_child=-2 -3 -4 4 5 -7
leaf_value=0.0065201584366430723 -0.0017597162332652287 -2.1115220153027424e-05 -0.0037939579255568483 -0.0015042706871898764 -0.0010259646307531512 0.0062565560523501563
leaf_weight=73 251 6126 50 107 54 82
leaf_count=73 251 6126 50 107 54 82
internal_value=2.75855e-06 7.50407e-05 0.00166882 0.00265373 0.00124088 0.00342426
internal_weight=6743 6492 366 316 243 136
internal_count=6743 6492 366 316 243 136
is_linear=0
shrinkage=0.01


Tree=837
num_leaves=7
num_cat=0
split_feature=15 3 15 25 15 18
split_gain=8.53496 15.8719 15.6227 25.4971 20.543 18.2141
threshold=0.024460165809408501 0.21620625410128338 0.46939228966590196 9.3000000000000131 0.36466965826878145 172.45000000000002
decision_type=2 2 2 10 2 10
left_child=1 -1 3 4 -2 -6
right_child=2 -3 -4 -5 5 -7
leaf_value=-0.0030894412627538383 0.0014161063554197233 0.00086789387553422293 -7.3445494276190695e-05 -0.0019663003205227418 0.0010775426862140497 0.0093951128936699928
leaf_weight=226 389 166 5700 148 50 64
leaf_count=226 389 166 5700 148 50 64
internal_value=2.7409e-06 -0.00140885 9.3518e-05 0.00154953 0.00262167 0.0062088
internal_weight=6743 392 6351 651 503 114
internal_count=6743 392 6351 651 503 114
is_linear=0
shrinkage=0.01


Tree=838
num_leaves=7
num_cat=0
split_feature=17 2 11 5 6 20
split_gain=8.4285 26.0122 25.7045 23.8316 21.8168 25.6286
threshold=1.0000000180025095e-35 0.66305655650227602 0.0088032195105652248 0.16671523601583596 0.93472498501402679 0.013021417120087676
decision_type=2 2 2 2 2 2
left_child=1 2 -1 4 -2 -6
right_child=3 -3 -4 -5 5 -7
leaf_value=0.0076543100617293804 -0.0047566346465380957 -0.00039616281906075166 0.0010675622406945554 0.00021353269781596501 -0.0026692779972988653 0.00072022472995125297
leaf_weight=53 173 1946 1396 2305 419 451
leaf_count=53 173 1946 1396 2305 419 451
internal_value=2.82644e-06 0.000354866 0.00136615 -0.000351171 -0.00159882 -0.00091261
internal_weight=6743 3395 1449 3348 1043 870
internal_count=6743 3395 1449 3348 1043 870
is_linear=0
shrinkage=0.01


Tree=839
num_leaves=7
num_cat=0
split_feature=21 1 22 14 8 5
split_gain=8.42237 13.5477 12.1204 34.8101 41.8709 30.1185
threshold=282.73884993495784 1.2314428076789932 26.500000000000032 0.17021881020370608 30.889350000000004 0.32229586476886468
decision_type=8 2 8 2 2 2
left_child=1 -1 3 4 -2 -6
right_child=2 -3 -4 -5 5 -7
leaf_value=0.00053750648430544437 0 -0.0027987166043903652 -6.5881346227622962e-05 -0.00073454030621475895 0.010438115908307772 0.0022926465152496738
leaf_weight=213 191 254 5473 418 92 102
leaf_count=213 191 254 5473 418 92 102
internal_value=2.82534e-06 -0.00127672 0.000101508 0.00124146 0.00337642 0.00652679
internal_weight=6743 467 6276 803 385 194
internal_count=6743 467 6276 803 385 194
is_linear=0
shrinkage=0.01


Tree=840
num_leaves=7
num_cat=0
split_feature=0 24 23 20 8 10
split_gain=8.42528 15.4239 30.1853 11.2496 23.6819 29.455
threshold=1.2519505216138527 -0.89999999999997715 17.91333333333333 0.0078375534055355033 207.53325000000004 0.02597591472302703
decision_type=2 10 10 2 2 2
left_child=3 -2 -3 -1 -5 -6
right_child=1 2 -4 4 5 -7
leaf_value=-0.00055381715361253866 -0.00098994515097893042 0.0074766469750921806 -0.0017240634560585022 -0.00010388427871907939 0.0065073898641997557 0.00099141432285219846
leaf_weight=2725 101 81 51 3038 107 640
leaf_count=2725 101 81 51 3038 107 640
internal_value=2.92875e-06 0.00183261 0.00398033 -6.37339e-05 0.000286995 0.00187026
internal_weight=6743 233 132 6510 3785 747
internal_count=6743 233 132 6510 3785 747
is_linear=0
shrinkage=0.01


Tree=841
num_leaves=7
num_cat=0
split_feature=21 19 14 10 20 24
split_gain=8.37758 45.6255 44.3822 29.2922 25.6451 19.8699
threshold=286.4309981405035 248.00833333333313 0.10252281222668956 0.025207744200995402 0.0058271341894281297 -0.49999999999997152
decision_type=10 10 2 2 2 8
left_child=1 2 3 -1 -3 -2
right_child=5 4 -4 -5 -6 -7
leaf_value=0.0093216265046170785 0.0012712139766479257 -0.0080883937039710942 -0.00056375180000593035 0.00035313335107639435 -0.0018997263288509992 -0.00015363515557030626
leaf_weight=74 1255 93 729 70 237 4285
leaf_count=74 1255 93 729 70 237 4285
internal_value=3.04168e-06 -0.000748295 0.000446948 0.0053329 -0.00385981 0.000169049
internal_weight=6743 1203 873 144 330 5540
internal_count=6743 1203 873 144 330 5540
is_linear=0
shrinkage=0.01


Tree=842
num_leaves=7
num_cat=0
split_feature=5 21 6 15 7 13
split_gain=8.40966 12.7209 10.8794 43.178 15.9393 22.7222
threshold=-0.027946940833313862 291.31094043517538 1.6996518539720642 1.7899272892230498 1.0000000180025095e-35 13.995179251571424
decision_type=2 10 2 2 2 2
left_child=1 -1 4 -4 -2 -6
right_child=2 -3 3 -5 5 -7
leaf_value=0.00043501291162500235 0.00019530088592918161 -0.0057015475258231163 0.0084489195659342743 -0.0016612602802879603 -0.0004217527102847104 -0.0043248654487840037
leaf_weight=63 5519 54 62 93 774 178
leaf_count=63 5519 54 62 93 774 178
internal_value=2.9852e-06 -0.00254443 5.32402e-05 0.00258917 -9.86117e-06 -0.0011993
internal_weight=6743 117 6626 155 6471 952
internal_count=6743 117 6626 155 6471 952
is_linear=0
shrinkage=0.01


Tree=843
num_leaves=7
num_cat=0
split_feature=17 0 16 5 0 2
split_gain=8.33413 27.9849 25.6639 24.0468 23.638 22.3214
threshold=1.0000000180025095e-35 1.0002375396795216 0.13573476045713104 0.17782138476813522 0.93894474215316082 0.42769294562960986
decision_type=2 2 2 2 2 2
left_child=2 3 4 -2 -1 -4
right_child=1 -3 5 -5 -6 -7
leaf_value=0.00016049405789538603 -0.0013573230715416954 -0.0028388132472012433 0.002311032163917111 0.00058649582440854959 0.0089184863966974351 -0.0001377989469950636
leaf_weight=63 911 388 417 2049 56 2859
leaf_count=63 911 388 417 2049 56 2859
internal_value=2.88085e-06 -0.000349121 0.000352952 -1.09426e-05 0.00473129 0.000176952
internal_weight=6743 3348 3395 2960 119 3276
internal_count=6743 3348 3395 2960 119 3276
is_linear=0
shrinkage=0.01


Tree=844
num_leaves=7
num_cat=0
split_feature=15 15 25 16 4 21
split_gain=8.29113 14.982 24.8031 21.2377 31.9576 16.6618
threshold=0.024460165809408501 0.46939228966590196 9.3000000000000131 0.8625053431893106 -0.064819773652699406 287.40760286589483
decision_type=2 2 10 2 2 10
left_child=-1 2 3 5 -5 -2
right_child=1 -3 -4 4 -6 -7
leaf_value=-0.001388292441200187 -0.0041879804780887023 -7.1013105321146504e-05 -0.0019486255815128878 0.0017235321604499693 0.0089777293188110143 0.0017732549153856541
leaf_weight=392 52 5700 148 180 91 180
leaf_count=392 52 5700 148 180 91 180
internal_value=2.96523e-06 9.24568e-05 0.00151831 0.00257599 0.00442784 0.000277949
internal_weight=6743 6351 651 503 271 232
internal_count=6743 6351 651 503 271 232
is_linear=0
shrinkage=0.01


Tree=845
num_leaves=7
num_cat=0
split_feature=19 21 14 22 14 22
split_gain=8.37231 32.5646 29.474 35.9065 22.9292 24.7112
threshold=274.571666666667 286.4309981405035 0.086016241073786109 25.700000000000021 0.084576290118964961 32.000000000000036
decision_type=10 10 2 10 2 10
left_child=2 -2 3 -1 -3 -6
right_child=1 4 -4 -5 5 -7
leaf_value=0.0053558026501201693 -0.0035921370584517721 -0.0016847648123098958 -0.00073824062922661735 -0.00082989625539137883 0.0022694053951710143 0.00027793410768952502
leaf_weight=177 190 393 2721 179 867 2216
leaf_count=177 190 393 2721 179 867 2216
internal_value=2.9782e-06 0.000326867 -0.000379479 0.00228056 0.00055364 0.000846735
internal_weight=6743 3666 3077 356 3476 3083
internal_count=6743 3666 3077 356 3476 3083
is_linear=0
shrinkage=0.01


Tree=846
num_leaves=7
num_cat=0
split_feature=5 9 7 15 2 25
split_gain=8.26084 15.6916 14.2359 19.3041 15.4282 28.5298
threshold=-0.027946940833313862 0.0097402452888510262 1.0000000180025095e-35 11.396081182560328 0.39252743866798384 -2.7999999999999825
decision_type=2 2 2 2 2 10
left_child=-1 2 4 -4 5 -2
right_child=1 -3 3 -5 -6 -7
leaf_value=-0.0025218308746345402 -0.0029138077179189114 0.0040664848255012962 -0.00071554743564378176 -0.0064745600864527719 -4.7290441868122742e-05 0.0020110819475822697
leaf_weight=117 126 86 971 53 4549 841
leaf_count=117 126 86 971 53 4549 841
internal_value=2.93447e-06 5.2756e-05 -4.62497e-06 -0.00108303 0.000195359 0.00133588
internal_weight=6743 6626 6540 1024 5516 967
internal_count=6743 6626 6540 1024 5516 967
is_linear=0
shrinkage=0.01


Tree=847
num_leaves=7
num_cat=0
split_feature=17 0 16 5 1 11
split_gain=8.28404 27.4449 25.2113 23.7715 23.3448 35.717
threshold=1.0000000180025095e-35 1.0002375396795216 0.13573476045713104 0.17782138476813522 2.0595408195729914 0.018102288832127649
decision_type=2 2 2 2 2 2
left_child=2 3 -1 -2 5 -3
right_child=1 4 -4 -5 -6 -7
leaf_value=0.0046913920436776422 -0.0013518977344266026 -0.0084340228182835549 0.00017729478947887115 0.0005807455827368344 0.0026525683339629603 -0.0014182375933786359
leaf_weight=119 911 104 3276 2049 57 227
leaf_count=119 911 104 3276 2049 57 227
internal_value=2.74822e-06 -0.00034819 0.000351771 -1.32467e-05 -0.00281377 -0.00383461
internal_weight=6743 3348 3395 2960 388 331
internal_count=6743 3348 3395 2960 388 331
is_linear=0
shrinkage=0.01


Tree=848
num_leaves=7
num_cat=0
split_feature=16 0 16 7 0 4
split_gain=8.28694 12.4781 10.913 13.6919 34.231 26.4659
threshold=10.619077735791935 0.87338210916895587 9.2397129071248987 1.0000000180025095e-35 0.71059898644537733 -0.052533507126145969
decision_type=2 2 2 2 2 2
left_child=2 -2 3 -1 5 -5
right_child=1 -3 -4 4 -6 -7
leaf_value=0.00020954638008637873 -0.00047260630410164597 -0.005713021102834677 0.0026631762808827248 0.00019640103239437629 -0.0021540350400501783 0.0077755416893670638
leaf_weight=5357 208 51 149 193 733 52
leaf_count=5357 208 51 149 193 733 52
internal_value=2.6748e-06 -0.0017157 7.53904e-05 8.84797e-06 -0.00107135 0.00208609
internal_weight=6743 259 6484 6335 978 245
internal_count=6743 259 6484 6335 978 245
is_linear=0
shrinkage=0.01


Tree=849
num_leaves=7
num_cat=0
split_feature=1 20 8 8 5 9
split_gain=8.28454 13.7668 16.8659 27.4137 26.273 20.0012
threshold=0.88110771321780501 0.016746465958057712 24.653250000000003 40.532850000000003 0.21872404183962948 0.0044634694335100242
decision_type=2 2 2 2 2 2
left_child=-1 2 4 -4 5 -2
right_child=1 -3 3 -5 -6 -7
leaf_value=-0.0010469110534698876 -0.0037991273647556552 0.0011691122185528422 0.0020847924538856901 -0.00014177316436525083 7.3281834813901674e-05 0
leaf_weight=665 409 1030 678 2781 973 207
leaf_count=665 409 1030 678 2781 973 207
internal_value=2.68515e-06 0.000120696 -9.31354e-05 0.000296526 -0.00094417 -0.00254275
internal_weight=6743 6078 5048 3459 1589 616
internal_count=6743 6078 5048 3459 1589 616
is_linear=0
shrinkage=0.01


Tree=850
num_leaves=7
num_cat=0
split_feature=0 25 22 4 19 22
split_gain=8.27446 15.2301 27.7054 12.5275 10.1497 27.0123
threshold=1.2519505216138527 0.70000000000001716 30.300000000000015 0.027021408297494616 274.571666666667 26.500000000000032
decision_type=2 10 10 2 10 8
left_child=4 -2 -3 -4 5 -1
right_child=1 2 3 -5 -6 -7
leaf_value=0.0010027718680440754 -0.0018533292106246645 0.0088762828994725582 0.0032833019733219081 -0.0028532194045762858 0.00029646128372467194 -0.0010966260329650032
leaf_weight=846 69 51 61 52 3537 2127
leaf_count=846 69 51 61 52 3537 2127
internal_value=2.61901e-06 0.00181586 0.00343487 0.00037573 -6.34308e-05 -0.000494508
internal_weight=6743 233 164 113 6510 2973
internal_count=6743 233 164 113 6510 2973
is_linear=0
shrinkage=0.01


Tree=851
num_leaves=7
num_cat=0
split_feature=21 1 1 9 7 0
split_gain=8.22753 13.2415 10.5931 27.66 21.3714 20.3928
threshold=282.73884993495784 1.2314428076789932 1.188344594594595 0.0097402452888510262 1.0000000180025095e-35 0.92503452642932948
decision_type=8 2 2 2 2 2
left_child=1 -1 5 4 -4 -2
right_child=2 -3 3 -5 -6 -7
leaf_value=0.00053123733972621075 -9.9659764979061395e-05 -0.002766708229499989 0.00068445739782509217 0.0062167622336958784 -0.00142341237203442 -0.003250799660163466
leaf_weight=213 2586 254 2837 72 567 214
leaf_count=213 2586 254 2837 72 567 214
internal_value=2.70618e-06 -0.00126194 0.000100258 0.000469626 0.000327282 -0.000354767
internal_weight=6743 467 6276 3476 3404 2800
internal_count=6743 467 6276 3476 3404 2800
is_linear=0
shrinkage=0.01


Tree=852
num_leaves=7
num_cat=0
split_feature=20 11 21 16 19 21
split_gain=8.27855 30.0086 31.7365 25.7215 26.8131 57.3007
threshold=0.0048994875400492086 0.011130594959556159 289.67357215469337 0.16141001749377407 248.00833333333313 288.97132444058144
decision_type=2 2 10 2 8 10
left_child=3 2 -2 -1 -5 -6
right_child=1 -3 -4 4 5 -7
leaf_value=0.002321530340344618 -0.00036085158945566199 4.9686337138312545e-05 0.0082982142642140395 0.00050983469695802701 -0.0079633439944959 -0.00099442164068022968
leaf_weight=229 73 5159 82 492 142 566
leaf_count=229 73 5159 82 492 142 566
internal_value=2.64791e-06 0.000186009 0.00438476 -0.00066882 -0.00126221 -0.00249751
internal_weight=6743 5314 155 1429 1200 708
internal_count=6743 5314 155 1429 1200 708
is_linear=0
shrinkage=0.01


Tree=853
num_leaves=7
num_cat=0
split_feature=11 15 16 14 15 8
split_gain=8.21097 11.951 10.2807 13.4254 10.3347 17.4327
threshold=0.047623304218267402 2.5953792645716729 10.619077735791935 0.94263849625771667 14.221402389679634 0.81270000000000009
decision_type=2 2 2 2 2 2
left_child=2 -2 4 -4 5 -1
right_child=1 -3 3 -5 -6 -7
leaf_value=0.0046175995176092957 -0.0048200637470273413 -0.00017801741825952444 -0.0034078977140983907 0.0012785821617580951 -0.0025050839354877662 0.00015314022494815802
leaf_weight=79 75 176 171 82 132 6028
leaf_count=79 75 176 171 82 132 6028
internal_value=2.64898e-06 -0.00173493 7.39319e-05 -0.00186008 0.00015681 0.000219982
internal_weight=6743 251 6492 253 6239 6107
internal_count=6743 251 6492 253 6239 6107
is_linear=0
shrinkage=0.01


Tree=854
num_leaves=7
num_cat=0
split_feature=0 16 18 18 20 16
split_gain=8.18766 15.6938 11.3093 26.6667 11.0127 24.1869
threshold=1.2519505216138527 0.74691187563582562 326.35000000000008 277.05000000000007 0.0078375534055355033 0.34502357469075912
decision_type=2 2 10 10 2 2
left_child=4 -2 3 -3 -1 -6
right_child=1 2 -4 -5 5 -7
leaf_value=-0.00054808266498384672 0.0061572453752160071 0.0023389902311127361 0.0035949875052799195 -0.0063785109253691845 -0.0010989282021877881 0.00074386123722419066
leaf_weight=2725 52 72 58 51 936 2849
leaf_count=2725 52 72 58 51 936 2849
internal_value=2.52088e-06 0.00180624 0.000246949 -0.00140821 -6.31738e-05 0.000283824
internal_weight=6743 233 181 123 6510 3785
internal_count=6743 233 181 123 6510 3785
is_linear=0
shrinkage=0.01


Tree=855
num_leaves=7
num_cat=0
split_feature=11 5 10 4 0 19
split_gain=8.16723 15.4519 24.1501 14.3967 17.3317 22.7138
threshold=0.024351395750452469 0.017363785351638471 0.018754143899312303 0.043670562441908721 0.9083155331083449 302.52666666666727
decision_type=2 2 2 2 2 8
left_child=1 2 -1 -2 -5 -6
right_child=3 -3 -4 4 5 -7
leaf_value=-0.0074067059599540455 -0.00083543370497216919 0.00034924313351998977 0.0010852808212262711 -0.0006253042417578399 0.0062813637014148774 -0.0013921240595031958
leaf_weight=56 1890 4393 60 190 103 51
leaf_count=56 1890 4393 60 190 103 51
internal_value=2.56689e-06 0.000248914 -0.0031974 -0.000489087 0.00135541 0.00374923
internal_weight=6743 4509 116 2234 344 154
internal_count=6743 4509 116 2234 344 154
is_linear=0
shrinkage=0.01


Tree=856
num_leaves=7
num_cat=0
split_feature=2 23 16 16 10 5
split_gain=8.16131 23.3781 18.7994 16.9135 16.5371 19.1151
threshold=0.25016427365162591 19.096666666666707 2.1759701539193474 0.14120436663634647 0.036708440947002513 0.068022127216204389
decision_type=2 8 2 2 2 2
left_child=1 2 3 -1 -5 -6
right_child=-2 -3 -4 4 5 -7
leaf_value=-0.0006456874207228044 -8.2682070187909526e-05 -0.0042019023054412439 -0.0025426443599280901 0.0075488964801003122 -0.0024514076430350545 0.005308369604815075
leaf_weight=69 6357 53 54 103 50 57
leaf_count=69 6357 53 54 103 50 57
internal_value=2.47393e-06 0.00139683 0.00241359 0.00346226 0.00482546 0.00169723
internal_weight=6743 386 333 279 210 107
internal_count=6743 386 333 279 210 107
is_linear=0
shrinkage=0.01


Tree=857
num_leaves=7
num_cat=0
split_feature=1 14 10 0 13 0
split_gain=8.14117 33.3564 37.7504 21.6786 11.4829 19.1077
threshold=2.9036477615512455 0.59326525000200692 0.033984869715062073 1.3668135484126223 69.488673062273008 0.80726971168390704
decision_type=2 2 2 2 2 2
left_child=4 -2 3 -3 -1 -6
right_child=1 2 -4 -5 5 -7
leaf_value=9.7719675249542158e-06 0.0080112863221438596 -0.0078298877416959692 0.0053266741570750075 7.0380783942808591e-05 0.0023831631663826206 -0.0041995638279064048
leaf_weight=6301 54 52 66 73 52 145
leaf_count=6301 54 52 66 73 52 145
internal_value=2.4334e-06 0.00175662 -0.000272558 -0.0034786 -6.47673e-05 -0.00238249
internal_weight=6743 245 191 125 6498 197
internal_count=6743 245 191 125 6498 197
is_linear=0
shrinkage=0.01


Tree=858
num_leaves=7
num_cat=0
split_feature=25 5 24 10 13 23
split_gain=8.11727 31.6811 17.8246 32.5264 58.036 34.4885
threshold=-1.6999999999999884 0.12521459615909117 0.90000000000003422 0.03225325646719001 0.2897988112382342 11.092500000000024
decision_type=10 2 8 2 2 10
left_child=1 -1 3 4 -2 -6
right_child=2 -3 -4 -5 5 -7
leaf_value=-0.0048818513211904106 0.0096878977805452855 -6.6977433439926982e-05 -0.00022384043275513836 -0.0003144382929397572 -0.0025623076998394483 0.0024981000896526924
leaf_weight=151 87 936 3865 926 161 617
leaf_count=151 87 936 3865 926 161 617
internal_value=2.49453e-06 -0.000783353 0.000156404 0.000979215 0.00236329 0.00141898
internal_weight=6743 1087 5656 1791 865 778
internal_count=6743 1087 5656 1791 865 778
is_linear=0
shrinkage=0.01


Tree=859
num_leaves=7
num_cat=0
split_feature=15 3 15 22 16 10
split_gain=8.13154 15.225 14.5088 24.4557 20.7376 32.3262
threshold=0.024460165809408501 0.21620625410128338 0.46939228966590196 38.200000000000024 0.8625053431893106 0.025942626148776217
decision_type=2 2 2 10 2 2
left_child=1 -1 3 4 -2 -6
right_child=2 -3 -4 -5 5 -7
leaf_value=-0.0030215870851050997 2.2594191100714464e-05 0.00085349218824624332 -6.9727869623884207e-05 -0.0042362354139783487 0.0092165924635316653 0.0018500942767848475
leaf_weight=226 270 166 5700 57 74 250
leaf_count=226 270 166 5700 57 74 250
internal_value=2.47162e-06 -0.00137532 9.11131e-05 0.00149428 0.00212176 0.00378808
internal_weight=6743 392 6351 651 594 324
internal_count=6743 392 6351 651 594 324
is_linear=0
shrinkage=0.01


Tree=860
num_leaves=7
num_cat=0
split_feature=17 0 16 0 1 20
split_gain=8.1039 26.9878 24.4108 23.0494 22.724 30.3041
threshold=1.0000000180025095e-35 1.0002375396795216 0.13573476045713104 0.93894474215316082 2.0595408195729914 0.0096181328137069817
decision_type=2 2 2 2 2 2
left_child=2 -2 3 -1 5 -3
right_child=1 4 -4 -5 -6 -7
leaf_value=0.00011109553864353325 -1.2403213530535863e-05 -0.0078513302934964096 0.00017599846672145949 0.0087516909329728651 0.0026033398161517153 -0.0014549669071870007
leaf_weight=63 2960 111 3276 56 57 220
leaf_count=63 2960 111 3276 56 57 220
internal_value=2.51524e-06 -0.00034457 0.000347739 0.004618 -0.00278952 -0.00379664
internal_weight=6743 3348 3395 119 388 331
internal_count=6743 3348 3395 119 388 331
is_linear=0
shrinkage=0.01


Tree=861
num_leaves=7
num_cat=0
split_feature=20 11 21 16 0 2
split_gain=8.1684 29.3467 31.1367 24.8593 35.5619 22.1777
threshold=0.0048994875400492086 0.011130594959556159 289.67357215469337 0.16141001749377407 1.0188750161051632 0.763433706602621
decision_type=2 2 10 2 2 2
left_child=3 2 -2 4 5 -1
right_child=1 -3 -4 -5 -6 -7
leaf_value=-0.0028524146659056776 -0.00036194433379604159 4.9837621922073584e-05 0.0082133248241861231 -0.0012478528098397589 0.0087226224359538817 0.0039784825954264332
leaf_weight=105 73 5159 82 1200 53 71
leaf_count=105 73 5159 82 1200 53 71
internal_value=2.52449e-06 0.000184672 0.00433688 -0.000664453 0.00227512 0
internal_weight=6743 5314 155 1429 229 176
internal_count=6743 5314 155 1429 229 176
is_linear=0
shrinkage=0.01


Tree=862
num_leaves=7
num_cat=0
split_feature=5 14 6 15 7 0
split_gain=8.0629 12.67 10.4223 41.3299 14.875 30.6965
threshold=-0.027946940833313862 0.78060461047799456 1.6996518539720642 1.7899272892230498 1.0000000180025095e-35 0.93562139328216709
decision_type=2 2 2 2 2 2
left_child=1 -1 4 -4 -2 -6
right_child=2 -3 3 -5 5 -7
leaf_value=0.00047667042524490049 0.000188395650184195 -0.0056441718980204314 0.0082675047327453888 -0.0016227130257316586 -0.00012725451508648454 -0.0043021966728500702
leaf_weight=63 5519 54 62 93 727 225
leaf_count=63 5519 54 62 93 727 225
internal_value=2.74361e-06 -0.00249158 5.19828e-05 0.00253407 -9.74591e-06 -0.00115884
internal_weight=6743 117 6626 155 6471 952
internal_count=6743 117 6626 155 6471 952
is_linear=0
shrinkage=0.01


Tree=863
num_leaves=7
num_cat=0
split_feature=2 23 16 16 3 10
split_gain=8.13698 22.9499 18.4824 16.6188 22.0616 17.4913
threshold=0.25016427365162591 19.096666666666707 2.1759701539193474 0.14120436663634647 -0.019526892007010108 0.037184412098335694
decision_type=2 8 2 2 2 2
left_child=1 2 3 -1 -5 -6
right_child=-2 -3 -4 4 5 -7
leaf_value=-0.00062994654231433638 -8.2381227515212666e-05 -0.0041521377831933992 -0.002511836643679999 -0.00013865507296352108 0.010147429343922362 0.0027545220929790625
leaf_weight=69 6357 53 54 61 71 78
leaf_count=69 6357 53 54 61 71 78
internal_value=2.64563e-06 0.00139492 0.00240225 0.00344197 0.00479316 0.00675685
internal_weight=6743 386 333 279 210 149
internal_count=6743 386 333 279 210 149
is_linear=0
shrinkage=0.01


Tree=864
num_leaves=7
num_cat=0
split_feature=19 21 14 22 14 22
split_gain=8.06742 31.4944 28.2474 34.682 22.0227 23.7696
threshold=274.571666666667 286.4309981405035 0.086016241073786109 25.700000000000021 0.084576290118964961 32.000000000000036
decision_type=10 10 2 10 2 10
left_child=2 -2 3 -1 -3 -6
right_child=1 4 -4 -5 5 -7
leaf_value=0.0052538335488680858 -0.0035333603970706465 -0.0016498794092822163 -0.00072403242457156746 -0.00082460444514201119 0.0022262819981369209 0.00027298565756178964
leaf_weight=177 190 393 2721 179 867 2216
leaf_count=177 190 393 2721 179 867 2216
internal_value=2.63971e-06 0.000320604 -0.000372762 0.00223119 0.000543664 0.000830946
internal_weight=6743 3666 3077 356 3476 3083
internal_count=6743 3666 3077 356 3476 3083
is_linear=0
shrinkage=0.01


Tree=865
num_leaves=7
num_cat=0
split_feature=17 2 9 21 21 1
split_gain=8.07352 24.6342 24.3398 30.7714 34.5024 22.4739
threshold=1.0000000180025095e-35 0.61896037992718067 0.0061700970853103441 291.13815330471596 287.52959142738797 2.0830140682167868
decision_type=2 2 2 10 10 2
left_child=1 2 -1 4 -4 -2
right_child=5 -3 3 -5 -6 -7
leaf_value=0.00091559631214454141 -0.00049356163566190538 -0.00026293506107422603 0.0014858361211760591 -0.00066726028580557217 0.013334697565277262 0.0041580805528874153
leaf_weight=1003 3251 2236 50 56 50 97
leaf_count=1003 3251 2236 50 56 50 97
internal_value=2.59883e-06 0.000347178 0.00152497 0.00509152 0.00817484 -0.000343833
internal_weight=6743 3395 1159 156 100 3348
internal_count=6743 3395 1159 156 100 3348
is_linear=0
shrinkage=0.01


Tree=866
num_leaves=7
num_cat=0
split_feature=20 16 0 19 21 1
split_gain=8.00234 24.3171 34.7876 26.2566 55.8702 22.6747
threshold=0.0048994875400492086 0.16141001749377407 1.0188750161051632 248.00833333333313 288.97132444058144 2.0144790232263463
decision_type=2 2 2 8 10 2
left_child=1 2 -1 -3 -5 -2
right_child=5 3 -4 4 -6 -7
leaf_value=0 3.897513950446239e-05 0.0005188841414754975 0.008626803089938467 -0.0078540180305227345 -0.0009726453122008631 0.0031808026356205223
leaf_weight=176 5083 492 53 142 566 231
leaf_count=176 5083 492 53 142 566 231
internal_value=2.84635e-06 -0.000657298 0.00224988 -0.00123436 -0.0024569 0.000183147
internal_weight=6743 1429 229 1200 708 5314
internal_count=6743 1429 229 1200 708 5314
is_linear=0
shrinkage=0.01


Tree=867
num_leaves=7
num_cat=0
split_feature=15 3 15 25 15 18
split_gain=8.052 14.83 14.0793 23.4522 18.8822 17.6944
threshold=0.024460165809408501 0.21620625410128338 0.46939228966590196 9.3000000000000131 0.36466965826878145 172.45000000000002
decision_type=2 2 2 10 2 10
left_child=1 -1 3 4 -2 -6
right_child=2 -3 -4 -5 5 -7
leaf_value=-0.002992824047914375 0.0013453586478215786 0.00083130893964235763 -6.7328503747463695e-05 -0.0018968130261313076 0.00091830296007295448 0.0090765870302110113
leaf_weight=226 389 166 5700 148 50 64
leaf_count=226 389 166 5700 148 50 64
internal_value=2.87656e-06 -0.00136815 9.10897e-05 0.00147332 0.00250207 0.00594166
internal_weight=6743 392 6351 651 503 114
internal_count=6743 392 6351 651 503 114
is_linear=0
shrinkage=0.01


Tree=868
num_leaves=7
num_cat=0
split_feature=21 1 22 14 8 18
split_gain=7.96737 12.92 11.5585 32.7145 39.6975 28.5968
threshold=282.73884993495784 1.2314428076789932 26.500000000000032 0.17021881020370608 30.889350000000004 318.85000000000008
decision_type=8 2 8 2 2 10
left_child=1 -1 3 4 -2 -5
right_child=2 -3 -4 5 -6 -7
leaf_value=0.00052918469163718647 0 -0.0027280571707171586 -6.4448036911250359e-05 0.00063287843131452112 0.0063494532646647854 -0.0055571368537647159
leaf_weight=213 191 254 5473 333 194 85
leaf_count=213 191 254 5473 333 194 85
internal_value=2.95464e-06 -0.00124151 9.89742e-05 0.0012122 0.00328195 -0.000702922
internal_weight=6743 467 6276 803 385 418
internal_count=6743 467 6276 803 385 418
is_linear=0
shrinkage=0.01


Tree=869
num_leaves=7
num_cat=0
split_feature=19 21 14 22 14 22
split_gain=8.05636 30.7134 27.3985 33.7421 21.4474 23.2038
threshold=274.571666666667 286.4309981405035 0.086016241073786109 25.700000000000021 0.084576290118964961 32.000000000000036
decision_type=10 10 2 10 2 10
left_child=2 -2 3 -1 -3 -6
right_child=1 4 -4 -5 5 -7
leaf_value=0.005173810899337346 -0.00348512495290488 -0.0016236437396458339 -0.00071821643901470765 -0.00082098984972588595 0.0022031317625891421 0.00027309098938927274
leaf_weight=177 190 393 2721 179 867 2216
leaf_count=177 190 393 2721 179 867 2216
internal_value=2.89947e-06 0.000320646 -0.000372243 0.00219217 0.000540941 0.000824458
internal_weight=6743 3666 3077 356 3476 3083
internal_count=6743 3666 3077 356 3476 3083
is_linear=0
shrinkage=0.01


Tree=870
num_leaves=7
num_cat=0
split_feature=17 2 9 2 2 1
split_gain=8.01471 24.1169 23.84 27.5071 22.0207 21.6998
threshold=1.0000000180025095e-35 0.61896037992718067 0.0061700970853103441 0.40853849610139681 0.32675681895125713 2.0830140682167868
decision_type=2 2 2 2 2 2
left_child=1 2 4 -4 -1 -2
right_child=5 -3 3 -5 -6 -7
leaf_value=0.0040306501494770924 -0.00048946533548054213 -0.00025745573492479389 -0.00017875531156148229 0.008107546374931017 0.00019622241638918677 0.0040811667070837221
leaf_weight=175 3251 2236 60 96 828 97
leaf_count=175 3251 2236 60 96 828 97
internal_value=2.85569e-06 0.000346181 0.00151154 0.00504149 0.000908297 -0.000342305
internal_weight=6743 3395 1159 156 1003 3348
internal_count=6743 3395 1159 156 1003 3348
is_linear=0
shrinkage=0.01


Tree=871
num_leaves=7
num_cat=0
split_feature=5 9 7 21 14 23
split_gain=8.00585 15.0045 13.4131 19.9677 44.2099 35.7911
threshold=-0.027946940833313862 0.0097402452888510262 1.0000000180025095e-35 289.17355869081115 0.11665875592132696 15.963333333333482
decision_type=2 2 2 10 2 8
left_child=-1 2 3 4 -2 -5
right_child=1 -3 -4 5 -6 -7
leaf_value=-0.0024824066160202729 0.002591538310611108 0.0039769855208578522 -0.0010507732230068383 0.0023318114302548847 -0.0013615188024544316 4.4957376013365704e-05
leaf_weight=117 335 86 1024 908 1545 2728
leaf_count=117 335 86 1024 908 1545 2728
internal_value=3.05651e-06 5.21257e-05 -3.95181e-06 0.000190122 -0.000641842 0.000623614
internal_weight=6743 6626 6540 5516 1880 3636
internal_count=6743 6626 6540 5516 1880 3636
is_linear=0
shrinkage=0.01


Tree=872
num_leaves=7
num_cat=0
split_feature=16 0 16 7 0 9
split_gain=7.94633 12.2127 10.8108 13.0254 33.4233 20.9176
threshold=10.619077735791935 0.87338210916895587 9.2397129071248987 1.0000000180025095e-35 0.71059898644537733 0.00079259717982951069
decision_type=2 2 2 2 2 2
left_child=2 -2 3 -1 5 -5
right_child=1 -3 -4 4 -6 -7
leaf_value=0.00020387775862569697 -0.0004502742994286188 -0.0056334699518963329 0.0026499476123589484 0.00039236171992824357 -0.0021155002011233139 0.007194460581560605
leaf_weight=5357 208 51 149 194 733 51
leaf_count=5357 208 51 149 194 733 51
internal_value=3.08594e-06 -0.00167956 7.4321e-05 8.08498e-06 -0.00104546 0.00207413
internal_weight=6743 259 6484 6335 978 245
internal_count=6743 259 6484 6335 978 245
is_linear=0
shrinkage=0.01


Tree=873
num_leaves=7
num_cat=0
split_feature=13 13 0 0 24 22
split_gain=8.04796 17.8626 11.8609 11.2428 18.515 22.8223
threshold=69.488673062273008 72.355702287527365 0.86954052894723322 1.2723730332504524 -2.4999999999999711 31.600000000000026
decision_type=2 2 2 2 10 10
left_child=3 -2 -3 -1 -5 -6
right_child=1 2 -4 4 5 -7
leaf_value=-7.1925599084705601e-06 -0.0060917188763024589 0.002826576292928722 -0.0023944549529040429 -0.0013656759554181587 0.0086692727625589158 0.00040370583018086044
leaf_weight=6320 59 71 84 78 58 73
leaf_count=6320 59 71 84 78 58 73
internal_value=3.08827e-06 -0.00185917 0 6.84064e-05 0.00229607 0.00448949
internal_weight=6743 214 155 6529 209 131
internal_count=6743 214 155 6529 209 131
is_linear=0
shrinkage=0.01


Tree=874
num_leaves=7
num_cat=0
split_feature=13 13 0 0 10 20
split_gain=7.90956 17.5598 11.6521 11.0532 18.9022 12.1507
threshold=69.488673062273008 72.355702287527365 0.86954052894723322 1.2723730332504524 0.017332036676623436 0.0069743967105340169
decision_type=2 2 2 2 2 2
left_child=3 -2 -3 5 -5 -1
right_child=1 2 -4 4 -6 -7
leaf_value=-0.00059605055096685958 -0.0060396303285075274 0.0028018001404901344 -0.002373057689091706 0.0069629572449071758 0.00034058470468588934 0.00031756234847329869
leaf_weight=2254 59 71 84 52 157 4066
leaf_count=2254 59 71 84 52 157 4066
internal_value=3.05799e-06 -0.00184311 0 6.78248e-05 0.00227663 -7.12074e-06
internal_weight=6743 214 155 6529 209 6320
internal_count=6743 214 155 6529 209 6320
is_linear=0
shrinkage=0.01


Tree=875
num_leaves=7
num_cat=0
split_feature=11 20 8 5 16 8
split_gain=7.9477 11.8633 16.2968 28.8471 29.9813 28.4801
threshold=0.047623304218267402 0.016746465958057712 24.653250000000003 0.21441683307505355 0.18990058040356347 40.532850000000003
decision_type=2 2 2 2 2 2
left_child=1 2 3 4 -1 -4
right_child=-2 -3 5 -5 -6 -7
leaf_value=0.001830947876158284 -0.0017064126944294291 0.0010244300481795153 0.0020734058005534759 4.674812517899634e-05 -0.0036834158633385445 -0.00016453407019562005
leaf_weight=113 251 1083 689 1092 501 3014
leaf_count=113 251 1083 689 1092 501 3014
internal_value=3.04834e-06 7.3202e-05 -0.000116948 -0.000923952 -0.00263945 0.000253638
internal_weight=6743 6492 5409 1706 614 3703
internal_count=6743 6492 5409 1706 614 3703
is_linear=0
shrinkage=0.01


Tree=876
num_leaves=7
num_cat=0
split_feature=17 0 16 5 0 9
split_gain=7.90539 26.6237 23.4203 22.6279 21.9544 21.6073
threshold=1.0000000180025095e-35 1.0002375396795216 0.13573476045713104 0.17782138476813522 0.93894474215316082 0.0017348128469209308
decision_type=2 2 2 2 2 2
left_child=2 3 4 -2 -1 -3
right_child=1 5 -4 -5 -6 -7
leaf_value=0.00012188690778327314 -0.0013160078411585127 -0.0050914446187205606 0.00017569574226451465 0.00056959390895535713 0.0085616007729461697 -0.00035307508502088378
leaf_weight=63 911 190 3276 2049 56 198
leaf_count=63 911 190 3276 2049 56 198
internal_value=3.00928e-06 -0.000339779 0.000343994 -9.84827e-06 0.00452685 -0.00276816
internal_weight=6743 3348 3395 2960 119 388
internal_count=6743 3348 3395 2960 119 388
is_linear=0
shrinkage=0.01


Tree=877
num_leaves=7
num_cat=0
split_feature=25 19 13 8 13 16
split_gain=7.84787 24.1226 29.6299 21.7985 19.7138 30.7824
threshold=-1.6999999999999884 245.40166666666684 4.1962464423143597 23.995350000000006 2.2192355818423897 0.42635369841027193
decision_type=10 10 2 2 2 2
left_child=1 4 -3 -4 -1 -6
right_child=-2 2 3 -5 5 -7
leaf_value=-0.0013977391540914053 0.00015437520207721282 0.0034565681423391064 0 -0.0059166149213308265 -0.0010947847173277598 0.0044482843009264845
leaf_weight=362 5656 52 90 202 182 199
leaf_count=362 5656 52 90 202 182 199
internal_value=3.01871e-06 -0.000769649 -0.00292045 -0.00416604 0.000238425 0.00181456
internal_weight=6743 1087 344 292 743 381
internal_count=6743 1087 344 292 743 381
is_linear=0
shrinkage=0.01


Tree=878
num_leaves=7
num_cat=0
split_feature=2 21 16 11 21 18
split_gain=7.92728 18.4973 15.8597 15.1517 11.4432 60.651
threshold=0.25016427365162591 296.88290187198538 2.1759701539193474 0.038111853028276951 287.70577455648316 315.55000000000007
decision_type=2 10 2 2 10 10
left_child=1 2 3 -1 5 -2
right_child=4 -3 -4 -5 -6 -7
leaf_value=0.0046696955395604004 6.4248242550703655e-05 -0.0035547698647496874 -0.0022590287117054686 -0.00032040952589739574 0.00015309980249246803 -0.00523736410921153
leaf_weight=199 1247 54 54 79 4860 250
leaf_count=199 1247 54 54 79 4860 250
internal_value=2.96286e-06 0.00137719 0.0022891 0.00325503 -8.09421e-05 -0.000843367
internal_weight=6743 386 332 278 6357 1497
internal_count=6743 386 332 278 6357 1497
is_linear=0
shrinkage=0.01


Tree=879
num_leaves=7
num_cat=0
split_feature=15 3 15 22 15 10
split_gain=7.92499 14.4343 13.6526 23.3065 16.1443 14.1748
threshold=0.024460165809408501 0.21620625410128338 0.46939228966590196 38.200000000000024 0.58540103139209709 0.073220280486056707
decision_type=2 2 2 10 2 2
left_child=1 -1 3 5 -4 -2
right_child=2 -3 4 -5 -6 -7
leaf_value=-0.0029601722222484523 0.002565567643694918 0.00081219173248179947 -0.0027162880532241246 -0.0041414105914421937 3.918818893521691e-05 -0.0024088944564573467
leaf_weight=226 540 166 211 57 5489 54
leaf_count=226 540 166 211 57 5489 54
internal_value=2.8076e-06 -0.00135735 9.0334e-05 0.00145147 -6.56399e-05 0.00206439
internal_weight=6743 392 6351 651 5700 594
internal_count=6743 392 6351 651 5700 594
is_linear=0
shrinkage=0.01


Tree=880
num_leaves=7
num_cat=0
split_feature=19 21 22 10 15 0
split_gain=7.84791 29.5139 26.992 26.2732 26.0272 24.1577
threshold=274.571666666667 286.4309981405035 26.500000000000032 0.030029870466207469 6.7831762941025078 0.84233471581365393
decision_type=10 10 8 2 2 2
left_child=2 -2 3 4 -1 -4
right_child=1 -3 5 -5 -6 -7
leaf_value=0.0038876797489443404 -0.0034143239630386236 0.00053224162011841054 0.00015894639345510512 -0.00055762285452722136 -0.002559881770713745 -0.001934083681116677
leaf_weight=364 190 3476 1012 458 66 1177
leaf_count=364 190 3476 1012 458 66 1177
internal_value=2.61944e-06 0.000316249 -0.000367619 0.00108961 0.00283964 -0.000965582
internal_weight=6743 3666 3077 888 430 2189
internal_count=6743 3666 3077 888 430 2189
is_linear=0
shrinkage=0.01


Tree=881
num_leaves=7
num_cat=0
split_feature=15 3 15 22 16 10
split_gain=7.81713 14.1895 13.3325 22.879 19.8597 31.0677
threshold=0.024460165809408501 0.21620625410128338 0.46939228966590196 38.200000000000024 0.8625053431893106 0.025942626148776217
decision_type=2 2 2 10 2 2
left_child=1 -1 3 4 -2 -6
right_child=2 -3 -4 -5 5 -7
leaf_value=-0.0029375532462845668 0 0.00080240153061988007 -6.4669204239231512e-05 -0.0041062665652872908 0.0089928480619121173 0.0017737341887998179
leaf_weight=226 270 166 5700 57 74 250
leaf_count=226 270 166 5700 57 74 250
internal_value=2.50608e-06 -0.00134836 8.94456e-05 0.00143453 0.00204196 0.00367237
internal_weight=6743 392 6351 651 594 324
internal_count=6743 392 6351 651 594 324
is_linear=0
shrinkage=0.01


Tree=882
num_leaves=7
num_cat=0
split_feature=2 23 8 10 21 21
split_gain=7.82002 22.1783 16.7906 24.4301 13.6633 11.2217
threshold=0.25016427365162591 19.096666666666707 8.2575000000000021 0.035649017275002394 291.75280355169542 287.70577455648316
decision_type=2 8 2 2 10 10
left_child=1 2 -1 -4 -5 -2
right_child=5 -3 3 4 -6 -7
leaf_value=-0.00063279643714427946 -0.00083579860092619683 -0.0040844456774611322 0.0078375703357160091 -0.0015565189234489065 0.004466724967082533 0.00015096582211520884
leaf_weight=115 1497 53 85 78 55 4860
leaf_count=115 1497 53 85 78 55 4860
internal_value=2.54229e-06 0.00136746 0.00235811 0.0039383 0.00100254 -8.07829e-05
internal_weight=6743 386 333 218 133 6357
internal_count=6743 386 333 218 133 6357
is_linear=0
shrinkage=0.01


Tree=883
num_leaves=7
num_cat=0
split_feature=16 14 16 24 10 23
split_gain=7.80663 12.0103 10.5613 11.741 26.1752 14.1652
threshold=10.619077735791935 0.94263849625771667 9.2397129071248987 10.00000000000003 0.037067825216728453 25.960833333333373
decision_type=2 2 2 8 2 8
left_child=2 -2 3 -1 -5 -6
right_child=1 -3 -4 4 5 -7
leaf_value=0.00014598672199231291 -0.0031286414865019691 0.0012392260328817524 0.0026189186064337539 -0.0053818546802115938 -0.0011495379869892212 0.0029612957351599577
leaf_weight=5761 174 85 149 116 360 98
leaf_count=5761 174 85 149 116 360 98
internal_value=2.56642e-06 -0.00166522 7.31867e-05 7.70159e-06 -0.00134182 -0.000204079
internal_weight=6743 259 6484 6335 574 458
internal_count=6743 259 6484 6335 574 458
is_linear=0
shrinkage=0.01


Tree=884
num_leaves=7
num_cat=0
split_feature=17 2 9 21 21 2
split_gain=7.79745 23.7066 23.1708 30.0672 33.3624 21.4399
threshold=1.0000000180025095e-35 0.61896037992718067 0.0061700970853103441 291.13815330471596 287.52959142738797 0.32675681895125713
decision_type=2 2 2 10 10 2
left_child=1 2 5 4 -4 -1
right_child=-2 -3 3 -5 -6 -7
leaf_value=0.0039826345033943658 -0.00033793032230002468 -0.00025728195099291624 0.0014477756436293324 -0.00070704645505457217 0.013099696450866758 0.00019873852232598358
leaf_weight=175 3348 2236 50 56 50 828
leaf_count=175 3348 2236 50 56 50 828
internal_value=2.50085e-06 0.000341162 0.00149659 0.00497701 0.00802589 0.000901609
internal_weight=6743 3395 1159 156 100 1003
internal_count=6743 3395 1159 156 100 1003
is_linear=0
shrinkage=0.01


Tree=885
num_leaves=7
num_cat=0
split_feature=11 20 11 16 11 9
split_gain=7.75076 11.5824 15.5648 14.3676 14.8191 13.8593
threshold=0.047623304218267402 0.016746465958057712 0.023186216802755306 0.078171121988910366 0.024058915639974789 0.0097402452888510262
decision_type=2 2 2 2 2 2
left_child=1 2 -1 -3 -5 -4
right_child=-2 3 5 4 -6 -7
leaf_value=0.00018170463778417444 -0.0016854009488053347 -0.0016712727194681065 -0.0013349267530342185 0.0047152382513833422 0.00096789995019047799 0.0029710805979616278
leaf_weight=4126 251 158 1214 116 809 69
leaf_count=4126 251 158 1214 116 809 69
internal_value=2.7339e-06 7.20319e-05 -0.000115834 0.00101195 0.00149394 -0.00107443
internal_weight=6743 6492 5409 1083 925 1283
internal_count=6743 6492 5409 1083 925 1283
is_linear=0
shrinkage=0.01


Tree=886
num_leaves=7
num_cat=0
split_feature=5 21 11 20 8 5
split_gain=7.81817 12.0663 9.86125 13.8318 17.1019 29.2847
threshold=-0.027946940833313862 291.31094043517538 0.047001379413421168 0.016884725634308706 24.653250000000003 0.21441683307505355
decision_type=2 10 2 2 2 2
left_child=1 -1 3 4 5 -2
right_child=2 -3 -4 -5 -6 -7
leaf_value=0.00044250735094490115 -0.0026845191934330537 -0.0055294073003460658 -0.001902801355501006 0.0012042625504158971 0.0003085202417673183 5.3746113889838143e-05
leaf_weight=63 588 54 238 998 3697 1105
leaf_count=63 588 54 238 998 3697 1105
internal_value=2.76793e-06 -0.00245338 5.12765e-05 0.000128504 -7.06909e-05 -0.000901595
internal_weight=6743 117 6626 6388 5390 1693
internal_count=6743 117 6626 6388 5390 1693
is_linear=0
shrinkage=0.01


Tree=887
num_leaves=7
num_cat=0
split_feature=19 21 22 14 4 0
split_gain=7.6955 28.9608 26.3923 30.8046 25.3444 23.8378
threshold=274.571666666667 286.4309981405035 26.500000000000032 0.10252281222668956 -0.19342228575468309 0.84233471581365393
decision_type=10 10 8 2 2 2
left_child=2 -2 3 4 -1 -4
right_child=1 -3 5 -5 -6 -7
leaf_value=-0.00030482237583693162 -0.0033821854565292599 0.00052718638505694522 0.00016168173349793584 2.896250405167933e-05 0.0068423978265532304 -0.0019173867217972291
leaf_weight=71 190 3476 1012 685 132 1177
leaf_count=71 190 3476 1012 685 132 1177
internal_value=2.62019e-06 0.000313203 -0.000363991 0.0010769 0.00439873 -0.000955298
internal_weight=6743 3666 3077 888 203 2189
internal_count=6743 3666 3077 888 203 2189
is_linear=0
shrinkage=0.01


Tree=888
num_leaves=7
num_cat=0
split_feature=1 20 8 5 16 8
split_gain=7.72057 9.89385 16.1767 26.4848 27.2314 25.8836
threshold=0.77794842134644016 0.016746465958057712 24.653250000000003 0.21441683307505355 0.18990058040356347 40.532850000000003
decision_type=2 2 2 2 2 2
left_child=-1 2 3 4 -2 -4
right_child=1 -3 5 -5 -6 -7
leaf_value=-0.001514414944269966 0.0016701570221781732 0.00092989700824584796 0.002001674634524222 4.3312369191956081e-05 -0.0035519187961483636 -0.00013421174595702772
leaf_weight=309 115 1120 690 1054 499 2956
leaf_count=309 115 1120 690 1054 499 2956
internal_value=2.62295e-06 7.92693e-05 -9.9544e-05 -0.000913631 -0.00254673 0.000271636
internal_weight=6743 6434 5314 1668 614 3646
internal_count=6743 6434 5314 1668 614 3646
is_linear=0
shrinkage=0.01


Tree=889
num_leaves=7
num_cat=0
split_feature=8 13 13 14 15 8
split_gain=7.70824 17.8914 22.1053 17.5433 20.3833 15.8641
threshold=2.3485500000000004 67.555787972333334 71.741627252874792 0.73190518525404902 0.12916276126315754 10.231650000000002
decision_type=2 2 2 2 2 2
left_child=3 5 -3 4 -1 -2
right_child=1 2 -4 -5 -6 -7
leaf_value=-0.00061828871393639052 -0.0013228510892901366 -0.0074063558777003255 -0.00040442942598435498 -0.0017725129424537233 0.0056388501109171461 0.00021283457038912782
leaf_weight=79 756 63 130 96 121 5498
leaf_count=79 756 63 130 96 121 5498
internal_value=2.58849e-06 -6.94278e-05 -0.00299155 0.00155482 0.00320791 2.37849e-05
internal_weight=6743 6447 193 296 200 6254
internal_count=6743 6447 193 296 200 6254
is_linear=0
shrinkage=0.01


Tree=890
num_leaves=7
num_cat=0
split_feature=11 20 8 20 13 13
split_gain=7.71653 18.3384 16.0484 20.227 32.1856 22.8468
threshold=0.024351395750452469 0.017821110889073882 21.618000000000006 0.0069743967105340169 38.164115140502453 31.757801566699914
decision_type=2 2 2 2 2 2
left_child=1 2 -1 4 -4 -5
right_child=-2 -3 3 5 -6 -7
leaf_value=-0.00079463112736553984 -0.00047543426801646341 0.0044165469225025877 -0.00060590628383363197 0.0018686063920207647 0.0041069924211094401 -0.0022540765336404246
leaf_weight=1280 2234 93 1606 1241 149 140
leaf_count=1280 2234 93 1606 1241 149 140
internal_value=2.41937e-06 0.000241915 0.000141958 0.000528729 -0.000179112 0.00143028
internal_weight=6743 4509 4416 3136 1755 1381
internal_count=6743 4509 4416 3136 1755 1381
is_linear=0
shrinkage=0.01


Tree=891
num_leaves=7
num_cat=0
split_feature=16 18 5 16 24 10
split_gain=7.67533 16.024 15.0119 13.6513 11.4227 25.6604
threshold=9.8750780850906139 314.75000000000006 0.26525782559187927 9.2397129071248987 10.00000000000003 0.037067825216728453
decision_type=2 10 2 2 8 2
left_child=3 2 -2 4 -1 -6
right_child=1 -3 -4 -5 5 -7
leaf_value=0.00014413400596629831 -0.005780285708975084 0.0023472538654907391 -0.00046648659815914207 0.0032467372725451631 -0.0053234131677844928 -0.00019678906022802865
leaf_weight=5761 91 68 126 123 116 458
leaf_count=5761 91 68 126 123 116 458
internal_value=2.45829e-06 -0.00157344 -0.00289538 7.5876e-05 7.71474e-06 -0.00132337
internal_weight=6743 285 217 6458 6335 574
internal_count=6743 285 217 6458 6335 574
is_linear=0
shrinkage=0.01


Tree=892
num_leaves=7
num_cat=0
split_feature=21 19 12 22 14 8
split_gain=7.62919 18.3434 13.7632 11.1333 30.7798 38.3993
threshold=282.73884993495784 246.32666666666702 1.0000000180025095e-35 26.500000000000032 0.17021881020370608 30.889350000000004
decision_type=8 8 2 8 2 2
left_child=1 2 -1 4 5 -2
right_child=3 -3 -4 -5 -6 -7
leaf_value=0.0019783015682819415 0 -0.0049559609870453479 -0.0017938956666116912 -6.4048604486270576e-05 -0.0006683363284231338 0.0062134725160385464
leaf_weight=159 191 93 215 5473 418 194
leaf_count=159 191 93 215 5473 418 194
internal_value=2.31482e-06 -0.00121542 -0.00015441 9.63076e-05 0.00118889 0.0031965
internal_weight=6743 467 374 6276 803 385
internal_count=6743 467 374 6276 803 385
is_linear=0
shrinkage=0.01


Tree=893
num_leaves=7
num_cat=0
split_feature=20 11 21 17 0 4
split_gain=7.69005 28.0721 30.5982 15.2812 27.3619 31.0265
threshold=0.0048994875400492086 0.011130594959556159 289.67357215469337 1.0000000180025095e-35 1.0002375396795216 -0.0625
decision_type=2 2 10 2 2 2
left_child=-1 2 -2 -3 -5 -6
right_child=1 3 -4 4 5 -7
leaf_value=-0.00064485877385179178 -0.00041098251130925606 0.00072858734529669407 0.0080839184347702119 -5.5983885134696965e-05 -0.0080110031974211498 -0.0011243656157583742
leaf_weight=1429 73 2008 82 2817 83 251
leaf_count=1429 73 2008 82 2817 83 251
internal_value=2.25045e-06 0.000179029 0.00424005 4.71155e-05 -0.000384925 -0.00304791
internal_weight=6743 5314 155 5159 3151 334
internal_count=6743 5314 155 5159 3151 334
is_linear=0
shrinkage=0.01


Tree=894
num_leaves=7
num_cat=0
split_feature=8 13 13 16 8 2
split_gain=7.64152 17.4994 21.7094 15.9434 15.3704 21.6861
threshold=2.3485500000000004 67.555787972333334 71.741627252874792 1.486812168166733 10.231650000000002 0.47655677655677664
decision_type=2 2 2 2 2 2
left_child=3 4 -3 -1 -2 -6
right_child=1 2 -4 -5 5 -7
leaf_value=-0.00010739192518052979 -0.0013028753592022365 -0.0073345013866073462 -0.00039538876170159453 0.0045973406306002293 0.001264226754622238 -0.00016203872712577876
leaf_weight=196 756 63 130 100 1430 4068
leaf_count=196 756 63 130 100 1430 4068
internal_value=2.14746e-06 -6.95498e-05 -0.00295947 0.00154766 2.26197e-05 0.000208731
internal_weight=6743 6447 193 296 6254 5498
internal_count=6743 6447 193 296 6254 5498
is_linear=0
shrinkage=0.01


Tree=895
num_leaves=7
num_cat=0
split_feature=25 5 22 22 0 8
split_gain=7.59983 30.2137 16.894 15.6943 17.891 19.5938
threshold=-1.6999999999999884 0.12521459615909117 27.800000000000015 27.000000000000032 0.96875778493153419 220.44105000000005
decision_type=10 2 10 10 2 2
left_child=1 2 -1 -3 5 -5
right_child=-2 3 -4 4 -6 -7
leaf_value=-0.0070964339412397373 0.00015098793251036853 0.00092034381824212836 -6.5428587106557988e-05 -0.0017069312189202843 -0.0052490230433832738 0.0047136023774987362
leaf_weight=96 5656 589 55 203 93 51
leaf_count=96 5656 589 55 203 93 51
internal_value=2.01581e-06 -0.000758327 -0.00476071 -5.8573e-05 -0.00172744 -0.000250177
internal_weight=6743 1087 151 936 347 254
internal_count=6743 1087 151 936 347 254
is_linear=0
shrinkage=0.01


Tree=896
num_leaves=7
num_cat=0
split_feature=17 0 16 5 0 1
split_gain=7.53657 25.8251 23.1196 21.4956 21.3121 20.9988
threshold=1.0000000180025095e-35 1.0002375396795216 0.13573476045713104 0.17782138476813522 0.93894474215316082 2.0595408195729914
decision_type=2 2 2 2 2 2
left_child=2 3 4 -2 -1 -3
right_child=1 5 -4 -5 -6 -7
leaf_value=0.00014376641244767872 -0.0012809944435888112 -0.0036923713831550544 0.00016761120388721361 0.00055683766539557894 0.0084665654582733469 0.0024589616313243092
leaf_weight=63 911 331 3276 2049 56 57
leaf_count=63 911 331 3276 2049 56 57
internal_value=1.84264e-06 -0.000332822 0.000334819 -7.83405e-06 0.00449061 -0.00272449
internal_weight=6743 3348 3395 2960 119 388
internal_count=6743 3348 3395 2960 119 388
is_linear=0
shrinkage=0.01


Tree=897
num_leaves=7
num_cat=0
split_feature=20 11 16 0 2 16
split_gain=7.57059 27.4762 22.9482 33.3594 21.6195 20.142
threshold=0.0048994875400492086 0.011130594959556159 0.16141001749377407 1.0188750161051632 0.763433706602621 0.19388259446535688
decision_type=2 2 2 2 2 2
left_child=2 -2 3 4 -1 -3
right_child=1 5 -4 -5 -6 -7
leaf_value=-0.0028335191743124439 0.0041950702597246025 -0.0012034357826758775 -0.0012008220424475379 0.00842856954960596 0.0039104640582737363 0.00035914497566707463
leaf_weight=105 155 1019 1200 53 71 4140
leaf_count=105 155 1019 1200 53 71 4140
internal_value=1.95482e-06 0.000177367 -0.000640099 0.00218365 0 4.68401e-05
internal_weight=6743 5314 1429 229 176 5159
internal_count=6743 5314 1429 229 176 5159
is_linear=0
shrinkage=0.01


Tree=898
num_leaves=7
num_cat=0
split_feature=16 14 16 7 9 9
split_gain=7.56148 14.0084 13.3811 12.9702 31.6947 18.7052
threshold=9.8750780850906139 0.70921778309759176 9.2397129071248987 1.0000000180025095e-35 0.008965750995440034 -0.0068612849721010763
decision_type=2 2 2 2 2 2
left_child=2 -2 3 -1 5 -5
right_child=1 -3 -4 4 -6 -7
leaf_value=0.00020287514519388031 -0.0030256307279031038 0.0015401396324218372 0.0032143103271806825 0.00067499726928231182 0.0058111602180297419 -0.0024063657477115473
leaf_weight=5357 196 89 123 268 53 657
leaf_count=5357 196 89 123 268 53 657
internal_value=2.10787e-06 -0.00156205 7.49908e-05 7.49209e-06 -0.00104382 -0.00150524
internal_weight=6743 285 6458 6335 978 925
internal_count=6743 285 6458 6335 978 925
is_linear=0
shrinkage=0.01


Tree=899
num_leaves=7
num_cat=0
split_feature=2 23 16 16 10 22
split_gain=7.57167 21.691 17.4161 15.6892 15.2508 13.0164
threshold=0.25016427365162591 19.096666666666707 2.1759701539193474 0.14120436663634647 0.036708440947002513 30.500000000000032
decision_type=2 8 2 2 2 10
left_child=1 2 3 -1 -5 -6
right_child=-2 -3 -4 4 5 -7
leaf_value=-0.00061718761968084532 -7.9762100221110937e-05 -0.0040455014515845553 -0.0024417904182337225 0.007265334146806096 -0.001580849388265051 0.0048068117215815517
leaf_weight=69 6357 53 54 103 54 53
leaf_count=69 6357 53 54 103 54 53
internal_value=2.20543e-06 0.0013453 0.00232538 0.00333522 0.00464835 0.00163808
internal_weight=6743 386 333 279 210 107
internal_count=6743 386 333 279 210 107
is_linear=0
shrinkage=0.01


Tree=900
num_leaves=7
num_cat=0
split_feature=19 21 22 14 4 19
split_gain=7.57173 28.3354 25.4565 29.8411 24.7704 23.2896
threshold=274.571666666667 286.4309981405035 26.500000000000032 0.10252281222668956 -0.19342228575468309 246.32666666666702
decision_type=10 10 8 2 2 10
left_child=2 -2 3 4 -1 -6
right_child=1 -3 -4 -5 5 -7
leaf_value=-0.00032310113632752572 -0.0033449328244198112 0.00052194818545057856 -0.00094222146667717003 2.2021957715008435e-05 0.0097929265751288495 0.0009148338217227185
leaf_weight=71 190 3476 2189 685 81 51
leaf_count=71 190 3476 2189 685 81 51
internal_value=2.17312e-06 0.000310262 -0.000361467 0.00105356 0.00432296 0.00673916
internal_weight=6743 3666 3077 888 203 132
internal_count=6743 3666 3077 888 203 132
is_linear=0
shrinkage=0.01


Tree=901
num_leaves=7
num_cat=0
split_feature=15 13 15 23 2 16
split_gain=7.56668 13.7782 12.7268 21.3304 26.8287 40.5202
threshold=0.024460165809408501 68.431424998710881 0.46939228966590196 16.010833333333373 0.51978597042105412 0.8625053431893106
decision_type=2 2 2 10 2 2
left_child=1 -1 3 4 5 -2
right_child=2 -3 -4 -5 -6 -7
leaf_value=-0.0005036483888927085 0.00060241385209786741 -0.005768002189385394 -6.2725787197229297e-05 -0.00020894909621140844 0.00035855909014438712 0.011379971696207157
leaf_weight=342 69 50 5700 360 154 68
leaf_count=342 69 50 5700 360 154 68
internal_value=2.24973e-06 -0.00132678 8.78096e-05 0.001402 0.00336888 0.00643013
internal_weight=6743 392 6351 651 291 137
internal_count=6743 392 6351 651 291 137
is_linear=0
shrinkage=0.01


Tree=902
num_leaves=7
num_cat=0
split_feature=5 9 7 0 15 25
split_gain=7.52799 14.5858 12.9604 30.438 23.0436 21.2964
threshold=-0.027946940833313862 0.0097402452888510262 1.0000000180025095e-35 0.97671930201683632 1.3180889115993872 5.900000000000035
decision_type=2 2 2 2 2 8
left_child=-1 2 -2 -4 -5 -6
right_child=1 -3 3 4 5 -7
leaf_value=-0.0024078330396139248 0.00018539046193589965 0.0039196732959438426 -6.7106012956355706e-05 -0.00011813014405421339 -0.0019599989100206124 -0.010107790554563205
leaf_weight=117 5516 86 790 94 69 71
leaf_count=117 5516 86 790 94 69 71
internal_value=2.28346e-06 4.99118e-05 -5.35475e-06 -0.00103437 -0.00412236 -0.00655714
internal_weight=6743 6626 6540 1024 234 140
internal_count=6743 6626 6540 1024 234 140
is_linear=0
shrinkage=0.01


Tree=903
num_leaves=7
num_cat=0
split_feature=1 20 8 16 19 1
split_gain=7.56049 9.68074 24.3237 23.6265 47.715 43.8666
threshold=0.77794842134644016 0.0078375534055355033 207.53325000000004 0.27958651828945164 275.14166666666767 1.7140332793741309
decision_type=2 2 2 2 10 2
left_child=-1 3 -3 4 -2 -6
right_child=1 2 -4 -5 5 -7
leaf_value=-0.0014991774925046824 -0.00057102658571725224 2.4759135283675727e-06 0.0020351933232854395 -0.00081201709975836449 0.00086602584175859509 0.01081888713113878
leaf_weight=309 364 2897 732 2265 99 77
leaf_count=309 364 2897 732 2265 99 77
internal_value=2.04508e-06 7.79094e-05 0.000419706 -0.000360662 0.00149468 0.00562172
internal_weight=6743 6434 3629 2805 540 176
internal_count=6743 6434 3629 2805 540 176
is_linear=0
shrinkage=0.01


Tree=904
num_leaves=7
num_cat=0
split_feature=0 25 19 2 20 8
split_gain=7.54788 14.2314 23.388 10.2327 10.0967 20.9693
threshold=1.2519505216138527 0.70000000000001716 307.97000000000008 0.69173144550931864 0.0078375534055355033 207.53325000000004
decision_type=2 10 10 2 2 2
left_child=4 -2 3 -3 -1 -6
right_child=1 2 -4 -5 5 -7
leaf_value=-0.00052518719339190339 -0.0018088386919868143 0.0087441983387347259 -0.0016323582715157307 0.0020173255101992534 -9.6282103114292465e-05 0.0017612080955058227
leaf_weight=2725 69 53 56 55 3038 747
leaf_count=2725 69 53 56 55 3038 747
internal_value=2.18517e-06 0.00173406 0.00330043 0.0058645 -6.08313e-05 0.000271348
internal_weight=6743 233 164 108 6510 3785
internal_count=6743 233 164 108 6510 3785
is_linear=0
shrinkage=0.01


Tree=905
num_leaves=7
num_cat=0
split_feature=11 20 8 20 13 22
split_gain=7.56575 17.8069 15.3748 19.1307 31.3692 22.6833
threshold=0.024351395750452469 0.017821110889073882 21.618000000000006 0.0069743967105340169 38.164115140502453 32.000000000000036
decision_type=2 2 2 2 2 10
left_child=1 2 -1 4 -4 -6
right_child=-2 -3 3 -5 5 -7
leaf_value=-0.00077576882248521473 -0.00047088884984299701 0.0043531891464897729 -0.00059024743159981059 0.0013962511743810678 0.00064614191340903442 0.0085080706205830654
leaf_weight=1280 2234 93 1606 1381 92 57
leaf_count=1280 2234 93 1606 1381 92 57
internal_value=2.25898e-06 0.000239418 0.000140884 0.000519483 -0.000168778 0.00406256
internal_weight=6743 4509 4416 3136 1755 149
internal_count=6743 4509 4416 3136 1755 149
is_linear=0
shrinkage=0.01


Tree=906
num_leaves=7
num_cat=0
split_feature=8 5 13 13 8 14
split_gain=7.58009 18.5998 17.0097 21.1645 14.8713 19.856
threshold=2.3485500000000004 0.24952211262292703 67.555787972333334 71.741627252874792 10.231650000000002 0.079064266088257867
decision_type=2 2 2 2 2 2
left_child=1 -1 4 -4 5 -2
right_child=2 -3 3 -5 -6 -7
leaf_value=-0.0005801997977412409 -0.0041934032191315454 0.004310309453661937 -0.0072379372743506957 -0.00038585540073524625 0.00020496762741232732 -0.00036429034083481602
leaf_weight=170 170 126 63 130 5498 586
leaf_count=170 170 126 63 130 5498 586
internal_value=2.42989e-06 0.00154172 -6.89728e-05 -0.00291817 2.18761e-05 -0.00128189
internal_weight=6743 296 6447 193 6254 756
internal_count=6743 296 6447 193 6254 756
is_linear=0
shrinkage=0.01


Tree=907
num_leaves=7
num_cat=0
split_feature=17 0 16 9 5 0
split_gain=7.50866 25.4354 22.6119 20.8485 20.7943 20.5948
threshold=1.0000000180025095e-35 1.0002375396795216 0.13573476045713104 0.0017348128469209308 0.17782138476813522 0.93894474215316082
decision_type=2 2 2 2 2 2
left_child=2 4 5 -3 -2 -1
right_child=1 3 -4 -5 -6 -7
leaf_value=0.00016445512121084007 -0.0012615163230686574 -0.0049873819712549453 0.00016917361813991409 -0.00033301696940235651 0.00054607220223676031 0.0083537619442424996
leaf_weight=63 911 190 3276 198 2049 56
leaf_count=63 911 190 3276 198 2049 56
internal_value=2.22423e-06 -0.000331816 0.000334584 -0.00270539 -9.25719e-06 0.0044446
internal_weight=6743 3348 3395 388 2960 119
internal_count=6743 3348 3395 388 2960 119
is_linear=0
shrinkage=0.01


Tree=908
num_leaves=7
num_cat=0
split_feature=2 23 16 16 3 21
split_gain=7.50259 21.3221 17.0186 15.3629 20.883 10.9686
threshold=0.25016427365162591 19.096666666666707 2.1759701539193474 0.14120436663634647 -0.019526892007010108 287.70577455648316
decision_type=2 8 2 2 2 10
left_child=1 2 3 -1 -5 -2
right_child=5 -3 -4 4 -6 -7
leaf_value=-0.00060158015523530269 -0.00082581289871681547 -0.00400524069096834 -0.0024012464846600778 -0.00017968893759477307 0.0065195968601876085 0.00014975606880563208
leaf_weight=69 1497 53 54 61 149 4860
leaf_count=69 1497 53 54 61 149 4860
internal_value=2.24126e-06 0.0013392 0.00231094 0.00330911 0.00460845 -7.93447e-05
internal_weight=6743 386 333 279 210 6357
internal_count=6743 386 333 279 210 6357
is_linear=0
shrinkage=0.01


Tree=909
num_leaves=7
num_cat=0
split_feature=19 18 10 18 22 7
split_gain=7.50943 32.7043 26.4949 22.8879 28.0916 25.5429
threshold=220.32333333333347 193.05000000000004 0.022290684228495783 262.15000000000003 24.300000000000015 1.0000000180025095e-35
decision_type=8 10 2 10 8 2
left_child=1 2 -1 -2 -5 -6
right_child=3 -3 -4 4 5 -7
leaf_value=0.0039506640898881954 -0.0010947935464972335 0.0029464738978121552 -0.0014622625168592023 -0.0031317284929726092 0.00087134285593753807 -0.0012974700027980376
leaf_weight=97 1739 412 562 217 3069 647
leaf_count=97 1739 412 562 217 3069 647
internal_value=2.13971e-06 0.000767548 -0.000603428 -0.000141723 0.000278855 0.000488574
internal_weight=6743 1071 659 5672 3933 3716
internal_count=6743 1071 659 5672 3933 3716
is_linear=0
shrinkage=0.01


Tree=910
num_leaves=7
num_cat=0
split_feature=11 5 10 4 3 2
split_gain=7.4337 14.5454 22.4629 14.3019 16.5556 11.0541
threshold=0.024351395750452469 0.017363785351638471 0.018754143899312303 0.043670562441908721 -0.035076781243101519 0.56748531353667242
decision_type=2 2 2 2 2 2
left_child=1 2 -1 -2 -5 -3
right_child=3 5 -4 4 -6 -7
leaf_value=-0.0071657707206340448 -0.00081222018354921229 0.00096317162368658477 0.0010220298856480181 -0.000696746713749351 0.0035597206234127621 -6.1337283080783721e-05
leaf_weight=56 1890 1702 60 178 166 2691
leaf_count=56 1890 1702 60 178 166 2691
internal_value=2.10027e-06 0.000237194 -0.00310634 -0.000466888 0.00137153 0.000334608
internal_weight=6743 4509 116 2234 344 4393
internal_count=6743 4509 116 2234 344 4393
is_linear=0
shrinkage=0.01


Tree=911
num_leaves=7
num_cat=0
split_feature=0 16 9 20 16 25
split_gain=7.41186 14.53 14.3331 9.81574 22.916 27.365
threshold=1.2519505216138527 0.74691187563582562 0.00054545454545454439 0.0078375534055355033 0.34502357469075912 2.3000000000000118
decision_type=2 2 2 2 2 10
left_child=3 -2 -3 -1 -5 -6
right_child=1 2 -4 4 5 -7
leaf_value=-0.00051829429737441631 0.0059043466462002647 0.0029625941726444949 -0.0023709719728532376 -0.0010787660209375905 0.0022715606900524164 9.4258597062067489e-05
leaf_weight=2725 52 89 92 936 800 2049
leaf_count=2725 52 89 92 936 800 2049
internal_value=2.0024e-06 0.00171822 0.000217056 -6.04302e-05 0.00026707 0.00071495
internal_weight=6743 233 181 6510 3785 2849
internal_count=6743 233 181 6510 3785 2849
is_linear=0
shrinkage=0.01


Tree=912
num_leaves=7
num_cat=0
split_feature=8 5 8 23 0 2
split_gain=7.46868 18.1868 15.4527 16.2721 25.3874 15.7234
threshold=2.3485500000000004 0.24952211262292703 13.504050000000001 16.010833333333373 0.96240071195936816 0.47655677655677664
decision_type=2 2 2 8 2 2
left_child=1 -1 3 -2 -5 -4
right_child=2 -3 5 4 -6 -7
leaf_value=-0.00056784950134654841 7.7948105836506286e-05 0.0042676934459493221 0.001055227973878766 -0.0014223547059282482 -0.0076207345309609797 -0.00017227452292829543
leaf_weight=170 500 126 1393 447 71 4036
leaf_count=170 500 126 1393 447 71 4036
internal_value=2.08995e-06 0.00153004 -6.8775e-05 -0.00119411 -0.00241912 0.000142207
internal_weight=6743 296 6447 1018 518 5429
internal_count=6743 296 6447 1018 518 5429
is_linear=0
shrinkage=0.01


Tree=913
num_leaves=7
num_cat=0
split_feature=21 19 22 19 19 24
split_gain=7.42092 17.8919 11.2728 27.0245 34.7174 23.6527
threshold=282.73884993495784 246.32666666666702 26.500000000000032 262.7233333333333 300.13666666666677 -9.1999999999999869
decision_type=10 10 8 10 10 10
left_child=1 -1 3 5 -5 -2
right_child=2 -3 -4 4 -6 -7
leaf_value=-0.00016474058054579934 -0.0021603756684011647 -0.0048897455220372936 -6.4197477294534755e-05 -0.0031029760201986218 0.0037945254633114452 0.0036951147061588226
leaf_weight=387 74 93 5473 227 95 394
leaf_count=387 74 93 5473 227 95 394
internal_value=1.97454e-06 -0.00118173 9.60274e-05 0.00120547 -0.00098488 0.0027225
internal_weight=6743 480 6263 790 322 468
internal_count=6743 480 6263 790 322 468
is_linear=0
shrinkage=0.01


Tree=914
num_leaves=7
num_cat=0
split_feature=19 22 14 4 0 19
split_gain=7.42998 24.5356 28.6787 24.0759 23.5403 22.5231
threshold=274.571666666667 26.500000000000032 0.10252281222668956 -0.19342228575468309 0.84233471581365393 246.32666666666702
decision_type=10 8 2 2 2 10
left_child=1 2 3 -1 -3 -5
right_child=-2 4 -4 5 -6 -7
leaf_value=-0.00034037605433920282 0.0003070599615880165 0.00018130809527563494 1.9248914221475879e-05 0.0096213691079845808 -0.0018847052548205238 0.00088943071052676348
leaf_weight=71 3666 1012 685 81 1177 51
leaf_count=71 3666 1012 685 81 1177 51
internal_value=1.85274e-06 -0.000358355 0.00103074 0.00423582 -0.000928535 0.00661831
internal_weight=6743 3077 888 203 2189 132
internal_count=6743 3077 888 203 2189 132
is_linear=0
shrinkage=0.01


Tree=915
num_leaves=7
num_cat=0
split_feature=17 0 2 11 5 8
split_gain=7.51836 24.9235 22.2753 24.745 20.6054 37.6133
threshold=1.0000000180025095e-35 1.0002375396795216 0.66305655650227602 0.0088032195105652248 0.19398017230562253 390.01365000000004
decision_type=2 2 2 2 2 2
left_child=2 -2 3 -1 5 -5
right_child=1 -3 -4 4 -6 -7
leaf_value=0.0074371914905569858 -1.2915250796404111e-05 -0.0026818648390498261 -0.00036013195845637121 0.001031936823908543 -0.00021169531642324058 0.0070017112169722864
leaf_weight=53 2960 388 1946 567 706 123
leaf_count=53 2960 388 1946 567 706 123
internal_value=1.99404e-06 -0.000332263 0.000334569 0.00127048 0.000978009 0.00219522
internal_weight=6743 3348 3395 1449 1396 690
internal_count=6743 3348 3395 1449 1396 690
is_linear=0
shrinkage=0.01


Tree=916
num_leaves=7
num_cat=0
split_feature=25 0 24 24 15 10
split_gain=7.41538 17.214 16.4898 16.3696 43.13 29.5091
threshold=-1.6999999999999884 0.92823341721164543 -4.099999999999965 0.90000000000003422 2.1319075500425622 0.036708440947002513
decision_type=10 2 8 8 2 2
left_child=1 -1 -3 4 5 -2
right_child=3 2 -4 -5 -6 -7
leaf_value=0.00025696856757447483 0.0039496157167772964 -0.0012457436515862193 -0.0062328122770306709 -0.00021501120414250651 -0.00049390975667361109 0
leaf_weight=658 542 352 77 3865 962 287
leaf_count=658 542 352 77 3865 962 287
internal_value=2.12521e-06 -0.000748914 -0.00228523 0.000149296 0.000937856 0.00259733
internal_weight=6743 1087 429 5656 1791 829
internal_count=6743 1087 429 5656 1791 829
is_linear=0
shrinkage=0.01


Tree=917
num_leaves=7
num_cat=0
split_feature=17 0 16 1 11 5
split_gain=7.40889 24.4104 22.2011 20.3944 34.167 20.3758
threshold=1.0000000180025095e-35 1.0002375396795216 0.13573476045713104 2.0595408195729914 0.018102288832127649 0.17782138476813522
decision_type=2 2 2 2 2 2
left_child=2 5 -1 4 -3 -2
right_child=1 3 -4 -5 -6 -7
leaf_value=0.0044047042107671613 -0.0012533072094725248 -0.0081043404175720184 0.00016822222327385965 0.0024499827015227568 -0.0012531040503900354 0.0005359602306290761
leaf_weight=119 911 104 3276 57 227 2049
leaf_count=119 911 104 3276 57 227 2049
internal_value=1.99905e-06 -0.000329805 0.000332154 -0.0026551 -0.00360962 -1.37218e-05
internal_weight=6743 3348 3395 388 331 2960
internal_count=6743 3348 3395 388 331 2960
is_linear=0
shrinkage=0.01


Tree=918
num_leaves=7
num_cat=0
split_feature=19 19 21 18 22 10
split_gain=7.39624 14.0059 12.2319 43.7427 30.8796 17.7498
threshold=119.30166666666683 153.3066666666667 286.4309981405035 319.9500000000001 27.100000000000026 0.03225325646719001
decision_type=8 8 10 10 10 2
left_child=-1 -2 3 4 5 -3
right_child=1 2 -4 -5 -6 -7
leaf_value=-0.0027524041774449871 0.003106808392841318 0.0030465919170763129 0.00015737979283675263 -0.0057163634575055746 -0.0027236625007687476 -0.00049865200808505426
leaf_weight=86 136 273 5539 157 283 269
leaf_count=86 136 273 5539 157 283 269
internal_value=1.93388e-06 4.30914e-05 -2.39326e-05 -0.00104799 -8.97862e-05 0.00129178
internal_weight=6743 6657 6521 982 825 542
internal_count=6743 6657 6521 982 825 542
is_linear=0
shrinkage=0.01


Tree=919
num_leaves=7
num_cat=0
split_feature=16 18 5 16 24 4
split_gain=7.39542 15.5604 14.6339 13.0784 10.9991 15.8337
threshold=9.8750780850906139 314.75000000000006 0.26525782559187927 9.2397129071248987 10.00000000000003 -0.13831753213888726
decision_type=2 10 2 2 8 2
left_child=3 2 -2 4 -1 -6
right_child=1 -3 -4 -5 5 -7
leaf_value=0.00014104784780044703 -0.0056963632978720233 0.0023172023632109929 -0.0004500440883267027 0.0031775012720180185 4.180904005256131e-05 -0.003278030511342519
leaf_weight=5761 91 68 126 123 345 229
leaf_count=5761 91 68 126 123 345 229
internal_value=1.80524e-06 -0.00154507 -0.00284819 7.39004e-05 7.1521e-06 -0.00129898
internal_weight=6743 285 217 6458 6335 574
internal_count=6743 285 217 6458 6335 574
is_linear=0
shrinkage=0.01


Tree=920
num_leaves=7
num_cat=0
split_feature=1 20 3 19 10 23
split_gain=7.38479 9.60112 13.7909 20.2003 32.682 28.9693
threshold=0.77794842134644016 0.016746465958057712 0.1479391217311504 220.32333333333347 0.027992702151304488 11.092500000000024
decision_type=2 2 2 8 2 10
left_child=-1 2 3 4 -2 -5
right_child=1 -3 -4 5 -6 -7
leaf_value=-0.0014819319466410678 0.006035740299697381 0.0009147025208561723 0.00020644271889264169 -0.0058017311295296883 -0.0032121077854008902 -0.0008212913380179238
leaf_weight=309 88 1120 3894 122 53 1157
leaf_count=309 88 1120 3894 122 53 1157
internal_value=1.7317e-06 7.67273e-05 -9.93958e-05 -0.000940654 0.00251086 -0.00134544
internal_weight=6743 6434 5314 1420 141 1279
internal_count=6743 6434 5314 1420 141 1279
is_linear=0
shrinkage=0.01


Tree=921
num_leaves=7
num_cat=0
split_feature=0 16 9 20 16 25
split_gain=7.31974 14.1844 14.0938 9.65997 22.4789 26.6751
threshold=1.2519505216138527 0.74691187563582562 0.00054545454545454439 0.0078375534055355033 0.34502357469075912 2.3000000000000118
decision_type=2 2 2 2 2 10
left_child=3 -2 -3 -1 -5 -6
right_child=1 2 -4 4 5 -7
leaf_value=-0.00051463452731050606 0.0058436124747799287 0.0029451143115081569 -0.0023434373931320129 -0.0010684328127739042 0.0022449597698006849 9.5175825541316252e-05
leaf_weight=2725 52 89 92 936 800 2049
leaf_count=2725 52 89 92 936 800 2049
internal_value=1.62317e-06 0.00170716 0.0002227 -6.04108e-05 0.000264466 0.000708074
internal_weight=6743 233 181 6510 3785 2849
internal_count=6743 233 181 6510 3785 2849
is_linear=0
shrinkage=0.01


Tree=922
num_leaves=7
num_cat=0
split_feature=21 19 18 15 22 14
split_gain=7.37717 17.3741 22.1073 16.2875 10.4628 28.946
threshold=282.73884993495784 200.40999999999977 161.25000000000003 4.8917825324051405 26.500000000000032 0.17021881020370608
decision_type=8 10 10 2 8 2
left_child=1 2 -1 -4 5 -2
right_child=4 -3 3 -5 -6 -7
leaf_value=-0.0019305587698404908 0.0031003604737358005 -0.0036844340751401744 0.0064240031588920637 -0.00048561781931381957 -6.1233030049552068e-05 -0.00064712256928100729
leaf_weight=179 385 167 66 55 5473 418
leaf_count=179 385 167 66 55 5473 418
internal_value=1.71359e-06 -0.00119573 0.00023156 0.00340961 9.41669e-05 0.00115335
internal_weight=6743 467 300 121 6276 803
internal_count=6743 467 300 121 6276 803
is_linear=0
shrinkage=0.01


Tree=923
num_leaves=7
num_cat=0
split_feature=15 13 15 22 16 10
split_gain=7.40775 13.3874 11.7928 21.5097 18.8348 29.3184
threshold=0.024460165809408501 68.431424998710881 0.46939228966590196 38.200000000000024 0.8625053431893106 0.025942626148776217
decision_type=2 2 2 10 2 2
left_child=1 -1 3 4 -2 -6
right_child=2 -3 -4 -5 5 -7
leaf_value=-0.00050129479112167078 0 -0.0056915825630227722 -5.8493292420597309e-05 -0.0040185689803824498 0.0086966236427958518 0.001685301683484935
leaf_weight=342 270 50 5700 57 74 250
leaf_count=342 270 50 5700 57 74 250
internal_value=1.67743e-06 -0.00131331 8.6351e-05 0.0013514 0.00194126 0.00352903
internal_weight=6743 392 6351 651 594 324
internal_count=6743 392 6351 651 594 324
is_linear=0
shrinkage=0.01


Tree=924
num_leaves=7
num_cat=0
split_feature=21 18 14 2 10 24
split_gain=7.37671 60.1058 26.1561 25.2898 27.2759 24.4995
threshold=287.52959142738797 318.85000000000008 0.10252281222668956 0.67470930232558157 0.025593909851723873 -0.1999999999999886
decision_type=10 10 2 2 2 8
left_child=1 2 3 4 -1 -2
right_child=5 -3 -4 -5 -6 -7
leaf_value=0.0080850906663381301 0.0014918197807977601 -0.0052862463036927798 -0.00049123728509708228 -0.0022210569669530817 0.00074051217002942503 -0.00017367293639398371
leaf_weight=101 1114 223 1052 63 103 4087
leaf_count=101 1114 223 1052 63 103 4087
internal_value=1.60874e-06 -0.000602064 0.000216171 0.00295663 0.00463142 0.000183317
internal_weight=6743 1542 1319 267 204 5201
internal_count=6743 1542 1319 267 204 5201
is_linear=0
shrinkage=0.01


Tree=925
num_leaves=7
num_cat=0
split_feature=19 21 22 14 4 0
split_gain=7.3819 26.6152 23.5392 27.0605 23.4628 23.0796
threshold=274.571666666667 286.4309981405035 26.500000000000032 0.10252281222668956 -0.19342228575468309 0.84233471581365393
decision_type=10 10 8 2 2 2
left_child=2 -2 3 4 -1 -4
right_child=1 -3 5 -5 -6 -7
leaf_value=-0.00039319099789416348 -0.0032364440023549836 0.00051103824238493646 0.00018288493375423769 2.0058216547204867e-05 0.0064693246364698441 -0.0018627340029610288
leaf_weight=71 190 3476 1012 685 132 1177
leaf_count=71 190 3476 1012 685 132 1177
internal_value=1.59481e-06 0.000305819 -0.000357441 0.00100305 0.00411641 -0.000915942
internal_weight=6743 3666 3077 888 203 2189
internal_count=6743 3666 3077 888 203 2189
is_linear=0
shrinkage=0.01


Tree=926
num_leaves=7
num_cat=0
split_feature=17 0 16 0 1 11
split_gain=7.36698 24.0542 21.854 20.139 19.986 33.5317
threshold=1.0000000180025095e-35 1.0002375396795216 0.13573476045713104 0.93894474215316082 2.0595408195729914 0.018102288832127649
decision_type=2 2 2 2 2 2
left_child=2 -2 3 -1 5 -3
right_child=1 4 -4 -5 -6 -7
leaf_value=0.00014109631630349648 -1.545522807615571e-05 -0.0080354971881433021 0.00016815535093385337 0.0082366555782430097 0.0024158520459670076 -0.0012470887539287408
leaf_weight=63 2960 104 3276 56 57 227
leaf_count=63 2960 104 3276 56 57 227
internal_value=1.6039e-06 -0.000329257 0.00033083 0.00437147 -0.00263755 -0.00358242
internal_weight=6743 3348 3395 119 388 331
internal_count=6743 3348 3395 119 388 331
is_linear=0
shrinkage=0.01


Tree=927
num_leaves=7
num_cat=0
split_feature=15 3 15 22 16 6
split_gain=7.37959 13.2737 11.5035 21.0616 18.3119 26.7957
threshold=0.024460165809408501 0.21620625410128338 0.46939228966590196 38.200000000000024 0.8625053431893106 0.87527338568425683
decision_type=2 2 2 10 2 2
left_child=1 -1 3 4 -2 -6
right_child=2 -3 -4 -5 5 -7
leaf_value=-0.0028480876739121093 0 0.00076805854724212126 -5.6908309644070006e-05 -0.0039776343162824853 0.0013095056270066177 0.007426873163441601
leaf_weight=226 270 166 5700 57 219 105
leaf_count=226 270 166 5700 57 219 105
internal_value=1.6125e-06 -0.00131087 8.61279e-05 0.00133556 0.00191938 0.00348493
internal_weight=6743 392 6351 651 594 324
internal_count=6743 392 6351 651 594 324
is_linear=0
shrinkage=0.01


Tree=928
num_leaves=7
num_cat=0
split_feature=19 19 18 19 19 1
split_gain=7.33773 13.6446 11.9021 29.7598 18.4794 23.5748
threshold=119.30166666666683 153.3066666666667 191.60000000000005 220.32333333333347 274.571666666667 2.813804409676163
decision_type=8 8 10 8 8 2
left_child=-1 -2 -3 -4 5 -5
right_child=1 2 3 4 -6 -7
leaf_value=-0.0027418130220030435 0.0030665636835747385 -0.0013596926487813414 0.0026747099597243741 -0.0011463180856896803 0.00032916492946437039 0.0040067155651187384
leaf_weight=86 136 596 411 1781 3650 83
leaf_count=86 136 596 411 1781 3650 83
internal_value=1.61349e-06 4.26144e-05 -2.35199e-05 0.000111266 -8.24923e-05 -0.000891372
internal_weight=6743 6657 6521 5925 5514 1864
internal_count=6743 6657 6521 5925 5514 1864
is_linear=0
shrinkage=0.01


Tree=929
num_leaves=7
num_cat=0
split_feature=1 20 8 8 24 3
split_gain=7.33612 12.0736 14.1632 25.6513 20.5599 26.0185
threshold=0.88110771321780501 0.016746465958057712 24.653250000000003 40.532850000000003 2.3000000000000118 0.2500115611525614
decision_type=2 2 2 2 8 2
left_child=-1 2 4 -4 -2 -6
right_child=1 -3 3 -5 5 -7
leaf_value=-0.00098594226994965645 0.0003432622612307504 0.0010946817344788893 0.0019995601830440899 -0.00015426674922971594 -0.0031674994359539984 0.00045895477359105523
leaf_weight=665 737 1030 678 2781 559 293
leaf_count=665 737 1030 678 2781 559 293
internal_value=1.66887e-06 0.000112809 -8.73246e-05 0.00026957 -0.000867309 -0.00191792
internal_weight=6743 6078 5048 3459 1589 852
internal_count=6743 6078 5048 3459 1589 852
is_linear=0
shrinkage=0.01


Tree=930
num_leaves=7
num_cat=0
split_feature=16 18 5 16 7 0
split_gain=7.25355 15.2161 14.4407 12.8461 12.2184 32.0819
threshold=9.8750780850906139 314.75000000000006 0.26525782559187927 9.2397129071248987 1.0000000180025095e-35 0.71059898644537733
decision_type=2 10 2 2 2 2
left_child=3 2 -2 4 -1 -6
right_child=1 -3 -4 -5 5 -7
leaf_value=0.0001965767257962266 -0.0056481712139995381 0.0022883225575041693 -0.00043724960407844803 0.0031489771036641266 0.0020423945033667137 -0.0020620372798569003
leaf_weight=5357 91 68 126 123 245 733
leaf_count=5357 91 68 126 123 245 733
internal_value=1.64609e-06 -0.00153031 -0.00281908 7.30609e-05 6.89428e-06 -0.00101344
internal_weight=6743 285 217 6458 6335 978
internal_count=6743 285 217 6458 6335 978
is_linear=0
shrinkage=0.01


Tree=931
num_leaves=7
num_cat=0
split_feature=8 5 13 13 8 2
split_gain=7.334 17.5266 16.3208 20.7848 14.2631 20.5913
threshold=2.3485500000000004 0.24952211262292703 67.555787972333334 71.741627252874792 10.231650000000002 0.47655677655677664
decision_type=2 2 2 2 2 2
left_child=1 -1 4 -4 -2 -6
right_child=2 -3 3 -5 5 -7
leaf_value=-0.00054331895098504092 -0.0012564259708823158 0.0042030878806048454 -0.0071394921359542295 -0.00035208367081941103 0.0012282650828193357 -0.00016151779697100532
leaf_weight=170 756 126 63 130 1430 4068
leaf_count=170 756 126 63 130 1430 4068
internal_value=1.62265e-06 0.00151576 -6.85868e-05 -0.00285948 2.03719e-05 0.000199715
internal_weight=6743 296 6447 193 6254 5498
internal_count=6743 296 6447 193 6254 5498
is_linear=0
shrinkage=0.01


Tree=932
num_leaves=7
num_cat=0
split_feature=11 15 5 18 11 0
split_gain=7.29735 11.4309 9.0752 9.62031 15.4774 21.9053
threshold=0.047623304218267402 2.5953792645716729 -0.04231065604838271 193.05000000000004 0.011270073272221071 0.90629350801905495
decision_type=2 2 2 10 2 2
left_child=2 -2 -1 4 -4 -6
right_child=1 -3 3 -5 5 -7
leaf_value=-0.0033626136281159954 -0.0046520699503667211 -0.00011667494619545597 0.0017965380282562583 0.0002589324350022814 -3.1905627691575996e-05 -0.0037666618558989074
leaf_weight=66 75 176 158 5621 385 262
leaf_count=66 75 176 158 5621 385 262
internal_value=1.48764e-06 -0.0016365 6.87748e-05 0.000110741 -0.000902229 -0.00159381
internal_weight=6743 251 6492 6426 805 647
internal_count=6743 251 6492 6426 805 647
is_linear=0
shrinkage=0.01


Tree=933
num_leaves=7
num_cat=0
split_feature=11 20 4 0 19 5
split_gain=7.23261 17.0664 14.186 16.8954 21.7573 13.9026
threshold=0.024351395750452469 0.017821110889073882 0.043670562441908721 0.9083155331083449 302.52666666666727 0.017363785351638471
decision_type=2 2 2 2 8 2
left_child=1 5 -2 -4 -5 -1
right_child=2 -3 3 4 -6 -7
leaf_value=-0.0031733684322032018 -0.00080528249440310325 0.0042605400414576812 -0.00058645778626669203 0.0062093595512606927 -0.0013037005121834945 0.00023307286244584265
leaf_weight=113 1890 93 190 103 51 4303
leaf_count=113 1890 93 190 103 51 4303
internal_value=1.26731e-06 0.000233183 -0.000461317 0.00136961 0.00373251 0.000136674
internal_weight=6743 4509 2234 344 154 4416
internal_count=6743 4509 2234 344 154 4416
is_linear=0
shrinkage=0.01


Tree=934
num_leaves=7
num_cat=0
split_feature=21 24 16 13 13 23
split_gain=7.2257 23.7575 18.5956 24.5949 28.6464 72.997
threshold=287.52959142738797 -0.1999999999999886 8.5842158341189361 18.703473472980509 11.694041370820162 12.654166666666685
decision_type=10 8 2 2 2 10
left_child=-1 2 3 4 -2 -6
right_child=1 -3 -4 -5 5 -7
leaf_value=-0.00059615189321720176 0.0016771626734807868 -0.00017035791943885786 -0.0023019306602067927 -0.00028944485219801932 0.013753259488835165 0.00081383596286819929
leaf_weight=1542 499 4087 107 334 68 106
leaf_count=1542 499 4087 107 334 68 106
internal_value=1.2966e-06 0.000181152 0.0014697 0.00189898 0.00298805 0.0063976
internal_weight=6743 5201 1114 1007 673 174
internal_count=6743 5201 1114 1007 673 174
is_linear=0
shrinkage=0.01


Tree=935
num_leaves=7
num_cat=0
split_feature=8 14 15 8 2 19
split_gain=7.21849 16.9568 19.3984 14.8023 15.0242 25.9769
threshold=2.3485500000000004 0.73190518525404902 0.12916276126315754 13.504050000000001 0.47655677655677664 178.19666666666589
decision_type=2 2 2 2 2 8
left_child=1 2 -1 -2 5 -5
right_child=3 -3 -4 4 -6 -7
leaf_value=-0.00060037037169330583 -0.0011696088996354368 -0.0017655537914888896 0.0055014580773289192 0.0070360299004106853 -0.00016909994436462551 0.00070736454191709143
leaf_weight=79 1018 96 121 59 4036 1334
leaf_count=79 1018 96 121 59 4036 1334
internal_value=1.44484e-06 0.00150363 0.0031298 -6.81977e-05 0.000138262 0.00103078
internal_weight=6743 296 200 6447 5429 1393
internal_count=6743 296 200 6447 5429 1393
is_linear=0
shrinkage=0.01


Tree=936
num_leaves=7
num_cat=0
split_feature=25 5 22 24 15 13
split_gain=7.23924 28.3105 16.0116 15.3306 41.325 51.8991
threshold=-1.6999999999999884 0.12521459615909117 27.800000000000015 0.90000000000003422 2.1319075500425622 53.543067513388664
decision_type=10 2 10 8 2 2
left_child=1 2 -1 4 5 -2
right_child=3 -3 -4 -5 -6 -7
leaf_value=-0.0068885410939044543 0.0037186592139962526 -6.2727879492386821e-05 -4.3297866216072668e-05 -0.00020551359161839731 -0.00049114652719310225 -0.002581515380376835
leaf_weight=96 677 936 55 3865 962 152
leaf_count=96 677 936 55 3865 962 152
internal_value=1.54206e-06 -0.000740511 -0.00461491 0.000146974 0.000910116 0.00253458
internal_weight=6743 1087 151 5656 1791 829
internal_count=6743 1087 151 5656 1791 829
is_linear=0
shrinkage=0.01


Tree=937
num_leaves=7
num_cat=0
split_feature=0 16 9 20 16 25
split_gain=7.17546 13.8889 13.7636 9.41629 22.207 25.8938
threshold=1.2519505216138527 0.74691187563582562 0.00054545454545454439 0.0078375534055355033 0.34502357469075912 2.3000000000000118
decision_type=2 2 2 2 2 10
left_child=3 -2 -3 -1 -5 -6
right_child=1 2 -4 4 5 -7
leaf_value=-0.00050853523384376711 0.0057832363238858597 0.002911316305775233 -0.0023148032021252257 -0.0010641261200156225 0.0022158493449463061 9.7645530584591689e-05
leaf_weight=2725 52 89 92 936 800 2049
leaf_count=2725 52 89 92 936 800 2049
internal_value=1.34073e-06 0.00169 0.000220473 -6.0064e-05 0.000260666 0.000701605
internal_weight=6743 233 181 6510 3785 2849
internal_count=6743 233 181 6510 3785 2849
is_linear=0
shrinkage=0.01


Tree=938
num_leaves=7
num_cat=0
split_feature=21 9 5 22 14 23
split_gain=7.22279 12.6533 13.8886 9.99049 27.5381 32.6142
threshold=282.73884993495784 0.0022678234350465482 0.25721090017443043 26.500000000000032 0.17021881020370608 11.799166666666697
decision_type=8 2 2 8 2 10
left_child=1 2 -1 4 5 -2
right_child=3 -3 -4 -5 -6 -7
leaf_value=0.0024302894157952953 0.0048707948963810756 -0.0046445970269369669 -0.0015864482520070548 -5.8882331276315573e-05 -0.00062777163095556834 -0.0013145006616269389
leaf_weight=112 271 77 278 5473 418 114
leaf_count=112 271 77 278 5473 418 114
internal_value=1.43277e-06 -0.0011834 -0.000376004 9.29299e-05 0.00112793 0.00302708
internal_weight=6743 467 390 6276 803 385
internal_count=6743 467 390 6276 803 385
is_linear=0
shrinkage=0.01


Tree=939
num_leaves=7
num_cat=0
split_feature=17 2 16 19 23 5
split_gain=7.24721 21.59 29.071 24.1421 31.9008 31.2434
threshold=1.0000000180025095e-35 0.66305655650227602 6.7356785747550196 185.49500000000009 11.092500000000024 0.11609817789258285
decision_type=2 2 2 10 10 2
left_child=1 2 3 -1 -5 -6
right_child=-2 -3 -4 4 5 -7
leaf_value=0.0065839988918742166 -0.00032680387314253844 -0.00035597021796340394 -0.0030127016421303983 -0.0025554358907770571 0.0048918309224851046 0.0009330803793936198
leaf_weight=86 3348 1946 134 172 264 793
leaf_count=86 3348 1946 134 172 264 793
internal_value=1.34542e-06 0.000327898 0.00124933 0.00171064 0.00131117 0.00196778
internal_weight=6743 3395 1449 1315 1229 1057
internal_count=6743 3395 1449 1315 1229 1057
is_linear=0
shrinkage=0.01


Tree=940
num_leaves=7
num_cat=0
split_feature=21 14 2 19 4 24
split_gain=7.25336 30.4703 26.4113 25.0587 24.3415 22.9159
threshold=287.52959142738797 0.10252281222668956 0.71273223327741353 246.32666666666702 -0.15995984983910636 -0.1999999999999886
decision_type=10 2 2 10 2 8
left_child=1 2 3 4 -1 -2
right_child=5 -3 -4 -5 -6 -7
leaf_value=0.0010696231764317913 0.0014470979805188122 -0.0012910140872257547 -0.0034062053018541478 0.00010366992803380615 0.010084486396316393 -0.00016360111644716941
leaf_weight=56 1114 1244 57 114 71 4087
leaf_count=56 1114 1244 57 114 71 4087
internal_value=1.39353e-06 -0.0005972 0.00221454 0.00366651 0.00655065 0.00018159
internal_weight=6743 1542 298 241 127 5201
internal_count=6743 1542 298 241 127 5201
is_linear=0
shrinkage=0.01


Tree=941
num_leaves=7
num_cat=0
split_feature=25 0 24 24 10 13
split_gain=7.15691 16.7832 15.6212 14.6705 29.7441 50.5886
threshold=-1.6999999999999884 0.92823341721164543 -4.099999999999965 0.90000000000003422 0.03225325646719001 0.2897988112382342
decision_type=10 2 8 8 2 2
left_child=1 -1 -3 4 5 -2
right_child=3 2 -4 -5 -6 -7
leaf_value=0.00025670458877586038 0.0090565252672765682 -0.0012395171052519006 -0.0060978581961886637 -0.00019866237937499049 -0.00034380111240147053 0.0013337217313657795
leaf_weight=658 87 352 77 3865 926 778
leaf_count=658 87 352 77 3865 926 778
internal_value=1.49577e-06 -0.000736317 -0.00225335 0.000146107 0.000892647 0.00221652
internal_weight=6743 1087 429 5656 1791 865
internal_count=6743 1087 429 5656 1791 865
is_linear=0
shrinkage=0.01


Tree=942
num_leaves=7
num_cat=0
split_feature=15 3 8 14 2 11
split_gain=7.19745 12.8513 11.7501 29.8939 12.4081 21.479
threshold=0.024460165809408501 0.21620625410128338 2.3485500000000004 0.73710783253526513 0.29609949564028709 0.03613964204616666
decision_type=2 2 2 2 2 2
left_child=1 -1 3 -2 5 -4
right_child=2 -3 4 -5 -6 -7
leaf_value=-0.0028072743273292811 0.0054037913918159068 0.00075032391830146406 0.0028487169952131808 -0.0017806975349096707 -0.00013218853930491628 -0.0015508005125448108
leaf_weight=226 123 166 348 93 5637 150
leaf_count=226 123 166 348 93 5637 150
internal_value=1.49217e-06 -0.00129468 8.49766e-05 0.0023243 8.53364e-07 0.00149943
internal_weight=6743 392 6351 216 6135 498
internal_count=6743 392 6351 216 6135 498
is_linear=0
shrinkage=0.01


Tree=943
num_leaves=7
num_cat=0
split_feature=17 16 13 2 5 4
split_gain=7.18767 21.3443 19.5863 25.8266 19.1532 20.485
threshold=1.0000000180025095e-35 0.13573476045713104 62.738140707356202 0.3208016769517088 0.16671523601583596 -0.033738653951203866
decision_type=2 2 2 2 2 2
left_child=1 -1 3 -3 5 -2
right_child=4 2 -4 -5 -6 -7
leaf_value=0.0043199761122891091 -0.0045013283260797706 0.0037520517575072672 -0.0051386391943978038 4.6232285032049572e-05 0.00018056398314274507 -0.00078026463754659659
leaf_weight=119 173 191 58 3027 2305 870
leaf_count=119 173 191 58 3027 2305 870
internal_value=1.48807e-06 0.000326702 0.000165898 0.000280226 -0.000325304 -0.00144385
internal_weight=6743 3395 3276 3218 3348 1043
internal_count=6743 3395 3276 3218 3348 1043
is_linear=0
shrinkage=0.01


Tree=944
num_leaves=7
num_cat=0
split_feature=21 18 14 2 23 10
split_gain=7.13713 57.8994 24.1385 24.4435 20.8511 19.5909
threshold=287.52959142738797 318.85000000000008 0.10252281222668956 0.41666666666666674 11.740833333333358 0.033768193126880473
decision_type=10 10 2 2 10 2
left_child=1 2 3 -1 -5 -3
right_child=-2 5 -4 4 -6 -7
leaf_value=0.0070031340935445855 0.00018020008896858501 -0.00734500815314765 -0.00046864763661836917 0.0028819531062617898 -0.0039195833084826812 -0.0009795047089700467
leaf_weight=84 5201 141 1052 126 57 82
leaf_count=84 5201 141 1052 126 57 82
internal_value=1.44178e-06 -0.000592324 0.000210628 0.00284342 0.000618309 -0.00518975
internal_weight=6743 1542 1319 267 183 223
internal_count=6743 1542 1319 267 183 223
is_linear=0
shrinkage=0.01


Tree=945
num_leaves=7
num_cat=0
split_feature=19 19 21 19 14 1
split_gain=7.1962 13.3112 11.4953 30.7772 32.1194 22.9
threshold=119.30166666666683 153.3066666666667 286.4309981405035 248.00833333333313 0.10252281222668956 1.5047623035849551
decision_type=8 8 10 10 2 2
left_child=-1 -2 3 4 -3 -5
right_child=1 2 -4 5 -6 -7
leaf_value=-0.0027154736614708481 0.0030287567864184916 0.0053551880014128988 0.00015239517947910578 -0.001470637651778719 -0.00068551728971676356 -0.0071299609548068077
leaf_weight=86 136 94 5539 225 558 105
leaf_count=86 136 94 5539 225 558 105
internal_value=1.35854e-06 4.19769e-05 -2.33255e-05 -0.00101611 0.000238015 -0.00345749
internal_weight=6743 6657 6521 982 652 330
internal_count=6743 6657 6521 982 652 330
is_linear=0
shrinkage=0.01


Tree=946
num_leaves=7
num_cat=0
split_feature=1 15 10 0 13 0
split_gain=7.22003 34.0112 28.1591 18.2794 9.5789 16.9208
threshold=2.9036477615512455 2.7332933188960888 0.033362775903970174 1.3668135484126223 69.488673062273008 0.80726971168390704
decision_type=2 2 2 2 2 2
left_child=4 -2 3 -3 -1 -6
right_child=1 2 -4 -5 5 -7
leaf_value=6.011275550556925e-06 0.0079720494220964604 -0.007039634968908786 0.0044433207493765579 0.00017573644671543145 0.0022950029965197187 -0.0038922123710715003
leaf_weight=6301 54 54 66 71 52 145
leaf_count=6301 54 54 66 71 52 145
internal_value=1.26403e-06 0.00165334 -0.000391093 -0.00315779 -6.19339e-05 -0.00217876
internal_weight=6743 245 191 125 6498 197
internal_count=6743 245 191 125 6498 197
is_linear=0
shrinkage=0.01


Tree=947
num_leaves=7
num_cat=0
split_feature=17 0 2 16 19 21
split_gain=7.13262 23.5875 20.9899 28.4777 23.4385 36.2664
threshold=1.0000000180025095e-35 1.0002375396795216 0.66305655650227602 6.7356785747550196 185.49500000000009 285.00590595819961
decision_type=2 2 2 2 10 10
left_child=2 -2 3 4 -1 -6
right_child=1 -3 -4 -5 5 -7
leaf_value=0.0064929344565371142 -1.3425981085386867e-05 -0.0026099646954923566 -0.000348931142543622 -0.002984176439543565 -0.0028939590624554642 0.0019858465730753982
leaf_weight=86 2960 388 1946 134 167 1062
leaf_count=86 2960 388 1946 134 167 1062
internal_value=1.33965e-06 -0.000324193 0.000325312 0.00123386 0.0016905 0.00129669
internal_weight=6743 3348 3395 1449 1315 1229
internal_count=6743 3348 3395 1449 1315 1229
is_linear=0
shrinkage=0.01


Tree=948
num_leaves=7
num_cat=0
split_feature=19 19 18 19 21 18
split_gain=7.05678 12.9921 11.5338 28.6212 22.6168 28.0335
threshold=119.30166666666683 153.3066666666667 191.60000000000005 220.32333333333347 286.4309981405035 319.9500000000001
decision_type=8 8 10 10 10 10
left_child=-1 -2 -3 -4 5 -5
right_child=1 2 3 4 -6 -7
leaf_value=-0.0026891112716596883 0.0029922723674457776 -0.0013383533192737791 0.0026140147961076473 -0.00037561157261004703 0.00011658235866000735 -0.0054803354857511912
leaf_weight=86 136 596 414 324 5031 156
leaf_count=86 136 596 414 324 5031 156
internal_value=1.26151e-06 4.1499e-05 -2.29977e-05 0.000109662 -8.10538e-05 -0.00213304
internal_weight=6743 6657 6521 5925 5511 480
internal_count=6743 6657 6521 5925 5511 480
is_linear=0
shrinkage=0.01


Tree=949
num_leaves=7
num_cat=0
split_feature=1 15 20 0 15 13
split_gain=7.12699 33.4393 15.5786 15.9513 9.45642 18.3671
threshold=2.9036477615512455 2.7332933188960888 0.0048994875400492086 1.3668135484126223 0.024460165809408501 36.106136586969377
decision_type=2 2 2 2 2 2
left_child=4 -2 3 -3 5 -1
right_child=1 2 -4 -5 -6 -7
leaf_value=0.00046605772576031255 0.0079079045305843459 -0.0057286993562916501 0.0030564181202789769 0.0010246562158715898 3.3228691346423192e-05 -0.0038073670004592527
leaf_weight=202 54 62 70 59 6116 180
leaf_count=202 54 62 70 59 6116 180
internal_value=1.15767e-06 0.00164257 -0.000384336 -0.00253256 -6.16221e-05 -0.00156785
internal_weight=6743 245 191 121 6498 382
internal_count=6743 245 191 121 6498 382
is_linear=0
shrinkage=0.01


Tree=950
num_leaves=7
num_cat=0
split_feature=19 22 12 0 13 13
split_gain=7.09284 22.5447 25.4842 22.8278 21.1276 50.1963
threshold=274.571666666667 26.500000000000032 1.0000000180025095e-35 0.84233471581365393 26.282975475803916 43.518916488384868
decision_type=10 8 2 2 2 2
left_child=1 2 -1 -3 -5 -6
right_child=-2 3 -4 4 5 -7
leaf_value=0.0021994651814460954 0.00029945867535989692 0.00019540247263043637 -0.0013132454279573664 -0.0026219612598533089 0.0046223696130667105 -0.0032735535809986817
leaf_weight=583 3666 1012 305 874 141 162
leaf_count=583 3666 1012 305 874 141 162
internal_value=1.21943e-06 -0.000350688 0.000980635 -0.000897311 -0.001839 0.000399127
internal_weight=6743 3077 888 2189 1177 303
internal_count=6743 3077 888 2189 1177 303
is_linear=0
shrinkage=0.01


Tree=951
num_leaves=7
num_cat=0
split_feature=11 20 11 4 8 21
split_gain=7.0449 10.0998 14.0492 14.4994 13.8244 20.8986
threshold=0.047623304218267402 0.016746465958057712 0.023186216802755306 0.18184858684932068 21.618000000000006 289.39525567509094
decision_type=2 2 2 2 2 10
left_child=1 2 4 -4 -1 -6
right_child=-2 -3 3 -5 5 -7
leaf_value=-0.00074327638435607091 -0.0016081785756944752 0.00094510764576331092 -0.0012516000968944927 0.0037248531610277469 -0.00043416992674711469 0.0012556797302683046
leaf_weight=1160 251 1083 1232 51 1255 1711
leaf_count=1160 251 1083 1232 51 1255 1711
internal_value=1.20883e-06 6.73482e-05 -0.000107973 -0.00101877 0.000174605 0.000538239
internal_weight=6743 6492 5409 1283 4126 2966
internal_count=6743 6492 5409 1283 4126 2966
is_linear=0
shrinkage=0.01


Tree=952
num_leaves=7
num_cat=0
split_feature=1 18 21 18 22 9
split_gain=7.04519 8.7976 31.5531 43.224 28.6279 25.4766
threshold=0.77794842134644016 262.15000000000003 286.4309981405035 287.55000000000007 25.900000000000038 0.0067781555107961017
decision_type=2 10 10 10 8 2
left_child=-1 4 3 -3 -2 -6
right_child=1 2 -4 -5 5 -7
leaf_value=-0.0014479267341595693 0.0014561705744809614 0.0038237635576062736 0.00069694200357019664 -0.0040602159788287791 -0.0012456198134106076 0.0032098457300491685
leaf_weight=309 643 80 3385 298 1901 127
leaf_count=309 643 80 3385 298 1901 127
internal_value=1.19509e-06 7.44815e-05 0.000386883 -0.00231033 -0.000361713 -0.000947316
internal_weight=6743 6434 3763 378 2671 2028
internal_count=6743 6434 3763 378 2671 2028
is_linear=0
shrinkage=0.01


Tree=953
num_leaves=7
num_cat=0
split_feature=17 0 2 9 21 21
split_gain=7.02083 23.2015 20.5267 22.3436 28.8769 31.6374
threshold=1.0000000180025095e-35 1.0002375396795216 0.61896037992718067 0.0061700970853103441 291.13815330471596 287.52959142738797
decision_type=2 2 2 2 10 10
left_child=2 -2 3 -1 5 -5
right_child=1 -3 -4 4 -6 -7
leaf_value=0.00081440916080358788 -1.3498407849011689e-05 -0.0025887346476311775 -0.00023394942213883548 0.001394890065304935 -0.00074609890015739377 0.012744046437243622
leaf_weight=1003 2960 388 2236 50 56 50
leaf_count=1003 2960 388 2236 50 56 50
internal_value=1.21917e-06 -0.000321741 0.000322655 0.00139785 0.00481382 0.00780306
internal_weight=6743 3348 3395 1159 156 100
internal_count=6743 3348 3395 1159 156 100
is_linear=0
shrinkage=0.01


Tree=954
num_leaves=7
num_cat=0
split_feature=11 11 14 21 16 19
split_gain=7.03986 10.3722 28.1535 30.8287 24.7252 13.0529
threshold=0.005461940290605218 0.011130594959556159 0.17021881020370608 295.26509884647101 1.2143686674421181 248.00833333333313
decision_type=2 2 2 10 2 10
left_child=-1 2 4 5 -2 -4
right_child=1 -3 3 -5 -6 -7
leaf_value=-0.0030857029318656416 0.0063459688374592413 -9.4445156814381082e-05 0.00077728668737801765 0.0056716936780415103 -0.00039481376546477391 -0.0028542445900698711
leaf_weight=63 145 6008 158 64 78 227
leaf_count=63 145 6008 158 64 78 227
internal_value=1.34575e-06 3.65238e-05 0.00120633 -0.0002313 0.00402953 -0.00135664
internal_weight=6743 6680 672 449 223 385
internal_count=6743 6680 672 449 223 385
is_linear=0
shrinkage=0.01


Tree=955
num_leaves=7
num_cat=0
split_feature=8 14 16 8 23 4
split_gain=7.04251 16.3007 17.1218 14.3251 15.0967 18.5819
threshold=2.3485500000000004 0.73190518525404902 1.486812168166733 13.504050000000001 16.010833333333373 0.058924265110245941
decision_type=2 2 2 2 8 2
left_child=1 2 -1 4 -2 -6
right_child=3 -3 -4 -5 5 -7
leaf_value=0.00099012749940882651 7.3657662470770233e-05 -0.001719406176147596 0.0073369674452326518 0.00013570428408828851 -0.0013913642672881135 -0.0064140869518543812
leaf_weight=144 500 96 56 5429 434 84
leaf_count=144 500 96 56 5429 434 84
internal_value=1.39694e-06 0.00148517 0.00307962 -6.73732e-05 -0.0011509 -0.00233085
internal_weight=6743 296 200 6447 1018 518
internal_count=6743 296 200 6447 1018 518
is_linear=0
shrinkage=0.01


Tree=956
num_leaves=7
num_cat=0
split_feature=1 15 10 1 20 5
split_gain=6.99466 32.6468 27.4784 9.77329 9.32117 19.5219
threshold=2.9036477615512455 2.7332933188960888 0.033362775903970174 4.0009489392902227 0.0078375534055355033 0.028512685256290499
decision_type=2 2 2 2 2 2
left_child=4 -2 3 -3 5 -1
right_child=1 2 -4 -5 -6 -7
leaf_value=-0.0052662816475189866 0.0078180901519954212 -0.005915204111128473 0.004399651695459493 -0.00031546541117131712 0.00025625803191340273 -0.00035320819068245207
leaf_weight=74 54 55 66 70 3801 2623
leaf_count=74 54 55 66 70 3801 2623
internal_value=1.36833e-06 0.00162747 -0.000374885 -0.00310908 -6.08121e-05 -0.000510663
internal_weight=6743 245 191 125 6498 2697
internal_count=6743 245 191 125 6498 2697
is_linear=0
shrinkage=0.01


Tree=957
num_leaves=7
num_cat=0
split_feature=19 19 18 19 21 18
split_gain=6.95901 12.6768 11.143 27.9902 21.7331 27.1716
threshold=119.30166666666683 153.3066666666667 191.60000000000005 220.32333333333347 286.4309981405035 319.9500000000001
decision_type=8 8 10 10 10 10
left_child=-1 -2 -3 -4 5 -5
right_child=1 2 3 4 -6 -7
leaf_value=-0.0026703230127653418 0.0029560456558908911 -0.0013152904729643168 0.0025845809742085692 -0.00036171418646752031 0.00011309629582086007 -0.0053874911278127191
leaf_weight=86 136 596 414 324 5031 156
leaf_count=86 136 596 414 324 5031 156
internal_value=1.33427e-06 4.13021e-05 -2.23888e-05 0.000107977 -8.06045e-05 -0.00209211
internal_weight=6743 6657 6521 5925 5511 480
internal_count=6743 6657 6521 5925 5511 480
is_linear=0
shrinkage=0.01


Tree=958
num_leaves=7
num_cat=0
split_feature=0 25 3 19 5 21
split_gain=7.00506 18.6023 20.2106 8.30822 31.2573 25.1265
threshold=1.2723730332504524 0.70000000000001716 0.53410852713178303 220.32333333333347 0.068022127216204389 289.17355869081115
decision_type=2 10 2 8 2 10
left_child=3 -2 -3 4 -1 -5
right_child=1 2 -4 5 -6 -7
leaf_value=0.0072698431664510914 -0.0025568006581193964 0.0074852987947835502 0.00025209085708484055 -0.0015146055194045791 0.00028507144323417118 0.00013523204912337827
leaf_weight=59 61 63 90 1160 977 4333
leaf_count=59 61 63 90 1160 977 4333
internal_value=1.23087e-06 0.00174153 0.00356832 -5.68575e-05 0.000758112 -0.000213479
internal_weight=6743 214 153 6529 1036 5493
internal_count=6743 214 153 6529 1036 5493
is_linear=0
shrinkage=0.01


Tree=959
num_leaves=7
num_cat=0
split_feature=16 14 16 24 10 8
split_gain=6.9774 13.7933 12.557 10.4229 20.4202 14.2652
threshold=9.8750780850906139 0.70921778309759176 9.2397129071248987 10.00000000000003 0.037067825216728453 1697.5800000000002
decision_type=2 2 2 10 2 2
left_child=2 -2 3 -1 -5 -6
right_child=1 -3 -4 4 5 -7
leaf_value=0.00013497658417666595 -0.002954833103520163 0.0015745405422881095 0.0031125766355360514 -0.0049144474484148571 -0.0010400044432048439 0.003709370187918345
leaf_weight=5773 196 89 123 112 385 65
leaf_count=5773 196 89 123 112 385 65
internal_value=1.41635e-06 -0.00150107 7.14874e-05 6.05327e-06 -0.00128 -0.00026652
internal_weight=6743 285 6458 6335 562 450
internal_count=6743 285 6458 6335 562 450
is_linear=0
shrinkage=0.01


Tree=960
num_leaves=7
num_cat=0
split_feature=17 16 13 2 22 13
split_gain=6.94375 20.7408 18.8421 25.0826 21.0141 18.9482
threshold=1.0000000180025095e-35 0.13573476045713104 62.738140707356202 0.3208016769517088 30.100000000000026 38.164115140502453
decision_type=2 2 2 2 10 2
left_child=1 -1 3 4 -3 -5
right_child=-2 2 -4 5 -6 -7
leaf_value=0.0042575042266326472 -0.00031977729689208534 -3.6190212679205719e-05 -0.0050401298667523357 -0.00014264491931094704 0.006409242985359693 0.0033212366324855002
leaf_weight=119 3348 83 58 2870 108 157
leaf_count=119 3348 83 58 2870 108 157
internal_value=1.39659e-06 0.00032107 0.000162515 0.000274707 0.00369614 4.40662e-05
internal_weight=6743 3395 3276 3218 191 3027
internal_count=6743 3395 3276 3218 191 3027
is_linear=0
shrinkage=0.01


Tree=961
num_leaves=7
num_cat=0
split_feature=11 11 14 25 25 18
split_gain=6.94638 10.1929 27.5659 30.3708 17.5437 23.7274
threshold=0.005461940290605218 0.011130594959556159 0.17021881020370608 6.900000000000035 2.6000000000000232 227.45000000000002
decision_type=2 2 2 10 10 8
left_child=-1 2 4 -4 5 -2
right_child=1 -3 3 -5 -6 -7
leaf_value=-0.0030649881132946938 0.004593865042511143 -9.3387348257953189e-05 -0.0017757032721792078 0.0039758318297937511 0.0080598924492796264 -0.0029846892935725361
leaf_weight=63 103 6008 334 115 65 55
leaf_count=63 103 6008 334 115 65 55
internal_value=1.47812e-06 3.64314e-05 0.00119609 -0.000226281 0.00398967 0.00187561
internal_weight=6743 6680 672 449 223 158
internal_count=6743 6680 672 449 223 158
is_linear=0
shrinkage=0.01


Tree=962
num_leaves=7
num_cat=0
split_feature=7 8 6 18 22 14
split_gain=6.93918 18.3522 24.5277 17.8529 38.4944 32.4304
threshold=1.0000000180025095e-35 10.786500000000002 1.6996518539720642 260.4500000000001 25.900000000000038 0.17021881020370608
decision_type=2 2 2 10 8 2
left_child=3 -2 -3 4 5 -1
right_child=1 2 -4 -5 -6 -7
leaf_value=0.0043417665907434485 -0.0033548822919359411 -0.00066682036484529269 0.0046352661619609107 0.00061187065620446656 -0.0012705027433079781 -0.00034438006363966134
leaf_weight=248 204 781 88 3342 1746 334
leaf_count=248 204 781 88 3342 1746 334
internal_value=1.56272e-06 -0.000730511 -7.18985e-05 0.000142904 -0.000525789 0.00167518
internal_weight=6743 1073 869 5670 2328 582
internal_count=6743 1073 869 5670 2328 582
is_linear=0
shrinkage=0.01


Tree=963
num_leaves=7
num_cat=0
split_feature=8 16 8 23 0 2
split_gain=6.92441 14.6693 13.9247 14.7684 23.7122 14.0534
threshold=2.3485500000000004 1.486812168166733 13.504050000000001 16.010833333333373 0.96240071195936816 0.47655677655677664
decision_type=2 2 2 8 2 2
left_child=1 -1 3 -2 -5 -4
right_child=2 -3 5 4 -6 -7
leaf_value=-0.00011232322038974142 7.6034357123003882e-05 0.0043985009588809179 0.00099682788399273171 -0.001338856963484591 -0.0073282549932691052 -0.0001636022111628074
leaf_weight=196 500 100 1393 447 71 4036
leaf_count=196 500 100 1393 447 71 4036
internal_value=1.576e-06 0.00147286 -6.66027e-05 -0.00113489 -0.00230198 0.000133593
internal_weight=6743 296 6447 1018 518 5429
internal_count=6743 296 6447 1018 518 5429
is_linear=0
shrinkage=0.01


Tree=964
num_leaves=7
num_cat=0
split_feature=5 9 7 9 21 23
split_gain=6.94613 14.0933 12.142 18.1646 17.9393 32.5131
threshold=-0.027946940833313862 0.0097402452888510262 1.0000000180025095e-35 -0.0068612849721010763 289.17355869081115 16.899166666666726
decision_type=2 2 2 2 10 8
left_child=-1 2 4 -4 -2 -6
right_child=1 -3 3 -5 5 -7
leaf_value=-0.0023135814412980978 -0.00061087731629928517 0.0038512050206190905 0.0009890530549932846 -0.001871618554716676 0.001956508258237866 -5.9304917408441695e-05
leaf_weight=117 1880 86 307 717 1167 2469
leaf_count=117 1880 86 307 717 1167 2469
internal_value=1.47922e-06 4.72896e-05 -7.00789e-06 -0.00100303 0.000177567 0.000588534
internal_weight=6743 6626 6540 1024 5516 3636
internal_count=6743 6626 6540 1024 5516 3636
is_linear=0
shrinkage=0.01


Tree=965
num_leaves=7
num_cat=0
split_feature=1 18 23 4 22 14
split_gain=6.89534 8.47661 28.0087 38.0466 27.357 26.8852
threshold=0.77794842134644016 262.15000000000003 11.092500000000024 0.077524289554216363 25.900000000000038 0.33414242986240333
decision_type=2 10 8 2 8 2
left_child=-1 4 3 -3 -2 -6
right_child=1 2 -4 -5 5 -7
leaf_value=-0.0014321423374075548 0.0014227954347391155 -0.00039416108363278751 0.00069929948327558601 -0.0075073286848738024 -0.0027759743787997572 -0.00020391118241413269
leaf_weight=309 643 356 3320 87 558 1470
leaf_count=309 643 356 3320 87 558 1470
internal_value=1.46357e-06 7.39815e-05 0.00038065 -0.00194807 -0.000354143 -0.000926664
internal_weight=6743 6434 3763 443 2671 2028
internal_count=6743 6434 3763 443 2671 2028
is_linear=0
shrinkage=0.01


Tree=966
num_leaves=7
num_cat=0
split_feature=19 19 21 19 14 1
split_gain=6.90481 12.3823 10.3507 28.437 30.6435 22.1498
threshold=119.30166666666683 153.3066666666667 286.4309981405035 248.00833333333313 0.10252281222668956 1.5047623035849551
decision_type=8 8 10 10 2 2
left_child=-1 -2 3 4 -3 -5
right_child=1 2 -4 5 -6 -7
leaf_value=-0.0026599918041999146 0.0029217479152171171 0.0052390795700753539 0.0001447902704832232 -0.001361467227042514 -0.00066098270348857746 -0.00691976594503807
leaf_weight=86 136 94 5539 225 558 105
leaf_count=86 136 94 5539 225 558 105
internal_value=1.23877e-06 4.10566e-05 -2.18727e-05 -0.000964004 0.000240825 -0.00331093
internal_weight=6743 6657 6521 982 652 330
internal_count=6743 6657 6521 982 652 330
is_linear=0
shrinkage=0.01


Tree=967
num_leaves=7
num_cat=0
split_feature=0 24 22 16 13 0
split_gain=6.90917 15.713 22.0426 8.02022 18.0538 15.9716
threshold=1.2723730332504524 -0.89999999999997715 31.600000000000026 0.0053569966141446008 30.281824059495381 0.86022095651344699
decision_type=2 10 10 2 2 2
left_child=3 -2 -3 4 -1 -6
right_child=1 2 -4 -5 5 -7
leaf_value=-0.0029553090126501046 -0.0012449338592077587 0.0083158494676313088 0 2.5873413550956088e-05 -0.0018393488825919728 0.0054504676063855482
leaf_weight=246 92 52 70 6183 50 50
leaf_count=246 92 52 70 6183 50 50
internal_value=1.14794e-06 0.00172951 0.00397268 -5.65313e-05 -0.00151655 0.00187879
internal_weight=6743 214 122 6529 346 100
internal_count=6743 214 122 6529 346 100
is_linear=0
shrinkage=0.01


Tree=968
num_leaves=7
num_cat=0
split_feature=15 19 23 13 13 22
split_gain=6.90261 13.0994 18.4274 11.2518 34.8975 33.5029
threshold=0.024460165809408501 301.04833333333363 11.986666666666622 38.164115140502453 43.518916488384868 31.800000000000015
decision_type=2 10 8 2 2 10
left_child=1 2 -1 -2 -5 -6
right_child=3 -3 -4 4 5 -7
leaf_value=0.00039395780294193875 -5.8526566262048165e-05 0.00086898514689580039 -0.00507288591660769 0.0083501204615458857 -0.00068852331534972899 0.0049249163771267323
leaf_weight=101 5699 159 132 54 472 126
leaf_count=101 5699 159 132 54 472 126
internal_value=1.24951e-06 -0.00126806 -0.00274329 8.30372e-05 0.00131772 0.000539343
internal_weight=6743 392 233 6351 652 598
internal_count=6743 392 233 6351 652 598
is_linear=0
shrinkage=0.01


Tree=969
num_leaves=7
num_cat=0
split_feature=20 16 19 22 2 0
split_gain=6.87816 19.6171 30.6884 35.653 17.8944 16.0658
threshold=0.0048994875400492086 0.14120436663634647 248.00833333333313 33.10000000000003 0.66305655650227602 0.89347555235887899
decision_type=2 2 8 10 2 2
left_child=1 -1 4 -4 -3 -5
right_child=-2 2 3 5 -6 -7
leaf_value=0.0036741170305476497 0.00016863511949430807 0.0046964815303194105 -0.0043285543889527893 -0.0016890933085422267 6.4546300864620669e-07 0.0023355797726271046
leaf_weight=89 5314 89 385 236 474 156
leaf_count=89 5314 89 385 236 474 156
internal_value=1.36611e-06 -0.000610555 -0.000927649 -0.00220786 0.000829431 -4.43053e-05
internal_weight=6743 1429 1340 777 563 392
internal_count=6743 1429 1340 777 563 392
is_linear=0
shrinkage=0.01


Tree=970
num_leaves=7
num_cat=0
split_feature=5 9 14 7 13 21
split_gain=6.85717 13.7656 12.3169 11.9039 17.9834 17.4236
threshold=-0.027946940833313862 0.0097402452888510262 0.78060461047799456 1.0000000180025095e-35 13.995179251571424 289.17355869081115
decision_type=2 2 2 2 2 10
left_child=2 3 -1 5 -5 -2
right_child=1 -3 -4 4 -6 -7
leaf_value=0.00060998948692816176 -0.0006009139513856209 0.0038063993605707462 -0.0054135496696108018 -0.00030591327005822675 -0.0035949632993741137 0.00058110860171826494
leaf_weight=63 1880 86 54 822 202 3636
leaf_count=63 1880 86 54 822 202 3636
internal_value=1.45401e-06 4.69796e-05 -0.00229872 -6.66526e-06 -0.000992894 0.000176076
internal_weight=6743 6626 117 6540 1024 5516
internal_count=6743 6626 117 6540 1024 5516
is_linear=0
shrinkage=0.01


Tree=971
num_leaves=7
num_cat=0
split_feature=11 4 0 0 9 16
split_gain=6.90085 13.612 16.5054 13.542 28.4427 26.451
threshold=0.024351395750452469 0.043670562441908721 0.9083155331083449 0.92307697531762833 -0.00079535369105581701 0.95731794723447783
decision_type=2 2 2 2 2 2
left_child=-1 3 -3 -2 -5 -6
right_child=1 2 -4 4 5 -7
leaf_value=0.00022790498400366083 -0.00036698320341086089 -0.00058970404912251978 0.0036786360298169825 -0.0059456322354915206 0.002192834198059968 -0.0048460002781616322
leaf_weight=4509 1537 190 154 136 146 71
leaf_count=4509 1537 190 154 136 146 71
internal_value=1.33702e-06 -0.000450478 0.00134281 -0.000787489 -0.00253032 -0.000178167
internal_weight=6743 2234 344 1890 353 217
internal_count=6743 2234 344 1890 353 217
is_linear=0
shrinkage=0.01


Tree=972
num_leaves=7
num_cat=0
split_feature=16 18 5 16 7 0
split_gain=6.88182 14.6124 14.1303 12.3401 11.6352 31.125
threshold=9.8750780850906139 314.75000000000006 0.26525782559187927 9.2397129071248987 1.0000000180025095e-35 0.71059898644537733
decision_type=2 10 2 2 2 2
left_child=3 2 -2 4 -1 -6
right_child=1 -3 -4 -5 5 -7
leaf_value=0.00019107083006199112 -0.0055522179561159988 0.0022493633267153292 -0.00040077162598369312 0.0030855205973095608 0.002019816485260997 -0.0020227486271367939
leaf_weight=5357 91 68 126 123 245 733
leaf_count=5357 91 68 126 123 245 733
internal_value=1.21039e-06 -0.00149094 -0.00275453 7.08105e-05 5.93036e-06 -0.000989726
internal_weight=6743 285 217 6458 6335 978
internal_count=6743 285 217 6458 6335 978
is_linear=0
shrinkage=0.01


Tree=973
num_leaves=7
num_cat=0
split_feature=11 15 20 11 5 5
split_gain=6.86864 11.2141 9.8155 13.5931 14.9475 26.4695
threshold=0.047623304218267402 2.5953792645716729 0.016746465958057712 0.023186216802755306 0.047574003110358622 0.082053216643186419
decision_type=2 2 2 2 2 2
left_child=2 -2 3 4 -1 -6
right_child=1 -3 -4 -5 5 -7
leaf_value=-0.0027271218554062006 -0.0045738381151767338 -8.4246334842636548e-05 0.00093184541504231957 -0.0010022068028078728 0.0051606571371880698 0.00015758075361371401
leaf_weight=160 75 176 1083 1283 99 3867
leaf_count=160 75 176 1083 1283 99 3867
internal_value=1.19193e-06 -0.00158792 6.65172e-05 -0.000106295 0.000171625 0.000297649
internal_weight=6743 251 6492 5409 4126 3966
internal_count=6743 251 6492 5409 4126 3966
is_linear=0
shrinkage=0.01


Tree=974
num_leaves=7
num_cat=0
split_feature=11 11 16 25 21 18
split_gain=6.85474 9.9282 25.8543 34.4201 18.1991 27.4385
threshold=0.005461940290605218 0.011130594959556159 0.16141001749377407 2.6000000000000232 295.26509884647101 241.65000000000006
decision_type=2 2 2 10 10 10
left_child=-1 2 3 -2 5 -4
right_child=1 -3 4 -5 -6 -7
leaf_value=-0.0030450584244123371 0.00051299545724104324 -9.2250700794627372e-05 0.0018324528152148846 0.0096252103865146627 0.0045219167544772584 -0.0030564226100051944
leaf_weight=63 101 6008 207 65 67 232
leaf_count=63 101 6008 207 65 67 232
internal_value=1.11874e-06 3.58511e-05 0.00118036 0.00448201 1.19682e-05 -0.000739448
internal_weight=6743 6680 672 166 506 439
internal_count=6743 6680 672 166 506 439
is_linear=0
shrinkage=0.01


Tree=975
num_leaves=7
num_cat=0
split_feature=0 20 11 21 18 21
split_gain=6.87953 9.50718 22.5683 30.2673 18.9231 24.6063
threshold=1.2723730332504524 0.0048994875400492086 0.011130594959556159 289.67357215469337 306.55000000000007 289.10001213631023
decision_type=2 2 2 10 8 10
left_child=1 4 3 -3 -1 -6
right_child=-2 2 -4 -5 5 -7
leaf_value=-7.4748877557607524e-05 0.001725909694380659 -0.00074009814081184668 1.4972995477623482e-05 0.0078723374795341902 -0.0067718912148420967 -0.00094711848728212659
leaf_weight=951 214 71 5087 76 99 245
leaf_count=951 214 71 5087 76 99 245
internal_value=1.26006e-06 -5.62922e-05 0.000132225 0.00386671 -0.000821061 -0.00279563
internal_weight=6743 6529 5234 147 1295 344
internal_count=6743 6529 5234 147 1295 344
is_linear=0
shrinkage=0.01


Tree=976
num_leaves=7
num_cat=0
split_feature=17 2 9 21 21 2
split_gain=6.82706 19.9862 21.6883 28.1176 30.6457 19.3932
threshold=1.0000000180025095e-35 0.61896037992718067 0.0061700970853103441 291.13815330471596 287.52959142738797 0.32675681895125713
decision_type=2 2 2 10 10 2
left_child=1 2 5 4 -4 -1
right_child=-2 -3 3 -5 -6 -7
leaf_value=0.003733644756337477 -0.00031721781845387022 -0.00023095398146850865 0.0013818832302931697 -0.00073895141256578032 0.012558587471178422 0.00013590729719545772
leaf_weight=175 3348 2236 50 56 50 828
leaf_count=175 3348 2236 50 56 50 828
internal_value=1.23382e-06 0.000318223 0.00137919 0.00474492 0.0076948 0.000804161
internal_weight=6743 3395 1159 156 100 1003
internal_count=6743 3395 1159 156 100 1003
is_linear=0
shrinkage=0.01


Tree=977
num_leaves=7
num_cat=0
split_feature=8 14 16 13 13 8
split_gain=6.78456 15.9842 16.499 14.9642 20.0955 12.9407
threshold=2.3485500000000004 0.73190518525404902 1.486812168166733 67.555787972333334 71.741627252874792 10.231650000000002
decision_type=2 2 2 2 2 2
left_child=1 2 -1 5 -5 -2
right_child=3 -3 -4 4 -6 -7
leaf_value=0.00098351909385921508 -0.0011969784320047608 -0.0017143680202721986 0.0072175691717050296 -0.006944981975710556 -0.00027793536162269965 0.00019001135702750123
leaf_weight=144 756 96 56 63 130 5498
leaf_count=144 756 96 56 63 130 5498
internal_value=1.46615e-06 0.00145784 0.00303725 -6.60055e-05 -0.0027384 1.91087e-05
internal_weight=6743 296 200 6447 193 6254
internal_count=6743 296 200 6447 193 6254
is_linear=0
shrinkage=0.01


Tree=978
num_leaves=7
num_cat=0
split_feature=19 19 18 19 21 18
split_gain=6.78318 12.12 10.8348 27.1325 20.0613 26.0466
threshold=119.30166666666683 153.3066666666667 191.60000000000005 220.32333333333347 286.4309981405035 319.9500000000001
decision_type=8 8 10 10 10 10
left_child=-1 -2 -3 -4 5 -5
right_child=1 2 3 4 -6 -7
leaf_value=-0.0026362697849981486 0.0028908903236590225 -0.0012962912560326107 0.0025455265759242226 -0.00031765604605093112 0.00010754476942780336 -0.0052370320894497349
leaf_weight=86 136 596 414 324 5031 156
leaf_count=86 136 596 414 324 5031 156
internal_value=1.39606e-06 4.08744e-05 -2.13689e-05 0.00010716 -7.84842e-05 -0.00201111
internal_weight=6743 6657 6521 5925 5511 480
internal_count=6743 6657 6521 5925 5511 480
is_linear=0
shrinkage=0.01


Tree=979
num_leaves=7
num_cat=0
split_feature=16 18 5 16 7 6
split_gain=6.77001 14.3231 13.8734 12.102 11.5034 17.5833
threshold=9.8750780850906139 314.75000000000006 0.26525782559187927 9.2397129071248987 1.0000000180025095e-35 1.6996518539720642
decision_type=2 10 2 2 2 2
left_child=3 2 -2 4 -1 -6
right_child=1 -3 -4 -5 5 -7
leaf_value=0.00019016868072577731 -0.0055020288956157942 0.0022238288997696379 -0.00039678685668417639 0.0030558341978944108 -0.0014710778442467854 0.0026131467608844533
leaf_weight=5357 91 68 126 123 869 109
leaf_count=5357 91 68 126 123 869 109
internal_value=1.29409e-06 -0.00147868 -0.00272981 7.03383e-05 6.07129e-06 -0.00098392
internal_weight=6743 285 217 6458 6335 978
internal_count=6743 285 217 6458 6335 978
is_linear=0
shrinkage=0.01


Tree=980
num_leaves=7
num_cat=0
split_feature=15 19 23 13 13 5
split_gain=6.75104 12.8365 18.0381 11.0287 34.0596 18.4863
threshold=0.024460165809408501 301.04833333333363 11.986666666666622 38.164115140502453 43.518916488384868 0.028512685256290499
decision_type=2 10 8 2 2 2
left_child=1 2 -1 5 -5 -2
right_child=3 -3 -4 4 -6 -7
leaf_value=0.00038859897922422437 -0.003125630760859502 0.00086101619526743887 -0.0050193716217698135 0.0082522580865770582 0.0005353372029027302 4.5770994745470068e-05
leaf_weight=101 180 159 132 54 598 5519
leaf_count=101 180 159 132 54 598 5519
internal_value=1.29172e-06 -0.00125399 -0.00271447 8.21927e-05 0.00130458 -5.7944e-05
internal_weight=6743 392 233 6351 652 5699
internal_count=6743 392 233 6351 652 5699
is_linear=0
shrinkage=0.01


Tree=981
num_leaves=7
num_cat=0
split_feature=2 23 16 16 3 0
split_gain=6.72343 19.977 16.0568 14.4603 19.6273 18.7309
threshold=0.25016427365162591 19.096666666666707 2.1759701539193474 0.14120436663634647 -0.019526892007010108 0.92503452642932948
decision_type=2 8 2 2 2 2
left_child=1 2 3 -1 -5 -6
right_child=-2 -3 -4 4 5 -7
leaf_value=-0.00060842339868975588 -7.581699335774134e-05 -0.0039032625667159522 -0.0023633632107521408 -0.00019382488061214835 0.010049171582857768 0.002521875068902018
leaf_weight=69 6357 53 54 61 65 84
leaf_count=69 6357 53 54 61 65 84
internal_value=1.33711e-06 0.00126706 0.00220893 0.00317964 0.00444083 0.00629399
internal_weight=6743 386 333 279 210 149
internal_count=6743 386 333 279 210 149
is_linear=0
shrinkage=0.01


Tree=982
num_leaves=7
num_cat=0
split_feature=11 11 14 21 2 23
split_gain=6.75415 9.70702 26.6394 29.2305 13.0207 19.743
threshold=0.005461940290605218 0.011130594959556159 0.17021881020370608 295.26509884647101 0.67751853941592854 12.654166666666685
decision_type=2 2 2 10 2 10
left_child=-1 2 4 -4 5 -2
right_child=1 -3 3 -5 -6 -7
leaf_value=-0.0030223771305494269 0.0097086413928440651 -9.0817797709806218e-05 -0.0013264456528174113 0.0055170417115457263 0.0012179907237286449 0.0010449523558137847
leaf_weight=63 60 6008 385 64 112 51
leaf_count=63 60 6008 385 64 112 51
internal_value=1.34487e-06 3.58319e-05 0.00116753 -0.00023025 0.00391391 0.00622601
internal_weight=6743 6680 672 449 223 111
internal_count=6743 6680 672 449 223 111
is_linear=0
shrinkage=0.01


Tree=983
num_leaves=7
num_cat=0
split_feature=21 1 22 18 8 10
split_gain=6.71393 12.314 9.72275 24.0254 23.9026 24.3652
threshold=282.73884993495784 1.2314428076789932 26.500000000000032 320.25000000000006 17.579700000000006 0.036708440947002513
decision_type=8 2 8 10 2 2
left_child=1 -1 3 4 -2 -6
right_child=2 -3 -4 -5 5 -7
leaf_value=0.00058538984240036915 -0.00031807404873355967 -0.0025934859048786828 -5.9948154672765524e-05 -0.0027741315610762822 0.0049698196928265733 -0.00036261095140129328
leaf_weight=213 285 254 5473 123 280 115
leaf_count=213 285 254 5473 123 280 115
internal_value=1.52464e-06 -0.00114075 8.97923e-05 0.00111086 0.0018581 0.00342203
internal_weight=6743 467 6276 803 680 395
internal_count=6743 467 6276 803 680 395
is_linear=0
shrinkage=0.01


Tree=984
num_leaves=7
num_cat=0
split_feature=1 14 10 3 20 5
split_gain=6.70636 27.285 33.8237 25.4192 9.21559 18.6526
threshold=2.9036477615512455 0.59326525000200692 0.033984869715062073 0.59255886805928604 0.0078375534055355033 0.028512685256290499
decision_type=2 2 2 2 2 2
left_child=4 -2 3 -3 5 -1
right_child=1 2 -4 -5 -6 -7
leaf_value=-0.0051557002080205297 0.0072509394028020327 -0.0078640299875405613 0.0050593604301837711 0.0006311401435070568 0.00025584848959859006 -0.00035268442933428647
leaf_weight=74 54 54 66 71 3801 2623
leaf_count=74 54 54 66 71 3801 2623
internal_value=1.44197e-06 0.00159371 -0.000237135 -0.00327537 -5.94128e-05 -0.000506722
internal_weight=6743 245 191 125 6498 2697
internal_count=6743 245 191 125 6498 2697
is_linear=0
shrinkage=0.01


Tree=985
num_leaves=7
num_cat=0
split_feature=17 16 5 4 2 2
split_gain=6.73345 19.8019 18.2757 19.6819 18.3587 17.9114
threshold=1.0000000180025095e-35 0.13573476045713104 0.16671523601583596 -0.033738653951203866 0.44116438099891891 0.3208016769517088
decision_type=2 2 2 2 2 2
left_child=1 -1 3 -2 -5 -3
right_child=2 5 -4 4 -6 -7
leaf_value=0.0041626782414626133 -0.0044044621257223393 0.0029660233550058012 0.00017922570272837867 0.00014318519253634631 -0.0030327360656801721 -2.9822701900060694e-05
leaf_weight=119 173 203 2305 627 243 3073
leaf_count=119 173 203 2305 627 243 3073
internal_value=1.42496e-06 0.000316242 -0.000314825 -0.00140749 -0.000756901 0.000161235
internal_weight=6743 3395 3348 1043 870 3276
internal_count=6743 3395 3348 1043 870 3276
is_linear=0
shrinkage=0.01


Tree=986
num_leaves=7
num_cat=0
split_feature=11 11 14 25 25 18
split_gain=6.69127 9.47875 26.0291 29.074 17.055 22.4544
threshold=0.005461940290605218 0.011130594959556159 0.17021881020370608 6.900000000000035 2.6000000000000232 233.35000000000005
decision_type=2 2 2 10 10 10
left_child=-1 2 4 -4 5 -2
right_child=1 -3 3 -5 -6 -7
leaf_value=-0.0030081934629212297 0.0044359382551031569 -8.9390160715834883e-05 -0.0017436413236536347 0.0038835761899454519 0.0078785256112615266 -0.0029340278701140334
leaf_weight=63 103 6008 334 115 65 55
leaf_count=63 103 6008 334 115 65 55
internal_value=1.41047e-06 3.57434e-05 0.00115407 -0.000227376 0.00386884 0.00178898
internal_weight=6743 6680 672 449 223 158
internal_count=6743 6680 672 449 223 158
is_linear=0
shrinkage=0.01


Tree=987
num_leaves=7
num_cat=0
split_feature=0 25 22 4 20 8
split_gain=6.72001 12.7766 25.3286 12.0246 8.98645 18.3866
threshold=1.2519505216138527 0.70000000000001716 30.300000000000015 0.027021408297494616 0.0078375534055355033 207.53325000000004
decision_type=2 10 10 2 2 2
left_child=4 -2 -3 -4 -1 -6
right_child=1 2 3 -5 5 -7
leaf_value=-0.00049603417898690875 -0.0017165106162428856 0.008320047320401083 0.003072287983615214 -0.0029446734070041848 -8.8649646389599924e-05 0.0016505262343449176
leaf_weight=2725 69 51 61 52 3038 747
leaf_count=2725 69 51 61 52 3038 747
internal_value=1.49149e-06 0.00163573 0.00312118 0.000207827 -5.78849e-05 0.0002554
internal_weight=6743 233 164 113 6510 3785
internal_count=6743 233 164 113 6510 3785
is_linear=0
shrinkage=0.01


Tree=988
num_leaves=7
num_cat=0
split_feature=11 15 20 11 5 8
split_gain=6.6915 10.9927 9.51512 13.1436 14.3586 33.4292
threshold=0.047623304218267402 2.5953792645716729 0.016746465958057712 0.023186216802755306 0.047574003110358622 49.075650000000003
decision_type=2 2 2 2 2 2
left_child=2 -2 3 4 5 -1
right_child=1 -3 -4 -5 -6 -7
leaf_value=-0.0056336162826046343 -0.0045230620065156149 -7.7949230132314066e-05 0.00091805172839806118 -0.0009850610650018255 0.0002927468294897574 0.0035305956705318142
leaf_weight=110 75 176 1083 1283 3966 50
leaf_count=110 75 176 1083 1283 3966 50
internal_value=1.56241e-06 -0.00156689 6.60581e-05 -0.000104064 0.000169188 -0.00267175
internal_weight=6743 251 6492 5409 4126 160
internal_count=6743 251 6492 5409 4126 160
is_linear=0
shrinkage=0.01


Tree=989
num_leaves=7
num_cat=0
split_feature=8 5 8 23 0 2
split_gain=6.70283 16.6615 13.1125 14.3451 23.0578 13.4816
threshold=2.3485500000000004 0.24952211262292703 13.504050000000001 16.010833333333373 0.96240071195936816 0.47655677655677664
decision_type=2 2 2 8 2 2
left_child=1 -1 3 -2 -5 -4
right_child=2 -3 5 4 -6 -7
leaf_value=-0.00055631775662509935 9.0681501134645697e-05 0.0040700896224007011 0.00097411632804775576 -0.0013031294410032843 -0.0072086880399765052 -0.0001624558211194306
leaf_weight=170 500 126 1393 447 71 4036
leaf_count=170 500 126 1393 447 71 4036
internal_value=1.42124e-06 0.001449 -6.56338e-05 -0.00110232 -0.00225272 0.000128588
internal_weight=6743 296 6447 1018 518 5429
internal_count=6743 296 6447 1018 518 5429
is_linear=0
shrinkage=0.01


Tree=990
num_leaves=7
num_cat=0
split_feature=17 0 9 16 0 5
split_gain=6.64265 22.2444 20.116 19.4301 18.8454 18.7678
threshold=1.0000000180025095e-35 1.0002375396795216 0.0017348128469209308 0.13573476045713104 0.93894474215316082 0.17782138476813522
decision_type=2 2 2 2 2 2
left_child=3 5 -3 4 -1 -2
right_child=1 2 -4 -5 -6 -7
leaf_value=4.372910979165606e-05 -0.0012007245152921241 -0.0047723860652418813 -0.00020895071806780133 0.00016043714386047953 0.0078610896996476436 0.0005165020511235306
leaf_weight=63 911 190 198 3276 56 2049
leaf_count=63 911 190 198 3276 56 2049
internal_value=1.31676e-06 -0.000312784 -0.00253251 0.000314015 0.00412422 -1.09056e-05
internal_weight=6743 3348 388 3395 119 2960
internal_count=6743 3348 388 3395 119 2960
is_linear=0
shrinkage=0.01


Tree=991
num_leaves=7
num_cat=0
split_feature=20 1 0 18 7 23
split_gain=6.62725 19.488 23.0855 27.8115 24.8668 19.4048
threshold=0.0048994875400492086 1.4753420904935914 0.89708253286056938 266.05000000000007 1.0000000180025095e-35 17.719166666666744
decision_type=2 2 2 10 2 10
left_child=-1 -2 -3 -4 5 -5
right_child=1 2 3 4 -6 -7
leaf_value=-0.00059928901056405367 -0.00013348512596099118 0.0041542816620934358 -0.0012327011066695882 0.0057681897206039515 -0.0015588589192573298 0.0004773658753315896
leaf_weight=1429 4265 225 413 186 108 117
leaf_count=1429 4265 225 413 186 108 117
internal_value=1.33913e-06 0.000165556 0.00138061 0.000570519 0.00239251 0.00383767
internal_weight=6743 5314 1049 824 411 303
internal_count=6743 5314 1049 824 411 303
is_linear=0
shrinkage=0.01


Tree=992
num_leaves=7
num_cat=0
split_feature=16 14 16 7 21 22
split_gain=6.59422 13.496 11.8558 11.1883 21.5257 34.7057
threshold=9.8750780850906139 0.70921778309759176 9.2397129071248987 1.0000000180025095e-35 291.46912166436579 28.500000000000032
decision_type=2 2 2 2 10 8
left_child=2 -2 3 -1 5 -5
right_child=1 -3 -4 4 -6 -7
leaf_value=0.00018751285382497484 -0.0028981123684150467 0.0015812605497253249 0.0030245263980092358 -0.0021169343413289131 -0.0020051892100624124 0.0042455549636381982
leaf_weight=5357 196 89 123 159 656 163
leaf_count=5357 196 89 123 159 656 163
internal_value=1.39793e-06 -0.00145921 6.95588e-05 5.93295e-06 -0.000970381 0.00110458
internal_weight=6743 285 6458 6335 978 322
internal_count=6743 285 6458 6335 978 322
is_linear=0
shrinkage=0.01


Tree=993
num_leaves=7
num_cat=0
split_feature=19 21 23 8 20 23
split_gain=6.612 22.3753 37.0048 54.94 29.0212 23.1281
threshold=274.571666666667 288.97132444058144 12.859166666666686 79.123500000000021 0.0061136668346191405 13.000833333333338
decision_type=10 10 10 2 2 10
left_child=-1 4 3 -3 -2 -6
right_child=1 2 -4 -5 5 -7
leaf_value=-0.00033830408299754963 -0.0058127877646763845 0.00073235311836032267 0.00032066380521213455 0.012096984799786964 -0.0020437474815140013 0.003088113498563568
leaf_weight=3077 117 123 3003 58 240 125
leaf_count=3077 117 123 3003 58 240 125
internal_value=1.41384e-06 0.000289416 0.000596793 0.0048691 -0.0016916 -0.000224111
internal_weight=6743 3666 3184 181 482 365
internal_count=6743 3666 3184 181 482 365
is_linear=0
shrinkage=0.01


Tree=994
num_leaves=7
num_cat=0
split_feature=8 14 16 13 13 8
split_gain=6.59704 15.6679 16.1433 14.3805 19.5395 12.1728
threshold=2.3485500000000004 0.73190518525404902 1.486812168166733 67.555787972333334 71.741627252874792 10.231650000000002
decision_type=2 2 2 2 2 2
left_child=1 2 -1 5 -5 -2
right_child=3 -3 -4 4 -6 -7
leaf_value=0.00096961658544741675 -0.0011609882134790703 -0.0017021960168549755 0.0071368191776458511 -0.0068324085416859148 -0.00025884631741791961 0.00018421561419315182
leaf_weight=144 756 96 56 63 130 5498
leaf_count=144 756 96 56 63 130 5498
internal_value=1.51882e-06 0.00143764 0.00300167 -6.49933e-05 -0.00268475 1.84136e-05
internal_weight=6743 296 200 6447 193 6254
internal_count=6743 296 200 6447 193 6254
is_linear=0
shrinkage=0.01


Tree=995
num_leaves=7
num_cat=0
split_feature=11 11 16 25 19 25
split_gain=6.57324 9.33507 24.1195 33.3365 19.556 35.1797
threshold=0.005461940290605218 0.011130594959556159 0.16141001749377407 2.6000000000000232 244.32500000000024 6.900000000000035
decision_type=2 2 2 10 10 10
left_child=-1 2 3 -2 -4 -6
right_child=1 -3 4 -5 5 -7
leaf_value=-0.002981476492554664 0.0004348195508344787 -8.8678704724217967e-05 0.002641315582178293 0.0093943840080096073 -0.0036818355132366108 0.0029761624757935535
leaf_weight=63 101 6008 176 65 219 111
leaf_count=63 101 6008 176 65 219 111
internal_value=1.44937e-06 3.54911e-05 0.00114531 0.00433434 1.60078e-05 -0.00139125
internal_weight=6743 6680 672 166 506 330
internal_count=6743 6680 672 166 506 330
is_linear=0
shrinkage=0.01


Tree=996
num_leaves=7
num_cat=0
split_feature=0 25 19 25 20 8
split_gain=6.59516 12.4119 22.395 9.37635 8.81082 17.8304
threshold=1.2519505216138527 0.70000000000001716 307.97000000000008 4.3000000000000123 0.0078375534055355033 207.53325000000004
decision_type=2 10 10 10 2 2
left_child=4 -2 3 -3 -1 -6
right_child=1 2 -4 -5 5 -7
leaf_value=-0.0004911039902403409 -0.0016827668872060656 0.0016526861920331914 -0.0017257236992714532 0.0081098564527928834 -8.5814423586070491e-05 0.0016268110029950562
leaf_weight=2725 69 50 56 58 3038 747
leaf_count=2725 69 50 56 58 3038 747
internal_value=1.56363e-06 0.00162056 0.00308468 0.00559857 -5.72448e-05 0.000252947
internal_weight=6743 233 164 108 6510 3785
internal_count=6743 233 164 108 6510 3785
is_linear=0
shrinkage=0.01


Tree=997
num_leaves=7
num_cat=0
split_feature=1 18 21 18 7 1
split_gain=6.56791 8.34252 28.0825 40.5765 27.777 21.4417
threshold=0.77794842134644016 262.15000000000003 286.4309981405035 287.55000000000007 1.0000000180025095e-35 1.4753420904935914
decision_type=2 10 10 10 2 2
left_child=-1 -2 3 -3 5 -4
right_child=1 2 4 -5 -6 -7
leaf_value=-0.0013974842150494178 -0.00035227401555411704 0.0037709994295922417 0.00059281199862514628 -0.003864866919073204 -0.0013178089984162453 0.002675396338449538
leaf_weight=309 2671 80 2172 298 571 642
leaf_count=309 2671 80 2172 298 571 642
internal_value=1.62802e-06 7.24382e-05 0.000376686 -0.0021675 0.000669286 0.00107928
internal_weight=6743 6434 3763 378 3385 2814
internal_count=6743 6434 3763 378 3385 2814
is_linear=0
shrinkage=0.01


Tree=998
num_leaves=7
num_cat=0
split_feature=11 15 16 14 16 9
split_gain=6.55151 10.7877 8.2708 14.5473 10.9835 8.82257
threshold=0.047623304218267402 2.5953792645716729 9.8750780850906139 0.63359360760746741 9.2397129071248987 0.0097402452888510262
decision_type=2 2 2 2 2 2
left_child=2 -2 4 -4 5 -1
right_child=1 -3 3 -5 -6 -7
leaf_value=2.3858409902730774e-05 -0.0044787975426982428 -7.4979787384490333e-05 -0.0037157649157811916 0.00068678444229490574 0.0029886031765630817 0.0027537855654685517
leaf_weight=5979 75 176 143 136 123 111
leaf_count=5979 75 176 143 136 123 111
internal_value=1.5837e-06 -0.00155036 6.54166e-05 -0.00158561 0.000143593 7.96879e-05
internal_weight=6743 251 6492 279 6213 6090
internal_count=6743 251 6492 279 6213 6090
is_linear=0
shrinkage=0.01


Tree=999
num_leaves=7
num_cat=0
split_feature=19 19 18 19 19 0
split_gain=6.54936 11.9964 10.54 26.4057 16.3904 23.7105
threshold=119.30166666666683 153.3066666666667 191.60000000000005 220.32333333333347 274.571666666667 1.2723730332504524
decision_type=8 8 10 10 10 2
left_child=-1 -2 -3 -4 5 -5
right_child=1 2 3 4 -6 -7
leaf_value=-0.002590231446592952 0.0028758136652512097 -0.0012790293649427606 0.0025106908464260654 -0.001050481956668651 0.00030991082005584137 0.0051295585269690493
leaf_weight=86 136 596 414 1810 3647 54
leaf_count=86 136 596 414 1810 3647 54
internal_value=1.54097e-06 4.03582e-05 -2.15588e-05 0.000105188 -7.79282e-05 -0.000839693
internal_weight=6743 6657 6521 5925 5511 1864
internal_count=6743 6657 6521 5925 5511 1864
is_linear=0
shrinkage=0.01


Tree=1000
num_leaves=7
num_cat=0
split_feature=24 19 3 18 19 24
split_gain=6.55179 8.93969 15.9843 12.0497 26.9001 16.9618
threshold=-12.599999999999964 153.3066666666667 0.33186343276174041 191.60000000000005 220.32333333333347 -8.8999999999999755
decision_type=8 8 2 10 10 10
left_child=-1 2 -2 -3 -5 -6
right_child=1 3 -4 4 5 -7
leaf_value=-0.0023953521129650261 0.0064597059424171066 -0.0013669251507763846 0 0.002615853679740788 0.0041719533333189349 -0.0001336564835387972
leaf_weight=102 50 589 109 393 83 5417
leaf_count=102 50 589 109 393 83 5417
internal_value=1.61302e-06 4.3478e-05 0.0023144 -1.41653e-05 0.000121434 -5.94124e-05
internal_weight=6743 6641 159 6482 5893 5500
internal_count=6743 6641 159 6482 5893 5500
is_linear=0
shrinkage=0.01


Tree=1001
num_leaves=7
num_cat=0
split_feature=11 11 14 25 16 25
split_gain=6.55791 9.14404 25.2887 27.9714 22.6153 15.5024
threshold=0.005461940290605218 0.011130594959556159 0.17021881020370608 6.900000000000035 1.2143686674421181 2.6000000000000232
decision_type=2 2 2 10 2 10
left_child=-1 2 4 -4 5 -2
right_child=1 -3 3 -5 -6 -7
leaf_value=-0.0029777037004034409 0.0029313956286149247 -8.7148021422854416e-05 -0.0017146812549516082 0.0038046492742653936 -0.00041271744507618928 0.010150931909924648
leaf_weight=63 94 6008 334 115 78 51
leaf_count=63 94 6008 334 115 78 51
internal_value=1.72583e-06 3.5729e-05 0.00113414 -0.000227166 0.0038101 0.00602627
internal_weight=6743 6680 672 449 223 145
internal_count=6743 6680 672 449 223 145
is_linear=0
shrinkage=0.01


Tree=1002
num_leaves=7
num_cat=0
split_feature=8 5 13 13 8 14
split_gain=6.5086 16.3179 14.0839 19.1821 11.8075 19.2458
threshold=2.3485500000000004 0.24952211262292703 67.555787972333334 71.741627252874792 10.231650000000002 0.079064266088257867
decision_type=2 2 2 2 2 2
left_child=1 -1 4 -4 5 -2
right_child=2 -3 3 -5 -6 -7
leaf_value=-0.00055550533269221587 -0.0040074451968280808 0.0040224704078932793 -0.0067663217591096281 -0.00025279225209461791 0.00018164113580795176 -0.0002422222082644557
leaf_weight=170 170 126 63 130 5498 586
leaf_count=170 170 126 63 130 5498 586
internal_value=1.85213e-06 0.00142832 -6.42028e-05 -0.00265681 1.83229e-05 -0.00114322
internal_weight=6743 296 6447 193 6254 756
internal_count=6743 296 6447 193 6254 756
is_linear=0
shrinkage=0.01


Tree=1003
num_leaves=7
num_cat=0
split_feature=2 23 16 16 3 0
split_gain=6.62 19.5912 15.6061 14.1408 19.2544 18.1034
threshold=0.25016427365162591 19.096666666666707 2.1759701539193474 0.14120436663634647 -0.019526892007010108 0.92503452642932948
decision_type=2 8 2 2 2 2
left_child=1 2 3 -1 -5 -6
right_child=-2 -3 -4 4 5 -7
leaf_value=-0.00059761818168284017 -7.4885517131162543e-05 -0.0038620763325265478 -0.0023167204383935315 -0.00019408319775067584 0.0099252874294916797 0.0025126854075673733
leaf_weight=69 6357 53 54 61 65 84
leaf_count=69 6357 53 54 61 65 84
internal_value=1.66152e-06 0.00125762 0.00219046 0.0031474 0.00439459 0.00623012
internal_weight=6743 386 333 279 210 149
internal_count=6743 386 333 279 210 149
is_linear=0
shrinkage=0.01


Tree=1004
num_leaves=7
num_cat=0
split_feature=11 11 14 21 0 1
split_gain=6.44908 8.9947 24.831 27.9945 12.54 13.9946
threshold=0.005461940290605218 0.011130594959556159 0.17021881020370608 295.26509884647101 1.1055109764140796 1.6855560185668332
decision_type=2 2 2 10 2 2
left_child=-1 2 4 -4 5 -2
right_child=1 -3 3 -5 -6 -7
leaf_value=-0.0029529270982650451 0.0022218047763901548 -8.6459012274674245e-05 -0.0012971859735442632 0.0053999549579866399 0 0.0085921269141741707
leaf_weight=63 94 6008 385 64 65 64
leaf_count=63 94 6008 385 64 65 64
internal_value=1.66552e-06 3.53978e-05 0.00112481 -0.000223947 0.00377645 0.00521955
internal_weight=6743 6680 672 449 223 158
internal_count=6743 6680 672 449 223 158
is_linear=0
shrinkage=0.01


Tree=1005
num_leaves=7
num_cat=0
split_feature=2 23 16 16 10 5
split_gain=6.50109 19.2568 15.3407 13.8998 14.0408 17.1743
threshold=0.25016427365162591 19.096666666666707 2.1759701539193474 0.14120436663634647 0.036708440947002513 0.068022127216204389
decision_type=2 8 2 2 2 2
left_child=1 2 3 -1 -5 -6
right_child=-2 -3 -4 4 5 -7
leaf_value=-0.0005916432949089551 -7.402868686354082e-05 -0.0038288584268755385 -0.0022964435639732982 0.0068647199928908885 -0.0024375677270193894 0.0049114111477314539
leaf_weight=69 6357 53 54 103 50 57
leaf_count=69 6357 53 54 103 50 57
internal_value=1.81444e-06 0.00124645 0.00217146 0.00312036 0.00435693 0.00147701
internal_weight=6743 386 333 279 210 107
internal_count=6743 386 333 279 210 107
is_linear=0
shrinkage=0.01


Tree=1006
num_leaves=7
num_cat=0
split_feature=1 14 10 3 20 16
split_gain=6.44894 26.3167 32.8054 24.8534 8.81703 21.7447
threshold=2.9036477615512455 0.59326525000200692 0.033984869715062073 0.59255886805928604 0.0078375534055355033 0.34502357469075912
decision_type=2 2 2 2 2 2
left_child=4 -2 3 -3 -1 -6
right_child=1 2 -4 -5 5 -7
leaf_value=-0.00049543048701922144 0.0071192865703778811 -0.0077645203153952026 0.0049814675003290176 0.00063358116182096204 -0.0010613576323261591 0.00068471066379370473
leaf_weight=2697 54 54 66 71 936 2865
leaf_count=2697 54 54 66 71 936 2865
internal_value=1.77479e-06 0.0015632 -0.000233919 -0.00322674 -5.78721e-05 0.000250459
internal_weight=6743 245 191 125 6498 3801
internal_count=6743 245 191 125 6498 3801
is_linear=0
shrinkage=0.01


Tree=1007
num_leaves=7
num_cat=0
split_feature=17 2 16 19 5 4
split_gain=6.46677 19.1331 26.8193 22.6049 17.3227 19.1334
threshold=1.0000000180025095e-35 0.66305655650227602 6.7356785747550196 185.49500000000009 0.16671523601583596 -0.033738653951203866
decision_type=2 2 2 10 2 2
left_child=1 2 3 -1 5 -2
right_child=4 -3 -4 -5 -6 -7
leaf_value=0.0063362135280234126 -0.0043265431711979494 -0.00033318498788209485 -0.0029145769622280367 0.0012348055529243353 0.00017282289520286216 -0.00073050480194540969
leaf_weight=86 173 1946 134 1229 2305 870
leaf_count=86 173 1946 134 1229 2305 870
internal_value=1.81772e-06 0.000310365 0.00117786 0.00162128 -0.000308075 -0.00137189
internal_weight=6743 3395 1449 1315 3348 1043
internal_count=6743 3395 1449 1315 3348 1043
is_linear=0
shrinkage=0.01


Tree=1008
num_leaves=7
num_cat=0
split_feature=21 19 18 22 18 8
split_gain=6.48284 14.5695 20.2883 9.65946 23.1053 22.8404
threshold=282.73884993495784 200.40999999999977 161.25000000000003 26.500000000000032 320.25000000000006 17.579700000000006
decision_type=8 10 10 8 10 2
left_child=1 2 -1 4 5 -2
right_child=3 -3 -4 -5 -6 -7
leaf_value=-0.0018846113212091268 -0.00028803753432959825 -0.0033994552029012626 0.0032316289357805466 -6.0724670851380465e-05 -0.0027032484006332723 0.0033676651914413213
leaf_weight=179 285 167 121 5473 123 395
leaf_count=179 285 167 121 5473 123 395
internal_value=1.76162e-06 -0.00112065 0.000184361 8.85218e-05 0.00110627 0.00183903
internal_weight=6743 467 300 6276 803 680
internal_count=6743 467 300 6276 803 680
is_linear=0
shrinkage=0.01


Tree=1009
num_leaves=7
num_cat=0
split_feature=8 5 13 13 8 14
split_gain=6.41559 16.0016 13.8109 18.8241 11.476 18.8806
threshold=2.3485500000000004 0.24952211262292703 67.555787972333334 71.741627252874792 10.231650000000002 0.079064266088257867
decision_type=2 2 2 2 2 2
left_child=1 -1 4 -4 5 -2
right_child=2 -3 3 -5 -6 -7
leaf_value=-0.00054624057074801789 -0.0039641675497922631 0.0039867897323711075 -0.0067022829594677452 -0.00024914250775639497 0.0001788276599958066 -0.0002348365820709916
leaf_weight=170 170 126 63 130 5498 586
leaf_count=170 170 126 63 130 5498 586
internal_value=1.65904e-06 0.00141791 -6.39115e-05 -0.00263126 1.77953e-05 -0.0011273
internal_weight=6743 296 6447 193 6254 756
internal_count=6743 296 6447 193 6254 756
is_linear=0
shrinkage=0.01


Tree=1010
num_leaves=7
num_cat=0
split_feature=2 23 16 16 8 21
split_gain=6.5008 18.9473 15.0578 13.5781 12.4673 9.2422
threshold=0.25016427365162591 19.096666666666707 2.1759701539193474 0.14120436663634647 3.9955500000000002 287.70577455648316
decision_type=2 8 2 2 2 10
left_child=1 2 3 -1 -5 -2
right_child=5 -3 -4 4 -6 -7
leaf_value=-0.00056563238742985301 -0.00075964991105147985 -0.0037881031472768102 -0.0022628708132833709 0 0.0056499623053795876 0.0001357867222825261
leaf_weight=69 1497 53 54 52 158 4860
leaf_count=69 1497 53 54 52 158 4860
internal_value=1.4717e-06 0.00124608 0.00216356 0.00310354 0.00432549 -7.43696e-05
internal_weight=6743 386 333 279 210 6357
internal_count=6743 386 333 279 210 6357
is_linear=0
shrinkage=0.01


Tree=1011
num_leaves=7
num_cat=0
split_feature=24 19 19 0 18 19
split_gain=6.41155 8.78783 13.6973 12.0843 11.8636 26.1114
threshold=-12.599999999999964 153.3066666666667 119.30166666666683 0.86022095651344699 191.60000000000005 220.32333333333347
decision_type=8 8 10 2 10 10
left_child=-1 2 -2 -4 -3 -6
right_child=1 4 3 -5 5 -7
leaf_value=-0.0023697710068414121 -0.0014051931581078945 -0.0013565959482168457 0.00043250087831841138 0.0073243738638777891 0.0025778057586928029 -5.7928713410944867e-05
leaf_weight=102 56 589 51 52 393 5500
leaf_count=102 56 589 51 52 393 5500
internal_value=1.39259e-06 4.28234e-05 0.00229438 0.00434065 -1.43149e-05 0.000120222
internal_weight=6743 6641 159 103 6482 5893
internal_count=6743 6641 159 103 6482 5893
is_linear=0
shrinkage=0.01


Tree=1012
num_leaves=7
num_cat=0
split_feature=20 16 18 23 13 8
split_gain=6.39124 18.2478 22.1675 20.6021 17.8698 15.9813
threshold=0.0048994875400492086 0.14120436663634647 213.45000000000002 18.940000000000005 17.877604077128598 207.53325000000004
decision_type=2 2 8 10 2 2
left_child=1 -1 -3 -4 -5 -2
right_child=5 2 3 4 -6 -7
leaf_value=0.0035433262268509342 -0.00014062379916571287 0.00088953674311095538 -0.0030609074898780976 -0.0010184199976668294 0.0044725500741233564 0.0011450640533575899
leaf_weight=89 4059 449 523 305 63 1255
leaf_count=89 4059 449 523 305 63 1255
internal_value=1.42524e-06 -0.000588383 -0.000894424 -0.00180441 0 0.000162717
internal_weight=6743 1429 1340 891 368 5314
internal_count=6743 1429 1340 891 368 5314
is_linear=0
shrinkage=0.01


Tree=1013
num_leaves=7
num_cat=0
split_feature=0 16 9 20 16 23
split_gain=6.38369 12.8788 13.0572 8.55373 20.8664 14.6201
threshold=1.2519505216138527 0.74691187563582562 0.00054545454545454439 0.0078375534055355033 0.34502357469075912 16.177500000000027
decision_type=2 2 2 2 2 10
left_child=3 -2 -3 -1 -5 -6
right_child=1 2 -4 4 5 -7
leaf_value=-0.00048383784972465819 0.005534965698231733 0.0028036961608538125 -0.0022873317920511552 -0.0010347885807080739 0.0015717666738441073 9.8273743523689394e-05
leaf_weight=2725 52 89 92 936 1105 1744
leaf_count=2725 52 89 92 936 1105 1744
internal_value=1.49732e-06 0.00159435 0.000179362 -5.63366e-05 0.000249271 0.000676772
internal_weight=6743 233 181 6510 3785 2849
internal_count=6743 233 181 6510 3785 2849
is_linear=0
shrinkage=0.01


Tree=1014
num_leaves=7
num_cat=0
split_feature=11 15 20 1 25 16
split_gain=6.43037 10.5216 9.25751 13.2255 18.9262 22.6953
threshold=0.047623304218267402 2.5953792645716729 0.016746465958057712 1.043160096093547 11.50000000000003 0.078171121988910366
decision_type=2 2 2 2 10 2
left_child=2 -2 -1 -4 5 -5
right_child=1 -3 3 4 -6 -7
leaf_value=-0.00010295259496776173 -0.0044281943479881573 -7.7869288934869136e-05 -0.00061081753902513772 -0.0015544771671327008 -0.0016980084122882948 0.0033539055056183253
leaf_weight=5409 75 176 366 107 125 485
leaf_count=5409 75 176 366 107 125 485
internal_value=1.5742e-06 -0.00153594 6.48279e-05 0.000905225 0.00169062 0.00243905
internal_weight=6743 251 6492 1083 717 592
internal_count=6743 251 6492 1083 717 592
is_linear=0
shrinkage=0.01


Tree=1015
num_leaves=7
num_cat=0
split_feature=21 19 18 12 22 14
split_gain=6.38757 14.3546 14.2058 13.7119 9.51674 23.8992
threshold=282.73884993495784 246.32666666666702 161.25000000000003 1.0000000180025095e-35 26.500000000000032 0.17021881020370608
decision_type=8 10 10 2 8 2
left_child=1 2 -1 -4 5 -2
right_child=4 -3 3 -5 -6 -7
leaf_value=-0.0021068547604581674 0.0028667177722753977 -0.0044230227711275945 0.0042718837449929733 -0.00084205773859241304 -6.0600920835338349e-05 -0.00053712655918533418
leaf_weight=185 385 93 92 97 5473 418
leaf_count=185 385 93 92 97 5473 418
internal_value=1.39382e-06 -0.00111274 -0.000169804 0.00168659 8.7526e-05 0.00109774
internal_weight=6743 467 374 189 6276 803
internal_count=6743 467 374 189 6276 803
is_linear=0
shrinkage=0.01


Tree=1016
num_leaves=7
num_cat=0
split_feature=11 20 9 3 0 9
split_gain=6.44346 15.7758 13.4822 20.7439 16.8087 23.1094
threshold=0.024351395750452469 0.017821110889073882 0.003433501515347982 -0.041732364340038332 0.9248463591002013 -0.00079535369105581701
decision_type=2 2 2 2 2 2
left_child=1 -1 4 -4 -2 -6
right_child=2 -3 3 -5 5 -7
leaf_value=0.00012742142000776952 -0.0003467147347734763 0.0040923943912194484 -0.0011850604656828204 0.003144595683904506 -0.0059323744621814778 -0.00052352046371414898
leaf_weight=4416 1485 93 195 228 131 195
leaf_count=4416 1485 93 195 228 131 195
internal_value=1.30833e-06 0.000220289 -0.000435227 0.00114429 -0.000813907 -0.00283865
internal_weight=6743 4509 2234 423 1811 326
internal_count=6743 4509 2234 423 1811 326
is_linear=0
shrinkage=0.01


Tree=1017
num_leaves=7
num_cat=0
split_feature=25 5 5 22 14 22
split_gain=6.36394 26.3537 14.6975 16.2862 30.146 14.3579
threshold=-1.6999999999999884 0.12521459615909117 0.15151723646610768 27.600000000000026 0.33414242986240333 27.800000000000015
decision_type=10 2 2 10 2 10
left_child=1 5 -3 -4 -5 -1
right_child=-2 2 3 4 -6 -7
leaf_value=-0.0065862335487848747 0.00013770555574707497 0.0043938645366849247 0.00047030735039927079 -0.0073464236647258841 -8.5866045451870099e-05 -8.3815712195176338e-05
leaf_weight=96 5656 59 621 76 180 55
leaf_count=96 5656 59 621 76 180 55
internal_value=1.25641e-06 -0.000694399 -4.0345e-05 -0.000396103 -0.00247409 -0.00443223
internal_weight=6743 1087 936 877 256 151
internal_count=6743 1087 936 877 256 151
is_linear=0
shrinkage=0.01


Tree=1018
num_leaves=7
num_cat=0
split_feature=19 21 23 13 20 22
split_gain=6.38718 21.4274 36.0499 58.4547 28.0489 25.6459
threshold=274.571666666667 288.97132444058144 12.859166666666686 19.544092818187696 0.0061136668346191405 28.600000000000026
decision_type=10 10 10 2 2 10
left_child=-1 4 3 -3 -2 -6
right_child=1 2 -4 -5 5 -7
leaf_value=-0.0003327886803735961 -0.0057057779884024514 0.0099831005059840047 0.00031243965500683216 -0.00092049778810692861 -0.0019568620780938046 0.0036238632634469944
leaf_weight=3077 117 92 3003 89 256 109
leaf_count=3077 117 92 3003 89 256 109
internal_value=1.07946e-06 0.00028417 0.000585012 0.00480182 -0.00165431 -0.000211428
internal_weight=6743 3666 3184 181 482 365
internal_count=6743 3666 3184 181 482 365
is_linear=0
shrinkage=0.01


Tree=1019
num_leaves=7
num_cat=0
split_feature=17 16 1 13 13 5
split_gain=6.4139 18.7955 18.0841 19.2432 17.5139 17.6542
threshold=1.0000000180025095e-35 0.13573476045713104 2.0830140682167868 3.6073062513955128 62.738140707356202 0.19398017230562253
decision_type=2 2 2 2 2 2
left_child=1 -1 3 -2 5 -3
right_child=2 4 -4 -5 -6 -7
leaf_value=0.0040559085114911389 0.0003609735626431473 0.0016432045338022295 0.0037298513813135781 -0.0011721923108174409 -0.0048583366239087333 -0.00012753793983775791
leaf_weight=119 1544 713 97 1707 58 2505
leaf_count=119 1544 713 97 1707 58 2505
internal_value=1.11315e-06 0.000308407 -0.000307507 -0.000442104 0.000157307 0.000265576
internal_weight=6743 3395 3348 3251 3276 3218
internal_count=6743 3395 3348 3251 3276 3218
is_linear=0
shrinkage=0.01


Tree=1020
num_leaves=7
num_cat=0
split_feature=11 20 4 0 19 18
split_gain=6.36345 15.4469 13.2826 15.782 20.5431 14.2678
threshold=0.024351395750452469 0.017821110889073882 0.043670562441908721 0.9083155331083449 302.52666666666727 306.15000000000003
decision_type=2 2 2 2 8 8
left_child=1 -1 -2 5 -5 -4
right_child=2 -3 3 4 -6 -7
leaf_value=0.00012686140566193116 -0.00076567243605999173 0.0040503681863395917 -0.0026318116229823471 0.006029682284946331 -0.001266945354090851 0.002707894386401699
leaf_weight=4416 1890 93 119 103 51 71
leaf_count=4416 1890 93 119 103 51 71
internal_value=1.15579e-06 0.000218782 -0.000432652 0.00133872 0.00362238 -0.000550821
internal_weight=6743 4509 2234 344 154 190
internal_count=6743 4509 2234 344 154 190
is_linear=0
shrinkage=0.01


Tree=1021
num_leaves=7
num_cat=0
split_feature=8 5 8 23 5 1
split_gain=6.33272 15.6998 11.8856 13.8685 19.5052 14.7408
threshold=2.3485500000000004 0.24952211262292703 13.504050000000001 16.010833333333373 0.26450408601866443 1.2257384110307505
decision_type=2 2 2 8 2 2
left_child=1 -1 3 -2 5 -5
right_child=2 -3 -4 4 -6 -7
leaf_value=-0.00053685872386106189 0.00012146337199317036 0.0039528832863331498 0.00012096345611922059 -0.0021027841596744368 0.00024969325970030493 -0.0069718754349276423
leaf_weight=170 500 126 5429 231 197 90
leaf_count=170 500 126 5429 231 197 90
internal_value=1.26641e-06 0.00140836 -6.38695e-05 -0.0010509 -0.00218233 -0.00366755
internal_weight=6743 296 6447 1018 518 321
internal_count=6743 296 6447 1018 518 321
is_linear=0
shrinkage=0.01


Tree=1022
num_leaves=7
num_cat=0
split_feature=11 11 14 21 25 1
split_gain=6.3629 8.85216 24.0782 27.4181 15.9212 18.6586
threshold=0.005461940290605218 0.011130594959556159 0.17021881020370608 295.26509884647101 2.7000000000000175 1.7801932367149762
decision_type=2 2 2 10 10 2
left_child=-1 2 4 -4 5 -2
right_child=1 -3 3 -5 -6 -7
leaf_value=-0.002933619340422423 0.0045205951671974335 -8.6180882617049981e-05 -0.0012750691237588283 0.005352883578012258 0.0076811051276856898 -0.0019684848163085871
leaf_weight=63 92 6008 385 64 63 68
leaf_count=63 92 6008 385 64 63 68
internal_value=1.17724e-06 3.46942e-05 0.00111546 -0.000212503 0.00372652 0.00175035
internal_weight=6743 6680 672 449 223 160
internal_count=6743 6680 672 449 223 160
is_linear=0
shrinkage=0.01


Tree=1023
num_leaves=7
num_cat=0
split_feature=19 21 20 16 16 15
split_gain=6.3092 21.0612 27.625 28.3192 23.2528 50.3208
threshold=274.571666666667 288.97132444058144 0.0061136668346191405 0.42635369841027193 0.44852165972410324 1.0996747678767687
decision_type=10 10 2 2 2 2
left_child=-1 2 -2 -4 5 -3
right_child=1 4 3 -5 -6 -7
leaf_value=-0.00033051064396611476 -0.0056598415508440983 -0.00086706061569887655 -0.0036200151149183512 0.0019376674314485268 0.00012414145347239985 0.004506817446543852
leaf_weight=3077 117 298 140 225 2494 392
leaf_count=3077 117 298 140 225 2494 392
internal_value=1.30305e-06 0.000282668 -0.00163913 -0.000207068 0.000580944 0.00219241
internal_weight=6743 3666 482 365 3184 690
internal_count=6743 3666 482 365 3184 690
is_linear=0
shrinkage=0.01


Tree=1024
num_leaves=7
num_cat=0
split_feature=1 15 10 0 2 1
split_gain=6.38638 29.6735 25.1879 17.2733 8.50155 20.3627
threshold=2.9036477615512455 2.7332933188960888 0.033362775903970174 1.3668135484126223 0.42769294562960986 1.4753420904935914
decision_type=2 2 2 2 2 2
left_child=4 -2 3 -3 5 -1
right_child=1 2 -4 -5 -6 -7
leaf_value=0.00012622513076773127 0.0074572850993718026 -0.0067481007144670003 0.0042167693001561261 0.00025528575673147485 -0.00026050193454054012 0.0035009193847117086
leaf_weight=1334 54 54 66 71 4966 198
leaf_count=1334 54 54 66 71 4966 198
internal_value=1.20252e-06 0.00155506 -0.00035187 -0.00297185 -5.81469e-05 0.00058874
internal_weight=6743 245 191 125 6498 1532
internal_count=6743 245 191 125 6498 1532
is_linear=0
shrinkage=0.01


Tree=1025
num_leaves=7
num_cat=0
split_feature=5 9 14 7 0 15
split_gain=6.3038 13.3499 12.1074 11.0477 28.2434 20.5993
threshold=-0.027946940833313862 0.0097402452888510262 0.78060461047799456 1.0000000180025095e-35 0.97671930201683632 1.3180889115993872
decision_type=2 2 2 2 2 2
left_child=2 3 -1 -2 -5 -6
right_child=1 -3 -4 4 5 -7
leaf_value=0.00067134404005578479 0.00016824385287630031 0.0037473152925182759 -0.0052955743059283121 -2.6286717257607961e-05 -0.00013690063085120457 -0.0062345861136913292
leaf_weight=63 5516 86 54 790 94 140
leaf_count=63 5516 86 54 790 94 140
internal_value=1.34669e-06 4.50577e-05 -0.00220401 -7.74648e-06 -0.000957887 -0.00393207
internal_weight=6743 6626 117 6540 1024 234
internal_count=6743 6626 117 6540 1024 234
is_linear=0
shrinkage=0.01


Tree=1026
num_leaves=7
num_cat=0
split_feature=1 15 20 0 15 13
split_gain=6.37379 29.0423 13.6805 15.3753 8.4642 17.2136
threshold=2.9036477615512455 2.7332933188960888 0.0048994875400492086 1.3668135484126223 0.024460165809408501 36.106136586969377
decision_type=2 2 2 2 2 2
left_child=4 -2 3 -3 5 -1
right_child=1 2 -4 -5 -6 -7
leaf_value=0.00048347133595083472 0.0073923018867208161 -0.0054945554369543164 0.0028867613994516435 0.0011262098813186521 3.1559509002822984e-05 -0.0036520292685906352
leaf_weight=202 54 62 70 59 6116 180
leaf_count=202 54 62 70 59 6116 180
internal_value=1.19838e-06 0.00155352 -0.000333127 -0.00235038 -5.8091e-05 -0.00148314
internal_weight=6743 245 191 121 6498 382
internal_count=6743 245 191 121 6498 382
is_linear=0
shrinkage=0.01


Tree=1027
num_leaves=7
num_cat=0
split_feature=0 25 22 24 0 12
split_gain=6.31569 16.8374 21.6429 12.0336 7.39329 32.0935
threshold=1.2723730332504524 0.70000000000001716 30.500000000000032 2.3000000000000118 0.92503452642932948 1.1839263696174613
decision_type=2 10 10 10 2 2
left_child=4 -2 -3 -4 -1 -6
right_child=1 2 3 -5 5 -7
leaf_value=0.00017056752272272987 -0.0024314076915173464 0.0081821723189204939 -0.0025378947527173699 0.0037005523877839249 -0.00015781106415405785 -0.0045885518947098823
leaf_weight=4499 61 50 53 50 1860 170
leaf_count=4499 61 50 53 50 1860 170
internal_value=1.25709e-06 0.00165378 0.0033931 0.000461467 -5.38243e-05 -0.000554434
internal_weight=6743 214 153 103 6529 2030
internal_count=6743 214 153 103 6529 2030
is_linear=0
shrinkage=0.01


Tree=1028
num_leaves=7
num_cat=0
split_feature=17 0 4 16 0 13
split_gain=6.32149 21.7099 19.2447 18.29 18.1985 17.0978
threshold=1.0000000180025095e-35 1.0002375396795216 -0.013766901651606876 0.13573476045713104 0.93894474215316082 62.738140707356202
decision_type=2 2 2 2 2 2
left_child=3 -2 -3 4 -1 -5
right_child=1 2 -4 5 -6 -7
leaf_value=0 -6.8758887601177515e-06 -0.0049375769915335618 -0.00043829812379513245 0.00026422909250064424 0.0076743860988680163 -0.0047983426987315506
leaf_weight=63 2960 169 219 3218 56 58
leaf_count=63 2960 169 219 3218 56 58
internal_value=1.24951e-06 -0.000305127 -0.00249798 0.000306331 0.00400319 0.000157226
internal_weight=6743 3348 388 3395 119 3276
internal_count=6743 3348 388 3395 119 3276
is_linear=0
shrinkage=0.01


Tree=1029
num_leaves=7
num_cat=0
split_feature=1 18 21 18 7 22
split_gain=6.32879 8.0708 26.7375 38.7014 27.0558 25.5468
threshold=0.77794842134644016 262.15000000000003 286.4309981405035 287.55000000000007 1.0000000180025095e-35 25.900000000000038
decision_type=2 10 10 10 2 8
left_child=-1 5 3 -3 -4 -2
right_child=1 2 4 -5 -6 -7
leaf_value=-0.0013722137161231304 0.0013699384119366343 0.003685795035213232 0.0010602154970489703 -0.0037705164197560205 -0.0013054856431938783 -0.00090032834097930625
leaf_weight=309 643 80 2814 298 571 2028
leaf_count=309 643 80 2814 298 571 2028
internal_value=1.17405e-06 7.07114e-05 0.000369988 -0.00211236 0.000655541 -0.000346997
internal_weight=6743 6434 3763 378 3385 2671
internal_count=6743 6434 3763 378 3385 2671
is_linear=0
shrinkage=0.01


Tree=1030
num_leaves=7
num_cat=0
split_feature=19 19 18 19 18 4
split_gain=6.2954 11.4215 9.81795 24.5868 15.5934 27.1481
threshold=119.30166666666683 153.3066666666667 191.60000000000005 220.32333333333347 262.15000000000003 0.1756458525304864
decision_type=8 8 10 10 10 2
left_child=-1 -2 -3 -4 5 -5
right_child=1 2 3 4 -6 -7
leaf_value=-0.0025398955536002177 0.0028059003597176442 -0.0012348516255484782 0.0024223004887045257 -0.001259627558279835 0.00025989146362687067 0.0039680217786358211
leaf_weight=86 136 596 414 1484 3931 96
leaf_count=86 136 596 414 1484 3931 96
internal_value=1.11444e-06 3.92014e-05 -2.11768e-05 0.000101098 -7.55372e-05 -0.00091275
internal_weight=6743 6657 6521 5925 5511 1580
internal_count=6743 6657 6521 5925 5511 1580
is_linear=0
shrinkage=0.01


Tree=1031
num_leaves=7
num_cat=0
split_feature=11 11 14 25 25 23
split_gain=6.29299 8.72548 23.5032 26.6592 15.5348 17.5848
threshold=0.005461940290605218 0.011130594959556159 0.17021881020370608 6.900000000000035 2.7000000000000175 11.799166666666697
decision_type=2 2 2 10 10 8
left_child=-1 2 4 -4 5 -2
right_child=1 -3 3 -5 -6 -7
leaf_value=-0.0029174525099997855 0.0039832578499156696 -8.5486719454932697e-05 -0.0016574533297720928 0.0037310236590728163 0.0075943572186443912 -0.0025605932088007054
leaf_weight=63 107 6008 334 115 63 53
leaf_count=63 107 6008 334 115 63 53
internal_value=1.16878e-06 3.45092e-05 0.00110752 -0.000204327 0.00368718 0.00173367
internal_weight=6743 6680 672 449 223 160
internal_count=6743 6680 672 449 223 160
is_linear=0
shrinkage=0.01


Tree=1032
num_leaves=7
num_cat=0
split_feature=1 15 10 1 2 17
split_gain=6.21506 28.3343 24.5021 9.2634 8.4382 21.5567
threshold=2.9036477615512455 2.7332933188960888 0.033362775903970174 4.0009489392902227 0.42769294562960986 1.0000000180025095e-35
decision_type=2 2 2 2 2 2
left_child=4 -2 3 -3 5 -1
right_child=1 2 -4 -5 -6 -7
leaf_value=0.0025304528206616991 0.0073013963866833363 -0.0056426081674603315 0.0041758385450138078 -0.00020847599767148496 -0.00025888813009859556 -0.00012313167807453268
leaf_weight=407 54 55 66 70 4966 1125
leaf_count=407 54 55 66 70 4966 1125
internal_value=1.24723e-06 0.00153414 -0.000328776 -0.00291443 -5.72807e-05 0.000587188
internal_weight=6743 245 191 125 6498 1532
internal_count=6743 245 191 125 6498 1532
is_linear=0
shrinkage=0.01


Tree=1033
num_leaves=7
num_cat=0
split_feature=24 15 8 15 8 23
split_gain=6.26997 7.61423 15.067 20.3249 10.2648 12.8279
threshold=-12.599999999999964 14.221402389679634 1.4706000000000004 1.0996747678767687 13.504050000000001 16.010833333333373
decision_type=8 2 2 2 2 8
left_child=-1 2 3 -2 5 -4
right_child=1 -3 4 -5 -6 -7
leaf_value=-0.0023435007515113936 -0.00055616596298407503 -0.0022135255811735989 0.00018454738373660236 0.0058282144961080383 0.0001885215656609664 -0.0020188641852641465
leaf_weight=102 87 136 523 95 5294 506
leaf_count=102 87 136 523 95 5294 506
internal_value=1.32028e-06 4.23076e-05 9.43304e-05 0.00285424 8.92914e-06 -0.000898335
internal_weight=6743 6641 6505 182 6323 1029
internal_count=6743 6641 6505 182 6323 1029
is_linear=0
shrinkage=0.01


Tree=1034
num_leaves=7
num_cat=0
split_feature=11 9 17 7 0 25
split_gain=6.27507 7.31107 27.101 12.0307 26.7709 12.873
threshold=0.047623304218267402 0.0097402452888510262 1.0000000180025095e-35 1.0000000180025095e-35 0.80572152912550832 -1.6999999999999884
decision_type=2 2 2 2 2 8
left_child=1 3 -3 5 -5 -1
right_child=-2 2 -4 4 -6 -7
leaf_value=-0.0008400809710889884 -0.0015175586417442281 0.0072147875397105612 -0.0018213116235306693 0.00092587953496770057 -0.0023427724040005335 0.00043432740402914399
leaf_weight=952 251 52 62 418 589 4419
leaf_count=952 251 52 62 418 589 4419
internal_value=1.26367e-06 6.37675e-05 0.00246921 1.54092e-05 -0.000980378 0.000205441
internal_weight=6743 6492 114 6378 1007 5371
internal_count=6743 6492 114 6378 1007 5371
is_linear=0
shrinkage=0.01


Tree=1035
num_leaves=7
num_cat=0
split_feature=16 18 5 16 7 6
split_gain=6.25287 13.6282 13.4554 11.3213 10.3622 16.6744
threshold=9.8750780850906139 314.75000000000006 0.26525782559187927 9.2397129071248987 1.0000000180025095e-35 1.6996518539720642
decision_type=2 10 2 2 2 2
left_child=3 2 -2 4 -1 -6
right_child=1 -3 -4 -5 5 -7
leaf_value=0.00018026135587014057 -0.005371537778369787 0.0021878856694540726 -0.00034799743162961135 0.0029552485830241578 -0.0014089034507313342 0.0025677885880944235
leaf_weight=5357 91 68 126 123 869 109
leaf_count=5357 91 68 126 123 869 109
internal_value=1.25183e-06 -0.00142101 -0.00264252 6.76641e-05 5.45365e-06 -0.000934068
internal_weight=6743 285 217 6458 6335 978
internal_count=6743 285 217 6458 6335 978
is_linear=0
shrinkage=0.01


Tree=1036
num_leaves=7
num_cat=0
split_feature=5 14 11 20 4 23
split_gain=6.24284 11.9283 8.37919 11.0148 14.4979 24.5589
threshold=-0.027946940833313862 0.78060461047799456 0.047001379413421168 0.016884725634308706 0.017095265926358818 15.760000000000007
decision_type=2 2 2 2 2 8
left_child=1 -1 3 -2 -5 -6
right_child=2 -3 -4 4 5 -7
leaf_value=0.00066026233638595306 -6.1503674431137535e-05 -0.0052619053027592603 -0.0017563529145498311 0.00039093787959871022 0.0008415142244761921 0.0078228679905303668
leaf_weight=63 5390 54 238 771 158 69
leaf_count=63 5390 54 238 771 158 69
internal_value=1.2506e-06 -0.00219341 4.47571e-05 0.000116065 0.00107609 0.00324633
internal_weight=6743 117 6626 6388 998 227
internal_count=6743 117 6626 6388 998 227
is_linear=0
shrinkage=0.01


Tree=1037
num_leaves=7
num_cat=0
split_feature=11 4 0 0 9 5
split_gain=6.21792 12.9832 15.4974 12.9162 27.0378 12.3123
threshold=0.024351395750452469 0.043670562441908721 0.9083155331083449 0.92307697531762833 -0.00079535369105581701 0.017363785351638471
decision_type=2 2 2 2 2 2
left_child=5 3 -3 -2 -5 -1
right_child=1 2 -4 4 -6 -7
leaf_value=-0.0028591810325012796 -0.00034608656652281532 -0.0005482841994104092 0.0035867641034831362 -0.0057886154660062019 -0.00016476461291518307 0.00030621033341075686
leaf_weight=116 1537 190 154 136 217 4393
leaf_count=116 1537 190 154 136 217 4393
internal_value=1.27712e-06 -0.000427524 0.00132365 -0.000756808 -0.00245879 0.000216417
internal_weight=6743 2234 344 1890 353 4509
internal_count=6743 2234 344 1890 353 4509
is_linear=0
shrinkage=0.01


Tree=1038
num_leaves=7
num_cat=0
split_feature=11 11 16 4 19 22
split_gain=6.22829 8.51082 21.3579 19.5402 19.4558 28.9286
threshold=0.005461940290605218 0.011130594959556159 0.16141001749377407 -0.08395033087621008 244.32500000000024 32.000000000000036
decision_type=2 2 2 2 10 10
left_child=-1 2 3 -2 -4 -6
right_child=1 -3 4 -5 5 -7
leaf_value=-0.0029024523453251138 0.0008405053922642936 -8.4196345943918075e-05 0.0026479810768217649 0.0077707429991569366 -0.0045277570490725337 0.0012408206396988437
leaf_weight=63 96 6008 176 70 148 182
leaf_count=63 96 6008 176 70 148 182
internal_value=1.11903e-06 3.42953e-05 0.00109403 0.00409519 2.97993e-05 -0.00137396
internal_weight=6743 6680 672 166 506 330
internal_count=6743 6680 672 166 506 330
is_linear=0
shrinkage=0.01


Tree=1039
num_leaves=7
num_cat=0
split_feature=20 16 19 22 2 8
split_gain=6.21136 17.1373 29.0223 33.198 17.329 15.3601
threshold=0.0048994875400492086 0.14120436663634647 248.00833333333313 33.10000000000003 0.66305655650227602 207.53325000000004
decision_type=2 2 8 10 2 2
left_child=1 -1 4 -4 -3 -2
right_child=5 2 3 -5 -6 -7
leaf_value=0.0034231037849729714 -0.00013713431896594471 0.0046370630852426544 -0.0041685383319073725 -3.38406713368992e-05 1.4965147314466196e-05 0.0011232855663898956
leaf_weight=89 4059 89 385 392 474 1255
leaf_count=89 4059 89 385 392 474 1255
internal_value=1.18166e-06 -0.000580248 -0.000876936 -0.00212221 0.000831261 0.00016021
internal_weight=6743 1429 1340 777 563 5314
internal_count=6743 1429 1340 777 563 5314
is_linear=0
shrinkage=0.01


Tree=1040
num_leaves=7
num_cat=0
split_feature=0 16 9 20 16 1
split_gain=6.18764 12.3169 12.7235 8.29914 20.6334 17.7308
threshold=1.2519505216138527 0.74691187563582562 0.00054545454545454439 0.0078375534055355033 0.34502357469075912 1.188344594594595
decision_type=2 2 2 2 2 2
left_child=3 -2 -3 -1 -5 -6
right_child=1 2 -4 4 5 -7
leaf_value=-0.00047678270947228152 0.0054236647604604159 0.0027745666948024821 -0.0022506712270471468 -0.0010315286271089131 -4.8139414553245603e-07 0.0015865250931448619
leaf_weight=2725 52 89 92 936 1644 1205
leaf_count=2725 52 89 92 936 1644 1205
internal_value=1.24179e-06 0.00156947 0.000183841 -5.56741e-05 0.000245324 0.000670455
internal_weight=6743 233 181 6510 3785 2849
internal_count=6743 233 181 6510 3785 2849
is_linear=0
shrinkage=0.01


Tree=1041
num_leaves=7
num_cat=0
split_feature=19 19 0 19 22 0
split_gain=6.16518 11.2161 9.42328 7.51078 24.2494 24.3411
threshold=119.30166666666683 153.3066666666667 0.86022095651344699 274.571666666667 25.900000000000038 0.85716354175959775
decision_type=8 8 2 10 8 2
left_child=-1 2 -2 4 -3 -6
right_child=1 3 -4 -5 5 -7
leaf_value=-0.0025132807282473853 0 0.0013482629713888112 0.0050258434111843022 0.00027674780283686013 0.00015570076416350994 -0.0019116732667307788
leaf_weight=86 64 606 72 3666 1114 1135
leaf_count=86 64 606 72 3666 1114 1135
internal_value=1.28899e-06 3.8995e-05 0.0027807 -2.08243e-05 -0.000406048 -0.000887055
internal_weight=6743 6657 136 6521 2855 2249
internal_count=6743 6657 136 6521 2855 2249
is_linear=0
shrinkage=0.01


Tree=1042
num_leaves=7
num_cat=0
split_feature=16 18 5 16 7 0
split_gain=6.1746 13.3655 13.2309 11.0533 10.1978 29.5691
threshold=9.8750780850906139 314.75000000000006 0.26525782559187927 9.2397129071248987 1.0000000180025095e-35 0.71059898644537733
decision_type=2 10 2 2 2 2
left_child=3 2 -2 4 -1 -6
right_child=1 -3 -4 -5 5 -7
leaf_value=0.00017925844350500885 -0.005327984843181797 0.0021614726612236923 -0.00034565687412396073 0.002920539209591155 0.0020063038907999937 -0.0019336259399332647
leaf_weight=5357 91 68 126 123 245 733
leaf_count=5357 91 68 126 123 245 733
internal_value=1.31708e-06 -0.001412 -0.00262174 6.73215e-05 5.83191e-06 -0.000926191
internal_weight=6743 285 217 6458 6335 978
internal_count=6743 285 217 6458 6335 978
is_linear=0
shrinkage=0.01


end of trees

feature_importances:
BG=575
catchment_area_sqkm=446
pct_forest_2006=416
pct_wetland_2006=416
pct_impervious_2006=406
BR=403
MNDWI=351
green_corr7=341
srad_Wm2_prev30=287
temp_corr7=285
pct_urban_2006=266
fai=263
srad_Wm2_prev1=189
NDWI=181
NDVI=177
tmean_degC_prev30=168
atm_corr_LaSRC=162
nir_corr7=150
tmax_degC_prev30=136
NR=127
swir1_corr7=109
tmin_degC_prev7=100
tmin_degC_prev30=93
pct_cropland_2006=83
shore_flag=82
NDSSI=46

parameters:
[boosting: gbdt]
[objective: regression]
[metric: rmse]
[tree_learner: serial]
[device_type: cpu]
[data_sample_strategy: bagging]
[data: ]
[valid: ]
[num_iterations: 5000]
[learning_rate: 0.01]
[num_leaves: 7]
[num_threads: 0]
[seed: 0]
[deterministic: 0]
[force_col_wise: 0]
[force_row_wise: 0]
[histogram_pool_size: -1]
[max_depth: -1]
[min_data_in_leaf: 50]
[min_sum_hessian_in_leaf: 0.001]
[bagging_fraction: 0.7]
[pos_bagging_fraction: 1]
[neg_bagging_fraction: 1]
[bagging_freq: 0]
[bagging_seed: 3]
[bagging_by_query: 0]
[feature_fraction: 0.7]
[feature_fraction_bynode: 1]
[feature_fraction_seed: 2]
[extra_trees: 0]
[extra_seed: 6]
[early_stopping_round: 0]
[early_stopping_min_delta: 0]
[first_metric_only: 0]
[max_delta_step: 0]
[lambda_l1: 1]
[lambda_l2: 10]
[linear_lambda: 0]
[min_gain_to_split: 0]
[drop_rate: 0.1]
[max_drop: 50]
[skip_drop: 0.5]
[xgboost_dart_mode: 0]
[uniform_drop: 0]
[drop_seed: 4]
[top_rate: 0.2]
[other_rate: 0.1]
[min_data_per_group: 100]
[max_cat_threshold: 32]
[cat_l2: 10]
[cat_smooth: 10]
[max_cat_to_onehot: 4]
[top_k: 20]
[monotone_constraints: ]
[monotone_constraints_method: basic]
[monotone_penalty: 0]
[feature_contri: ]
[forcedsplits_filename: ]
[refit_decay_rate: 0.9]
[cegb_tradeoff: 1]
[cegb_penalty_split: 0]
[cegb_penalty_feature_lazy: ]
[cegb_penalty_feature_coupled: ]
[path_smooth: 0]
[interaction_constraints: ]
[verbosity: -1]
[saved_feature_importance_type: 0]
[use_quantized_grad: 0]
[num_grad_quant_bins: 4]
[quant_train_renew_leaf: 0]
[stochastic_rounding: 1]
[linear_tree: 0]
[max_bin: 255]
[max_bin_by_feature: ]
[min_data_in_bin: 3]
[bin_construct_sample_cnt: 200000]
[data_random_seed: 1]
[is_enable_sparse: 1]
[enable_bundle: 1]
[use_missing: 1]
[zero_as_missing: 0]
[feature_pre_filter: 1]
[pre_partition: 0]
[two_round: 0]
[header: 0]
[label_column: ]
[weight_column: ]
[group_column: ]
[ignore_column: ]
[categorical_feature: ]
[forcedbins_filename: ]
[precise_float_parser: 0]
[parser_config_file: ]
[objective_seed: 5]
[num_class: 1]
[is_unbalance: 0]
[scale_pos_weight: 1]
[sigmoid: 1]
[boost_from_average: 1]
[reg_sqrt: 0]
[alpha: 0.9]
[fair_c: 1]
[poisson_max_delta_step: 0.7]
[tweedie_variance_power: 1.5]
[lambdarank_truncation_level: 30]
[lambdarank_norm: 1]
[label_gain: ]
[lambdarank_position_bias_regularization: 0]
[eval_at: ]
[multi_error_top_k: 1]
[auc_mu_weights: ]
[num_machines: 1]
[local_listen_port: 12400]
[time_out: 120]
[machine_list_filename: ]
[machines: ]
[gpu_platform_id: -1]
[gpu_device_id: -1]
[gpu_device_id_list: ]
[gpu_use_dp: 0]
[num_gpu: 1]

end of parameters

pandas_categorical:[]
