tree
version=v4
num_class=1
num_tree_per_iteration=1
label_index=0
max_feature_idx=22
objective=regression
feature_names=BG BR MNDWI NDSSI NDVI NR atm_corr_LaSRC catchment_area_sqkm elevation_m fai green_corr7 nir_corr7 pct_cropland_2006 pct_forest_2006 pct_impervious_2006 pct_wetland_2006 srad_Wm2_prev1 srad_Wm2_prev30 swir1_corr7 temp_corr7 tmax_degC_prev30 tmean_degC_prev30 tmin_degC_prev30
feature_infos=[0.0012370235446707079:2.2033088716179861] [-105.87161617224014:92.127279903956847] [0.024880271524219028:1.0147035521805805] [-0.99111252421617468:1] [-1:1.0917556111650639] [-22.797032079074647:14.055159328485072] [0:1] [0.16289999999999999:2666.5794000000001] [590:3404] [-0.096525252525252514:0.057571340836246272] [0.0050000000000000001:0.20000000000000001] [0:0.13300000000000001] [0:76.178382012400093] [0:94.2222222222222] [0:43.09341660161332] [0:33.866154426645622] [37.200000000000003:362.20000000000005] [65.353333333332927:345.65666666666664] [-0.00084055664459738036:0.060136068068232663] [272.92729375140908:306.76999999999998] [5.3500000000000227:44.550000000000011] [-2.0366666666666275:31.364999999999917] [-27.449999999999989:20.650000000000034]
tree_sizes=737 780 768 779 764 772 765 780 770 772 786 770 774 771 779 775 780 780 782 774 780 777 781 773 767 781 778 780 776 778 774 784 771 783 770 774 783 773 783 778 779 779 776 780 772 779 773 778 770 783 773 772 774 781 782 782 772 776 774 771 780 774 779 778 781 785 773 777 768 777 776 776 772 781 783 772 776 776 775 776 780 775 785 787 777 768 784 782 779 770 773 772 777 775 778 768 776 778 769 774 779 786 776 774 783 778 781 780 771 790 774 778 776 777 772 773 770 789 777 780 777 771 774 776 781 764 775 784 783 782 775 780 779 770 778 779 779 771 776 776 775 777 774 775 786 784 772 771 774 776 775 787 772 773 781 773 778 779 770 779 772 785 774 773 786 785 774 774 779 767 788 780 760 765 770 771 778 779 777 778 772 776 781 783 777 770 777 770 777 783 774 772 782 765 784 767 770 778 774 788 779 784 790 771 773 777 774 772 780 774 795 780 778 782 782 777 777 779 778 787 781 772 770 775 771 774 771 766 778 771 778 778 770 772 773 782 779 784 771 772 785 775 782 766 778 779 775 775 776 779 776 771 766 771 782 769 774 770 779 781 780 785 774 772 778 785 772 771 774 784 785 776 772 776 769 763 774 770 783 781 774 778 778 779 768 778 782 779 781 778 774 785 772 789 772 782 766 769 776 771 784 766 777 775 771 774 766 776 776 776 773 777 766 776 785 765 774 793 769 773 772 786 780 776 779 792 760 782 771 786 779 774 779 767 780 777 771 773 777 774 781 776 784 780 781 774 782 776 777 777 773 773 770 780 774 780 790 776 777 771 775 773 765 773 777 784 771 770 772 780 773 773 773 783 762 769 771 776 779 776 773 775 774 781 778 776 777 778 772 791 780 775 781 785 783 783 780 774 784 767 781 783 784 779 784 790 781 775 786 783 775 774 787 772 779 775 777 774 782 780 766 787 782 785 775 780 775 779 777 769 770 783 794 787 787 780 790 778 760 778 767 774 786 773 775 779 784 774 785 784 779 777 772 784 758 783 774 773 765 782 781 784 780 780 780 783 773 782 771 786 782 782 784 780 780 788 770 784 779 768 783 774 781 787 789 773 768 773 771 780 773 770 782 789 767 781 776 788 775 776 781 786 780 783 783 779 777 778 781 784 768 766 783 781 772 783 776 781 793 783 777 783 783 776 778 774 780 774 778 770 776 791 775 796 764 794 779 782 782 783 784 776 781 791 784 783 776 777 782 783 774 768 780 776 781 776 782 800 777 779 784 777 774 786 780 784 778 793 774 779 771 780 776 792 771 776 777 774 781 786 787 772 779 782 786 778 775 787 779 774 787 775 787 771 768 776 777 786 779 795 788 778 783 777 778 768 784 770 781 780 780 777 782 788 776 779 779 787 772 776 784 780 779 789 772 793 782 783 789 770 781 771 772 775 779 774 783 771 780 771 777 779 776 769 782 775 783 785 763 792 774 772 773 781 789 773 781 771 791 784 780 779 786 769 782 778 790 788 781 775 773 788 781 789 779 775 785 769 788 791 767 781 775 786 770 775 787 784 773 789 787 788 789 778 770 790 775 790 771 779 786 767 777 774 790 783 781 773 790 771 784 774 781 790 768 790 784 786 776 777 766 784 785 774 780 798 776 767 771 789 778 786 781 776 779 783 783 791 781 785 780 781 788 788 768 785 781 773 777 775 781 786 773 781 769 786 776 779 787 784 779 771 782 776 788 783 786 795 781 775 767 774 776 779 778 777 782 766 763 789 780 778 779 776 787 780 786 770 784 766 774 772 776 771 789 782 770 788 778 779 770 778 785 772 789 778 779 773 775 781 777 774 791 779 776 789 787 778 780 778 789 787 784 790 769 765 788 770 770 779 785 771 780 782 780 777 763 778 778 782 767 789 778 789 784 768 774 773 783 783 774 773 781 766 777 784 776 781 778 781 770 783 772 773 791 776 782 766 783 768 781 783 797 769 786 772 784 779 779 782 783 772 778 785 772 782 774 775 765 775 786 792 771 778 773 782 782 776 784 778 771 778 779 769 786 783 792 780 781 788 775 798 773 779 777 770 780 778 785 785 778 784 787 781 791 773

Tree=0
num_leaves=7
num_cat=0
split_feature=0 10 10 0 10 4
split_gain=13001.6 3415.81 2591.9 1311.4 1066.32 507.217
threshold=0.90188618595086767 0.051132097672194635 0.022009118257899463 1.0886072067415673 0.02714946328841409 -0.20049175162722147
decision_type=2 2 2 2 2 2
left_child=1 4 -2 5 -1 -4
right_child=2 -3 3 -5 -6 -7
leaf_value=3.1174708412169707 3.1440929912748645 3.0866841063596508 3.0999955022307701 3.1379886738377705 3.1015627457973935 3.1184260129312711
leaf_weight=534 585 1723 157 342 1868 1599
leaf_count=534 585 1723 157 342 1868 1599
internal_value=3.10852 3.09739 3.12562 3.12033 3.10512 3.11674
internal_weight=6808 4125 2683 2098 2402 1756
internal_count=6808 4125 2683 2098 2402 1756
is_linear=0
shrinkage=1


Tree=1
num_leaves=7
num_cat=0
split_feature=9 10 8 14 10 9
split_gain=11879.3 4651.22 1104.15 945.166 640.797 619.349
threshold=-0.0052929292929292937 0.024186181654504809 1393.5000000000002 2.6415040341048548 0.034137739864056486 -0.014174574382151561
decision_type=2 2 2 2 2 2
left_child=5 2 -2 4 -3 -1
right_child=1 3 -4 -5 -6 -7
leaf_value=-0.024071697105419607 0.042102426261823069 0.009033153790791934 0.019834046827079392 -0.01721251518322298 0.0003172087233626651 -0.013046855045238472
leaf_weight=1208 338 1713 737 198 1654 960
leaf_count=1208 338 1713 737 198 1654 960
internal_value=6.83043e-07 0.00902784 0.0271591 0.00349979 0.00476516 -0.0192722
internal_weight=6808 4640 1075 3565 3367 2168
internal_count=6808 4640 1075 3565 3367 2168
is_linear=0
shrinkage=0.01


Tree=2
num_leaves=7
num_cat=0
split_feature=1 5 2 1 15 17
split_gain=10441.9 2780.8 2727.55 1520.84 1014.04 735.057
threshold=1.188344594594595 0.87104695929672726 0.53150748479627896 1.5971701809513206 4.539228846181163 195.58000000000013
decision_type=2 2 2 2 2 10
left_child=2 4 -1 5 -2 -3
right_child=1 3 -4 -5 -6 -7
leaf_value=-0.0017622333490028977 0.0057844493562778636 0.045829066206370631 -0.020810292947274159 0.029693261578549266 -0.013215670629728647 0.010181172427314015
leaf_weight=1240 1245 52 1907 815 352 1197
leaf_count=1240 1245 52 1907 815 352 1197
internal_value=9.24895e-07 0.0114689 -0.0133342 0.0191066 0.00154039 0.0120175
internal_weight=6808 3661 3147 2064 1597 1249
internal_count=6808 3661 3147 2064 1597 1249
is_linear=0
shrinkage=0.01


Tree=3
num_leaves=7
num_cat=0
split_feature=0 10 10 0 10 10
split_gain=12422 3219.62 2469.13 1268.26 1005.17 482.351
threshold=0.90188618595086767 0.051132097672194635 0.022009118257899463 1.0886072067415673 0.02714946328841409 0.039153429752138071
decision_type=2 2 2 2 2 2
left_child=1 4 -2 5 -1 -4
right_child=2 -3 3 -5 -6 -7
leaf_value=0.0086174884909311963 0.034744322409782903 -0.021273605135997378 0.011567183600618668 0.028915740928483005 -0.0068280971037167279 0.00031443583244388857
leaf_weight=534 585 1723 1199 342 1868 557
leaf_count=534 585 1723 1199 342 1868 557
internal_value=1.73253e-06 -0.0108833 0.0167153 0.0115471 -0.00337282 0.00801982
internal_weight=6808 4125 2683 2098 2402 1756
internal_count=6808 4125 2683 2098 2402 1756
is_linear=0
shrinkage=0.01


Tree=4
num_leaves=7
num_cat=0
split_feature=15 7 13 7 20 8
split_gain=7994.79 2033.37 2187.53 1413.1 1345.67 827.323
threshold=4.127146804264183 27.407250000000005 14.336054348101307 390.01365000000004 33.900000000000041 1274.0000000000002
decision_type=2 2 2 2 10 2
left_child=1 -1 3 -3 -5 -4
right_child=-2 2 5 4 -6 -7
leaf_value=-0.0013465764057882738 -0.018041607182893743 -0.0011264311928685896 0.038618481304046923 0.027091251019864006 0.0023514668642384039 0.017670638892072547
leaf_weight=1993 1796 1208 280 460 417 654
leaf_count=1993 1796 1208 280 460 417 654
internal_value=2.53738e-06 0.00649153 0.0116532 0.00590213 0.015487 0.0242931
internal_weight=6808 5012 3019 2085 877 934
internal_count=6808 5012 3019 2085 877 934
is_linear=0
shrinkage=0.01


Tree=5
num_leaves=7
num_cat=0
split_feature=0 10 10 0 10 8
split_gain=12059.8 3125.25 2400.07 1227.5 812.418 580.109
threshold=0.90188618595086767 0.046186707357564374 0.022009118257899463 1.0886072067415673 0.02714946328841409 1393.5000000000002
decision_type=2 2 2 2 2 2
left_child=1 4 5 -4 -1 -2
right_child=2 -3 3 -5 -6 -7
leaf_value=0.0085045124555386681 0.047813259131144481 -0.019413860567734618 0.0079059580271132295 0.028463611151832581 -0.0057114584371726722 0.02554686099112587
leaf_weight=534 211 2058 1756 342 1533 374
leaf_count=534 211 2058 1756 342 1533 374
internal_value=3.46856e-06 -0.0107217 0.0164715 0.0113762 -0.00201556 0.0342466
internal_weight=6808 4125 2683 2098 2067 585
internal_count=6808 4125 2683 2098 2067 585
is_linear=0
shrinkage=0.01


Tree=6
num_leaves=7
num_cat=0
split_feature=12 7 13 17 8 2
split_gain=8018.16 2881.14 1836.34 1008.55 933.222 837.293
threshold=1.7580699840619169 25.272900000000003 17.877604077128598 208.63000000000019 1393.5000000000002 0.47066561544847985
decision_type=2 2 2 8 2 2
left_child=1 -1 3 5 -2 -3
right_child=4 2 -4 -5 -6 -7
leaf_value=-0.001999664036158505 -0.023542846106031724 0.050503126914799211 0.030616752421421898 0.0069836415457840721 -0.010022221432505665 0.014664919384861294
leaf_weight=1963 947 90 520 1909 1152 227
leaf_count=1963 947 90 520 1909 1152 227
internal_value=4.79955e-06 0.00724922 0.0138441 0.00980658 -0.016205 0.0260731
internal_weight=6808 4709 2746 2226 2099 317
internal_count=6808 4709 2746 2226 2099 317
is_linear=0
shrinkage=0.01


Tree=7
num_leaves=7
num_cat=0
split_feature=10 10 10 7 4 4
split_gain=10768.5 2624.53 2480.54 1037.22 910.543 726.306
threshold=0.034137739864056486 0.059030219190585417 0.020229433464281226 390.01365000000004 -0.06469505470195637 0.095791827111381123
decision_type=2 2 2 2 2 2
left_child=2 4 -1 5 -2 -4
right_child=1 -3 3 -5 -6 -7
leaf_value=0.03337104818336583 -0.0091291661601131547 -0.021853520754760072 0.0037006686718252702 0.022940241326140809 0.003461025623137421 0.020228734267817707
leaf_weight=555 1628 1387 1568 480 878 312
leaf_count=555 1628 1387 1568 480 878 312
internal_value=5.73719e-06 -0.0108659 0.0145124 0.00995529 -0.00472185 0.00653614
internal_weight=6808 3893 2915 2360 2506 1880
internal_count=6808 3893 2915 2360 2506 1880
is_linear=0
shrinkage=0.01


Tree=8
num_leaves=7
num_cat=0
split_feature=9 4 17 8 14 9
split_gain=10710.1 2091.01 1392.69 1225.97 685.173 586.867
threshold=-0.0052929292929292937 0.095791827111381123 208.63000000000019 1139.0000000000002 2.6415040341048548 0.014582862708571315
decision_type=2 2 8 2 2 2
left_child=-1 2 3 -2 -4 -3
right_child=1 5 4 -5 -6 -7
leaf_value=-0.018293428221790625 0.043287441302090883 0.026159244442775429 0.0043974646143549864 0.0082856883070516318 -0.016808420940302313 -0.0042167943174188788
leaf_weight=2168 162 705 3302 254 150 67
leaf_count=2168 162 705 3302 254 150 67
internal_value=6.45307e-06 0.00857787 0.00554614 0.0226124 0.00343011 0.0235028
internal_weight=6808 4640 3868 416 3452 772
internal_count=6808 4640 3868 416 3452 772
is_linear=0
shrinkage=0.01


Tree=9
num_leaves=7
num_cat=0
split_feature=9 10 1 1 7 20
split_gain=10498.7 4159.7 1872.93 836.096 647.944 796.749
threshold=-0.0052929292929292937 0.024186181654504809 1.1151635720601241 1.7452943036619037 390.01365000000004 38.10000000000003
decision_type=2 2 2 2 2 10
left_child=-1 3 -3 -2 -4 -6
right_child=1 2 4 -5 5 -7
leaf_value=-0.018111333872134257 0.018152395085721629 -0.0082086025401904225 0.0050017187176292334 0.036752879596129932 0.023628067643006224 -0.0026354300303876033
leaf_weight=2168 658 1010 1963 417 439 153
leaf_count=2168 658 1010 1963 417 439 153
internal_value=7.01643e-06 0.0084934 0.00326575 0.0256399 0.00781591 0.0169093
internal_weight=6808 4640 3565 1075 2555 592
internal_count=6808 4640 3565 1075 2555 592
is_linear=0
shrinkage=0.01


Tree=10
num_leaves=7
num_cat=0
split_feature=9 10 10 10 9 3
split_gain=10291.6 4078.6 822.565 568.748 547.842 393.267
threshold=-0.0052929292929292937 0.024186181654504809 0.034137739864056486 0.020229433464281226 -0.016066839631718881 0.44449837857206992
decision_type=2 2 2 2 2 2
left_child=4 3 -3 -2 -1 -4
right_child=1 2 5 -5 -6 -7
leaf_value=-0.022931576364266851 0.032531849431428825 0.0081026412452894232 -0.0025774581432179743 0.017323190740637637 -0.012634856312003211 0.018018245973757334
leaf_weight=1098 554 1751 1726 521 1070 88
leaf_count=1098 554 1751 1726 521 1070 88
internal_value=7.74684e-06 0.00841003 0.00323359 0.0253886 -0.0179311 -0.00148502
internal_weight=6808 4640 3565 1075 2168 1814
internal_count=6808 4640 3565 1075 2168 1814
is_linear=0
shrinkage=0.01


Tree=11
num_leaves=7
num_cat=0
split_feature=9 1 15 1 17 14
split_gain=10089.3 3718.89 1217.02 1096.93 857.071 574.825
threshold=-0.0052929292929292937 1.3506029782661633 1.0502361812124541 1.8910295415699132 195.58000000000013 0.11665875592132696
decision_type=2 2 2 2 8 2
left_child=-1 2 4 -3 5 -2
right_child=1 3 -4 -5 -6 -7
leaf_value=-0.017753374569422265 0.051716100225457924 0.013083417348897841 -0.0089749171829968302 0.028770540923756128 0.0032836787553977816 0.0054945758033971316
leaf_weight=2168 54 1515 937 646 1437 51
leaf_count=2168 54 1515 937 646 1437 51
internal_value=8.2242e-06 0.00832751 -4.12872e-05 0.0178838 0.0054101 0.0316956
internal_weight=6808 4640 2479 2161 1542 105
internal_count=6808 4640 2479 2161 1542 105
is_linear=0
shrinkage=0.01


Tree=12
num_leaves=7
num_cat=0
split_feature=1 4 2 1 13 17
split_gain=9070.22 2414.78 2378.17 1316.78 710.933 682.131
threshold=1.188344594594595 -0.068759918584266208 0.53150748479627896 1.5971701809513206 0.25968510979177462 195.58000000000013
decision_type=2 2 2 2 2 10
left_child=2 4 -1 5 -2 -3
right_child=1 3 -4 -5 -6 -7
leaf_value=-0.0016140372677398845 -0.010483745135780161 0.043772242742200047 -0.019400060832539083 0.027668332495952418 0.0051271037011377928 0.0094510566605838821
leaf_weight=1240 372 52 1907 815 1226 1196
leaf_count=1240 372 52 1907 815 1226 1196
internal_value=9.2511e-06 0.0106975 -0.0124192 0.0178187 0.00145044 0.0112177
internal_weight=6808 3661 3147 2063 1598 1248
internal_count=6808 3661 3147 2063 1598 1248
is_linear=0
shrinkage=0.01


Tree=13
num_leaves=7
num_cat=0
split_feature=9 1 7 1 1 17
split_gain=9743.88 3579.17 1461.69 1062.7 925.334 755.311
threshold=-0.0052929292929292937 1.3506029782661633 683.67465000000004 1.8910295415699132 1.0410771753502324 257.43166666666622
decision_type=2 2 2 2 2 10
left_child=-1 2 4 -3 -2 -4
right_child=1 3 5 -5 -6 -7
leaf_value=-0.017444928464273639 -0.012712116447098326 0.012836264579450011 0.048031290173107248 0.028275628935988627 0.0015785932972860372 0.0076842625419435619
leaf_weight=2168 609 1515 78 646 1684 108
leaf_count=2168 609 1515 78 646 1684 108
internal_value=9.95825e-06 0.00818558 -2.45747e-05 0.0175606 -0.00225561 0.0261913
internal_weight=6808 4640 2479 2161 2293 186
internal_count=6808 4640 2479 2161 2293 186
is_linear=0
shrinkage=0.01


Tree=14
num_leaves=7
num_cat=0
split_feature=0 9 0 9 13 7
split_gain=10688.4 2631.55 1921.99 798.12 685.364 397.233
threshold=0.90188618595086767 -0.0071147264878161287 1.0886072067415673 -0.0019766310093397017 0.25968510979177462 390.01365000000004
decision_type=2 2 2 2 2 2
left_child=1 -1 3 -2 -3 -6
right_child=2 4 -4 -5 5 -7
leaf_value=-0.019442734879640555 0.0016479412379003194 -0.012039055311887597 0.031870535669423508 0.015054070031235676 -0.0012976876876579094 0.017472579660248164
leaf_weight=1731 635 640 560 1488 1643 111
leaf_count=1731 635 640 560 1488 1643 111
internal_value=1.08597e-05 -0.0100861 0.0155143 0.0110708 -0.003268 -1.75145e-05
internal_weight=6808 4125 2683 2123 2394 1754
internal_count=6808 4125 2683 2123 2394 1754
is_linear=0
shrinkage=0.01


Tree=15
num_leaves=7
num_cat=0
split_feature=0 9 0 1 9 0
split_gain=10477.5 2579.6 1884.63 869.816 782.326 386.393
threshold=0.90188618595086767 -0.0071147264878161287 1.0886072067415673 1.1393369736268408 -0.0019766310093397017 0.98018130400616044
decision_type=2 2 2 2 2 2
left_child=1 -1 4 -3 -2 -6
right_child=2 3 -4 -5 5 -7
leaf_value=-0.019249424423122673 0.0016317173336811233 -0.009819312561579252 0.031557421782789266 0.0022462294072064458 0.010195680564710286 0.020681210136438578
leaf_weight=1731 635 1084 560 1310 835 653
leaf_count=1731 635 1084 560 1310 835 653
internal_value=1.1239e-05 -0.00998562 0.015361 -0.00323515 0.0109608 0.0149045
internal_weight=6808 4125 2683 2394 2123 1488
internal_count=6808 4125 2683 2394 2123 1488
is_linear=0
shrinkage=0.01


Tree=16
num_leaves=7
num_cat=0
split_feature=10 10 10 7 12 12
split_gain=9321.51 2260.26 2219.53 931.138 647.018 458.675
threshold=0.034137739864056486 0.059030219190585417 0.020229433464281226 390.01365000000004 1.8640302924067356 1.0988292737062391
decision_type=2 2 2 2 2 2
left_child=2 4 -1 -4 5 -2
right_child=1 -3 3 -5 -6 -7
leaf_value=0.03134580345999087 -0.0025764880001358133 -0.020299901103663528 0.0059613126542723471 0.021500309531862029 -0.012326531794391032 0.016589374541132539
leaf_weight=555 1660 1387 1880 480 721 125
leaf_count=555 1660 1387 1880 480 721 125
internal_value=1.16729e-05 -0.0101032 0.0135085 0.00919917 -0.00440138 -0.0011494
internal_weight=6808 3893 2915 2360 2506 1785
internal_count=6808 3893 2915 2360 2506 1785
is_linear=0
shrinkage=0.01


Tree=17
num_leaves=7
num_cat=0
split_feature=9 1 1 12 17 9
split_gain=9066.27 3368.46 995.561 932.287 762.601 505.143
threshold=-0.0052929292929292937 1.3506029782661633 1.8910295415699132 2.9727379293480429 207.32333333333295 -0.016066839631718881
decision_type=2 2 2 2 8 2
left_child=5 3 -3 4 -2 -1
right_child=1 2 -4 -5 -6 -7
leaf_value=-0.021622296736074697 0.024885310510802547 0.012420617244817071 0.027364239872137951 -0.011101729247450658 0.0014576509188357152 -0.011747309959092591
leaf_weight=1098 141 1515 646 576 1762 1070
leaf_count=1098 141 1515 646 576 1762 1070
internal_value=1.21457e-05 0.00789837 0.0169933 -6.62812e-05 0.0033145 -0.0168249
internal_weight=6808 4640 2161 2479 1903 2168
internal_count=6808 4640 2161 2479 1903 2168
is_linear=0
shrinkage=0.01


Tree=18
num_leaves=7
num_cat=0
split_feature=10 10 10 7 4 5
split_gain=9001.34 2169.36 2157.43 903.88 780.673 650.852
threshold=0.034137739864056486 0.059030219190585417 0.020229433464281226 390.01365000000004 -0.055758053945245266 1.2142227065974003
decision_type=2 2 2 2 2 2
left_child=2 4 -1 5 -2 -4
right_child=1 -3 3 -5 -6 -7
leaf_value=0.030861074465054986 -0.0081619329504586703 -0.019916922925096791 0.0031655977483079152 0.021146448358285188 0.0037479850297212529 0.018845456690403807
leaf_weight=555 1702 1387 1570 480 804 310
leaf_count=555 1702 1387 1570 480 804 310
internal_value=1.23418e-05 -0.00992732 0.0132754 0.00902698 -0.00434116 0.00583714
internal_weight=6808 3893 2915 2360 2506 1880
internal_count=6808 3893 2915 2360 2506 1880
is_linear=0
shrinkage=0.01


Tree=19
num_leaves=7
num_cat=0
split_feature=0 10 10 0 8 9
split_gain=9881.93 2487.94 1910.04 1125.31 807.147 631.771
threshold=0.86973021150202079 0.024186181654504809 0.046186707357564374 1.0886072067415673 1393.5000000000002 -0.0055438777828074248
decision_type=2 2 2 2 2 2
left_child=2 4 -1 5 -2 -3
right_child=1 3 -4 -5 -6 -7
leaf_value=-0.0035279358945173628 0.040258955586019878 -0.008822360674074034 -0.018252439413802252 0.024882374765554393 0.019455990761814739 0.0067352767342080564
leaf_weight=1633 296 297 1918 302 592 1770
leaf_count=1633 296 297 1918 302 592 1770
internal_value=1.29472e-05 0.0125728 -0.01151 0.0071642 0.0267614 0.00446814
internal_weight=6808 3257 3551 2369 888 2067
internal_count=6808 3257 3551 2369 888 2067
is_linear=0
shrinkage=0.01


Tree=20
num_leaves=7
num_cat=0
split_feature=10 9 10 8 13 17
split_gain=8680.72 2413.77 2086.85 869.799 849.112 643.376
threshold=0.034137739864056486 -0.0088503954423263601 0.020229433464281226 1344.5000000000002 0.25968510979177462 205.21000000000006
decision_type=2 2 2 2 2 8
left_child=2 -2 -1 5 -3 -4
right_child=1 4 3 -5 -6 -7
leaf_value=0.030333873845645086 -0.018923968423836281 -0.012608392264600914 0.03987550270976499 0.0055214672255899889 0.00090958750687669752 0.013533230340152103
leaf_weight=555 1643 643 118 1827 1607 415
leaf_count=555 1643 643 118 1827 1607 415
internal_value=1.37085e-05 -0.00974732 0.0130384 0.00886018 -0.00299225 0.0199921
internal_weight=6808 3893 2915 2360 2250 533
internal_count=6808 3893 2915 2360 2250 533
is_linear=0
shrinkage=0.01


Tree=21
num_leaves=7
num_cat=0
split_feature=0 9 0 9 0 0
split_gain=9574.79 2266.69 1743.08 716.39 613.43 359.865
threshold=0.90188618595086767 -0.0071147264878161287 1.0886072067415673 -0.0019766310093397017 0.81494565101168004 0.98018130400616044
decision_type=2 2 2 2 2 2
left_child=1 -1 3 -2 -3 -5
right_child=2 4 -4 5 -6 -7
leaf_value=-0.01822608379067266 0.0015301710359983203 -0.0081994459522052327 0.030263543237752297 0.0096899943854783788 0.0018913512198454202 0.019803392964964497
leaf_weight=1731 635 1208 560 835 1186 653
leaf_count=1731 635 1208 560 835 1186 653
internal_value=1.44315e-05 -0.00954208 0.014688 0.0104569 -0.00321334 0.0142308
internal_weight=6808 4125 2683 2123 2394 1488
internal_count=6808 4125 2683 2123 2394 1488
is_linear=0
shrinkage=0.01


Tree=22
num_leaves=7
num_cat=0
split_feature=0 10 10 0 10 9
split_gain=9386.49 2263.52 1902.1 986.869 750.651 465.318
threshold=0.90188618595086767 0.051132097672194635 0.022009118257899463 1.0886072067415673 0.02714946328841409 -0.0056682021869602387
decision_type=2 2 2 2 2 2
left_child=1 4 -2 5 -1 -4
right_child=2 -3 3 -5 -6 -7
leaf_value=0.007215293559871926 0.030366409459253067 -0.018159631624365354 -0.008412513669878656 0.02532746411588133 -0.0061335717325311711 0.0085923752913873372
leaf_weight=534 585 1723 171 342 1868 1585
leaf_count=534 585 1723 171 342 1868 1585
internal_value=1.48262e-05 -0.00944725 0.0145434 0.0100083 -0.00314831 0.00689817
internal_weight=6808 4125 2683 2098 2402 1756
internal_count=6808 4125 2683 2098 2402 1756
is_linear=0
shrinkage=0.01


Tree=23
num_leaves=7
num_cat=0
split_feature=1 12 1 4 4 7
split_gain=7637.31 2176.44 1576.89 1477.84 789.499 754.659
threshold=1.188344594594595 1.7580699840619169 1.8799085618592681 -0.11138303417761504 -0.002968712392621128 683.67465000000004
decision_type=2 2 2 2 2 2
left_child=3 2 4 -1 -2 -5
right_child=1 -3 -4 5 -6 -7
leaf_value=-0.016970765929809627 0.0053475619815247146 -0.0056321230232082055 0.027715729717061752 -0.0050362732548973922 0.017531710997523958 0.025326438226144422
leaf_weight=1886 1485 725 620 1183 831 78
leaf_count=1886 1485 725 620 1183 831 78
internal_value=1.5247e-05 0.00982296 0.0136455 -0.0113893 0.00977591 -0.00297368
internal_weight=6808 3661 2936 3147 2316 1261
internal_count=6808 3661 2936 3147 2316 1261
is_linear=0
shrinkage=0.01


Tree=24
num_leaves=7
num_cat=0
split_feature=1 2 1 2 7 7
split_gain=7490.78 2363.56 1603.48 1142.99 1073.77 645.065
threshold=1.225637065725677 0.53150748479627896 1.8910295415699132 0.50006251692504022 683.67465000000004 683.67465000000004
decision_type=2 2 2 2 2 2
left_child=1 5 3 4 -2 -1
right_child=2 -3 -4 -5 -6 -7
leaf_value=-0.0025625807245197125 0.011803118763987376 -0.017171601588281446 0.02435042699232523 0.0020051020066705846 0.045630488216737722 0.020170780575253823
leaf_weight=1297 915 2036 674 1661 97 128
leaf_count=1297 915 2036 674 1661 97 128
internal_value=1.58027e-05 -0.0102849 0.0106662 0.00713786 0.0154602 -0.000394234
internal_weight=6808 3461 3347 2673 1012 1425
internal_count=6808 3461 3347 2673 1012 1425
is_linear=0
shrinkage=0.01


Tree=25
num_leaves=7
num_cat=0
split_feature=10 9 10 8 12 5
split_gain=8031.86 2201.46 1952.72 822.568 739.92 457.902
threshold=0.034137739864056486 -0.0090717980882848766 0.020229433464281226 1344.5000000000002 2.9727379293480429 0.88901898476293151
decision_type=2 2 2 2 2 2
left_child=2 -2 -1 -4 5 -3
right_child=1 4 3 -5 -6 -7
leaf_value=0.029275260795344624 -0.01826155231696832 -0.0036476722540947381 0.019328664206380016 0.0052580619472778357 -0.012057521373790223 0.0071209804495411394
leaf_weight=555 1616 1001 533 1827 638 638
leaf_count=555 1616 1001 533 1827 638 638
internal_value=1.688e-05 -0.00937227 0.0125453 0.00850402 -0.00301123 0.000561916
internal_weight=6808 3893 2915 2360 2277 1639
internal_count=6808 3893 2915 2360 2277 1639
is_linear=0
shrinkage=0.01


Tree=26
num_leaves=7
num_cat=0
split_feature=9 1 5 1 11 9
split_gain=7750.8 2955.33 922.205 786.037 455.91 439.218
threshold=-0.0052929292929292937 1.3506029782661633 1.133666963241541 1.043497136715003 0.010774745267230474 -0.016066839631718881
decision_type=2 2 2 2 2 2
left_child=5 3 4 -2 -3 -1
right_child=1 2 -4 -5 -6 -7
leaf_value=-0.020022547831893344 -0.0093604898965959204 0.022753469133666448 0.025250477936612743 0.0032647165530140282 0.0083930111209805369 -0.010818727220104645
leaf_weight=1098 666 270 699 1813 1192 1070
leaf_count=1098 666 270 699 1813 1192 1070
internal_value=1.71074e-05 0.00730878 0.0158277 -0.00015111 0.0111816 -0.0155506
internal_weight=6808 4640 2161 2479 1462 2168
internal_count=6808 4640 2161 2479 1462 2168
is_linear=0
shrinkage=0.01


Tree=27
num_leaves=7
num_cat=0
split_feature=0 10 10 0 10 4
split_gain=8709.16 2061.52 1775.68 926.607 689.595 372.896
threshold=0.90188618595086767 0.051132097672194635 0.022009118257899463 1.0886072067415673 0.02714946328841409 0.022884750044609013
decision_type=2 2 2 2 2 2
left_child=1 4 -2 5 -1 -4
right_child=2 -3 3 -5 -6 -7
leaf_value=0.0068484183476667723 0.02929961600577255 -0.017411726643961456 0.004094921712835352 0.024473618693141776 -0.0059464323898198151 0.015128007812355647
leaf_weight=534 585 1723 1366 342 1868 390
leaf_count=534 585 1723 1366 342 1868 390
internal_value=1.72218e-05 -0.00909707 0.0140118 0.00963023 -0.00308535 0.00661711
internal_weight=6808 4125 2683 2098 2402 1756
internal_count=6808 4125 2683 2098 2402 1756
is_linear=0
shrinkage=0.01


Tree=28
num_leaves=7
num_cat=0
split_feature=5 11 12 11 8 5
split_gain=6089.68 2076.58 1069.55 1031.11 841.227 746.431
threshold=0.73977956639070419 0.017075828356138925 1.7580699840619169 0.019214730906488866 1413.5000000000002 1.0460374646361117
decision_type=2 2 2 2 2 2
left_child=3 4 5 -1 -2 -3
right_child=1 2 -4 -5 -6 -7
leaf_value=-0.0046884664834137444 0.030601182747176728 0.0019967889737131034 -0.0084731839848613301 -0.017532286212588299 0.012605612435849831 0.014507901287766481
leaf_weight=1096 358 1537 665 1475 993 684
leaf_count=1096 358 1537 665 1475 993 684
internal_value=1.7878e-05 0.00737998 0.00256841 -0.0120964 0.017564 0.00589759
internal_weight=6808 4237 2886 2571 1351 2221
internal_count=6808 4237 2886 2571 1351 2221
is_linear=0
shrinkage=0.01


Tree=29
num_leaves=7
num_cat=0
split_feature=0 0 20 1 4 4
split_gain=8461.64 2426.47 1009.19 978.47 737.869 422.563
threshold=0.84861863860527131 0.99931452156576783 38.200000000000024 1.0661709171926781 0.095791827111381123 -0.11988492087188533
decision_type=2 2 8 2 2 2
left_child=3 4 -3 -1 5 -2
right_child=1 2 -4 -5 -6 -7
leaf_value=-0.016661402997359125 -0.0043620038524355368 0.024545652562112736 -0.003555097237031981 -0.0055063828461198883 0.019839039416641328 0.0053652931939869343
leaf_weight=1791 645 1149 141 1421 262 1399
leaf_count=1791 645 1149 141 1421 262 1399
internal_value=1.81249e-05 0.0105409 0.0214705 -0.0117588 0.00436045 0.00228948
internal_weight=6808 3596 1290 3212 2306 2044
internal_count=6808 3596 1290 3212 2306 2044
is_linear=0
shrinkage=0.01


Tree=30
num_leaves=7
num_cat=0
split_feature=0 10 10 0 8 10
split_gain=8299.88 2134.28 1564.92 962.757 756.307 430.56
threshold=0.86973021150202079 0.024186181654504809 0.046186707357564374 1.0886072067415673 1393.5000000000002 0.02714946328841409
decision_type=2 2 2 2 2 2
left_child=2 4 5 -3 -2 -1
right_child=1 3 -4 -5 -6 -7
leaf_value=0.005601542382939753 0.037698846867922818 0.0040269531201516913 -0.016645274275968902 0.022907896791166889 0.017637439743051788 -0.0062309483037919222
leaf_weight=400 296 2067 1918 302 592 1233
leaf_count=400 296 2067 1918 302 592 1233
internal_value=1.82321e-05 0.0115289 -0.0105421 0.00652007 0.0246699 -0.00331615
internal_weight=6808 3257 3551 2369 888 1633
internal_count=6808 3257 3551 2369 888 1633
is_linear=0
shrinkage=0.01


Tree=31
num_leaves=7
num_cat=0
split_feature=10 10 10 4 15 17
split_gain=7274.86 1797.61 1739.75 663.061 535.926 554.028
threshold=0.034137739864056486 0.020229433464281226 0.059030219190585417 -0.055758053945245266 2.2898224954208262 177.8566666666664
decision_type=2 2 2 2 2 8
left_child=1 -1 3 -2 5 -3
right_child=2 4 -4 -5 -6 -7
leaf_value=0.027993512638308835 -0.0074354552997047164 0.031388013547504444 -0.017862718749962047 0.0035401540756378903 0.00048343071396640669 0.0093634075081905441
leaf_weight=555 1702 116 1387 804 670 1574
leaf_count=555 1702 116 1387 804 670 1574
internal_value=1.9003e-05 0.0119424 -0.00891674 -0.00391408 0.00806551 0.0110509
internal_weight=6808 2915 3893 2506 2360 1690
internal_count=6808 2915 3893 2506 2360 1690
is_linear=0
shrinkage=0.01


Tree=32
num_leaves=7
num_cat=0
split_feature=1 12 1 12 4 4
split_gain=6614.99 1931.5 1390 1288.29 687.966 605.613
threshold=1.188344594594595 1.7580699840619169 1.8799085618592681 0.40974298840601092 -0.002968712392621128 -0.083333333333333301
decision_type=2 2 2 2 2 2
left_child=3 2 4 5 -2 -1
right_child=1 -3 -4 -5 -6 -7
leaf_value=-0.0099106541111753117 0.004982011617340824 -0.0054112491302515317 0.025957965412154973 -0.017115900923498576 0.016355596288172673 0.002337699294469009
leaf_weight=870 1485 725 620 1537 831 740
leaf_count=870 1485 725 620 1537 831 740
internal_value=1.95093e-05 0.00914721 0.0127484 -0.0105944 0.00911572 -0.0043013
internal_weight=6808 3661 2936 3147 2316 1610
internal_count=6808 3661 2936 3147 2316 1610
is_linear=0
shrinkage=0.01


Tree=33
num_leaves=7
num_cat=0
split_feature=0 10 10 0 10 9
split_gain=7937.85 1846.4 1624.81 858.438 619.742 404.628
threshold=0.90188618595086767 0.051132097672194635 0.022009118257899463 1.0886072067415673 0.02714946328841409 -0.0056682021869602387
decision_type=2 2 2 2 2 2
left_child=1 4 -2 5 -1 -4
right_child=2 -3 3 -5 -6 -7
leaf_value=0.0064257901237746249 0.028003833723544074 -0.016550753033962865 -0.0079839985804549991 0.023475050497323867 -0.0057041207561752917 0.0078697005805918371
leaf_weight=534 585 1723 171 342 1868 1585
leaf_count=534 585 1723 171 342 1868 1585
internal_value=1.95664e-05 -0.00868178 0.0133801 0.00918894 -0.002992 0.00628939
internal_weight=6808 4125 2683 2098 2402 1756
internal_count=6808 4125 2683 2098 2402 1756
is_linear=0
shrinkage=0.01


Tree=34
num_leaves=7
num_cat=0
split_feature=9 4 17 8 11 11
split_gain=6779.24 1503.89 1129.95 1033.79 594.868 539.207
threshold=-0.0052929292929292937 0.095791827111381123 208.63000000000019 1139.0000000000002 0.011130594959556159 0.038425929042774774
decision_type=2 2 8 2 2 2
left_child=-1 2 3 -2 -4 -3
right_child=1 5 4 -5 -6 -7
leaf_value=-0.01453945867897715 0.038610418269973856 0.02222710960622476 0.016287410735344211 0.0065353347136723732 0.0011279479638460059 -0.0052011566323249834
leaf_weight=2168 162 696 272 254 3180 76
leaf_count=2168 162 696 272 254 3180 76
internal_value=1.98919e-05 0.00683926 0.0042696 0.0196392 0.00236603 0.0194949
internal_weight=6808 4640 3868 416 3452 772
internal_count=6808 4640 3868 416 3452 772
is_linear=0
shrinkage=0.01


Tree=35
num_leaves=7
num_cat=0
split_feature=1 12 2 1 7 2
split_gain=6306.58 1843.55 1708.85 1324.02 739.066 624.182
threshold=1.188344594594595 1.7580699840619169 0.53150748479627896 1.8799085618592681 683.67465000000004 0.50006251692504022
decision_type=2 2 2 2 2 2
left_child=2 3 4 5 -1 -2
right_child=1 -3 -4 -5 -6 -7
leaf_value=-0.0035798693275133531 0.014654371231279523 -0.0052900564465798482 -0.016260271347668335 0.025343581849886547 0.023227051440461548 0.0041917465625652666
leaf_weight=1137 1034 725 1907 620 103 1282
leaf_count=1137 1034 725 1907 620 103 1282
internal_value=2.06471e-05 0.00893303 -0.0103429 0.0124512 -0.00118516 0.0089058
internal_weight=6808 3661 3147 2936 1240 2316
internal_count=6808 3661 3147 2936 1240 2316
is_linear=0
shrinkage=0.01


Tree=36
num_leaves=7
num_cat=0
split_feature=0 0 9 21 9 5
split_gain=7586.14 2281.02 872.541 711.8 706.069 412.257
threshold=0.84384939540679427 0.99931452156576783 -0.0095112877883080146 22.870833333333351 -0.0027102093729421887 1.2142227065974003
decision_type=2 2 2 8 2 2
left_child=2 4 -1 -3 -2 -6
right_child=1 3 -4 -5 5 -7
leaf_value=-0.017258891370780662 -0.0042591332295925958 0.022972023634946551 -0.0065919610084429403 -0.0008395694168905417 0.0052362949112403721 0.018633497964730988
leaf_weight=1402 727 1150 1724 140 1396 269
leaf_count=1402 727 1150 1724 140 1396 269
internal_value=2.10608e-05 0.00973554 -0.0114158 0.0204012 0.00392256 0.00749909
internal_weight=6808 3682 3126 1290 2392 1665
internal_count=6808 3682 3126 1290 2392 1665
is_linear=0
shrinkage=0.01


Tree=37
num_leaves=7
num_cat=0
split_feature=0 10 10 0 8 1
split_gain=7444.06 1721.01 1546.71 807.693 505.665 494.025
threshold=0.90188618595086767 0.046186707357564374 0.022009118257899463 1.0886072067415673 1393.5000000000002 1.1393369736268408
decision_type=2 2 2 2 2 2
left_child=1 5 4 -4 -2 -1
right_child=2 -3 3 -5 -6 -7
leaf_value=-0.0074844433466750874 0.039667013487557364 -0.01485580286106011 0.0060586830981555397 0.022727894155197478 0.019357797233460587 0.0023343041032201006
leaf_weight=897 211 2058 1756 342 374 1170
leaf_count=897 211 2058 1756 342 374 1170
internal_value=2.11126e-05 -0.00840525 0.0129594 0.0088709 0.0272266 -0.00194218
internal_weight=6808 4125 2683 2098 585 2067
internal_count=6808 4125 2683 2098 585 2067
is_linear=0
shrinkage=0.01


Tree=38
num_leaves=7
num_cat=0
split_feature=0 0 20 9 9 4
split_gain=7310.16 2198.11 925.238 841.779 685.842 399.81
threshold=0.84384939540679427 0.99931452156576783 38.200000000000024 -0.0095112877883080146 -0.0027102093729421887 0.17638752312695025
decision_type=2 2 8 2 2 2
left_child=3 4 -3 -1 -2 -6
right_child=1 2 -4 -5 5 -7
leaf_value=-0.016944142676416321 -0.0042118601179890226 0.022973246212807226 -0.0039036518343977186 -0.0064670366359549127 0.0059208521373470616 0.024364432310324539
leaf_weight=1402 727 1149 141 1724 1546 119
leaf_count=1402 727 1149 141 1724 1546 119
internal_value=2.1896e-05 0.00955803 0.0200281 -0.011205 0.00385167 0.00737663
internal_weight=6808 3682 1290 3126 2392 1665
internal_count=6808 3682 1290 3126 2392 1665
is_linear=0
shrinkage=0.01


Tree=39
num_leaves=7
num_cat=0
split_feature=9 1 5 12 9 1
split_gain=6219.89 2424.93 781.26 706.086 365.673 348.842
threshold=-0.0052929292929292937 1.3506029782661633 1.133666963241541 2.9727379293480429 -0.016066839631718881 1.8799085618592681
decision_type=2 2 2 2 2 2
left_child=4 3 5 -2 -1 -3
right_child=1 2 -4 -5 -6 -7
leaf_value=-0.01800141373044048 0.0027396311077666096 0.007148594087311535 0.02294024681629106 -0.0098064199100811131 -0.0096115267038778124 0.018632657099336848
leaf_weight=1098 1903 1113 699 576 1070 349
leaf_count=1098 1903 1113 699 576 1070 349
internal_value=2.19958e-05 0.00655397 0.0142707 -0.000203153 -0.0139238 0.00999796
internal_weight=6808 4640 2161 2479 2168 1462
internal_count=6808 4640 2161 2479 2168 1462
is_linear=0
shrinkage=0.01


Tree=40
num_leaves=7
num_cat=0
split_feature=0 10 10 0 10 15
split_gain=7068.03 1628.35 1487.38 768.359 564.789 303.631
threshold=0.90188618595086767 0.051132097672194635 0.022009118257899463 1.0886072067415673 0.02714946328841409 2.2898224954208262
decision_type=2 2 2 2 2 2
left_child=1 4 -2 5 -1 -4
right_child=2 -3 3 -5 -6 -7
leaf_value=0.0061451111330493666 0.026619483813753023 -0.015578590645221053 0.007849605844110848 0.022135524785103784 -0.00543446786050237 -0.0027791648209094999
leaf_weight=534 585 1723 1431 342 1868 325
leaf_count=534 585 1723 1431 342 1868 325
internal_value=2.19818e-05 -0.0081888 0.0126292 0.00862048 -0.00284535 0.00587784
internal_weight=6808 4125 2683 2098 2402 1756
internal_count=6808 4125 2683 2098 2402 1756
is_linear=0
shrinkage=0.01


Tree=41
num_leaves=7
num_cat=0
split_feature=10 9 10 8 13 17
split_gain=6211.29 1651.92 1574.32 722.999 657.222 601.698
threshold=0.034137739864056486 -0.0090717980882848766 0.020229433464281226 1344.5000000000002 0.25968510979177462 205.21000000000006
decision_type=2 2 2 2 2 8
left_child=2 -2 -1 5 -3 -4
right_child=1 4 3 -5 -6 -7
leaf_value=0.026059905081072542 -0.01593485403746063 -0.011158624630538875 0.036718971632362811 0.0043733579824639561 0.00067936797651766854 0.011372938504070043
leaf_weight=555 1616 648 118 1827 1629 415
leaf_count=555 1616 648 118 1827 1629 415
internal_value=2.23333e-05 -0.00823443 0.0110397 0.0074124 -0.00272361 0.0175571
internal_weight=6808 3893 2915 2360 2277 533
internal_count=6808 3893 2915 2360 2277 533
is_linear=0
shrinkage=0.01


Tree=42
num_leaves=7
num_cat=0
split_feature=0 10 0 10 8 15
split_gain=6853.76 2094.61 914.409 890.205 775.447 442.001
threshold=0.84384939540679427 0.024186181654504809 1.0886072067415673 0.046186707357564374 1393.5000000000002 2.2898224954208262
decision_type=2 2 2 2 2 2
left_child=3 4 5 -1 -2 -3
right_child=1 2 -4 -5 -6 -7
leaf_value=-0.0045404997093112772 0.034789788650626444 0.0050116437397425377 0.020880142011954331 -0.015383753239233456 0.015248890391042444 -0.0050454192805298049
leaf_weight=1316 312 1865 302 1810 642 561
leaf_count=1316 312 1865 302 1810 642 561
internal_value=2.28743e-05 0.00925653 0.00475913 -0.0108479 0.0219342 0.00267483
internal_weight=6808 3682 2728 3126 954 2426
internal_count=6808 3682 2728 3126 954 2426
is_linear=0
shrinkage=0.01


Tree=43
num_leaves=7
num_cat=0
split_feature=10 10 10 8 17 4
split_gain=5994.78 1521.24 1406.72 701.128 589.427 576.367
threshold=0.034137739864056486 0.020229433464281226 0.059030219190585417 1344.5000000000002 205.21000000000006 -0.055758053945245266
decision_type=2 2 2 2 8 2
left_child=1 -1 5 4 -3 -2
right_child=2 3 -4 -5 -6 -7
leaf_value=0.025611825578254692 -0.0068726054966794098 0.036233184763113969 -0.016132645036454556 0.0042888444835570061 0.011154223655920257 0.0033599728268470515
leaf_weight=555 1702 118 1387 1827 415 804
leaf_count=555 1702 118 1387 1827 415 804
internal_value=2.3393e-05 0.0108471 -0.00808819 0.00728143 0.0172714 -0.00358938
internal_weight=6808 2915 3893 2360 533 2506
internal_count=6808 2915 3893 2360 533 2506
is_linear=0
shrinkage=0.01


Tree=44
num_leaves=7
num_cat=0
split_feature=9 1 1 2 17 2
split_gain=5699.54 2259.02 897.217 837.409 627.545 527.858
threshold=-0.0052929292929292937 1.2439759416525746 1.8799085618592681 0.52949685940151758 194.21333333333362 0.45366001628946057
decision_type=2 2 2 2 8 2
left_child=-1 3 5 4 -2 -3
right_child=1 2 -4 -5 -6 -7
leaf_value=-0.013325700453384007 0.032896560720400883 0.016134261894082014 0.022015334983592583 -0.011879218845455286 0.00073738518289384288 0.0053334181133239348
leaf_weight=2168 54 652 664 604 1180 1486
leaf_count=2168 54 652 664 604 1180 1486
internal_value=2.40045e-05 0.00627678 0.0119125 -0.00233278 0.0023978 0.008687
internal_weight=6808 4640 2802 1838 1234 2138
internal_count=6808 4640 2802 1838 1234 2138
is_linear=0
shrinkage=0.01


Tree=45
num_leaves=7
num_cat=0
split_feature=0 10 10 0 1 2
split_gain=6547.91 1467.23 1365.82 724.347 533.953 382.541
threshold=0.90188618595086767 0.051132097672194635 0.022009118257899463 1.0886072067415673 1.0906631365472974 0.50961894191638935
decision_type=2 2 2 2 2 2
left_child=1 4 -2 5 -1 -4
right_child=2 -3 3 -5 -6 -7
leaf_value=-0.0089315528587539626 0.025565833317785044 -0.014893196974736567 0.0099683726094172975 0.021438922670839185 0.00080323031387909681 0.00062495091775210683
leaf_weight=885 585 1723 940 342 1517 816
leaf_count=885 585 1723 940 342 1517 816
internal_value=2.45259e-05 -0.00787838 0.0121591 0.0083172 -0.00280564 0.00565468
internal_weight=6808 4125 2683 2098 2402 1756
internal_count=6808 4125 2683 2098 2402 1756
is_linear=0
shrinkage=0.01


Tree=46
num_leaves=7
num_cat=0
split_feature=0 10 10 0 2 7
split_gain=6426.16 1686.31 1156.92 759.569 368.07 360.073
threshold=0.86973021150202079 0.024186181654504809 0.040017781839351861 1.0886072067415673 0.50961894191638935 467.50860000000006
decision_type=2 2 2 2 2 2
left_child=2 5 -1 4 -3 -2
right_child=1 3 -4 -5 -6 -7
leaf_value=-0.0015186838911214336 0.018578402251061693 0.0073381758280053975 -0.013467594055030972 0.0202570049611565 -0.0011044809062281404 0.036469511115692216
leaf_weight=1253 745 1121 2298 302 946 143
leaf_count=1253 745 1121 2298 302 946 143
internal_value=2.47877e-05 0.0101531 -0.00926743 0.00570146 0.00348753 0.0218336
internal_weight=6808 3257 3551 2369 2067 888
internal_count=6808 3257 3551 2369 2067 888
is_linear=0
shrinkage=0.01


Tree=47
num_leaves=7
num_cat=0
split_feature=10 1 10 4 7 1
split_gain=5607.43 1495.2 1434.65 761.146 660.792 553.195
threshold=0.034137739864056486 1.0410771753502324 0.020229433464281226 -0.055758053945245266 390.01365000000004 1.205328684139269
decision_type=2 2 2 2 2 2
left_child=2 -2 -1 -3 5 -4
right_child=1 3 4 -5 -6 -7
leaf_value=0.024831765643110813 -0.015196118726356388 -0.0061716381415734814 -0.0036503347596795644 0.0066355332018126394 0.017388656864332379 0.007966938032679876
leaf_weight=555 1603 1656 592 634 480 1288
leaf_count=555 1603 1656 592 634 480 1288
internal_value=2.5516e-05 -0.00781963 0.0104937 -0.00261246 0.00703123 0.00430877
internal_weight=6808 3893 2915 2290 2360 1880
internal_count=6808 3893 2915 2290 2360 1880
is_linear=0
shrinkage=0.01


Tree=48
num_leaves=7
num_cat=0
split_feature=9 4 7 21 7 7
split_gain=5321.9 1258.18 1130.55 895.836 518.403 403.889
threshold=-0.0052929292929292937 0.095791827111381123 390.01365000000004 17.822500000000073 1697.5800000000002 36.914400000000008
decision_type=2 2 2 10 2 2
left_child=-1 2 5 4 -4 -2
right_child=1 -3 3 -5 -6 -7
leaf_value=-0.012874150129590039 -0.0024920599201763332 0.017642882868020539 0.016497919267376909 0.0046890403455608675 0.04333759163040668 0.004729140824159042
leaf_weight=2168 1605 772 233 439 112 1479
leaf_count=2168 1605 772 233 439 112 1479
internal_value=2.57273e-05 0.00606781 0.00371804 0.0143596 0.0261864 0.000975118
internal_weight=6808 4640 3868 784 345 3084
internal_count=6808 4640 3868 784 345 3084
is_linear=0
shrinkage=0.01


Tree=49
num_leaves=7
num_cat=0
split_feature=10 9 10 7 13 9
split_gain=5421.58 1441.43 1396.23 635.98 602.657 462.63
threshold=0.034137739864056486 -0.0090717980882848766 0.020229433464281226 390.01365000000004 0.25968510979177462 0.0045154165104735969
decision_type=2 2 2 2 2 2
left_child=2 -2 -1 5 -3 -4
right_child=1 4 3 -5 -6 -7
leaf_value=0.024464324784110737 -0.014880619794010045 -0.010617135672721769 0.001944339398928669 0.017065305592207126 0.00071846721430500612 0.014994688554865371
leaf_weight=555 1616 648 1560 480 1629 320
leaf_count=555 1616 648 1560 480 1629 320
internal_value=2.65192e-05 -0.00768752 0.0103197 0.00690416 -0.00253979 0.00423326
internal_weight=6808 3893 2915 2360 2277 1880
internal_count=6808 3893 2915 2360 2277 1880
is_linear=0
shrinkage=0.01


Tree=50
num_leaves=7
num_cat=0
split_feature=10 1 1 12 17 14
split_gain=5315.26 1439.03 1379.98 736.57 663.527 882.378
threshold=0.034137739864056486 1.0410771753502324 1.6001596658672663 2.7234356899393952 207.32333333333295 0.11665875592132696
decision_type=2 2 2 2 8 2
left_child=2 -2 4 -3 5 -1
right_child=1 3 -4 -5 -6 -7
leaf_value=0.041774229097498894 -0.01484781951687841 0.0014323976154550337 0.020289704748184006 -0.010623632766847609 0.0032453917627341313 0.0043084563928083601
leaf_weight=101 1603 1548 920 742 1743 151
leaf_count=101 1603 1548 920 742 1743 151
internal_value=2.67481e-05 -0.00761128 0.0102185 -0.00250317 0.00549615 0.0203458
internal_weight=6808 3893 2915 2290 1995 252
internal_count=6808 3893 2915 2290 1995 252
is_linear=0
shrinkage=0.01


Tree=51
num_leaves=7
num_cat=0
split_feature=10 1 1 15 17 15
split_gain=5213.17 1790.13 982.149 653.114 852.699 807.62
threshold=0.039153429752138071 1.6001596658672663 1.0410771753502324 1.0502361812124541 195.58000000000013 1.028211211583139
decision_type=2 2 2 2 8 2
left_child=1 3 -2 4 5 -1
right_child=2 -3 -4 -5 -6 -7
leaf_value=0.0062821384381816217 -0.015297798567224571 0.019460651733238438 -0.0041451610805086749 -0.0034630851901436091 0.0048077405428069986 0.048171588830808382
leaf_weight=97 1459 1011 1730 832 1595 84
leaf_count=97 1459 1011 1730 832 1595 84
internal_value=2.71492e-05 0.00823096 -0.00927948 0.00382002 0.00723222 0.0272268
internal_weight=6808 3619 3189 2608 1776 181
internal_count=6808 3619 3189 2608 1776 181
is_linear=0
shrinkage=0.01


Tree=52
num_leaves=7
num_cat=0
split_feature=12 5 5 17 8 8
split_gain=4207.72 2065.31 639.579 690.212 578.257 446.761
threshold=1.7580699840619169 0.99991965424749385 0.74746581237414078 188.29666666666796 1413.5000000000002 1393.5000000000002
decision_type=2 2 2 8 2 2
left_child=1 2 -1 -4 -3 -2
right_child=5 4 3 -5 -6 -7
leaf_value=-0.0047110072477799724 -0.016796030538918622 0.024316908630718982 0.02601582525420363 0.002691231163448419 0.010665358743647397 -0.0074293967405068065
leaf_weight=1292 947 449 127 1772 1069 1152
leaf_count=1292 947 449 127 1772 1069 1152
internal_value=2.76963e-05 0.00527561 0.000695473 0.00437923 0.014836 -0.0117149
internal_weight=6808 4709 3191 1899 1518 2099
internal_count=6808 4709 3191 1899 1518 2099
is_linear=0
shrinkage=0.01


Tree=53
num_leaves=7
num_cat=0
split_feature=10 10 8 20 10 13
split_gain=5052.86 1648.34 1204.86 507.127 407.296 391.813
threshold=0.030029870466207469 0.051132097672194635 1413.5000000000002 38.200000000000024 0.021116201469138934 0.25968510979177462
decision_type=2 2 2 8 2 2
left_child=2 5 3 -1 -4 -2
right_child=1 -3 4 -5 -6 -7
leaf_value=0.028025125241443769 -0.0080996223277856813 -0.012986855807454968 0.016463393326737873 -0.0015398134130078392 0.0048875936920681666 0.0010636021876018317
leaf_weight=521 583 1893 410 64 1155 2182
leaf_count=521 583 1893 410 64 1155 2182
internal_value=2.79291e-05 -0.00582383 0.0126741 0.0248192 0.00800551 -0.000890688
internal_weight=6808 4658 2150 585 1565 2765
internal_count=6808 4658 2150 585 1565 2765
is_linear=0
shrinkage=0.01


Tree=54
num_leaves=7
num_cat=0
split_feature=0 9 0 4 0 21
split_gain=5782.47 1196.39 1158.36 509.273 423.96 272.946
threshold=0.90188618595086767 -0.0090717980882848766 1.0886072067415673 0.022884750044609013 0.81494565101168004 17.822500000000073
decision_type=2 2 2 2 2 8
left_child=1 -1 3 5 -3 -2
right_child=2 4 -4 -5 -6 -7
leaf_value=-0.014340875443915289 0.0089635775095442301 -0.0071283722249964911 0.024123577354949688 0.015516208586883835 0.00095630273897284821 0.00045040853380223133
leaf_weight=1542 755 1329 560 624 1254 744
leaf_count=1542 755 1329 560 624 1254 744
internal_value=2.80577e-05 -0.00739859 0.0114313 0.00798595 -0.00321486 0.00476921
internal_weight=6808 4125 2683 2123 2583 1499
internal_count=6808 4125 2683 2123 2583 1499
is_linear=0
shrinkage=0.01


Tree=55
num_leaves=7
num_cat=0
split_feature=0 9 0 9 15 15
split_gain=5668.81 1172.72 1135.75 456.406 420.288 295.993
threshold=0.90188618595086767 -0.0090717980882848766 1.0886072067415673 -0.001671017565069415 1.0502361812124541 2.2109449738759293
decision_type=2 2 2 2 2 2
left_child=1 -1 3 -2 -3 -5
right_child=2 4 -4 5 -6 -7
leaf_value=-0.014198390721105975 0.0013656538623847898 0.00054705917782168784 0.023886573711965689 0.013332701379488127 -0.007524145803588277 0.0013966496423573086
leaf_weight=1542 714 1394 560 1153 1189 256
leaf_count=1542 714 1394 560 1153 1189 256
internal_value=2.81958e-05 -0.0073251 0.0113188 0.00790725 -0.00318295 0.0111892
internal_weight=6808 4125 2683 2123 2583 1409
internal_count=6808 4125 2683 2123 2583 1409
is_linear=0
shrinkage=0.01


Tree=56
num_leaves=7
num_cat=0
split_feature=0 0 20 8 5 12
split_gain=5559.54 1742.47 800.385 554.245 527.725 483.583
threshold=0.84384939540679427 0.99931452156576783 38.200000000000024 1440.5000000000002 1.2142227065974003 2.9727379293480429
decision_type=2 2 8 2 2 2
left_child=5 4 3 -3 -2 -1
right_child=1 2 -4 -5 -6 -7
leaf_value=-0.0060191448094329136 0.0015577431336690434 0.030300217238743134 -0.0045391817830058917 0.01517221042500919 0.016197416914099542 -0.01395342946476455
leaf_weight=1664 2123 381 141 768 269 1462
leaf_count=1664 2123 381 141 768 269 1462
internal_value=2.81897e-05 0.00834445 0.0176661 0.0204067 0.00326467 -0.00976259
internal_weight=6808 3682 1290 1149 2392 3126
internal_count=6808 3682 1290 1149 2392 3126
is_linear=0
shrinkage=0.01


Tree=57
num_leaves=7
num_cat=0
split_feature=1 5 15 15 15 11
split_gain=4521.08 1305.93 930.417 765.335 444.584 421.539
threshold=1.188344594594595 1.1976155987790402 1.0502361812124541 4.539228846181163 1.028211211583139 0.0096577485699103124
decision_type=2 2 2 2 2 2
left_child=2 3 4 5 -1 -2
right_child=1 -3 -4 -5 -6 -7
leaf_value=-0.0044076491598062434 0.01953540304899834 0.019993271248410719 -0.013334425400528474 -0.0067331809009865493 0.013419086344469831 0.0055495965784347944
leaf_weight=1166 231 679 1832 483 149 2268
leaf_count=1166 231 679 1832 483 149 2268
internal_value=2.84756e-05 0.00757448 -0.00874621 0.00468936 -0.00230171 0.00691511
internal_weight=6808 3661 3147 2982 1315 2499
internal_count=6808 3661 3147 2982 1315 2499
is_linear=0
shrinkage=0.01


Tree=58
num_leaves=7
num_cat=0
split_feature=0 1 0 5 5 17
split_gain=5386.18 1190.04 1086.89 513.311 484.324 328.704
threshold=0.90188618595086767 1.0856070478418636 1.0886072067415673 0.87104695929672726 1.0460374646361117 205.21000000000006
decision_type=2 2 2 2 2 8
left_child=1 -1 4 -3 5 -2
right_child=2 3 -4 -5 -6 -7
leaf_value=-0.012490063760936952 0.016498265162855387 -0.0059963898070340364 0.023328397548773833 0.0040567171755463531 0.015007094903878261 0.0026949352034395953
leaf_weight=2063 190 1191 560 871 628 1305
leaf_count=2063 190 1191 560 871 628 1305
internal_value=2.86899e-05 -0.00713896 0.0110342 -0.00175082 0.00769715 0.00454717
internal_weight=6808 4125 2683 2062 2123 1495
internal_count=6808 4125 2683 2062 2123 1495
is_linear=0
shrinkage=0.01


Tree=59
num_leaves=7
num_cat=0
split_feature=5 11 11 8 5 3
split_gain=3737.19 1034.2 872.332 487.842 387.909 360.383
threshold=0.82324849137716261 0.017075828356138925 0.019214730906488866 1413.5000000000002 1.2242345335681903 -0.11034337305475339
decision_type=2 2 2 2 2 2
left_child=2 3 -1 -2 -3 -6
right_child=1 4 -4 -5 5 -7
leaf_value=-0.0017747145366484537 0.025748899422114446 0.001727772927272977 -0.012133033334185139 0.010803897985263509 -0.00479839399709211 0.017981552012875122
leaf_weight=1452 308 2024 1849 803 86 286
leaf_count=1452 308 2024 1849 803 86 286
internal_value=2.90351e-05 0.00720725 -0.00759587 0.0151398 0.00348137 0.0127275
internal_weight=6808 3507 3301 1111 2396 372
internal_count=6808 3507 3301 1111 2396 372
is_linear=0
shrinkage=0.01


Tree=60
num_leaves=7
num_cat=0
split_feature=10 9 7 13 10 19
split_gain=4578.42 1649.7 911.932 652.796 608.803 359.802
threshold=0.030029870466207469 -0.0067106283883316001 467.50860000000006 0.25968510979177462 0.020229433464281226 287.05643205654746
decision_type=2 2 2 2 2 10
left_child=2 -2 4 -3 -1 -4
right_child=1 3 5 -5 -6 -7
leaf_value=0.019075440847318759 -0.012646790338945686 -0.0092501676234957933 0.04334687848524614 0.0021536574548299439 0.0059434064615742502 0.018650185326977473
leaf_weight=472 1912 649 100 2097 1383 195
leaf_count=472 1912 649 100 2097 1383 195
internal_value=2.92956e-05 -0.00554097 0.0120671 -0.00056535 0.00936918 0.0281687
internal_weight=6808 4658 2150 2746 1855 295
internal_count=6808 4658 2150 2746 1855 295
is_linear=0
shrinkage=0.01


Tree=61
num_leaves=7
num_cat=0
split_feature=10 10 10 5 17 14
split_gain=4489.6 1450.01 855.201 488.385 311.677 310.261
threshold=0.030029870466207469 0.051132097672194635 0.020229433464281226 0.9374740918540333 186.0416666666666 0.11665875592132696
decision_type=2 2 2 2 8 2
left_child=2 3 -1 -2 5 -4
right_child=1 -3 4 -5 -6 -7
leaf_value=0.022563758791894119 -0.003603464479822272 -0.012204280349077765 0.035511466880561782 0.005527605829784882 0.0066122820205375445 0.0066958798603205891
leaf_weight=555 1937 1893 70 828 1444 81
leaf_count=555 1937 1893 70 828 1444 81
internal_value=2.99893e-05 -0.00548598 0.0119505 -0.000859031 0.00813988 0.0214301
internal_weight=6808 4658 2150 2765 1595 151
internal_count=6808 4658 2150 2765 1595 151
is_linear=0
shrinkage=0.01


Tree=62
num_leaves=7
num_cat=0
split_feature=10 9 7 10 12 21
split_gain=4402.05 1594.77 889.641 582.893 571.32 386.597
threshold=0.030029870466207469 -0.0067106283883316001 467.50860000000006 0.020229433464281226 2.9727379293480429 17.926666666666687
decision_type=2 2 2 2 2 10
left_child=2 -2 3 -1 -3 -4
right_child=1 4 5 -5 -6 -7
leaf_value=0.018667687754485133 -0.012417875114395667 0.0020246517657116405 0.037607858431610193 0.0058180835165909262 -0.008599831649408406 0.013241967153098944
leaf_weight=472 1912 2089 166 1383 657 129
leaf_count=472 1912 2089 166 1383 657 129
internal_value=3.05856e-05 -0.00543134 0.0118343 0.0091702 -0.000539312 0.0277364
internal_weight=6808 4658 2150 1855 2746 295
internal_count=6808 4658 2150 1855 2746 295
is_linear=0
shrinkage=0.01


Tree=63
num_leaves=7
num_cat=0
split_feature=0 1 10 0 8 9
split_gain=5051.18 1107.65 1061.74 592.714 440.219 430.528
threshold=0.90188618595086767 1.0856070478418636 0.022009118257899463 1.0886072067415673 1393.5000000000002 -0.0021729084308929132
decision_type=2 2 2 2 2 2
left_child=1 -1 4 -4 -2 -3
right_child=2 5 3 -5 -6 -7
leaf_value=-0.012072636291927856 0.034000613898991262 -0.0063808849540374817 0.0048950340580851751 0.019169322188615546 0.015309501368950198 0.0027204640227082733
leaf_weight=2063 211 1002 1756 342 374 1060
leaf_count=2063 211 1002 1756 342 374 1060
internal_value=3.11061e-05 -0.00691007 0.0106889 0.00730182 0.0225092 -0.00171166
internal_weight=6808 4125 2683 2098 585 2062
internal_count=6808 4125 2683 2098 585 2062
is_linear=0
shrinkage=0.01


Tree=64
num_leaves=7
num_cat=0
split_feature=10 1 8 4 1 2
split_gain=4254.95 1608.03 1080.77 683.317 491.302 334.262
threshold=0.030029870466207469 1.0661709171926781 1413.5000000000002 -0.068759918584266208 1.5006751295101188 0.30443676109637818
decision_type=2 2 2 2 2 2
left_child=2 5 -1 -3 -4 -2
right_child=1 3 4 -5 -6 -7
leaf_value=0.023136197408023411 -9.1531616857364073e-05 -0.0043259216001379523 0.0025909002854656118 0.0059136684058869694 0.01400925239965425 -0.013751715072308058
leaf_weight=585 200 1695 939 1045 626 1718
leaf_count=585 200 1695 939 1045 626 1718
internal_value=3.16405e-05 -0.00533825 0.0116364 -0.000413373 0.00721819 -0.0123352
internal_weight=6808 4658 2150 2740 1565 1918
internal_count=6808 4658 2150 2740 1565 1918
is_linear=0
shrinkage=0.01


Tree=65
num_leaves=7
num_cat=0
split_feature=10 10 15 15 4 20
split_gain=4178.18 1408.64 765.275 374.897 347.709 248.819
threshold=0.039153429752138071 0.022009118257899463 4.127146804264183 1.0502361812124541 -0.068759918584266208 24.900000000000038
decision_type=2 2 2 2 2 8
left_child=1 -1 4 5 -2 -3
right_child=2 3 -4 -5 -6 -7
leaf_value=0.019438386532532818 -0.006918564335927877 0.015702631229633977 -0.013843034950062399 -0.00076705150550033727 0.0025037385066146575 0.0052480470213815689
leaf_weight=755 1231 261 1392 1008 566 1595
leaf_count=755 1231 261 1392 1008 566 1595
internal_value=3.17272e-05 0.00737615 -0.00830001 0.00413976 -0.0039534 0.0067945
internal_weight=6808 3619 3189 2864 1797 1856
internal_count=6808 3619 3189 2864 1797 1856
is_linear=0
shrinkage=0.01


Tree=66
num_leaves=7
num_cat=0
split_feature=9 13 7 17 13 7
split_gain=3975.1 1247.47 963.793 839.734 742.562 590.059
threshold=-0.0052929292929292937 0.25968510979177462 24.653250000000003 208.63000000000019 17.877604077128598 467.50860000000006
decision_type=2 2 2 10 2 2
left_child=-1 -2 -3 5 -5 -4
right_child=1 2 3 4 -6 -7
leaf_value=-0.011117042153856707 -0.0068346901374286327 0.00088858098395246663 0.013547795028624377 0.0057430326111417842 0.02014402826879922 0.040855712807349238
leaf_weight=2168 714 1425 201 1712 448 140
leaf_count=2168 714 1425 201 1712 448 140
internal_value=3.17232e-05 0.00525359 0.0074638 0.0111917 0.00880897 0.0256038
internal_weight=6808 4640 3926 2501 2160 341
internal_count=6808 4640 3926 2501 2160 341
is_linear=0
shrinkage=0.01


Tree=67
num_leaves=7
num_cat=0
split_feature=12 5 4 14 5 12
split_gain=3426.67 1667.98 494.709 354.057 277.559 216.064
threshold=1.7580699840619169 0.99991965424749385 -0.14451455089828472 1.7122053243583444 1.1898361925290739 1.0827536218047356
decision_type=2 2 2 2 2 2
left_child=1 2 5 -2 -3 -1
right_child=3 4 -4 -5 -6 -7
leaf_value=-0.0051105926982529994 -0.0069888883536669433 0.0091405617291986183 0.0038875554680854988 -0.015402355532556236 0.017919102794881809 0.012015640118831321
leaf_weight=1221 1221 804 1901 878 714 69
leaf_count=1221 1221 804 1901 878 714 69
internal_value=3.23334e-05 0.00476818 0.000652051 -0.0105645 0.0133598 -0.00410916
internal_weight=6808 4709 3191 2099 1518 1290
internal_count=6808 4709 3191 2099 1518 1290
is_linear=0
shrinkage=0.01


Tree=68
num_leaves=7
num_cat=0
split_feature=12 7 13 17 7 8
split_gain=3359.3 1480.51 846.325 711.715 578.64 364.302
threshold=1.7580699840619169 24.653250000000003 17.877604077128598 208.63000000000019 1697.5800000000002 1683.5000000000002
decision_type=2 2 2 8 2 2
left_child=1 -1 3 4 -3 -5
right_child=-2 2 -4 5 -6 -7
leaf_value=-0.0019586993420259587 -0.010459955535791973 0.0077443957786080576 0.02076793925357916 -0.0014254562055947796 0.035048065758939533 0.0075964230832920336
leaf_weight=1945 2099 179 523 697 138 1227
leaf_count=1945 2099 179 523 697 138 1227
internal_value=3.22368e-05 0.0047213 0.00941207 0.00668138 0.0203389 0.00433763
internal_weight=6808 4709 2764 2241 317 1924
internal_count=6808 4709 2764 2241 317 1924
is_linear=0
shrinkage=0.01


Tree=69
num_leaves=7
num_cat=0
split_feature=10 1 8 4 1 14
split_gain=3954.65 1518.92 1026.46 633.4 468.842 277.77
threshold=0.030029870466207469 1.0661709171926781 1413.5000000000002 -0.068759918584266208 1.5006751295101188 1.7719830012759441
decision_type=2 2 2 2 2 2
left_child=2 -2 -1 5 -4 -3
right_child=1 3 4 -5 -6 -7
leaf_value=0.022426776427345176 -0.011944438050606354 -0.0021304657830394859 0.0023972918171370826 0.0057335253273847545 0.013549380747203455 -0.012370732408856522
leaf_weight=585 1918 1375 939 1045 626 320
leaf_count=585 1918 1375 939 1045 626 320
internal_value=3.2755e-05 -0.00514418 0.0112205 -0.000357879 0.00691583 -0.00412495
internal_weight=6808 4658 2150 2740 1565 1695
internal_count=6808 4658 2150 2740 1565 1695
is_linear=0
shrinkage=0.01


Tree=70
num_leaves=7
num_cat=0
split_feature=10 1 1 4 17 14
split_gain=3877.02 1489.2 807.735 692.671 518.543 568.722
threshold=0.030029870466207469 1.0410771753502324 1.6676202149078476 -0.068759918584266208 207.32333333333295 0.11665875592132696
decision_type=2 2 2 2 8 2
left_child=2 -2 4 -3 5 -1
right_child=1 3 -4 -5 -6 -7
leaf_value=0.037490800667071229 -0.012487868516686981 -0.0045643020668292645 0.020139045063365262 0.0053835295038681709 0.004340452485228366 0.0053891013096307077
leaf_weight=98 1710 1827 672 1121 1259 121
leaf_count=98 1710 1827 672 1121 1259 121
internal_value=3.26865e-05 -0.00509318 0.0111101 -0.00077615 0.00689719 0.0207641
internal_weight=6808 4658 2150 2948 1478 219
internal_count=6808 4658 2150 2948 1478 219
is_linear=0
shrinkage=0.01


Tree=71
num_leaves=7
num_cat=0
split_feature=0 0 10 10 10 8
split_gain=4556.61 962.463 911.591 564.281 338.095 296.023
threshold=0.90188618595086767 1.0886072067415673 0.051132097672194635 0.025593909851723873 0.025207744200995402 1393.5000000000002
decision_type=2 2 2 2 2 2
left_child=2 3 4 5 -1 -2
right_child=1 -3 -4 -5 -6 -7
leaf_value=0.0063872629971375022 0.025454779891591325 0.02172286986470684 -0.012089194874031995 0.0035650691321713946 -0.0041137828713252219 0.01016044123646264
leaf_weight=351 180 560 1723 1478 2051 465
leaf_count=351 180 560 1723 1478 2051 465
internal_value=3.31765e-05 0.0101558 -0.00655944 0.00701708 -0.00255916 0.0147521
internal_weight=6808 2683 4125 2123 2402 645
internal_count=6808 2683 4125 2123 2402 645
is_linear=0
shrinkage=0.01


Tree=72
num_leaves=7
num_cat=0
split_feature=12 7 8 21 7 8
split_gain=3175.89 1405.28 655.101 563.725 870.411 337.587
threshold=1.7580699840619169 24.653250000000003 916.50000000000011 17.822500000000073 1697.5800000000002 1393.5000000000002
decision_type=2 2 2 10 2 2
left_child=1 -1 -3 4 -4 -2
right_child=5 2 3 -5 -6 -7
leaf_value=-0.0019151819687668065 -0.014584898361926479 0.024307937531721318 0.0087202812379027234 0.0016885869927374762 0.033543464022455741 -0.0064431146476340833
leaf_weight=1945 947 251 1367 996 150 1152
leaf_count=1945 947 251 1367 996 150 1152
internal_value=3.3594e-05 0.00459286 0.0091629 0.00755985 0.0113784 -0.0101682
internal_weight=6808 4709 2764 2513 1517 2099
internal_count=6808 4709 2764 2513 1517 2099
is_linear=0
shrinkage=0.01


Tree=73
num_leaves=7
num_cat=0
split_feature=0 0 1 21 10 4
split_gain=4424.57 1199.82 704.149 502.088 324.762 304.094
threshold=0.86973021150202079 0.99931452156576783 1.0906631365472974 22.870833333333351 0.024186181654504809 -0.06469505470195637
decision_type=2 2 2 8 2 2
left_child=2 4 -1 -3 -2 -4
right_child=1 3 5 -5 -6 -7
leaf_value=-0.011591327358018091 0.011843847737113998 0.018056165502535117 -0.0060130668956363499 -0.0018658864019749067 0.0015136849370608627 0.0030647347657353323
leaf_weight=1997 367 1150 970 140 1600 584
leaf_count=1997 367 1150 970 140 1600 584
internal_value=3.39227e-05 0.00843815 -0.00767654 0.0158964 0.00349123 -0.00260381
internal_weight=6808 3257 3551 1290 1967 1554
internal_count=6808 3257 3551 1290 1967 1554
is_linear=0
shrinkage=0.01


Tree=74
num_leaves=7
num_cat=0
split_feature=10 10 9 5 17 17
split_gain=3650.42 1261.45 664.42 321.044 257.478 218.669
threshold=0.039153429752138071 0.022009118257899463 -0.0090717980882848766 0.99991965424749385 200.19499999999928 208.63000000000019
decision_type=2 2 2 2 8 8
left_child=1 4 -2 5 -1 -3
right_child=2 3 -4 -5 -6 -7
leaf_value=0.033293997122457737 -0.012282079577967592 0.0089908178570122128 -0.0031405262416428991 0.0083471875133973548 0.015612840948597079 -0.00018232337850198431
leaf_weight=98 1601 302 1588 1009 657 1553
leaf_count=98 1601 302 1588 1009 657 1553
internal_value=3.38036e-05 0.00689872 -0.00775398 0.00383645 0.0183131 0.00135129
internal_weight=6808 3619 3189 2864 755 1855
internal_count=6808 3619 3189 2864 755 1855
is_linear=0
shrinkage=0.01


Tree=75
num_leaves=7
num_cat=0
split_feature=10 1 8 5 1 19
split_gain=3583.4 1388.44 963.251 648.459 433.245 250.112
threshold=0.030029870466207469 1.0410771753502324 1413.5000000000002 0.87104695929672726 1.5006751295101188 295.11799624491692
decision_type=2 2 2 2 2 10
left_child=2 -2 5 -3 -4 -1
right_child=1 3 4 -5 -6 -7
leaf_value=0.024441391272110567 -0.012033884251086844 -0.0043985991717668885 0.0021736175878104939 0.0052216143746255869 0.012891868010189435 0.006183989940349151
leaf_weight=487 1710 1824 939 1124 626 98
leaf_count=487 1710 1824 939 1124 626 98
internal_value=3.42083e-05 -0.00489374 0.0106839 -0.000725396 0.00651555 0.0215382
internal_weight=6808 4658 2150 2948 1565 585
internal_count=6808 4658 2150 2948 1565 585
is_linear=0
shrinkage=0.01


Tree=76
num_leaves=7
num_cat=0
split_feature=0 0 10 10 10 8
split_gain=4236.97 908.755 832.451 521.003 310.6 281.794
threshold=0.90188618595086767 1.0886072067415673 0.051132097672194635 0.025593909851723873 0.025207744200995402 1393.5000000000002
decision_type=2 2 2 2 2 2
left_child=2 3 4 5 -1 -2
right_child=1 -3 -4 -5 -6 -7
leaf_value=0.0060756101583484103 0.024613460171379539 0.021034590439127528 -0.011607174419400814 0.0034290859410647237 -0.0039897589399551635 0.009706158905182229
leaf_weight=351 180 560 1723 1478 2051 465
leaf_count=351 180 560 1723 1478 2051 465
internal_value=3.4372e-05 0.00979546 -0.00632281 0.00674611 -0.00249983 0.0141786
internal_weight=6808 2683 4125 2123 2402 645
internal_count=6808 2683 4125 2123 2402 645
is_linear=0
shrinkage=0.01


Tree=77
num_leaves=7
num_cat=0
split_feature=9 13 8 20 5 14
split_gain=3356.05 1078.88 787.003 919.573 323.305 262.057
threshold=-0.0052929292929292937 0.25968510979177462 1344.5000000000002 38.200000000000024 1.1976155987790402 0.73245411450316811
decision_type=2 2 2 8 2 2
left_child=5 -2 3 -3 -4 -1
right_child=1 2 4 -5 -6 -7
leaf_value=-0.006525806497646852 -0.0064085963309765985 0.020100882975854641 0.0028836710909243835 -0.0027836293367205288 0.011992480809948858 -0.013586273481453208
leaf_weight=1051 714 733 2512 227 454 1117
leaf_count=1051 714 733 2512 227 454 1117
internal_value=3.47508e-05 0.0048328 0.0068883 0.0147167 0.00431355 -0.0102092
internal_weight=6808 4640 3926 960 2966 2168
internal_count=6808 4640 3926 960 2966 2168
is_linear=0
shrinkage=0.01


Tree=78
num_leaves=7
num_cat=0
split_feature=0 0 20 10 8 10
split_gain=4107.31 1123.96 675.372 627.956 442.529 295.76
threshold=0.86973021150202079 0.99931452156576783 38.200000000000024 0.046186707357564374 1440.5000000000002 0.024186181654504809
decision_type=2 2 8 2 2 2
left_child=3 5 4 -1 -3 -2
right_child=1 2 -4 -5 -6 -7
leaf_value=-0.0028114076874645646 0.011315028909247972 0.026700443467434942 -0.0050007830005114441 -0.01126156271402956 0.0132013658161639 0.0014567583494916119
leaf_weight=1633 367 381 141 1918 768 1600
leaf_count=1633 367 381 141 1918 768 1600
internal_value=3.44865e-05 0.00813179 0.0153503 -0.00739439 0.0178693 0.00334403
internal_weight=6808 3257 1290 3551 1149 1967
internal_count=6808 3257 1290 3551 1149 1967
is_linear=0
shrinkage=0.01


Tree=79
num_leaves=7
num_cat=0
split_feature=10 10 7 17 10 13
split_gain=3356 1102.03 746.09 509.108 477.677 423.184
threshold=0.030029870466207469 0.059030219190585417 467.50860000000006 215.22333333333282 0.020229433464281226 0.25968510979177462
decision_type=2 2 2 10 2 2
left_child=2 5 4 -4 -1 -2
right_child=1 -3 3 -5 -6 -7
leaf_value=0.016499232310849807 -0.0077507048069012608 -0.012170074699471891 0.040352122974582016 0.012984849554959706 0.004874687016997099 0.00052544838043839073
leaf_weight=472 815 1387 118 177 1383 2456
leaf_count=472 815 1387 118 177 1383 2456
internal_value=3.46344e-05 -0.0047344 0.0103409 0.0248959 0.00790513 -0.00155397
internal_weight=6808 4658 2150 295 1855 3271
internal_count=6808 4658 2150 295 1855 3271
is_linear=0
shrinkage=0.01


Tree=80
num_leaves=7
num_cat=0
split_feature=0 0 1 10 15 3
split_gain=3981.67 866.628 864.316 491.021 304.151 232.808
threshold=0.90188618595086767 1.0886072067415673 1.0856070478418636 0.022009118257899463 4.539228846181163 0.31762352867230242
decision_type=2 2 2 2 2 2
left_child=2 3 -1 -2 -4 -5
right_child=1 -3 4 5 -6 -7
leaf_value=-0.010687984469538987 0.016894395328225661 0.020472511152769522 0.00092195193694440212 0.0063713900560260772 -0.0074953519581992291 -0.0019668556927733135
leaf_weight=2063 367 560 1466 1313 596 443
leaf_count=2063 367 560 1466 1313 596 443
internal_value=3.50994e-05 0.00949754 -0.00612759 0.00652018 -0.00153542 0.00426861
internal_weight=6808 2683 4125 2123 2062 1756
internal_count=6808 2683 4125 2123 2062 1756
is_linear=0
shrinkage=0.01


Tree=81
num_leaves=7
num_cat=0
split_feature=0 0 20 5 12 12
split_gain=3912.26 1276.07 653.151 386.112 335.684 271.636
threshold=0.84384939540679427 0.99931452156576783 38.200000000000024 1.2142227065974003 2.9727379293480429 1.7580699840619169
decision_type=2 2 8 2 2 2
left_child=4 3 5 -2 -1 -3
right_child=1 2 -4 -5 -6 -7
leaf_value=-0.0050587317408070862 0.0012055070167782892 0.018656316801572471 -0.0050196693245543548 0.013726688312253111 -0.011669978426327917 -0.0019550778673912742
leaf_weight=1664 2123 1083 141 269 1462 66
leaf_count=1664 2123 1083 141 269 1462 66
internal_value=3.51079e-05 0.00701135 0.0149883 0.0026649 -0.0081781 0.0174657
internal_weight=6808 3682 1290 2392 3126 1149
internal_count=6808 3682 1290 2392 3126 1149
is_linear=0
shrinkage=0.01


Tree=82
num_leaves=7
num_cat=0
split_feature=12 4 11 4 2 4
split_gain=2757.64 1376.25 503.496 299.141 260.074 223.464
threshold=1.7580699840619169 -1.0000000180025095e-35 0.019029298680714544 -0.11104822391455972 0.64528339684350899 0.095791827111381123
decision_type=2 2 2 2 2 2
left_child=1 2 -1 -4 -2 -3
right_child=4 5 3 -5 -6 -7
leaf_value=0.0049187096043256393 -0.0045067916819806608 0.0085245574932923777 -0.0074285393791327292 0.00081375485036707827 -0.012006983430891989 0.016445631342016976
leaf_weight=1434 719 854 817 938 1380 666
leaf_count=1434 719 854 817 938 1380 666
internal_value=3.49018e-05 0.00428335 0.000540998 -0.0030436 -0.00947139 0.01208
internal_weight=6808 4709 3189 1755 2099 1520
internal_count=6808 4709 3189 1755 2099 1520
is_linear=0
shrinkage=0.01


Tree=83
num_leaves=7
num_cat=0
split_feature=0 0 10 10 10 9
split_gain=3791.66 830.583 730.86 470.821 282.568 223.509
threshold=0.90188618595086767 1.0886072067415673 0.051132097672194635 0.022009118257899463 0.025207744200995402 -0.0056682021869602387
decision_type=2 2 2 2 2 2
left_child=2 3 4 -2 -1 -5
right_child=1 -3 -4 5 -6 -7
leaf_value=0.0057826690936404338 0.016512274713618606 0.020012623692349161 -0.010930706115357713 -0.0064451215747558608 -0.0038178539161063366 0.0053256852531060796
leaf_weight=351 367 560 1723 171 2051 1585
leaf_count=351 367 560 1723 171 2051 1585
internal_value=3.46519e-05 0.00926856 -0.00597919 0.00635397 -0.00239679 0.00414943
internal_weight=6808 2683 4125 2123 2402 1756
internal_count=6808 2683 4125 2123 2402 1756
is_linear=0
shrinkage=0.01


Tree=84
num_leaves=7
num_cat=0
split_feature=1 4 15 15 4 1
split_gain=3081.62 823.397 768.444 477.877 332.102 262.492
threshold=1.225637065725677 0.090972607033255992 1.0502361812124541 5.3035948249795668 -0.083333333333333301 1.8799085618592681
decision_type=2 2 2 2 2 2
left_child=2 3 4 5 -1 -2
right_child=1 -3 -4 -5 -6 -7
leaf_value=-0.0060448322590586235 0.0046475069401372589 0.016936619987327407 -0.010703816166050182 -0.0054650078102407096 0.0032794858546077565 0.013794633236730818
leaf_weight=725 1923 645 1950 408 786 371
leaf_count=725 1923 645 1950 408 786 371
internal_value=3.46932e-05 0.0068658 -0.00657216 0.00440819 -0.00120479 0.00618029
internal_weight=6808 3347 3461 2702 1511 2294
internal_count=6808 3347 3461 2702 1511 2294
is_linear=0
shrinkage=0.01


Tree=85
num_leaves=7
num_cat=0
split_feature=1 2 12 1 2 7
split_gain=3020.88 1046.68 871.438 631.008 420.086 772.841
threshold=1.225637065725677 0.53150748479627896 1.7580699840619169 1.8799085618592681 0.50006251692504022 683.67465000000004
decision_type=2 2 2 2 2 2
left_child=1 -1 3 4 5 -2
right_child=2 -3 -4 -5 -6 -7
leaf_value=7.2649908141729516e-05 0.0082236369781901845 -0.011089658178119513 -0.0037310597058958623 0.018059031956965871 0.0026805623678226786 0.037080426415271851
leaf_weight=1425 795 2036 632 620 1203 97
leaf_count=1425 795 2036 632 620 1203 97
internal_value=3.45875e-05 -0.00650682 0.00679804 0.0092537 0.00657442 0.011738
internal_weight=6808 3461 3347 2715 2095 892
internal_count=6808 3461 3347 2715 2095 892
is_linear=0
shrinkage=0.01


Tree=86
num_leaves=7
num_cat=0
split_feature=10 9 10 15 15 5
split_gain=3029.24 1094.76 640.187 366.904 365.85 284.57
threshold=0.030029870466207469 -0.0088503954423263601 0.020229433464281226 2.2898224954208262 4.127146804264183 0.9374740918540333
decision_type=2 2 2 2 2 2
left_child=2 -2 -1 -4 5 -3
right_child=1 4 3 -5 -6 -7
leaf_value=0.019004377126833834 -0.011030387799816877 -0.0016598962881786234 0.00941398489994099 -0.0013766357173196956 -0.0083055723015341559 0.0055056541360478748
leaf_weight=555 1645 1655 1168 427 537 821
leaf_count=555 1645 1655 1168 427 537 821
internal_value=3.4994e-05 -0.00449592 0.00982665 0.00653463 -0.000903631 0.000728669
internal_weight=6808 4658 2150 1595 3013 2476
internal_count=6808 4658 2150 1595 3013 2476
is_linear=0
shrinkage=0.01


Tree=87
num_leaves=7
num_cat=0
split_feature=1 9 12 1 1 12
split_gain=2926.97 914.756 597.733 555.132 315.211 234.195
threshold=1.188344594594595 -0.0019766310093397017 0.40974298840601092 1.6676202149078476 0.92703022936327906 2.2180731912545748
decision_type=2 2 2 2 2 2
left_child=2 -2 4 -3 -1 -5
right_child=1 3 -4 5 -6 -7
leaf_value=-0.010627453682577439 -0.00099604952190533963 0.0060863431595588966 -0.011467240206655247 0.017664631858972081 -0.00027115691480450666 -0.0014706688164136347
leaf_weight=376 1212 1602 1537 779 1234 68
leaf_count=376 1212 1602 1537 779 1234 68
internal_value=3.48135e-05 0.00610643 -0.00702545 0.00961117 -0.00274044 0.0161292
internal_weight=6808 3661 3147 2449 1610 847
internal_count=6808 3661 3147 2449 1610 847
is_linear=0
shrinkage=0.01


Tree=88
num_leaves=7
num_cat=0
split_feature=1 12 1 12 4 1
split_gain=2869.3 881.778 668.202 585.846 323.886 309.103
threshold=1.188344594594595 1.7580699840619169 1.8799085618592681 0.40974298840601092 -0.002968712392621128 0.92703022936327906
decision_type=2 2 2 2 2 2
left_child=3 2 4 5 -2 -1
right_child=1 -3 -4 -5 -6 -7
leaf_value=-0.010523932298737063 0.0031294250120642441 -0.0037894352131664158 0.017635008566347615 -0.011353309059725701 0.010929067316017275 -0.00026846713972389488
leaf_weight=376 1485 725 620 1537 831 1234
leaf_count=376 1485 725 620 1537 831 1234
internal_value=3.44495e-05 0.00604594 0.00847926 -0.0069559 0.00596296 -0.00271371
internal_weight=6808 3661 2936 3147 2316 1610
internal_count=6808 3661 2936 3147 2316 1610
is_linear=0
shrinkage=0.01


Tree=89
num_leaves=7
num_cat=0
split_feature=0 0 14 20 8 14
split_gain=3470.86 974.969 522.662 407.059 242.298 191.512
threshold=0.86973021150202079 1.0371555275104967 2.6415040341048548 38.800000000000018 1459.0000000000002 0.54361967088576424
decision_type=2 2 2 8 2 2
left_child=2 5 -1 4 -3 -2
right_child=1 3 -4 -5 -6 -7
leaf_value=-0.0046630643700455157 0.0065650356375078558 0.025273298354540303 -0.013764265229121138 -0.0057809779638560814 0.013528828251472407 0.0008247413290915777
leaf_weight=2732 1337 317 819 72 503 1028
leaf_count=2732 1337 317 819 72 503 1028
internal_value=3.41894e-05 0.00747775 -0.00679492 0.0163311 0.0183189 0.00408387
internal_weight=6808 3257 3551 892 820 2365
internal_count=6808 3257 3551 892 820 2365
is_linear=0
shrinkage=0.01


Tree=90
num_leaves=7
num_cat=0
split_feature=0 0 15 5 5 17
split_gain=3406.92 756.46 658.022 339.555 330.522 260.902
threshold=0.90188618595086767 1.0886072067415673 6.6061610580194587 0.87104695929672726 1.0460374646361117 205.21000000000006
decision_type=2 2 2 2 2 8
left_child=2 4 3 -1 5 -2
right_child=1 -3 -4 -5 -6 -7
leaf_value=-0.0057756663940142462 0.014049037934094668 0.01904003805794606 -0.011710199907241882 0.0012357834651024191 0.012042407920707432 0.0017626270384602108
leaf_weight=1745 190 560 1246 1134 628 1305
leaf_count=1745 190 560 1246 1134 628 1305
internal_value=3.417e-05 0.00878706 -0.0056664 -0.00301923 0.00600596 0.00340708
internal_weight=6808 2683 4125 2879 2123 1495
internal_count=6808 2683 4125 2879 2123 1495
is_linear=0
shrinkage=0.01


Tree=91
num_leaves=7
num_cat=0
split_feature=0 0 20 14 5 7
split_gain=3349.71 1113.06 601.337 385.693 338.079 297.844
threshold=0.84384939540679427 0.99931452156576783 38.200000000000024 2.6190311519793492 1.2142227065974003 467.50860000000006
decision_type=2 2 8 2 2 2
left_child=3 4 5 -1 -2 -3
right_child=1 2 -4 -5 -6 -7
leaf_value=-0.0054696597792419218 0.0010651730345649238 0.013635004792320209 -0.0052360820266285557 -0.013546418726624277 0.012781122332458855 0.027085594160659282
leaf_weight=2329 2123 938 141 797 269 211
leaf_count=2329 2123 938 141 797 269 211
internal_value=3.42777e-05 0.00648949 0.0139394 -0.00756553 0.00243045 0.0163174
internal_weight=6808 3682 1290 3126 2392 1149
internal_count=6808 3682 1290 3126 2392 1149
is_linear=0
shrinkage=0.01


Tree=92
num_leaves=7
num_cat=0
split_feature=10 1 8 2 1 1
split_gain=2782.34 1095.69 829.517 550.62 352.002 348.599
threshold=0.030029870466207469 1.0410771753502324 1413.5000000000002 0.51723416522362686 2.4170365417833524 1.5006751295101188
decision_type=2 2 2 2 2 2
left_child=2 -2 -1 -3 -5 -4
right_child=1 3 5 4 -6 -7
leaf_value=0.019487744339630242 -0.010650821158870227 0.0049495927655775493 0.0016636712961458258 -0.0051650036659377308 0.011359363608062268 0.011273545295577761
leaf_weight=585 1710 1105 939 1713 130 626
leaf_count=585 1710 1105 939 1713 130 626
internal_value=3.43796e-05 -0.00430797 0.00941852 -0.000605204 -0.00394441 0.00555479
internal_weight=6808 4658 2150 2948 1843 1565
internal_count=6808 4658 2150 2948 1843 1565
is_linear=0
shrinkage=0.01


Tree=93
num_leaves=7
num_cat=0
split_feature=12 5 17 8 14 12
split_gain=2334.89 1174.72 445.749 404.779 324.549 303.672
threshold=1.7580699840619169 0.99991965424749385 208.63000000000019 1413.5000000000002 0.17021881020370608 1.0988292737062391
decision_type=2 2 8 2 2 2
left_child=1 2 4 -3 -1 -4
right_child=-2 3 5 -5 -6 -7
leaf_value=0.01764893830595422 -0.008712805559827879 0.019066324099524998 -0.0018032923825044846 0.0076847685395493547 0.00028194405590524762 0.012347783747458865
leaf_weight=231 2099 449 2614 1069 195 151
leaf_count=231 2099 449 2614 1069 195 151
internal_value=3.45186e-05 0.00394377 0.000489643 0.011154 0.00988806 -0.000988773
internal_weight=6808 4709 3191 1518 426 2765
internal_count=6808 4709 3191 1518 426 2765
is_linear=0
shrinkage=0.01


Tree=94
num_leaves=7
num_cat=0
split_feature=0 0 20 8 1 10
split_gain=3203.46 1057.01 581.967 400.074 386.909 316.078
threshold=0.84523008673899469 0.99931452156576783 38.200000000000024 1440.5000000000002 1.1151635720601241 0.024186181654504809
decision_type=2 2 8 2 2 2
left_child=4 5 3 -3 -1 -2
right_child=1 2 -4 -5 -6 -7
leaf_value=-0.0099333627069579673 0.010153320456183517 0.024354221611754143 -0.0052184511672409362 0.011568473492501242 -0.0025899570156105146 0.00068406938198302414
leaf_weight=2032 421 381 141 768 1120 1945
leaf_count=2032 421 381 141 768 1120 1945
internal_value=3.48556e-05 0.00639613 0.0136421 0.0159817 -0.00734047 0.00240465
internal_weight=6808 3656 1290 1149 3152 2366
internal_count=6808 3656 1290 1149 3152 2366
is_linear=0
shrinkage=0.01


Tree=95
num_leaves=7
num_cat=0
split_feature=15 12 7 8 15 22
split_gain=2288.2 882.438 900.555 437.71 289.308 318.761
threshold=4.127146804264183 1.7580699840619169 16.92135 916.50000000000011 0.14119119463727667 12.100000000000025
decision_type=2 2 2 2 2 10
left_child=1 2 -1 -4 -5 -6
right_child=-2 -3 3 4 5 -7
leaf_value=-0.0010207089398788884 -0.0096185003395670883 -0.0060678776003704931 0.021061690198755222 0.00093500300435906476 0.010438217102096969 -0.0033968274982517296
leaf_weight=1457 1796 800 252 550 1774 179
leaf_count=1457 1796 800 252 550 1774 179
internal_value=3.49327e-05 0.00350641 0.00533495 0.00868772 0.00736306 0.00915934
internal_weight=6808 5012 4212 2755 2503 1953
internal_count=6808 5012 4212 2755 2503 1953
is_linear=0
shrinkage=0.01


Tree=96
num_leaves=7
num_cat=0
split_feature=0 10 10 0 8 2
split_gain=3106.91 698.862 595.026 398.575 351.799 313.725
threshold=0.90188618595086767 0.022009118257899463 0.054016331312028813 1.0886072067415673 1393.5000000000002 0.50961894191638935
decision_type=2 2 2 2 2 2
left_child=2 4 -1 5 -2 -3
right_child=1 3 -4 -5 -6 -7
leaf_value=-0.0024241852701553167 0.028180020586229287 0.0075830103957755983 -0.010250177242144649 0.015375945213295794 0.011643152766957125 -0.00086146026279508949
leaf_weight=2561 211 940 1564 342 374 816
leaf_count=2561 211 940 1564 342 374 816
internal_value=3.47642e-05 0.00839338 -0.00540903 0.00564736 0.0179811 0.00367627
internal_weight=6808 2683 4125 2098 585 1756
internal_count=6808 2683 4125 2098 585 1756
is_linear=0
shrinkage=0.01


Tree=97
num_leaves=7
num_cat=0
split_feature=0 0 8 14 9 19
split_gain=3054.21 1007.75 414.425 363.902 278.802 244.153
threshold=0.84523008673899469 0.98719722205222982 924.00000000000011 2.6190311519793492 -0.0034997095276366511 294.51870562537806
decision_type=2 2 2 2 2 10
left_child=3 4 -3 -1 -2 -4
right_child=1 2 5 -5 -6 -7
leaf_value=-0.0051513177923268776 -0.0039200131941207576 0.027047144961417528 0.013005918478022023 -0.012982729190840505 0.0041316487691314399 0.0020481686804259382
leaf_weight=2355 566 175 954 797 1698 263
leaf_count=2355 566 175 954 797 1698 263
internal_value=3.51389e-05 0.00624646 0.0129105 -0.00716633 0.00211035 0.0106739
internal_weight=6808 3656 1392 3152 2264 1217
internal_count=6808 3656 1392 3152 2264 1217
is_linear=0
shrinkage=0.01


Tree=98
num_leaves=7
num_cat=0
split_feature=10 1 8 12 1 22
split_gain=2558.56 1011.99 765.523 471.59 325.89 228.408
threshold=0.030029870466207469 1.0410771753502324 1413.5000000000002 2.9727379293480429 1.5006751295101188 -5.2999999999999821
decision_type=2 2 2 2 2 8
left_child=2 -2 5 -3 -4 -1
right_child=1 3 4 -5 -6 -7
leaf_value=0.033209274774789813 -0.010224697196261881 0.0019547020499445351 0.001560762252061379 -0.0068661351209148239 0.010851626695143264 0.015464727947672847
leaf_weight=90 1710 2109 939 839 626 495
leaf_count=90 1710 2109 939 839 626 495
internal_value=3.51421e-05 -0.00412892 0.00903399 -0.000570431 0.00532241 0.0187069
internal_weight=6808 4658 2150 2948 1565 585
internal_count=6808 4658 2150 2948 1565 585
is_linear=0
shrinkage=0.01


Tree=99
num_leaves=7
num_cat=0
split_feature=0 0 20 14 4 12
split_gain=2952.02 977.674 555.55 352.416 308.743 227.606
threshold=0.84523008673899469 0.99931452156576783 38.200000000000024 2.6190311519793492 0.17638752312695025 1.7580699840619169
decision_type=2 2 8 2 2 2
left_child=3 4 5 -1 -2 -3
right_child=1 2 -4 -5 -6 -7
leaf_value=-0.0050616076000691455 0.0014399716827584819 0.016487467718427389 -0.0053060016937134481 -0.012768320596247192 0.017477791600339992 -0.0023110131600773648
leaf_weight=2355 2249 1083 141 797 117 66
leaf_count=2355 2249 1083 141 797 117 66
internal_value=3.54646e-05 0.00614199 0.0131107 -0.00704451 0.00230327 0.015397
internal_weight=6808 3656 1290 3152 2366 1149
internal_count=6808 3656 1290 3152 2366 1149
is_linear=0
shrinkage=0.01


Tree=100
num_leaves=7
num_cat=0
split_feature=9 17 7 5 9 11
split_gain=2374.75 702.986 686.695 603.861 297.342 273.183
threshold=-0.0034997095276366511 207.32333333333295 467.50860000000006 1.2242345335681903 -0.010702647738111921 0.011130594959556159
decision_type=2 8 2 2 2 2
left_child=4 2 -2 5 -1 -3
right_child=1 3 -4 -5 -6 -7
leaf_value=-0.01032320219104235 0.0072840466688173415 0.011282135414170488 0.036837676097638904 0.011719586702091778 -0.0035262681334972193 0.00066576074721808433
leaf_weight=1483 221 255 118 713 1158 2860
leaf_count=1483 221 255 118 713 1158 2860
internal_value=3.5256e-05 0.00473344 0.0183319 0.00348456 -0.00736749 0.00156816
internal_weight=6808 4167 339 3828 2641 3115
internal_count=6808 4167 339 3828 2641 3115
is_linear=0
shrinkage=0.01


Tree=101
num_leaves=7
num_cat=0
split_feature=10 1 1 12 17 9
split_gain=2440.07 969.575 548.913 451.58 449.945 310.645
threshold=0.030029870466207469 1.0410771753502324 1.6676202149078476 2.9727379293480429 207.32333333333295 0.00023819514253863898
decision_type=2 2 2 2 8 2
left_child=2 -2 4 5 -1 -3
right_child=1 3 -4 -5 -6 -7
leaf_value=0.018260543460766561 -0.0099974782140551579 -0.00053853231147672949 0.016264317928543014 -0.0067084443646601597 0.0029828799125911644 0.0078702102979952941
leaf_weight=219 1710 1498 672 839 1259 611
leaf_count=219 1710 1498 672 839 1259 611
internal_value=3.56946e-05 -0.00403081 0.00882371 -0.000547727 0.00535413 0.00192322
internal_weight=6808 4658 2150 2948 1478 2109
internal_count=6808 4658 2150 2948 1478 2109
is_linear=0
shrinkage=0.01


Tree=102
num_leaves=7
num_cat=0
split_feature=9 13 17 4 13 14
split_gain=2292.84 682.475 770.964 537.815 419.627 296.616
threshold=-0.0034997095276366511 0.25968510979177462 207.32333333333295 0.095791827111381123 0.2897988112382342 0.73245411450316811
decision_type=2 2 8 2 2 2
left_child=5 -2 4 -4 -3 -1
right_child=1 2 3 -5 -6 -7
leaf_value=-0.0040386524978836876 -0.0049942926280764919 0.038327271530733391 0.0027995875214948196 0.012881765522566082 0.01254809405789521 -0.010786563293568979
leaf_weight=1400 617 92 2589 658 211 1241
leaf_count=1400 617 92 2589 658 211 1241
internal_value=3.57503e-05 0.0046522 0.00633811 0.004876 0.0213499 -0.00723821
internal_weight=6808 4167 3550 3247 303 2641
internal_count=6808 4167 3550 3247 303 2641
is_linear=0
shrinkage=0.01


Tree=103
num_leaves=7
num_cat=0
split_feature=1 2 9 1 17 13
split_gain=2305.63 834.657 647.068 416.077 283.255 221.87
threshold=1.225637065725677 0.40801796184670064 -0.0017332467410830106 1.6676202149078476 194.21333333333362 11.795512369064053
decision_type=2 2 2 2 10 2
left_child=1 -1 -2 4 -4 -5
right_child=2 -3 3 5 -6 -7
leaf_value=0.0026148409881803997 -0.00010035197053963464 -0.0085703623535115445 0.02490692794833281 0.0086101864745200003 0.0045532001593641385 0.019387720322456732
leaf_weight=895 1159 2566 63 371 1299 455
leaf_count=895 1159 2566 63 371 1299 455
internal_value=3.60783e-05 -0.00567872 0.00594483 0.0091329 0.00566935 0.0147079
internal_weight=6808 3461 3347 2188 1362 826
internal_count=6808 3461 3347 2188 1362 826
is_linear=0
shrinkage=0.01


Tree=104
num_leaves=7
num_cat=0
split_feature=10 1 10 2 1 17
split_gain=2324.86 928.812 531.009 491.106 297.261 226.452
threshold=0.030029870466207469 1.0410771753502324 0.020229433464281226 0.51723416522362686 2.4170365417833524 186.0416666666666
decision_type=2 2 2 2 2 8
left_child=2 -2 -1 -3 -5 -4
right_child=1 3 5 4 -6 -7
leaf_value=0.016970064650232021 -0.0097727614266426999 0.0047219936314379304 0.016915444536423831 -0.0047990351811774863 0.010387159901005881 0.004330021431089918
leaf_weight=555 1710 1105 151 1713 130 1444
leaf_count=555 1710 1105 151 1713 130 1444
internal_value=3.64714e-05 -0.00393288 0.0086145 -0.000523838 -0.00367757 0.00561946
internal_weight=6808 4658 2150 2948 1843 1595
internal_count=6808 4658 2150 2948 1843 1595
is_linear=0
shrinkage=0.01


Tree=105
num_leaves=7
num_cat=0
split_feature=9 17 14 13 8 14
split_gain=2177.38 657.995 540.963 506.068 435.861 287.016
threshold=-0.0034997095276366511 207.32333333333295 0.11665875592132696 0.2897988112382342 1344.5000000000002 0.73245411450316811
decision_type=2 8 2 2 2 2
left_child=5 2 -2 -3 -5 -1
right_child=1 3 -4 4 -6 -7
leaf_value=-0.0039051994087288266 0.036820321523007897 -0.0036201462374370603 0.0090870207422009616 0.01394853229602039 0.0035467819910058123 -0.010541913564572651
leaf_weight=1400 95 817 244 472 2539 1241
leaf_count=1400 95 817 244 472 2539 1241
internal_value=3.66751e-05 0.00453539 0.0176912 0.00332727 0.00521812 -0.00705178
internal_weight=6808 4167 339 3828 3011 2641
internal_count=6808 4167 339 3828 3011 2641
is_linear=0
shrinkage=0.01


Tree=106
num_leaves=7
num_cat=0
split_feature=10 1 15 1 15 21
split_gain=2250.54 901.547 520.363 445.577 393.511 283.004
threshold=0.030029870466207469 1.0410771753502324 2.2109449738759293 1.7148765517554685 4.4075120776741192 7.5250000000000368
decision_type=2 2 2 2 2 8
left_child=2 -2 3 5 -3 -1
right_child=1 4 -4 -5 -6 -7
leaf_value=0.022056889744948537 -0.0096219503580129619 0.0015658991094075786 -0.00025703045746812485 0.019418466220559674 -0.0069012341754667288 0.0060343790523459629
leaf_weight=116 1710 2231 518 468 717 1048
leaf_count=116 1710 2231 518 468 717 1048
internal_value=3.69733e-05 -0.00386842 0.00847679 0.0112336 -0.00050981 0.0078054
internal_weight=6808 4658 2150 1632 2948 1164
internal_count=6808 4658 2150 1632 2948 1164
is_linear=0
shrinkage=0.01


Tree=107
num_leaves=7
num_cat=0
split_feature=1 9 13 1 13 21
split_gain=2168.61 608.986 495.502 395.895 316.449 276.295
threshold=1.225637065725677 -0.0017332467410830106 0.25968510979177462 1.6676202149078476 0.26867439109076624 15.500833333333334
decision_type=2 2 2 2 2 8
left_child=2 -2 -1 -3 5 -4
right_child=1 3 4 -5 -6 -7
leaf_value=-0.010032431257809974 -9.7038339031481818e-05 0.0054824560778929119 0.027356632112735705 0.014298098024413097 -0.0035620834619900076 0.0014134770427589064
leaf_weight=1416 1159 1362 52 826 1868 125
leaf_count=1416 1159 1362 52 826 1868 125
internal_value=3.70773e-05 0.00576756 -0.0055053 0.00886039 -0.00233706 0.0100905
internal_weight=6808 3347 3461 2188 2045 177
internal_count=6808 3347 3461 2188 2045 177
is_linear=0
shrinkage=0.01


Tree=108
num_leaves=7
num_cat=0
split_feature=14 7 20 11 17 8
split_gain=1454.77 885.872 643.699 394.353 328.599 191.147
threshold=2.6415040341048548 390.01365000000004 38.000000000000036 0.011270073272221071 212.09333333333345 1128.5000000000002
decision_type=2 2 10 2 10 2
left_child=1 3 4 -1 5 -3
right_child=-2 2 -4 -5 -6 -7
leaf_value=0.0094357283325979188 -0.011586970710145529 0.034383607926168319 -0.0043342225357545306 -0.00076472086791296175 0.010277736728312448 0.013809802555440625
leaf_weight=404 920 106 227 4474 566 111
leaf_count=404 920 106 227 4474 566 111
internal_value=3.72178e-05 0.00187006 0.0103453 9.76643e-05 0.0146021 0.0249317
internal_weight=6808 5888 1010 4878 783 217
internal_count=6808 5888 1010 4878 783 217
is_linear=0
shrinkage=0.01


Tree=109
num_leaves=7
num_cat=0
split_feature=9 8 11 9 5 18
split_gain=2059.09 550.785 359.331 264.184 215.687 183.852
threshold=-0.0034997095276366511 914.50000000000011 0.016450621926446751 -0.010702647738111921 1.2242345335681903 0.0099415844050596003
decision_type=2 2 2 2 2 2
left_child=3 -2 -3 -1 5 -4
right_child=1 2 4 -5 -6 -7
leaf_value=-0.0096413463333431988 0.018213353142953338 0.007829768578849268 -0.004056091107050349 -0.0032360546562815889 0.0086502807927543446 0.0020743746010874445
leaf_weight=1483 261 1256 689 1158 341 1620
leaf_count=1483 261 1256 689 1158 341 1620
internal_value=3.75968e-05 0.0044124 0.00344606 -0.00685562 0.00134672 0.000235456
internal_weight=6808 4167 3906 2641 2650 2309
internal_count=6808 4167 3906 2641 2650 2309
is_linear=0
shrinkage=0.01


Tree=110
num_leaves=7
num_cat=0
split_feature=10 1 8 4 1 22
split_gain=2127.26 856.328 686.953 421.913 280.983 212.507
threshold=0.030029870466207469 1.0410771753502324 1413.5000000000002 -0.03227186818470492 1.5006751295101188 -5.2999999999999821
decision_type=2 2 2 2 2 8
left_child=2 -2 5 -3 -4 -1
right_child=1 3 4 -5 -6 -7
leaf_value=0.03133765677511692 -0.0093667931271132175 -0.0026652917933615555 0.0012394438912033117 0.0060343589094500006 0.0098633520150814887 0.014300189398043551
leaf_weight=90 1710 2214 939 734 626 495
leaf_count=90 1710 2214 939 734 626 495
internal_value=3.75118e-05 -0.00375941 0.00824291 -0.000486155 0.00472973 0.017404
internal_weight=6808 4658 2150 2948 1565 585
internal_count=6808 4658 2150 2948 1565 585
is_linear=0
shrinkage=0.01


Tree=111
num_leaves=7
num_cat=0
split_feature=0 0 15 15 17 5
split_gain=2543.36 596.781 491.039 270.87 285.889 249.987
threshold=0.90188618595086767 1.0886072067415673 6.6061610580194587 2.2109449738759293 177.8566666666664 0.87104695929672726
decision_type=2 2 2 2 8 2
left_child=2 3 5 4 -2 -1
right_child=1 -3 -4 -5 -6 -7
leaf_value=-0.0049659084631992435 0.024794153117081698 0.016705682992945392 -0.010108438928427686 -0.0024424549240656956 0.0058448143579279445 0.0010502026316248226
leaf_weight=1745 75 560 1246 382 1666 1134
leaf_count=1745 75 560 1246 382 1666 1134
internal_value=3.78809e-05 0.00760052 -0.00488753 0.00513173 0.00679807 -0.00260081
internal_weight=6808 2683 4125 2123 1741 2879
internal_count=6808 2683 4125 2123 1741 2879
is_linear=0
shrinkage=0.01


Tree=112
num_leaves=7
num_cat=0
split_feature=1 5 12 12 17 1
split_gain=2022.42 654.698 422.105 421.998 337.273 254.513
threshold=1.188344594594595 1.1976155987790402 2.7234356899393952 2.9727379293480429 208.63000000000019 0.92703022936327906
decision_type=2 2 2 2 8 2
left_child=3 2 4 5 -2 -1
right_child=1 -3 -4 -5 -6 -7
leaf_value=-0.0093208194358704796 0.014241620668645261 0.013876767312227214 -0.0043623176264705335 -0.010363063613882657 0.0033979920590394841 -0.000803828155333227
leaf_weight=453 326 679 605 1236 2051 1458
leaf_count=453 326 679 605 1236 2051 1458
internal_value=3.7955e-05 0.00508491 0.00304332 -0.00583083 0.0049386 -0.00286078
internal_weight=6808 3661 2982 3147 2377 1911
internal_count=6808 3661 2982 3147 2377 1911
is_linear=0
shrinkage=0.01


Tree=113
num_leaves=7
num_cat=0
split_feature=0 0 10 10 2 7
split_gain=2461.61 580.773 445.186 335.128 298.017 279.926
threshold=0.90188618595086767 1.0886072067415673 0.066135301356038775 0.022009118257899463 0.50961894191638935 1697.5800000000002
decision_type=2 2 2 2 2 2
left_child=2 3 5 -2 -5 -1
right_child=1 -3 -4 4 -6 -7
leaf_value=-0.0033206092519381765 0.013610110580031847 0.016459843147725781 -0.010209464917524166 0.006993125422192297 -0.0012335466331076194 0.014704880441821527
leaf_weight=2940 367 560 1106 940 816 79
leaf_count=2940 367 560 1106 940 816 79
internal_value=3.76732e-05 0.00747779 -0.00480794 0.00504246 0.00318491 -0.00280194
internal_weight=6808 2683 4125 2123 1756 3019
internal_count=6808 2683 4125 2123 1756 3019
is_linear=0
shrinkage=0.01


Tree=114
num_leaves=7
num_cat=0
split_feature=0 0 0 5 17 5
split_gain=2413.14 569.415 418.82 255.196 214.312 188.639
threshold=0.90188618595086767 1.0886072067415673 0.80351217257351759 1.0460374646361117 177.8566666666664 0.8451032284338228
decision_type=2 2 2 2 8 2
left_child=2 3 -1 4 -2 -4
right_child=1 -3 5 -5 -6 -7
leaf_value=-0.0073730420885482232 0.016866129597648979 0.016298132492490767 -0.0044136033149131532 0.010295442599302514 0.0016924715333818969 0.0022902566924262163
leaf_weight=2460 90 560 785 628 1405 880
leaf_count=2460 90 560 785 628 1405 880
internal_value=3.78392e-05 0.00740434 -0.00475983 0.00499295 0.00271193 -0.000877902
internal_weight=6808 2683 4125 2123 1495 1665
internal_count=6808 2683 4125 2123 1495 1665
is_linear=0
shrinkage=0.01


Tree=115
num_leaves=7
num_cat=0
split_feature=10 1 8 17 15 15
split_gain=1981.35 791.545 656.708 358.479 345.129 286.84
threshold=0.030029870466207469 1.0410771753502324 1413.5000000000002 212.09333333333345 4.4075120776741192 1.028211211583139
decision_type=2 2 2 8 2 2
left_child=2 -2 3 -1 -3 -5
right_child=1 4 -4 5 -6 -7
leaf_value=0.029687931101543434 -0.0090175240604520972 0.0014645690153461904 0.0045228923766119852 0.019467439867799047 -0.0064649933733960724 0.003124957981709899
leaf_weight=155 1710 2231 1565 220 717 210
leaf_count=155 1710 2231 1565 220 717 210
internal_value=3.79838e-05 -0.00362641 0.00795698 0.0169135 -0.000479361 0.0117386
internal_weight=6808 4658 2150 585 2948 430
internal_count=6808 4658 2150 585 2948 430
is_linear=0
shrinkage=0.01


Tree=116
num_leaves=7
num_cat=0
split_feature=15 4 17 11 5 15
split_gain=1720.11 915.615 539.546 391.71 362.719 202.035
threshold=4.127146804264183 -0.068759918584266208 202.22166666666689 0.011130594959556159 1.2307364981565689 1.028211211583139
decision_type=2 2 8 2 2 2
left_child=1 3 5 -1 -4 -3
right_child=-2 2 4 -5 -6 -7
leaf_value=0.0095738978391625915 -0.0083315379489964508 0.012357584590974607 0.003662332183908823 -0.0030091226774797797 0.012430098896846176 0.03717937161655803
leaf_weight=271 1796 85 1896 2069 625 66
leaf_count=271 1796 85 1896 2069 625 66
internal_value=3.82315e-05 0.00304807 0.00703696 -0.00151732 0.00587654 0.0248423
internal_weight=6808 5012 2672 2340 2521 151
internal_count=6808 5012 2672 2340 2521 151
is_linear=0
shrinkage=0.01


Tree=117
num_leaves=7
num_cat=0
split_feature=15 4 11 4 12 22
split_gain=1686.45 898.456 367.289 286.676 271.93 168.569
threshold=4.127146804264183 -1.0000000180025095e-35 0.011130594959556159 -0.14957092204106512 1.2368036181260067 -7.6999999999999877
decision_type=2 2 2 2 2 8
left_child=1 2 -1 -4 -3 -5
right_child=-2 4 3 5 -6 -7
leaf_value=0.010177437708555505 -0.0082486838935180804 0.010643299622137463 -0.0049825247379456901 0.012921429052633248 -0.0014522984881813711 0.00058462667889682036
leaf_weight=315 1796 1423 1129 108 211 1826
leaf_count=315 1796 1423 1129 108 211 1826
internal_value=3.87859e-05 0.00301903 6.80858e-05 -0.0010013 0.00908205 0.00133647
internal_weight=6808 5012 3378 3063 1634 1934
internal_count=6808 5012 3378 3063 1634 1934
is_linear=0
shrinkage=0.01


Tree=118
num_leaves=7
num_cat=0
split_feature=9 15 7 17 7 13
split_gain=1786.98 581.928 608.132 481.916 409.154 383.933
threshold=-0.0034997095276366511 4.127146804264183 24.653250000000003 207.32333333333295 467.50860000000006 14.336054348101307
decision_type=2 2 2 10 2 2
left_child=-1 2 -2 4 -4 -5
right_child=1 -3 3 5 -6 -7
leaf_value=-0.0063829368062745355 0.00020954828117423062 -0.0057667392662062956 0.0096982909908539128 0.0034086120144236594 0.034348204381118609 0.012436334770574058
leaf_weight=2641 1359 514 168 1253 117 756
leaf_count=2641 1359 514 168 1253 117 756
internal_value=3.86861e-05 0.00411418 0.00551643 0.00864576 0.020639 0.00685057
internal_weight=6808 4167 3653 2294 285 2009
internal_count=6808 4167 3653 2294 285 2009
is_linear=0
shrinkage=0.01


Tree=119
num_leaves=7
num_cat=0
split_feature=9 7 20 7 2 4
split_gain=1751.94 501.486 314.838 676.968 597.68 259.928
threshold=-0.0034997095276366511 36.914400000000008 38.200000000000024 683.67465000000004 0.52949685940151758 0.10017296671485885
decision_type=2 2 10 2 2 2
left_child=-1 5 3 -3 -5 -2
right_child=1 2 -4 4 -6 -7
leaf_value=-0.0063193482023274133 -0.0019145980229831466 0.0060004476636601137 -0.0040546657167422244 0.036483542155536931 0.0068092222470661689 0.0077302251091821055
leaf_weight=2641 1408 1920 227 139 135 338
leaf_count=2641 1408 1920 227 139 135 338
internal_value=3.90026e-05 0.00407434 0.00701082 0.0081689 0.0226176 -1.41126e-05
internal_weight=6808 4167 2421 2194 274 1746
internal_count=6808 4167 2421 2194 274 1746
is_linear=0
shrinkage=0.01


Tree=120
num_leaves=7
num_cat=0
split_feature=0 0 14 15 17 4
split_gain=2236.2 537.614 436.591 249.349 265.57 233.491
threshold=0.90188618595086767 1.0886072067415673 2.6415040341048548 2.2109449738759293 177.8566666666664 -0.066666666666666624
decision_type=2 2 2 2 8 2
left_child=2 3 5 4 -2 -1
right_child=1 -3 -4 -5 -6 -7
leaf_value=-0.0049239998424741574 0.02372577091525583 0.015771931984813133 -0.010857133033531053 -0.0024766598444916688 0.0054694119305933354 0.00061257811640569695
leaf_weight=2057 75 560 865 382 1666 1203
leaf_count=2057 75 560 865 382 1666 1203
internal_value=3.92687e-05 0.00713055 -0.00457916 0.00478789 0.00638688 -0.00288528
internal_weight=6808 2683 4125 2123 1741 3260
internal_count=6808 2683 4125 2123 1741 3260
is_linear=0
shrinkage=0.01


Tree=121
num_leaves=7
num_cat=0
split_feature=12 7 13 2 7 22
split_gain=1591.19 874.085 469.928 445.715 385.701 345.048
threshold=1.7580699840619169 24.653250000000003 16.265073570448624 0.51723416522362686 1697.5800000000002 -1.4999999999999714
decision_type=2 2 2 2 2 10
left_child=1 -1 3 4 -3 -6
right_child=-2 2 -4 -5 5 -7
leaf_value=-0.0018648021813503482 -0.0071818320903034348 0.005364516310043933 0.01274741735485194 -4.4789556785427193e-05 0.040398289123002223 0.011552901931727927
leaf_weight=1945 2099 543 905 1118 58 140
leaf_count=1945 2099 543 905 1118 58 140
internal_value=3.92767e-05 0.00326643 0.00687093 0.00395724 0.00991557 0.0215386
internal_weight=6808 4709 2764 1859 741 198
internal_count=6808 4709 2764 1859 741 198
is_linear=0
shrinkage=0.01


Tree=122
num_leaves=7
num_cat=0
split_feature=0 0 20 2 8 2
split_gain=2173.06 658.994 302.102 247.069 187.333 162.839
threshold=0.86973021150202079 1.0371555275104967 38.800000000000018 0.53859750447020771 1459.0000000000002 0.50961894191638935
decision_type=2 2 8 2 2 2
left_child=3 5 4 -1 -3 -2
right_child=1 2 -4 -5 -6 -7
leaf_value=-0.0012742017385136727 0.0055480907416649928 0.020997588531732198 -0.0057640005530017182 -0.0070665363454301454 0.010759259961975727 0.00028986372731122206
leaf_weight=1049 1277 317 72 2502 503 1088
leaf_count=1049 1277 317 72 2502 503 1088
internal_value=3.97782e-05 0.00592952 0.0132074 -0.00536381 0.0149225 0.00314049
internal_weight=6808 3257 892 3551 820 2365
internal_count=6808 3257 892 3551 820 2365
is_linear=0
shrinkage=0.01


Tree=123
num_leaves=7
num_cat=0
split_feature=0 10 14 0 8 0
split_gain=2131.37 500.449 443.016 283.529 274.878 246.109
threshold=0.9083155331083449 0.022009118257899463 2.6415040341048548 1.0886072067415673 1440.5000000000002 0.82025641025641038
decision_type=2 2 2 2 2 2
left_child=2 4 5 -3 -2 -1
right_child=1 3 -4 -5 -6 -7
leaf_value=-0.0048900114073857949 0.024411309856844889 0.003056973325365326 -0.010638164409419313 0.012977263236323118 0.0096947477693666989 0.00059029309732581395
leaf_weight=1994 209 1651 868 342 361 1383
leaf_count=1994 209 1651 868 342 361 1383
internal_value=3.97249e-05 0.00722443 -0.00430496 0.00481559 0.0154187 -0.00265052
internal_weight=6808 2563 4245 1993 570 3377
internal_count=6808 2563 4245 1993 570 3377
is_linear=0
shrinkage=0.01


Tree=124
num_leaves=7
num_cat=0
split_feature=0 0 8 22 4 14
split_gain=2092.38 756.065 338.053 242.485 224.519 193.204
threshold=0.97773020420352197 0.82025641025641038 924.00000000000011 11.400000000000036 0.043670562441908721 2.6190311519793492
decision_type=2 2 2 8 2 2
left_child=1 5 -2 -4 -3 -1
right_child=2 4 3 -5 -6 -7
leaf_value=-0.0048357111524597934 0.023147887824912658 -0.00047340575034255847 0.010054353548559406 -0.0045605458095669751 0.0068210051256004855 -0.010808061471294149
leaf_weight=1992 181 2080 1161 120 519 755
leaf_count=1992 181 2080 1161 120 519 755
internal_value=3.9844e-05 -0.00286228 0.0105992 0.00866056 0.00100379 -0.00651043
internal_weight=6808 5346 1462 1281 2599 2747
internal_count=6808 5346 1462 1281 2599 2747
is_linear=0
shrinkage=0.01


Tree=125
num_leaves=7
num_cat=0
split_feature=0 0 13 17 8 7
split_gain=2052.47 717.634 336.735 257.408 292.822 289.192
threshold=0.84523008673899469 0.98018130400616044 11.795512369064053 205.21000000000006 1696.5000000000002 1697.5800000000002
decision_type=2 2 2 8 2 2
left_child=-1 -2 3 5 -5 -3
right_child=1 2 -4 4 -6 -7
leaf_value=-0.0058637977533493738 0.0015531552877877353 -0.00015915922057188926 0.016084525598895852 -0.0037435456420407188 0.0093125614900952131 0.029800598531447609
leaf_weight=3152 2220 51 627 297 384 77
leaf_count=3152 2220 51 627 297 384 77
internal_value=3.97293e-05 0.00513153 0.0106146 0.00623055 0.00364672 0.018717
internal_weight=6808 3656 1436 809 681 128
internal_count=6808 3656 1436 809 681 128
is_linear=0
shrinkage=0.01


Tree=126
num_leaves=7
num_cat=0
split_feature=0 0 15 20 15 8
split_gain=2014.57 467.203 420.037 243.193 257.698 207.106
threshold=0.9083155331083449 1.0886072067415673 6.6061610580194587 38.500000000000036 2.2109449738759293 1459.0000000000002
decision_type=2 2 2 8 2 2
left_child=2 3 -1 4 -2 -3
right_child=1 5 -4 -5 -6 -7
leaf_value=-0.0021343631672818427 0.0078562970995223521 0.023341876477223314 -0.0090224255214394408 -0.0045547850030767494 -0.0018242517825366789 0.010159004338787232
leaf_weight=2992 1426 193 1253 241 336 367
leaf_count=2992 1426 193 1253 241 336 367
internal_value=4.00212e-05 0.00702509 -0.00418394 0.0047229 0.00601041 0.0150322
internal_weight=6808 2563 4245 2003 1762 560
internal_count=6808 2563 4245 2003 1762 560
is_linear=0
shrinkage=0.01


Tree=127
num_leaves=7
num_cat=0
split_feature=10 9 15 17 15 12
split_gain=1692.54 585.836 437.04 326.982 311.308 237.796
threshold=0.030029870466207469 -0.0088503954423263601 2.2109449738759293 208.63000000000019 1.028211211583139 2.9727379293480429
decision_type=2 2 2 8 2 2
left_child=2 -2 3 4 -1 -3
right_child=1 5 -4 -5 -6 -7
leaf_value=0.010361821501295495 -0.0081270038934854998 0.00089432963758726252 -0.0006375786432357872 0.0077252386280644786 0.032322584139656718 -0.0055849659907482117
leaf_weight=176 1645 2269 518 1348 108 744
leaf_count=176 1645 2269 518 1348 108 744
internal_value=3.99703e-05 -0.00334685 0.00735907 0.00988565 0.0195284 -0.000718785
internal_weight=6808 4658 2150 1632 284 3013
internal_count=6808 4658 2150 1632 284 3013
is_linear=0
shrinkage=0.01


Tree=128
num_leaves=7
num_cat=0
split_feature=10 1 15 2 1 16
split_gain=1659.67 684.674 428.605 389.81 355.603 222.609
threshold=0.030029870466207469 1.0410771753502324 2.2109449738759293 0.51723416522362686 1.7148765517554685 183.25000000000003
decision_type=2 2 2 2 2 8
left_child=2 -2 4 -3 5 -1
right_child=1 3 -4 -5 -6 -7
leaf_value=0.016628867740461527 -0.0083276127748472921 0.0042863464330598032 -0.00063132355932876553 -0.0031969302980152116 0.017098416401819562 0.0047471478986183006
leaf_weight=182 1710 1105 518 1843 468 982
leaf_count=182 1710 1105 518 1843 468 982
internal_value=4.01126e-05 -0.00331365 0.00728779 -0.000386963 0.00978986 0.00673076
internal_weight=6808 4658 2150 2948 1632 1164
internal_count=6808 4658 2150 2948 1632 1164
is_linear=0
shrinkage=0.01


Tree=129
num_leaves=7
num_cat=0
split_feature=1 4 12 12 17 1
split_gain=1608.91 544.148 337.56 337.057 288.211 216.024
threshold=1.188344594594595 0.090972607033255992 2.9727379293480429 2.7234356899393952 208.63000000000019 0.92703022936327906
decision_type=2 2 2 2 8 2
left_child=2 3 5 4 -2 -1
right_child=1 -3 -4 -5 -6 -7
leaf_value=-0.0084895688964387889 0.012981789330523517 0.012673118441458376 -0.0092478383005406856 -0.0039012677216905397 0.0029776708965744102 -0.00064386127474835159
leaf_weight=453 327 663 1236 607 2064 1458
leaf_count=453 327 663 1236 607 2064 1458
internal_value=4.01604e-05 0.00454167 -0.00519438 0.00270727 0.00439423 -0.00253819
internal_weight=6808 3661 3147 2998 2391 1911
internal_count=6808 3661 3147 2998 2391 1911
is_linear=0
shrinkage=0.01


Tree=130
num_leaves=7
num_cat=0
split_feature=10 8 15 17 14 15
split_gain=1603.7 570.138 534.648 319.004 252.768 185.379
threshold=0.030029870466207469 1413.5000000000002 4.127146804264183 195.58000000000013 0.43705502756469916 3.9572668644050748
decision_type=2 2 2 8 2 2
left_child=1 3 5 -1 -5 -2
right_child=2 -3 -4 4 -6 -7
leaf_value=0.02871720681387362 -0.0013746697984111742 0.0039666913043796314 -0.0079480019752626828 0.0015723774161309322 0.016894365578863615 0.0098144090273536936
leaf_weight=134 2924 1565 1588 177 274 146
leaf_count=134 2924 1565 1588 177 274 146
internal_value=3.98519e-05 0.00716428 -0.00325689 0.0155081 0.0110456 -0.000812413
internal_weight=6808 2150 4658 585 451 3070
internal_count=6808 2150 4658 585 451 3070
is_linear=0
shrinkage=0.01


Tree=131
num_leaves=7
num_cat=0
split_feature=10 10 1 1 8 17
split_gain=1572.78 661.895 346.563 256.398 214.645 238.646
threshold=0.039153429752138071 0.020229433464281226 1.0410771753502324 1.2776264297846118 1150.0000000000002 219.62500000000011
decision_type=2 2 2 2 2 8
left_child=1 -1 -2 4 5 -3
right_child=2 3 -4 -5 -6 -7
leaf_value=0.014497133467123903 -0.0086456467040260995 0.025116304427917516 -0.0020251382245296138 0.0052566284921838546 -0.0022028216678158788 0.0015312374228199058
leaf_weight=555 1459 53 1730 1715 1157 139
leaf_count=555 1459 53 1730 1715 1157 139
internal_value=4.02109e-05 0.00454625 -0.00507165 0.0027025 -0.00055939 0.00896278
internal_weight=6808 3619 3189 3064 1349 192
internal_count=6808 3619 3189 3064 1349 192
is_linear=0
shrinkage=0.01


Tree=132
num_leaves=7
num_cat=0
split_feature=0 0 20 8 14 14
split_gain=1870.28 673.811 464.529 329.926 200.806 184.969
threshold=0.98018130400616044 0.82738776433151928 38.200000000000024 1440.5000000000002 0.54361967088576424 2.6190311519793492
decision_type=2 2 8 2 2 2
left_child=1 5 3 -2 -3 -1
right_child=2 4 -4 -5 -6 -7
leaf_value=-0.0043986469565215512 0.019462759485842657 0.0037387498463376675 -0.0052326537432211837 0.008467268796488488 -0.001921550423197466 -0.010154598630649134
leaf_weight=2101 416 1343 168 852 1159 769
leaf_count=2101 416 1343 168 852 1159 769
internal_value=4.03005e-05 -0.00267256 0.0101373 0.0121987 0.00111952 -0.00597083
internal_weight=6808 5372 1436 1268 2502 2870
internal_count=6808 5372 1436 1268 2502 2870
is_linear=0
shrinkage=0.01


Tree=133
num_leaves=7
num_cat=0
split_feature=15 5 7 7 12 17
split_gain=1342.39 753.959 425.124 289.705 314.531 284.12
threshold=4.127146804264183 0.99991965424749385 390.01365000000004 25.272900000000003 2.7234356899393952 186.0416666666666
decision_type=2 2 2 2 2 10
left_child=1 2 -1 -3 -5 -4
right_child=-2 3 5 4 -6 -7
leaf_value=-0.0019454629767321591 -0.0073538991536212907 0.0029549320310603873 0.018843029943108557 0.013923712441072307 -0.0019253027119806834 0.0034630551886169359
leaf_weight=2601 1796 641 140 847 144 639
leaf_count=2601 1796 641 140 847 144 639
internal_value=4.00436e-05 0.00269896 -1.65974e-06 0.00825809 0.0116245 0.0064309
internal_weight=6808 5012 3380 1632 991 779
internal_count=6808 5012 3380 1632 991 779
is_linear=0
shrinkage=0.01


Tree=134
num_leaves=7
num_cat=0
split_feature=1 12 1 15 17 15
split_gain=1492.24 471.547 381.118 365.222 338.995 295.979
threshold=1.188344594594595 2.7234356899393952 1.8799085618592681 1.0502361812124541 208.63000000000019 0.92919222506915333
decision_type=2 2 2 2 10 2
left_child=3 2 4 -1 5 -2
right_child=1 -3 -4 -5 -6 -7
leaf_value=-0.00096771717474286286 0.0055750966611269274 -0.0032463772063803416 0.012972533922204807 -0.0078753201128274348 0.0028284655500230532 0.027151978756012642
leaf_weight=1315 161 659 622 1832 2116 103
leaf_count=1315 161 659 622 1832 2116 103
internal_value=4.00533e-05 0.00437528 0.00605361 -0.00500113 0.00419867 0.0146771
internal_weight=6808 3661 3002 3147 2380 264
internal_count=6808 3661 3002 3147 2380 264
is_linear=0
shrinkage=0.01


Tree=135
num_leaves=7
num_cat=0
split_feature=0 1 2 21 1 10
split_gain=1787.48 653.043 371.794 317.805 200.621 174.316
threshold=0.97773020420352197 1.0268453005371152 0.41777434304545819 22.870833333333351 1.3938870531139111 0.020229433464281226
decision_type=2 2 2 8 2 2
left_child=1 -1 -3 5 -4 -2
right_child=3 2 4 -5 -6 -7
leaf_value=-0.0078434195441709903 0.017596457518147975 0.0053308888426209242 -0.0040164708033867237 -0.0028269348434776399 0.001578912963232659 0.0090939372483157307
leaf_weight=1654 346 882 1835 172 975 944
leaf_count=1654 346 882 1835 172 975 944
internal_value=4.01872e-05 -0.00264217 -0.000297138 0.0097999 -0.0020763 0.0114923
internal_weight=6808 5346 3692 1462 2810 1290
internal_count=6808 5346 3692 1462 2810 1290
is_linear=0
shrinkage=0.01


Tree=136
num_leaves=7
num_cat=0
split_feature=0 1 2 21 1 7
split_gain=1752.45 647.092 344.873 312.353 179.265 172.796
threshold=0.98018130400616044 1.0410771753502324 0.41478566886318463 22.870833333333351 1.3938870531139111 1697.5800000000002
decision_type=2 2 2 8 2 2
left_child=1 5 -3 -2 -4 -1
right_child=3 2 4 -5 -6 -7
leaf_value=-0.0080397359636167464 0.011512448854662689 0.0055571221173794285 -0.0037326661753608078 -0.0027729236324214273 0.0015757466592407642 0.0071325487763057513
leaf_weight=1751 1266 819 1738 170 993 71
leaf_count=1751 1266 819 1738 170 993 71
internal_value=4.00627e-05 -0.00258596 -9.47675e-05 0.0098138 -0.0018038 -0.00741279
internal_weight=6808 5372 3550 1436 2731 1822
internal_count=6808 5372 3550 1436 2731 1822
is_linear=0
shrinkage=0.01


Tree=137
num_leaves=7
num_cat=0
split_feature=0 0 20 8 7 20
split_gain=1717.91 616.856 437.583 328.074 203.116 288.197
threshold=0.97773020420352197 0.82025641025641038 38.200000000000024 1440.5000000000002 1697.5800000000002 34.60000000000003
decision_type=2 2 8 2 2 10
left_child=1 -1 3 -2 -3 -6
right_child=2 4 -4 -5 5 -7
leaf_value=-0.0058850402721848183 0.018839811580841796 0.00017889245506002601 -0.0052236163053247667 0.007952817978913564 0.028683611123311904 0.0012181957997381687
leaf_weight=2747 417 2445 170 875 52 102
leaf_count=2747 417 2445 170 875 52 102
internal_value=3.98268e-05 -0.00258982 0.00960774 0.0115844 0.000902262 0.0116757
internal_weight=6808 5346 1462 1292 2599 154
internal_count=6808 5346 1462 1292 2599 154
is_linear=0
shrinkage=0.01


Tree=138
num_leaves=7
num_cat=0
split_feature=0 0 21 15 12 4
split_gain=1684.07 612.77 300.522 245.954 188.088 171.273
threshold=0.98018130400616044 0.82738776433151928 22.870833333333351 1.9216435006311792 1.7580699840619169 0.22463223862457379
decision_type=2 2 8 2 2 2
left_child=1 -1 4 5 -2 -3
right_child=2 3 -4 -5 -6 -7
leaf_value=-0.0056795113933998847 0.012263908769886435 0.0024234870154371622 -0.0027245506443497208 -0.0038880048791057322 -0.0034671106738648539 0.018758889861516099
leaf_weight=2870 1189 1740 170 705 77 57
leaf_count=2870 1189 1740 170 705 77 57
internal_value=4.00998e-05 -0.00253418 0.00962128 0.00108202 0.0112875 0.00304258
internal_weight=6808 5372 1436 2502 1266 1797
internal_count=6808 5372 1436 2502 1266 1797
is_linear=0
shrinkage=0.01


Tree=139
num_leaves=7
num_cat=0
split_feature=10 13 7 17 10 22
split_gain=1408.05 465.867 463.719 403.725 242.71 217.615
threshold=0.030029870466207469 0.25968510979177462 467.50860000000006 207.32333333333295 0.020229433464281226 3.7000000000000175
decision_type=2 2 2 10 2 10
left_child=2 -2 4 -4 -1 -5
right_child=1 -3 3 5 -6 -7
leaf_value=0.010925901150920223 -0.0070879025049662659 -0.00057591812600664817 0.031998079562086675 -0.0033918181492481382 0.0026542589257568879 0.017825300512672629
leaf_weight=472 1762 2896 116 86 1383 93
leaf_count=472 1762 2896 116 86 1383 93
internal_value=3.99582e-05 -0.00304914 0.00671566 0.018171 0.00480626 0.00799149
internal_weight=6808 4658 2150 295 1855 179
internal_count=6808 4658 2150 295 1855 179
is_linear=0
shrinkage=0.01


Tree=140
num_leaves=7
num_cat=0
split_feature=10 10 7 12 17 7
split_gain=1382.25 590.024 364.658 268.096 266.294 195.158
threshold=0.039153429752138071 0.020229433464281226 353.03220000000005 2.9727379293480429 183.46499999999955 25.715700000000002
decision_type=2 2 2 2 10 2
left_child=1 5 -3 -2 -4 -1
right_child=3 2 4 -5 -6 -7
leaf_value=0.0031189424898350401 -0.0021101030837323426 0.00079635451489464123 0.025022102565445167 -0.007944052206954974 0.0064683385276676801 0.017025736011936386
leaf_weight=139 1754 2458 84 1435 522 416
leaf_count=139 1754 2458 84 1435 522 416
internal_value=4.03264e-05 0.00426462 0.00252395 -0.00475192 0.0094046 0.0136596
internal_weight=6808 3619 3064 3189 606 555
internal_count=6808 3619 3064 3189 606 555
is_linear=0
shrinkage=0.01


Tree=141
num_leaves=7
num_cat=0
split_feature=0 0 1 15 15 19
split_gain=1614.86 510.963 301.752 230.493 199.327 130.168
threshold=0.86973021150202079 1.0371555275104967 1.1151635720601241 0.74691187563582562 2.2109449738759293 294.62123254930219
decision_type=2 2 2 2 2 10
left_child=2 4 -1 -3 -2 -5
right_child=1 3 -4 5 -6 -7
leaf_value=-0.0069762404472237527 0.0041955560384412021 0.018056583818691067 -0.0010164837402946668 0.0097977369473344501 -0.0027798953208989451 -0.0019613560197316109
leaf_weight=2140 1847 333 1411 444 518 115
leaf_count=2140 1847 333 1411 444 518 115
internal_value=4.05447e-05 0.00511778 -0.00461762 0.011526 0.00266247 0.00738665
internal_weight=6808 3257 3551 892 2365 559
internal_count=6808 3257 3551 892 2365 559
is_linear=0
shrinkage=0.01


Tree=142
num_leaves=7
num_cat=0
split_feature=4 7 14 7 4 2
split_gain=1182.03 390.165 345.99 270.464 240.939 194.512
threshold=-0.068759918584266208 683.67465000000004 1.5520928069556754 390.01365000000004 0.10343512015723226 0.52949685940151758
decision_type=2 2 2 2 2 2
left_child=2 4 3 -1 -2 -3
right_child=1 5 -4 -5 -6 -7
leaf_value=-0.0034110946602540246 0.0019028807134425596 0.022633560389973394 -0.008639714951148611 0.0043187813643823592 0.0087225074437278418 0.003289403229537937
leaf_weight=2202 2105 162 1018 560 681 80
leaf_count=2202 2105 162 1018 560 681 80
internal_value=4.04226e-05 0.00468758 -0.00368477 -0.00183392 0.00359508 0.0166231
internal_weight=6808 3028 3780 2762 2786 242
internal_count=6808 3028 3780 2762 2786 242
is_linear=0
shrinkage=0.01


Tree=143
num_leaves=7
num_cat=0
split_feature=0 0 8 10 17 9
split_gain=1569.95 562.587 289.949 175.708 172.151 169.966
threshold=0.97773020420352197 0.82025641025641038 924.00000000000011 0.025593909851723873 195.58000000000013 -0.0034997095276366511
decision_type=2 2 2 2 8 2
left_child=1 -1 -2 4 -4 -3
right_child=2 5 3 -5 -6 -7
leaf_value=-0.0056203529451195776 0.020789726601416217 -0.00325624684492747 0.026062532080845399 0.0042977234270637106 0.0092476184103045828 0.0024362013362771431
leaf_weight=2747 181 716 67 771 443 1883
leaf_count=2747 181 716 67 771 443 1883
internal_value=4.0441e-05 -0.00247342 0.00918706 0.00739931 0.0119154 0.000861515
internal_weight=6808 5346 1462 1281 510 2599
internal_count=6808 5346 1462 1281 510 2599
is_linear=0
shrinkage=0.01


Tree=144
num_leaves=7
num_cat=0
split_feature=0 0 20 4 10 12
split_gain=1539.84 551.421 414.701 187.935 180.474 126.422
threshold=0.97773020420352197 0.82025641025641038 38.200000000000024 0.043670562441908721 0.048561829015558923 0.0079365820836721519
decision_type=2 2 8 2 2 2
left_child=1 -1 4 5 -2 -3
right_child=2 3 -4 -5 -6 -7
leaf_value=-0.0055643532650196791 0.011869984388738458 0.0012839642855583088 -0.0053294594378934966 0.006175175506970625 -0.0048418597953572666 -0.0038788228049446271
leaf_weight=2747 1229 1366 170 519 63 714
leaf_count=2747 1229 1366 170 519 63 714
internal_value=4.0828e-05 -0.0024488 0.00909929 0.000852869 0.0110242 -0.000498341
internal_weight=6808 5346 1462 2599 1292 2080
internal_count=6808 5346 1462 2599 1292 2080
is_linear=0
shrinkage=0.01


Tree=145
num_leaves=7
num_cat=0
split_feature=0 1 21 14 9 10
split_gain=1509.51 584.953 280.698 266.609 185.866 152.597
threshold=0.98018130400616044 1.0235705322913116 22.870833333333351 2.6415040341048548 0.0045990010491356306 0.020229433464281226
decision_type=2 2 8 2 2 2
left_child=1 -1 5 4 -3 -2
right_child=2 3 -4 -5 -6 -7
leaf_value=-0.0073920280542913303 0.016410597222452094 -0.00016373512589193341 -0.0028119524030221833 -0.0081394097008084133 0.0072244105469705267 0.0084291702882556985
leaf_weight=1623 346 3003 170 372 374 920
leaf_count=1623 346 3003 170 372 374 920
internal_value=4.04155e-05 -0.0023968 0.00911145 -0.000220382 0.00067341 0.010722
internal_weight=6808 5372 1436 3749 3377 1266
internal_count=6808 5372 1436 3749 3377 1266
is_linear=0
shrinkage=0.01


Tree=146
num_leaves=7
num_cat=0
split_feature=1 9 7 1 7 21
split_gain=1251.12 532.48 335.721 303.705 157.494 290.517
threshold=1.1120535768899911 -0.0019766310093397017 1697.5800000000002 1.6676202149078476 310.8087000000001 17.271666666666686
decision_type=2 2 2 2 2 10
left_child=2 -2 -1 4 -3 -6
right_child=1 3 -4 -5 5 -7
leaf_value=-0.0064294828204449874 -0.0013751177519720291 0.0024837523602202786 0.010863706986380726 0.0108661126962275 0.022738395590848965 0.0018780438361559496
leaf_weight=2362 1569 1653 109 847 106 162
leaf_count=2362 1569 1653 109 847 106 162
internal_value=4.02102e-05 0.00327401 -0.00562594 0.00590476 0.00367227 0.0106499
internal_weight=6808 4337 2471 2768 1921 268
internal_count=6808 4337 2471 2768 1921 268
is_linear=0
shrinkage=0.01


Tree=147
num_leaves=7
num_cat=0
split_feature=4 7 20 2 5 4
split_gain=1096.6 372.223 313.933 404.858 226.537 208.102
threshold=-0.068759918584266208 683.67465000000004 38.500000000000036 0.49866924591941758 1.2307364981565689 -0.20049175162722147
decision_type=2 2 10 2 2 2
left_child=5 4 3 -3 -2 -1
right_child=1 2 -4 -5 -6 -7
leaf_value=-0.0057685961408524755 0.0018121854693512376 0.0343548380408598 -0.0031029862102488399 0.0040147658827346432 0.0084309513716321824 -0.0010680453869949611
leaf_weight=1987 2107 105 61 76 679 1793
leaf_count=1987 2107 105 61 76 679 1793
internal_value=4.04098e-05 0.00451649 0.0161737 0.0224925 0.00344969 -0.00354764
internal_weight=6808 3028 242 181 2786 3780
internal_count=6808 3028 242 181 2786 3780
is_linear=0
shrinkage=0.01


Tree=148
num_leaves=7
num_cat=0
split_feature=0 0 20 15 15 15
split_gain=1451.45 464.795 231.633 220.129 188.949 156.875
threshold=0.86973021150202079 1.0371555275104967 38.800000000000018 6.6061610580194587 2.2109449738759293 2.0941320979079201
decision_type=2 2 8 2 2 2
left_child=3 4 5 -1 -2 -3
right_child=1 2 -4 -5 -6 -7
leaf_value=-0.0026016392439817283 0.0040052661091911678 0.015429343715564538 -0.0055946430291344482 -0.0078927539518898332 -0.0027854302171842638 0.0057239735202663016
leaf_weight=2372 1847 561 72 1179 518 259
leaf_count=2372 1847 561 72 1179 518 259
internal_value=4.05729e-05 0.00485406 0.0109658 -0.00437562 0.00251245 0.0124698
internal_weight=6808 3257 892 3551 2365 820
internal_count=6808 3257 892 3551 2365 820
is_linear=0
shrinkage=0.01


Tree=149
num_leaves=7
num_cat=0
split_feature=0 0 1 5 5 7
split_gain=1424.28 516.897 201.961 199.382 195.029 175.865
threshold=0.84523008673899469 1.0371555275104967 0.99980632471583386 0.84985371578025182 0.78589780417977861 27.407250000000005
decision_type=2 2 2 2 2 2
left_child=2 4 -1 -3 -2 -6
right_child=1 3 -4 -5 5 -7
leaf_value=-0.0078802154108628918 -0.0022632629993377916 0.0037992466742965722 -0.0027277590691578021 0.01407339419697883 0.0002561770340585315 0.0062129258977796096
leaf_weight=1304 735 286 1848 606 853 1176
leaf_count=1304 735 286 1848 606 853 1176
internal_value=4.02594e-05 0.00428185 -0.00487754 0.0108579 0.00212815 0.00372222
internal_weight=6808 3656 3152 892 2764 2029
internal_count=6808 3656 3152 892 2764 2029
is_linear=0
shrinkage=0.01


Tree=150
num_leaves=7
num_cat=0
split_feature=1 4 7 15 21 7
split_gain=1180.4 495.122 323.781 311.676 191.616 437.295
threshold=1.1120535768899911 0.090972607033255992 1697.5800000000002 4.539228846181163 17.734166666666734 1697.5800000000002
decision_type=2 2 2 2 8 2
left_child=2 3 -1 4 5 -2
right_child=1 -3 -4 -5 -6 -7
leaf_value=-0.0062529428023675171 0.0039109830485300912 0.010899855344713716 0.010728186373011905 -0.0043743572796479703 0.00013810091365373109 0.024408254352996928
leaf_weight=2362 1606 688 109 678 1263 102
leaf_count=2362 1606 688 109 678 1263 102
internal_value=4.0025e-05 0.00318109 -0.00546365 0.00169995 0.00309617 0.00527001
internal_weight=6808 4337 2471 3649 2971 1708
internal_count=6808 4337 2471 3649 2971 1708
is_linear=0
shrinkage=0.01


Tree=151
num_leaves=7
num_cat=0
split_feature=9 13 11 9 2 13
split_gain=1104.17 359.998 215.272 218.883 203.601 365.609
threshold=-0.0034997095276366511 0.25968510979177462 0.011130594959556159 0.0040451177732385895 0.51493100091197042 0.2897988112382342
decision_type=2 2 2 2 2 2
left_child=-1 -2 -3 4 5 -4
right_child=1 2 3 -5 -6 -7
leaf_value=-0.0050076114974893764 -0.0037611292253888584 0.011267145938917113 0.018738993464373285 0.0083130809620571983 -0.0013318610718713484 0.0026939498733720285
leaf_weight=2641 617 404 151 733 1008 1254
leaf_count=2641 617 404 151 733 1008 1254
internal_value=4.02035e-05 0.00324378 0.0044684 0.00356239 0.00209092 0.00453861
internal_weight=6808 4167 3550 3146 2413 1405
internal_count=6808 4167 3550 3146 2413 1405
is_linear=0
shrinkage=0.01


Tree=152
num_leaves=7
num_cat=0
split_feature=12 7 5 17 7 5
split_gain=1043.91 643.962 493.758 368.328 222.773 157.381
threshold=1.7580699840619169 24.653250000000003 1.0460374646361117 208.63000000000019 467.50860000000006 0.89437349410086708
decision_type=2 2 2 8 2 2
left_child=1 5 3 4 -3 -1
right_child=-2 2 -4 -5 -6 -7
leaf_value=-0.0045177437961410579 -0.0058086643045167129 0.0050948377369560418 0.012782398369758814 0.0013209269447079488 0.021913207825894156 0.0011489537392011802
leaf_weight=992 2099 183 725 1716 140 953
leaf_count=992 2099 183 725 1716 140 953
internal_value=4.02549e-05 0.00265415 0.00574811 0.00319678 0.0128237 -0.00174953
internal_weight=6808 4709 2764 2039 323 1945
internal_count=6808 4709 2764 2039 323 1945
is_linear=0
shrinkage=0.01


Tree=153
num_leaves=7
num_cat=0
split_feature=0 0 20 8 7 16
split_gain=1352.64 481.556 384.539 290.529 183.122 295.392
threshold=0.97773020420352197 0.82025641025641038 38.200000000000024 1440.5000000000002 1697.5800000000002 261.75000000000006
decision_type=2 2 8 2 2 10
left_child=1 -1 3 -2 -3 -6
right_child=2 4 -4 -5 5 -7
leaf_value=-0.0052045786040653356 0.017203603295927794 0.00010578327721825093 -0.0053552138259013492 0.0069770106894955939 0.026008415163481891 -0.00090135807005485677
leaf_weight=2747 417 2445 170 875 63 91
leaf_count=2747 417 2445 170 875 63 91
internal_value=4.03207e-05 -0.00229308 0.00853034 0.0103845 0.000792363 0.0110218
internal_weight=6808 5346 1462 1292 2599 154
internal_count=6808 5346 1462 1292 2599 154
is_linear=0
shrinkage=0.01


Tree=154
num_leaves=7
num_cat=0
split_feature=1 9 2 1 17 2
split_gain=1118.72 472.043 291.263 276.835 256.776 153.925
threshold=1.1120535768899911 -0.0019766310093397017 0.30755569828298124 1.6676202149078476 207.32333333333295 0.29809015747477707
decision_type=2 2 2 2 10 2
left_child=2 -2 -1 4 -3 -6
right_child=1 3 -4 -5 5 -7
leaf_value=0.0030907198486006793 -0.0012790266417251209 0.016023504615078371 -0.0067037746696295766 0.010311767197797639 0.009553449868617463 0.0011662810273880282
leaf_weight=348 1569 140 2123 847 246 1535
leaf_count=348 1569 140 2123 847 246 1535
internal_value=4.04871e-05 0.00309839 -0.00531748 0.00557534 0.00344439 0.00237163
internal_weight=6808 4337 2471 2768 1921 1781
internal_count=6808 4337 2471 2768 1921 1781
is_linear=0
shrinkage=0.01


Tree=155
num_leaves=7
num_cat=0
split_feature=10 9 8 8 21 2
split_gain=1127.15 533.971 373.673 314.453 353.342 266.677
threshold=0.025207744200995402 -0.0088503954423263601 1393.5000000000002 1119.5000000000002 17.822500000000073 0.29809015747477707
decision_type=2 2 2 2 10 2
left_child=2 -2 3 -1 -5 -3
right_child=1 5 -4 4 -6 -7
leaf_value=0.0095004026194017727 -0.0066426009855231729 0.0064948326566938563 0.0049372048855531973 0.040938770893961189 0.0063004407485326135 -0.00093242264453854029
leaf_weight=241 1645 554 864 80 50 3374
leaf_count=241 1645 554 864 80 50 3374
internal_value=4.05539e-05 -0.00187815 0.00864436 0.0169216 0.029018 0.00012894
internal_weight=6808 5573 1235 371 130 3928
internal_count=6808 5573 1235 371 130 3928
is_linear=0
shrinkage=0.01


Tree=156
num_leaves=7
num_cat=0
split_feature=0 1 8 15 4 10
split_gain=1296.6 505.957 261.385 255.676 185.811 148.691
threshold=0.98018130400616044 1.0190741767878013 924.00000000000011 1.0502361812124541 0.22463223862457379 0.025593909851723873
decision_type=2 2 2 2 2 2
left_child=1 -1 -2 4 -3 -4
right_child=2 3 5 -5 -6 -7
leaf_value=-0.0069212952807668386 0.019474360645797693 0.0014780272656112828 0.010899283401168825 -0.0032374247804792772 0.018170503223503845 0.0038327692108223311
leaf_weight=1595 180 2115 503 1603 59 753
leaf_count=1595 180 2115 503 1603 59 753
internal_value=4.10372e-05 -0.00221778 0.00844804 -0.000218483 0.00201217 0.00672649
internal_weight=6808 5372 1436 3777 2174 1256
internal_count=6808 5372 1436 3777 2174 1256
is_linear=0
shrinkage=0.01


Tree=157
num_leaves=7
num_cat=0
split_feature=14 2 18 16 14 2
split_gain=776.122 333.777 281.918 248.577 438.859 190.568
threshold=2.6415040341048548 0.41777434304545819 0.005582497967218999 230.15000000000006 0.10216894923870105 0.70662147959273758
decision_type=2 2 2 8 2 2
left_child=1 3 5 4 -1 -3
right_child=-2 2 -4 -5 -6 -7
leaf_value=0.030492546241365229 -0.0084492116079175027 0.0087333924487364278 -0.0015529624964010908 0.0036492035607665692 0.0026505500956235167 0.00055500822271062887
leaf_weight=92 920 505 3213 1305 132 641
leaf_count=92 920 505 3213 1305 132 641
internal_value=4.12677e-05 0.00137998 -3.34609e-05 0.00538357 0.0149001 0.00420329
internal_weight=6808 5888 4359 1529 224 1146
internal_count=6808 5888 4359 1529 224 1146
is_linear=0
shrinkage=0.01


Tree=158
num_leaves=7
num_cat=0
split_feature=0 0 13 21 14 7
split_gain=1261.64 446.079 257.437 272.291 332.993 171.763
threshold=0.97773020420352197 0.82738776433151928 16.265073570448624 17.556666666666704 0.11665875592132696 14.341050000000001
decision_type=2 2 2 8 2 2
left_child=1 -1 3 4 -2 -4
right_child=2 -3 5 -5 -6 -7
leaf_value=-0.0048882711084501755 0.025158070409005241 0.00089697941680366017 0.003220954428396879 -0.00089588235815916788 0.0046393990414499457 0.015864339370599761
leaf_weight=2870 102 2476 145 441 291 483
leaf_count=2870 102 2476 145 441 291 483
internal_value=4.13842e-05 -0.00221216 0.00824082 0.00451436 0.010457 0.0130413
internal_weight=6808 5346 1462 834 393 628
internal_count=6808 5346 1462 834 393 628
is_linear=0
shrinkage=0.01


Tree=159
num_leaves=7
num_cat=0
split_feature=0 1 20 2 10 1
split_gain=1237.33 483.619 364.03 299.756 162.619 153.82
threshold=0.97773020420352197 1.0190741767878013 38.200000000000024 0.41777434304545819 0.048561829015558923 1.3938870531139111
decision_type=2 2 8 2 2 2
left_child=1 -1 4 -3 -2 -5
right_child=2 3 -4 5 -6 -7
leaf_value=-0.0067838873278405487 0.01077017910887703 0.0047903767890434623 -0.0053434904306713087 -0.003474107835625382 -0.0050471583292628196 0.001404950054575155
leaf_weight=1595 1229 896 170 1880 63 975
leaf_count=1595 1229 896 170 1880 63 975
internal_value=4.16156e-05 -0.00219011 0.00816167 -0.000223905 0.00996606 -0.00180879
internal_weight=6808 5346 1462 3751 1292 2855
internal_count=6808 5346 1462 3751 1292 2855
is_linear=0
shrinkage=0.01


Tree=160
num_leaves=7
num_cat=0
split_feature=10 1 7 17 4 1
split_gain=1049.65 609.48 364.99 265.863 240.2 234.077
threshold=0.025207744200995402 1.0661709171926781 467.50860000000006 195.58000000000013 -0.068759918584266208 1.7344127038147858
decision_type=2 2 2 10 2 2
left_child=2 -2 5 -4 -3 -1
right_child=1 4 3 -5 -6 -7
leaf_value=0.0023888629652036911 -0.0061783602098291783 -0.0016254154606510631 0.037099862405232019 0.010850278874188662 0.003596860372810809 0.012123391044025093
leaf_weight=674 2022 1981 60 115 1570 386
leaf_count=674 2022 1981 60 115 1570 386
internal_value=4.11454e-05 -0.00181042 0.00834387 0.0213691 0.000687121 0.00601387
internal_weight=6808 5573 1235 175 3551 1060
internal_count=6808 5573 1235 175 3551 1060
is_linear=0
shrinkage=0.01


Tree=161
num_leaves=7
num_cat=0
split_feature=9 17 7 7 14 14
split_gain=949.338 396.397 449.644 179.868 165.619 165.464
threshold=-0.0034997095276366511 207.32333333333295 467.50860000000006 26.538750000000004 0.73245411450316811 2.6415040341048548
decision_type=2 8 2 2 2 2
left_child=4 2 -2 -3 -1 -5
right_child=1 3 -4 5 -6 -7
leaf_value=-0.0022564561999029752 0.0043651439538588384 -0.00055087455885745253 0.028167760267388077 0.0044903410935135989 -0.0072871946664765288 -0.0073495594134169919
leaf_weight=1400 221 1550 118 2162 1241 116
leaf_count=1400 221 1550 118 2162 1241 116
internal_value=4.15884e-05 0.00301207 0.0132201 0.00207598 -0.00463896 0.00385794
internal_weight=6808 4167 339 3828 2641 2278
internal_count=6808 4167 339 3828 2641 2278
is_linear=0
shrinkage=0.01


Tree=162
num_leaves=7
num_cat=0
split_feature=0 1 13 21 15 13
split_gain=1185.47 463.837 253.109 260.031 240.541 152.5
threshold=0.98018130400616044 1.0190741767878013 11.795512369064053 17.556666666666704 1.0502361812124541 55.669639344324075
decision_type=2 2 2 8 2 2
left_child=1 -1 3 -2 -3 -4
right_child=2 4 5 -5 -6 -7
leaf_value=-0.0066218741572029727 0.010197327348053493 0.0019594662522240637 0.015186976583062242 -0.0010612845835042055 -0.0031323774506136432 0.0024812107700996726
leaf_weight=1595 381 2174 506 428 1603 121
leaf_count=1595 381 2174 506 428 1603 121
internal_value=4.14597e-05 -0.00211839 0.0080801 0.00430075 -0.000204133 0.0128124
internal_weight=6808 5372 1436 809 3777 627
internal_count=6808 5372 1436 809 3777 627
is_linear=0
shrinkage=0.01


Tree=163
num_leaves=7
num_cat=0
split_feature=10 2 15 15 13 21
split_gain=1006.68 473.602 234.992 221.589 217.611 253.101
threshold=0.025207744200995402 0.50961894191638935 6.6061610580194587 2.2109449738759293 0.2897988112382342 17.125833333333386
decision_type=2 2 2 2 2 10
left_child=3 -2 -3 4 5 -1
right_child=1 2 -4 -5 -6 -7
leaf_value=0.035338927755053616 0.0022005301377862685 -0.0021161091232631897 -0.0075429024084850841 1.9525919338149248e-05 0.0084550583191542496 0.0049877964644158479
leaf_weight=61 1946 2443 1184 263 860 51
leaf_count=61 1946 2443 1184 263 860 51
internal_value=4.13239e-05 -0.00177195 -0.0039035 0.00817233 0.0103556 0.02306
internal_weight=6808 5573 3627 1235 972 112
internal_count=6808 5573 3627 1235 972 112
is_linear=0
shrinkage=0.01


Tree=164
num_leaves=7
num_cat=0
split_feature=1 4 12 12 1 18
split_gain=974.001 328.397 248.42 203.575 171.159 136.468
threshold=1.225637065725677 0.090972607033255992 2.9727379293480429 2.7234356899393952 0.92703022936327906 0.016884725634308706
decision_type=2 2 2 2 2 2
left_child=2 3 4 -2 -1 -6
right_child=1 -3 -4 -5 5 -7
leaf_value=-0.0069405283155694166 0.0036794947357828584 0.010239726226805275 -0.0070667579535573857 -0.0032066453049900251 -0.0021734143841523612 0.0037354418075691122
leaf_weight=453 2176 645 1321 526 1091 596
leaf_count=453 2176 645 1321 526 1091 596
internal_value=4.15171e-05 0.00388193 -0.00367288 0.00233208 -0.00155475 -7.61647e-05
internal_weight=6808 3347 3461 2702 2140 1687
internal_count=6808 3347 3461 2702 2140 1687
is_linear=0
shrinkage=0.01


Tree=165
num_leaves=7
num_cat=0
split_feature=9 17 7 15 7 14
split_gain=891.733 394.039 421.943 277.954 254.535 167.901
threshold=-0.0033226845154038973 207.32333333333295 467.50860000000006 0.95731794723447783 24.653250000000003 0.73245411450316811
decision_type=2 8 2 2 2 2
left_child=5 2 -2 4 -3 -1
right_child=1 3 -4 -5 -6 -7
leaf_value=-0.0020549637178156254 0.0044527985888167419 0.00038906477890130641 0.027669640133390204 -0.0011470047027899674 0.0072886638242076933 -0.0070470719144442931
leaf_weight=1459 214 932 118 1576 1248 1261
leaf_count=1459 214 932 118 1576 1248 1261
internal_value=4.10765e-05 0.00299064 0.0132723 0.00204899 0.00435417 -0.00438666
internal_weight=6808 4088 332 3756 2180 2720
internal_count=6808 4088 332 3756 2180 2720
is_linear=0
shrinkage=0.01


Tree=166
num_leaves=7
num_cat=0
split_feature=4 7 20 3 11 5
split_gain=840.593 312.557 280.936 345.582 240.002 183.484
threshold=-0.068759918584266208 683.67465000000004 38.500000000000036 0.15130367750953388 0.019029298680714544 1.2307364981565689
decision_type=2 2 10 2 2 2
left_child=4 5 3 -3 -1 -2
right_child=1 2 -4 -5 -6 -7
leaf_value=-9.593928341914528e-05 0.0015102641828125894 0.03834789602426996 -0.0035146936769006958 0.0093552659337337203 -0.0052085209714718616 0.0074657931254131791
leaf_weight=1563 2107 61 61 120 2217 679
leaf_count=1563 2107 61 61 120 2217 679
internal_value=4.10991e-05 0.00396001 0.0146402 0.0206224 -0.00310034 0.00298325
internal_weight=6808 3028 242 181 3780 2786
internal_count=6808 3028 242 181 3780 2786
is_linear=0
shrinkage=0.01


Tree=167
num_leaves=7
num_cat=0
split_feature=5 17 14 8 8 11
split_gain=820.561 336.77 264.889 234.506 201.985 159.938
threshold=0.87104695929672726 194.21333333333362 0.96377940087221192 924.00000000000011 1139.0000000000002 0.011130594959556159
decision_type=2 8 2 2 2 2
left_child=2 4 5 -3 -2 -1
right_child=1 3 -4 -5 -6 -7
leaf_value=0.0057458707936716277 0.027783924196239398 0.013162703611094007 -0.0066725716703491186 0.0023342633601688995 0.0028372166684130207 -0.0020553091349516032
leaf_weight=289 82 207 1314 2687 54 2175
leaf_count=289 82 207 1314 2687 54 2175
internal_value=4.13901e-05 0.00391103 -0.00306423 0.00315145 0.0187514 -0.00112079
internal_weight=6808 3030 3778 2894 136 2464
internal_count=6808 3030 3778 2894 136 2464
is_linear=0
shrinkage=0.01


Tree=168
num_leaves=7
num_cat=0
split_feature=10 12 7 2 7 2
split_gain=944.812 459.357 341.154 251.477 194.563 182.134
threshold=0.025207744200995402 2.9727379293480429 467.50860000000006 0.29809015747477707 26.538750000000004 0.52949685940151758
decision_type=2 2 2 2 2 2
left_child=2 3 -1 -2 -5 -4
right_child=1 -3 5 4 -6 -7
leaf_value=0.0056680917473657874 0.0067818308359676458 -0.0058547926831307544 0.030631846380970811 -0.0034512306185150964 0.0014414713285897192 0.0092675741228695017
leaf_weight=1060 503 1801 83 1460 1809 92
leaf_count=1060 503 1801 83 1460 1809 92
internal_value=4.16089e-05 -0.00171507 0.00791881 0.000271763 -0.000747567 0.0205084
internal_weight=6808 5573 1235 3772 3269 175
internal_count=6808 5573 1235 3772 3269 175
is_linear=0
shrinkage=0.01


Tree=169
num_leaves=7
num_cat=0
split_feature=12 7 5 2 7 21
split_gain=843.593 549.059 437.95 169.956 180.519 334.618
threshold=2.9727379293480429 27.407250000000005 1.0460374646361117 0.47962434134169635 683.67465000000004 17.667500000000029
decision_type=2 2 2 2 2 10
left_child=1 -1 3 4 -3 -6
right_child=-2 2 -4 -5 5 -7
leaf_value=-0.0016971561875565428 -0.005619021874836855 0.0035845714558598173 0.011721341456457668 0.00097980618936061438 0.032819584995508196 0.004319967766988929
leaf_weight=2066 1890 420 725 1538 60 109
leaf_count=2066 1890 420 725 1538 60 109
internal_value=4.18453e-05 0.00222432 0.00506105 0.00274663 0.0072668 0.0157064
internal_weight=6808 4918 2852 2127 589 169
internal_count=6808 4918 2852 2127 589 169
is_linear=0
shrinkage=0.01


Tree=170
num_leaves=7
num_cat=0
split_feature=0 0 20 10 9 10
split_gain=1086.66 375.451 337.821 157.279 119.9 100.049
threshold=0.97773020420352197 0.82738776433151928 38.500000000000036 0.048561829015558923 0.0045154165104735969 0.083037096791264808
decision_type=2 2 8 2 2 2
left_child=1 5 3 -2 -3 -1
right_child=2 4 -4 -5 -6 -7
leaf_value=-0.0034403976410820793 0.010143863503273247 -7.3647856431342072e-05 -0.0057771995969335818 -0.004982700278716428 0.0063018202993539519 -0.0078574459395390379
leaf_weight=2194 1235 2144 160 67 332 676
leaf_count=2194 1235 2144 160 67 332 676
internal_value=4.21031e-05 -0.00204934 0.00765171 0.00933342 0.000803132 -0.00450446
internal_weight=6808 5346 1462 1302 2476 2870
internal_count=6808 5346 1462 1302 2476 2870
is_linear=0
shrinkage=0.01


Tree=171
num_leaves=7
num_cat=0
split_feature=0 2 8 21 11 14
split_gain=1065.19 380.688 233.159 251.052 191.67 127.432
threshold=0.98018130400616044 0.51723416522362686 924.00000000000011 17.556666666666704 0.019214730906488866 0.10252281222668956
decision_type=2 2 2 8 2 2
left_child=1 -1 -2 5 -3 -4
right_child=2 4 3 -5 -6 -7
leaf_value=0.0015385501781777678 0.018066880739146942 -0.0013328425911579697 0.018102927433046836 0.00074278222789654321 -0.0060926461610672569 0.0075007748150288543
leaf_weight=1934 180 1520 143 526 1918 587
leaf_count=1934 180 1520 143 526 1918 587
internal_value=4.15987e-05 -0.00200575 0.00766151 0.00603937 -0.00399822 0.0097942
internal_weight=6808 5372 1436 1256 3438 730
internal_count=6808 5372 1436 1256 3438 730
is_linear=0
shrinkage=0.01


Tree=172
num_leaves=7
num_cat=0
split_feature=13 17 7 2 2 7
split_gain=738.104 406.566 416.599 233.921 157.307 112.972
threshold=0.25968510979177462 208.63000000000019 467.50860000000006 0.52949685940151758 0.29809015747477707 16.92135
decision_type=2 8 2 2 2 2
left_child=-1 2 -2 -4 -3 -6
right_child=1 4 3 -5 5 -7
leaf_value=-0.0052379659083600779 0.0037206812725490168 0.0061140332724494862 0.034293037215450212 0.0096429114314286329 -0.0021016131009268099 0.0015636327263573978
leaf_weight=1898 319 543 82 85 1217 2664
leaf_count=1898 319 543 82 85 1217 2664
internal_value=4.17478e-05 0.00208916 0.0106757 0.0230002 0.00112394 0.000411841
internal_weight=6808 4910 486 167 4424 3881
internal_count=6808 4910 486 167 4424 3881
is_linear=0
shrinkage=0.01


Tree=173
num_leaves=7
num_cat=0
split_feature=10 1 8 8 21 15
split_gain=887.272 527.203 323.643 299.602 318.59 197.335
threshold=0.025207744200995402 1.0661709171926781 1393.5000000000002 1119.5000000000002 17.822500000000073 4.539228846181163
decision_type=2 2 2 2 10 2
left_child=2 -2 3 -1 -5 -3
right_child=1 5 -4 4 -6 -7
leaf_value=0.0081975840644695729 -0.0057227517772422487 0.0018605706580773036 0.0042314203140737163 0.03845609653823906 0.0056535848875840502 -0.0039456564665905783
leaf_weight=241 2022 2823 864 80 50 728
leaf_count=241 2022 2823 864 80 50 728
internal_value=4.20342e-05 -0.00166031 0.0076756 0.015375 0.0271447 0.000662483
internal_weight=6808 5573 1235 371 130 3551
internal_count=6808 5573 1235 371 130 3551
is_linear=0
shrinkage=0.01


Tree=174
num_leaves=7
num_cat=0
split_feature=12 17 14 8 13 14
split_gain=788.455 291.914 262.748 202.837 195.273 169.701
threshold=2.9727379293480429 208.63000000000019 0.090469444658597367 914.50000000000011 16.265073570448624 0.83968523858124133
decision_type=2 8 2 2 2 2
left_child=1 2 -1 5 -4 -3
right_child=-2 3 4 -5 -6 -7
leaf_value=0.019180669731431409 -0.0054304155721157602 -0.0033039374560117725 -0.0024226535778819314 0.00077856070889069026 0.012184423021674043 0.015080878598785673
leaf_weight=166 1890 65 201 4160 154 172
leaf_count=166 1890 65 201 4160 154 172
internal_value=4.23286e-05 0.00215227 0.00915793 0.00130327 0.00407415 0.010109
internal_weight=6808 4918 521 4397 355 237
internal_count=6808 4918 521 4397 355 237
is_linear=0
shrinkage=0.01


Tree=175
num_leaves=7
num_cat=0
split_feature=1 4 7 2 7 17
split_gain=861.233 377.079 266.91 218.022 283.203 205.111
threshold=1.1120535768899911 0.090972607033255992 1697.5800000000002 0.48850921682505727 683.67465000000004 293.16166666666726
decision_type=2 2 2 2 2 10
left_child=2 3 -1 4 -2 -6
right_child=1 -3 -4 -5 5 -7
leaf_value=-0.0053761228081422967 0.0031207930037331229 0.009461394041245616 0.010033442308860165 -0.00024590728286997632 0.027821730428011341 0.0027426823860768118
leaf_weight=2362 1033 688 109 2483 77 56
leaf_count=2362 1033 688 109 2483 77 56
internal_value=4.24343e-05 0.00272544 -0.00465868 0.00143303 0.00498001 0.0181924
internal_weight=6808 4337 2471 3649 1166 133
internal_count=6808 4337 2471 3649 1166 133
is_linear=0
shrinkage=0.01


Tree=176
num_leaves=7
num_cat=0
split_feature=10 12 17 15 4 15
split_gain=852.813 405.162 262.555 204.948 198.974 128.047
threshold=0.025207744200995402 2.9727379293480429 194.21333333333362 1.028211211583139 -0.068759918584266208 2.2109449738759293
decision_type=2 2 8 2 2 2
left_child=2 4 3 -1 -2 -4
right_child=1 -3 5 -5 -6 -7
leaf_value=0.007965426246871004 -0.001761702562790357 -0.0055141120834889595 0.0076283581977499258 0.032714057984229709 0.0028617203455857622 -0.00042522390681157881
leaf_weight=81 2141 1801 838 60 1631 256
leaf_count=81 2141 1801 838 60 1631 256
internal_value=4.27075e-05 -0.00162626 0.00752657 0.0199658 0.000239731 0.00575701
internal_weight=6808 5573 1235 141 3772 1094
internal_count=6808 5573 1235 141 3772 1094
is_linear=0
shrinkage=0.01


Tree=177
num_leaves=7
num_cat=0
split_feature=0 1 2 10 7 16
split_gain=994.357 388.16 258.195 190.096 149.785 137.711
threshold=0.97773020420352197 1.0190741767878013 0.41777434304545819 0.039153429752138071 353.03220000000005 332.15000000000009
decision_type=2 2 2 2 2 8
left_child=1 -1 4 5 -3 -2
right_child=3 2 -4 -5 -6 -7
leaf_value=-0.0060732432702984918 0.010002569615335608 0.0030080175899811802 -0.0016671910745819944 -0.00080783000298173546 0.016235732652784624 -0.0011805378124117851
leaf_weight=1595 1103 809 2855 239 87 120
leaf_count=1595 1103 809 2855 239 87 120
internal_value=4.2918e-05 -0.00195773 -0.000196243 0.00732217 0.00445743 0.00890461
internal_weight=6808 5346 3751 1462 896 1223
internal_count=6808 5346 3751 1462 896 1223
is_linear=0
shrinkage=0.01


Tree=178
num_leaves=7
num_cat=0
split_feature=0 1 13 4 14 13
split_gain=974.678 383.926 228.136 217.685 180.282 145.279
threshold=0.98018130400616044 1.0190741767878013 11.795512369064053 0.28227252034324135 0.54361967088576424 55.669639344324075
decision_type=2 2 2 2 2 2
left_child=1 -1 -2 4 -3 -4
right_child=2 3 5 -5 -6 -7
leaf_value=-0.0060128892519441647 0.0037498582918333375 0.0019016451661684243 0.014137376342808048 0.01769179316932586 -0.0025062879115857794 0.0017994248564977141
leaf_weight=1595 809 1698 506 57 2022 121
leaf_count=1595 809 1698 506 57 2022 121
internal_value=4.27751e-05 -0.00191566 0.00733177 -0.000174126 -0.000494576 0.011822
internal_weight=6808 5372 1436 3777 3720 627
internal_count=6808 5372 1436 3777 3720 627
is_linear=0
shrinkage=0.01


Tree=179
num_leaves=7
num_cat=0
split_feature=9 7 2 11 7 4
split_gain=734.656 290.47 241.619 243.095 241.387 155.611
threshold=-0.0033226845154038973 26.538750000000004 0.4667717636802648 0.011130594959556159 683.67465000000004 0.061087266889228088
decision_type=2 2 2 2 2 2
left_child=-1 -2 4 -4 -3 -5
right_child=1 2 3 5 -6 -7
leaf_value=-0.0039760972160314875 -0.00067355276072043771 0.0062176835770951589 0.010031677376331103 -0.0012616276415042217 0.019386515054921869 0.0062904082699328347
leaf_weight=2720 1559 630 346 1015 176 362
leaf_count=2720 1559 630 346 1015 176 362
internal_value=4.27985e-05 0.00272 0.00480636 0.00266482 0.0092956 0.000754768
internal_weight=6808 4088 2529 1723 806 1377
internal_count=6808 4088 2529 1723 806 1377
is_linear=0
shrinkage=0.01


Tree=180
num_leaves=7
num_cat=0
split_feature=10 2 8 8 14 14
split_gain=805.905 390.495 304.503 292.302 178.395 178.048
threshold=0.025207744200995402 0.50961894191638935 1393.5000000000002 1119.5000000000002 0.83968523858124133 2.1107138664934415
decision_type=2 2 2 2 2 2
left_child=2 -2 3 4 -1 -3
right_child=1 5 -4 -5 -6 -7
leaf_value=-0.0029800398184836492 0.0020275205435384908 -0.002183914745837521 0.0039792403346327193 0.026398391914686986 0.014204144292051279 -0.0072252859534290481
leaf_weight=93 1946 2681 864 130 148 946
leaf_count=93 1946 2681 864 130 148 946
internal_value=4.28988e-05 -0.00157952 0.00731803 0.014785 0.00771837 -0.00351506
internal_weight=6808 5573 1235 371 241 3627
internal_count=6808 5573 1235 371 241 3627
is_linear=0
shrinkage=0.01


Tree=181
num_leaves=7
num_cat=0
split_feature=10 15 15 5 13 20
split_gain=790.49 373.738 194.923 192.869 188.341 260.634
threshold=0.025207744200995402 4.007528348272186 2.2109449738759293 0.87104695929672726 0.2897988112382342 32.500000000000036
decision_type=2 2 2 2 2 10
left_child=2 3 4 -2 5 -1
right_child=1 -3 -4 -5 -6 -7
leaf_value=0.033303776515854734 -0.0018726021446075884 -0.0054544083032377335 -0.00038337352641281634 0.0025994831603574475 0.0075339384715972018 0.0029375827970604101
leaf_weight=62 2116 1702 263 1755 860 50
leaf_count=62 2116 1702 263 1755 860 50
internal_value=4.29717e-05 -0.00156386 0.00724819 0.000156386 0.00929598 0.0210994
internal_weight=6808 5573 1235 3871 972 112
internal_count=6808 5573 1235 3871 972 112
is_linear=0
shrinkage=0.01


Tree=182
num_leaves=7
num_cat=0
split_feature=1 10 1 18 9 13
split_gain=791.666 352.303 199.675 206.575 168.701 133.015
threshold=1.2439759416525746 0.020229433464281226 0.92703022936327906 0.016884725634308706 0.0045154165104735969 56.029617079247956
decision_type=2 2 2 2 2 2
left_child=2 5 -1 -4 -3 -2
right_child=1 4 3 -5 -6 -7
leaf_value=-0.0070700062109203907 0.01324909206085197 0.0011952497695802177 -0.0034829544421472727 0.0026873788087752259 0.0085758230950964305 -0.00073464386918571558
leaf_weight=952 438 2334 1909 748 348 79
leaf_count=952 438 2334 1909 748 348 79
internal_value=4.31091e-05 0.00365909 -0.00316333 -0.00174232 0.00218121 0.0111389
internal_weight=6808 3199 3609 2657 2682 517
internal_count=6808 3199 3609 2657 2682 517
is_linear=0
shrinkage=0.01


Tree=183
num_leaves=7
num_cat=0
split_feature=1 10 15 10 15 15
split_gain=776.121 345.449 240.72 133.493 187.607 130.696
threshold=1.2439759416525746 0.020229433464281226 2.4866578689162711 0.025593909851723873 0.74691187563582562 5.3035948249795668
decision_type=2 2 2 2 2 2
left_child=2 -2 3 4 -1 -3
right_child=1 5 -4 -5 -6 -7
leaf_value=-0.00089830863186753963 0.011029903720463476 0.0030553031613223536 -0.0058814956842019499 -0.0015184899646483818 0.02031941755382078 -0.0032206865414380931
leaf_weight=101 517 2303 1684 1764 60 379
leaf_count=101 517 2303 1684 1764 60 379
internal_value=4.28895e-05 0.00362319 -0.00313192 -0.000708607 0.00773478 0.00215976
internal_weight=6808 3199 3609 1925 161 2682
internal_count=6808 3199 3609 1925 161 2682
is_linear=0
shrinkage=0.01


Tree=184
num_leaves=7
num_cat=0
split_feature=1 10 2 2 16 1
split_gain=761.974 401.557 267.688 212.278 173.461 117.932
threshold=1.1120535768899911 0.020229433464281226 0.51723416522362686 0.30755569828298124 330.15000000000009 2.803166621896271
decision_type=2 2 2 2 8 2
left_child=3 4 -3 -1 -2 -4
right_child=1 2 5 -5 -6 -7
leaf_value=0.0027960100304595505 0.012646942229644544 0.0046510092223140242 -0.0013918900471004937 -0.0055628599596512299 -0.0042083051952222983 0.0072647331148824271
leaf_weight=348 473 1516 2123 2123 65 160
leaf_count=348 473 1516 2123 2123 65 160
internal_value=4.27962e-05 0.00256646 0.00140812 -0.00437912 0.0105709 -0.00075617
internal_weight=6808 4337 3799 2471 538 2283
internal_count=6808 4337 3799 2471 538 2283
is_linear=0
shrinkage=0.01


Tree=185
num_leaves=7
num_cat=0
split_feature=0 2 20 8 2 13
split_gain=893.898 320.161 309.473 211.046 159.222 217.142
threshold=0.97773020420352197 0.51723416522362686 38.500000000000036 1440.5000000000002 0.53764848723307901 17.877604077128598
decision_type=2 2 8 2 2 2
left_child=1 -1 3 4 -2 -6
right_child=2 -3 -4 -5 5 -7
leaf_value=0.0014074372546273939 0.021249657199684104 -0.0036839800913489752 -0.0058952727481613263 0.0056348474971202886 -0.0045724485004013712 0.014790921085567652
leaf_weight=1922 182 3424 160 875 81 164
leaf_count=1922 182 3424 160 875 81 164
internal_value=4.26058e-05 -0.0018543 0.00694437 0.00855511 0.0142734 0.00846089
internal_weight=6808 5346 1462 1302 427 245
internal_count=6808 5346 1462 1302 427 245
is_linear=0
shrinkage=0.01


Tree=186
num_leaves=7
num_cat=0
split_feature=0 0 8 14 17 17
split_gain=876.545 301.824 209.633 143.299 116.187 103.15
threshold=0.97773020420352197 0.82738776433151928 924.00000000000011 0.54361967088576424 186.0416666666666 195.58000000000013
decision_type=2 2 2 2 10 8
left_child=1 -1 -2 4 -3 -4
right_child=2 3 5 -5 -6 -7
leaf_value=-0.004037065740916862 0.016717638550716313 0.014503337631907837 0.013032028584201246 -0.0018592752026802117 0.0021753170984762631 0.0042691500007477753
leaf_weight=2870 181 72 147 1147 1257 1134
leaf_count=2870 181 72 147 1147 1257 1134
internal_value=4.26041e-05 -0.0018358 0.00687704 0.000721729 0.00294653 0.00536788
internal_weight=6808 5346 1462 2476 1329 1281
internal_count=6808 5346 1462 2476 1329 1281
is_linear=0
shrinkage=0.01


Tree=187
num_leaves=7
num_cat=0
split_feature=0 20 0 8 5 5
split_gain=859.565 303.265 300.096 198.847 131.671 118.555
threshold=0.98018130400616044 38.500000000000036 0.81494565101168004 1440.5000000000002 1.6610386801985844 0.79955970014210132
decision_type=2 8 2 2 2 2
left_child=2 3 -1 5 -4 -2
right_child=1 -3 4 -5 -6 -7
leaf_value=-0.0041851393136697387 0.0029660476470722797 -0.0058939114771228993 0.00017683695009688161 0.0056027093647142961 0.013976222098818127 0.016595768786501139
leaf_weight=2650 84 158 2661 852 61 342
leaf_count=2650 84 158 2661 852 61 342
internal_value=4.28352e-05 0.00688788 -0.00179633 0.0085016 0.000536107 0.0140379
internal_weight=6808 1436 5372 1278 2722 426
internal_count=6808 1436 5372 1278 2722 426
is_linear=0
shrinkage=0.01


Tree=188
num_leaves=7
num_cat=0
split_feature=1 5 15 21 8 19
split_gain=720.949 323.718 188.171 143.592 142.727 129.178
threshold=1.1120535768899911 1.1898361925290739 4.539228846181163 16.82500000000006 914.50000000000011 291.11684792640364
decision_type=2 2 2 8 2 10
left_child=-1 2 3 -2 -5 -6
right_child=1 -3 -4 4 5 -7
leaf_value=-0.0042584010961139711 0.0045141736535691023 0.0085535649286471414 -0.0034757499345660185 0.013443607262237684 -0.007156911626398324 0.00078919798210125465
leaf_weight=2471 1497 724 672 66 239 1139
leaf_count=2471 1497 724 672 66 239 1139
internal_value=4.28356e-05 0.00249762 0.00126382 0.00235489 0.00010071 -0.000630607
internal_weight=6808 4337 3613 2941 1444 1378
internal_count=6808 4337 3613 2941 1444 1378
is_linear=0
shrinkage=0.01


Tree=189
num_leaves=7
num_cat=0
split_feature=0 2 22 11 12 5
split_gain=834.216 307.015 174.105 157.235 135.025 130.278
threshold=0.97773020420352197 0.51723416522362686 11.400000000000036 0.019214730906488866 11.154407964223916 1.5720189891059837
decision_type=2 2 8 2 2 2
left_child=1 5 4 -3 -2 -1
right_child=2 3 -4 -5 -6 -7
leaf_value=0.00087016845956050233 0.0084771976250047829 -0.0011646414400666159 -0.0045298316679321807 -0.0054837354470940762 -0.0053689032303503694 0.014153338256594424
leaf_weight=1855 1274 1515 120 1909 68 67
leaf_count=1855 1274 1515 120 1909 68 67
internal_value=4.25893e-05 -0.0017899 0.00670997 -0.00358164 0.00774109 0.00140407
internal_weight=6808 5346 1462 3424 1342 1922
internal_count=6808 5346 1462 3424 1342 1922
is_linear=0
shrinkage=0.01


Tree=190
num_leaves=7
num_cat=0
split_feature=0 0 1 5 15 12
split_gain=818.873 248.016 236.409 127.128 110.699 103.599
threshold=0.9083155331083449 1.0886072067415673 0.99980632471583386 0.99991965424749385 6.7356785747550196 1.1703442137582092
decision_type=2 2 2 2 2 2
left_child=2 3 -1 -2 -4 -3
right_child=1 5 4 -5 -6 -7
leaf_value=-0.0059961255051185075 0.0008249934908366144 0.013525585940181295 6.148377816302655e-05 0.0059963546710247277 -0.0046897319581919302 0.0043256017292451834
leaf_weight=1402 1237 357 2224 766 619 203
leaf_count=1402 1237 357 2224 766 619 203
internal_value=4.22654e-05 0.0044956 -0.00265077 0.00282262 -0.0009858 0.010325
internal_weight=6808 2563 4245 2003 2843 560
internal_count=6808 2563 4245 2003 2843 560
is_linear=0
shrinkage=0.01


Tree=191
num_leaves=7
num_cat=0
split_feature=1 2 4 12 17 15
split_gain=686.96 318.376 240.005 145.191 161.082 109.461
threshold=1.225637065725677 0.40014903513148109 0.090972607033255992 3.0955143270297065 208.63000000000019 0.14119119463727667
decision_type=2 2 2 2 8 2
left_child=1 -1 3 4 5 -2
right_child=2 -3 -4 -5 -6 -7
leaf_value=0.0021345254398259217 -0.0033918851055204867 -0.0048315864611607352 0.0087022803943774853 -0.00276198369707814 0.0019367713938887763 0.012129543980576916
leaf_weight=871 50 2590 645 521 1869 262
leaf_count=871 50 2590 645 521 1869 262
internal_value=4.20488e-05 -0.00307739 0.00326729 0.00194259 0.0030739 0.00961405
internal_weight=6808 3461 3347 2702 2181 312
internal_count=6808 3461 3347 2702 2181 312
is_linear=0
shrinkage=0.01


Tree=192
num_leaves=7
num_cat=0
split_feature=1 4 12 20 15 15
split_gain=674.961 302.848 199.322 145.928 120.822 118.96
threshold=1.1120535768899911 0.090972607033255992 2.9727379293480429 38.300000000000018 2.4866578689162711 10.619077735791935
decision_type=2 2 2 10 2 2
left_child=4 2 3 5 -1 -2
right_child=1 -3 -4 -5 -6 -7
leaf_value=-0.001743150965301862 0.0036127795370966944 0.0084536079980465015 -0.0032211060050130365 -0.0044691367225343547 -0.0061871665312298978 -0.0073466979955824517
leaf_weight=1158 2516 688 773 266 1313 94
leaf_count=1158 2516 688 773 266 1313 94
internal_value=4.18324e-05 0.00241703 0.00125887 0.00246997 -0.00411996 0.00319154
internal_weight=6808 4337 3649 2876 2471 2610
internal_count=6808 4337 3649 2876 2471 2610
is_linear=0
shrinkage=0.01


Tree=193
num_leaves=7
num_cat=0
split_feature=1 2 2 7 1 1
split_gain=662.32 323.657 207.417 280.179 210.08 110.749
threshold=1.2439759416525746 0.40014903513148109 0.45366001628946057 683.67465000000004 2.0610566368845133 1.5971701809513206
decision_type=2 2 2 2 2 2
left_child=1 -1 3 5 -4 -2
right_child=2 -3 4 -5 -6 -7
leaf_value=0.0022513262660727026 0.0030302182861736845 -0.004624937576546361 0.00053872556270717989 0.024429176847409941 0.0079490815110536128 0.012445119888221997
leaf_weight=909 480 2700 2010 82 463 164
leaf_count=909 480 2700 2010 82 463 164
internal_value=4.12542e-05 -0.00289158 0.00334867 0.00801324 0.00195253 0.00558143
internal_weight=6808 3609 3199 726 2473 644
internal_count=6808 3609 3199 726 2473 644
is_linear=0
shrinkage=0.01


Tree=194
num_leaves=7
num_cat=0
split_feature=0 1 4 21 14 7
split_gain=774.412 312.274 194.929 181.625 155.578 155.973
threshold=0.98018130400616044 1.0190741767878013 0.28227252034324135 22.870833333333351 0.54361967088576424 28.878750000000004
decision_type=2 2 2 8 2 2
left_child=1 -1 4 -2 5 -3
right_child=3 2 -4 -5 -6 -7
leaf_value=-0.0053993303520491458 0.0078357084974413731 -0.0014448191448256484 0.016772623126561852 -0.0030191802919531862 -0.0023057706395125063 0.0046008507235486091
leaf_weight=1595 1266 792 57 170 2022 906
leaf_count=1595 1266 792 57 170 2022 906
internal_value=4.15166e-05 -0.00170417 -0.000133595 0.00653867 -0.000436915 0.00178901
internal_weight=6808 5372 3777 1436 3720 1698
internal_count=6808 5372 3777 1436 3720 1698
is_linear=0
shrinkage=0.01


Tree=195
num_leaves=7
num_cat=0
split_feature=10 1 7 1 2 1
split_gain=652.086 390.646 284.848 241.934 236.587 215.931
threshold=0.025207744200995402 1.0661709171926781 683.67465000000004 1.5971701809513206 0.2770091097250949 1.7344127038147858
decision_type=2 2 2 2 2 2
left_child=2 -2 5 -4 -3 -1
right_child=1 4 3 -5 -6 -7
leaf_value=0.0012139783057694635 -0.004915006899796349 0.0093538925695058634 0.0319814539758803 0.0063035321154672162 -0.00017543484657519065 0.010381644463587482
leaf_weight=680 2022 273 67 82 3278 406
leaf_count=680 2022 273 67 82 3278 406
internal_value=4.13514e-05 -0.00141805 0.00658547 0.0191352 0.000581388 0.00470475
internal_weight=6808 5573 1235 149 3551 1086
internal_count=6808 5573 1235 149 3551 1086
is_linear=0
shrinkage=0.01


Tree=196
num_leaves=7
num_cat=0
split_feature=0 0 13 21 7 7
split_gain=750.017 259.687 194.438 210.193 199.593 145.79
threshold=0.98018130400616044 0.82738776433151928 11.795512369064053 17.667500000000029 1697.5800000000002 1697.5800000000002
decision_type=2 2 2 8 2 2
left_child=1 -1 3 4 -2 -3
right_child=2 5 -4 -5 -6 -7
leaf_value=-0.0037238142821639083 0.0043876137123749735 4.3172263250646352e-05 0.010578767189498716 -0.0017529580913259368 0.021609733278831738 0.0098233492508462052
leaf_weight=2870 309 2349 627 421 79 153
leaf_count=2870 309 2349 627 421 79 153
internal_value=4.1732e-05 -0.00167624 0.00643573 0.00313479 0.00834903 0.000677965
internal_weight=6808 5372 1436 809 388 2502
internal_count=6808 5372 1436 809 388 2502
is_linear=0
shrinkage=0.01


Tree=197
num_leaves=7
num_cat=0
split_feature=10 10 2 2 8 17
split_gain=634.022 310.906 152.068 142.631 140.743 86.13
threshold=0.039153429752138071 0.020229433464281226 0.29809015747477707 0.50961894191638935 1440.5000000000002 208.63000000000019
decision_type=2 2 2 2 2 8
left_child=1 4 -3 -2 -1 -4
right_child=3 2 5 -5 -6 -7
leaf_value=0.016494128408537496 0.00046864274598119936 0.0075106162433343617 0.0054836738241662141 -0.0044160558091480822 0.0057938789000395122 0.00011286782162350194
leaf_weight=192 793 376 332 2396 363 2356
leaf_count=192 793 376 332 2396 363 2356
internal_value=4.19155e-05 0.00290286 0.00164006 -0.00320372 0.009722 0.000794093
internal_weight=6808 3619 3064 3189 555 2688
internal_count=6808 3619 3064 3189 555 2688
is_linear=0
shrinkage=0.01


Tree=198
num_leaves=7
num_cat=0
split_feature=0 1 20 8 14 3
split_gain=728.405 292.94 274.289 189.75 169.003 151.798
threshold=0.97773020420352197 0.99980632471583386 38.500000000000036 1440.5000000000002 2.6415040341048548 0.3333762667282052
decision_type=2 2 8 2 2 2
left_child=1 -1 3 5 -3 -2
right_child=2 4 -4 -5 -6 -7
leaf_value=-0.005532565501064228 0.016889957293927196 0.00047880225374099682 -0.0058064959074425352 0.005026363939943981 -0.0061167337028927753 0.0034170202109398261
leaf_weight=1427 305 3492 160 875 427 122
leaf_count=1427 305 3492 160 875 427 122
internal_value=4.19576e-05 -0.00167038 0.00627215 0.00778942 -0.000253563 0.0132068
internal_weight=6808 5346 1462 1302 3919 427
internal_count=6808 5346 1462 1302 3919 427
is_linear=0
shrinkage=0.01


Tree=199
num_leaves=7
num_cat=0
split_feature=0 1 20 12 12 18
split_gain=714.231 289.595 269.689 149.043 130.413 73.1454
threshold=0.98018130400616044 1.0190741767878013 38.500000000000036 2.9727379293480429 11.154407964223916 0.016884725634308706
decision_type=2 2 8 2 2 2
left_child=1 -1 4 5 -2 -3
right_child=2 3 -4 -5 -6 -7
leaf_value=-0.0051932802026164052 0.0085118444496386832 0.00026505900417924603 -0.0057647867549011226 -0.0033802077191654686 -0.0059403391182422643 0.0043149453148055052
leaf_weight=1595 1219 2213 158 1015 59 549
leaf_count=1595 1219 2213 158 1015 59 549
internal_value=4.16606e-05 -0.00163483 0.00628125 -0.000122375 0.00780371 0.00108271
internal_weight=6808 5372 1436 3777 1278 2762
internal_count=6808 5372 1436 3777 1278 2762
is_linear=0
shrinkage=0.01


Tree=200
num_leaves=7
num_cat=0
split_feature=0 0 1 20 17 9
split_gain=700.563 221.013 203.126 151.065 113.512 105.668
threshold=0.9083155331083449 1.0886072067415673 0.99980632471583386 38.500000000000036 177.8566666666664 0.0069487483449950918
decision_type=2 2 2 8 10 2
left_child=2 3 -1 4 -2 -6
right_child=1 -3 -4 -5 5 -7
leaf_value=-0.0055507001663207293 0.01352307589024032 0.0096625758172748117 -0.00090647519163418813 -0.0047078877680218848 0.0021770372036071834 0.011502512208837317
leaf_weight=1402 99 560 2843 241 1540 123
leaf_count=1402 99 560 2843 241 1540 123
internal_value=4.11386e-05 0.00416022 -0.00244977 0.00258151 0.00359947 0.00293141
internal_weight=6808 2563 4245 2003 1762 1663
internal_count=6808 2563 4245 2003 1762 1663
is_linear=0
shrinkage=0.01


Tree=201
num_leaves=7
num_cat=0
split_feature=1 4 1 18 6 22
split_gain=586.41 207.06 160.714 179.214 126.97 123.031
threshold=1.2439759416525746 0.090972607033255992 0.92703022936327906 0.016884725634308706 1.0000000180025095e-35 11.400000000000036
decision_type=2 2 2 2 2 8
left_child=2 4 -1 -4 5 -2
right_child=1 -3 3 -5 -6 -7
leaf_value=-0.0062230280871135657 0.0034745606187954583 0.0082220745354010041 -0.0030659596133967952 0.0026803546394545161 -0.0034092571356293096 -0.0053613359143356463
leaf_weight=952 2023 635 1909 748 379 162
leaf_count=952 2023 635 1909 748 379 162
internal_value=4.11042e-05 0.00315322 -0.00271855 -0.00144427 0.0018708 0.00279801
internal_weight=6808 3199 3609 2657 2564 2185
internal_count=6808 3199 3609 2657 2564 2185
is_linear=0
shrinkage=0.01


Tree=202
num_leaves=7
num_cat=0
split_feature=0 2 22 11 12 16
split_gain=681.586 269.612 151.305 131.377 126.692 111.705
threshold=0.98018130400616044 0.51723416522362686 11.400000000000036 0.019214730906488866 11.154407964223916 332.15000000000009
decision_type=2 2 8 2 2 10
left_child=1 -1 4 -3 5 -2
right_child=2 3 -4 -5 -6 -7
leaf_value=0.0013853182165312395 0.0088332236414284081 -0.0010675645330007755 -0.0043280851721154666 -0.0050078932160278547 -0.0058126048982143396 -0.00092087729720117379
leaf_weight=1934 1122 1520 120 1918 65 129
leaf_count=1934 1122 1520 120 1918 65 129
internal_value=4.06391e-05 -0.00159709 0.00613597 -0.00327395 0.00711558 0.00782808
internal_weight=6808 5372 1436 3438 1316 1251
internal_count=6808 5372 1436 3438 1316 1251
is_linear=0
shrinkage=0.01


Tree=203
num_leaves=7
num_cat=0
split_feature=0 1 20 8 14 3
split_gain=668.131 268.34 254.111 184.94 161.37 148.815
threshold=0.97773020420352197 0.99980632471583386 38.500000000000036 1440.5000000000002 2.6415040341048548 0.3333762667282052
decision_type=2 2 8 2 2 2
left_child=1 -1 3 5 -3 -2
right_child=2 4 -4 -5 -6 -7
leaf_value=-0.0052962909484017707 0.016457440803270964 0.00047181809065635248 -0.005617876578642822 0.0047437027930321519 -0.0059730498612063435 0.003144462523473935
leaf_weight=1427 305 3492 160 875 427 122
leaf_count=1427 305 3492 160 875 427 122
internal_value=4.01313e-05 -0.00159983 0.006007 0.00746748 -0.000243807 0.0128127
internal_weight=6808 5346 1462 1302 3919 427
internal_count=6808 5346 1462 1302 3919 427
is_linear=0
shrinkage=0.01


Tree=204
num_leaves=7
num_cat=0
split_feature=0 0 14 15 4 21
split_gain=656.049 209.198 168.642 117.592 111.196 110.6
threshold=0.9083155331083449 1.0886072067415673 2.6415040341048548 2.2109449738759293 0.24992486666050243 17.822500000000073
decision_type=2 2 2 2 2 8
left_child=2 3 4 5 -1 -2
right_child=1 -3 -4 -5 -6 -7
leaf_value=-0.0015998888428991765 0.0059237281067990293 0.0093790524069285192 -0.0062771151625341257 -0.0026914429663585566 0.011617289057144754 0.00071971837476516773
leaf_weight=3322 910 560 868 353 55 740
leaf_count=3322 910 560 868 353 55 740
internal_value=3.98463e-05 0.00402592 -0.00237063 0.00249013 -0.00135096 0.0036082
internal_weight=6808 2563 4245 2003 3377 1650
internal_count=6808 2563 4245 2003 3377 1650
is_linear=0
shrinkage=0.01


Tree=205
num_leaves=7
num_cat=0
split_feature=0 1 2 8 7 10
split_gain=643.674 260.869 207.644 182.702 114.577 95.2469
threshold=0.97773020420352197 1.0190741767878013 0.3920993584943207 924.00000000000011 353.03220000000005 0.039153429752138071
decision_type=2 2 2 2 2 2
left_child=1 -1 4 -2 -3 -5
right_child=3 2 -4 5 -6 -7
leaf_value=-0.0049438360929257028 0.015070798013600673 0.0031164309309827071 -0.0013230170951702073 0.0057624451261000563 0.015779561279916469 -0.0012751271936238678
leaf_weight=1595 181 698 2982 1050 71 231
leaf_count=1595 181 698 2982 1050 71 231
internal_value=3.96982e-05 -0.00156997 -0.000126001 0.00589634 0.00447314 0.00449333
internal_weight=6808 5346 3751 1462 769 1281
internal_count=6808 5346 3751 1462 769 1281
is_linear=0
shrinkage=0.01


Tree=206
num_leaves=7
num_cat=0
split_feature=10 7 10 3 5 7
split_gain=565.189 271.391 251.736 225.17 127.443 115.221
threshold=0.025207744200995402 683.67465000000004 0.051132097672194635 0.24806406978076151 1.074955406553278 310.8087000000001
decision_type=2 2 2 2 2 2
left_child=1 -1 4 -3 5 -2
right_child=2 3 -4 -5 -6 -7
leaf_value=0.0043000676543890528 -0.0016248331003446245 0.029259457588623996 -0.0042718022012098126 0.004588120535311358 0.0043157300818265909 0.0031261556110566127
leaf_weight=1086 2427 77 1893 72 617 636
leaf_count=1086 2427 77 1893 72 617 636
internal_value=3.97733e-05 0.00613227 -0.00131891 0.0183761 0.000207518 -0.000631377
internal_weight=6808 1235 5573 149 3680 3063
internal_count=6808 1235 5573 149 3680 3063
is_linear=0
shrinkage=0.01


Tree=207
num_leaves=7
num_cat=0
split_feature=1 5 8 8 17 14
split_gain=536.936 251.669 126.264 139.457 124.802 187.974
threshold=1.1236768684925693 1.1898361925290739 1139.0000000000002 1119.5000000000002 208.63000000000019 0.090469444658597367
decision_type=2 2 2 2 8 2
left_child=2 4 3 -1 5 -2
right_child=1 -3 -4 -5 -6 -7
leaf_value=-0.0033238128412165038 0.016812604111619295 0.0075704567884534559 -0.0043453475774358806 0.010106767586223536 0.0003866364437247201 0.0021177984857610587
leaf_weight=171 109 721 2282 126 3061 338
leaf_count=171 109 721 2282 126 3061 338
internal_value=3.99577e-05 0.00223144 -0.00354833 0.00251762 0.00111571 0.00599058
internal_weight=6808 4229 2579 297 3508 447
internal_count=6808 4229 2579 297 3508 447
is_linear=0
shrinkage=0.01


Tree=208
num_leaves=7
num_cat=0
split_feature=1 12 22 1 17 1
split_gain=527.49 197.118 153.857 149.586 175.425 147.434
threshold=1.2439759416525746 2.7234356899393952 11.600000000000025 1.7148765517554685 208.63000000000019 0.92703022936327906
decision_type=2 2 10 2 10 2
left_child=5 2 3 4 -2 -1
right_child=1 -3 -4 -5 -6 -7
leaf_value=-0.0059338414188029511 0.011470119532967258 -0.0024992886627215544 -0.0047324822231737881 0.0082065442485292558 0.0017339038584068798 -0.0013569911689029096
leaf_weight=952 203 537 176 826 1457 2657
leaf_count=952 203 537 176 826 1457 2657
internal_value=3.99883e-05 0.00299161 0.00410449 0.00474657 0.00298609 -0.00257736
internal_weight=6808 3199 2662 2486 1660 3609
internal_count=6808 3199 2662 2486 1660 3609
is_linear=0
shrinkage=0.01


Tree=209
num_leaves=7
num_cat=0
split_feature=10 1 2 13 2 1
split_gain=540.765 314.937 217.315 144.516 281.473 200.644
threshold=0.025207744200995402 1.0661709171926781 0.2770091097250949 0.2897988112382342 0.53859750447020771 1.7344127038147858
decision_type=2 2 2 2 2 2
left_child=3 -2 -3 4 -1 -5
right_child=1 2 -4 5 -6 -7
leaf_value=0.025321105798820454 -0.0044291693364695364 0.0089136464052994874 -0.00021920622106030564 0.0010910005892212863 -0.0026618357060942798 0.0097770537791844452
leaf_weight=88 2022 273 3278 649 54 444
leaf_count=88 2022 273 3278 649 54 444
internal_value=3.96894e-05 -0.00128932 0.000505985 0.00599909 0.0152047 0.00467611
internal_weight=6808 5573 3551 1235 142 1093
internal_count=6808 5573 3551 1235 142 1093
is_linear=0
shrinkage=0.01


Tree=210
num_leaves=7
num_cat=0
split_feature=12 4 6 9 20 14
split_gain=513.575 303.605 100.026 115.314 90.4791 181.479
threshold=2.9727379293480429 -1.0000000180025095e-35 1.0000000180025095e-35 -0.0067106283883316001 26.700000000000021 0.17021881020370608
decision_type=2 2 2 2 8 2
left_child=1 2 3 -1 5 -5
right_child=-2 -3 -4 4 -6 -7
leaf_value=-0.0026606548961628429 -0.0043770713910448221 0.0054104057514079837 -0.0049372394267708985 0.011633770651389517 0.00073845132874078166 -0.00051779847393335088
leaf_weight=773 1890 1538 348 237 1779 243
leaf_count=773 1890 1538 348 237 1779 243
internal_value=3.98468e-05 0.00174272 6.27738e-05 0.000650998 0.00179093 0.00559702
internal_weight=6808 4918 3380 3032 2259 480
internal_count=6808 4918 3380 3032 2259 480
is_linear=0
shrinkage=0.01


Tree=211
num_leaves=7
num_cat=0
split_feature=10 1 17 1 9 10
split_gain=523.738 317.334 251.102 206.427 141.219 89.2343
threshold=0.024186181654504809 1.0661709171926781 194.21333333333362 1.833952561111367 0.0045154165104735969 0.082105679167964907
decision_type=2 2 8 2 2 2
left_child=2 -2 -1 -4 5 -3
right_child=1 4 3 -5 -6 -7
leaf_value=0.019367388446293207 -0.0043228823272528395 0.0003162735683408278 0.0013009277014821496 0.011131530585873406 0.0064265836062791046 -0.0069799906909886727
leaf_weight=122 2041 3154 652 310 362 167
leaf_count=122 2041 3154 652 310 362 167
internal_value=3.95259e-05 -0.00117027 0.00638007 0.00455072 0.000583786 -7.048e-05
internal_weight=6808 5724 1084 962 3683 3321
internal_count=6808 5724 1084 962 3683 3321
is_linear=0
shrinkage=0.01


Tree=212
num_leaves=7
num_cat=0
split_feature=0 15 21 0 7 21
split_gain=587.69 252.915 146.593 131.699 100.743 202.979
threshold=0.98018130400616044 2.2898224954208262 22.870833333333351 0.81494565101168004 1697.5800000000002 19.271666666666693
decision_type=2 2 8 2 2 10
left_child=1 3 -2 -1 -5 -6
right_child=2 -3 -4 4 5 -7
leaf_value=-0.0023455330065196354 0.0068651049349038804 -0.0039122731582683142 -0.00288035793924549 0.0013042109760809284 0.024167886734008791 0.0010453856161370039
leaf_weight=1072 1266 2374 170 1770 50 106
leaf_count=1072 1266 2374 170 1770 50 106
internal_value=3.95302e-05 -0.00148121 0.00569945 0.000450454 0.00201076 0.00946589
internal_weight=6808 5372 1436 2998 1926 156
internal_count=6808 5372 1436 2998 1926 156
is_linear=0
shrinkage=0.01


Tree=213
num_leaves=7
num_cat=0
split_feature=0 15 4 8 0 10
split_gain=575.991 247.304 174.429 174.088 113.098 87.6301
threshold=0.97773020420352197 2.2898224954208262 0.24013952632491928 924.00000000000011 0.81494565101168004 0.039153429752138071
decision_type=2 2 2 2 2 2
left_child=1 2 4 -2 -1 -5
right_child=3 -3 -4 5 -6 -7
leaf_value=-0.0025509515627383833 0.014531402138320252 -0.0038861250090187795 0.015598598024430308 0.0054295411184452089 0.0015336629169558354 -0.0013176503857014184
leaf_weight=1054 181 2370 64 1050 1858 231
leaf_count=1054 181 2370 64 1050 1858 231
internal_value=3.94905e-05 -0.0014832 0.000437028 0.00557966 5.1564e-05 0.00421205
internal_weight=6808 5346 2976 1462 2912 1281
internal_count=6808 5346 2976 1462 2912 1281
is_linear=0
shrinkage=0.01


Tree=214
num_leaves=7
num_cat=0
split_feature=0 0 15 2 10 4
split_gain=564.904 191.963 142.516 128.207 149.637 112.101
threshold=0.90459110114865793 1.0886072067415673 6.6061610580194587 0.50961894191638935 0.022009118257899463 0.24992486666050243
decision_type=2 2 2 2 2 2
left_child=2 3 5 -2 -5 -1
right_child=1 -3 -4 4 -6 -7
leaf_value=-0.0013137008705304946 0.0045974790862433638 0.0088145119444908281 -0.0050592823221999265 0.0071497192078506192 -0.0023633594042320226 0.012176278397913963
leaf_weight=2887 1081 560 1246 199 782 53
leaf_count=2887 1081 560 1246 199 782 53
internal_value=3.95259e-05 0.00367121 -0.00223859 0.00223859 -0.000380918 -0.00103006
internal_weight=6808 2622 4186 2062 981 2940
internal_count=6808 2622 4186 2062 981 2940
is_linear=0
shrinkage=0.01


Tree=215
num_leaves=7
num_cat=0
split_feature=0 15 5 8 12 15
split_gain=554.809 239.9 169.861 168.505 115.824 85.9926
threshold=0.98018130400616044 2.2898224954208262 1.6610386801985844 924.00000000000011 0.97093427165592117 0.82167983554609447
decision_type=2 2 2 2 2 2
left_child=1 2 4 -2 5 -1
right_child=3 -3 -4 -5 -6 -7
leaf_value=2.3379288272025023e-05 0.014361221398962173 -0.0038057925326094068 0.01572697390762853 0.0041709813802040694 -0.0038742016602240138 0.0045579822878070294
leaf_weight=1820 180 2374 61 1256 584 533
leaf_count=1820 180 2374 61 1256 584 533
internal_value=3.94827e-05 -0.00143811 0.000443187 0.00553879 7.34621e-05 0.0010655
internal_weight=6808 5372 2998 1436 2937 2353
internal_count=6808 5372 2998 1436 2937 2353
is_linear=0
shrinkage=0.01


Tree=216
num_leaves=7
num_cat=0
split_feature=0 10 13 2 0 0
split_gain=544.997 265.636 155.879 144.085 144.509 128.966
threshold=0.84523008673899469 0.020229433464281226 56.029617079247956 0.50961894191638935 1.1284235475765456 1.0413156534119408
decision_type=2 2 2 2 2 2
left_child=-1 2 -2 5 -5 -3
right_child=1 3 -4 4 -6 -7
leaf_value=-0.0030025590780275581 0.011725665934866777 0.0024776272778817749 -0.0032028099852666426 -0.0017839391246724746 0.0071666657857489416 0.010528367446299562
leaf_weight=3152 422 1381 79 1351 198 225
leaf_count=3152 422 1381 79 1351 198 225
internal_value=3.95449e-05 0.00266331 0.00935506 0.00157449 -0.000601202 0.0036637
internal_weight=6808 3656 501 3155 1549 1606
internal_count=6808 3656 501 3155 1549 1606
is_linear=0
shrinkage=0.01


Tree=217
num_leaves=7
num_cat=0
split_feature=10 1 17 1 9 10
split_gain=482.018 283.12 222.696 163.658 134.306 95.1377
threshold=0.025207744200995402 1.0661709171926781 194.21333333333362 1.833952561111367 0.0045154165104735969 0.023116111152882968
decision_type=2 2 8 2 2 2
left_child=2 -2 -1 -4 -3 -5
right_child=1 4 3 5 -6 -7
leaf_value=0.017092069529909763 -0.0041922773142977973 -0.00014970290257862603 0.0014353694593272279 0.011961320695961465 0.0064068808842913348 -0.0024147472319910762
leaf_weight=141 2022 3215 759 284 336 51
leaf_count=141 2022 3215 759 284 336 51
internal_value=3.95001e-05 -0.00121525 0.00566589 0.00405175 0.000486939 0.00976617
internal_weight=6808 5573 1235 1094 3551 335
internal_count=6808 5573 1235 1094 3551 335
is_linear=0
shrinkage=0.01


Tree=218
num_leaves=7
num_cat=0
split_feature=12 7 17 7 9 15
split_gain=462.703 377.514 255.487 229.025 195.348 161.851
threshold=2.9727379293480429 26.538750000000004 215.22333333333282 467.50860000000006 -0.0016169593967150472 10.696579570763875
decision_type=2 2 8 2 2 2
left_child=1 -1 3 -3 -4 -6
right_child=-2 2 4 -5 5 -7
leaf_value=-0.0016005318569081014 -0.0041529137042317366 0.0047569515935138185 -0.00075556743256688028 0.019851860010975532 0.0058748027091530073 -0.0073977198667824276
leaf_weight=2062 1890 251 965 168 1382 90
leaf_count=2062 1890 251 965 168 1382 90
internal_value=3.95472e-05 0.00165588 0.00400435 0.011131 0.00273857 0.00501886
internal_weight=6808 4918 2856 419 2437 1472
internal_count=6808 4918 2856 419 2437 1472
is_linear=0
shrinkage=0.01


Tree=219
num_leaves=7
num_cat=0
split_feature=12 1 1 21 18 21
split_gain=453.596 302.376 155.421 103.555 97.6476 95.6417
threshold=2.9727379293480429 1.6001596658672663 0.92703022936327906 7.5250000000000368 0.0099415844050596003 23.728333333333357
decision_type=2 2 2 10 2 8
left_child=1 2 -1 -4 -5 -3
right_child=-2 5 3 4 -6 -7
leaf_value=-0.0051354770754618853 -0.0041116031264291928 0.0070510571409373524 0.0078276480318673868 -0.001516048318452001 0.0020489497137282805 -0.0037460409104886658
leaf_weight=453 1890 1024 201 1293 1864 83
leaf_count=453 1890 1024 201 1293 1864 83
internal_value=3.93948e-05 0.00163974 0.000297888 0.00104393 0.000588671 0.00621523
internal_weight=6808 4918 3811 3358 3157 1107
internal_count=6808 4918 3811 3358 3157 1107
is_linear=0
shrinkage=0.01


Tree=220
num_leaves=7
num_cat=0
split_feature=0 14 7 19 9 16
split_gain=513.261 202.496 181.687 143.762 120.391 129.612
threshold=0.97773020420352197 2.6415040341048548 353.03220000000005 290.25629892673493 -0.0016169593967150472 332.15000000000009
decision_type=2 2 2 10 2 8
left_child=1 2 -1 -4 -2 -6
right_child=4 -3 3 -5 5 -7
leaf_value=-0.0011835510741637347 0.00044304410337238825 -0.0056936484154540756 0.01353646131058534 0.0014268972961993215 0.0081586124612456849 -0.0028574525924772026
leaf_weight=4014 384 901 140 291 963 115
leaf_count=4014 384 901 140 291 963 115
internal_value=3.90363e-05 -0.00139835 -0.000516867 0.00557815 0.00526882 0.00696797
internal_weight=6808 5346 4445 431 1462 1078
internal_count=6808 5346 4445 431 1462 1078
is_linear=0
shrinkage=0.01


Tree=221
num_leaves=7
num_cat=0
split_feature=10 1 7 1 1 14
split_gain=457.467 267.899 249.998 239.889 172.328 126.067
threshold=0.025207744200995402 1.0661709171926781 683.67465000000004 1.5971701809513206 1.7344127038147858 2.6415040341048548
decision_type=2 2 2 2 2 2
left_child=2 -2 4 -4 -1 -3
right_child=1 5 3 -5 -6 -7
leaf_value=0.00065441885704606555 -0.0040794241576219518 0.0010462095588443881 0.030006273949107567 0.0047239838621538615 0.0088361977365611199 -0.0056670257403192668
leaf_weight=680 2022 3255 67 82 406 296
leaf_count=680 2022 3255 67 82 406 296
internal_value=3.88488e-05 -0.00118353 0.00552008 0.0172647 0.00376588 0.000472273
internal_weight=6808 5573 1235 149 1086 3551
internal_count=6808 5573 1235 149 1086 3551
is_linear=0
shrinkage=0.01


Tree=222
num_leaves=7
num_cat=0
split_feature=0 10 16 7 15 0
split_gain=498.676 245.989 146.934 136.627 119.326 122.089
threshold=0.84523008673899469 0.020229433464281226 330.15000000000009 25.028100000000006 4.007528348272186 1.0886072067415673
decision_type=2 2 8 2 2 2
left_child=-1 2 3 -2 5 -3
right_child=1 4 -4 -5 -6 -7
leaf_value=-0.002870975057601519 0.00041804428466341714 0.0013911383317210706 -0.0061556655333423228 0.013673624587775622 -0.003838344470370621 0.0076174915484704345
leaf_weight=3152 100 2441 51 350 361 353
leaf_count=3152 100 2441 51 350 361 353
internal_value=3.89813e-05 0.00254877 0.00898825 0.0108011 0.00150104 0.00220215
internal_weight=6808 3656 501 450 3155 2794
internal_count=6808 3656 501 450 3155 2794
is_linear=0
shrinkage=0.01


Tree=223
num_leaves=7
num_cat=0
split_feature=10 1 18 15 15 21
split_gain=442.234 259.874 167.851 151.922 161.16 141.647
threshold=0.025207744200995402 1.0410771753502324 0.01599244711026793 2.2109449738759293 0.8625053431893106 11.38333333333336
decision_type=2 2 2 2 2 10
left_child=3 -2 -3 4 -1 -6
right_child=1 2 -4 -5 5 -7
leaf_value=0.0050353319735699136 -0.0042909075925487237 -0.00080715949316120632 0.0042275259075430062 -0.0012772636190773205 0.027972390053882485 0.0089342943284922323
leaf_weight=771 1790 2939 844 263 53 148
leaf_count=771 1790 2939 844 263 53 148
internal_value=3.87416e-05 -0.00116311 0.00032428 0.00542794 0.00723673 0.0150421
internal_weight=6808 5573 3783 1235 972 201
internal_count=6808 5573 3783 1235 972 201
is_linear=0
shrinkage=0.01


Tree=224
num_leaves=7
num_cat=0
split_feature=0 2 7 13 2 13
split_gain=483.83 229.003 312.659 151.527 132.146 130.353
threshold=0.98719722205222982 0.51723416522362686 1697.5800000000002 11.795512369064053 0.28369280561307603 55.669639344324075
decision_type=2 2 2 2 2 2
left_child=1 2 -1 4 -2 -5
right_child=3 -3 -4 5 -6 -7
leaf_value=0.00042830975795282554 0.013457558694830601 -0.0028579364032060746 0.01756453115455971 0.011181474617954571 0.00081499118666151463 -0.00057150031358003614
leaf_weight=1854 84 3459 103 493 700 115
leaf_count=1854 84 3459 103 493 700 115
internal_value=3.89379e-05 -0.00131423 0.00141493 0.00527568 0.00232198 0.00898518
internal_weight=6808 5416 1957 1392 784 608
internal_count=6808 5416 1957 1392 784 608
is_linear=0
shrinkage=0.01


Tree=225
num_leaves=7
num_cat=0
split_feature=10 12 17 7 7 15
split_gain=429.284 230.822 229.579 213.668 156.922 116.773
threshold=0.024186181654504809 2.9727379293480429 194.21333333333362 467.50860000000006 26.538750000000004 0.23586125952431522
decision_type=2 2 8 2 2 2
left_child=2 4 3 -1 -2 -4
right_child=1 -3 5 -5 -6 -7
leaf_value=0.0051933226545777499 -0.0018568862737158229 -0.0039890543367923593 0.0088187906440875645 0.031601326742342541 0.0021554195291390095 0.0014951337852236028
leaf_weight=69 1791 1818 325 53 2115 637
leaf_count=69 1791 1818 325 53 2115 637
internal_value=3.91354e-05 -0.00105615 0.00577953 0.0181906 0.000315632 0.00403462
internal_weight=6808 5724 1084 122 3906 962
internal_count=6808 5724 1084 122 3906 962
is_linear=0
shrinkage=0.01


Tree=226
num_leaves=7
num_cat=0
split_feature=0 20 8 3 8 12
split_gain=470.417 175.25 169.972 176.509 176.426 250.561
threshold=0.90459110114865793 38.200000000000024 1413.5000000000002 0.3333762667282052 1119.5000000000002 1.0000000180025095e-35
decision_type=2 8 2 2 2 2
left_child=-1 2 3 4 5 -2
right_child=1 -3 -4 -5 -6 -7
leaf_value=-0.0020395116658979877 -0.0021157304697126322 -0.004333200912304192 0.0024896584055157582 -0.0001643336125581655 0.018852243928716112 0.015529977847731882
leaf_weight=4186 163 259 1689 177 189 145
leaf_count=4186 163 259 1689 177 189 145
internal_value=3.93809e-05 0.00335345 0.00421067 0.00842396 0.0114255 0.00641863
internal_weight=6808 2622 2363 674 497 308
internal_count=6808 2622 2363 674 497 308
is_linear=0
shrinkage=0.01


Tree=227
num_leaves=7
num_cat=0
split_feature=10 7 1 22 7 16
split_gain=419.359 248.649 307.886 191.885 130.446 92.8672
threshold=0.042212597283362012 353.03220000000005 1.4763982188948668 -2.5999999999999654 467.50860000000006 330.55000000000007
decision_type=2 2 2 10 2 8
left_child=1 2 -1 4 -3 -4
right_child=-2 3 5 -5 -6 -7
leaf_value=-0.0012807573112762175 -0.002926798597600846 0.006179214454456872 0.0061939056564053732 0.0042047764391625947 0.023387083577097588 -0.0038489720423129344
leaf_weight=2171 2797 92 966 591 96 95
leaf_count=2171 2797 92 966 591 96 95
internal_value=3.9401e-05 0.00210996 0.000878402 0.0071437 0.0157036 0.00526714
internal_weight=6808 4011 3232 779 188 1061
internal_count=6808 4011 3232 779 188 1061
is_linear=0
shrinkage=0.01


Tree=228
num_leaves=7
num_cat=0
split_feature=10 2 1 1 1 2
split_gain=411.759 263.993 145.372 133.675 113.523 134.434
threshold=0.024186181654504809 0.50961894191638935 1.3431542983752449 1.043497136715003 1.7452943036619037 0.38072430452038081
decision_type=2 2 2 2 2 2
left_child=4 3 -3 -2 5 -1
right_child=1 2 -4 -5 -6 -7
leaf_value=0.011138936396344168 -0.0025210055102092717 -0.0039707851905471285 0.00027033577757285221 0.0033608991999712228 0.0097040248564002826 0.00056833946747037606
leaf_weight=147 510 2519 1186 1509 417 520
leaf_count=147 510 2519 1186 1509 417 520
internal_value=3.9475e-05 -0.00103322 -0.0026161 0.00187003 0.00566147 0.00302811
internal_weight=6808 5724 3705 2019 1084 667
internal_count=6808 5724 3705 2019 1084 667
is_linear=0
shrinkage=0.01


Tree=229
num_leaves=7
num_cat=0
split_feature=0 0 15 20 7 20
split_gain=449.23 210.547 157.019 141.715 200.369 373.271
threshold=0.84523008673899469 1.0886072067415673 2.2109449738759293 38.200000000000024 1697.5800000000002 31.700000000000021
decision_type=2 2 2 8 2 10
left_child=-1 2 3 4 -2 -6
right_child=1 -3 -4 -5 5 -7
leaf_value=-0.0027225742579361878 0.0025295167642101525 0.0080092660723205065 -0.0027624473325602574 -0.0043125663002378731 0.029426815763667777 -7.7671982938110241e-05
leaf_weight=3152 1981 560 697 256 71 91
leaf_count=3152 1981 560 697 256 71 91
internal_value=3.93523e-05 0.00242146 0.00138822 0.0026006 0.00344264 0.0138124
internal_weight=6808 3656 3096 2399 2143 162
internal_count=6808 3656 3096 2399 2143 162
is_linear=0
shrinkage=0.01


Tree=230
num_leaves=7
num_cat=0
split_feature=10 7 10 8 18 7
split_gain=399.789 242.547 241.379 161.622 145.47 127.489
threshold=0.042212597283362012 24.653250000000003 0.020229433464281226 1440.5000000000002 0.0092476956614456745 683.67465000000004
decision_type=2 2 2 2 2 2
left_child=1 -1 3 -3 -4 -6
right_child=-2 2 4 -5 5 -7
leaf_value=-0.0013263198340246034 -0.0028567648939596319 0.019448265051986609 0.00034228306533931911 0.0060836812989880978 0.0034980448741273118 0.012570165860939203
leaf_weight=1381 2797 134 1303 285 715 193
leaf_count=1381 2797 134 1303 285 715 193
internal_value=3.94001e-05 0.00206107 0.00383806 0.0107115 0.00249313 0.00554229
internal_weight=6808 4011 2630 419 2211 908
internal_count=6808 4011 2630 419 2211 908
is_linear=0
shrinkage=0.01


Tree=231
num_leaves=7
num_cat=0
split_feature=0 20 1 8 14 11
split_gain=436.134 217.408 195.559 141.921 124.334 84.0252
threshold=0.98719722205222982 38.500000000000036 0.99980632471583386 1440.5000000000002 0.54361967088576424 0.013944066637578027
decision_type=2 8 2 2 2 2
left_child=2 3 -1 5 -4 -2
right_child=1 -3 4 -5 -6 -7
leaf_value=-0.0044037384652652282 0.0051346254256160965 -0.0058729716650577201 0.0018271784465932698 0.0039419952319638633 -0.0017110977840427929 0.01477263657881539
leaf_weight=1430 163 155 1810 826 2176 248
leaf_count=1430 163 155 1810 826 2176 248
internal_value=3.956e-05 0.00501148 -0.00124519 0.0064115 -0.000103853 0.011163
internal_weight=6808 1392 5416 1237 3986 411
internal_count=6808 1392 5416 1237 3986 411
is_linear=0
shrinkage=0.01


Tree=232
num_leaves=7
num_cat=0
split_feature=0 0 15 17 2 2
split_gain=428.428 201.383 152.018 207.801 105.829 104.346
threshold=0.84523008673899469 1.0886072067415673 2.2109449738759293 177.8566666666664 0.51951540984508193 0.28369280561307603
decision_type=2 2 2 8 2 2
left_child=-1 2 3 4 -2 -5
right_child=1 -3 -4 5 -6 -7
leaf_value=-0.0026578583435638787 0.024998055895790461 0.0078305004009519494 -0.0027287897727579996 0.0069444382481642008 0.0045291650768310302 0.00098703289744652323
leaf_weight=3152 50 560 697 337 53 1959
leaf_count=3152 50 560 697 337 53 1959
internal_value=3.93651e-05 0.00236567 0.00135517 0.00254811 0.0157984 0.00188777
internal_weight=6808 3656 3096 2399 103 2296
internal_count=6808 3656 3096 2399 103 2296
is_linear=0
shrinkage=0.01


Tree=233
num_leaves=7
num_cat=0
split_feature=10 1 15 4 13 1
split_gain=385.523 239.93 140.952 121.45 117.461 139.255
threshold=0.024186181654504809 1.0661709171926781 2.2109449738759293 0.03612386338173728 0.2897988112382342 1.7344127038147858
decision_type=2 2 2 2 2 2
left_child=2 -2 4 -3 -1 -6
right_child=1 3 -4 -5 5 -7
leaf_value=0.017447308584546239 -0.0037397109528618439 -0.00026636415994976437 -0.001420884177418581 0.0046690217271660416 0.0020466704350735679 0.010673990049152182
leaf_weight=94 2041 3099 230 584 431 329
leaf_count=94 2041 3099 230 584 431 329
internal_value=3.95567e-05 -0.000998409 0.0054795 0.000526746 0.00733285 0.00587151
internal_weight=6808 5724 1084 3683 854 760
internal_count=6808 5724 1084 3683 854 760
is_linear=0
shrinkage=0.01


Tree=234
num_leaves=7
num_cat=0
split_feature=15 7 2 7 20 11
split_gain=372.188 241.579 227.506 203.785 363.498 163.456
threshold=4.127146804264183 26.538750000000004 0.4667717636802648 683.67465000000004 37.800000000000018 0.011130594959556159
decision_type=2 2 2 2 10 2
left_child=1 -1 3 -3 -5 -4
right_child=-2 2 5 4 -6 -7
leaf_value=-0.0012633058821850593 -0.0038537329445272181 0.0046250184059567394 0.0070943510421137843 0.024870295438497024 -0.0020186189136334829 0.0001029801993842382
leaf_weight=1989 1796 666 404 138 74 1741
leaf_count=1989 1796 666 404 138 74 1741
internal_value=3.95925e-05 0.00143962 0.00321633 0.00747495 0.0158164 0.00144658
internal_weight=6808 5012 3023 878 212 2145
internal_count=6808 5012 3023 878 212 2145
is_linear=0
shrinkage=0.01


Tree=235
num_leaves=7
num_cat=0
split_feature=0 20 15 5 10 14
split_gain=410.02 209.658 196.567 153.81 101.876 101.438
threshold=0.98719722205222982 38.500000000000036 2.2898224954208262 1.5720189891059837 0.048561829015558923 0.17021881020370608
decision_type=2 8 2 2 2 2
left_child=2 4 3 5 -2 -1
right_child=1 -3 -4 -5 -6 -7
leaf_value=0.0025889631090123145 0.0068901747278908385 -0.0058263747513181332 -0.0033497827811435738 0.013075139576549384 -0.0057571586359824456 -0.0012810054762101453
leaf_weight=1035 1177 155 2382 84 60 1915
leaf_count=1035 1177 155 2382 84 60 1915
internal_value=3.96301e-05 0.0048604 -0.00120606 0.000482455 0.00623547 8.09226e-05
internal_weight=6808 1392 5416 3034 1237 2950
internal_count=6808 1392 5416 3034 1237 2950
is_linear=0
shrinkage=0.01


Tree=236
num_leaves=7
num_cat=0
split_feature=10 1 14 1 16 4
split_gain=369.368 231.028 133.492 104.816 115.913 95.8194
threshold=0.024186181654504809 1.0410771753502324 2.6415040341048548 1.7452943036619037 185.55000000000004 0.03612386338173728
decision_type=2 2 2 2 10 2
left_child=3 -2 5 4 -1 -3
right_child=1 2 -4 -5 -6 -7
leaf_value=0.012285175594680627 -0.0039227243870439375 0.00023437885010756538 -0.0053803322715480087 0.009247703967589789 0.0010042182073338687 0.0045933378033805638
leaf_weight=99 1808 2964 354 417 568 598
leaf_count=99 1808 2964 354 417 568 598
internal_value=3.93268e-05 -0.000976659 0.000390054 0.00536407 0.00283534 0.000976985
internal_weight=6808 5724 3916 1084 667 3562
internal_count=6808 5724 3916 1084 667 3562
is_linear=0
shrinkage=0.01


Tree=237
num_leaves=7
num_cat=0
split_feature=1 9 15 20 16 15
split_gain=355.081 194.219 111.628 128.954 96.0914 87.9964
threshold=1.1236768684925693 0.0045154165104735969 4.539228846181163 38.500000000000036 237.15000000000006 2.4866578689162711
decision_type=2 2 2 10 8 2
left_child=5 2 3 -2 -3 -1
right_child=1 4 -4 -5 -6 -7
leaf_value=-0.00093093685771338073 0.0023427414294817351 0.014629086177919543 -0.0028075724247743493 -0.0054906035643152631 0.0048151246586961571 -0.0046322704602695447
leaf_weight=1229 2759 123 645 218 484 1350
leaf_count=1229 2759 123 645 218 484 1350
internal_value=3.91984e-05 0.00182132 0.000935086 0.00175266 0.00700865 -0.00287884
internal_weight=6808 4229 3622 2977 607 2579
internal_count=6808 4229 3622 2977 607 2579
is_linear=0
shrinkage=0.01


Tree=238
num_leaves=7
num_cat=0
split_feature=0 1 13 21 14 13
split_gain=392.862 178.258 137.89 154.009 190.135 123.99
threshold=0.98719722205222982 0.99980632471583386 11.795512369064053 17.556666666666704 0.11665875592132696 55.669639344324075
decision_type=2 2 2 8 2 2
left_child=1 -1 3 4 -2 -4
right_child=2 -3 5 -5 -6 -7
leaf_value=-0.0041960202124580771 0.01786645860707161 -9.0771371498756998e-05 0.010437594192087741 -0.0022175422047867495 0.0020384225526705701 -0.00099067420735955247
leaf_weight=1430 97 3986 493 415 272 115
leaf_count=1430 97 3986 493 415 272 115
internal_value=3.89227e-05 -0.00118043 0.00475775 0.0019447 0.00656081 0.00829494
internal_weight=6808 5416 1392 784 369 608
internal_count=6808 5416 1392 784 369 608
is_linear=0
shrinkage=0.01


Tree=239
num_leaves=7
num_cat=0
split_feature=0 0 17 7 15 7
split_gain=386.686 184.218 145.162 327.36 133.931 108.758
threshold=0.84523008673899469 1.0886072067415673 177.8566666666664 467.50860000000006 0.95731794723447783 24.653250000000003
decision_type=2 2 8 2 2 2
left_child=-1 2 3 -2 5 -4
right_child=1 -3 4 -5 -6 -7
leaf_value=-0.0025235923067957584 -0.0026099846358208553 0.0074756303930046501 -0.00079499558325072653 0.026327167385283651 -0.0019064482054767001 0.004278900902551998
leaf_weight=3152 82 560 655 62 1131 1166
leaf_count=3152 82 560 655 62 1131 1166
internal_value=3.88686e-05 0.00224894 0.00128252 0.0107496 0.000785975 0.00245948
internal_weight=6808 3656 3096 144 2952 1821
internal_count=6808 3656 3096 144 2952 1821
is_linear=0
shrinkage=0.01


Tree=240
num_leaves=7
num_cat=0
split_feature=1 9 2 2 11 13
split_gain=338.079 188.923 140.922 121.517 162.827 79.9574
threshold=1.1236768684925693 0.0045154165104735969 0.30755569828298124 0.48850921682505727 0.011130594959556159 53.66521080029387
decision_type=2 2 2 2 2 2
left_child=2 3 -1 -2 -5 -3
right_child=1 5 -4 4 -6 -7
leaf_value=0.0028104977413992557 0.0036432972417948933 0.0090067131973778688 -0.0037698307219381877 0.0050106391812023967 -0.0015226269461021194 0.00071114924022584183
leaf_weight=374 1110 449 2205 458 2054 158
leaf_count=374 1110 449 2205 458 2054 158
internal_value=3.89235e-05 0.00177785 -0.0028084 0.000903846 -0.000316306 0.00689393
internal_weight=6808 4229 2579 3622 2512 607
internal_count=6808 4229 2579 3622 2512 607
is_linear=0
shrinkage=0.01


Tree=241
num_leaves=7
num_cat=0
split_feature=10 15 7 20 4 15
split_gain=345.744 181.561 175.242 169.11 116.182 114.77
threshold=0.024186181654504809 6.6061610580194587 683.67465000000004 33.900000000000041 0.03612386338173728 0.23586125952431522
decision_type=2 2 2 10 2 2
left_child=2 4 5 -4 -2 -1
right_child=1 -3 3 -5 -6 -7
leaf_value=0.0078461316052775877 -0.00066386204551701624 -0.004217476498744834 0.023870995712052617 0.00077400852553546429 0.0038273056005298928 0.00078560422620133628
leaf_weight=375 3756 1298 80 50 670 579
leaf_count=375 3756 1298 80 50 670 579
internal_value=3.87673e-05 -0.000944192 0.00519041 0.0156774 2.30981e-05 0.00361357
internal_weight=6808 5724 1084 130 4426 954
internal_count=6808 5724 1084 130 4426 954
is_linear=0
shrinkage=0.01


Tree=242
num_leaves=7
num_cat=0
split_feature=0 20 14 5 10 0
split_gain=370.471 195.745 162.841 145.792 97.1871 79.6958
threshold=0.98719722205222982 38.500000000000036 2.6415040341048548 1.6723283689422437 0.048561829015558923 0.74018636730501153
decision_type=2 8 2 2 2 2
left_child=2 4 3 5 -2 -1
right_child=1 -3 -4 -5 -6 -7
leaf_value=-0.0031676933807927099 0.0065901898328770379 -0.0057025374944011378 -0.0049969848358201894 0.01196019472712849 -0.0057524150035211021 8.0579853938167006e-05
leaf_weight=955 1177 155 903 84 60 3474
leaf_count=955 1177 155 903 84 60 3474
internal_value=3.88523e-05 0.00462123 -0.00114524 -0.000365206 0.00595019 -0.000625385
internal_weight=6808 1392 5416 4513 1237 4429
internal_count=6808 1392 5416 4513 1237 4429
is_linear=0
shrinkage=0.01


Tree=243
num_leaves=7
num_cat=0
split_feature=0 15 5 13 21 7
split_gain=363.046 176.598 144.975 132 146.594 139.113
threshold=0.98719722205222982 2.2898224954208262 1.5720189891059837 11.795512369064053 17.556666666666704 1697.5800000000002
decision_type=2 2 2 2 8 2
left_child=1 2 -1 4 5 -2
right_child=3 -3 -4 -5 -6 -7
leaf_value=7.6886642986603355e-05 0.0029348248237184567 -0.0031656406284319657 0.012692377591466016 0.0080351039244903368 -0.0022358470658634735 0.017546282209629237
leaf_weight=2950 293 2382 84 608 415 76
leaf_count=2950 293 2382 84 608 415 76
internal_value=3.84493e-05 -0.00113372 0.000466711 0.00457467 0.00182367 0.00632779
internal_weight=6808 5416 3034 1392 784 369
internal_count=6808 5416 3034 1392 784 369
is_linear=0
shrinkage=0.01


Tree=244
num_leaves=7
num_cat=0
split_feature=1 2 17 1 2 20
split_gain=319.6 177.253 188.168 142.979 135.414 74.3699
threshold=1.1236768684925693 0.45366001628946057 194.21333333333362 2.0610566368845133 0.30755569828298124 37.900000000000041
decision_type=2 2 10 2 2 10
left_child=4 2 -2 -3 -1 -4
right_child=1 3 5 -5 -6 -7
leaf_value=0.0027778287710195099 0.020436550213893259 -0.00044592824617842438 0.0045621484103814973 0.0055280709705225941 -0.0036723252251669638 -0.0067409876456099851
leaf_weight=374 65 2611 1037 463 2205 53
leaf_count=374 65 2611 1037 463 2205 53
internal_value=3.85911e-05 0.00172933 0.00505118 0.000468871 -0.00272982 0.00395626
internal_weight=6808 4229 1155 3074 2579 1090
internal_count=6808 4229 1155 3074 2579 1090
is_linear=0
shrinkage=0.01


Tree=245
num_leaves=7
num_cat=0
split_feature=12 10 2 1 9 8
split_gain=334.375 235.846 165.668 127.712 145.379 102.118
threshold=2.9727379293480429 0.021234974916484069 0.29809015747477707 1.2314428076789932 0.0094679936677383916 1440.5000000000002
decision_type=2 2 2 2 2 2
left_child=1 5 -3 -4 -5 -1
right_child=-2 2 3 4 -6 -7
leaf_value=0.01253113677256714 -0.0035254502931389175 0.0055744475524268965 -0.0022126264866069423 0.0010185702466500555 0.016702816820413361 0.0039837638168384272
leaf_weight=217 1890 564 1699 1983 51 404
leaf_count=217 1890 564 1699 1983 51 404
internal_value=3.85344e-05 0.00141256 0.000572843 -0.000195698 0.00149163 0.00712178
internal_weight=6808 4918 4297 3733 2034 621
internal_count=6808 4918 4297 3733 2034 621
is_linear=0
shrinkage=0.01


Tree=246
num_leaves=7
num_cat=0
split_feature=0 2 1 13 13 2
split_gain=346.768 194.457 132.538 127.616 120.646 120.564
threshold=0.98719722205222982 0.3920993584943207 1.1665261846156971 11.795512369064053 55.669639344324075 0.28369280561307603
decision_type=2 2 2 2 2 2
left_child=1 -1 -3 5 -5 -2
right_child=3 2 -4 4 -6 -7
leaf_value=0.0027964389798094198 0.012401708204378472 -0.0037000193375402645 -0.00022613577482860571 0.0099885342809858599 -0.001262970473691821 0.00033470555226987521
leaf_weight=1025 84 2265 2126 493 115 700
leaf_count=1025 84 2265 2126 493 115 700
internal_value=3.86488e-05 -0.00110694 -0.0020224 0.00447201 0.00787437 0.00176751
internal_weight=6808 5416 4391 1392 608 784
internal_count=6808 5416 4391 1392 608 784
is_linear=0
shrinkage=0.01


Tree=247
num_leaves=7
num_cat=0
split_feature=10 2 17 15 15 15
split_gain=316.878 220.415 203.899 162.138 120.314 109.422
threshold=0.024186181654504809 0.29809015747477707 194.21333333333362 1.028211211583139 6.6061610580194587 0.23586125952431522
decision_type=2 2 8 2 2 2
left_child=2 -2 3 -1 -3 -4
right_child=1 4 5 -5 -6 -7
leaf_value=0.0050634251974332025 0.004878995738549133 -0.00068128951214734587 0.0079605793819498664 0.028184330412477723 -0.0042137958395776784 0.00088431787178880447
leaf_weight=68 582 3865 325 54 1277 637
leaf_count=68 582 3865 325 54 1277 637
internal_value=3.85605e-05 -0.000902474 0.00497047 0.0166572 -0.00156505 0.00333225
internal_weight=6808 5724 1084 122 5142 962
internal_count=6808 5724 1084 122 5142 962
is_linear=0
shrinkage=0.01


Tree=248
num_leaves=7
num_cat=0
split_feature=12 2 11 16 14 2
split_gain=320.455 149.793 165.419 122.358 61.844 54.5781
threshold=2.9727379293480429 0.29809015747477707 0.011130594959556159 225.55000000000004 0.17021881020370608 0.52382223261853011
decision_type=2 2 2 8 2 2
left_child=1 3 4 -1 -3 -4
right_child=-2 2 5 -5 -6 -7
leaf_value=0.016954447035887017 -0.0034502208590492188 0.011354399175389008 0.0013870730410166655 0.0040870198551281036 0.0036075277844934929 -0.0010133653454769199
leaf_weight=79 1890 149 1662 514 339 2175
leaf_count=79 1890 149 1662 514 339 2175
internal_value=3.8792e-05 0.00138391 0.000731109 0.00605397 0.00615337 2.72895e-05
internal_weight=6808 4918 4325 593 488 3837
internal_count=6808 4918 4325 593 488 3837
is_linear=0
shrinkage=0.01


Tree=249
num_leaves=7
num_cat=0
split_feature=0 20 7 20 10 10
split_gain=334.491 184.77 156.451 196.634 105.743 93.2063
threshold=0.98719722205222982 38.500000000000036 1697.5800000000002 29.800000000000015 0.083037096791264808 0.048561829015558923
decision_type=2 8 2 10 2 2
left_child=2 5 4 -4 -1 -2
right_child=1 -3 3 -5 -6 -7
leaf_value=-0.00088284179351862991 0.0063119282919490627 -0.0056341254993370086 0.020477015005348074 0.00085291675118922855 -0.0050376515823472735 -0.0057650708769048965
leaf_weight=4479 1177 155 63 173 701 60
leaf_count=4479 1177 155 63 173 701 60
internal_value=3.88871e-05 0.00439306 -0.00108624 0.006711 -0.00145373 0.00568461
internal_weight=6808 1392 5416 236 5180 1237
internal_count=6808 1392 5416 236 5180 1237
is_linear=0
shrinkage=0.01


Tree=250
num_leaves=7
num_cat=0
split_feature=1 7 15 8 14 8
split_gain=296.959 202.61 139.887 103.173 108.996 90.9973
threshold=1.1236768684925693 1697.5800000000002 4.539228846181163 924.00000000000011 0.78060461047799456 1128.5000000000002
decision_type=2 2 2 2 2 2
left_child=1 -1 3 -2 5 -5
right_child=2 -3 -4 4 -6 -7
leaf_value=-0.0032537210955243846 0.0081307377881760633 0.0097194157815795011 -0.0024426998720594793 -0.00059613500404592876 -0.001330424342364245 0.0039820569253305122
leaf_weight=2462 286 117 685 556 769 1933
leaf_count=2462 286 117 685 556 769 1933
internal_value=3.86496e-05 -0.00262991 0.0016684 0.00246765 0.00194716 0.00296107
internal_weight=6808 2579 4229 3544 3258 2489
internal_count=6808 2579 4229 3544 3258 2489
is_linear=0
shrinkage=0.01


Tree=251
num_leaves=7
num_cat=0
split_feature=0 0 13 3 0 4
split_gain=325.397 150.487 138.422 98.6966 121.969 97.2995
threshold=1.0371555275104967 0.84523008673899469 11.795512369064053 0.2059652201193411 1.2607249096886839 0.17638752312695025
decision_type=2 2 2 2 2 2
left_child=1 -1 3 -2 -5 -3
right_child=2 5 -4 4 -6 -7
leaf_value=-0.0023035700976638922 0.010552032886568559 0.00045001235271111803 0.010049414853471795 -0.0043019623110934421 0.0067689570360494854 0.0089225438666461574
leaf_weight=3152 99 2631 388 256 149 133
leaf_count=3152 99 2631 388 256 149 133
internal_value=3.84715e-05 -0.000813277 0.0056339 0.00210528 -0.000163995 0.000888395
internal_weight=6808 5916 892 504 405 2764
internal_count=6808 5916 892 504 405 2764
is_linear=0
shrinkage=0.01


Tree=252
num_leaves=7
num_cat=0
split_feature=12 7 4 8 8 21
split_gain=303.148 286.808 204.787 98.0862 129.307 91.7418
threshold=2.9727379293480429 26.538750000000004 0.022884750044609013 1440.5000000000002 1127.0000000000002 11.114166666666696
decision_type=2 2 2 2 2 8
left_child=1 -1 -3 4 -4 -5
right_child=-2 2 3 5 -6 -7
leaf_value=-0.0014912204025976242 -0.0033549598869965658 0.001815678367075353 0.0083875603921696219 -0.0034600717537105088 0.025450751570554878 0.0072416040524227645
leaf_weight=2062 1890 2132 204 95 55 370
leaf_count=2062 1890 2132 204 95 55 370
internal_value=3.85288e-05 0.00134682 0.0033939 0.00795332 0.0128224 0.00502843
internal_weight=6808 4918 2856 724 259 465
internal_count=6808 4918 2856 724 259 465
is_linear=0
shrinkage=0.01


Tree=253
num_leaves=7
num_cat=0
split_feature=12 4 8 8 16 14
split_gain=297.236 183.865 132.072 153.348 120.93 107.217
threshold=2.9727379293480429 -1.0000000180025095e-35 1465.0000000000002 1181.5000000000002 264.65000000000003 0.21164338980039538
decision_type=2 2 2 2 8 2
left_child=1 -1 3 4 -3 -6
right_child=-2 2 -4 -5 5 -7
leaf_value=2.6840669271065014e-05 -0.0033215868671296785 0.013729818413272111 0.0022176262964911987 0.022902870986779983 -0.0088996256687609923 0.005411575186098444
leaf_weight=3380 1890 130 1072 56 58 222
leaf_count=3380 1890 130 1072 56 58 222
internal_value=3.86508e-05 0.00133412 0.00418834 0.00857999 0.00612497 0.00224245
internal_weight=6808 4918 1538 466 410 280
internal_count=6808 4918 1538 466 410 280
is_linear=0
shrinkage=0.01


Tree=254
num_leaves=7
num_cat=0
split_feature=12 7 15 15 20 3
split_gain=291.434 280.744 153.74 161.596 201.088 132.602
threshold=2.9727379293480429 26.538750000000004 10.696579570763875 0.10526457571236232 38.200000000000024 0.12034482758620696
decision_type=2 2 2 2 10 2
left_child=1 -1 3 -3 5 -5
right_child=-2 2 -4 4 -6 -7
leaf_value=-0.0014863433437181449 -0.0032885458007237364 -0.0013274047733002883 -0.0066271396293430722 0.011025429838272028 -0.0033898922111041813 0.0046739747753470305
leaf_weight=2062 1890 486 138 420 247 1565
leaf_count=2062 1890 486 138 420 247 1565
internal_value=3.87347e-05 0.0013215 0.00334684 0.00387568 0.00500947 0.00606639
internal_weight=6808 4918 2856 2718 2232 1985
internal_count=6808 4918 2856 2718 2232 1985
is_linear=0
shrinkage=0.01


Tree=255
num_leaves=7
num_cat=0
split_feature=0 14 7 20 20 8
split_gain=309.701 154.988 140.775 208.832 104.578 104.369
threshold=1.0371555275104967 2.6415040341048548 353.03220000000005 24.400000000000038 37.800000000000018 924.00000000000011
decision_type=2 2 2 10 10 2
left_child=1 2 -1 -4 -5 -2
right_child=5 -3 3 4 -6 -7
leaf_value=-0.00071305987055500931 0.012875070887501353 -0.0045626153460305375 0.01889080813306189 0.005152058861617531 -0.004227902096752798 0.0038542774840607309
leaf_weight=4418 150 911 76 340 171 742
leaf_count=4418 150 911 76 340 171 742
internal_value=3.83412e-05 -0.000792612 -9.86738e-05 0.00445993 0.00199227 0.00549715
internal_weight=6808 5916 5005 587 511 892
internal_count=6808 5916 5005 587 511 892
is_linear=0
shrinkage=0.01


Tree=256
num_leaves=7
num_cat=0
split_feature=0 2 13 2 0 13
split_gain=303.695 203.898 132.301 131.606 115.171 96.8503
threshold=1.0371555275104967 0.51723416522362686 11.795512369064053 0.38930284803805659 1.2607249096886839 16.490371260983618
decision_type=2 2 2 2 2 2
left_child=1 5 3 -2 -5 -1
right_child=2 -3 -4 4 -6 -7
leaf_value=0.0032262431910029016 0.011694668126461858 -0.0022354998520704135 0.0097603912331425974 -0.0043330368322727943 0.0066926631511195558 -0.0010181388462304462
leaf_weight=1376 100 3668 388 271 133 872
leaf_count=1376 100 3668 388 271 133 872
internal_value=3.84164e-05 -0.00078444 0.00544403 0.00199588 -0.000629306 0.00158263
internal_weight=6808 5916 892 504 404 2248
internal_count=6808 5916 892 504 404 2248
is_linear=0
shrinkage=0.01


Tree=257
num_leaves=7
num_cat=0
split_feature=0 20 8 8 14 20
split_gain=298.604 135.803 134.725 113.598 214.641 194.918
threshold=0.90459110114865793 38.200000000000024 1413.5000000000002 1119.5000000000002 0.83968523858124133 31.600000000000026
decision_type=2 8 2 2 2 10
left_child=-1 2 3 4 -2 -5
right_child=1 -3 -4 5 -6 -7
leaf_value=-0.0016179270673161901 -0.003311939054775402 -0.0040828880911422932 0.0019043294252365118 0.021817457416172449 0.010643663483432833 0.0040785689562559133
leaf_weight=4186 208 259 1689 110 216 140
leaf_count=4186 208 259 1689 110 216 140
internal_value=3.83811e-05 0.00267876 0.00343397 0.00718325 0.00387895 0.0124226
internal_weight=6808 2622 2363 674 424 250
internal_count=6808 2622 2363 674 424 250
is_linear=0
shrinkage=0.01


Tree=258
num_leaves=7
num_cat=0
split_feature=0 10 16 2 0 0
split_gain=294.249 166.921 135.171 116.776 108.397 87.3991
threshold=0.84523008673899469 0.020229433464281226 330.15000000000009 0.50961894191638935 1.2607249096886839 1.0413156534119408
decision_type=2 2 8 2 2 2
left_child=-1 2 -2 5 -5 -3
right_child=1 3 -4 4 -6 -7
leaf_value=-0.0021968785000960377 0.0090209055206859883 0.0020088322130797872 -0.0071223172117940714 -0.0016708332331762492 0.0075524250862820611 0.0086356544456583379
leaf_weight=3152 450 1381 51 1419 130 225
leaf_count=3152 450 1381 51 1419 130 225
internal_value=3.8429e-05 0.00196632 0.00727036 0.00110375 -0.000853291 0.00298494
internal_weight=6808 3656 501 3155 1549 1606
internal_count=6808 3656 501 3155 1549 1606
is_linear=0
shrinkage=0.01


Tree=259
num_leaves=7
num_cat=0
split_feature=12 10 2 16 1 9
split_gain=274.535 201.633 148.451 113.941 110.346 139.298
threshold=2.9727379293480429 0.021234974916484069 0.29809015747477707 330.15000000000009 1.2314428076789932 0.0094679936677383916
decision_type=2 2 2 8 2 2
left_child=1 3 -3 -1 -4 -6
right_child=-2 2 4 -5 5 -7
leaf_value=0.0080228173733210058 -0.0031910929486204526 0.0052415415914794138 -0.0020951886403476143 -0.0053358472396930054 0.00088558186180752929 0.016236552221411422
leaf_weight=556 1890 564 1699 65 1983 51
leaf_count=556 1890 564 1699 65 1983 51
internal_value=3.82827e-05 0.0012833 0.000506933 0.00656216 -0.000220487 0.00134804
internal_weight=6808 4918 4297 621 3733 2034
internal_count=6808 4918 4297 621 3733 2034
is_linear=0
shrinkage=0.01


Tree=260
num_leaves=7
num_cat=0
split_feature=0 2 15 21 11 1
split_gain=284.667 193.966 140.489 116.609 96.4111 91.7531
threshold=1.0371555275104967 0.51723416522362686 0.74691187563582562 17.926666666666687 0.016450621926446751 1.3431542983752449
decision_type=2 2 2 8 2 2
left_child=1 4 -2 -4 -1 -3
right_child=2 5 3 -5 -6 -7
leaf_value=0.006563846170752851 0.010318269259092716 -0.0032262824250538493 0.0055047383266703586 -0.003837992661407491 0.00069455637476077995 0.00019478043726291164
leaf_weight=318 333 2537 358 201 1930 1131
leaf_count=318 333 2537 358 201 1930 1131
internal_value=3.81897e-05 -0.000758474 0.00527172 0.00213695 0.00155021 -0.00217376
internal_weight=6808 5916 892 559 2248 3668
internal_count=6808 5916 892 559 2248 3668
is_linear=0
shrinkage=0.01


Tree=261
num_leaves=7
num_cat=0
split_feature=10 15 5 14 10 21
split_gain=265.155 164.454 100.973 68.8886 87.4526 58.2133
threshold=0.022009118257899463 6.6061610580194587 0.87104695929672726 2.2110839337315658 0.016004421638187955 16.100833333333352
decision_type=2 2 2 2 2 10
left_child=3 2 -2 4 -1 -4
right_child=1 -3 5 -5 -6 -7
leaf_value=0.013648289399020172 -0.0011297009009182859 -0.0037629191096693365 0.003478582340089291 -0.0017496353191933755 0.0047142009240541171 0.00020486440658866304
leaf_weight=138 2562 1324 1048 106 511 1119
leaf_count=138 2562 1324 1048 106 511 1119
internal_value=3.80456e-05 -0.000661998 0.00021229 0.00558574 0.00679218 0.0017968
internal_weight=6808 6053 4729 755 649 2167
internal_count=6808 6053 4729 755 649 2167
is_linear=0
shrinkage=0.01


Tree=262
num_leaves=7
num_cat=0
split_feature=0 2 15 13 4 20
split_gain=276.657 187.726 136.885 95.5981 123.695 80.2082
threshold=1.0371555275104967 0.51723416522362686 0.74691187563582562 16.490371260983618 0.15737297911201292 26.700000000000021
decision_type=2 2 2 2 2 10
left_child=1 3 -2 4 5 -1
right_child=2 -3 -4 -5 -6 -7
leaf_value=0.0080159393617087547 0.010178602566459263 -0.0021398186755102393 0.0021031095804597507 -0.001059717694577252 0.015175768337729906 0.001293797810245163
leaf_weight=203 333 3668 559 872 71 1102
leaf_count=203 333 3668 559 872 71 1102
internal_value=3.78911e-05 -0.000747484 0.00519726 0.00152377 0.00315681 0.00239247
internal_weight=6808 5916 892 2248 1376 1305
internal_count=6808 5916 892 2248 1376 1305
is_linear=0
shrinkage=0.01


Tree=263
num_leaves=7
num_cat=0
split_feature=10 7 17 19 1 1
split_gain=257.776 182.134 258.825 195.712 138.992 131.498
threshold=0.030029870466207469 467.50860000000006 207.32333333333295 290.0095832340034 1.4836715159762048 0.96956593939825053
decision_type=2 2 10 10 2 2
left_child=1 4 -3 -4 -1 -2
right_child=5 2 3 -5 -6 -7
leaf_value=-0.00087105016954056079 -0.0041694973220494256 0.021052002084574532 -0.008616325206163785 0.011297754666237074 0.0045895204254660475 -0.00030663026242912374
leaf_weight=983 1170 116 82 97 872 3488
leaf_count=983 1170 116 82 97 872 3488
internal_value=3.80045e-05 0.00289431 0.0100613 0.00220189 0.0017067 -0.00128376
internal_weight=6808 2150 295 179 1855 4658
internal_count=6808 2150 295 179 1855 4658
is_linear=0
shrinkage=0.01


Tree=264
num_leaves=7
num_cat=0
split_feature=0 15 15 21 0 20
split_gain=268.13 153.724 134.088 113.037 86.0696 71.2275
threshold=1.0371555275104967 2.2109449738759293 0.74691187563582562 17.926666666666687 0.81494565101168004 38.200000000000024
decision_type=2 2 2 8 2 8
left_child=1 4 -2 -4 -1 -6
right_child=2 -3 3 -5 5 -7
leaf_value=-0.0017238289686987696 0.010047202044514173 -0.002643254646529934 0.0053717543395823278 -0.0038259549232385172 0.002194555182578549 -0.0039799568403239656
leaf_weight=1070 333 2456 358 201 2195 195
leaf_count=1070 333 2456 358 201 2195 195
internal_value=3.79615e-05 -0.000735217 0.00511721 0.00205541 0.000622873 0.00167629
internal_weight=6808 5916 892 559 3460 2390
internal_count=6808 5916 892 559 3460 2390
is_linear=0
shrinkage=0.01


Tree=265
num_leaves=7
num_cat=0
split_feature=12 7 10 15 15 22
split_gain=254.872 260.247 188.568 109.601 98.5932 103.083
threshold=2.9727379293480429 26.538750000000004 0.021234974916484069 10.696579570763875 0.10526457571236232 -1.0999999999999657
decision_type=2 2 2 2 2 10
left_child=1 -1 -3 4 -4 -6
right_child=-2 2 3 -5 5 -7
leaf_value=-0.0014660177535710788 -0.0030739136374877203 0.0089926070771587183 -0.0015935499249348018 -0.0067372217638228364 0.0071931086691213886 0.0020034519458230226
leaf_weight=2062 1890 459 453 125 545 1274
leaf_count=2062 1890 459 453 125 545 1274
internal_value=3.76616e-05 0.00123726 0.0031873 0.0020429 0.00255337 0.00358918
internal_weight=6808 4918 2856 2397 2272 1819
internal_count=6808 4918 2856 2397 2272 1819
is_linear=0
shrinkage=0.01


Tree=266
num_leaves=7
num_cat=0
split_feature=4 17 14 14 8 20
split_gain=239.138 175.211 138.746 98.579 90.8015 67.1822
threshold=-0.068759918584266208 194.21333333333362 0.11665875592132696 0.96377940087221192 924.00000000000011 32.900000000000041
decision_type=2 8 2 2 2 10
left_child=3 2 -2 -1 5 -3
right_child=1 4 -4 -5 -6 -7
leaf_value=-0.00045383351726179379 0.023919266618904658 0.0012966845105760372 0.0037109379871221987 -0.0038381989350562196 0.0010749399368668491 0.012679146051528008
leaf_weight=2465 54 94 82 1315 2685 113
leaf_count=2465 54 94 82 1315 2685 113
internal_value=3.7363e-05 0.00212758 0.0128236 -0.00163822 0.00158213 0.00780825
internal_weight=6808 3028 136 3780 2892 207
internal_count=6808 3028 136 3780 2892 207
is_linear=0
shrinkage=0.01


Tree=267
num_leaves=7
num_cat=0
split_feature=0 2 7 17 15 17
split_gain=257.127 179.012 224.085 210.008 131.313 100.899
threshold=1.0371555275104967 0.51723416522362686 353.03220000000005 219.62500000000011 0.74691187563582562 265.21666666666755
decision_type=2 2 2 10 2 10
left_child=1 2 -1 -4 5 -2
right_child=4 -3 3 -5 -6 -7
leaf_value=0.00029466352321382412 0.0046330606952536529 -0.0020792426542772468 0.024474545018109556 0.004521244338913156 0.0019826950667825366 0.015894177661587794
leaf_weight=1971 187 3668 63 214 559 146
leaf_count=1971 187 3668 63 214 559 146
internal_value=3.75525e-05 -0.000719596 0.00149829 0.00975401 0.00501148 0.00988981
internal_weight=6808 5916 2248 277 892 333
internal_count=6808 5916 2248 277 892 333
is_linear=0
shrinkage=0.01


Tree=268
num_leaves=7
num_cat=0
split_feature=12 7 2 17 5 17
split_gain=244.687 252.369 192.396 236.724 120.479 87.5655
threshold=2.9727379293480429 26.538750000000004 0.4667717636802648 194.21333333333362 1.4625644631932502 215.22333333333282
decision_type=2 2 2 8 2 10
left_child=1 -1 3 -3 5 -4
right_child=-2 2 4 -5 -6 -7
leaf_value=-0.0014487424511183211 -0.0030108660159883778 0.02228967630654894 0.0054742950934274148 0.0052051199327860674 0.010308483284670156 -0.00019753174195659203
leaf_weight=2062 1890 83 319 748 133 1573
leaf_count=2062 1890 83 319 748 133 1573
internal_value=3.79062e-05 0.00121329 0.0031336 0.00715627 0.00145576 0.000782519
internal_weight=6808 4918 2856 831 2025 1892
internal_count=6808 4918 2856 831 2025 1892
is_linear=0
shrinkage=0.01


Tree=269
num_leaves=7
num_cat=0
split_feature=10 2 16 10 2 14
split_gain=240.223 199.673 110.536 72.7363 64.4313 60.7982
threshold=0.022009118257899463 0.51723416522362686 330.15000000000009 0.015215726706557865 0.29809015747477707 0.73245411450316811
decision_type=2 2 8 2 2 2
left_child=2 4 3 -1 -2 -3
right_child=1 5 -4 -5 -6 -7
leaf_value=0.013070087885070178 0.0045018934217674255 -0.0009128242367576531 -0.0051692978640937286 0.0048490989683637013 0.00069560060640649305 -0.0034659456271652028
leaf_weight=134 602 2162 82 539 1645 1644
leaf_count=134 602 2162 82 539 1645 1644
internal_value=3.80936e-05 -0.000628229 0.00531853 0.00665336 0.00173078 -0.00202184
internal_weight=6808 6053 755 673 2247 3806
internal_count=6808 6053 755 673 2247 3806
is_linear=0
shrinkage=0.01


Tree=270
num_leaves=7
num_cat=0
split_feature=1 7 9 6 1 17
split_gain=238.345 179.411 150.097 98.3959 116.201 102.348
threshold=1.1236768684925693 1697.5800000000002 0.0045154165104735969 1.0000000180025095e-35 1.8799085618592681 208.63000000000019
decision_type=2 2 2 2 2 8
left_child=1 -1 3 4 5 -2
right_child=2 -3 -4 -5 -6 -7
leaf_value=-0.0029402121148864664 0.0058423795016887634 0.0092656261890422652 0.0060579368467495523 -0.003343226342456557 0.0063325891533450593 -8.9598824414500078e-05
leaf_weight=2462 321 117 607 503 402 2396
leaf_count=2462 321 117 607 503 402 2396
internal_value=3.79117e-05 -0.00235283 0.00149798 0.000719219 0.00138296 0.000630089
internal_weight=6808 2579 4229 3622 3119 2717
internal_count=6808 2579 4229 3622 3119 2717
is_linear=0
shrinkage=0.01


Tree=271
num_leaves=7
num_cat=0
split_feature=12 7 2 17 4 17
split_gain=234.309 244.769 187.331 231.312 116.567 84.6609
threshold=2.9727379293480429 26.538750000000004 0.4667717636802648 194.21333333333362 0.18656624285611448 215.22333333333282
decision_type=2 2 2 8 2 10
left_child=1 -1 3 -3 5 -4
right_child=-2 2 4 -5 -6 -7
leaf_value=-0.0014335917065881507 -0.0029455763571180314 0.022007116605277346 0.0053748231600049328 0.0051202648275008953 0.010131440789966318 -0.0002021029654276085
leaf_weight=2062 1890 83 319 748 133 1573
leaf_count=2062 1890 83 319 748 133 1573
internal_value=3.78424e-05 0.00118803 0.00307921 0.00704854 0.00142368 0.000761508
internal_weight=6808 4918 2856 831 2025 1892
internal_count=6808 4918 2856 831 2025 1892
is_linear=0
shrinkage=0.01


Tree=272
num_leaves=7
num_cat=0
split_feature=1 10 18 8 10 8
split_gain=231.364 136.987 94.3422 81.649 107.387 77.6765
threshold=1.1236768684925693 0.020229433464281226 0.016746465958057712 1139.0000000000002 0.03225325646719001 1456.0000000000002
decision_type=2 2 2 2 2 2
left_child=3 5 -3 4 -1 -2
right_child=1 2 -4 -5 -6 -7
leaf_value=0.013237784684946139 0.01110279283126687 0.00011704767462878383 0.0046195667342136997 -0.0029593374116657495 -0.00069464910098788687 0.0031561824402070783
leaf_weight=62 192 3155 536 2282 235 346
leaf_count=62 192 3155 536 2282 235 346
internal_value=3.80221e-05 0.00147655 0.00078161 -0.00231745 0.00255027 0.006143
internal_weight=6808 4229 3691 2579 297 538
internal_count=6808 4229 3691 2579 297 538
is_linear=0
shrinkage=0.01


Tree=273
num_leaves=7
num_cat=0
split_feature=12 10 1 15 1 5
split_gain=227.615 168.243 123.318 104.437 77.9473 66.3537
threshold=2.9727379293480429 0.021234974916484069 0.92703022936327906 10.619077735791935 1.7452943036619037 1.0084933442956536
decision_type=2 2 2 2 2 2
left_child=1 4 -3 5 -1 -4
right_child=-2 2 3 -5 -6 -7
leaf_value=0.0023292521015391685 -0.002902433333599842 -0.0044751570785878676 0.00063891513347476671 -0.0062364423573710659 0.0094600305929083695 0.0037560517196853784
leaf_weight=310 1890 443 2778 178 311 898
leaf_count=310 1890 443 2778 178 311 898
internal_value=3.8061e-05 0.0011717 0.000462525 0.0010402 0.00599371 0.00140852
internal_weight=6808 4918 4297 3854 621 3676
internal_count=6808 4918 4297 3854 621 3676
is_linear=0
shrinkage=0.01


Tree=274
num_leaves=7
num_cat=0
split_feature=4 17 7 7 8 8
split_gain=215.663 162.108 163.693 85.0961 92.7172 89.3905
threshold=-0.068759918584266208 194.21333333333362 467.50860000000006 15.600150000000001 914.50000000000011 1674.5000000000002
decision_type=2 8 2 2 2 2
left_child=-1 2 -2 -3 -5 -6
right_child=1 3 -4 4 5 -7
leaf_value=-0.0015535016198534889 0.0012465099389032449 -0.0010277404207878131 0.022618681534876429 0.0093522734345590827 -0.00036951202555214976 0.0040695073440513655
leaf_weight=3780 71 909 65 178 867 938
leaf_count=3780 71 909 65 178 867 938
internal_value=3.77181e-05 0.00202269 0.0123107 0.00149813 0.00265532 0.00194701
internal_weight=6808 3028 136 2892 1983 1805
internal_count=6808 3028 136 2892 1983 1805
is_linear=0
shrinkage=0.01


Tree=275
num_leaves=7
num_cat=0
split_feature=0 2 2 0 5 8
split_gain=233.096 162.485 93.461 98.7404 80.8587 77.6956
threshold=1.0371555275104967 0.51723416522362686 0.6628741947479585 1.2607249096886839 1.6610386801985844 924.00000000000011
decision_type=2 2 2 2 2 2
left_child=1 4 5 -4 -1 -2
right_child=2 -3 3 -5 -6 -7
leaf_value=0.0011067059160660233 0.015495117997869533 -0.0019784218309097149 -0.0046742023299165191 0.0068548311786873952 0.012700681325889402 0.0053325893046955262
leaf_weight=2196 84 3668 171 116 52 521
leaf_count=2196 84 3668 171 116 52 521
internal_value=3.78445e-05 -0.000683058 0.00477364 5.95222e-05 0.00142995 0.0069726
internal_weight=6808 5916 892 287 2248 605
internal_count=6808 5916 892 287 2248 605
is_linear=0
shrinkage=0.01


Tree=276
num_leaves=7
num_cat=0
split_feature=12 7 2 17 9 10
split_gain=219.103 235.031 179.154 223.664 137.708 121.026
threshold=2.9727379293480429 26.538750000000004 0.4667717636802648 194.21333333333362 0.0069487483449950918 0.015215726706557865
decision_type=2 2 2 8 2 2
left_child=1 -1 3 -3 5 -4
right_child=-2 2 4 -5 -6 -7
leaf_value=-0.0014186768392498719 -0.0028470171652562721 0.021592824680991073 0.011048988779160109 0.0049897724170622345 0.014331918024941335 0.00025175146252109161
leaf_weight=2062 1890 83 100 748 69 1856
leaf_count=2062 1890 83 100 748 69 1856
internal_value=3.79771e-05 0.00115022 0.0030034 0.00688511 0.00138446 0.00085715
internal_weight=6808 4918 2856 831 2025 1956
internal_count=6808 4918 2856 831 2025 1956
is_linear=0
shrinkage=0.01


Tree=277
num_leaves=7
num_cat=0
split_feature=0 2 7 20 2 0
split_gain=226.107 157.244 207.36 239.861 91.2208 96.8346
threshold=1.0371555275104967 0.51723416522362686 353.03220000000005 27.700000000000021 0.6628741947479585 1.2607249096886839
decision_type=2 2 2 10 2 2
left_child=1 2 -1 -4 -2 -6
right_child=4 -3 3 -5 5 -7
leaf_value=0.00024928607997848384 0.0068749951372543971 -0.0019460165256908655 0.027206292795638243 0.0044331768722536699 -0.0046416468516980091 0.0067755713390689042
leaf_weight=1971 605 3668 50 227 171 116
leaf_count=1971 605 3668 50 227 171 116
internal_value=3.83006e-05 -0.000671713 0.00140694 0.00934857 0.00470256 4.57371e-05
internal_weight=6808 5916 2248 277 892 287
internal_count=6808 5916 2248 277 892 287
is_linear=0
shrinkage=0.01


Tree=278
num_leaves=7
num_cat=0
split_feature=0 2 9 11 14 22
split_gain=221.648 154.251 91.3289 85.8232 93.5073 66.6354
threshold=1.0371555275104967 0.51723416522362686 -0.0010083696688722962 0.016450621926446751 0.23626357998032446 -1.6999999999999884
decision_type=2 2 2 2 2 10
left_child=1 3 -2 4 -1 -4
right_child=2 -3 5 -5 -6 -7
leaf_value=0.011631513153724139 -0.00031822405666167886 -0.0019266092816778966 0.0013017045431185125 0.00058737071890494375 0.00089042762654713823 0.0086500353195692586
leaf_weight=149 261 3668 173 1930 169 458
leaf_count=149 261 3668 173 1930 169 458
internal_value=3.84889e-05 -0.000664491 0.00465653 0.00139429 0.00612438 0.0066871
internal_weight=6808 5916 892 2248 318 631
internal_count=6808 5916 892 2248 318 631
is_linear=0
shrinkage=0.01


Tree=279
num_leaves=7
num_cat=0
split_feature=0 0 15 4 4 16
split_gain=217.738 119.971 158.033 104.537 68.1686 73.2027
threshold=0.84523008673899469 1.2607249096886839 2.2109449738759293 0.21039105304115951 -0.11682583480647406 327.05000000000007
decision_type=2 2 2 2 2 10
left_child=-1 2 3 4 -2 -6
right_child=1 -3 -4 -5 5 -7
leaf_value=-0.0018844557471130556 -0.00094053413890711208 0.0089670823863489887 -0.0027166472554818219 0.010883029736578466 0.0037628705627493144 -0.0012589876204211678
leaf_weight=3152 623 204 773 128 1578 350
leaf_count=3152 623 204 773 128 1578 350
internal_value=3.84093e-05 0.00169681 0.00124251 0.00239074 0.0019238 0.00284943
internal_weight=6808 3656 3452 2679 2551 1928
internal_count=6808 3656 3452 2679 2551 1928
is_linear=0
shrinkage=0.01


Tree=280
num_leaves=7
num_cat=0
split_feature=1 4 8 8 17 19
split_gain=211.826 111.526 77.4706 92.1064 72.987 71.5586
threshold=1.1236768684925693 0.090972607033255992 1139.0000000000002 1119.5000000000002 208.63000000000019 291.28513716851006
decision_type=2 2 2 2 8 10
left_child=2 4 3 -1 -2 -3
right_child=1 5 -4 -5 -6 -7
leaf_value=-0.0022425103798837951 0.0044063246407338528 0.0082345216938341827 -0.002840885454368754 0.008684893877361901 0.00014059564161519278 0.0017504010790696321
leaf_weight=171 451 344 2282 126 3093 341
leaf_count=171 451 344 2282 126 3093 341
internal_value=3.82718e-05 0.00141472 -0.00221555 0.00252525 0.000694312 0.00507829
internal_weight=6808 4229 2579 297 3544 685
internal_count=6808 4229 2579 297 3544 685
is_linear=0
shrinkage=0.01


Tree=281
num_leaves=7
num_cat=0
split_feature=0 2 15 21 1 1
split_gain=211.615 149.135 124.249 104.428 74.2756 70.1464
threshold=1.0371555275104967 0.51723416522362686 0.74691187563582562 17.926666666666687 1.3431542983752449 0.92703022936327906
decision_type=2 2 2 8 2 2
left_child=1 5 -2 -4 -3 -1
right_child=2 4 3 -5 -6 -7
leaf_value=-0.0041289039157878307 0.0092935734415703804 -0.0028367489066543909 0.0048031800103869853 -0.0040319581319229296 0.00024076401115173522 0.0019335463071137786
leaf_weight=201 333 2537 358 201 1131 2047
leaf_count=201 333 2537 358 201 1131 2047
internal_value=3.8155e-05 -0.000648731 0.00455047 0.0016113 -0.00188975 0.0013756
internal_weight=6808 5916 892 559 3668 2248
internal_count=6808 5916 892 559 3668 2248
is_linear=0
shrinkage=0.01


Tree=282
num_leaves=7
num_cat=0
split_feature=1 7 4 4 7 5
split_gain=204.553 162.605 108.845 69.2335 67.0713 105.536
threshold=1.1236768684925693 1697.5800000000002 -0.096943207104306747 -0.14451455089828472 15.600150000000001 1.4625644631932502
decision_type=2 2 2 2 2 2
left_child=1 -1 -2 -3 -4 -6
right_child=2 3 4 -5 5 -7
leaf_value=-0.0027363336061890196 -0.00067404317167183759 0.00025119727775745559 -7.1774333511248723e-05 0.015233399292377577 0.0027010708610476514 0.0099092934304366668
leaf_weight=2462 1590 54 681 63 1735 223
leaf_count=2462 1590 54 681 63 1735 223
internal_value=3.78508e-05 -0.00217694 0.00139046 0.00888279 0.00263218 0.00356821
internal_weight=6808 2579 4229 117 2639 1958
internal_count=6808 2579 4229 117 2639 1958
is_linear=0
shrinkage=0.01


Tree=283
num_leaves=7
num_cat=0
split_feature=10 16 13 13 9 7
split_gain=202.044 131.645 152.148 126.743 83.7599 89.6645
threshold=0.020229433464281226 330.15000000000009 56.029617079247956 0.25968510979177462 0.0045154165104735969 207.53325000000004
decision_type=2 8 2 2 2 2
left_child=1 2 -1 -2 5 -5
right_child=3 -3 -4 4 -6 -7
leaf_value=0.010058497927948294 -0.0026412883812763945 -0.0066537846963513978 -0.0043517332051389961 -0.00086788108044990057 0.0042953670272699914 0.0027425136035929471
leaf_weight=405 1882 67 83 2996 493 882
leaf_count=405 1882 67 83 2996 493 882
internal_value=3.78333e-05 0.005765 0.00756941 -0.000478888 0.00045607 -4.18026e-05
internal_weight=6808 555 488 6253 4371 3878
internal_count=6808 555 488 6253 4371 3878
is_linear=0
shrinkage=0.01


Tree=284
num_leaves=7
num_cat=0
split_feature=1 2 5 16 14 15
split_gain=198.468 169.843 114.181 77.8523 77.8195 74.4746
threshold=1.043497136715003 0.28369280561307603 1.4625644631932502 318.9500000000001 2.6415040341048548 1.0937254148538693
decision_type=2 2 2 8 2 2
left_child=-1 -2 4 5 -3 -4
right_child=1 2 3 -5 -6 -7
leaf_value=-0.0027284477994231719 0.0073191965259646356 0.00052642245578167783 0.014708153600547844 -0.0010556996561586858 -0.0043563556210844245 0.0019072936709190525
leaf_weight=1870 392 3917 117 90 346 76
leaf_count=1870 392 3917 117 90 346 76
internal_value=3.74929e-05 0.00108834 0.00053617 0.00657472 0.000120851 0.0100097
internal_weight=6808 4938 4546 283 4263 193
internal_count=6808 4938 4546 283 4263 193
is_linear=0
shrinkage=0.01


Tree=285
num_leaves=7
num_cat=0
split_feature=0 15 15 5 21 14
split_gain=200.564 121.118 117.849 110.275 101.957 76.6768
threshold=1.0371555275104967 0.74691187563582562 2.2109449738759293 1.6723283689422437 17.926666666666687 0.17021881020370608
decision_type=2 2 2 2 8 2
left_child=2 -2 3 5 -3 -1
right_child=1 4 -4 -5 -6 -7
leaf_value=0.0022553945875335487 0.009112863132116485 0.0046843442709391444 -0.0023019863514077928 0.012237672964700415 -0.0040447973241032019 -0.0008564171536674974
leaf_weight=1240 333 358 2456 69 201 2151
leaf_count=1240 333 358 2456 69 201 2151
internal_value=3.73573e-05 0.00443026 -0.000631353 0.000557724 0.00152968 0.000284777
internal_weight=6808 892 5916 3460 559 3391
internal_count=6808 892 5916 3460 559 3391
is_linear=0
shrinkage=0.01


Tree=286
num_leaves=7
num_cat=0
split_feature=10 2 16 10 19 6
split_gain=193.607 168.113 128.35 83.8251 64.3008 49.2559
threshold=0.020229433464281226 0.29809015747477707 330.15000000000009 0.083037096791264808 296.88733848182932 1.0000000180025095e-35
decision_type=2 2 8 2 10 2
left_child=2 4 -1 5 -2 -3
right_child=1 3 -4 -5 -6 -7
leaf_value=0.0074257528453356546 0.0056744584917841068 -0.00011188497461146807 -0.0066154377307597687 -0.0041481541212010538 -0.003493623903993031 -0.0028857717592677633
leaf_weight=488 539 4153 67 732 82 747
leaf_count=488 539 4153 67 732 82 747
internal_value=3.7293e-05 -0.000468525 0.0056436 -0.00101528 0.00442768 -0.000539777
internal_weight=6808 6253 555 5632 621 4900
internal_count=6808 6253 555 5632 621 4900
is_linear=0
shrinkage=0.01


Tree=287
num_leaves=7
num_cat=0
split_feature=0 1 4 13 14 7
split_gain=195.097 128.565 130.478 106.804 95.8092 146.261
threshold=1.0371555275104967 0.92703022936327906 0.28227252034324135 11.795512369064053 0.54361967088576424 28.878750000000004
decision_type=2 2 2 2 2 2
left_child=1 -1 4 -2 5 -3
right_child=3 2 -4 -5 -6 -7
leaf_value=-0.0039727074228867419 0.0012837451366446767 -0.0014569041598931287 0.012774172893289146 0.0082447945006687822 -0.0014722232321112991 0.00363425630231057
leaf_weight=950 504 1025 69 388 2638 1234
leaf_count=950 504 1025 69 388 2638 1234
internal_value=3.68591e-05 -0.000622674 2.48858e-05 0.00436948 -0.000180421 0.00132795
internal_weight=6808 5916 4966 892 4897 2259
internal_count=6808 5916 4966 892 4897 2259
is_linear=0
shrinkage=0.01


Tree=288
num_leaves=7
num_cat=0
split_feature=10 2 14 10 2 15
split_gain=186.856 162.951 65.6927 74.4458 57.9565 50.2372
threshold=0.022009118257899463 0.51723416522362686 2.2110839337315658 0.016004421638187955 0.29809015747477707 6.6061610580194587
decision_type=2 2 2 2 2 2
left_child=2 4 3 -1 -2 -3
right_child=1 5 -4 -5 -6 -7
leaf_value=0.012187210493013136 0.0042081484985534027 -0.0010265999129973175 -0.0024200310079573557 0.00396894144600739 0.00059877660229880911 -0.0035026570527074224
leaf_weight=138 602 2613 106 511 1645 1193
leaf_count=138 602 2613 106 511 1645 1193
internal_value=3.67698e-05 -0.0005509 0.00469386 0.00587485 0.00158013 -0.00180987
internal_weight=6808 6053 755 649 2247 3806
internal_count=6808 6053 755 649 2247 3806
is_linear=0
shrinkage=0.01


Tree=289
num_leaves=7
num_cat=0
split_feature=0 4 13 12 7 3
split_gain=189.789 110.659 103.794 92.128 162.051 83.8447
threshold=1.0371555275104967 0.28227252034324135 11.795512369064053 0.0023971633962816502 24.653250000000003 0.2059652201193411
decision_type=2 2 2 2 2 2
left_child=1 3 5 4 -1 -2
right_child=2 -3 -4 -5 -6 -7
leaf_value=-0.0020212981468334863 0.0090562124442685084 0.010717049137415256 0.0081302006839161466 -0.0021284845651004325 0.0025157565114265514 -0.00080826432377952776
leaf_weight=1474 99 75 388 2700 1667 405
leaf_count=1474 99 75 388 2700 1667 405
internal_value=3.66076e-05 -0.000613892 0.00430989 -0.000777453 0.000386962 0.00126789
internal_weight=6808 5916 892 5841 3141 504
internal_count=6808 5916 892 5841 3141 504
is_linear=0
shrinkage=0.01


Tree=290
num_leaves=7
num_cat=0
split_feature=1 10 18 14 19 8
split_gain=184.895 106.01 84.738 82.4264 95.0245 72.1648
threshold=1.1236768684925693 0.020229433464281226 0.016746465958057712 2.2110839337315658 293.79940550838501 1139.0000000000002
decision_type=2 2 2 2 10 2
left_child=5 3 -3 4 -2 -1
right_child=1 2 -4 -5 -6 -7
leaf_value=0.0025053261483887496 0.0091827617784355359 8.1444715613706748e-05 0.004348522271671428 -0.0028394791036127852 -0.0030530626034180144 -0.0026727547512142929
leaf_weight=297 373 3155 536 94 71 2282
leaf_count=297 373 3155 536 94 71 2282
internal_value=3.6615e-05 0.00132259 0.000711177 0.00542773 0.00720198 -0.00206907
internal_weight=6808 4229 3691 538 444 2579
internal_count=6808 4229 3691 538 444 2579
is_linear=0
shrinkage=0.01


Tree=291
num_leaves=7
num_cat=0
split_feature=1 9 10 7 18 7
split_gain=181.484 116.343 92.7575 89.2741 88.2353 78.068
threshold=1.0410771753502324 0.0045154165104735969 0.019955804785169399 1697.5800000000002 0.0078375534055355033 207.53325000000004
decision_type=2 2 2 2 2 2
left_child=3 2 -2 -1 -4 -6
right_child=1 -3 4 -5 5 -7
leaf_value=-0.0031122664624225172 0.0052532455364208931 0.0048867626298500014 -0.001855634830821721 0.0073034566934702221 0.00018784960075301826 0.004453542940783416
leaf_weight=1762 354 666 1570 77 1828 551
leaf_count=1762 354 666 1570 77 1828 551
internal_value=3.63596e-05 0.00102981 0.000422904 -0.00263901 -2.22778e-05 0.00119033
internal_weight=6808 4969 4303 1839 3949 2379
internal_count=6808 4969 4303 1839 3949 2379
is_linear=0
shrinkage=0.01


Tree=292
num_leaves=7
num_cat=0
split_feature=12 17 2 9 21 13
split_gain=179.969 137.359 232.235 95.019 78.0633 68.7788
threshold=2.9727379293480429 213.16166666666678 0.38072430452038081 0.0040451177732385895 11.057500000000035 55.669639344324075
decision_type=2 8 2 2 8 2
left_child=1 2 -1 -3 -5 -6
right_child=-2 3 -4 4 5 -7
leaf_value=0.021596880860721011 -0.0025784397569576919 -0.00021174156068068392 0.0030351828669963198 -0.0056583052574424074 0.0068396088455852716 -0.00065120426905637533
leaf_weight=69 1890 3656 495 70 465 163
leaf_count=69 1890 3656 495 70 465 163
internal_value=3.6247e-05 0.00104427 0.00564272 0.000437041 0.00379024 0.0049156
internal_weight=6808 4918 564 4354 698 628
internal_count=6808 4918 564 4354 698 628
is_linear=0
shrinkage=0.01


Tree=293
num_leaves=7
num_cat=0
split_feature=1 9 6 1 18 15
split_gain=176.905 125.295 90.0278 116.71 91.8883 65.2037
threshold=1.1236768684925693 0.0073465637543598554 1.0000000180025095e-35 1.8799085618592681 0.0099415844050596003 0.14119119463727667
decision_type=2 2 2 2 2 2
left_child=-1 2 3 4 -2 -6
right_child=1 -3 -4 -5 5 -7
leaf_value=-0.0020234692124282967 -0.00073636023519615447 0.0091684475430490082 -0.0025336135945571909 0.0062508705829501998 -0.0007865482317109437 0.0041668344794430984
leaf_weight=2579 1657 183 629 449 364 947
leaf_count=2579 1657 183 629 449 364 947
internal_value=3.62127e-05 0.00129409 0.00091621 0.00155679 0.000828065 0.00279598
internal_weight=6808 4229 4046 3417 2968 1311
internal_count=6808 4229 4046 3417 2968 1311
is_linear=0
shrinkage=0.01


Tree=294
num_leaves=7
num_cat=0
split_feature=0 15 15 17 17 0
split_gain=178.603 113.507 105.066 102.174 83.3895 89.136
threshold=1.0371555275104967 0.74691187563582562 6.6061610580194587 265.21666666666755 213.16166666666678 1.2607249096886839
decision_type=2 2 2 10 8 2
left_child=2 3 -1 -2 -3 -6
right_child=1 4 -4 -5 5 -7
leaf_value=0.00012692218031348502 0.0035097314036072486 0.0095194238543655114 -0.0030500101514557587 0.014727381846057073 -0.0033515664130787958 0.0058225978042882607
leaf_weight=4579 187 93 1337 146 320 146
leaf_count=4579 187 93 1337 146 320 146
internal_value=3.60487e-05 0.00418148 -0.000594991 0.00871396 0.00137576 -0.000415319
internal_weight=6808 892 5916 333 559 466
internal_count=6808 892 5916 333 559 466
is_linear=0
shrinkage=0.01


Tree=295
num_leaves=7
num_cat=0
split_feature=0 15 4 15 14 16
split_gain=175.301 111.346 105.665 90.5552 70.5261 76.5812
threshold=1.0371555275104967 0.74691187563582562 0.28227252034324135 2.2109449738759293 0.17021881020370608 225.55000000000004
decision_type=2 2 2 2 2 8
left_child=2 -2 3 4 5 -1
right_child=1 -3 -4 -5 -6 -7
leaf_value=0.0064780154515254188 0.0086321384520283515 0.0013641123648533216 0.010483108554583263 -0.0022194071099336378 -0.00078602180804495368 0.00075695608171609866
leaf_weight=303 333 559 75 2431 2167 940
leaf_count=303 333 559 75 2431 2167 940
internal_value=3.60887e-05 0.00414302 -0.000589091 -0.000748934 0.000302795 0.00219212
internal_weight=6808 892 5916 5841 3410 1243
internal_count=6808 892 5916 5841 3410 1243
is_linear=0
shrinkage=0.01


Tree=296
num_leaves=7
num_cat=0
split_feature=0 1 13 3 0 1
split_gain=171.875 118.533 98.2584 80.2952 105.089 88.8147
threshold=1.0371555275104967 0.92703022936327906 11.795512369064053 0.2059652201193411 1.2607249096886839 1.5633349609346177
decision_type=2 2 2 2 2 2
left_child=1 -1 3 -2 5 -5
right_child=2 -3 -4 4 -6 -7
leaf_value=-0.0037996254250077378 0.0087674534932599153 3.8800279916361629e-05 0.0078193388966639917 0.0033214756664043917 0.0055702561859931774 -0.0087313817109809164
leaf_weight=950 99 4966 388 86 149 170
leaf_count=950 99 4966 388 86 149 170
internal_value=3.60902e-05 -0.000582951 0.0041027 0.00114501 -0.000884618 -0.00470973
internal_weight=6808 5916 892 504 405 256
internal_count=6808 5916 892 504 405 256
is_linear=0
shrinkage=0.01


Tree=297
num_leaves=7
num_cat=0
split_feature=10 7 21 3 4 0
split_gain=168.692 148.131 192.327 100.752 78.1377 70.5752
threshold=0.030029870466207469 683.67465000000004 11.38333333333336 0.34045788908701191 -0.016752666283003634 1.2607249096886839
decision_type=2 2 10 2 2 2
left_child=1 5 -3 -4 -2 -1
right_child=4 2 3 -5 -6 -7
leaf_value=0.00087583849543938926 -0.0016247274351910662 0.0216316004028154 0.0079540181198510633 -0.0069545973580219409 0.001786616316737691 0.0096003783087493209
leaf_weight=1794 3854 76 135 57 804 88
leaf_count=1794 3854 76 135 57 804 88
internal_value=3.59197e-05 0.00234655 0.00916436 0.00340284 -0.00103334 0.00133237
internal_weight=6808 2150 268 192 4658 1882
internal_count=6808 2150 268 192 4658 1882
is_linear=0
shrinkage=0.01


Tree=298
num_leaves=7
num_cat=0
split_feature=12 0 2 4 19 19
split_gain=168.376 154.471 117.686 104.121 50.6548 41.3772
threshold=2.9727379293480429 1.0919734460317689 0.28369280561307603 0.24992486666050243 296.88733848182932 283.39238378575334
decision_type=2 2 2 2 10 10
left_child=1 2 4 -4 -1 -3
right_child=-2 5 3 -5 -6 -7
leaf_value=0.0062497956523250801 -0.0024930195609723393 -0.00053564102134921331 -0.00045038648604605751 0.0094612900663269776 -0.0032688781388980504 0.0072881671903247481
leaf_weight=417 1890 78 3826 99 58 440
leaf_count=417 1890 78 3826 99 58 440
internal_value=3.60485e-05 0.00101106 0.00039682 -0.000176976 0.00504408 0.00612223
internal_weight=6808 4918 4400 3925 475 518
internal_count=6808 4918 4400 3925 475 518
is_linear=0
shrinkage=0.01


Tree=299
num_leaves=7
num_cat=0
split_feature=15 7 2 7 21 9
split_gain=164.458 157.557 162.79 160.465 218.501 116.192
threshold=6.6061610580194587 24.653250000000003 0.4667717636802648 683.67465000000004 17.667500000000029 0.0069487483449950918
decision_type=2 2 2 2 10 2
left_child=1 -1 3 -3 -5 -4
right_child=-2 2 5 4 -6 -7
leaf_value=-0.0012901397258947701 -0.0030717501207610347 0.0033476436927341799 0.00034082193050170617 0.024914397288073778 0.004372916293444393 0.011571904028144975
leaf_weight=2153 1353 707 2297 83 129 86
leaf_count=2153 1353 707 2297 83 129 86
internal_value=3.59264e-05 0.000810932 0.00218065 0.00573212 0.0131751 0.000792804
internal_weight=6808 5455 3302 919 212 2383
internal_count=6808 5455 3302 919 212 2383
is_linear=0
shrinkage=0.01


Tree=300
num_leaves=7
num_cat=0
split_feature=1 2 0 4 2 11
split_gain=164.496 153.331 131.938 84.8951 63.0831 84.0431
threshold=1.043497136715003 0.28369280561307603 1.2607249096886839 0.17638752312695025 0.69483561943822048 0.009294042506698014
decision_type=2 2 2 2 2 2
left_child=-1 -2 3 4 5 -3
right_child=1 2 -4 -5 -6 -7
leaf_value=-0.0024819590745234002 0.0069129996590414182 0.0099122661817818876 0.0082098817290472137 0.0057044196097403915 -0.002282589819649951 0.00020383599183382755
leaf_weight=1870 392 82 200 244 1106 2914
leaf_count=1870 392 82 200 244 1106 2914
internal_value=3.61565e-05 0.000992845 0.000468299 9.40076e-05 -0.000252779 0.000501645
internal_weight=6808 4938 4546 4346 4102 2996
internal_count=6808 4938 4546 4346 4102 2996
is_linear=0
shrinkage=0.01


Tree=301
num_leaves=7
num_cat=0
split_feature=0 4 13 18 0 13
split_gain=159.658 100.585 96.025 101.369 111.472 78.0139
threshold=1.0371555275104967 0.28227252034324135 11.795512369064053 0.0096181328137069817 1.3659299429087797 55.669639344324075
decision_type=2 2 2 2 2 2
left_child=1 -1 3 4 -2 -4
right_child=2 -3 5 -5 -6 -7
leaf_value=-0.00071643543420421704 -0.0057610642177662449 0.010242215334273438 0.0095565671222701438 0.0070213205553591252 0.006677160934709451 -0.0022599129857533702
leaf_weight=5841 239 75 325 173 92 63
leaf_count=5841 239 75 325 173 92 63
internal_value=3.61789e-05 -0.000560458 0.00395559 0.00103398 -0.00220949 0.00762934
internal_weight=6808 5916 892 504 331 388
internal_count=6808 5916 892 504 331 388
is_linear=0
shrinkage=0.01


Tree=302
num_leaves=7
num_cat=0
split_feature=0 7 22 9 14 8
split_gain=157.291 161.476 90.5402 89.9046 62.7442 62.16
threshold=0.94962617417715733 1697.5800000000002 14.700000000000019 -0.0041900774325618079 3.4221008874193406 924.00000000000011
decision_type=2 2 8 2 2 2
left_child=1 4 5 -3 -1 -2
right_child=2 3 -4 -5 -6 -7
leaf_value=-0.00078217097798243614 0.0082911135647065325 0.00044190637246869949 -0.0050379916914814228 0.015148765802383423 -0.0041468676849662116 0.0024196245333766692
leaf_weight=4158 198 75 138 85 631 1523
leaf_count=4158 198 75 138 85 631 1523
internal_value=3.61803e-05 -0.000895652 0.00250841 0.00868644 -0.00123322 0.00313913
internal_weight=6808 4949 1859 160 4789 1721
internal_count=6808 4949 1859 160 4789 1721
is_linear=0
shrinkage=0.01


Tree=303
num_leaves=7
num_cat=0
split_feature=2 17 0 20 7 2
split_gain=158.991 189.504 147.949 61.2357 102.078 60.9584
threshold=0.39621381905628006 194.21333333333362 1.2607249096886839 37.800000000000018 683.67465000000004 0.69483561943822048
decision_type=2 8 2 8 2 2
left_child=1 -1 5 4 -3 -2
right_child=2 3 -4 -5 -6 -7
leaf_value=0.017630357667360277 -0.0002189310103409651 0.0019994319406613972 0.0078433689961363521 -0.0058136606896701075 0.015310759268334655 -0.0024467201016200751
leaf_weight=74 3293 1173 184 82 51 1951
leaf_count=74 3293 1173 184 82 51 1951
internal_value=3.60581e-05 0.00305423 -0.000735479 0.00210063 0.00267365 -0.00105085
internal_weight=6808 1380 5428 1306 1224 5244
internal_count=6808 1380 5428 1306 1224 5244
is_linear=0
shrinkage=0.01


Tree=304
num_leaves=7
num_cat=0
split_feature=10 14 13 20 0 4
split_gain=155.961 95.7518 85.1884 257.67 88.3008 71.2155
threshold=0.024186181654504809 2.6415040341048548 0.2897988112382342 32.800000000000018 1.2607249096886839 0.03612386338173728
decision_type=2 2 2 10 2 2
left_child=2 5 3 -1 -4 -2
right_child=1 -3 4 -5 -6 -7
leaf_value=0.023078182228889906 -0.00055995581887406068 -0.0035704705275400113 0.0015427784711626166 -0.0046357475019131716 0.012801542985007953 0.0028752523961923545
leaf_weight=66 4112 915 897 55 66 697
leaf_count=66 4112 915 897 55 66 697
internal_value=3.62006e-05 -0.000624001 0.00349619 0.0110887 0.00243804 -5.71352e-05
internal_weight=6808 5724 1084 121 963 4809
internal_count=6808 5724 1084 121 963 4809
is_linear=0
shrinkage=0.01


Tree=305
num_leaves=7
num_cat=0
split_feature=12 7 17 7 4 10
split_gain=155.299 193.968 155.124 147.109 129.012 91.6407
threshold=2.9727379293480429 26.538750000000004 215.22333333333282 1697.5800000000002 0.031888367206669981 0.025942626148776217
decision_type=2 2 10 2 2 2
left_child=1 -1 3 -3 -4 -5
right_child=-2 2 4 5 -6 -7
leaf_value=-0.0013607978408025645 -0.0023925754898411564 0.0038445918768799554 0.00031385116165577267 0.025668946760706603 0.0055954654262631368 0.0081764602516480583
leaf_weight=2062 1890 290 1817 54 611 84
leaf_count=2062 1890 290 1817 54 611 84
internal_value=3.63011e-05 0.000972686 0.0026563 0.00813876 0.00166046 0.0162932
internal_weight=6808 4918 2856 428 2428 138
internal_count=6808 4918 2856 428 2428 138
is_linear=0
shrinkage=0.01


Tree=306
num_leaves=7
num_cat=0
split_feature=15 0 17 14 4 13
split_gain=151 126.992 93.6288 214.683 120.113 90.4407
threshold=6.6061610580194587 1.0919734460317689 208.63000000000019 0.090469444658597367 -0.11988492087188533 11.106882787215726
decision_type=2 2 8 2 2 2
left_child=1 2 3 4 -1 -5
right_child=-2 -3 -4 5 -6 -7
leaf_value=0.005860817512026527 -0.002941283864320699 0.0053828847735108466 -0.00018723964965891273 -0.0033498709196385797 0.025372811444103718 0.006988348252204961
leaf_weight=81 1353 530 4437 236 52 119
leaf_count=81 1353 530 4437 236 52 119
internal_value=3.65225e-05 0.000779136 0.000273804 0.0043853 0.0147304 0.000212133
internal_weight=6808 5455 4925 488 133 355
internal_count=6808 5455 4925 488 133 355
is_linear=0
shrinkage=0.01


Tree=307
num_leaves=7
num_cat=0
split_feature=2 0 7 15 5 17
split_gain=154.437 147.137 99.3267 94.6965 112.669 74.3074
threshold=0.29809015747477707 1.2607249096886839 683.67465000000004 2.2109449738759293 1.5328994388839019 215.22333333333282
decision_type=2 2 2 2 2 8
left_child=2 3 -1 4 5 -2
right_child=1 -3 -4 -5 -6 -7
leaf_value=0.0030189042345459072 0.0036600678074961519 0.0077314276264251192 0.014371956472213452 -0.0022342300374759688 0.0086538905059137649 -0.0006636474299808702
leaf_weight=572 451 202 81 2482 145 2875
leaf_count=572 451 202 81 2482 145 2875
internal_value=3.67018e-05 -0.000456548 0.0046227 -0.000746886 0.000320029 -6.8145e-05
internal_weight=6808 6155 653 5953 3471 3326
internal_count=6808 6155 653 5953 3471 3326
is_linear=0
shrinkage=0.01


Tree=308
num_leaves=7
num_cat=0
split_feature=1 10 13 16 9 16
split_gain=152.893 101.749 119.665 140.055 81.7929 77.6447
threshold=0.99980632471583386 0.020229433464281226 58.523287365416401 330.15000000000009 0.0045154165104735969 233.85000000000005
decision_type=2 2 2 8 2 10
left_child=-1 2 3 -2 -3 -6
right_child=1 4 -4 -5 5 -7
leaf_value=-0.0028501325205381785 0.0087374781239157283 -0.00011133666135866678 -0.0069110848517580474 -0.0064879387811030429 0.011862700422050305 0.0021184501311614771
leaf_weight=1436 414 4305 67 63 93 430
leaf_count=1436 414 4305 67 63 93 430
internal_value=3.68414e-05 0.000812426 0.00487169 0.00663464 0.000345919 0.00404123
internal_weight=6808 5372 544 477 4828 523
internal_count=6808 5372 544 477 4828 523
is_linear=0
shrinkage=0.01


Tree=309
num_leaves=7
num_cat=0
split_feature=2 0 10 16 16 14
split_gain=151.192 143.461 97.4352 69.4619 60.5978 52.0741
threshold=0.29809015747477707 1.2607249096886839 0.024186181654504809 225.55000000000004 320.9500000000001 3.4221008874193406
decision_type=2 2 2 8 8 2
left_child=3 2 4 -1 -2 -4
right_child=1 -3 5 -5 -6 -7
leaf_value=0.012547295489593555 0.0033803668633600515 0.007633587194184931 -0.00090354330605733695 0.0031845165068641384 -0.0030212179397273325 -0.0039640345778432853
leaf_weight=85 774 202 4376 568 174 629
leaf_count=85 774 202 4376 568 174 629
internal_value=3.65662e-05 -0.000451474 -0.000738161 0.00457412 0.00218612 -0.00129531
internal_weight=6808 6155 5953 653 948 5005
internal_count=6808 6155 5953 653 948 5005
is_linear=0
shrinkage=0.01


Tree=310
num_leaves=7
num_cat=0
split_feature=0 9 8 8 8 20
split_gain=140.949 93.2561 102.524 191.626 93.4461 83.2344
threshold=0.84523008673899469 -0.001671017565069415 1413.5000000000002 1181.5000000000002 1574.5000000000002 38.300000000000018
decision_type=2 2 2 2 2 10
left_child=-1 -2 3 5 -4 -3
right_child=1 2 4 -5 -6 -7
leaf_value=-0.0015106079355863414 -0.00087445067956881998 0.0054310130007068818 -0.003605393137233133 0.020531156202660331 0.0023099161236717993 -0.0045606277350452732
leaf_weight=3152 1225 493 317 69 1460 92
leaf_count=3152 1225 493 317 69 1460 92
internal_value=3.64771e-05 0.00137077 0.0025011 0.00585629 0.00124041 0.00380944
internal_weight=6808 3656 2431 654 1777 585
internal_count=6808 3656 2431 654 1777 585
is_linear=0
shrinkage=0.01


Tree=311
num_leaves=7
num_cat=0
split_feature=2 1 9 13 11 13
split_gain=147.747 145.479 116.222 93.5769 128.487 66.1302
threshold=0.39621381905628006 1.4763982188948668 0.0069487483449950918 18.64550968658374 0.019029298680714544 14.336054348101307
decision_type=2 2 2 2 2 2
left_child=3 -2 5 4 -1 -3
right_child=1 2 -4 -5 -6 -7
leaf_value=0.013314728496223689 -0.001755791486610526 -0.00069604359233091623 0.011960314817568462 -0.00063133627331186492 0.0031112648083925984 0.0035505341580598154
leaf_weight=140 3847 858 96 477 763 627
leaf_count=140 3847 858 96 477 763 627
internal_value=3.63723e-05 -0.000707387 0.00183867 0.00294587 0.00482171 0.00110871
internal_weight=6808 5428 1581 1380 903 1485
internal_count=6808 5428 1581 1380 903 1485
is_linear=0
shrinkage=0.01


Tree=312
num_leaves=7
num_cat=0
split_feature=4 8 16 13 13 8
split_gain=132.2 78.0662 109.613 126.571 69.1963 74.7422
threshold=-0.068759918584266208 1447.0000000000002 272.55000000000007 0.25968510979177462 0.36440570371366515 1128.5000000000002
decision_type=2 2 8 2 2 2
left_child=-1 2 3 -2 -4 -6
right_child=1 -3 4 -5 5 -7
leaf_value=-0.0012094066566606433 -0.0032394907050835552 0.00063716830864688509 -0.0034345213922199985 0.013059431998979494 0.001859367394912988 0.013670223725042237
leaf_weight=3780 57 2248 174 202 290 57
leaf_count=3780 57 2248 174 202 290 57
internal_value=3.64318e-05 0.00159053 0.00429534 0.00948533 0.00158524 0.00412805
internal_weight=6808 3028 780 259 521 347
internal_count=6808 3028 780 259 521 347
is_linear=0
shrinkage=0.01


Tree=313
num_leaves=7
num_cat=0
split_feature=2 1 9 11 17 2
split_gain=145.263 172.768 113.321 78.1898 73.4433 51.2529
threshold=0.29809015747477707 1.2567171091450702 0.0094679936677383916 0.011130594959556159 255.01833333333292 0.69240320152219403
decision_type=2 2 2 2 8 2
left_child=4 -2 3 5 -1 -3
right_child=1 2 -4 -5 -6 -7
leaf_value=0.010891129981700174 -0.0020510418026818853 0.0081434363796350755 0.01319591504855989 0.00022876149646893941 0.0026862706124024878 0.0015920270278408962
leaf_weight=132 3196 214 68 2408 521 269
leaf_count=132 3196 214 68 2408 521 269
internal_value=3.63805e-05 -0.000441996 0.00129698 0.000972579 0.00448409 0.00460102
internal_weight=6808 6155 2959 2891 653 483
internal_count=6808 6155 2959 2891 653 483
is_linear=0
shrinkage=0.01


Tree=314
num_leaves=7
num_cat=0
split_feature=1 2 0 4 19 6
split_gain=143.487 123.619 118.497 73.9433 77.4949 74.8123
threshold=0.99980632471583386 0.29809015747477707 1.2607249096886839 0.17638752312695025 291.28513716851006 1.0000000180025095e-35
decision_type=2 2 2 2 10 2
left_child=-1 -2 3 5 -5 -3
right_child=1 2 -4 4 -6 -7
leaf_value=-0.0027602343183889327 0.0052938518207945899 0.00014614927943994881 0.0076247255263761395 0.011664624929288839 0.00046104992232933828 -0.0037250688413558819
leaf_weight=1436 537 3826 200 97 148 564
leaf_count=1436 537 3826 200 97 148 564
internal_value=3.65254e-05 0.000787872 0.000277522 -5.52422e-05 0.00518024 -0.000358537
internal_weight=6808 5372 4835 4635 245 4390
internal_count=6808 5372 4835 4635 245 4390
is_linear=0
shrinkage=0.01


Tree=315
num_leaves=7
num_cat=0
split_feature=12 0 4 19 8 16
split_gain=138.318 124.57 84.9477 98.5308 62.8313 62.8021
threshold=2.9727379293480429 1.0919734460317689 0.24992486666050243 292.91496302720492 1471.5000000000002 209.55000000000004
decision_type=2 2 2 10 2 10
left_child=1 2 -1 -4 5 -3
right_child=-2 4 3 -5 -6 -7
leaf_value=0.00014006848591407951 -0.0022558093019427218 0.0017814917381852866 0.017127413826528937 -0.0011914219022277862 0.0027916982701196723 0.014160620146722067
leaf_weight=4294 1890 65 54 52 335 118
leaf_count=4294 1890 65 54 52 335 118
internal_value=3.64345e-05 0.00092014 0.000368513 0.00881281 0.00551005 0.0100838
internal_weight=6808 4918 4400 106 518 183
internal_count=6808 4918 4400 106 518 183
is_linear=0
shrinkage=0.01


Tree=316
num_leaves=7
num_cat=0
split_feature=2 1 16 8 6 20
split_gain=140.15 135.889 90.7148 185.319 62.683 73.7909
threshold=0.39621381905628006 1.4763982188948668 237.15000000000006 1447.0000000000002 1.0000000180025095e-35 40.10000000000003
decision_type=2 2 8 2 2 10
left_child=2 -2 3 -1 5 -3
right_child=1 4 -4 -5 -6 -7
leaf_value=0.019625639057738464 -0.0017010936225767593 0.003600975589313007 0.0016604638608691599 0.0016341127120627612 -0.001698420959585958 -0.0055861097768259548
leaf_weight=82 3847 1109 1141 157 386 86
leaf_count=82 3847 1109 1141 157 386 86
internal_value=3.65476e-05 -0.000687839 0.00287025 0.00834721 0.00177288 0.00289894
internal_weight=6808 5428 1380 239 1581 1195
internal_count=6808 5428 1380 239 1581 1195
is_linear=0
shrinkage=0.01


Tree=317
num_leaves=7
num_cat=0
split_feature=1 12 9 11 18 21
split_gain=138.583 91.1916 81.018 62.2064 72.8699 50.7902
threshold=0.99980632471583386 2.9727379293480429 0.0073465637543598554 0.011130594959556159 0.0092476956614456745 26.925000000000047
decision_type=2 2 2 2 2 8
left_child=-1 2 3 -2 5 -5
right_child=1 -3 -4 4 -6 -7
leaf_value=-0.0027121186380101988 0.0044675961772153369 -0.0017005215925487455 0.0076103372889052738 -0.00048209811880466687 0.0019198505333265945 -0.0077909910479816149
leaf_weight=1436 484 1158 194 1430 2014 92
leaf_count=1436 484 1158 194 1430 2014 92
internal_value=3.64394e-05 0.000774836 0.00145748 0.0011424 0.000675938 -0.000971868
internal_weight=6808 5372 4214 4020 3536 1522
internal_count=6808 5372 4214 4020 3536 1522
is_linear=0
shrinkage=0.01


Tree=318
num_leaves=7
num_cat=0
split_feature=15 10 8 8 7 19
split_gain=132.837 135.711 102.148 152.558 123.238 131.074
threshold=2.2109449738759293 0.030029870466207469 1456.0000000000002 1128.5000000000002 37.639800000000001 290.79771497773032
decision_type=2 2 2 2 2 10
left_child=1 2 3 4 -1 -6
right_child=-2 -3 -4 -5 5 -7
leaf_value=-0.0062897094863129189 -0.0016749493782500246 -0.00031173523496274376 0.0016459673096492176 0.018059437867680876 0.001909131860658849 0.014326622094171989
leaf_weight=81 2716 2460 1106 92 221 132
leaf_count=81 2716 2460 1106 92 221 132
internal_value=3.60942e-05 0.00117309 0.00339951 0.00698711 0.0042861 0.00681926
internal_weight=6808 4092 1632 526 434 353
internal_count=6808 4092 1632 526 434 353
is_linear=0
shrinkage=0.01


Tree=319
num_leaves=7
num_cat=0
split_feature=2 10 19 14 10 14
split_gain=136.868 123.031 64.3209 54.877 46.3105 54.0329
threshold=0.29809015747477707 0.024186181654504809 296.88733848182932 2.6415040341048548 0.015215726706557865 1.7242855917623501
decision_type=2 2 10 2 2 2
left_child=2 4 -1 -3 5 -2
right_child=1 3 -4 -5 -6 -7
leaf_value=0.0055678917980043494 0.012449328610673547 -0.00057543205775628138 -0.0033996519120167551 -0.0032781024908454825 0.0017967827606019983 0.0005530999898910523
leaf_weight=567 86 4237 86 905 862 65
leaf_count=567 86 4237 86 905 862 65
internal_value=3.6139e-05 -0.000428209 0.0043534 -0.00105655 0.00274038 0.00768086
internal_weight=6808 6155 653 5142 1013 151
internal_count=6808 6155 653 5142 1013 151
is_linear=0
shrinkage=0.01


Tree=320
num_leaves=7
num_cat=0
split_feature=2 10 15 14 11 15
split_gain=134.153 120.68 66.3374 53.7989 50.5523 49.29
threshold=0.29809015747477707 0.024186181654504809 1.9833379651541057 2.6415040341048548 0.019029298680714544 0.8625053431893106
decision_type=2 2 2 2 2 2
left_child=4 2 5 -3 -1 -2
right_child=1 3 -4 -5 -6 -7
leaf_value=0.013004259370988416 0.0027980856548246243 -0.00056969128317669725 -0.0019061043133016353 -0.0032456797105667331 0.0033574413992815124 0.0091371568822879584
leaf_weight=52 632 4237 233 905 601 148
leaf_count=52 632 4237 233 905 601 148
internal_value=3.597e-05 -0.00042375 0.00271443 -0.00104606 0.0043102 0.00410132
internal_weight=6808 6155 1013 5142 653 780
internal_count=6808 6155 1013 5142 653 780
is_linear=0
shrinkage=0.01


Tree=321
num_leaves=7
num_cat=0
split_feature=1 15 10 6 21 3
split_gain=132.858 82.3271 72.9485 74.4825 74.4315 61.3917
threshold=1.043497136715003 6.7356785747550196 0.016004421638187955 1.0000000180025095e-35 17.628333333333362 0.051618618182770248
decision_type=2 2 2 2 8 2
left_child=-1 2 -2 4 -4 -5
right_child=1 -3 3 5 -6 -7
leaf_value=-0.0022271080900685236 0.007327418092846265 -0.0025480740906472211 0.0029024596616078024 0.0048009515604054602 -4.0503386318540344e-05 -0.0033839427942287297
leaf_weight=1870 187 600 2029 101 1485 536
leaf_count=1870 187 600 2029 101 1485 536
internal_value=3.59414e-05 0.000895718 0.0013768 0.00109177 0.00166219 -0.00203204
internal_weight=6808 4938 4338 4151 3514 637
internal_count=6808 4938 4338 4151 3514 637
is_linear=0
shrinkage=0.01


Tree=322
num_leaves=7
num_cat=0
split_feature=2 17 11 15 15 13
split_gain=131.307 170.483 94.7928 55.0525 53.3346 52.92
threshold=0.39621381905628006 194.21333333333362 0.011130594959556159 3.6984602469826102 6.6061610580194587 18.64550968658374
decision_type=2 8 2 2 2 2
left_child=1 -1 3 -2 -4 -3
right_child=2 5 4 -5 -6 -7
leaf_value=0.016601949420624547 0.0054376081708570325 0.0033805337526984546 -0.00049440604060583279 -0.0013044213318853112 -0.0028909763636646604 -0.00078269108875908642
leaf_weight=74 365 832 3651 174 1238 474
leaf_count=74 365 832 3651 174 1238 474
internal_value=3.56822e-05 0.00277853 -0.000665478 0.00327703 -0.00110593 0.00187507
internal_weight=6808 1380 5428 539 4889 1306
internal_count=6808 1380 5428 539 4889 1306
is_linear=0
shrinkage=0.01


Tree=323
num_leaves=7
num_cat=0
split_feature=10 13 16 12 7 5
split_gain=124.116 118.437 133.726 85.0852 98.0367 80.9448
threshold=0.020229433464281226 58.523287365416401 330.15000000000009 2.9727379293480429 16.263000000000002 1.0460374646361117
decision_type=2 2 8 2 2 2
left_child=1 2 -1 4 -2 -6
right_child=3 -3 -4 -5 5 -7
leaf_value=0.0082541095640767236 -0.0016058314653463691 -0.0071938355784718086 -0.0065798099726846774 -0.0021499036379632338 0.00066505335692087554 0.0049233399708090682
leaf_weight=425 1567 67 63 1869 2270 547
leaf_count=425 1567 67 63 1869 2270 547
internal_value=3.56179e-05 0.0045244 0.0062454 -0.000369383 0.00039286 0.00150641
internal_weight=6808 555 488 6253 4384 2817
internal_count=6808 555 488 6253 4384 2817
is_linear=0
shrinkage=0.01


Tree=324
num_leaves=7
num_cat=0
split_feature=1 10 7 18 7 16
split_gain=129.124 89.8328 119.361 80.9732 141.427 256.461
threshold=0.92703022936327906 0.016004421638187955 79.123500000000021 0.0092476956614456745 683.67465000000004 272.55000000000007
decision_type=2 2 2 2 2 10
left_child=-1 2 -2 -3 -5 -6
right_child=1 3 -4 4 5 -7
leaf_value=-0.0033606313464421538 0.00096216869314737392 -0.00084225754505837236 0.016948972441159286 0.00082366179140044588 0.020943218725642154 0.00079155828678206114
leaf_weight=952 122 2815 67 2592 92 168
leaf_count=952 122 2815 67 2592 92 168
internal_value=3.52077e-05 0.000592051 0.00719637 0.000359503 0.00154447 0.00843372
internal_weight=6808 5856 189 5667 2852 260
internal_count=6808 5856 189 5667 2852 260
is_linear=0
shrinkage=0.01


Tree=325
num_leaves=7
num_cat=0
split_feature=2 11 9 2 6 11
split_gain=128.126 96.0659 74.0419 58.2497 52.4826 55.2715
threshold=0.29809015747477707 0.011130594959556159 0.0050390008728311087 0.6507983648385578 1.0000000180025095e-35 0.019029298680714544
decision_type=2 2 2 2 2 2
left_child=-1 3 4 -2 5 -3
right_child=1 2 -4 -5 -6 -7
leaf_value=0.0042125042393974972 0.0080232010808095576 0.00074671877316241436 0.0027600895073291295 0.0011828231971073699 -0.0036198260658084958 -0.0015968288248797225
leaf_weight=653 181 1567 518 370 740 2779
leaf_count=653 181 1567 518 370 740 2779
internal_value=3.53875e-05 -0.000413888 -0.000807539 0.00353281 -0.0011756 -0.000752062
internal_weight=6808 6155 5604 551 5086 4346
internal_count=6808 6155 5604 551 5086 4346
is_linear=0
shrinkage=0.01


Tree=326
num_leaves=7
num_cat=0
split_feature=2 5 17 17 13 13
split_gain=125.605 82.412 91.0804 68.742 68.6005 76.1696
threshold=0.29809015747477707 1.4625644631932502 312.83500000000055 255.01833333333292 56.029617079247956 36.662346299175617
decision_type=2 2 8 8 2 2
left_child=3 -2 4 -1 5 -3
right_child=1 2 -4 -5 -6 -7
leaf_value=0.010365865877632734 -0.00068128718973692651 0.0049757065800711134 -0.0068104050320680022 0.0024358375137934914 -0.002352626210321551 0.018285991075597165
leaf_weight=132 5840 146 51 521 59 59
leaf_count=132 5840 146 51 521 59 59
internal_value=3.52054e-05 -0.000409627 0.00449285 0.00417101 0.0068453 0.00947881
internal_weight=6808 6155 315 653 264 205
internal_count=6808 6155 315 653 264 205
is_linear=0
shrinkage=0.01


Tree=327
num_leaves=7
num_cat=0
split_feature=2 7 20 10 7 12
split_gain=123.643 158.779 292.982 71.5315 72.1102 58.7744
threshold=0.39621381905628006 683.67465000000004 38.200000000000024 0.030029870466207469 17.409150000000004 0.0079365820836721519
decision_type=2 2 10 2 2 2
left_child=1 -1 -3 4 -2 -6
right_child=3 2 -4 -5 5 -7
leaf_value=0.0014395910187414926 -0.0028500819809662587 0.021177669601394365 -0.0062460935371927914 -0.0013938686491695427 0.0036647219644102931 -0.00092773491609024136
leaf_weight=1224 351 102 54 3805 869 403
leaf_count=1224 351 102 54 3805 869 403
internal_value=3.52379e-05 0.00269684 0.0118804 -0.000645155 0.00110793 0.00221383
internal_weight=6808 1380 156 5428 1623 1272
internal_count=6808 1380 156 5428 1623 1272
is_linear=0
shrinkage=0.01


Tree=328
num_leaves=7
num_cat=0
split_feature=2 15 7 4 7 14
split_gain=121.555 92.7508 109.126 109.633 91.0595 69.2882
threshold=0.29809015747477707 6.6061610580194587 24.653250000000003 0.18656624285611448 683.67465000000004 0.53559369914270161
decision_type=2 2 2 2 2 2
left_child=4 2 -2 -4 -1 -5
right_child=1 -3 3 5 -6 -7
leaf_value=0.0025750282297832606 -0.0016945393180407583 -0.0027278524887211614 0.00087406941574126324 0.016202629360360897 0.013429499026183242 0.0038743536513956155
leaf_weight=572 1806 1332 2810 64 81 143
leaf_count=572 1806 1332 2810 64 81 143
internal_value=3.51035e-05 -0.0004025 0.000244023 0.00140623 0.0041037 0.00825701
internal_weight=6808 6155 4823 3017 653 207
internal_count=6808 6155 4823 3017 653 207
is_linear=0
shrinkage=0.01


Tree=329
num_leaves=7
num_cat=0
split_feature=1 0 18 13 0 1
split_gain=123.821 93.3266 67.3788 76.1682 88.7801 82.6827
threshold=1.1236768684925693 1.2607249096886839 0.0092476956614456745 16.265073570448624 1.0704508661320939 1.7344127038147858
decision_type=2 2 2 2 2 2
left_child=-1 2 3 4 -2 -5
right_child=1 -3 -4 5 -6 -7
leaf_value=-0.0016879422051838194 -0.00097735582261200267 0.0075563812728522053 0.0021712476627726573 -0.00071099051011402632 -0.0089102920615663807 0.0054110329533306259
leaf_weight=2579 1170 202 1810 531 151 365
leaf_count=2579 1170 202 1810 531 151 365
internal_value=3.52297e-05 0.00108759 0.000745188 -0.000423595 -0.00194428 0.00181511
internal_weight=6808 4229 4027 2217 1321 896
internal_count=6808 4229 4027 2217 1321 896
is_linear=0
shrinkage=0.01


Tree=330
num_leaves=7
num_cat=0
split_feature=1 2 13 18 1 13
split_gain=122.314 111.553 87.4368 104.193 79.4663 90.2042
threshold=0.92703022936327906 0.39621381905628006 18.64550968658374 0.012060626083581881 1.4763982188948668 36.662346299175617
decision_type=2 2 2 2 2 2
left_child=-1 2 3 -2 -3 -6
right_child=1 4 -4 -5 5 -7
leaf_value=-0.0032701615547504653 0.014528974917473146 -0.0011145654352259105 -0.00043866493704856815 0.0036840712639616999 0.00052888537894732772 0.0067264478358453087
leaf_weight=952 93 2990 441 751 1304 277
leaf_count=952 93 2990 441 751 1304 277
internal_value=3.49192e-05 0.000576879 0.00316774 0.0050352 -0.000156789 0.00165019
internal_weight=6808 5856 1285 844 4571 1581
internal_count=6808 5856 1285 844 4571 1581
is_linear=0
shrinkage=0.01


Tree=331
num_leaves=7
num_cat=0
split_feature=12 7 17 7 9 19
split_gain=113.474 168.327 137.475 134.678 107.284 83.9188
threshold=2.9727379293480429 26.538750000000004 215.22333333333282 1697.5800000000002 0.0073465637543598554 290.0095832340034
decision_type=2 2 10 2 2 10
left_child=1 -1 3 -3 5 -4
right_child=-2 2 4 -5 -6 -7
leaf_value=-0.0013382756062989502 -0.0020413373065211711 0.0034653334404186661 -0.0015948478110674863 0.015362203479366931 0.0121256183629221 0.002389576921763485
leaf_weight=2062 1890 290 789 138 81 1558
leaf_count=2062 1890 290 789 138 81 1558
internal_value=3.48728e-05 0.000835289 0.00240377 0.0075644 0.00146678 0.00104903
internal_weight=6808 4918 2856 428 2428 2347
internal_count=6808 4918 2856 428 2428 2347
is_linear=0
shrinkage=0.01


Tree=332
num_leaves=7
num_cat=0
split_feature=1 12 7 20 7 3
split_gain=119.249 91.7912 138.219 106.639 141.262 274.671
threshold=0.92703022936327906 2.9727379293480429 26.538750000000004 38.200000000000024 683.67465000000004 0.14846700206618982
decision_type=2 2 2 10 2 2
left_child=-1 2 -2 4 -4 -6
right_child=1 -3 3 -5 5 -7
leaf_value=-0.0032284626663672661 -0.00087859761273940365 -0.0016650620107552295 0.0023948915965869245 -0.0029984779813468959 0.026482894533892742 0.0044525191249946755
leaf_weight=952 1791 1391 2059 285 64 266
leaf_count=952 1791 1391 2059 285 64 266
internal_value=3.49401e-05 0.000570065 0.00126855 0.00270459 0.00339461 0.00937832
internal_weight=6808 5856 4465 2674 2389 330
internal_count=6808 5856 4465 2674 2389 330
is_linear=0
shrinkage=0.01


Tree=333
num_leaves=7
num_cat=0
split_feature=2 1 9 7 1 14
split_gain=117.167 139.968 106.848 86.7642 48.06 40.9559
threshold=0.29809015747477707 1.2567171091450702 0.0094679936677383916 683.67465000000004 1.043497136715003 2.1107138664934415
decision_type=2 2 2 2 2 2
left_child=3 -2 5 4 -1 -3
right_child=1 2 -4 -5 -6 -7
leaf_value=-0.0018624207935707029 -0.0018429596934532453 0.0012231469768923741 0.01272378407418728 0.013133242250635073 0.0043819854974399431 -0.0029540753255006243
leaf_weight=169 3196 2643 68 81 403 248
leaf_count=169 3196 2643 68 81 403 248
internal_value=3.4951e-05 -0.000394682 0.00117053 0.00402943 0.00253675 0.000855863
internal_weight=6808 6155 2959 653 572 2891
internal_count=6808 6155 2959 653 572 2891
is_linear=0
shrinkage=0.01


Tree=334
num_leaves=7
num_cat=0
split_feature=10 16 14 5 8 3
split_gain=111.331 109.941 74.8432 57.1984 45.356 38.3281
threshold=0.020229433464281226 330.15000000000009 2.6415040341048548 1.0246166936642653 1447.0000000000002 0.066917418852335875
decision_type=2 8 2 2 2 2
left_child=1 -1 3 5 -5 -2
right_child=2 -3 -4 4 -6 -7
leaf_value=0.0059451924855016686 -0.0032801421387668919 -0.006999452717892536 -0.0029680420985212048 0.005476418448656443 0.00090768440009452638 -0.00011244786665763828
leaf_weight=488 415 67 919 284 854 3781
leaf_count=488 415 67 919 284 854 3781
internal_value=3.49652e-05 0.00428628 -0.000348612 0.000107402 0.00208563 -0.000432798
internal_weight=6808 555 6253 5334 1138 4196
internal_count=6808 555 6253 5334 1138 4196
is_linear=0
shrinkage=0.01


Tree=335
num_leaves=7
num_cat=0
split_feature=2 7 15 7 4 17
split_gain=114.835 85.16 84.619 101.559 103.315 71.6886
threshold=0.29809015747477707 683.67465000000004 6.6061610580194587 24.653250000000003 0.18656624285611448 165.07500000000044
decision_type=2 2 2 2 2 10
left_child=1 -1 3 -2 5 -5
right_child=2 -3 -4 4 -6 -7
leaf_value=0.0025103713340508577 -0.0016433137748377616 0.013008314654394821 -0.0026118099802706651 0.0072075567625642543 0.0079983538911304504 0.00043105210435164919
leaf_weight=572 1806 81 1332 156 207 2654
leaf_count=572 1806 81 1332 156 207 2654
internal_value=3.46005e-05 0.00398913 -0.000390736 0.000226808 0.00134801 0.000831481
internal_weight=6808 653 6155 4823 3017 2810
internal_count=6808 653 6155 4823 3017 2810
is_linear=0
shrinkage=0.01


Tree=336
num_leaves=7
num_cat=0
split_feature=2 10 19 13 11 13
split_gain=112.662 98.2589 61.3195 59.0944 68.8393 48.241
threshold=0.29809015747477707 0.024186181654504809 296.88733848182932 18.64550968658374 0.022172092927509827 55.669639344324075
decision_type=2 2 10 2 2 2
left_child=2 5 3 4 -1 -2
right_child=1 -3 -4 -5 -6 -7
leaf_value=0.017200321885091917 0.0033727562521243815 -0.00094816540089652447 -0.0035995937727178288 0.00067586927741873442 0.0053412780398235113 -0.002547537871378373
leaf_weight=53 857 5142 86 198 316 156
leaf_count=53 857 5142 86 198 316 156
internal_value=3.4649e-05 -0.000386644 0.00395158 0.00513944 0.0074535 0.00244505
internal_weight=6808 6155 653 567 369 1013
internal_count=6808 6155 653 567 369 1013
is_linear=0
shrinkage=0.01


Tree=337
num_leaves=7
num_cat=0
split_feature=2 7 19 11 5 6
split_gain=111.115 144.623 111.942 82.6922 50.0922 45.2959
threshold=0.39621381905628006 683.67465000000004 289.97521676881064 0.011130594959556159 1.0246166936642653 1.0000000180025095e-35
decision_type=2 2 10 2 2 2
left_child=1 4 -3 -2 5 -1
right_child=3 2 -4 -5 -6 -7
leaf_value=0.00061390767230789654 0.0030718172456600953 0.021921920909413268 0.0044107094591697765 -0.0010218131513065147 0.0035509060509090803 -0.006494360584897464
leaf_weight=573 539 53 103 4889 555 96
leaf_count=573 539 53 103 4889 555 96
internal_value=3.45885e-05 0.00255774 0.0113222 -0.000610415 0.001358 -0.000486736
internal_weight=6808 1380 156 5428 1224 669
internal_count=6808 1380 156 5428 1224 669
is_linear=0
shrinkage=0.01


Tree=338
num_leaves=7
num_cat=0
split_feature=0 2 17 1 10 19
split_gain=114.564 123.976 133.141 69.7938 58.1411 55.0979
threshold=1.2607249096886839 0.50961894191638935 177.8566666666664 1.5006751295101188 0.021234974916484069 291.69145611120024
decision_type=2 2 8 2 2 10
left_child=1 2 -1 -4 -3 -5
right_child=-2 4 3 5 -6 -7
leaf_value=0.013072435449540001 0.0072357455742432276 0.0025848385573623922 0.00035737807348055144 0.0090154777620765538 -0.0016088337326113881 0.0012961244411332515
leaf_weight=87 204 353 1989 172 3807 196
leaf_count=87 204 353 1989 172 3807 196
internal_value=3.46247e-05 -0.000198424 0.00158527 0.00110782 -0.00124763 0.00504714
internal_weight=6808 6604 2444 2357 4160 368
internal_count=6808 6604 2444 2357 4160 368
is_linear=0
shrinkage=0.01


Tree=339
num_leaves=7
num_cat=0
split_feature=0 2 7 21 21 7
split_gain=112.376 121.591 285.173 159.774 55.7035 57.2364
threshold=1.2607249096886839 0.50961894191638935 683.67465000000004 17.125833333333386 8.0133333333333869 15.600150000000001
decision_type=2 2 2 10 8 2
left_child=1 2 4 -4 -1 -6
right_child=-2 -3 3 -5 5 -7
leaf_value=-0.0057061622918084046 0.0071667692448212717 -0.0012351314523957517 0.02210553183543839 0.0048984922429704978 -0.0009652457836958466 0.0023476623734983403
leaf_weight=128 204 4160 85 143 943 1145
leaf_count=128 204 4160 85 143 943 1145
internal_value=3.47471e-05 -0.000196066 0.00157038 0.0119727 0.000451132 0.00085399
internal_weight=6808 6604 2444 228 2216 2088
internal_count=6808 6604 2444 228 2216 2088
is_linear=0
shrinkage=0.01


Tree=340
num_leaves=7
num_cat=0
split_feature=1 2 16 1 9 19
split_gain=111.297 100.187 88.9858 70.4685 102.252 32.6968
threshold=0.92703022936327906 0.39621381905628006 237.15000000000006 1.4763982188948668 0.0069487483449950918 297.40961032480214
decision_type=2 2 8 2 2 10
left_child=-1 2 -2 -3 -5 -4
right_child=1 3 5 4 -6 -7
leaf_value=-0.0031178969840566085 0.0086133594196909323 -0.0010454392348097949 0.0023258430128943394 0.00087462809462065996 0.011050436265485465 -0.0035006163741841362
leaf_weight=952 223 2990 964 1485 96 98
leaf_count=952 223 2990 964 1485 96 98
internal_value=3.48193e-05 0.000551793 0.00300712 -0.000143506 0.00155809 0.00176055
internal_weight=6808 5856 1285 4571 1581 1062
internal_count=6808 5856 1285 4571 1581 1062
is_linear=0
shrinkage=0.01


Tree=341
num_leaves=7
num_cat=0
split_feature=1 2 17 1 13 13
split_gain=109.12 98.2141 155.859 69.1082 86.6184 175.007
threshold=0.92703022936327906 0.39621381905628006 194.21333333333362 1.4763982188948668 36.662346299175617 55.669639344324075
decision_type=2 2 8 2 2 2
left_child=-1 2 -2 -3 -5 -6
right_child=1 3 -4 4 5 -7
leaf_value=-0.0030870421154626884 0.016607402962031243 -0.0010350196826450215 0.0020750686255101148 0.00044507342125459245 0.013934043095021552 -0.001599646786750894
leaf_weight=952 69 2990 1216 1304 141 136
leaf_count=952 69 2990 1216 1304 141 136
internal_value=3.4694e-05 0.000546587 0.00297762 -0.000141834 0.00154325 0.00651739
internal_weight=6808 5856 1285 4571 1581 277
internal_count=6808 5856 1285 4571 1581 277
is_linear=0
shrinkage=0.01


Tree=342
num_leaves=7
num_cat=0
split_feature=0 15 20 0 11 15
split_gain=109.289 109.588 75.0773 82.327 54.1523 54.1476
threshold=1.2607249096886839 2.2109449738759293 38.300000000000018 0.90188618595086767 0.0156506500043249 0.75837200732583221
decision_type=2 2 8 2 2 2
left_child=1 2 3 4 -1 -5
right_child=-2 -3 -4 5 -6 -7
leaf_value=0.0029020564957942968 0.0070681360098925009 -0.0018029454921601458 -0.0036743157790221034 0.0016786188034278748 -0.0010891621575370065 0.0055623528129500168
leaf_weight=429 204 2570 329 1282 1497 497
leaf_count=429 204 2570 329 1282 1497 497
internal_value=3.47481e-05 -0.000192874 0.0008348 0.00124402 -0.000189754 0.00278865
internal_weight=6808 6604 4034 3705 1926 1779
internal_count=6808 6604 4034 3705 1926 1779
is_linear=0
shrinkage=0.01


Tree=343
num_leaves=7
num_cat=0
split_feature=15 4 16 20 14 20
split_gain=98.3567 89.7458 78.2474 65.4978 77.9532 116.53
threshold=2.2109449738759293 0.17638752312695025 320.4500000000001 38.300000000000018 0.17021881020370608 26.800000000000015
decision_type=2 2 10 8 2 10
left_child=1 3 -3 4 5 -1
right_child=-2 2 -4 -5 -6 -7
leaf_value=0.0074018001440093921 -0.0014377738822344912 0.010131357422332621 -0.0030936179985292258 -0.0035711388205846867 -4.8809015085734555e-05 0.00089617359130500203
leaf_weight=403 2716 173 54 327 2299 836
leaf_count=403 2716 173 54 327 2299 836
internal_value=3.45567e-05 0.00101292 0.00698754 0.000644886 0.00104352 0.00305453
internal_weight=6808 4092 227 3865 3538 1239
internal_count=6808 4092 227 3865 3538 1239
is_linear=0
shrinkage=0.01


Tree=344
num_leaves=7
num_cat=0
split_feature=0 14 21 14 8 14
split_gain=107.29 75.0753 41.5835 126.767 187.867 90.5233
threshold=1.2607249096886839 2.6415040341048548 15.981666666666694 0.17021881020370608 1165.5000000000002 2.0637471167620172
decision_type=2 2 8 2 2 2
left_child=1 2 3 4 -1 -4
right_child=-2 -3 5 -5 -6 -7
leaf_value=0.015155449460502025 0.0070031124313533841 -0.0028251847994779189 -0.00089175634005481271 -0.00043119280502944052 0.0022640935964053765 0.0068948430745198047
leaf_weight=125 204 920 3053 1630 729 147
leaf_count=125 204 920 3053 1630 729 147
internal_value=3.43619e-05 -0.000191168 0.000239381 0.0012077 0.00430457 -0.000513694
internal_weight=6808 6604 5684 2484 854 3200
internal_count=6808 6604 5684 2484 854 3200
is_linear=0
shrinkage=0.01


Tree=345
num_leaves=7
num_cat=0
split_feature=0 1 18 7 20 3
split_gain=105.242 89.8759 70.8037 123.385 194.445 95.4736
threshold=1.2607249096886839 0.92703022936327906 0.0092476956614456745 683.67465000000004 38.200000000000024 0.14846700206618982
decision_type=2 2 2 2 10 2
left_child=1 -1 -3 -4 5 -5
right_child=-2 2 3 4 -6 -7
leaf_value=-0.0030180783353304531 0.0069363538328575617 -0.0008228313112154861 0.00073237938103731001 0.025406018222371735 -0.0018767579933328014 0.00785677167470567
leaf_weight=950 204 2837 2559 50 114 94
leaf_count=950 204 2837 2559 50 114 94
internal_value=3.44168e-05 -0.000188952 0.000290895 0.00141147 0.00786846 0.0152043
internal_weight=6808 6604 5654 2817 258 144
internal_count=6808 6604 5654 2817 258 144
is_linear=0
shrinkage=0.01


Tree=346
num_leaves=7
num_cat=0
split_feature=1 10 13 6 10 20
split_gain=102.785 76.8429 104.388 58.9319 58.7013 54.0815
threshold=0.92703022936327906 0.016004421638187955 36.037860194726278 1.0000000180025095e-35 0.083037096791264808 35.700000000000024
decision_type=2 2 2 2 2 8
left_child=-1 2 -2 4 -3 -5
right_child=1 3 -4 5 -6 -7
leaf_value=-0.0029951704229533639 0.014857434412014897 0.001062190901472153 0.00023501452577651523 -0.0036159527283463016 -0.0031760884771814763 0.0018133255463964183
leaf_weight=952 77 4449 112 624 343 251
leaf_count=952 77 4449 112 624 343 251
internal_value=3.45891e-05 0.000531398 0.00663954 0.000316349 0.000752843 -0.00205563
internal_weight=6808 5856 189 5667 4792 875
internal_count=6808 5856 189 5667 4792 875
is_linear=0
shrinkage=0.01


Tree=347
num_leaves=7
num_cat=0
split_feature=0 2 7 21 21 7
split_gain=103.005 111.787 271.873 149.354 54.629 55.5827
threshold=1.2607249096886839 0.50961894191638935 683.67465000000004 17.125833333333386 8.0133333333333869 15.600150000000001
decision_type=2 2 2 10 8 2
left_child=1 2 4 -4 -1 -6
right_child=-2 -3 3 -5 5 -7
leaf_value=-0.0056829197822557088 0.0068625387898428696 -0.0011829139979100314 0.021463417565155969 0.0048168691057784889 -0.00097906732489006767 0.0022854932897474244
leaf_weight=128 204 4160 85 143 943 1145
leaf_count=128 204 4160 85 143 943 1145
internal_value=3.43632e-05 -0.000186619 0.00150711 0.0116639 0.000414398 0.000813486
internal_weight=6808 6604 2444 228 2216 2088
internal_count=6808 6604 2444 228 2216 2088
is_linear=0
shrinkage=0.01


Tree=348
num_leaves=7
num_cat=0
split_feature=12 4 13 8 8 6
split_gain=92.1152 64.0015 91.2408 106.593 125.755 77.0763
threshold=2.9727379293480429 0.03612386338173728 55.669639344324075 1471.5000000000002 1127.0000000000002 1.0000000180025095e-35
decision_type=2 2 2 2 2 2
left_child=1 5 3 4 -3 -1
right_child=-2 2 -4 -5 -6 -7
leaf_value=0.00061187591268743844 -0.0018362128148333317 0.0046087366308761287 -0.0025032158405382523 0.0019346624007149094 0.019330115614647276 -0.0040698408557170987
leaf_weight=3407 1890 194 244 612 79 382
leaf_count=3407 1890 194 244 612 79 382
internal_value=3.44241e-05 0.000755582 0.00283416 0.00431723 0.00940128 0.000130403
internal_weight=6808 4918 1129 885 273 3789
internal_count=6808 4918 1129 885 273 3789
is_linear=0
shrinkage=0.01


Tree=349
num_leaves=7
num_cat=0
split_feature=10 16 14 6 5 20
split_gain=96.3012 105.207 62.9545 64.6346 50.7965 48.4596
threshold=0.020229433464281226 330.15000000000009 2.6415040341048548 1.0000000180025095e-35 1.0460374646361117 35.60000000000003
decision_type=2 8 2 2 2 8
left_child=1 -1 3 4 -2 -5
right_child=2 -3 -4 5 -6 -7
leaf_value=0.0056133485064808145 9.8548781256508873e-05 -0.0070397680826098123 -0.0027247972964564542 -0.0039960190999251202 0.002958135481782055 0.0012318167061062986
leaf_weight=488 3768 67 919 585 734 247
leaf_count=488 3768 67 919 585 734 247
internal_value=3.4345e-05 0.00398829 -0.000322405 9.583e-05 0.000570295 -0.00244781
internal_weight=6808 555 6253 5334 4502 832
internal_count=6808 555 6253 5334 4502 832
is_linear=0
shrinkage=0.01


Tree=350
num_leaves=7
num_cat=0
split_feature=2 10 7 7 14 13
split_gain=100.488 85.4124 119.89 75.168 53.8429 81.8027
threshold=0.29809015747477707 0.016004421638187955 43.570350000000005 683.67465000000004 0.99808018419407829 44.975885291502607
decision_type=2 2 2 2 2 2
left_child=3 2 -2 -1 -3 -6
right_child=1 4 -4 -5 5 -7
leaf_value=0.0023442181511590084 -0.00073364755062416923 4.5405782955532591e-05 0.01480220717938871 0.012206382124715453 -0.0025551986229064528 0.0063269638535050103
leaf_weight=572 112 4172 78 81 1692 101
leaf_count=572 112 4172 78 81 1692 101
internal_value=3.3945e-05 -0.000363938 0.00606545 0.00373321 -0.000578539 -0.00202255
internal_weight=6808 6155 190 653 5965 1793
internal_count=6808 6155 190 653 5965 1793
is_linear=0
shrinkage=0.01


Tree=351
num_leaves=7
num_cat=0
split_feature=1 15 6 5 1 15
split_gain=98.5346 77.237 65.2503 105.539 72.8204 55.85
threshold=0.92703022936327906 6.6061610580194587 1.0000000180025095e-35 1.6723283689422437 1.8799085618592681 0.3586345894580199
decision_type=2 2 2 2 2 2
left_child=-1 2 4 -4 -2 -6
right_child=1 -3 3 -5 5 -7
leaf_value=-0.0029323798773916517 0.0010277704436795249 -0.0021349941395497549 -0.0032308911224021219 0.0072538859591679238 0.010857135280389195 0.0029881416236659875
leaf_weight=952 3737 914 640 103 119 343
leaf_count=952 3737 914 640 103 119 343
internal_value=3.40813e-05 0.000520511 0.00101495 -0.00170039 0.00149832 0.00520209
internal_weight=6808 5856 4942 743 4199 462
internal_count=6808 5856 4942 743 4199 462
is_linear=0
shrinkage=0.01


Tree=352
num_leaves=7
num_cat=0
split_feature=15 17 14 5 21 3
split_gain=88.3921 89.2105 165.91 72.3328 106.423 66.9288
threshold=2.2109449738759293 215.22333333333282 0.090469444658597367 1.074955406553278 11.057500000000035 0.21966131163695954
decision_type=2 8 2 2 10 2
left_child=1 2 5 -3 -5 -1
right_child=-2 3 -4 4 -6 -7
leaf_value=0.020741290610650897 -0.0013618161455370753 -0.00044456679940124862 0.0010495420932779553 -0.0063964569804375064 0.0040361241678532897 0.0066339954527496704
leaf_weight=61 2716 2659 371 102 807 92
leaf_count=61 2716 2659 371 102 807 92
internal_value=3.39433e-05 0.000961418 0.00477374 0.00038976 0.00280861 0.0131859
internal_weight=6808 4092 524 3568 909 153
internal_count=6808 4092 524 3568 909 153
is_linear=0
shrinkage=0.01


Tree=353
num_leaves=7
num_cat=0
split_feature=1 20 14 13 13 14
split_gain=96.1953 56.6908 63.0864 52.4717 101.974 83.6801
threshold=1.2273937772658743 40.300000000000018 2.1107138664934415 55.669639344324075 35.551788216514986 0.23762733446519521
decision_type=2 10 2 2 2 2
left_child=-1 2 3 4 5 -2
right_child=1 -3 -4 -5 -6 -7
leaf_value=-0.0011228240538959731 0.004653743394139721 -0.0050359601594939605 -0.0030374295621990195 -0.001901563956545663 0.008809607281643702 0.00057070588242407003
leaf_weight=3492 707 128 269 309 218 1685
leaf_count=3492 707 128 269 309 218 1685
internal_value=3.39596e-05 0.00125185 0.00151927 0.00194813 0.00240942 0.00179187
internal_weight=6808 3316 3188 2919 2610 2392
internal_count=6808 3316 3188 2919 2610 2392
is_linear=0
shrinkage=0.01


Tree=354
num_leaves=7
num_cat=0
split_feature=0 4 7 4 21 13
split_gain=98.8065 77.2927 75.5795 55.8758 50.3482 68.9897
threshold=1.2607249096886839 0.011967800199752757 15.600150000000001 0.28227252034324135 11.114166666666696 16.265073570448624
decision_type=2 2 2 2 8 2
left_child=1 -1 -3 4 -4 -6
right_child=-2 2 3 -5 5 -7
leaf_value=-0.00077199362083272963 0.0067212320266239276 -0.0015039612325547331 -0.0023925671315039782 0.011662112938364347 0.00063628317373566818 0.0064430209313988268
leaf_weight=5094 204 471 160 65 401 413
leaf_count=5094 204 471 160 65 401 413
internal_value=3.36631e-05 -0.000182768 0.00179699 0.00329345 0.00262213 0.00362489
internal_weight=6808 6604 1510 1039 974 814
internal_count=6808 6604 1510 1039 974 814
is_linear=0
shrinkage=0.01


Tree=355
num_leaves=7
num_cat=0
split_feature=0 15 17 14 13 4
split_gain=96.9232 93.4231 84.8522 174.236 63.5113 57.0154
threshold=1.2607249096886839 2.2109449738759293 215.22333333333282 0.090469444658597367 16.265073570448624 0.03612386338173728
decision_type=2 2 8 2 2 2
left_child=1 2 3 -1 -5 -4
right_child=-2 -3 5 4 -6 -7
leaf_value=0.013266287346563812 0.006657160484780357 -0.0016673157965561806 -0.0005180006277762442 -0.0029737023753992654 0.0053746874432545159 0.0024024173505301821
leaf_weight=149 204 2570 2650 202 150 883
leaf_count=149 204 2570 2650 202 150 883
internal_value=3.36315e-05 -0.000180728 0.000768136 0.00457703 0.000634047 0.000216618
internal_weight=6808 6604 4034 501 352 3533
internal_count=6808 6604 4034 501 352 3533
is_linear=0
shrinkage=0.01


Tree=356
num_leaves=7
num_cat=0
split_feature=1 9 6 1 18 7
split_gain=94.2815 62.4831 92.693 62.3673 77.5909 117.418
threshold=0.92703022936327906 0.0045154165104735969 1.0000000180025095e-35 1.8799085618592681 0.0099415844050596003 683.67465000000004
decision_type=2 2 2 2 2 2
left_child=-1 2 3 4 -2 -6
right_child=1 -3 -4 -5 5 -7
leaf_value=-0.0028681085128947053 -0.0010587952798175912 0.0032050038856702547 -0.0032680698788475379 0.0043533440600420593 0.00088812308367940465 0.0091171020297200894
leaf_weight=952 2101 740 690 402 1740 183
leaf_count=952 2101 740 690 402 1740 183
internal_value=3.36258e-05 0.000509441 0.000114052 0.000647493 0.000267402 0.00171434
internal_weight=6808 5856 5116 4426 4024 1923
internal_count=6808 5856 5116 4426 4024 1923
is_linear=0
shrinkage=0.01


Tree=357
num_leaves=7
num_cat=0
split_feature=2 0 19 13 4 19
split_gain=96.9736 99.5099 56.7401 55.0394 52.2191 77.1996
threshold=0.29809015747477707 1.2607249096886839 296.88733848182932 18.64550968658374 0.17638752312695025 291.28513716851006
decision_type=2 2 10 2 2 10
left_child=2 4 3 -1 -2 -6
right_child=1 -3 -4 -5 5 -7
leaf_value=0.0070439611082911335 -0.00080727273294170358 0.0063761320376751144 -0.0035882190326810815 0.0005111436739277382 0.0098205634488318216 -0.00063856650315023764
leaf_weight=369 5671 202 86 198 107 175
leaf_count=369 5671 202 86 198 107 175
internal_value=3.34416e-05 -0.000357422 0.00366744 0.00481106 -0.000596218 0.00353038
internal_weight=6808 6155 653 567 5953 282
internal_count=6808 6155 653 567 5953 282
is_linear=0
shrinkage=0.01


Tree=358
num_leaves=7
num_cat=0
split_feature=10 13 15 4 16 13
split_gain=86.9998 101.427 68.4536 60.2684 57.2359 41.361
threshold=0.016004421638187955 36.037860194726278 1.0502361812124541 0.086065307596167664 328.85000000000008 53.66521080029387
decision_type=2 2 2 2 8 2
left_child=1 -1 3 -2 -4 -5
right_child=2 -3 4 5 -6 -7
leaf_value=0.014168439383258022 0.00028718115361703079 3.6429040225558595e-05 -0.0018593688906016715 0.0058177229549927923 0.0018368486650830759 -0.0015451151389375473
leaf_weight=83 3124 112 2565 339 492 93
leaf_count=83 3124 112 2565 339 492 93
internal_value=3.33817e-05 0.00644931 -0.000165259 0.000777135 -0.00126044 0.00423357
internal_weight=6808 195 6613 3556 3057 432
internal_count=6808 195 6613 3556 3057 432
is_linear=0
shrinkage=0.01


Tree=359
num_leaves=7
num_cat=0
split_feature=2 1 7 0 3 7
split_gain=94.6759 108.008 71.4872 66.112 46.9721 74.3686
threshold=0.29809015747477707 1.2567171091450702 683.67465000000004 1.2607249096886839 0.3333762667282052 310.8087000000001
decision_type=2 2 2 2 2 2
left_child=2 -2 -1 4 5 -3
right_child=1 3 -4 -5 -6 -7
leaf_value=0.0022698057500991167 -0.0016251028485868011 0.00059508920619067178 0.011886688137611191 0.0064324040926238973 -0.0013142771089478295 0.0058852033767143441
leaf_weight=572 3196 1585 81 200 864 310
leaf_count=572 3196 1585 81 200 864 310
internal_value=3.33228e-05 -0.000352883 0.00362401 0.00102208 0.000608073 0.00148684
internal_weight=6808 6155 653 2959 2759 1895
internal_count=6808 6155 653 2959 2759 1895
is_linear=0
shrinkage=0.01


Tree=360
num_leaves=7
num_cat=0
split_feature=1 15 17 21 13 13
split_gain=90.6904 70.1875 70.2658 74.9554 69.7161 159.949
threshold=0.92703022936327906 6.6061610580194587 208.63000000000019 8.0133333333333869 0.25968510979177462 0.2897988112382342
decision_type=2 2 8 8 2 2
left_child=-1 2 4 -4 -2 -6
right_child=1 -3 3 -5 5 -7
leaf_value=-0.0028125924649259914 -0.0036906219392697863 -0.0020314244819532633 -0.0066536466443046392 0.00078354549884786142 0.015058731367742573 0.002057826262768632
leaf_weight=952 84 914 130 4273 125 330
leaf_count=952 84 914 130 4273 125 330
internal_value=3.33435e-05 0.000500008 0.000971342 0.00054938 0.00434548 0.00587654
internal_weight=6808 5856 4942 4403 539 455
internal_count=6808 5856 4942 4403 539 455
is_linear=0
shrinkage=0.01


Tree=361
num_leaves=7
num_cat=0
split_feature=0 1 9 16 21 19
split_gain=90.2589 76.0949 53.6927 63.3796 54.0111 48.5148
threshold=1.2607249096886839 0.92703022936327906 0.0040451177732385895 233.85000000000005 11.114166666666696 288.70801126961732
decision_type=2 2 2 10 10 10
left_child=1 -1 -3 5 -5 -4
right_child=-2 2 3 4 -6 -7
leaf_value=-0.0027770155334848807 0.0064248089901449137 -0.00013203460460262291 0.014560342300945604 -0.0064664559449265661 0.0022889679454485257 0.0027905177824444822
leaf_weight=950 204 4846 61 70 596 81
leaf_count=950 204 4846 61 70 596 81
internal_value=3.30498e-05 -0.000173809 0.000267719 0.00263755 0.00128668 0.00847185
internal_weight=6808 6604 5654 808 666 142
internal_count=6808 6604 5654 808 666 142
is_linear=0
shrinkage=0.01


Tree=362
num_leaves=7
num_cat=0
split_feature=15 17 15 5 16 3
split_gain=79.4234 83.5328 89.4524 66.5669 68.344 61.6597
threshold=2.2109449738759293 215.22333333333282 0.10526457571236232 1.4290195941402677 320.4500000000001 0.11161917919167123
decision_type=2 8 2 2 10 2
left_child=1 2 -1 -3 -5 -4
right_child=-2 3 5 4 -6 -7
leaf_value=-0.004288923208524963 -0.0012900929927280309 1.1549777618106701e-05 0.014709790331105907 0.008809109780219539 -0.0039049992791066568 0.0045798979163553574
leaf_weight=87 2716 3360 67 158 50 370
leaf_count=87 2716 3360 67 158 50 370
internal_value=3.29641e-05 0.000912126 0.0046011 0.000359014 0.0057139 0.00642733
internal_weight=6808 4092 524 3568 208 437
internal_count=6808 4092 524 3568 208 437
is_linear=0
shrinkage=0.01


Tree=363
num_leaves=7
num_cat=0
split_feature=2 1 22 17 2 11
split_gain=91.8832 102.886 55.9816 53.6229 35.9933 35.6243
threshold=0.29809015747477707 1.2567171091450702 11.600000000000025 255.01833333333292 0.24357284113381675 0.011130594959556159
decision_type=2 2 10 8 2 2
left_child=3 -2 5 4 -1 -3
right_child=1 2 -4 -5 -6 -7
leaf_value=0.012830804455206617 -0.0015892474820027886 0.0038044531018318938 -0.0042363397241570056 0.002040491347988671 0.0019010333576407591 0.00082557378896449597
leaf_weight=81 3196 479 182 521 51 2298
leaf_count=81 3196 479 182 521 51 2298
internal_value=3.29077e-05 -0.000347559 0.000994417 0.00357024 0.0090392 0.0013512
internal_weight=6808 6155 2959 653 132 2777
internal_count=6808 6155 2959 653 132 2777
is_linear=0
shrinkage=0.01


Tree=364
num_leaves=7
num_cat=0
split_feature=2 0 19 14 17 14
split_gain=90.1732 92.8508 55.1296 46.2207 51.9864 121.334
threshold=0.29809015747477707 1.2607249096886839 296.88733848182932 0.99808018419407829 165.07500000000044 0.16755231678767601
decision_type=2 2 10 2 10 2
left_child=2 3 -1 4 5 -2
right_child=1 -3 -4 -5 -6 -7
leaf_value=0.004664919766528045 0.013608430774732568 0.0061602440787004832 -0.0036102606396889313 -0.0018808570593958935 -0.00020571074244626466 -0.0036078751869039771
leaf_weight=567 77 202 86 1853 3952 71
leaf_count=567 77 202 86 1853 3952 71
internal_value=3.2807e-05 -0.000344103 0.00353706 -0.000574772 1.86544e-05 0.00564364
internal_weight=6808 6155 653 5953 4100 148
internal_count=6808 6155 653 5953 4100 148
is_linear=0
shrinkage=0.01


Tree=365
num_leaves=7
num_cat=0
split_feature=1 14 7 5 17 17
split_gain=85.6241 61.8703 70.7427 94.0687 71.7079 66.638
threshold=0.99980632471583386 2.5069154200685726 24.653250000000003 1.0460374646361117 312.83500000000055 213.16166666666678
decision_type=2 2 2 2 10 8
left_child=-1 2 -2 5 -5 -4
right_child=1 -3 3 4 -6 -7
leaf_value=-0.0021277723841132135 -0.00067352989680399334 -0.0024162088853539898 0.0045997282260604932 0.0061419769687332927 -0.0026545865759648487 0.00013256965191045341
leaf_weight=1436 1661 590 392 651 102 1976
leaf_count=1436 1661 590 392 651 102 1976
internal_value=3.27009e-05 0.000613102 0.000991118 0.00187637 0.00493124 0.000888299
internal_weight=6808 5372 4782 3121 753 2368
internal_count=6808 5372 4782 3121 753 2368
is_linear=0
shrinkage=0.01


Tree=366
num_leaves=7
num_cat=0
split_feature=10 13 15 17 15 16
split_gain=82.3576 98.4877 61.9804 85.2145 125.322 75.4931
threshold=0.016004421638187955 36.037860194726278 1.0502361812124541 215.22333333333282 0.92919222506915333 140.05000000000004
decision_type=2 2 2 8 2 10
left_child=1 -1 3 4 -2 -6
right_child=2 -3 -4 -5 5 -7
leaf_value=0.013881276950380335 0.0011714209091234157 -3.785751210372956e-05 -0.0012029613645834433 0.00014646109384624893 0.0031347831387264547 0.018585583378286922
leaf_weight=83 309 112 3057 3114 58 75
leaf_count=83 309 112 3057 3114 58 75
internal_value=3.24179e-05 0.00627483 -0.000160851 0.000735885 0.00479341 0.012538
internal_weight=6808 195 6613 3556 442 133
internal_count=6808 195 6613 3556 442 133
is_linear=0
shrinkage=0.01


Tree=367
num_leaves=7
num_cat=0
split_feature=2 0 7 5 7 6
split_gain=87.9695 90.5683 68.4707 51.0379 74.923 52.1564
threshold=0.29809015747477707 1.2607249096886839 683.67465000000004 1.6723283689422437 27.407250000000005 1.0000000180025095e-35
decision_type=2 2 2 2 2 2
left_child=2 3 -1 5 -5 -2
right_child=1 -3 -4 4 -6 -7
leaf_value=0.0021695903946923195 -0.00031578860510993965 0.0060842438919891453 0.011578913977021699 -0.0035664212343192868 0.011008339311582236 -0.0029812720105815856
leaf_weight=572 4970 202 81 52 79 852
leaf_count=572 4970 202 81 52 79 852
internal_value=3.2617e-05 -0.000339659 0.00349379 -0.000567476 0.00538031 -0.000710302
internal_weight=6808 6155 653 5953 131 5822
internal_count=6808 6155 653 5953 131 5822
is_linear=0
shrinkage=0.01


Tree=368
num_leaves=7
num_cat=0
split_feature=0 15 17 10 15 10
split_gain=84.2044 79.7574 76.4148 100.864 147.098 61.2803
threshold=1.2607249096886839 2.2109449738759293 215.22333333333282 0.03225325646719001 0.92919222506915333 0.024186181654504809
decision_type=2 2 8 2 2 2
left_child=1 2 3 4 -1 -6
right_child=-2 -3 -4 -5 5 -7
leaf_value=0.0021640151850411305 0.0062063024010646341 -0.001540723547426906 0.00018624092713779544 -0.0015230183974964564 0.02344540851929831 0.0076766513543824353
leaf_weight=199 204 2570 3533 184 53 65
leaf_count=199 204 2570 3533 184 53 65
internal_value=3.26425e-05 -0.000167159 0.000709564 0.00432412 0.00766082 0.0160376
internal_weight=6808 6604 4034 501 317 118
internal_count=6808 6604 4034 501 317 118
is_linear=0
shrinkage=0.01


Tree=369
num_leaves=7
num_cat=0
split_feature=2 1 0 19 5 6
split_gain=86.1281 96.6458 59.266 53.8049 45.8866 79.1684
threshold=0.29809015747477707 1.2567171091450702 1.2607249096886839 296.88733848182932 1.6723283689422437 1.0000000180025095e-35
decision_type=2 2 2 10 2 2
left_child=3 -2 4 -1 5 -3
right_child=1 2 -4 -5 -6 -7
leaf_value=0.0045721111590312268 -0.0015389504148078709 0.0010856622534886184 0.0060876632016373892 -0.0036011743438818184 0.0065191439222619541 -0.0034521077168343968
leaf_weight=567 3196 2189 200 86 114 456
leaf_count=567 3196 2189 200 86 114 456
internal_value=3.28531e-05 -0.000335507 0.00096513 0.00345761 0.000573154 0.000293292
internal_weight=6808 6155 2959 653 2759 2645
internal_count=6808 6155 2959 653 2759 2645
is_linear=0
shrinkage=0.01


Tree=370
num_leaves=7
num_cat=0
split_feature=2 10 7 7 14 13
split_gain=84.4144 71.232 111.66 67.0311 44.9263 71.4181
threshold=0.29809015747477707 0.016004421638187955 43.570350000000005 683.67465000000004 0.99808018419407829 44.975885291502607
decision_type=2 2 2 2 2 2
left_child=3 2 -2 -1 -3 -6
right_child=1 4 -4 -5 5 -7
leaf_value=0.0021136871365273432 -0.00099783417577931641 4.1953291567255152e-05 0.01397303001023829 0.011422006666332812 -0.0023448995254488317 0.0059534315351262562
leaf_weight=572 112 4172 78 81 1692 101
leaf_count=572 112 4172 78 81 1692 101
internal_value=3.26665e-05 -0.000332011 0.00553945 0.00342318 -0.00052799 -0.00184703
internal_weight=6808 6155 190 653 5965 1793
internal_count=6808 6155 190 653 5965 1793
is_linear=0
shrinkage=0.01


Tree=371
num_leaves=7
num_cat=0
split_feature=2 1 0 19 13 3
split_gain=82.8135 93.9807 57.9913 52.7985 52.033 45.0778
threshold=0.29809015747477707 1.2567171091450702 1.2607249096886839 296.88733848182932 18.64550968658374 0.3333762667282052
decision_type=2 2 2 10 2 2
left_child=3 -2 5 4 -1 -3
right_child=1 2 -4 -5 -6 -7
leaf_value=0.0066660331387692045 -0.0015151584772064124 0.0014273555639167524 0.0060212938636541374 -0.003599484373116866 0.0003237998819587609 -0.0013165943432403239
leaf_weight=369 3196 1895 200 86 198 864
leaf_count=369 3196 1895 200 86 198 864
internal_value=3.27822e-05 -0.000328421 0.000954153 0.00339099 0.00449528 0.000566417
internal_weight=6808 6155 2959 653 567 2759
internal_count=6808 6155 2959 653 567 2759
is_linear=0
shrinkage=0.01


Tree=372
num_leaves=7
num_cat=0
split_feature=1 14 17 14 3 1
split_gain=80.8552 64.2212 57.3804 142.715 66.6131 58.7348
threshold=0.92703022936327906 2.5069154200685726 208.63000000000019 0.090469444658597367 0.21966131163695954 1.6001596658672663
decision_type=2 2 8 2 2 2
left_child=-1 2 3 4 -2 -4
right_child=1 -3 5 -5 -6 -7
leaf_value=-0.0026546201922941909 0.019721701205221577 -0.002214162366700878 -9.1493517373337883e-05 0.00062237195192941836 0.00562341503430121 0.0026303185082429347
leaf_weight=952 57 763 3557 378 91 1010
leaf_count=952 57 763 3557 378 91 1010
internal_value=3.25718e-05 0.000473205 0.000879359 0.00397537 0.0119577 0.000514872
internal_weight=6808 5856 5093 526 148 4567
internal_count=6808 5856 5093 526 148 4567
is_linear=0
shrinkage=0.01


Tree=373
num_leaves=7
num_cat=0
split_feature=0 5 7 5 11 18
split_gain=78.7749 62.899 71.5601 61.7679 39.8009 64.6479
threshold=1.2607249096886839 1.0246166936642653 15.600150000000001 1.6723283689422437 0.019029298680714544 0.0078375534055355033
decision_type=2 2 2 2 2 2
left_child=1 4 -3 -4 5 -1
right_child=-2 2 3 -5 -6 -7
leaf_value=-0.00087184112401800175 0.0060038958440717547 -0.0015837649494436668 0.0022636439898387063 0.010548670778747205 -0.0013831486836459591 0.0029636502231337697
leaf_weight=1283 204 471 947 91 3156 656
leaf_count=1283 204 471 947 91 3156 656
internal_value=3.25928e-05 -0.000160662 0.00162603 0.00308371 -0.000691978 0.000434326
internal_weight=6808 6604 1509 1038 5095 1939
internal_count=6808 6604 1509 1038 5095 1939
is_linear=0
shrinkage=0.01


Tree=374
num_leaves=7
num_cat=0
split_feature=0 5 8 8 21 14
split_gain=77.2737 61.6863 41.26 93.6855 85.0878 71.0355
threshold=1.2607249096886839 1.0246166936642653 1447.0000000000002 1127.0000000000002 19.885000000000037 0.27873414992231321
decision_type=2 2 2 2 10 2
left_child=1 -1 3 5 -5 -3
right_child=-2 2 -4 4 -6 -7
leaf_value=-0.00068504446000607598 0.0059466624317816401 -0.0086563339249955285 0.00053748340900185414 0.016094048507131486 0.0002245463094403667 0.0032034530405871918
leaf_weight=5095 204 53 1070 88 52 246
leaf_count=5095 204 53 1070 88 52 246
internal_value=3.253e-05 -0.000158875 0.0016105 0.00415562 0.0106076 0.00088911
internal_weight=6808 6604 1509 439 140 299
internal_count=6808 6604 1509 439 140 299
is_linear=0
shrinkage=0.01


Tree=375
num_leaves=7
num_cat=0
split_feature=15 17 7 5 13 13
split_gain=69.623 74.9622 168.081 60.783 55.9475 55.3717
threshold=2.2109449738759293 215.22333333333282 467.50860000000006 1.4290195941402677 16.265073570448624 46.414022333654735
decision_type=2 8 2 2 2 2
left_child=1 2 4 -3 -1 -5
right_child=-2 3 -4 5 -6 -7
leaf_value=-0.0030123011073963325 -0.0012062951313943778 -3.5380045914447669e-07 0.012284732350237207 0.0085728292427131834 0.0047725968037737659 -0.002381594203146441
leaf_weight=203 2716 3360 168 148 153 60
leaf_count=203 2716 3360 168 148 153 60
internal_value=3.24491e-05 0.000855582 0.00435018 0.000331639 0.00037244 0.0054486
internal_weight=6808 4092 524 3568 356 208
internal_count=6808 4092 524 3568 356 208
is_linear=0
shrinkage=0.01


Tree=376
num_leaves=7
num_cat=0
split_feature=10 14 14 8 8 17
split_gain=75.1863 55.3124 50.8124 67.2571 43.6714 43.5766
threshold=0.016004421638187955 0.99808018419407829 1.7242855917623501 1127.0000000000002 936.00000000000011 213.16166666666678
decision_type=2 2 2 2 2 10
left_child=2 5 3 -1 -3 -2
right_child=1 4 -4 -5 -6 -7
leaf_value=0.00075801068195892915 0.0030275327499286091 0.0046185057091147263 -0.00055459495689276429 0.015556240048778208 -0.0019454338889696289 7.403633106290587e-05
leaf_weight=52 558 98 74 69 1807 4150
leaf_count=52 558 98 74 69 1807 4150
internal_value=3.24037e-05 -0.000152261 0.00599685 0.00974 -0.00158541 0.000429765
internal_weight=6808 6613 195 121 1905 4708
internal_count=6808 6613 195 121 1905 4708
is_linear=0
shrinkage=0.01


Tree=377
num_leaves=7
num_cat=0
split_feature=12 7 17 7 9 7
split_gain=65.8624 125.472 100.759 101.806 90.154 54.8568
threshold=2.9727379293480429 26.538750000000004 215.22333333333282 1697.5800000000002 0.0073465637543598554 1697.5800000000002
decision_type=2 2 10 2 2 2
left_child=1 -1 3 -3 5 -4
right_child=-2 2 4 -5 -6 -7
leaf_value=-0.0012341648194630218 -0.0015493771735048778 0.0028572706989943982 0.0014413337978455289 0.013190813532879424 0.010964077937232515 -0.0028601344472319878
leaf_weight=2062 1890 290 2009 138 81 338
leaf_count=2062 1890 290 2009 138 81 338
internal_value=3.23955e-05 0.000642185 0.00199647 0.0064142 0.00119461 0.000812357
internal_weight=6808 4918 2856 428 2428 2347
internal_count=6808 4918 2856 428 2428 2347
is_linear=0
shrinkage=0.01


Tree=378
num_leaves=7
num_cat=0
split_feature=2 1 17 14 14 5
split_gain=80.5506 86.5229 49.1098 40.3172 39.2203 43.9869
threshold=0.29809015747477707 1.2567171091450702 255.01833333333292 0.16238947904842208 2.1107138664934415 1.4290195941402677
decision_type=2 2 8 2 2 2
left_child=2 -2 -1 -4 5 -3
right_child=1 4 3 -5 -6 -7
leaf_value=0.0085767185492572236 -0.0014624955549902283 0.00082544860698716225 -0.0018941350039045411 0.0038563773037855178 -0.0027950779324067971 0.0050171292566893889
leaf_weight=132 3196 2437 179 342 252 270
leaf_count=132 3196 2437 179 342 252 270
internal_value=3.24061e-05 -0.000323828 0.00334442 0.00188221 0.000906823 0.00126046
internal_weight=6808 6155 653 521 2959 2707
internal_count=6808 6155 653 521 2959 2707
is_linear=0
shrinkage=0.01


Tree=379
num_leaves=7
num_cat=0
split_feature=12 20 8 8 9 20
split_gain=63.8844 49.8192 64.8454 120.552 184.655 97.969
threshold=2.9727379293480429 38.300000000000018 1447.0000000000002 1119.5000000000002 0.002135885931693456 31.600000000000026
decision_type=2 8 2 2 2 10
left_child=1 2 3 -1 5 -5
right_child=-2 -3 -4 4 -6 -7
leaf_value=0.00017355724723738323 -0.0015255802364891246 -0.0028337663591671593 0.00019620856143050296 0.0097301586226205394 0.019506454137819155 5.5728332631083002e-05
leaf_weight=704 1890 373 3324 158 81 278
leaf_count=704 1890 373 3324 158 81 278
internal_value=3.22599e-05 0.000632823 0.000922916 0.00288361 0.00650058 0.00370116
internal_weight=6808 4918 4545 1221 517 436
internal_count=6808 4918 4545 1221 517 436
is_linear=0
shrinkage=0.01


Tree=380
num_leaves=7
num_cat=0
split_feature=2 11 2 17 4 17
split_gain=78.72 63.1202 52.2684 47.8163 36.1998 70.7833
threshold=0.29809015747477707 0.011130594959556159 0.6507983648385578 255.01833333333292 0.17638752312695025 311.89999999999975
decision_type=2 2 2 8 2 8
left_child=3 2 -2 -1 -3 -6
right_child=1 4 -4 -5 5 -7
leaf_value=0.0084695277748380229 0.0071294594274258424 -0.00082905341277520091 0.00066716265147796978 0.0018634903109185186 0.0050044937629950235 -0.007066586489071611
leaf_weight=132 181 5312 370 521 241 51
leaf_count=132 181 5312 370 521 241 51
internal_value=3.23084e-05 -0.000319855 0.00287923 0.00330647 -0.000638966 0.00273201
internal_weight=6808 6155 551 653 5604 292
internal_count=6808 6155 551 653 5604 292
is_linear=0
shrinkage=0.01


Tree=381
num_leaves=7
num_cat=0
split_feature=2 1 21 13 11 13
split_gain=77.217 83.7989 50.5924 47.3378 56.1414 38.0715
threshold=0.29809015747477707 1.2567171091450702 24.690833333333281 18.64550968658374 0.020435010952106921 56.029617079247956
decision_type=2 2 10 2 2 2
left_child=3 -2 5 4 -1 -3
right_child=1 2 -4 -5 -6 -7
leaf_value=0.014270687798038124 -0.0014371790579008493 0.0016137299164588189 -0.004119414398742337 -0.00047083904271230811 0.00364268833016286 -0.0022995417136477268
leaf_weight=50 3196 2513 179 222 381 267
leaf_count=50 3196 2513 179 222 381 267
internal_value=3.22088e-05 -0.000316577 0.000894543 0.00327496 0.00517128 0.00123099
internal_weight=6808 6155 2959 653 431 2780
internal_count=6808 6155 2959 653 431 2780
is_linear=0
shrinkage=0.01


Tree=382
num_leaves=7
num_cat=0
split_feature=1 14 9 1 13 21
split_gain=75.2044 58.9097 61.5671 64.3502 77.6015 47.8664
threshold=0.92703022936327906 2.5069154200685726 0.0073465637543598554 1.418716518885675 46.414022333654735 16.032500000000013
decision_type=2 2 2 2 2 8
left_child=-1 2 5 -4 -5 -2
right_child=1 -3 3 4 -6 -7
leaf_value=-0.0025595394951345115 0.001703373532542081 -0.0021168462077323178 -2.0022416113215125e-05 0.016176751886220541 0.00039547819457948208 -0.0002897725118778378
leaf_weight=952 2165 763 107 75 50 2696
leaf_count=952 2165 763 107 75 50 2696
internal_value=3.2051e-05 0.000457007 0.000845997 0.00577029 0.0103611 0.000599613
internal_weight=6808 5856 5093 232 125 4861
internal_count=6808 5856 5093 232 125 4861
is_linear=0
shrinkage=0.01


Tree=383
num_leaves=7
num_cat=0
split_feature=2 17 1 9 1 11
split_gain=75.7505 112.786 63.8689 86.7179 38.8974 37.5855
threshold=0.39621381905628006 194.21333333333362 1.4763982188948668 0.0069487483449950918 1.4947250035363717 0.011130594959556159
decision_type=2 8 2 2 2 2
left_child=1 -1 -2 5 -3 -4
right_child=2 4 3 -5 -6 -7
leaf_value=0.01335666031698652 -0.0011952591665983872 0.00071946034124771953 0.0030877831459742802 0.0099263856233150326 0.0058941816419786856 -0.00043176498063437953
leaf_weight=74 3847 1149 412 96 157 1073
leaf_count=74 3847 1149 412 96 157 1073
internal_value=3.19254e-05 0.00211521 -0.000500639 0.00118645 0.0013816 0.000558825
internal_weight=6808 1380 5428 1581 1306 1485
internal_count=6808 1380 5428 1581 1306 1485
is_linear=0
shrinkage=0.01


Tree=384
num_leaves=7
num_cat=0
split_feature=2 0 13 10 2 0
split_gain=74.7164 76.0858 48.7668 58.2394 41.5342 39.4866
threshold=0.28369280561307603 1.2607249096886839 18.64550968658374 0.03529871864335387 0.66563807121760854 1.0371555275104967
decision_type=2 2 2 2 2 2
left_child=2 4 3 -1 5 -2
right_child=1 -3 -4 -5 -6 -7
leaf_value=0.0096410088198116192 -0.00021946795684860354 0.0056040952363345812 -0.00066340451172289597 0.0017610953938984853 -0.001553959421078753 0.0029486608673555299
leaf_weight=172 3328 202 188 205 2277 436
leaf_count=172 3328 202 188 205 2277 436
internal_value=3.20661e-05 -0.000285194 0.00348164 0.0055124 -0.000491057 0.00015435
internal_weight=6808 6243 565 377 6041 3764
internal_count=6808 6243 565 377 6041 3764
is_linear=0
shrinkage=0.01


Tree=385
num_leaves=7
num_cat=0
split_feature=2 7 20 0 19 6
split_gain=73.304 127.73 245.972 73.455 44.1564 40.1941
threshold=0.41777434304545819 683.67465000000004 38.200000000000024 1.2607249096886839 285.9471424434002 1.0000000180025095e-35
decision_type=2 2 10 2 10 2
left_child=1 4 -3 -2 -1 -6
right_child=3 2 -4 -5 5 -7
leaf_value=-0.0039093351054060111 -0.00076014151608836821 0.017697796540867006 -0.0062158914350405117 0.0056064256888992614 0.0024527118747637851 -0.0019623042886878429
leaf_weight=160 5071 116 59 178 971 253
leaf_count=160 5071 116 59 178 971 253
internal_value=3.20024e-05 0.00192891 0.00973527 -0.000533993 0.00087908 0.00153162
internal_weight=6808 1559 175 5249 1384 1224
internal_count=6808 1559 175 5249 1384 1224
is_linear=0
shrinkage=0.01


Tree=386
num_leaves=7
num_cat=0
split_feature=7 13 19 14 19 7
split_gain=60.8547 124.007 160.27 71.8563 82.5812 82.2488
threshold=24.653250000000003 16.265073570448624 289.00750649195658 0.54361967088576424 288.43013679235088 1697.5800000000002
decision_type=2 2 10 2 10 2
left_child=-1 3 -3 4 5 -2
right_child=1 2 -4 -5 -6 -7
leaf_value=-0.0012777347193531816 0.0011348536625954578 -0.0004719835943043498 0.0077915209915376017 -0.0011368344916214967 0.00045196099766959473 0.012393529613812765
leaf_weight=2325 132 438 493 2384 914 122
leaf_count=2325 132 438 493 2384 914 122
internal_value=3.18717e-05 0.0007124 0.00394016 -0.000142301 0.00188006 0.00680718
internal_weight=6808 4483 931 3552 1168 254
internal_count=6808 4483 931 3552 1168 254
is_linear=0
shrinkage=0.01


Tree=387
num_leaves=7
num_cat=0
split_feature=0 12 17 10 13 21
split_gain=70.3684 45.3812 75.2161 76.5315 144.934 44.6956
threshold=1.2607249096886839 2.9727379293480429 213.16166666666678 0.032605189010684155 0.2897988112382342 8.0133333333333869
decision_type=2 2 8 2 2 8
left_child=1 2 3 4 -1 -4
right_child=-2 -3 5 -5 -6 -7
leaf_value=0.015818540855732741 0.0056755325931481249 -0.0014557647979876493 -0.0053838094212175685 -0.00091513256210081731 0.001926107731104857 0.00012221223762049849
leaf_weight=107 204 1890 143 203 219 4042
leaf_count=107 204 1890 143 203 219 4042
internal_value=3.183e-05 -0.000150824 0.000374345 0.0038904 0.00682098 -7.8312e-05
internal_weight=6808 6604 4714 529 326 4185
internal_count=6808 6604 4714 529 326 4185
is_linear=0
shrinkage=0.01


Tree=388
num_leaves=7
num_cat=0
split_feature=1 10 15 3 4 8
split_gain=71.507 54.3888 44.1158 38.9719 26.967 62.6331
threshold=0.92703022936327906 0.016004421638187955 6.8908103722145198 0.21119161604955225 0.03612386338173728 1413.5000000000002
decision_type=2 2 2 2 2 2
left_child=-1 3 4 -2 -3 -6
right_child=1 2 -4 -5 5 -7
leaf_value=-0.0024953378691132764 0.0012283005664255797 0.0002154252975944368 -0.0019445470341194707 0.010224978255794237 0.0059187959474495764 0.00054141591931252612
leaf_weight=952 104 3801 770 85 287 809
leaf_count=952 104 3801 770 85 287 809
internal_value=3.17432e-05 0.00044612 0.0002652 0.00558492 0.000615914 0.00199033
internal_weight=6808 5856 5667 189 4897 1096
internal_count=6808 5856 5667 189 4897 1096
is_linear=0
shrinkage=0.01


Tree=389
num_leaves=7
num_cat=0
split_feature=10 6 10 18 3 11
split_gain=68.2636 49.9616 50.7005 46.9726 38.381 35.7772
threshold=0.016004421638187955 1.0000000180025095e-35 0.039153429752138071 0.017821110889073882 0.079021723885935077 0.0078576713006862295
decision_type=2 2 2 2 2 2
left_child=5 2 3 4 -2 -1
right_child=1 -3 -4 -5 -6 -7
leaf_value=0.0121302829682827 -0.001676289844491026 -0.0021153813391349284 -0.00074014744802661421 0.0056002222496939948 0.0013790786848383106 0.0027416210109976673
leaf_weight=52 500 1067 2706 211 2129 143
leaf_count=52 500 1067 2706 211 2129 143
internal_value=3.16266e-05 -0.000144333 0.000238004 0.00116933 0.000793839 0.00571486
internal_weight=6808 6613 5546 2840 2629 195
internal_count=6808 6613 5546 2840 2629 195
is_linear=0
shrinkage=0.01


Tree=390
num_leaves=7
num_cat=0
split_feature=2 0 17 7 5 2
split_gain=71.7611 71.2186 59.2417 41.5429 90.9331 64.7644
threshold=0.28369280561307603 1.2607249096886839 255.01833333333292 24.653250000000003 1.6723283689422437 0.68153289642720793
decision_type=2 2 8 2 2 2
left_child=2 3 -1 -2 5 -5
right_child=1 -3 -4 4 -6 -7
leaf_value=0.0096784066063701178 -0.0016481536196663485 0.0054184624320774708 0.0017217718204383249 0.0010028457135025097 0.010047361753880976 -0.0015739397284966544
leaf_weight=110 2012 202 455 2233 80 1716
leaf_count=110 2012 202 455 2233 80 1716
internal_value=3.15643e-05 -0.000279358 0.00341223 -0.000478523 0.000108201 -0.000118019
internal_weight=6808 6243 565 6041 4029 3949
internal_count=6808 6243 565 6041 4029 3949
is_linear=0
shrinkage=0.01


Tree=391
num_leaves=7
num_cat=0
split_feature=2 17 11 2 7 2
split_gain=70.4012 58.1772 55.9272 50.3562 50.5248 34.9356
threshold=0.28369280561307603 255.01833333333292 0.011130594959556159 0.6507983648385578 43.570350000000005 0.51723416522362686
decision_type=2 8 2 2 2 2
left_child=1 -1 3 4 -2 -4
right_child=2 -3 5 -5 -6 -7
leaf_value=0.0095896877803800934 6.0507623660024491e-05 0.0017049243501437608 0.0005128929724626134 0.00056831378693153196 0.010776240683435538 -0.0011359673855274425
leaf_weight=110 69 455 1946 370 112 3746
leaf_count=110 69 455 1946 370 112 3746
internal_value=3.16102e-05 0.00338009 -0.000276353 0.00273697 0.00690828 -0.000572339
internal_weight=6808 565 6243 551 181 5692
internal_count=6808 565 6243 551 181 5692
is_linear=0
shrinkage=0.01


Tree=392
num_leaves=7
num_cat=0
split_feature=1 0 18 17 8 11
split_gain=68.6792 59.9149 63.6378 65.5278 68.2578 50.1185
threshold=0.92703022936327906 1.2607249096886839 0.0092476956614456745 194.21333333333362 1354.0000000000002 0.011130594959556159
decision_type=2 2 2 10 2 2
left_child=-1 2 5 4 -4 -2
right_child=1 -3 3 -5 -6 -7
leaf_value=-0.002444993705511008 0.0022866150805156689 0.005657201602457548 0.014360995979881601 0.00096322950437432889 -0.00016062037440750634 -0.0013783546762172649
leaf_weight=952 432 202 66 2695 56 2405
leaf_count=952 432 202 66 2695 56 2405
internal_value=3.16179e-05 0.000437718 0.000241583 0.00130399 0.00818814 -0.000814205
internal_weight=6808 5856 5654 2817 122 2837
internal_count=6808 5856 5654 2817 122 2837
is_linear=0
shrinkage=0.01


Tree=393
num_leaves=7
num_cat=0
split_feature=0 15 9 0 14 22
split_gain=65.709 61.1685 45.8089 49.557 35.9048 35.4191
threshold=1.2607249096886839 2.2109449738759293 -0.001671017565069415 0.81494565101168004 0.52515098751993616 -8.2999999999999812
decision_type=2 2 2 2 2 8
left_child=1 2 4 -4 -1 -5
right_child=-2 -3 3 5 -6 -7
leaf_value=0.00063354683853783067 0.0054852364557821344 -0.0013478152541583134 -0.0017051691662849967 0.0079246675770948925 -0.0023120109412870181 0.0018357913464192661
leaf_weight=948 204 2570 391 92 720 1883
leaf_count=948 204 2570 391 92 720 1883
internal_value=3.15845e-05 -0.000144919 0.000622865 0.00151502 -0.000644118 0.00215792
internal_weight=6808 6604 4034 2366 1668 1975
internal_count=6808 6604 4034 2366 1668 1975
is_linear=0
shrinkage=0.01


Tree=394
num_leaves=7
num_cat=0
split_feature=1 0 14 20 9 14
split_gain=66.6821 57.6404 50.0373 72.274 62.8479 58.9542
threshold=0.92703022936327906 1.2607249096886839 0.54361967088576424 26.700000000000021 0.0094679936677383916 0.090469444658597367
decision_type=2 2 2 8 2 2
left_child=-1 2 3 -2 -4 -5
right_child=1 -3 4 5 -6 -7
leaf_value=-0.0024089138354903296 0.0040865853687969602 0.0055510330656191936 -0.00090346449163491928 -0.0023675950833749941 0.0075841175778510262 0.0013753422721111896
leaf_weight=952 656 202 2900 584 80 1434
leaf_count=952 656 202 2900 584 80 1434
internal_value=3.14229e-05 0.000431575 0.000239194 0.00123 -0.000651007 0.00028582
internal_weight=6808 5856 5654 2674 2980 2018
internal_count=6808 5856 5654 2674 2980 2018
is_linear=0
shrinkage=0.01


Tree=395
num_leaves=7
num_cat=0
split_feature=2 0 17 20 2 11
split_gain=68.0034 65.8449 56.352 40.5189 31.9699 63.0195
threshold=0.28369280561307603 1.2607249096886839 255.01833333333292 16.900000000000038 0.66563807121760854 0.011130594959556159
decision_type=2 2 8 8 2 2
left_child=2 3 -1 -2 5 -5
right_child=1 -3 -4 4 -6 -7
leaf_value=0.0094335968928256388 0.0075826778530233329 0.0052072837601639856 0.0016736962868962239 0.0056490581249571828 -0.0014852320737022131 -0.00027609380160111647
leaf_weight=110 52 202 455 179 2247 3563
leaf_count=110 52 202 455 179 2247 3563
internal_value=3.12981e-05 -0.000271375 0.00332226 -0.000462875 -0.000545254 2.16388e-05
internal_weight=6808 6243 565 6041 5989 3742
internal_count=6808 6243 565 6041 5989 3742
is_linear=0
shrinkage=0.01


Tree=396
num_leaves=7
num_cat=0
split_feature=7 14 20 20 19 22
split_gain=58.2365 105.248 156.571 90.5237 73.9135 58.7422
threshold=24.653250000000003 0.54361967088576424 26.700000000000021 38.000000000000036 289.59662776384687 -0.49999999999997152
decision_type=2 2 8 8 10 10
left_child=-1 2 -2 4 -4 -6
right_child=1 -3 3 -5 5 -7
leaf_value=-0.0012497330052878837 0.008588357037438878 -0.00053562006288437154 -0.0018414272127069719 -0.0040964590082170193 0.010416891111605564 0.0027359474020927231
leaf_weight=2325 340 2722 308 262 108 743
leaf_count=2325 340 2722 308 262 108 743
internal_value=3.13927e-05 0.00069712 0.00259485 0.0011108 0.00231291 0.0038204
internal_weight=6808 4483 1761 1421 1159 851
internal_count=6808 4483 1761 1421 1159 851
is_linear=0
shrinkage=0.01


Tree=397
num_leaves=7
num_cat=0
split_feature=7 13 19 21 14 14
split_gain=57.1009 113.178 157.923 71.45 67.9892 65.4967
threshold=24.653250000000003 16.265073570448624 289.00750649195658 13.935000000000025 0.44647717958283123 0.54361967088576424
decision_type=2 2 10 8 2 2
left_child=-1 5 -3 -4 -5 -2
right_child=1 2 3 4 -6 -7
leaf_value=-0.001237289192137803 0.0018046930500854469 -0.00060276924648600735 0.016402764118012086 0.0022177430952342548 0.010349938022022847 -0.001075595417163718
leaf_weight=2325 1168 438 71 246 176 2384
leaf_count=2325 1168 438 71 246 176 2384
internal_value=3.12843e-05 0.000690489 0.00377408 0.00759733 0.00577044 -0.000126066
internal_weight=6808 4483 931 493 422 3552
internal_count=6808 4483 931 493 422 3552
is_linear=0
shrinkage=0.01


Tree=398
num_leaves=7
num_cat=0
split_feature=10 7 11 18 7 16
split_gain=63.3103 103.789 44.2772 51.4734 87.647 119.289
threshold=0.016004421638187955 79.123500000000021 0.047623304218267402 0.0092476956614456745 353.03220000000005 272.55000000000007
decision_type=2 2 2 2 2 10
left_child=1 -1 3 -2 -5 -6
right_child=2 -3 -4 4 5 -7
leaf_value=-0.00022806102125001932 -0.00087100546249545621 0.014308509003876905 -0.0041042405468653198 0.00017903252315733007 0.010981634322112721 0.0011028851491476719
leaf_weight=124 3167 71 260 2656 180 350
leaf_count=124 3167 71 260 2656 180 350
internal_value=3.13801e-05 0.00550453 -0.000138076 3.04362e-05 0.000926424 0.00459917
internal_weight=6808 195 6613 6353 3186 530
internal_count=6808 195 6613 6353 3186 530
is_linear=0
shrinkage=0.01


Tree=399
num_leaves=7
num_cat=0
split_feature=2 10 13 19 13 10
split_gain=66.1419 55.899 54.8245 48.8639 46.3137 48.5761
threshold=0.29809015747477707 0.015215726706557865 31.757801566699914 296.88733848182932 18.64550968658374 0.03529871864335387
decision_type=2 2 2 10 2 2
left_child=3 2 -2 4 5 -1
right_child=1 -3 -4 -5 -6 -7
leaf_value=0.009915604333686566 0.012012808669565453 -0.00044664121560054583 0.0002477284317666834 -0.0036794425699433002 0.00016841175435939267 0.0025676561798900367
leaf_weight=171 62 6004 89 86 198 198
leaf_count=171 62 6004 89 86 198 198
internal_value=3.13797e-05 -0.000291428 0.00552452 0.00303258 0.00409675 0.00614458
internal_weight=6808 6155 151 653 567 369
internal_count=6808 6155 151 653 567 369
is_linear=0
shrinkage=0.01


Tree=400
num_leaves=7
num_cat=0
split_feature=2 17 11 14 14 8
split_gain=64.9262 54.216 50.4069 69.3517 32.0549 49.9785
threshold=0.28369280561307603 255.01833333333292 0.011130594959556159 0.17021881020370608 0.99808018419407829 936.00000000000011
decision_type=2 8 2 2 2 2
left_child=1 -1 3 -2 -4 -6
right_child=2 -3 4 -5 5 -7
leaf_value=0.009241197139985162 0.0080909157988895298 0.0016302989143277369 -3.9742511257297613e-05 0.00033761359191796111 0.0054294211195879865 -0.0020443836236832386
leaf_weight=110 153 455 3920 398 85 1687
leaf_count=110 153 455 3920 398 85 1687
internal_value=3.13708e-05 0.00324701 -0.000264377 0.00259637 -0.000545372 -0.00165742
internal_weight=6808 565 6243 551 5692 1772
internal_count=6808 565 6243 551 5692 1772
is_linear=0
shrinkage=0.01


Tree=401
num_leaves=7
num_cat=0
split_feature=1 0 7 12 20 5
split_gain=63.3594 55.2823 40.4683 83.157 114.743 70.4258
threshold=0.92703022936327906 1.2607249096886839 24.653250000000003 0.0023971633962816502 38.200000000000024 1.4900900041759915
decision_type=2 2 2 2 8 2
left_child=-1 2 -2 4 5 -4
right_child=1 -3 3 -5 -6 -7
leaf_value=-0.0023473724601872597 -0.00092591493203949291 0.0054350832644737444 0.0026457192947359717 -0.0007425831290589391 -0.0039191049785696737 0.011045947408786528
leaf_weight=952 1959 202 1607 1737 253 98
leaf_count=952 1959 202 1607 1737 253 98
internal_value=3.13893e-05 0.000421443 0.000233041 0.000848333 0.00225628 0.00319014
internal_weight=6808 5856 5654 3695 1958 1705
internal_count=6808 5856 5654 3695 1958 1705
is_linear=0
shrinkage=0.01


Tree=402
num_leaves=7
num_cat=0
split_feature=15 5 16 16 21 19
split_gain=52.2479 60.8427 73.8901 58.1411 39.5747 115.196
threshold=2.2109449738759293 1.4290195941402677 320.4500000000001 325.25000000000006 17.628333333333362 290.79771497773032
decision_type=2 2 10 8 8 10
left_child=1 4 -3 -2 -1 -6
right_child=3 2 -4 -5 5 -7
leaf_value=0.0013032871552981324 -0.0017732716590697698 0.0087222136331243684 -0.0043429507563511535 0.0018576844445083438 -0.0073858094461262229 0.00031699124386633715
leaf_weight=2244 2172 172 50 544 215 1411
leaf_count=2244 2172 172 50 544 215 1411
internal_value=3.12395e-05 0.000744299 0.00571925 -0.00104186 0.000444909 -0.000740442
internal_weight=6808 4092 222 2716 3870 1626
internal_count=6808 4092 222 2716 3870 1626
is_linear=0
shrinkage=0.01


Tree=403
num_leaves=7
num_cat=0
split_feature=10 13 15 16 5 8
split_gain=59.7659 87.637 41.2088 52.9121 46.5962 92.7915
threshold=0.016004421638187955 36.037860194726278 1.0502361812124541 328.85000000000008 1.1898361925290739 1456.0000000000002
decision_type=2 2 2 8 2 2
left_child=1 -1 4 -4 -2 -6
right_child=2 -3 3 -5 5 -7
leaf_value=0.012525251331508801 0.00016915869170895493 -0.00056045916832250656 -0.0015597939309603037 0.0019923933906725562 0.0094037598570024493 -3.0023517080377587e-05
leaf_weight=83 3128 112 2565 492 161 267
leaf_count=83 3128 112 2565 492 161 267
internal_value=3.0908e-05 0.00534865 -0.000133737 -0.000983465 0.000597461 0.00365234
internal_weight=6808 195 6613 3057 3556 428
internal_count=6808 195 6613 3057 3556 428
is_linear=0
shrinkage=0.01


Tree=404
num_leaves=7
num_cat=0
split_feature=2 7 20 11 12 11
split_gain=63.4588 97.9597 227.064 44.7889 43.0166 28.8281
threshold=0.39621381905628006 683.67465000000004 38.200000000000024 0.011130594959556159 0.0079365820836721519 0.011270073272221071
decision_type=2 2 10 2 2 2
left_child=1 -1 -3 4 -2 -5
right_child=3 2 -4 5 -6 -7
leaf_value=0.00095183033392839348 0.0046509355648131738 0.017364000277261118 -0.0066549698461312798 -0.0065714478388517383 -0.00098011990356985912 -0.00065652787680936726
leaf_weight=1224 307 102 54 74 232 4815
leaf_count=1224 307 102 54 74 232 4815
internal_value=3.09207e-05 0.0019377 0.0091497 -0.000456526 0.00225347 -0.000759287
internal_weight=6808 1380 156 5428 539 4889
internal_count=6808 1380 156 5428 539 4889
is_linear=0
shrinkage=0.01


Tree=405
num_leaves=7
num_cat=0
split_feature=10 7 14 7 9 10
split_gain=58.2253 98.8135 41.9959 47.8389 51.2423 34.8494
threshold=0.016004421638187955 79.123500000000021 0.99808018419407829 24.653250000000003 0.0073465637543598554 0.039153429752138071
decision_type=2 2 2 2 2 2
left_child=1 -1 3 -2 5 -5
right_child=2 -3 -4 4 -6 -7
leaf_value=-0.00030731197126876951 -0.00098427998089693704 0.013870053192899552 -0.0013805507028234671 0.0017575711433118152 0.0089732197587044892 -0.00046054342811951727
leaf_weight=124 1664 71 1905 1825 71 1148
leaf_count=124 1664 71 1905 1825 71 1148
internal_value=3.07304e-05 0.00527949 -0.000131779 0.000375367 0.00111941 0.000902391
internal_weight=6808 195 6613 4708 3044 2973
internal_count=6808 195 6613 4708 3044 2973
is_linear=0
shrinkage=0.01


Tree=406
num_leaves=7
num_cat=0
split_feature=10 7 14 7 9 17
split_gain=57.2051 97.0865 41.1729 46.9047 50.3616 50.0964
threshold=0.016004421638187955 79.123500000000021 0.99808018419407829 24.653250000000003 0.0073465637543598554 215.22333333333282
decision_type=2 2 2 2 2 8
left_child=1 -1 3 -2 5 -5
right_child=2 -3 -4 4 -6 -7
leaf_value=-0.00030446825326601072 -0.0009744959858665771 0.013748476241289833 -0.001366817290456382 0.0040302109100103876 0.0088945656863075716 0.00035649077867301024
leaf_weight=124 1664 71 1905 425 71 2548
leaf_count=124 1664 71 1905 425 71 2548
internal_value=3.0738e-05 0.00523331 -0.000130342 0.00037181 0.00110855 0.000893411
internal_weight=6808 195 6613 4708 3044 2973
internal_count=6808 195 6613 4708 3044 2973
is_linear=0
shrinkage=0.01


Tree=407
num_leaves=7
num_cat=0
split_feature=7 14 21 7 8 21
split_gain=52.5054 94.8237 140.839 105.515 101.146 115.063
threshold=24.653250000000003 0.54361967088576424 17.926666666666687 1697.5800000000002 914.50000000000011 16.57166666666669
decision_type=2 2 8 2 2 10
left_child=-1 2 3 -2 5 -3
right_child=1 4 -4 -5 -6 -7
leaf_value=-0.0011856679332211248 0.0034839044851846953 -0.00049710144970458055 -0.00069163875216242843 0.012426810649871502 -0.0010893292537734072 0.013626591768832162
leaf_weight=2325 826 128 784 151 2500 94
leaf_count=2325 826 128 784 151 2500 94
internal_value=3.07882e-05 0.000662909 0.0024642 0.00497797 -0.000507193 0.00581278
internal_weight=6808 4483 1761 977 2722 222
internal_count=6808 4483 1761 977 2722 222
is_linear=0
shrinkage=0.01


Tree=408
num_leaves=7
num_cat=0
split_feature=2 0 17 5 6 2
split_gain=62.3552 61.9563 51.8157 34.5477 50.6341 36.1734
threshold=0.28369280561307603 1.2607249096886839 255.01833333333292 1.6723283689422437 1.0000000180025095e-35 0.66563807121760854
decision_type=2 2 8 2 2 2
left_child=2 3 -1 4 5 -2
right_child=1 -3 -4 -5 -6 -7
leaf_value=0.0090423247014793269 0.00046725788110306264 0.0050554335938617235 0.0016014667470008134 0.0044317476514359596 -0.0027876709051694931 -0.0012856455832148366
leaf_weight=110 3198 202 455 132 861 1850
leaf_count=110 3198 202 455 132 861 1850
internal_value=3.08627e-05 -0.00025897 0.00318219 -0.000444735 -0.000560973 -0.000176421
internal_weight=6808 6243 565 6041 5909 5048
internal_count=6808 6243 565 6041 5909 5048
is_linear=0
shrinkage=0.01


Tree=409
num_leaves=7
num_cat=0
split_feature=2 20 13 18 14 13
split_gain=61.2381 42.1193 41.8063 44.7882 39.0371 59.9828
threshold=0.29809015747477707 16.900000000000038 18.64550968658374 0.028131440974973342 0.99808018419407829 44.975885291502607
decision_type=2 8 2 2 2 2
left_child=2 -2 3 -1 -3 -6
right_child=1 4 -4 -5 5 -7
leaf_value=0.0068065229013823097 0.0076069620268335979 0.00016378298338465201 -0.00059536657195763084 -0.00011420871144057147 -0.0020361711448811568 0.0052304234011976624
leaf_weight=297 57 4243 222 134 1743 112
leaf_count=297 57 4243 222 134 1743 112
internal_value=3.07965e-05 -0.000279815 0.0029186 0.00470104 -0.000365869 -0.00157174
internal_weight=6808 6155 653 431 6098 1855
internal_count=6808 6155 653 431 6098 1855
is_linear=0
shrinkage=0.01


Tree=410
num_leaves=7
num_cat=0
split_feature=2 17 0 0 10 2
split_gain=60.3215 85.6976 63.4582 37.3462 81.0187 34.4098
threshold=0.51723416522362686 177.8566666666664 1.1284235475765456 1.0704508661320939 0.020514815614249404 0.23918578090085316
decision_type=2 8 2 2 2 2
left_child=1 -1 3 -2 -5 -3
right_child=2 5 -4 4 -6 -7
leaf_value=0.0099186055609153233 -0.00083362416542915631 0.0037237583527325833 0.00369703133716477 0.0042217577809933573 -0.010381407641198324 0.00036576031082887275
leaf_weight=99 3790 347 295 50 105 2122
leaf_count=99 3790 347 295 50 105 2122
internal_value=3.07388e-05 0.00123751 -0.000701349 -0.00103877 -0.00570034 0.00085082
internal_weight=6808 2568 4240 3945 155 2469
internal_count=6808 2568 4240 3945 155 2469
is_linear=0
shrinkage=0.01


Tree=411
num_leaves=7
num_cat=0
split_feature=1 2 7 16 19 0
split_gain=59.3587 59.75 94.1214 133.038 50.9914 50.7203
threshold=0.92703022936327906 0.40801796184670064 683.67465000000004 273.9500000000001 285.9471424434002 1.2607249096886839
decision_type=2 2 2 10 10 2
left_child=-1 2 4 -4 -2 -3
right_child=1 5 3 -5 -6 -7
leaf_value=-0.0022718481247092108 -0.0042421356899876323 -0.00037140373336179254 0.017611163659335186 -0.00047234218279343279 0.0020069665833340232 0.0049211316074185543
leaf_weight=952 139 4312 79 74 1073 179
leaf_count=952 139 4312 79 74 1073 179
internal_value=3.05885e-05 0.000408127 0.00223213 0.0093725 0.00126143 -0.000149992
internal_weight=6808 5856 1365 153 1212 4491
internal_count=6808 5856 1365 153 1212 4491
is_linear=0
shrinkage=0.01


Tree=412
num_leaves=7
num_cat=0
split_feature=2 11 14 9 8 3
split_gain=58.3521 45.0052 66.1851 34.4779 56.5557 45.655
threshold=0.28369280561307603 0.011130594959556159 0.17021881020370608 0.0050390008728311087 1354.0000000000002 0.079021723885935077
decision_type=2 2 2 2 2 2
left_child=-1 2 -2 5 -5 -3
right_child=1 3 -4 4 -6 -7
leaf_value=0.0030790327679041936 0.0078207285741081264 -0.0033045656613569759 0.00024881124688202842 0.0065032183840410427 -0.00034511226720697298 -0.00041824326562608916
leaf_weight=565 153 614 398 168 371 4539
leaf_count=565 153 614 398 168 371 4539
internal_value=3.05346e-05 -0.000249841 0.00245329 -0.000515355 0.00186901 -0.000767894
internal_weight=6808 6243 551 5692 539 5153
internal_count=6808 6243 551 5692 539 5153
is_linear=0
shrinkage=0.01


Tree=413
num_leaves=7
num_cat=0
split_feature=0 7 5 5 19 12
split_gain=56.6654 46.0181 85.6167 47.8271 42.4356 43.1269
threshold=1.2607249096886839 24.653250000000003 1.0460374646361117 1.7945834038379911 282.70884993495787 0.0044231809480558505
decision_type=2 2 2 2 10 2
left_child=1 -1 -3 4 -4 -6
right_child=-2 2 3 -5 5 -7
leaf_value=-0.0012663084084918019 0.0050948981404583026 -0.00022639238564168171 -0.005200947241462541 0.011468571920448273 0.0052893535784832493 0.0004204017826833013
leaf_weight=2316 204 3436 56 57 421 318
leaf_count=2316 204 3436 56 57 421 318
internal_value=3.04285e-05 -0.000133481 0.000479895 0.00329784 0.00257682 0.00322777
internal_weight=6808 6604 4288 852 795 739
internal_count=6808 6604 4288 852 795 739
is_linear=0
shrinkage=0.01


Tree=414
num_leaves=7
num_cat=0
split_feature=2 7 16 0 19 7
split_gain=58.1463 209.062 104.154 60.2832 48.7299 50.3158
threshold=0.51723416522362686 683.67465000000004 272.55000000000007 1.1284235475765456 285.9471424434002 15.902550000000003
decision_type=2 2 10 2 10 2
left_child=1 4 -3 -2 -1 -6
right_child=3 2 -4 -5 5 -7
leaf_value=-0.0035007160507700709 -0.0010172749163993024 0.016098965013129567 0.0027939020138647817 0.003598556494211719 -0.00085122402468253448 0.0022818839009354848
leaf_weight=287 3945 121 116 295 947 1097
leaf_count=287 3945 121 116 295 947 1097
internal_value=3.03527e-05 0.00121517 0.00996355 -0.000688415 0.000286934 0.000833215
internal_weight=6808 2568 237 4240 2331 2044
internal_count=6808 2568 237 4240 2331 2044
is_linear=0
shrinkage=0.01


Tree=415
num_leaves=7
num_cat=0
split_feature=2 14 14 18 4 4
split_gain=57.025 35.4745 126.235 124.275 44.2276 36.1942
threshold=0.51723416522362686 0.081748617884687055 0.084576290118964961 0.013021417120087676 0.082455117473133152 -0.042850311457024552
decision_type=2 2 2 2 2 2
left_child=1 4 3 -3 -1 -5
right_child=-2 2 -4 5 -6 -7
leaf_value=-0.003643124842508273 -0.00068146984573655683 0.017858819963594716 0.00089320982920182532 0.0078184569276248412 0.0049186621190836803 -0.0025705247248212497
leaf_weight=265 4240 81 2036 50 68 68
leaf_count=265 4240 81 2036 50 68 68
internal_value=3.03338e-05 0.00120367 0.00165758 0.00906105 -0.00180234 0.00209849
internal_weight=6808 2568 2235 199 333 118
internal_count=6808 2568 2235 199 333 118
is_linear=0
shrinkage=0.01


Tree=416
num_leaves=7
num_cat=0
split_feature=1 2 17 0 2 17
split_gain=56.9322 57.1209 58.5464 50.5708 39.2836 62.6109
threshold=0.92703022936327906 0.23918578090085316 250.73666666666688 1.2607249096886839 0.69483561943822048 152.12000000000066
decision_type=2 2 8 2 2 8
left_child=-1 2 -2 4 5 -3
right_child=1 3 -4 -5 -6 -7
leaf_value=-0.0022244943291791245 0.011570570669629994 0.0087815853292017836 0.0019153254274073439 0.0049656012675924491 -0.0014310447326842278 0.00029467676569152056
leaf_weight=952 75 79 262 200 1457 3783
leaf_count=952 75 79 262 200 1457 3783
internal_value=3.03912e-05 0.000400131 0.00433564 0.000152415 -3.75441e-05 0.000490514
internal_weight=6808 5856 337 5519 5319 3862
internal_count=6808 5856 337 5519 5319 3862
is_linear=0
shrinkage=0.01


Tree=417
num_leaves=7
num_cat=0
split_feature=1 2 20 8 8 21
split_gain=55.8283 56.2598 57.0034 115.306 132.063 52.9842
threshold=0.92703022936327906 0.40801796184670064 37.800000000000018 1413.5000000000002 1119.5000000000002 8.0133333333333869
decision_type=2 2 8 2 2 10
left_child=-1 2 3 4 -2 -5
right_child=1 -3 -4 5 -6 -7
leaf_value=-0.0022024806348578869 0.0013164893430694352 -0.00014499803410543416 -0.0056223552088054372 -0.0078967009556169306 0.016370351786414782 0.001787536976910612
leaf_weight=952 117 4491 79 50 110 1009
leaf_count=952 117 4491 79 50 110 1009
internal_value=3.04374e-05 0.000396575 0.00216651 0.00268467 0.00899425 0.00126071
internal_weight=6808 5856 1365 1286 227 1059
internal_count=6808 5856 1365 1286 227 1059
is_linear=0
shrinkage=0.01


Tree=418
num_leaves=7
num_cat=0
split_feature=0 15 17 15 17 21
split_gain=53.8924 45.6768 54.6259 70.5783 38.8471 46.3074
threshold=1.2607249096886839 2.2109449738759293 215.22333333333282 0.10526457571236232 222.43833333333376 11.057500000000035
decision_type=2 2 8 2 10 10
left_child=1 2 3 -1 -4 -6
right_child=-2 -3 4 -5 5 -7
leaf_value=-0.0042427398067342173 0.0049691831770300792 -0.0011691279057074924 -0.0047239607576921114 0.0052970768177864266 -0.0031337290832287173 0.000711801926174783
leaf_weight=87 204 2570 150 414 339 3044
leaf_count=87 204 2570 150 414 339 3044
internal_value=3.0186e-05 -0.000129664 0.000533816 0.00358985 9.15433e-05 0.000318353
internal_weight=6808 6604 4034 501 3533 3383
internal_count=6808 6604 4034 501 3533 3383
is_linear=0
shrinkage=0.01


Tree=419
num_leaves=7
num_cat=0
split_feature=1 6 9 15 0 17
split_gain=54.469 50.4356 129.901 60.1884 48.5614 32.6975
threshold=0.92703022936327906 1.0000000180025095e-35 0.0087051601596763954 7.8200350872443201 1.2607249096886839 208.63000000000019
decision_type=2 2 2 2 2 8
left_child=-1 3 -3 4 5 -2
right_child=1 2 -4 -5 -6 -7
leaf_value=-0.0021757177013329403 0.0034224300303228399 -0.0027730746910315774 0.012011882127262652 -0.002284410603672707 0.0064924623095710954 0.00065523928597170222
leaf_weight=952 473 850 54 556 156 3767
leaf_count=952 473 850 54 556 156 3767
internal_value=2.98505e-05 0.000391504 -0.00176814 0.000788522 0.00118148 0.000971264
internal_weight=6808 5856 904 4952 4396 4240
internal_count=6808 5856 904 4952 4396 4240
is_linear=0
shrinkage=0.01


Tree=420
num_leaves=7
num_cat=0
split_feature=1 0 9 19 10 9
split_gain=53.4071 46.69 44.9682 75.6079 36.848 28.0678
threshold=0.92703022936327906 1.2607249096886839 0.0094679936677383916 292.87819922770478 0.023116111152882968 0.00054545454545454439
decision_type=2 2 2 10 2 2
left_child=-1 2 -2 -4 -3 -6
right_child=1 4 3 -5 5 -7
leaf_value=-0.0021541866814090071 7.224417843923204e-05 0.011164353020044404 0.012872228352990869 -0.0015780708950777083 0.0057689503904178067 -0.0025537865778261963
leaf_weight=952 5523 57 63 68 78 67
leaf_count=952 5523 57 63 68 78 67
internal_value=2.97771e-05 0.000387887 0.000214744 0.00579137 0.00499546 0.00200662
internal_weight=6808 5856 5654 131 202 145
internal_count=6808 5856 5654 131 202 145
is_linear=0
shrinkage=0.01


Tree=421
num_leaves=7
num_cat=0
split_feature=0 5 6 9 5 17
split_gain=51.077 40.1251 52.99 37.6062 42.4328 37.065
threshold=1.2607249096886839 1.0246166936642653 1.0000000180025095e-35 0.0014863281483831587 0.87104695929672726 192.45499999999959
decision_type=2 2 2 2 2 10
left_child=1 2 3 4 -1 -3
right_child=-2 5 -4 -5 -6 -7
leaf_value=-0.00048847765293790781 0.0048380822913773429 0.0088203532290127545 -0.0031447880841959596 -0.0040080723773871221 0.0018735119023913869 0.00096923289421912777
leaf_weight=3208 204 53 672 229 986 1456
leaf_count=3208 204 53 672 229 986 1456
internal_value=2.98254e-05 -0.000125794 -0.000550162 -0.000149748 6.99564e-05 0.00130124
internal_weight=6808 6604 5095 4423 4194 1509
internal_count=6808 6604 5095 4423 4194 1509
is_linear=0
shrinkage=0.01


Tree=422
num_leaves=7
num_cat=0
split_feature=2 1 9 19 20 10
split_gain=54.5252 56.6714 91.0168 46.0774 42.7982 34.6397
threshold=0.29809015747477707 1.2567171091450702 0.0094679936677383916 296.88733848182932 40.300000000000018 0.015215726706557865
decision_type=2 2 2 10 8 2
left_child=3 -2 4 -1 5 -3
right_child=1 2 -4 -5 -6 -7
leaf_value=0.0037895712547398011 -0.0011849726832705309 0.0054198019881103489 0.011393095349463134 -0.0037530510911407571 -0.0050155129227923215 0.00044433522054347727
leaf_weight=567 3196 138 68 86 127 2626
leaf_count=567 3196 138 68 86 127 2626
internal_value=2.96571e-05 -0.000263437 0.000732548 0.00275458 0.00044339 0.000711391
internal_weight=6808 6155 2959 653 2891 2764
internal_count=6808 6155 2959 653 2891 2764
is_linear=0
shrinkage=0.01


Tree=423
num_leaves=7
num_cat=0
split_feature=1 18 10 22 10 3
split_gain=51.4121 44.1112 63.3845 56.678 52.048 36.4349
threshold=0.92703022936327906 0.0092476956614456745 0.025593909851723873 14.700000000000019 0.016004421638187955 0.21119161604955225
decision_type=2 2 2 8 2 2
left_child=-1 3 -3 4 5 -2
right_child=1 2 -4 -5 -6 -7
leaf_value=-0.0021132624075617511 0.00046173944190214174 0.0060713343820590305 0.00080452271111098629 -0.0079452511557967075 -0.00056421210720023548 0.0092250279650876402
leaf_weight=952 97 241 2613 88 2732 85
leaf_count=952 97 241 2613 88 2732 85
internal_value=2.95232e-05 0.000380881 0.00126891 -0.000464781 -0.000212478 0.00482179
internal_weight=6808 5856 2854 3002 2914 182
internal_count=6808 5856 2854 3002 2914 182
is_linear=0
shrinkage=0.01


Tree=424
num_leaves=7
num_cat=0
split_feature=1 10 11 20 15 20
split_gain=50.4504 37.5175 36.0774 55.3998 30.2932 39.1169
threshold=0.96956593939825053 0.016004421638187955 0.0078576713006862295 29.400000000000038 6.8908103722145198 38.500000000000036
decision_type=2 2 2 8 2 10
left_child=-1 2 -2 -4 5 -3
right_child=1 4 3 -5 -6 -7
leaf_value=-0.0017901008183785554 0.0110561486766223 0.0008170830296997918 0.0076604731922799898 -0.0042511331515852364 -0.001696911467006858 -0.0026537584078311122
leaf_weight=1236 52 4372 67 70 670 341
leaf_count=1236 52 4372 67 70 670 341
internal_value=2.93151e-05 0.000435388 0.00469973 0.00169909 0.000277228 0.00056087
internal_weight=6808 5572 189 137 5383 4713
internal_count=6808 5572 189 137 5383 4713
is_linear=0
shrinkage=0.01


Tree=425
num_leaves=7
num_cat=0
split_feature=2 1 17 14 10 3
split_gain=52.9347 53.067 47.4519 35.2134 48.026 32.5467
threshold=0.28369280561307603 1.2567171091450702 255.01833333333292 2.1107138664934415 0.014863896224169854 0.079021723885935077
decision_type=2 2 8 2 2 2
left_child=2 5 -1 4 -3 -2
right_child=1 3 -4 -5 -6 -7
leaf_value=0.0085386935062706469 -0.0029646519496999125 0.0083755419321957687 0.0014229174318012372 -0.0027740918703734901 0.00081635826472604988 -0.00057619604345006013
leaf_weight=110 729 77 455 253 2649 2535
leaf_count=110 729 77 455 253 2649 2535
internal_value=2.9156e-05 -0.000237888 0.0029327 0.000725923 0.00105971 -0.00111707
internal_weight=6808 6243 565 2979 2726 3264
internal_count=6808 6243 565 2979 2726 3264
is_linear=0
shrinkage=0.01


Tree=426
num_leaves=7
num_cat=0
split_feature=2 17 7 13 19 17
split_gain=51.9915 57.5026 45.7776 85.7197 134.601 91.1778
threshold=0.23918578090085316 250.73666666666688 24.653250000000003 16.265073570448624 289.00750649195658 248.35333333333298
decision_type=2 8 2 2 10 10
left_child=1 -1 -2 -4 5 -5
right_child=2 -3 3 4 -6 -7
leaf_value=0.010840929494520953 -0.001378539164030792 0.0014581421394225047 -0.00031064517060676441 0.00295607871480067 0.0067761628956456354 -0.0062557887033589422
leaf_weight=76 2127 289 3425 245 470 176
leaf_count=76 2127 289 3425 245 470 176
internal_value=2.90527e-05 0.00364881 -0.000181346 0.000410475 0.00315514 -0.000950758
internal_weight=6808 365 6443 4316 891 421
internal_count=6808 365 6443 4316 891 421
is_linear=0
shrinkage=0.01


Tree=427
num_leaves=7
num_cat=0
split_feature=0 20 14 20 22 8
split_gain=48.8389 39.4072 38.0254 36.1052 31.5342 30.6566
threshold=1.2607249096886839 16.900000000000038 0.99808018419407829 24.800000000000015 -0.99999999999997147 936.00000000000011
decision_type=2 8 2 10 10 2
left_child=1 -1 -3 -4 -2 -5
right_child=4 2 3 5 -6 -7
leaf_value=0.0077483640640737522 0.00012324141376480763 0.00029643315011563702 -0.0066200920547229971 0.004418593756384169 0.0079388250756476618 -0.0013107394631579068
leaf_weight=53 88 4608 113 89 116 1741
leaf_count=53 88 4608 113 89 116 1741
internal_value=2.89688e-05 -0.000123202 -0.000198599 -0.00136812 0.0047307 -0.0010096
internal_weight=6808 6604 6551 1943 204 1830
internal_count=6808 6604 6551 1943 204 1830
is_linear=0
shrinkage=0.01


Tree=428
num_leaves=7
num_cat=0
split_feature=7 12 9 20 7 11
split_gain=48.7779 76.1 72.5229 60.9268 90.1144 74.1028
threshold=24.653250000000003 2.9727379293480429 0.0073465637543598554 38.200000000000024 683.67465000000004 0.012074688564881543
decision_type=2 2 2 8 2 2
left_child=-1 2 3 4 -2 -6
right_child=1 -3 -4 -5 5 -7
leaf_value=-0.0011436161028846451 0.0010150226459304387 -0.0011397257830990913 0.0098821821030886745 -0.0028361508248272004 -0.0019983373299303853 0.0087026983843652272
leaf_weight=2325 2160 1561 92 310 79 281
leaf_count=2325 2160 1561 92 310 79 281
internal_value=2.88639e-05 0.000638134 0.00158856 0.00128509 0.00180128 0.00636387
internal_weight=6808 4483 2922 2830 2520 360
internal_count=6808 4483 2922 2830 2520 360
is_linear=0
shrinkage=0.01


Tree=429
num_leaves=7
num_cat=0
split_feature=2 7 20 21 0 7
split_gain=51.2613 79.7057 209.007 47.2941 47.281 29.4474
threshold=0.3920993584943207 683.67465000000004 37.60000000000003 7.7108333333333272 1.2607249096886839 15.600150000000001
decision_type=2 2 10 10 2 2
left_child=1 3 -3 -1 -2 -5
right_child=4 2 -4 5 -6 -7
leaf_value=-0.0071758799176609165 -0.00058140332101345711 0.016831640786527154 -0.0065023085928987709 -0.0003363776360394241 0.0044460882529731571 0.0028560090982955293
leaf_weight=59 5271 94 54 543 184 603
leaf_count=59 5271 94 54 543 184 603
internal_value=2.87583e-05 0.0017637 0.00844521 0.000880314 -0.000403998 0.00135356
internal_weight=6808 1353 148 1205 5455 1146
internal_count=6808 1353 148 1205 5455 1146
is_linear=0
shrinkage=0.01


Tree=430
num_leaves=7
num_cat=0
split_feature=1 6 5 0 0 1
split_gain=48.1169 49.3755 58.084 52.1656 50.2102 37.0672
threshold=0.92703022936327906 1.0000000180025095e-35 1.6723283689422437 1.0704508661320939 1.2607249096886839 1.8910295415699132
decision_type=2 2 2 2 2 2
left_child=-1 4 5 -4 -2 -3
right_child=1 2 3 -5 -6 -7
leaf_value=-0.0020443675800205846 0.00057296883727521615 -0.0017064357768322754 0.011394478362053633 -0.0018618761375546456 0.0061701000495869894 -0.0074946387553656551
leaf_weight=952 4796 675 50 54 156 125
leaf_count=952 4796 675 50 54 156 125
internal_value=2.86106e-05 0.000368522 -0.00176825 0.00495183 0.000761371 -0.0026922
internal_weight=6808 5856 904 104 4952 800
internal_count=6808 5856 904 104 4952 800
is_linear=0
shrinkage=0.01


Tree=431
num_leaves=7
num_cat=0
split_feature=7 12 15 15 5 19
split_gain=47.4566 73.5363 82.6523 73.9517 44.7788 63.1531
threshold=24.653250000000003 2.9727379293480429 10.696579570763875 0.030934903550321854 1.0460374646361117 289.39525567509094
decision_type=2 2 2 2 2 10
left_child=-1 2 3 -2 -5 -6
right_child=1 -3 -4 4 5 -7
leaf_value=-0.0011280932347953933 -0.0026495717108672178 -0.0011183035329848593 -0.0056332832654118793 0.0016844075133611279 0.0012715187859643625 0.0074436258684681166
leaf_weight=2325 303 1561 142 1805 304 368
leaf_count=2325 303 1561 142 1805 304 368
internal_value=2.83983e-05 0.000629361 0.00156363 0.00195012 0.00252117 0.00471107
internal_weight=6808 4483 2922 2780 2477 672
internal_count=6808 4483 2922 2780 2477 672
is_linear=0
shrinkage=0.01


Tree=432
num_leaves=7
num_cat=0
split_feature=10 13 11 9 18 10
split_gain=46.7077 80.5853 38.0166 54.8809 43.9052 62.5529
threshold=0.016004421638187955 36.037860194726278 0.047623304218267402 0.0094679936677383916 0.0092476956614456745 0.025593909851723873
decision_type=2 2 2 2 2 2
left_child=1 -1 3 4 -2 -6
right_child=2 -3 -4 -5 5 -7
leaf_value=0.011613451389856236 -0.00092734641638691996 -0.00090634225356224615 -0.0037925253826262503 0.0066811654731997704 0.0055774686322641754 0.00033209053778301468
leaf_weight=83 3124 112 260 112 237 2880
leaf_count=83 3124 112 260 112 237 2880
internal_value=2.81124e-05 0.00472916 -0.00011744 3.86885e-05 -9.10138e-05 0.000747482
internal_weight=6808 195 6613 6353 6241 3117
internal_count=6808 195 6613 6353 6241 3117
is_linear=0
shrinkage=0.01


Tree=433
num_leaves=7
num_cat=0
split_feature=7 10 16 9 6 10
split_gain=46.704 80.1095 66.9003 46.8337 41.9323 36.8848
threshold=24.653250000000003 0.021234974916484069 330.15000000000009 0.0061735416514486306 1.0000000180025095e-35 0.048030701110568126
decision_type=2 2 10 2 2 2
left_child=4 2 3 -2 -1 -3
right_child=1 5 -4 -5 -6 -7
leaf_value=-0.00057244733001091618 0.0042365055375963526 0.00088563048925215603 -0.0057162778762479627 0.013836571688335093 -0.0044236476243417148 -0.0011006218238231865
leaf_weight=2005 381 2529 50 53 320 1470
leaf_count=2005 381 2529 50 53 320 1470
internal_value=2.81038e-05 0.000624281 0.00442348 0.00569409 -0.00111918 0.000154576
internal_weight=6808 4483 484 434 2325 3999
internal_count=6808 4483 484 434 2325 3999
is_linear=0
shrinkage=0.01


Tree=434
num_leaves=7
num_cat=0
split_feature=7 10 16 9 6 10
split_gain=45.8002 78.6085 65.7293 46.1128 41.1262 36.1548
threshold=24.653250000000003 0.021234974916484069 330.15000000000009 0.0061735416514486306 1.0000000180025095e-35 0.048030701110568126
decision_type=2 2 10 2 2 2
left_child=4 2 3 -2 -1 -3
right_child=1 5 -4 -5 -6 -7
leaf_value=-0.00056675126646569109 0.0041952239820326363 0.00087680904317095714 -0.0056686420775949953 0.013720168906544884 -0.0043807516163461985 -0.0010896899743148005
leaf_weight=2005 381 2529 50 53 320 1470
leaf_count=2005 381 2529 50 53 320 1470
internal_value=2.79275e-05 0.000618309 0.00438175 0.00564122 -0.0011082 0.000153025
internal_weight=6808 4483 484 434 2325 3999
internal_count=6808 4483 484 434 2325 3999
is_linear=0
shrinkage=0.01


Tree=435
num_leaves=7
num_cat=0
split_feature=2 17 1 9 6 22
split_gain=50.2729 55.1222 49.0708 85.8407 80.0647 50.3973
threshold=0.23918578090085316 250.73666666666688 1.2142949772507745 0.0094679936677383916 1.0000000180025095e-35 11.400000000000036
decision_type=2 8 2 2 2 10
left_child=1 -1 -2 4 5 -4
right_child=2 -3 3 -5 -6 -7
leaf_value=0.010629132854817218 -0.0010858923549097134 0.0014417684023785577 0.0014848398993436559 0.010893860236741602 -0.0029325051237651446 -0.0040848255483433606
leaf_weight=76 3092 289 2537 70 580 164
leaf_count=76 3092 289 2537 70 580 164
internal_value=2.77522e-05 0.00358718 -0.000179138 0.000658274 0.00040746 0.00113284
internal_weight=6808 365 6443 3351 3281 2701
internal_count=6808 365 6443 3351 3281 2701
is_linear=0
shrinkage=0.01


Tree=436
num_leaves=7
num_cat=0
split_feature=1 6 15 20 19 20
split_gain=45.4691 43.1786 50.2414 43.5449 56.4903 60.1025
threshold=0.88538587848932682 1.0000000180025095e-35 7.8200350872443201 38.300000000000018 291.06320411624642 34.200000000000024
decision_type=2 2 2 8 10 10
left_child=-1 2 3 4 5 -2
right_child=1 -3 -4 -5 -6 -7
leaf_value=-0.0023182958746082536 0.00059002792895130132 -0.0016579517360080643 -0.001966329336110466 -0.0022754499066590531 0.0024614827031399582 -0.0062655463088711685
leaf_weight=727 1912 932 625 356 2129 127
leaf_count=727 1912 932 625 356 2129 127
internal_value=2.77144e-05 0.000311532 0.000670543 0.00103837 0.00132618 0.000134531
internal_weight=6808 6081 5149 4524 4168 2039
internal_count=6808 6081 5149 4524 4168 2039
is_linear=0
shrinkage=0.01


Tree=437
num_leaves=7
num_cat=0
split_feature=0 20 19 20 13 12
split_gain=44.7206 37.9597 54.6216 37.8413 91.1479 79.2465
threshold=1.2607249096886839 16.900000000000038 282.70884993495787 26.700000000000021 17.214140372454352 0.03017420747164325
decision_type=2 8 8 8 2 2
left_child=1 -1 -3 4 5 -4
right_child=-2 2 3 -5 -6 -7
leaf_value=0.0076072845374426205 0.0045264006945387259 -0.0041698365077545308 0.0082454597801147941 -0.00029499914253363621 -0.0010971426624353064 -0.001276831083823433
leaf_weight=53 204 318 278 5377 456 122
leaf_count=53 204 318 278 5377 456 122
internal_value=2.72696e-05 -0.000118344 -0.000192346 1.69345e-05 0.00195714 0.00538086
internal_weight=6808 6604 6551 6233 856 400
internal_count=6808 6604 6551 6233 856 400
is_linear=0
shrinkage=0.01


Tree=438
num_leaves=7
num_cat=0
split_feature=2 7 10 7 3 5
split_gain=49.2929 48.575 39.4564 91.5435 28.1667 26.0262
threshold=0.29809015747477707 683.67465000000004 0.015215726706557865 43.570350000000005 0.06521224936519969 1.0335738585973557
decision_type=2 2 2 2 2 2
left_child=1 4 3 -2 -1 -6
right_child=2 -3 -4 -5 5 -7
leaf_value=-0.00020619303842810688 -0.001646534243431304 0.0094204651612972666 -0.00038187190470271432 0.013467628520447762 0.0019164624230413722 0.0095630793140005707
leaf_weight=361 93 81 6004 58 154 57
leaf_count=361 93 81 6004 58 154 57
internal_value=2.71955e-05 0.00261809 -0.00025148 0.00463482 0.0015095 0.00432139
internal_weight=6808 653 6155 151 572 211
internal_count=6808 653 6155 151 572 211
is_linear=0
shrinkage=0.01


Tree=439
num_leaves=7
num_cat=0
split_feature=2 10 10 13 3 3
split_gain=48.4479 48.2911 38.1495 66.3531 34.1983 29.7007
threshold=0.23918578090085316 0.03529871864335387 0.016004421638187955 31.757801566699914 0.16451844469858926 0.079021723885935077
decision_type=2 2 2 2 2 2
left_child=1 -1 3 -2 -5 -4
right_child=2 -3 5 4 -6 -7
leaf_value=0.0073994416173956646 0.010565878447521939 0.00019105976973116654 -0.0018139192638619709 -0.0063521064243844292 0.0038031001464297921 2.4770088853162204e-06
leaf_weight=163 79 202 1080 51 63 5170
leaf_count=163 79 202 1080 51 63 5170
internal_value=2.73948e-05 0.00352162 -0.000175706 0.00409119 -0.000885905 -0.000313793
internal_weight=6808 365 6443 193 114 6250
internal_count=6808 365 6443 193 114 6250
is_linear=0
shrinkage=0.01


Tree=440
num_leaves=7
num_cat=0
split_feature=2 8 8 18 20 11
split_gain=48.091 54.582 128.732 195.285 52.1285 53.9452
threshold=0.51723416522362686 1447.0000000000002 1119.5000000000002 0.013351589572752924 38.200000000000024 0.034200894312222958
decision_type=2 2 2 2 10 2
left_child=1 2 -1 -4 5 -5
right_child=-2 -3 3 4 -6 -7
leaf_value=-0.0011444947617890553 -0.0006263477540042325 0.00027414865362917882 0.017614554286810743 0.0097583833451305203 -0.0049043200489802237 -0.0022571416853955297
leaf_weight=294 4240 1946 118 86 68 56
leaf_count=294 4240 1946 118 86 68 56
internal_value=2.73232e-05 0.00110484 0.00365828 0.0078697 0.00184226 0.00518311
internal_weight=6808 2568 622 328 210 142
internal_count=6808 2568 622 328 210 142
is_linear=0
shrinkage=0.01


Tree=441
num_leaves=7
num_cat=0
split_feature=2 7 1 9 1 3
split_gain=47.6341 47.2971 46.7882 86.985 37.1235 28.6946
threshold=0.29809015747477707 683.67465000000004 1.2567171091450702 0.0094679936677383916 1.043497136715003 0.079021723885935077
decision_type=2 2 2 2 2 2
left_child=1 4 5 -4 -1 -2
right_child=2 -3 3 -5 -6 -7
leaf_value=-0.0023592578241986603 -0.0028899094775789481 0.009286359665649278 0.00037589784378294779 0.011079846208867355 0.0031088943920280338 -0.00058542838959388746
leaf_weight=169 681 81 2891 68 403 2515
leaf_count=169 681 81 2891 68 403 2515
internal_value=2.73245e-05 0.00257425 -0.000246622 0.000658372 0.00148053 -0.00108395
internal_weight=6808 653 6155 2959 572 3196
internal_count=6808 653 6155 2959 572 3196
is_linear=0
shrinkage=0.01


Tree=442
num_leaves=7
num_cat=0
split_feature=1 6 9 13 1 18
split_gain=43.6505 42.7255 118.77 57.2702 47.5994 63.2472
threshold=0.88538587848932682 1.0000000180025095e-35 0.0087051601596763954 1.1112690705430659 1.7148765517554685 0.0099415844050596003
decision_type=2 2 2 2 2 2
left_child=-1 4 3 -3 5 -2
right_child=1 2 -4 -5 -6 -7
leaf_value=-0.0022712988740951896 -0.00092421625075665335 0.00053376154765713113 0.011535474718548358 -0.0046441933893383155 0.0030790539463040742 0.0014537942227564403
leaf_weight=727 2200 352 54 526 694 2255
leaf_count=727 2200 352 54 526 694 2255
internal_value=2.73155e-05 0.000305399 -0.00165371 -0.00258566 0.000662528 0.000280028
internal_weight=6808 6081 932 878 5149 4455
internal_count=6808 6081 932 878 5149 4455
is_linear=0
shrinkage=0.01


Tree=443
num_leaves=7
num_cat=0
split_feature=7 12 20 7 3 19
split_gain=44.5966 66.4934 63.7704 71.767 180.953 95.7741
threshold=24.653250000000003 2.9727379293480429 38.200000000000024 683.67465000000004 0.13194164123022842 290.69908111180365
decision_type=2 2 10 2 2 8
left_child=-1 2 3 -2 -5 -6
right_child=1 -3 -4 4 5 -7
leaf_value=-0.0010939302535165362 0.0013267752702448834 -0.0010521654621027565 -0.0027661101527157285 0.019754044234559134 -0.0016940821024657386 0.0099413521813416696
leaf_weight=2325 2256 1561 305 67 195 99
leaf_count=2325 2256 1561 305 67 195 99
internal_value=2.71709e-05 0.000609744 0.00149813 0.00200375 0.00608459 0.00242211
internal_weight=6808 4483 2922 2617 361 294
internal_count=6808 4483 2922 2617 361 294
is_linear=0
shrinkage=0.01


Tree=444
num_leaves=7
num_cat=0
split_feature=7 13 20 10 8 8
split_gain=43.741 81.5045 93.9139 64.0699 48.1129 36.7084
threshold=24.653250000000003 16.265073570448624 33.300000000000018 0.019127469374742578 2311.0000000000005 1676.0000000000002
decision_type=2 2 10 2 2 2
left_child=-1 3 4 -2 -3 -5
right_child=1 2 -4 5 -6 -7
leaf_value=-0.0010830377799932939 0.008648826719784156 0.00099516459696069809 0.010212401864991989 -0.00093849389738158819 0.0098163404786849734 0.0013321664359975704
leaf_weight=2325 72 723 150 2495 58 985
leaf_count=2325 72 723 150 2495 58 985
internal_value=2.72573e-05 0.000604214 0.00322099 -8.87754e-05 0.00176608 -0.000293817
internal_weight=6808 4483 931 3552 781 3480
internal_count=6808 4483 931 3552 781 3480
is_linear=0
shrinkage=0.01


Tree=445
num_leaves=7
num_cat=0
split_feature=7 13 21 16 13 21
split_gain=42.9073 79.9792 75.9405 74.2162 37.8384 63.2852
threshold=24.653250000000003 16.265073570448624 20.386666666666688 327.05000000000007 3.8357212490002053 17.926666666666687
decision_type=2 2 10 8 2 10
left_child=-1 4 3 -3 5 -2
right_child=1 2 -4 -5 -6 -7
leaf_value=-0.0010722537903875217 0.0024734536469115222 0.0034047457999668834 0.014119001790881157 -0.0058081036596794164 -0.0017802842310436565 -0.00071213620343074744
leaf_weight=2325 1016 792 50 89 954 1582
leaf_count=2325 1016 792 50 89 954 1582
internal_value=2.74098e-05 0.000598841 0.00319101 0.00241931 -8.76337e-05 0.00053836
internal_weight=6808 4483 931 881 3552 2598
internal_count=6808 4483 931 881 3552 2598
is_linear=0
shrinkage=0.01


Tree=446
num_leaves=7
num_cat=0
split_feature=20 19 21 19 4 6
split_gain=38.9227 52.7673 41.4982 55.8377 44.0184 40.5423
threshold=16.900000000000038 282.70884993495787 16.100833333333352 290.25629892673493 0.064134995385581997 1.0000000180025095e-35
decision_type=8 8 8 10 2 2
left_child=-1 -2 5 4 -4 -3
right_child=1 2 3 -5 -6 -7
leaf_value=0.007499854577978588 -0.0038588675449372852 0.0016470120231546284 -0.0051305658724526623 -6.4726290337172127e-05 0.0035870046625044983 -0.0020459036925551143
leaf_weight=59 335 2191 370 3457 61 335
leaf_count=59 335 2191 370 3457 61 335
internal_value=2.72915e-05 -4.90333e-05 0.00015565 -0.000492392 -0.0038434 0.00115112
internal_weight=6808 6749 6414 3888 431 2526
internal_count=6808 6749 6414 3888 431 2526
is_linear=0
shrinkage=0.01


Tree=447
num_leaves=7
num_cat=0
split_feature=2 17 19 21 5 6
split_gain=46.6107 73.4284 29.6255 35.1588 41.3087 33.2912
threshold=0.3920993584943207 194.21333333333362 297.40961032480214 9.7925000000000306 1.0845238095238097 1.0000000180025095e-35
decision_type=2 8 10 10 2 2
left_child=1 -1 3 -3 5 -5
right_child=-2 2 -4 4 -6 -7
leaf_value=0.010984094247221948 -0.000385616057460976 -0.0027598255336928512 -0.0033780947352634438 0.0016678591238647907 0.0049870583544696237 -0.0046415608634754104
leaf_weight=70 5455 152 124 567 352 88
leaf_count=70 5455 152 124 567 352 88
internal_value=2.70426e-05 0.00168141 0.00109284 0.00159598 0.00227414 0.00076313
internal_weight=6808 1353 1283 1159 1007 655
internal_count=6808 1353 1283 1159 1007 655
is_linear=0
shrinkage=0.01


Tree=448
num_leaves=7
num_cat=0
split_feature=0 7 10 18 10 17
split_gain=42.3471 38.5042 57.8709 51.4967 48.549 49.0072
threshold=1.2607249096886839 24.653250000000003 0.021234974916484069 0.0078375534055355033 0.040017781839351861 177.8566666666664
decision_type=2 2 2 2 2 8
left_child=1 -1 -3 -4 5 -5
right_child=-2 2 3 4 -6 -7
leaf_value=-0.0011510625083514458 0.0044049806026176105 0.0038226880018275219 -0.0012546106989507503 0.010529555266320304 -0.0003388981382352213 0.0020217171705310569
leaf_weight=2316 204 444 1691 64 1145 944
leaf_count=2316 204 444 1691 64 1145 944
internal_value=2.68671e-05 -0.00011483 0.000446227 4.73236e-05 0.00107096 0.00266002
internal_weight=6808 6604 4288 3844 2153 1008
internal_count=6808 6604 4288 3844 2153 1008
is_linear=0
shrinkage=0.01


Tree=449
num_leaves=7
num_cat=0
split_feature=2 1 6 3 19 2
split_gain=45.7938 43.5314 43.035 59.0762 31.9435 34.9135
threshold=0.23918578090085316 1.2142949772507745 1.0000000180025095e-35 0.042447479515961763 282.47401557822189 0.48850921682505727
decision_type=2 2 2 2 10 2
left_child=-1 -2 4 -4 -3 -6
right_child=1 2 3 -5 5 -7
leaf_value=0.0034240316947673761 -0.0010246362229080349 -0.0031930476871930295 0.0071106647316585567 -0.0027764319499826912 0.0032685322528787676 0.00068749238269460848
leaf_weight=365 3092 150 58 559 724 1860
leaf_count=365 3092 150 58 559 724 1860
internal_value=2.68629e-05 -0.000170597 0.000618138 -0.00174843 0.00115664 0.00142048
internal_weight=6808 6443 3351 617 2734 2584
internal_count=6808 6443 3351 617 2734 2584
is_linear=0
shrinkage=0.01


Tree=450
num_leaves=7
num_cat=0
split_feature=2 1 6 3 13 2
split_gain=45.0636 41.3853 44.9231 74.6634 39.7677 31.943
threshold=0.28369280561307603 1.2567171091450702 1.0000000180025095e-35 0.042447479515961763 18.64550968658374 0.35161204681593566
decision_type=2 2 2 2 2 2
left_child=4 -2 5 -4 -1 -3
right_child=1 2 3 -5 -6 -7
leaf_value=0.0045411742768353891 -0.0009960855629029266 0.0063806333788063224 0.0087611610442399988 -0.0030344590614214107 -0.001018494032276324 0.00096815234622215447
leaf_weight=377 3264 105 50 521 188 2303
leaf_count=377 3264 105 50 521 188 2303
internal_value=2.67043e-05 -0.000219687 0.000631476 -0.00186855 0.00270569 0.00122957
internal_weight=6808 6243 2979 571 565 2408
internal_count=6808 6243 2979 571 565 2408
is_linear=0
shrinkage=0.01


Tree=451
num_leaves=7
num_cat=0
split_feature=1 6 5 20 15 13
split_gain=41.055 40.2351 51.2086 54.6072 46.4136 44.2896
threshold=0.88538587848932682 1.0000000180025095e-35 1.6723283689422437 35.400000000000041 7.8200350872443201 69.856460594021755
decision_type=2 2 2 8 2 2
left_child=-1 4 3 -3 5 -2
right_child=1 2 -4 -5 -6 -7
leaf_value=-0.002202563864078889 0.0012090936448748604 -0.0042607524235323416 0.0047158288106060866 0.0011131052874059487 -0.0018915045013775916 -0.003552839983811193
leaf_weight=727 4329 547 104 281 625 195
leaf_count=727 4329 547 104 281 625 195
internal_value=2.66661e-05 0.000296355 -0.0016048 -0.0024455 0.000642919 0.000996455
internal_weight=6808 6081 932 828 5149 4524
internal_count=6808 6081 932 828 5149 4524
is_linear=0
shrinkage=0.01


Tree=452
num_leaves=7
num_cat=0
split_feature=2 19 20 20 11 19
split_gain=44.2109 39.9749 35.5446 33.333 33.7755 33.3109
threshold=0.28369280561307603 296.88733848182932 16.900000000000038 24.200000000000021 0.041149862841119399 282.70884993495787
decision_type=2 10 8 10 2 8
left_child=1 3 -2 -1 -5 -4
right_child=2 -3 5 4 -6 -7
leaf_value=-0.0015047415996042007 0.0070276959457281811 -0.0037617217769079347 -0.0034853543688084967 0.0061640710833211366 -0.0017649441892686097 -0.0001269411933535717
leaf_weight=94 57 75 301 337 59 5885
leaf_count=94 57 75 301 337 59 5885
internal_value=2.6328e-05 0.00267985 -0.000217721 0.00372132 0.00496835 -0.000295717
internal_weight=6808 565 6243 490 396 6186
internal_count=6808 565 6243 490 396 6186
is_linear=0
shrinkage=0.01


Tree=453
num_leaves=7
num_cat=0
split_feature=2 18 20 14 3 14
split_gain=43.6176 52.3381 34.4559 30.3472 43.6765 52.0279
threshold=0.23918578090085316 0.02720518698372006 16.900000000000038 0.99808018419407829 0.079021723885935077 0.27828199100743201
decision_type=2 2 8 2 2 2
left_child=1 -1 -2 4 5 -4
right_child=2 -3 3 -5 -6 -7
leaf_value=0.0066375906642755916 0.006967908004993824 -0.00084737231847883639 -0.0042107877447012075 -0.0012960182382311697 0.0006734718251895749 0.00081363300432610655
leaf_weight=201 57 164 432 1902 3671 381
leaf_count=201 57 164 432 1902 3671 381
internal_value=2.61021e-05 0.00334157 -0.000166609 -0.000241084 0.00020828 -0.00187489
internal_weight=6808 365 6443 6386 4484 813
internal_count=6808 365 6443 6386 4484 813
is_linear=0
shrinkage=0.01


Tree=454
num_leaves=7
num_cat=0
split_feature=2 7 1 0 1 2
split_gain=43.3095 70.2771 42.3929 40.5683 32.5659 27.5521
threshold=0.3920993584943207 683.67465000000004 1.043497136715003 1.2607249096886839 1.2177675551735578 0.19189852700491
decision_type=2 2 2 2 2 2
left_child=1 2 -1 -2 -3 -4
right_child=3 4 5 -5 -6 -7
leaf_value=-0.0024202254268832048 -0.00053614126994027051 0.0035772975066713261 0.0065980633904456822 0.004120795568979355 0.013369957413171617 0.0012121725382426961
leaf_weight=299 5271 92 99 184 56 807
leaf_count=299 5271 92 99 184 56 807
internal_value=2.59692e-05 0.00162068 0.00079151 -0.000371807 0.00789431 0.0018663
internal_weight=6808 1353 1205 5455 148 906
internal_count=6808 1353 1205 5455 148 906
is_linear=0
shrinkage=0.01


Tree=455
num_leaves=7
num_cat=0
split_feature=20 19 6 20 8 19
split_gain=36.6734 50.8462 37.2218 43.3995 76.2422 70.1552
threshold=16.900000000000038 282.70884993495787 1.0000000180025095e-35 26.900000000000038 1354.0000000000002 291.06320411624642
decision_type=8 8 2 8 2 10
left_child=-1 -2 3 4 -3 -5
right_child=1 2 -4 5 -6 -7
leaf_value=0.0072795272661723958 -0.0037878362666073162 0.010426149618622191 -0.0015618951271862691 -0.0017985548543459249 0.001400395791847143 0.00091295638719701678
leaf_weight=59 335 98 1048 1352 739 3177
leaf_count=59 335 98 1048 1352 739 3177
internal_value=2.60897e-05 -4.79964e-05 0.000152926 0.000490119 0.00256779 0.000101335
internal_weight=6808 6749 6414 5366 837 4529
internal_count=6808 6749 6414 5366 837 4529
is_linear=0
shrinkage=0.01


Tree=456
num_leaves=7
num_cat=0
split_feature=10 6 9 21 8 3
split_gain=40.1435 40.8652 95.2892 35.3314 31.5026 34.2829
threshold=0.016004421638187955 1.0000000180025095e-35 0.0087051601596763954 19.628333333333352 1800.5000000000002 0.25685558015001819
decision_type=2 2 2 10 2 2
left_child=4 -2 3 -3 5 -1
right_child=1 2 -4 -5 -6 -7
leaf_value=-0.0021005375184118746 0.00023682893576776036 -0.0041073248754419653 0.0098878799023536541 -0.00028662084122854637 0.01022858731681481 0.007445743805499839
leaf_weight=90 5546 614 55 398 54 51
leaf_count=90 5546 614 55 398 54 51
internal_value=2.60176e-05 -0.00010892 -0.00189155 -0.00262222 0.00438423 0.0016168
internal_weight=6808 6613 1067 1012 195 141
internal_count=6808 6613 1067 1012 195 141
is_linear=0
shrinkage=0.01


Tree=457
num_leaves=7
num_cat=0
split_feature=2 1 19 4 4 0
split_gain=42.7283 52.7547 56.4899 59.6342 55.5904 43.1825
threshold=0.51723416522362686 1.4680864598840015 291.6173413633424 0.077524289554216363 0.14353887820496189 1.1284235475765456
decision_type=2 2 10 2 2 2
left_child=1 -1 4 -4 -3 -2
right_child=5 2 3 -5 -6 -7
leaf_value=0.00033485956817108783 -0.00086839845348970774 0.0038210090434563065 0.0051325019631785016 -0.0043757882067360565 0.014156259480449889 0.0030383037430096842
leaf_weight=2074 3945 179 124 120 71 295
leaf_count=2074 3945 179 124 120 71 295
internal_value=2.60699e-05 0.00104173 0.00394391 0.000468121 0.0071878 -0.000590078
internal_weight=6808 2568 494 244 250 4240
internal_count=6808 2568 494 244 250 4240
is_linear=0
shrinkage=0.01


Tree=458
num_leaves=7
num_cat=0
split_feature=2 0 19 15 17 19
split_gain=42.1816 41.1229 40.64 36.545 37.3507 32.4617
threshold=0.33357726690579381 1.2607249096886839 296.88733848182932 1.2020718893160192 232.97833333333426 292.3583142514521
decision_type=2 2 10 2 8 10
left_child=2 -2 3 4 -1 -6
right_child=1 -3 -4 -5 5 -7
leaf_value=0.010499176274646412 -0.00044062102171298068 0.0041729931958019734 -0.0034698234296714264 -0.001251504524399974 0.00096220045864686991 0.0058346707131342306
leaf_weight=67 5703 190 110 171 345 222
leaf_count=67 5703 190 110 171 345 222
internal_value=2.61207e-05 -0.000285053 0.00201163 0.00279404 0.00388767 0.002938
internal_weight=6808 5893 915 805 634 567
internal_count=6808 5893 915 805 634 567
is_linear=0
shrinkage=0.01


Tree=459
num_leaves=7
num_cat=0
split_feature=0 10 18 10 16 0
split_gain=39.2898 30.9278 29.9631 64.1127 43.8689 41.2705
threshold=1.2607249096886839 0.023116111152882968 0.0092476956614456745 0.025593909851723873 261.75000000000006 1.0704508661320939
decision_type=2 2 2 2 10 2
left_child=2 -2 -1 4 -4 -5
right_child=1 -3 3 5 -6 -7
leaf_value=-0.00079138166153586652 0.0097757412169290625 0.001506581872701645 0.0099389599164112895 -8.2864991757733729e-05 0.0014132107183751133 0.0055899781978397227
leaf_weight=3260 59 145 106 2980 134 124
leaf_count=3260 59 145 106 2980 134 124
internal_value=2.60987e-05 0.00424321 -0.000110388 0.00055388 0.00542569 0.00016098
internal_weight=6808 204 6604 3344 240 3104
internal_count=6808 204 6604 3344 240 3104
is_linear=0
shrinkage=0.01


Tree=460
num_leaves=7
num_cat=0
split_feature=10 13 11 9 11 14
split_gain=38.8457 74.4439 34.1014 50.2245 31.2158 23.4243
threshold=0.016004421638187955 36.037860194726278 0.047623304218267402 0.0094679936677383916 0.033372345042563027 0.99808018419407829
decision_type=2 2 2 2 2 2
left_child=1 -1 3 5 -5 -2
right_child=2 -3 -4 4 -6 -7
leaf_value=0.010932218226934633 0.00029461378014023561 -0.0010856207353291941 -0.003587207773665863 0.011299912806836858 0.00099120010270912573 -0.0010744715512281391
leaf_weight=83 4526 112 260 53 59 1715
leaf_count=83 4526 112 260 53 59 1715
internal_value=2.62388e-05 0.00431342 -0.000106501 4.13629e-05 0.0063958 -8.2722e-05
internal_weight=6808 195 6613 6353 112 6241
internal_count=6808 195 6613 6353 112 6241
is_linear=0
shrinkage=0.01


Tree=461
num_leaves=7
num_cat=0
split_feature=20 19 6 20 8 19
split_gain=35.8761 50.0756 36.0364 41.9364 74.5073 69.0757
threshold=16.900000000000038 282.70884993495787 1.0000000180025095e-35 26.900000000000038 1354.0000000000002 291.06320411624642
decision_type=8 8 2 8 2 10
left_child=-1 -2 3 4 -3 -5
right_child=1 2 -4 5 -6 -7
leaf_value=0.0072003850999517718 -0.0037584326759493654 0.010294745143813391 -0.0015349442269481431 -0.0017832691578930897 0.0013726296106181984 0.00090730114869851119
leaf_weight=59 335 98 1048 1352 739 3177
leaf_count=59 335 98 1048 1352 739 3177
internal_value=2.62371e-05 -4.70398e-05 0.000152353 0.000484131 0.00252648 0.000101951
internal_weight=6808 6749 6414 5366 837 4529
internal_count=6808 6749 6414 5366 837 4529
is_linear=0
shrinkage=0.01


Tree=462
num_leaves=7
num_cat=0
split_feature=2 13 13 14 13 2
split_gain=41.278 36.5898 40.8332 79.3329 82.2601 49.5205
threshold=0.23918578090085316 69.856460594021755 36.662346299175617 0.46918281386346855 54.999629760735139 0.49506690053959312
decision_type=2 2 2 2 2 2
left_child=-1 2 5 -4 -5 -2
right_child=1 -3 3 4 -6 -7
leaf_value=0.0032514813129293427 0.0012549840274981375 -0.0039437581302443851 -0.00032228111881142478 0.011468975537412818 -0.0015369953401092016 -0.00084589804064940299
leaf_weight=365 1534 236 368 139 69 4097
leaf_count=365 1534 236 368 139 69 4097
internal_value=2.6161e-05 -0.000161311 -1.13842e-05 0.00250108 0.0072819 -0.000272364
internal_weight=6808 6443 6207 576 208 5631
internal_count=6808 6443 6207 576 208 5631
is_linear=0
shrinkage=0.01


Tree=463
num_leaves=7
num_cat=0
split_feature=7 13 20 8 14 20
split_gain=41.3881 73.6752 90.4951 47.0904 43.4414 112.825
threshold=24.653250000000003 16.265073570448624 33.300000000000018 2311.0000000000005 0.54361967088576424 31.800000000000015
decision_type=2 2 10 2 2 8
left_child=-1 4 3 -3 5 -2
right_child=1 2 -4 -5 -6 -7
leaf_value=-0.0010539823834047946 0.0057059333864082065 0.00088712796024831416 0.0099370489509310583 0.0096110092738971985 -0.00084502603154398771 -0.00076801289063222573
leaf_weight=2325 404 723 150 58 2384 764
leaf_count=2325 404 723 150 58 2384 764
internal_value=2.60362e-05 0.000587261 0.00307518 0.00164831 -7.16389e-05 0.00150069
internal_weight=6808 4483 931 781 3552 1168
internal_count=6808 4483 931 781 3552 1168
is_linear=0
shrinkage=0.01


Tree=464
num_leaves=7
num_cat=0
split_feature=7 14 21 15 10 8
split_gain=40.5939 71.039 120.454 86.1079 78.0293 72.6852
threshold=24.653250000000003 0.54361967088576424 17.926666666666687 0.8625053431893106 0.033362775903970174 914.50000000000011
decision_type=2 2 8 2 2 2
left_child=-1 2 3 -2 -5 -3
right_child=1 5 -4 4 -6 -7
leaf_value=-0.0010434876927805003 0.0025591053911360011 0.0049266658582853094 -0.00077599844003421129 0.012143235741874002 -0.00014009510257239572 -0.00092434837008642425
leaf_weight=2325 706 222 784 203 68 2500
leaf_count=2325 706 222 784 203 68 2500
internal_value=2.61201e-05 0.000581934 0.00214103 0.00446596 0.00916577 -0.000430867
internal_weight=6808 4483 1761 977 271 2722
internal_count=6808 4483 1761 977 271 2722
is_linear=0
shrinkage=0.01


Tree=465
num_leaves=7
num_cat=0
split_feature=2 17 0 7 14 22
split_gain=40.339 48.6046 38.6458 31.9901 59.3191 85.2169
threshold=0.23918578090085316 250.73666666666688 1.2607249096886839 24.653250000000003 0.54361967088576424 -1.1999999999999884
decision_type=2 8 2 2 2 8
left_child=1 -1 3 -2 5 -5
right_child=2 -3 -4 4 -6 -7
leaf_value=0.0098244085639368657 -0.0012968611271127607 0.0012058484340849703 0.0040401138173567818 0.0050677085131645904 -0.00075034052776445687 0.00014269198984087302
leaf_weight=76 2119 289 202 504 2506 1112
leaf_count=76 2119 289 202 504 2506 1112
internal_value=2.61045e-05 0.00321453 -0.000159223 -0.000301387 0.000212257 0.00170043
internal_weight=6808 365 6443 6241 4122 1616
internal_count=6808 365 6443 6241 4122 1616
is_linear=0
shrinkage=0.01


Tree=466
num_leaves=7
num_cat=0
split_feature=13 4 8 8 21 21
split_gain=33.2183 46.4949 62.6609 79.9367 55.1669 46.8736
threshold=69.856460594021755 0.03612386338173728 1447.0000000000002 1127.0000000000002 11.057500000000035 16.100833333333352
decision_type=2 2 2 2 8 10
left_child=1 -1 3 -3 -4 -6
right_child=-2 2 4 -5 5 -7
leaf_value=-0.00024223172720708503 -0.0034796087398337055 0.0019680336995248791 -0.0053962597757858666 0.012116135085583664 0.0038849355235223227 -0.0010056264955735008
leaf_weight=5320 250 234 126 110 392 376
leaf_count=5320 250 234 126 110 392 376
internal_value=2.61109e-05 0.000164848 0.0019021 0.00546366 0.000486373 0.00150845
internal_weight=6808 6558 1238 344 894 768
internal_count=6808 6558 1238 344 894 768
is_linear=0
shrinkage=0.01


Tree=467
num_leaves=7
num_cat=0
split_feature=7 14 10 8 3 22
split_gain=38.9206 68.3638 102.681 70.9283 66.7464 51.1419
threshold=24.653250000000003 0.54361967088576424 0.018953767980624581 914.50000000000011 0.3333762667282052 -1.1999999999999884
decision_type=2 2 2 2 2 8
left_child=-1 2 -2 4 -3 -4
right_child=1 3 5 -5 -6 -7
leaf_value=-0.0010213656451382221 0.010200867520308949 0.0086688489173689202 0.0040320298206167797 -0.00091083274235296934 -0.0024604321395357452 0.00019693396766705634
leaf_weight=2325 134 145 492 2500 77 1135
leaf_count=2325 134 145 492 2500 77 1135
internal_value=2.59648e-05 0.000570202 0.00209966 -0.000423344 0.00486903 0.0013742
internal_weight=6808 4483 1761 2722 222 1627
internal_count=6808 4483 1761 2722 222 1627
is_linear=0
shrinkage=0.01


Tree=468
num_leaves=7
num_cat=0
split_feature=1 6 5 1 1 14
split_gain=37.7052 38.1044 47.4764 40.24 38.1566 31.978
threshold=0.88538587848932682 1.0000000180025095e-35 1.6723283689422437 1.7148765517554685 1.8910295415699132 2.2110839337315658
decision_type=2 2 2 2 2 2
left_child=-1 3 4 -2 -3 -5
right_child=1 2 -4 5 -6 -7
leaf_value=-0.0021103719018464163 0.00026997994300281716 -0.0014172666927350251 0.0045208678736857943 0.0034818117106433827 -0.0072573700345086832 -0.0039662527747165704
leaf_weight=727 4455 703 104 639 125 55
leaf_count=727 4455 703 104 639 125 55
internal_value=2.59795e-05 0.000284432 -0.00156569 0.0006217 -0.00237501 0.00284359
internal_weight=6808 6081 932 5149 828 694
internal_count=6808 6081 932 5149 828 694
is_linear=0
shrinkage=0.01


Tree=469
num_leaves=7
num_cat=0
split_feature=2 1 9 6 22 20
split_gain=39.3279 36.994 79.0595 69.1831 46.3931 43.1273
threshold=0.23918578090085316 1.2142949772507745 0.0094679936677383916 1.0000000180025095e-35 11.400000000000036 35.400000000000041
decision_type=2 2 2 2 10 10
left_child=-1 -2 3 4 -3 -5
right_child=1 2 -4 5 -6 -7
leaf_value=0.0031738366731194159 -0.00094466855873767892 0.0013416172841749024 0.010392432411201299 -0.0044924634299296313 -0.0040012082473867326 0.0014185812553213961
leaf_weight=365 3092 2537 70 411 164 169
leaf_count=365 3092 2537 70 411 164 169
internal_value=2.56247e-05 -0.000157365 0.000569736 0.000329228 0.00100365 -0.00277526
internal_weight=6808 6443 3351 3281 2701 580
internal_count=6808 6443 3351 3281 2701 580
is_linear=0
shrinkage=0.01


Tree=470
num_leaves=7
num_cat=0
split_feature=7 14 17 4 8 17
split_gain=38.1737 66.9231 87.6048 82.8556 68.5973 64.637
threshold=24.653250000000003 0.54361967088576424 215.22333333333282 0.031888367206669981 914.50000000000011 267.79333333333517
decision_type=2 2 8 2 2 10
left_child=-1 2 -2 -4 5 -3
right_child=1 4 3 -5 -6 -7
leaf_value=-0.0010117630144821507 0.0069666212973626043 -1.2323928548254237e-05 -0.00020875460445462276 0.0054818069284688397 -0.00089796592864097545 0.010591153763234615
leaf_weight=2325 294 127 1148 319 2500 95
leaf_count=2325 294 127 1148 319 2500 95
internal_value=2.54695e-05 0.00056446 0.00207771 0.0010574 -0.000418562 0.00478613
internal_weight=6808 4483 1761 1467 2722 222
internal_count=6808 4483 1761 1467 2722 222
is_linear=0
shrinkage=0.01


Tree=471
num_leaves=7
num_cat=0
split_feature=7 13 16 10 4 13
split_gain=37.4395 66.3016 66.8137 58.6847 39.0084 33.3274
threshold=24.653250000000003 16.265073570448624 331.05000000000007 0.019127469374742578 -0.089578785126016691 15.340850533731365
decision_type=2 2 8 2 2 2
left_child=-1 3 4 -2 -3 -5
right_child=1 2 -4 5 -6 -7
leaf_value=-0.0010016887240485817 0.008296496413829851 -0.00054978963662240959 -0.0065015354264580027 -8.4682824952159928e-05 0.0046957618731358055 -0.0056537474864917633
leaf_weight=2325 72 175 61 3379 695 101
leaf_count=2325 72 175 61 3379 695 101
internal_value=2.55215e-05 0.000559303 0.00291944 -6.57618e-05 0.00364636 -0.00026205
internal_weight=6808 4483 931 3552 870 3480
internal_count=6808 4483 931 3552 870 3480
is_linear=0
shrinkage=0.01


Tree=472
num_leaves=7
num_cat=0
split_feature=7 5 12 19 17 6
split_gain=36.6967 53.9396 45.0977 76.6512 65.3923 36.3731
threshold=24.653250000000003 1.0460374646361117 0.0044231809480558505 289.39525567509094 256.90166666666613 1.0000000180025095e-35
decision_type=2 2 2 10 10 2
left_child=5 -2 3 4 -3 -1
right_child=1 2 -4 -5 -6 -7
leaf_value=-0.00048279851482334438 -8.3207952420383633e-06 0.0047071363596217844 0.000203747540190285 0.0078517823785252214 -0.0058606873295054982 -0.0040691360121056664
leaf_weight=2005 3557 124 411 297 94 320
leaf_count=2005 3557 124 411 297 94 320
internal_value=2.52546e-05 0.000553715 0.00268966 0.00463189 9.31789e-05 -0.000991715
internal_weight=6808 4483 926 515 218 2325
internal_count=6808 4483 926 515 218 2325
is_linear=0
shrinkage=0.01


Tree=473
num_leaves=7
num_cat=0
split_feature=1 18 7 20 7 11
split_gain=36.1913 38.6842 61.2147 59.9409 70.0904 42.4963
threshold=0.88538587848932682 0.0092476956614456745 207.53325000000004 38.000000000000036 683.67465000000004 0.011130594959556159
decision_type=2 2 2 10 2 2
left_child=-1 5 -3 4 -4 -2
right_child=1 2 3 -5 -6 -7
leaf_value=-0.0020679864459558933 0.0020674268807520839 0.0003782296097659993 0.002763864696294208 -0.0017374782864170227 0.011159121366395693 -0.0010257673828046627
leaf_weight=727 526 2383 298 136 147 2591
leaf_count=727 526 2383 298 136 147 2591
internal_value=2.50364e-05 0.000278247 0.00109438 0.0039756 0.00572143 -0.000498842
internal_weight=6808 6081 2964 581 445 3117
internal_count=6808 6081 2964 581 445 3117
is_linear=0
shrinkage=0.01


Tree=474
num_leaves=7
num_cat=0
split_feature=1 6 9 20 14 1
split_gain=35.4865 36.8259 108.338 45.0043 38.1841 44.939
threshold=0.88538587848932682 1.0000000180025095e-35 0.0087051601596763954 35.400000000000041 2.5069154200685726 1.702191964782368
decision_type=2 2 2 10 2 2
left_child=-1 4 3 -3 5 -2
right_child=1 2 -4 -5 -6 -7
leaf_value=-0.0020475871769080807 0.00053709323928969894 -0.0039270047259606072 0.011052495144249407 0.0009323324391691286 -0.0014586971307339307 0.0033624112685225029
leaf_weight=727 3741 607 54 271 754 654
leaf_count=727 3741 607 54 271 754 654
internal_value=2.49552e-05 0.000275688 -0.00154312 -0.00243353 0.000607256 0.000964195
internal_weight=6808 6081 932 878 5149 4395
internal_count=6808 6081 932 878 5149 4395
is_linear=0
shrinkage=0.01


Tree=475
num_leaves=7
num_cat=0
split_feature=0 6 5 21 17 14
split_gain=36.6799 26.181 68.3932 29.7778 26.6844 90.8547
threshold=1.2607249096886839 1.0000000180025095e-35 1.6723283689422437 20.109166666666713 275.02833333333342 0.090469444658597367
decision_type=2 2 2 8 10 2
left_child=1 4 3 -3 5 -1
right_child=-2 2 -4 -5 -6 -7
leaf_value=0.0043818413398123155 0.0040994661570217675 -0.0036413940877055391 0.0073211697525816201 -9.1451050587177028e-05 0.00078323628611950632 -0.0013459761915353388
leaf_weight=308 204 594 71 389 3101 2141
leaf_count=308 204 594 71 389 3101 2141
internal_value=2.48296e-05 -0.000107045 -0.00154406 -0.00225165 0.000168144 -0.000610724
internal_weight=6808 6604 1054 983 5550 2449
internal_count=6808 6604 1054 983 5550 2449
is_linear=0
shrinkage=0.01


Tree=476
num_leaves=7
num_cat=0
split_feature=2 17 20 13 1 15
split_gain=38.284 64.9804 50.0004 50.7129 30.6229 30.5163
threshold=0.3920993584943207 194.21333333333362 37.60000000000003 18.64550968658374 1.0268453005371152 0.14119119463727667
decision_type=2 8 8 2 2 2
left_child=1 -1 3 4 -3 -6
right_child=-2 2 -4 -5 5 -7
leaf_value=0.010274505453649909 -0.00034923764683672558 -0.0011413828986924846 -0.0060684045380417339 -0.0010605853684862315 -0.00022312352293097287 0.0052361190755256448
leaf_weight=70 5455 133 84 465 129 472
leaf_count=70 5455 133 84 465 129 472
internal_value=2.47501e-05 0.00152409 0.000970897 0.00151017 0.00313115 0.00407986
internal_weight=6808 1353 1283 1199 734 601
internal_count=6808 1353 1283 1199 734 601
is_linear=0
shrinkage=0.01


Tree=477
num_leaves=7
num_cat=0
split_feature=2 18 0 0 13 2
split_gain=37.8007 49.8179 41.2322 36.1346 28.6463 34.1716
threshold=0.23918578090085316 0.02720518698372006 0.90330067459678653 1.2607249096886839 69.856460594021755 0.51723416522362686
decision_type=2 2 2 2 2 2
left_child=1 2 -1 4 5 -2
right_child=3 -3 -4 -5 -6 -7
leaf_value=0.00038423551528086498 0.00089573315330373484 -0.00096825216532866847 0.0096450892044490002 0.0039058076804899173 -0.0036656976415398567 -0.00069489344805921075
leaf_weight=76 2033 164 125 202 232 3976
leaf_count=76 2033 164 125 202 232 3976
internal_value=2.46004e-05 0.00311108 0.00632764 -0.000154801 -0.000292267 -0.000156149
internal_weight=6808 365 201 6443 6241 6009
internal_count=6808 365 201 6443 6241 6009
is_linear=0
shrinkage=0.01


Tree=478
num_leaves=7
num_cat=0
split_feature=0 22 13 5 14 19
split_gain=35.2874 30.9368 26.128 39.5009 40.595 50.1511
threshold=1.2607249096886839 -0.99999999999997147 69.856460594021755 1.0845238095238097 0.87834337090086578 292.91496302720492
decision_type=2 10 2 2 2 10
left_child=2 -2 3 -1 5 -5
right_child=1 -3 -4 4 -6 -7
leaf_value=-0.00033886217553666338 -0.00047630381238247663 0.0071998454628527039 -0.0032371422131291182 0.005286355808549882 -0.00078988049174761417 -0.00019335895134801312
leaf_weight=5264 88 116 246 425 399 270
leaf_count=5264 88 116 246 425 399 270
internal_value=2.44937e-05 0.00402104 -0.000104854 2.12318e-05 0.00174127 0.003185
internal_weight=6808 204 6604 6358 1094 695
internal_count=6808 204 6604 6358 1094 695
is_linear=0
shrinkage=0.01


Tree=479
num_leaves=7
num_cat=0
split_feature=2 19 13 11 19 20
split_gain=36.9606 39.4022 36.1221 51.4891 34.158 31.883
threshold=0.29809015747477707 296.88733848182932 18.64550968658374 0.022172092927509827 291.36683088833189 16.900000000000038
decision_type=2 10 2 2 10 8
left_child=1 2 3 -1 -5 -2
right_child=5 -3 -4 4 -6 -7
leaf_value=0.01337886189834939 0.0066446845656010648 -0.0037359067188420642 -0.00022320133651821658 0.00014095061526285204 0.0066278025526909316 -0.00029186491817041732
leaf_weight=53 57 86 198 169 147 6098
leaf_count=53 57 86 198 169 147 6098
internal_value=2.43581e-05 0.00226786 0.00322745 0.00503605 0.00326931 -0.000216953
internal_weight=6808 653 567 369 316 6155
internal_count=6808 653 567 369 316 6155
is_linear=0
shrinkage=0.01


Tree=480
num_leaves=7
num_cat=0
split_feature=7 10 7 12 20 15
split_gain=35.4288 61.1756 43.9792 37.9785 79.4629 68.6736
threshold=24.653250000000003 0.016004421638187955 79.123500000000021 0.0023971633962816502 38.200000000000024 0.0078100318412184519
decision_type=2 2 2 2 8 2
left_child=-1 2 -2 4 5 -3
right_child=1 3 -4 -5 -6 -7
leaf_value=-0.00097480021917751777 0.00120830765996988 -0.0041485791051505795 0.011797573136878603 -0.00054888271561489351 -0.0036826299419711263 0.0027265497363389958
leaf_weight=2325 81 151 71 2332 265 1583
leaf_count=2325 81 151 71 2332 265 1583
internal_value=2.44451e-05 0.000543696 0.00657753 0.000317269 0.00132541 0.0021075
internal_weight=6808 4483 152 4331 1999 1734
internal_count=6808 4483 152 4331 1999 1734
is_linear=0
shrinkage=0.01


Tree=481
num_leaves=7
num_cat=0
split_feature=7 10 7 18 10 7
split_gain=34.7332 60.1162 43.2131 34.9297 82.8159 49.1274
threshold=24.653250000000003 0.016004421638187955 79.123500000000021 0.0092476956614456745 0.025593909851723873 397.72350000000006
decision_type=2 2 2 2 2 2
left_child=-1 2 -2 -3 5 -5
right_child=1 3 -4 4 -6 -7
leaf_value=-0.00096509395943823967 0.0011975523659570532 -0.0004405661708027639 0.011694162229915369 0.0030501918624276704 0.0007376969795768783 0.015236437743296848
leaf_weight=2325 81 2538 71 82 1657 54
leaf_count=2325 81 2538 71 82 1657 54
internal_value=2.42942e-05 0.000538423 0.00651978 0.000313966 0.00137853 0.00860103
internal_weight=6808 4483 152 4331 1793 136
internal_count=6808 4483 152 4331 1793 136
is_linear=0
shrinkage=0.01


Tree=482
num_leaves=7
num_cat=0
split_feature=2 18 0 0 20 6
split_gain=36.3709 48.5031 40.3502 34.5848 28.1514 26.4367
threshold=0.23918578090085316 0.02720518698372006 0.90330067459678653 1.2607249096886839 16.900000000000038 1.0000000180025095e-35
decision_type=2 2 2 2 8 2
left_child=1 2 -1 4 -2 -6
right_child=3 -3 -4 -5 5 -7
leaf_value=0.00035055634912190047 0.0064203814729567503 -0.00097221575131447148 0.009507659175398725 0.0038211011149006774 -6.9456405158708673e-05 -0.0018596257929546446
leaf_weight=76 52 164 125 202 5219 970
leaf_count=76 52 164 125 202 5219 970
internal_value=2.44988e-05 0.00305204 0.00622598 -0.000151477 -0.000285963 -0.000352576
internal_weight=6808 365 201 6443 6241 6189
internal_count=6808 365 201 6443 6241 6189
is_linear=0
shrinkage=0.01


Tree=483
num_leaves=7
num_cat=0
split_feature=20 19 21 19 13 20
split_gain=32.7108 50.4668 34.5797 55.1025 37.2475 45.1714
threshold=16.900000000000038 282.70884993495787 16.100833333333352 290.25629892673493 17.877604077128598 26.700000000000021
decision_type=8 8 8 10 2 10
left_child=-1 -2 4 -4 5 -3
right_child=1 2 3 -5 -6 -7
leaf_value=0.0068748686019925098 -0.0037713254517403199 0.0046772965634354971 -0.0037657344695962037 -1.2189040051726921e-05 -0.00059745153657128158 0.00093876864375874432
leaf_weight=59 335 434 431 3457 877 1215
leaf_count=59 335 434 431 3457 877 1215
internal_value=2.4506e-05 -4.54629e-05 0.000154705 -0.000436877 0.0010634 0.00194497
internal_weight=6808 6749 6414 3888 2526 1649
internal_count=6808 6749 6414 3888 2526 1649
is_linear=0
shrinkage=0.01


Tree=484
num_leaves=7
num_cat=0
split_feature=2 6 9 1 9 6
split_gain=35.8019 37.0074 28.5089 28.0784 75.4437 62.4745
threshold=0.33357726690579381 1.0000000180025095e-35 0.0016034987752540036 1.4763982188948668 0.0069487483449950918 1.0000000180025095e-35
decision_type=2 2 2 2 2 2
left_child=1 -1 -3 -2 5 -5
right_child=3 2 -4 4 -6 -7
leaf_value=0.0028961251398590166 -0.00069392081506211827 -0.0060806632916564534 0.0013118252332412429 0.0013401464078792438 0.0084085679634428416 -0.0033797866333774773
leaf_weight=719 4235 82 114 1190 112 356
leaf_count=719 4235 82 114 1190 112 356
internal_value=2.43247e-05 0.00185354 -0.00192599 -0.000262354 0.000837541 0.000238544
internal_weight=6808 915 196 5893 1658 1546
internal_count=6808 915 196 5893 1658 1546
is_linear=0
shrinkage=0.01


Tree=485
num_leaves=7
num_cat=0
split_feature=2 7 21 21 3 8
split_gain=35.4437 161.671 75.8386 59.5145 49.8129 47.1347
threshold=0.51723416522362686 683.67465000000004 17.125833333333386 9.9475000000001135 0.14249343951516913 1049.0000000000002
decision_type=2 2 10 8 2 2
left_child=1 3 -3 -1 -4 -5
right_child=-2 2 4 5 -6 -7
leaf_value=-0.0038828175750102696 -0.00053703691657303889 0.015369437925960168 -0.0018444275851686334 -0.0035074885892074394 0.0092617649525382154 0.0013011489711472765
leaf_weight=309 4240 91 76 220 70 1802
leaf_count=309 4240 91 76 220 70 1802
internal_value=2.41372e-05 0.000949175 0.00864224 0.000133422 0.00373282 0.000763268
internal_weight=6808 2568 237 2331 146 2022
internal_count=6808 2568 237 2331 146 2022
is_linear=0
shrinkage=0.01


Tree=486
num_leaves=7
num_cat=0
split_feature=2 10 7 13 10 7
split_gain=34.8488 40.7024 36.4372 33.25 57.7983 52.5142
threshold=0.23918578090085316 0.03529871864335387 29.691000000000003 69.856460594021755 0.016004421638187955 79.123500000000021
decision_type=2 2 2 2 2 2
left_child=1 2 -1 4 5 -2
right_child=3 -3 -4 -5 -6 -7
leaf_value=0.0016128585350878061 0.00062775186801312163 -5.8360324539947064e-05 0.011023969140866499 -0.0037538125094147474 -0.00017142256442739958 0.011552759364799216
leaf_weight=84 99 202 79 236 6037 71
leaf_count=84 99 202 79 236 6037 71
internal_value=2.41329e-05 0.00298765 0.00654764 -0.000148122 -5.21052e-06 0.00557888
internal_weight=6808 365 163 6443 6207 170
internal_count=6808 365 163 6443 6207 170
is_linear=0
shrinkage=0.01


Tree=487
num_leaves=7
num_cat=0
split_feature=2 13 10 2 13 13
split_gain=34.6193 63.9878 57.0494 51.67 38.8291 92.2685
threshold=0.51723416522362686 22.495370601721508 0.020229433464281226 0.39621381905628006 36.662346299175617 55.669639344324075
decision_type=2 2 2 2 2 2
left_child=1 2 3 -1 -2 -6
right_child=4 -3 -4 -5 5 -7
leaf_value=0.014737666750756592 -0.00081933600347677924 -0.001347107492606167 0.0015099412081057129 0.0015710960860763276 0.0083489626741531913 -0.0017829286549015208
leaf_weight=55 3890 824 1629 60 148 202
leaf_count=55 3890 824 1629 60 148 202
internal_value=2.41971e-05 0.000938414 0.00201979 0.0085434 -0.000530413 0.00261432
internal_weight=6808 2568 1744 115 4240 350
internal_count=6808 2568 1744 115 4240 350
is_linear=0
shrinkage=0.01


Tree=488
num_leaves=7
num_cat=0
split_feature=2 13 19 7 4 13
split_gain=34.01 38.9047 41.6869 27.5272 49.1802 37.2934
threshold=0.33357726690579381 18.64550968658374 297.20500000000004 24.653250000000003 0.28227252034324135 42.231485457887494
decision_type=2 2 10 2 2 2
left_child=1 2 -1 -2 5 -5
right_child=3 -3 -4 4 -6 -7
leaf_value=0.0042713380398127984 -0.001262004118725169 -0.0010250027301824754 -0.0033616899909342038 -0.0001713213412779949 0.0072797719924710689 0.0045629881080721732
leaf_weight=526 1850 314 75 3793 86 164
leaf_count=526 1850 314 75 3793 86 164
internal_value=2.4281e-05 0.00180713 0.00327937 -0.000255132 0.00020757 3.59024e-05
internal_weight=6808 915 601 5893 4043 3957
internal_count=6808 915 601 5893 4043 3957
is_linear=0
shrinkage=0.01


Tree=489
num_leaves=7
num_cat=0
split_feature=2 7 1 14 13 13
split_gain=33.6734 157.019 41.1649 50.2264 37.8078 90.0087
threshold=0.51723416522362686 683.67465000000004 1.4720682953588871 0.78060461047799456 36.662346299175617 55.669639344324075
decision_type=2 2 2 2 2 2
left_child=1 2 -1 -4 -2 -6
right_child=4 -3 3 -5 5 -7
leaf_value=-0.00051796822191211406 -0.00080789085069317922 0.0085074097016894154 0.0044369835428619501 -0.0040417062480066143 0.0082443087988922116 -0.0017626895934765069
leaf_weight=1896 3890 237 357 78 148 202
leaf_count=1896 3890 237 357 78 148 202
internal_value=2.41892e-05 0.000925828 0.000121937 0.00286001 -0.000522791 0.00258031
internal_weight=6808 2568 2331 435 4240 350
internal_count=6808 2568 2331 435 4240 350
is_linear=0
shrinkage=0.01


Tree=490
num_leaves=7
num_cat=0
split_feature=2 19 18 0 13 13
split_gain=33.2524 36.7886 42.004 33.346 32.5005 25.7403
threshold=0.25016427365162591 296.88733848182932 0.02720518698372006 1.2607249096886839 18.64550968658374 69.856460594021755
decision_type=2 10 2 2 2 2
left_child=1 2 4 5 -1 -2
right_child=3 -3 -4 -5 -6 -7
leaf_value=0.0096049575322036847 -0.00016145890498366584 -0.0038923425069206379 -0.00019283575387910392 0.0037434464047623379 0.0014199601055847274 -0.0035292140150569003
leaf_weight=131 5960 63 146 202 80 226
leaf_count=131 5960 63 146 202 80 226
internal_value=2.41535e-05 0.00271598 0.00395644 -0.000156798 0.00670631 -0.000289994
internal_weight=6808 420 357 6388 211 6186
internal_count=6808 420 357 6388 211 6186
is_linear=0
shrinkage=0.01


Tree=491
num_leaves=7
num_cat=0
split_feature=1 14 13 5 17 17
split_gain=32.7789 31.0757 35.5331 45.9125 85.7194 43.0521
threshold=0.88538587848932682 2.5069154200685726 69.856460594021755 1.3380978654481461 312.83500000000055 280.7883333333333
decision_type=2 2 2 2 8 10
left_child=-1 2 3 -2 5 -5
right_child=1 -3 -4 4 -6 -7
leaf_value=-0.0019678924655406093 0.00046578875251766794 -0.001497487243814502 -0.0032665382292273539 0.0028381614028837 -0.0058611642758191473 0.010811181357841341
leaf_weight=727 4665 850 223 161 61 121
leaf_count=727 4665 850 223 161 61 121
internal_value=2.40145e-05 0.000264992 0.000553693 0.000729974 0.00420807 0.0065123
internal_weight=6808 6081 5231 5008 343 282
internal_count=6808 6081 5231 5008 343 282
is_linear=0
shrinkage=0.01


Tree=492
num_leaves=7
num_cat=0
split_feature=11 9 19 10 13 19
split_gain=33.2451 42.2066 42.8807 31.9723 64.8418 32.7375
threshold=0.047623304218267402 0.0094679936677383916 292.91496302720492 0.016004421638187955 36.037860194726278 291.24984626942779
decision_type=2 2 10 2 2 8
left_child=1 3 -3 4 -1 -5
right_child=-2 2 -4 5 -6 -7
leaf_value=0.010109729441183228 -0.0034151500841878629 0.011114631792264325 -0.0005840098865760061 -0.00091799805830757042 -0.0011635399089554841 0.00054578585053203523
leaf_weight=83 260 60 55 2637 109 3604
leaf_count=83 260 60 55 2637 109 3604
internal_value=2.37967e-05 0.000165346 0.00592051 5.34336e-05 0.00396903 -7.31836e-05
internal_weight=6808 6548 115 6433 192 6241
internal_count=6808 6548 115 6433 192 6241
is_linear=0
shrinkage=0.01


Tree=493
num_leaves=7
num_cat=0
split_feature=1 18 21 19 1 13
split_gain=31.9569 35.6121 47.2182 28.2737 49.5948 50.6784
threshold=0.88538587848932682 0.0092476956614456745 26.925000000000047 289.59662776384687 1.7344127038147858 16.265073570448624
decision_type=2 2 8 10 2 2
left_child=-1 2 3 -2 -5 -6
right_child=1 -3 -4 4 5 -7
leaf_value=-0.0019429831121664421 -0.00148288661013421 0.0010447871555883254 -0.0071426185357917858 -0.00041055418051854671 -0.00021029203175567093 0.0064809291464845336
leaf_weight=727 1151 2964 93 1429 210 234
leaf_count=727 1151 2964 93 1429 210 234
internal_value=2.37889e-05 0.000261726 -0.000483859 -0.000256208 0.000501484 0.00338124
internal_weight=6808 6081 3117 3024 1873 444
internal_count=6808 6081 3117 3024 1873 444
is_linear=0
shrinkage=0.01


Tree=494
num_leaves=7
num_cat=0
split_feature=11 0 10 15 15 1
split_gain=32.4494 30.0037 28.399 24.8943 34.6896 22.1297
threshold=0.047623304218267402 1.2607249096886839 0.023116111152882968 10.619077735791935 12.644415890330858 4.5357142857142865
decision_type=2 2 2 2 2 2
left_child=1 3 -3 -1 -5 -4
right_child=-2 2 5 4 -6 -7
leaf_value=0.00017291241568747958 -0.0033740490302098568 0.0091422631296892726 0.0041274126034229995 -0.0048007697979459583 0.0033016450910104645 -0.0033920552733784112
leaf_weight=6075 260 59 90 207 62 55
leaf_count=6075 260 59 90 207 62 55
internal_value=2.34972e-05 0.000163342 0.00384614 3.905e-05 -0.00288189 0.00124037
internal_weight=6808 6548 204 6344 269 145
internal_count=6808 6548 204 6344 269 145
is_linear=0
shrinkage=0.01


Tree=495
num_leaves=7
num_cat=0
split_feature=2 17 0 3 1 2
split_gain=32.4836 42.7521 31.7635 24.2806 55.2762 35.4342
threshold=0.23918578090085316 250.73666666666688 1.2607249096886839 0.079021723885935077 1.4947250035363717 0.66563807121760854
decision_type=2 8 2 2 2 2
left_child=1 -1 3 4 -2 -5
right_child=2 -3 -4 5 -6 -7
leaf_value=0.0090816934229156314 -0.0023611660103217279 0.001005585128106613 0.0036641184435190878 0.00071887662305840166 0.004677424544749397 -0.00096682204940933794
leaf_weight=76 1005 289 202 3002 116 2118
leaf_count=76 1005 289 202 3002 116 2118
internal_value=2.33382e-05 0.00288452 -0.000142969 -0.000271856 -0.0015979 2.10252e-05
internal_weight=6808 365 6443 6241 1121 5120
internal_count=6808 365 6443 6241 1121 5120
is_linear=0
shrinkage=0.01


Tree=496
num_leaves=7
num_cat=0
split_feature=20 11 0 22 21 15
split_gain=31.6518 30.3447 28.0529 32.7957 27.5406 23.2225
threshold=16.900000000000038 0.047623304218267402 1.2607249096886839 -0.99999999999997147 16.788333333333359 10.619077735791935
decision_type=8 2 2 10 10 2
left_child=-1 2 5 -4 -5 -2
right_child=1 -3 3 4 -6 -7
leaf_value=0.0067619015254836157 0.00010213456787141091 -0.0033303188384096656 -0.0010944804794954784 0.011702608437006991 0.0019678225207482337 -0.0028488842953884419
leaf_weight=59 6022 260 82 52 64 269
leaf_count=59 6022 260 82 52 64 269
internal_value=2.33368e-05 -4.54891e-05 9.10487e-05 0.00370427 0.00691413 -2.83706e-05
internal_weight=6808 6749 6489 198 116 6291
internal_count=6808 6749 6489 198 116 6291
is_linear=0
shrinkage=0.01


Tree=497
num_leaves=7
num_cat=0
split_feature=6 9 13 9 19 21
split_gain=31.1241 87.0373 55.9805 34.7955 31.3736 91.4759
threshold=1.0000000180025095e-35 0.0087051601596763954 1.2025975210681403 0.0015450530708676429 291.06320411624642 17.628333333333362
decision_type=2 2 2 2 8 10
left_child=4 2 3 -2 5 -1
right_child=1 -3 -4 -5 -6 -7
leaf_value=0.00027129525779166888 -0.0010332432333067651 0.0093172388928277148 -0.0043633930761460375 0.0055729467312645433 0.00096209696057618919 -0.0051531817019950564
leaf_weight=2091 400 60 553 89 3260 355
leaf_count=2091 400 60 553 89 3260 355
internal_value=2.3298e-05 -0.00150746 -0.0022134 0.000256697 0.000321053 -0.000533762
internal_weight=6808 1102 1042 489 5706 2446
internal_count=6808 1102 1042 489 5706 2446
is_linear=0
shrinkage=0.01


Tree=498
num_leaves=7
num_cat=0
split_feature=7 5 19 17 7 17
split_gain=32.6129 46.4269 35.0634 105.569 61.9067 40.0419
threshold=24.653250000000003 1.0460374646361117 289.39525567509094 256.90166666666613 390.01365000000004 312.83500000000055
decision_type=2 2 10 10 2 8
left_child=-1 -2 3 4 -3 -4
right_child=1 2 5 -5 -6 -7
leaf_value=-0.00093556613587511095 -1.1372447643189618e-07 0.00074872349326809257 0.0052108568360419646 -0.0060979123439465193 0.012846398663492159 -0.0011549004424506655
leaf_weight=2325 3557 125 476 150 55 120
leaf_count=2325 3557 125 476 150 55 120
internal_value=2.31467e-05 0.000521336 0.00250296 -0.000116389 0.00492681 0.00393125
internal_weight=6808 4483 926 330 180 596
internal_count=6808 4483 926 330 180 596
is_linear=0
shrinkage=0.01


Tree=499
num_leaves=7
num_cat=0
split_feature=2 7 7 13 22 2
split_gain=32.0466 36.2507 25.5538 43.5669 68.1208 44.6328
threshold=0.29809015747477707 683.67465000000004 24.653250000000003 42.231485457887494 -1.4999999999999714 0.47962434134169635
decision_type=2 2 2 2 10 2
left_child=1 -1 -2 5 -5 -4
right_child=2 -3 3 4 -6 -7
leaf_value=0.0011574639379658138 -0.0011370386293728676 0.0079855667147785431 0.0022284125641799176 -0.0031555554368843637 0.0089546587563266878 -0.00048799482126253183
leaf_weight=572 1972 81 732 65 123 3263
leaf_count=572 1972 81 732 65 123 3263
internal_value=2.3071e-05 0.00211211 -0.000201627 0.000241016 0.00481971 1.40512e-05
internal_weight=6808 653 6155 4183 188 3995
internal_count=6808 653 6155 4183 188 3995
is_linear=0
shrinkage=0.01


Tree=500
num_leaves=7
num_cat=0
split_feature=2 1 20 14 7 10
split_gain=31.469 30.5303 35.3369 34.5096 33.8916 85.5411
threshold=0.25016427365162591 1.2142949772507745 40.300000000000018 2.1107138664934415 24.653250000000003 0.014863896224169854
decision_type=2 2 10 2 2 2
left_child=-1 -2 3 4 -3 -6
right_child=1 2 -4 -5 5 -7
leaf_value=0.0026417178595763481 -0.0008749769842169219 -0.0007995510879533858 -0.0044515627105652855 -0.002571758949501869 0.013353437416973051 0.0013251844109757663
leaf_weight=420 3049 741 128 281 51 2138
leaf_count=420 3049 741 128 281 51 2138
internal_value=2.30683e-05 -0.000152963 0.000506986 0.000717855 0.00104102 0.00166487
internal_weight=6808 6388 3339 3211 2930 2189
internal_count=6808 6388 3339 3211 2930 2189
is_linear=0
shrinkage=0.01


Tree=501
num_leaves=7
num_cat=0
split_feature=7 14 20 20 8 20
split_gain=31.0825 57.6275 118.122 67.5033 56.9351 124.249
threshold=24.653250000000003 0.54361967088576424 26.700000000000021 38.000000000000036 914.50000000000011 32.300000000000018
decision_type=2 2 8 8 2 10
left_child=-1 2 -2 -4 5 -3
right_child=1 4 3 -5 -6 -7
leaf_value=-0.00091298436552666421 0.0071182163161225623 -0.0029392194936460835 0.0016671876433295783 -0.0038654030712239225 -0.00083951676270358822 0.011497228184495778
leaf_weight=2325 340 113 1159 262 2500 109
leaf_count=2325 340 113 1159 262 2500 109
internal_value=2.29641e-05 0.000509323 0.00191357 0.000627221 -0.000402833 0.00433899
internal_weight=6808 4483 1761 1421 2722 222
internal_count=6808 4483 1761 1421 2722 222
is_linear=0
shrinkage=0.01


Tree=502
num_leaves=7
num_cat=0
split_feature=2 13 18 3 19 19
split_gain=31.0215 41.4586 74.1493 31.962 35.2677 24.4318
threshold=0.3920993584943207 18.64550968658374 0.012060626083581881 0.13916905796329285 291.24984626942779 297.20500000000004
decision_type=2 2 2 2 8 10
left_child=1 2 -1 -2 -5 -4
right_child=3 -3 5 4 -6 -7
leaf_value=0.010812758301017862 -0.0016958831676351419 -0.0010167442233785832 0.0022885365584988126 -0.00095115728007076779 0.00090030562845411081 -0.0026925293627849396
leaf_weight=89 1271 469 689 1787 2397 106
leaf_count=89 1271 469 689 1787 2397 106
internal_value=2.29064e-05 0.00137256 0.00263738 -0.000313746 0.000109157 0.0015992
internal_weight=6808 1353 884 5455 4184 795
internal_count=6808 1353 884 5455 4184 795
is_linear=0
shrinkage=0.01


Tree=503
num_leaves=7
num_cat=0
split_feature=11 9 7 10 7 18
split_gain=30.6233 40.6629 46.7152 29.5247 70.7396 34.3002
threshold=0.047623304218267402 0.0094679936677383916 15.600150000000001 0.016004421638187955 79.123500000000021 0.0092476956614456745
decision_type=2 2 2 2 2 2
left_child=1 3 -3 4 -1 -5
right_child=-2 2 -4 5 -6 -7
leaf_value=-0.00095472057285995884 -0.0032777733600318983 -0.0013147562908649932 0.010893880498620707 -0.00081209252377606011 0.011049373105490281 0.00066824356797697427
leaf_weight=121 260 51 64 3124 71 3117
leaf_count=121 260 51 64 3124 71 3117
internal_value=2.27895e-05 0.000158643 0.00580758 4.88019e-05 0.00381154 -7.28684e-05
internal_weight=6808 6548 115 6433 192 6241
internal_count=6808 6548 115 6433 192 6241
is_linear=0
shrinkage=0.01


Tree=504
num_leaves=7
num_cat=0
split_feature=6 2 3 3 4 4
split_gain=31.0264 48.9757 40.9842 35.0417 32.438 30.7701
threshold=1.0000000180025095e-35 0.33357726690579381 0.0049240086853472751 0.080739357366019601 0.17638752312695025 0.26382628234113142
decision_type=2 2 2 2 2 2
left_child=1 3 -3 -1 -4 -2
right_child=5 2 4 -5 -6 -7
leaf_value=0.00095060275567786169 -0.0020538019979020284 -0.003702705343049474 6.8549043864313776e-05 0.005465520064959802 0.0058826696163765636 0.0034261530877050502
leaf_weight=442 997 277 4622 277 88 105
leaf_count=442 997 277 4622 277 88 105
internal_value=2.27999e-05 0.000320088 -3.37514e-05 0.00274112 0.000189411 -0.00150555
internal_weight=6808 5706 4987 719 4710 1102
internal_count=6808 5706 4987 719 4710 1102
is_linear=0
shrinkage=0.01


Tree=505
num_leaves=7
num_cat=0
split_feature=2 17 1 21 19 16
split_gain=30.2949 41.0363 28.0792 33.3726 34.5001 54.1867
threshold=0.23918578090085316 250.73666666666688 1.2142949772507745 24.690833333333281 285.20473384946007 289.05000000000007
decision_type=2 8 2 10 10 10
left_child=1 -1 -2 4 5 -4
right_child=2 -3 3 -5 -6 -7
leaf_value=0.0088568008500476223 -0.00082379879600323299 0.00094649579134585971 0.00016974051821366001 -0.00345870938819291 0.0011412004891590854 -0.0081680272155042217
leaf_weight=76 3092 289 301 191 2764 95
leaf_count=76 3092 289 301 191 2764 95
internal_value=2.27192e-05 0.00278583 -0.000137887 0.000495578 0.000744743 -0.0019824
internal_weight=6808 365 6443 3351 3160 396
internal_count=6808 365 6443 3351 3160 396
is_linear=0
shrinkage=0.01


Tree=506
num_leaves=7
num_cat=0
split_feature=11 9 1 10 13 4
split_gain=29.7377 40.0348 29.7804 28.7407 60.9133 18.0792
threshold=0.047623304218267402 0.0094679936677383916 1.3938870531139111 0.016004421638187955 36.037860194726278 0.24992486666050243
decision_type=2 2 2 2 2 2
left_child=1 3 -3 4 -1 -5
right_child=-2 2 -4 5 -6 -7
leaf_value=0.0097125804258049817 -0.0032300164082984407 -9.8770313789365725e-05 0.0098136538428229263 -3.7584651936295021e-06 -0.001208319890492854 -0.0042692279475418354
leaf_weight=83 260 51 64 6150 109 91
leaf_count=83 260 51 64 6150 109 91
internal_value=2.24724e-05 0.000156347 0.00576148 4.73593e-05 0.0037598 -7.26834e-05
internal_weight=6808 6548 115 6433 192 6241
internal_count=6808 6548 115 6433 192 6241
is_linear=0
shrinkage=0.01


Tree=507
num_leaves=7
num_cat=0
split_feature=6 9 0 22 8 8
split_gain=30.5421 83.4144 39.3659 31.8787 30.0687 32.8593
threshold=1.0000000180025095e-35 0.0087051601596763954 1.2607249096886839 -0.99999999999997147 1479.0000000000002 1000.5000000000001
decision_type=2 2 2 10 2 2
left_child=2 4 -1 -4 5 -2
right_child=1 -3 3 -5 -6 -7
leaf_value=0.00017352229284825371 -0.0060067511752078485 0.0091035455571753642 0.00014917511860447296 0.0089987576232161571 -0.0038254139792926719 0.00068648519691691433
leaf_weight=5550 78 60 73 83 532 432
leaf_count=5550 78 60 73 83 532 432
internal_value=2.24048e-05 -0.00149397 0.000317364 0.00511606 -0.00218493 -0.000433015
internal_weight=6808 1102 5706 156 1042 510
internal_count=6808 1102 5706 156 1042 510
is_linear=0
shrinkage=0.01


Tree=508
num_leaves=7
num_cat=0
split_feature=6 2 1 2 3 19
split_gain=29.9399 47.7022 46.2649 72.7766 34.2515 33.2897
threshold=1.0000000180025095e-35 0.33357726690579381 1.7452943036619037 0.6628741947479585 0.080739357366019601 294.03775135198788
decision_type=2 2 2 2 2 10
left_child=1 4 -3 5 -1 -4
right_child=-2 2 3 -5 -6 -7
leaf_value=0.00093365498103481601 -0.0014790333798022756 -0.0004037608624047808 0.0076654570026048387 -0.00067774640260253661 0.0053971631054357608 -0.00065626968629658219
leaf_weight=442 1102 4354 234 341 277 58
leaf_count=442 1102 4354 234 341 277 58
internal_value=2.23169e-05 0.000314353 -3.48522e-05 0.00246945 0.0027037 0.00604551
internal_weight=6808 5706 4987 633 719 292
internal_count=6808 5706 4987 633 719 292
is_linear=0
shrinkage=0.01


Tree=509
num_leaves=7
num_cat=0
split_feature=20 0 10 11 13 4
split_gain=30.6469 28.7062 27.4782 25.9581 22.3757 32.0161
threshold=16.900000000000038 1.2607249096886839 0.023116111152882968 0.047623304218267402 69.856460594021755 0.03612386338173728
decision_type=8 2 2 2 2 2
left_child=-1 3 -3 4 5 -2
right_child=1 2 -4 -5 -6 -7
leaf_value=0.0066529842746862466 -0.00025348589196267599 0.0089549177687502264 0.0010545009734893316 -0.0031975552981926337 -0.0029506651651010746 0.0016246974298187293
leaf_weight=59 4948 56 142 260 242 1101
leaf_count=59 4948 56 142 260 242 1101
internal_value=2.22518e-05 -4.54717e-05 0.00361206 -0.000161355 -3.0997e-05 9.04862e-05
internal_weight=6808 6749 198 6551 6291 6049
internal_count=6808 6749 198 6551 6291 6049
is_linear=0
shrinkage=0.01


Tree=510
num_leaves=7
num_cat=0
split_feature=20 19 2 19 17 19
split_gain=30.1237 49.5111 39.4101 43.576 27.4633 26.9944
threshold=16.900000000000038 282.70884993495787 0.29809015747477707 296.88733848182932 236.48999999999992 292.87819922770478
decision_type=8 8 2 10 8 10
left_child=-1 -2 3 4 -3 -6
right_child=1 2 -4 -5 5 -7
leaf_value=0.006596096431215605 -0.0037353563995262528 0.010082675913504013 -0.00010341043272165639 -0.0037502171791857111 0.00087032244018374534 0.0057488487668645883
leaf_weight=59 335 50 5800 86 302 176
leaf_count=59 335 50 5800 86 302 176
internal_value=2.22036e-05 -4.49395e-05 0.000153324 0.00254129 0.0036167 0.0027476
internal_weight=6808 6749 6414 614 528 478
internal_count=6808 6749 6414 614 528 478
is_linear=0
shrinkage=0.01


Tree=511
num_leaves=7
num_cat=0
split_feature=7 2 7 20 3 21
split_gain=30.2632 68.5799 65.8147 151.454 39.7709 35.8179
threshold=24.653250000000003 0.4667717636802648 683.67465000000004 38.200000000000024 0.13194164123022842 11.114166666666696
decision_type=2 2 2 10 2 10
left_child=-1 2 5 4 -4 -2
right_child=1 -3 3 -5 -6 -7
leaf_value=-0.00090131748671161318 -0.0026147899322008349 -0.00015424460596344657 0.019203535678311134 -0.0038265962044640284 0.0072361519331572933 0.0025393563272298391
leaf_weight=2325 164 3503 61 72 79 604
leaf_count=2325 164 3503 61 72 79 604
internal_value=2.2212e-05 0.000502118 0.00282614 0.00762922 0.0133831 0.00141927
internal_weight=6808 4483 980 212 140 768
internal_count=6808 4483 980 212 140 768
is_linear=0
shrinkage=0.01


Tree=512
num_leaves=7
num_cat=0
split_feature=7 13 0 13 12 0
split_gain=29.6838 53.0853 39.2374 35.0814 39.9078 65.7688
threshold=24.653250000000003 16.265073570448624 0.99931452156576783 3.8357212490002053 2.9727379293480429 1.0002375396795216
decision_type=2 2 2 2 2 2
left_child=-1 3 -3 4 5 -2
right_child=1 2 -4 -5 -6 -7
leaf_value=-0.00089234291429769025 0.0032591933174471871 0.00086276448966424559 0.0050230572824473034 -0.0016915792898830227 -0.00080472315266146618 -0.0012322043049514504
leaf_weight=2325 911 548 383 954 1189 498
leaf_count=2325 911 548 383 954 1189 498
internal_value=2.2305e-05 0.000497595 0.00260944 -6.17036e-05 0.000540987 0.00167425
internal_weight=6808 4483 931 3552 2598 1409
internal_count=6808 4483 931 3552 2598 1409
is_linear=0
shrinkage=0.01


Tree=513
num_leaves=7
num_cat=0
split_feature=2 17 1 22 22 22
split_gain=28.9315 34.1251 27.3692 32.7794 31.2495 49.5261
threshold=0.25016427365162591 251.32166666666663 1.2142949772507745 11.600000000000025 -9.9999999999999698 -8.9999999999999698
decision_type=2 8 2 10 8 10
left_child=1 -1 -2 4 -4 -6
right_child=2 -3 3 -5 5 -7
leaf_value=0.0079413171067995864 -0.00083024819509548145 0.0010304316835967695 -0.0037810272544457697 -0.003419641426998406 0.0096526449662633247 0.00075338063449005479
leaf_weight=82 3049 338 137 193 54 2955
leaf_count=82 3049 338 137 193 54 2955
internal_value=2.21483e-05 0.002533 -0.000146637 0.000478216 0.000727418 0.000944532
internal_weight=6808 420 6388 3339 3146 3009
internal_count=6808 420 6388 3339 3146 3009
is_linear=0
shrinkage=0.01


Tree=514
num_leaves=7
num_cat=0
split_feature=7 2 7 13 22 11
split_gain=29.0844 66.6541 64.3842 56.6304 69.3177 54.8573
threshold=24.653250000000003 0.4667717636802648 683.67465000000004 42.231485457887494 -1.4999999999999714 0.022172092927509827
decision_type=2 2 2 2 10 2
left_child=-1 2 -2 -3 -5 -4
right_child=1 3 5 4 -6 -7
leaf_value=-0.00088327223339543833 0.0013924036156996644 -0.00042881096180173446 0.012486085064384887 -0.0033346848478388105 0.010313587177927805 0.0022845944487489759
leaf_weight=2325 768 3355 102 51 97 110
leaf_count=2325 768 3355 102 51 97 110
internal_value=2.20932e-05 0.00049256 0.00278372 -0.000154515 0.00569708 0.0075342
internal_weight=6808 4483 980 3503 148 212
internal_count=6808 4483 980 3503 148 212
is_linear=0
shrinkage=0.01


Tree=515
num_leaves=7
num_cat=0
split_feature=7 13 16 13 16 22
split_gain=28.5284 51.3237 62.1523 34.3968 44.5156 40.6237
threshold=24.653250000000003 16.265073570448624 331.05000000000007 3.8357212490002053 269.05000000000007 -2.5999999999999654
decision_type=2 2 8 2 10 10
left_child=-1 3 -3 5 -5 -2
right_child=1 2 -4 4 -6 -7
leaf_value=-0.00087447733108974831 0.0031168148008054774 0.0032676234406112188 -0.0065094862364783465 -0.0042493465213479025 0.00011656999542695312 -6.801561400816131e-05
leaf_weight=2325 484 870 61 386 568 2114
leaf_count=2325 484 870 61 386 568 2114
internal_value=2.21924e-05 0.00048814 0.00256465 -6.17974e-05 -0.00167569 0.000534985
internal_weight=6808 4483 931 3552 954 2598
internal_count=6808 4483 931 3552 954 2598
is_linear=0
shrinkage=0.01


Tree=516
num_leaves=7
num_cat=0
split_feature=7 8 5 8 19 16
split_gain=27.9582 43.3075 36.7394 35.7696 35.201 64.5503
threshold=24.653250000000003 2311.0000000000005 1.6723283689422437 1489.0000000000002 290.69908111180365 322.4500000000001
decision_type=2 2 2 2 8 10
left_child=-1 2 4 -4 5 -2
right_child=1 -3 3 -5 -6 -7
leaf_value=-0.00086577000330492456 -2.7672946256289212e-05 0.0071640879354978862 0.011155560280455919 0.00058987592556513843 0.00090694356219858218 -0.0051025365764203667
leaf_weight=2325 1386 85 51 70 2595 296
leaf_count=2325 1386 85 51 70 2595 296
internal_value=2.18943e-05 0.000483162 0.000338081 0.0055548 0.000177882 -0.000945631
internal_weight=6808 4483 4398 121 4277 1682
internal_count=6808 4483 4398 121 4277 1682
is_linear=0
shrinkage=0.01


Tree=517
num_leaves=7
num_cat=0
split_feature=11 9 3 18 7 11
split_gain=28.197 38.6051 63.4254 25.1386 48.3902 84.8924
threshold=0.047623304218267402 0.0094679936677383916 -0.059333525983358788 0.0092476956614456745 683.67465000000004 0.019029298680714544
decision_type=2 2 2 2 2 2
left_child=1 3 -3 -1 -5 -6
right_child=-2 2 -4 4 5 -7
leaf_value=-0.00056042295492739755 -0.0031452322035501884 -0.0017234358847524752 0.012302102151312935 0.00028543900767848254 0.014171740983479791 0.0014858081489130539
leaf_weight=3314 260 58 57 2833 60 226
leaf_count=3314 260 58 57 2833 60 226
internal_value=2.1878e-05 0.000152238 0.00565638 4.52165e-05 0.000688455 0.00453606
internal_weight=6808 6548 115 6433 3119 286
internal_count=6808 6548 115 6433 3119 286
is_linear=0
shrinkage=0.01


Tree=518
num_leaves=7
num_cat=0
split_feature=20 14 13 15 14 20
split_gain=29.4163 27.1628 33.7812 35.0603 33.0314 32.9128
threshold=16.900000000000038 0.99808018419407829 69.856460594021755 1.0000000180025095e-35 0.079064266088257867 27.800000000000015
decision_type=8 2 2 2 2 10
left_child=-1 2 3 -2 -5 -3
right_child=1 5 -4 4 -6 -7
leaf_value=0.0065182403291481131 0.0067431578644965261 -0.0039675417165053661 -0.0031516001182590324 -0.0026407516567628648 0.00067547188961475954 -0.00046055193016546919
leaf_weight=59 80 310 249 314 4139 1657
leaf_count=59 80 310 249 314 4139 1657
internal_value=2.19939e-05 -4.43563e-05 0.000362594 0.000562143 0.000436238 -0.00103053
internal_weight=6808 6749 4782 4533 4453 1967
internal_count=6808 6749 4782 4533 4453 1967
is_linear=0
shrinkage=0.01


Tree=519
num_leaves=7
num_cat=0
split_feature=20 19 2 19 3 10
split_gain=28.9152 48.7355 37.8577 40.065 31.9793 39.5268
threshold=16.900000000000038 282.70884993495787 0.28369280561307603 296.88733848182932 0.14249343951516913 0.018754143899312303
decision_type=8 8 2 10 2 2
left_child=-1 -2 3 -3 -4 -6
right_child=1 2 4 -5 5 -7
leaf_value=0.0064625045786733219 -0.0037053518458067076 0.0038068287015279381 -0.0011964530452917043 -0.0037269886165638183 0.0046426818021639968 0.00017847066310925283
leaf_weight=59 335 454 1777 75 199 3909
leaf_count=59 335 454 1777 75 199 3909
internal_value=2.18284e-05 -4.39542e-05 0.000152749 0.00268938 -7.94427e-05 0.000405475
internal_weight=6808 6749 6414 529 5885 4108
internal_count=6808 6749 6414 529 5885 4108
is_linear=0
shrinkage=0.01


Tree=520
num_leaves=7
num_cat=0
split_feature=20 14 10 1 17 20
split_gain=28.4223 26.6067 36.3199 32.2443 49.6876 32.0805
threshold=16.900000000000038 0.99808018419407829 0.020229433464281226 2.0000022500218573 260.85833333333255 27.800000000000015
decision_type=8 2 2 2 10 10
left_child=-1 2 3 -2 -5 -3
right_child=1 5 -4 4 -6 -7
leaf_value=0.0064072455249834749 0.0010045828932197765 -0.00391919161604892 9.8444140717682035e-05 0.00019985663564237832 0.011950704468085485 -0.00045680193324874608
leaf_weight=59 246 310 4398 63 75 1657
leaf_count=59 246 310 4398 63 75 1657
internal_value=2.17049e-05 -4.35147e-05 0.000359248 0.00326795 0.00696216 -0.00101954
internal_weight=6808 6749 4782 384 138 1967
internal_count=6808 6749 4782 384 138 1967
is_linear=0
shrinkage=0.01


Tree=521
num_leaves=7
num_cat=0
split_feature=6 5 1 1 13 14
split_gain=30.0253 40.3541 38.1733 36.9437 31.5511 29.1627
threshold=1.0000000180025095e-35 1.6723283689422437 1.8910295415699132 0.99980632471583386 16.490371260983618 2.415901222075028
decision_type=2 2 2 2 2 2
left_child=3 2 4 -1 -2 -5
right_child=1 -3 -4 5 -6 -7
leaf_value=-0.0012598237713993168 -0.00037586976347832887 0.0041313908978140561 -0.0070738035465280217 0.0010164091200285704 -0.005105327848860689 -0.0014591803988638987
leaf_weight=1174 704 106 125 4001 167 531
leaf_count=1174 704 106 125 4001 167 531
internal_value=2.17121e-05 -0.00148178 -0.00211429 0.000314165 -0.00133032 0.000723778
internal_weight=6808 1102 996 5706 871 4532
internal_count=6808 1102 996 5706 871 4532
is_linear=0
shrinkage=0.01


Tree=522
num_leaves=7
num_cat=0
split_feature=0 22 20 11 9 11
split_gain=28.4082 28.1266 26.8003 24.2576 40.5635 24.2449
threshold=1.2607249096886839 -0.99999999999997147 16.900000000000038 0.047623304218267402 0.0094679936677383916 0.033372345042563027
decision_type=2 10 8 2 2 2
left_child=2 -2 -1 4 -4 -6
right_child=1 -3 3 -5 5 -7
leaf_value=0.0063967362897736696 -0.00065960483511491694 0.0066395967226523522 -0.00014479505499176247 -0.0030919638743917284 0.0097795623427990707 0.00080694160059742307
leaf_weight=53 88 116 6176 260 56 59
leaf_count=53 88 116 6176 260 56 59
internal_value=2.13464e-05 0.00360723 -9.47094e-05 -0.000156897 -3.08796e-05 0.00560904
internal_weight=6808 204 6604 6551 6291 115
internal_count=6808 204 6604 6551 6291 115
is_linear=0
shrinkage=0.01


Tree=523
num_leaves=7
num_cat=0
split_feature=2 17 16 13 13 13
split_gain=27.8941 33.0453 34.5761 29.0432 31.9637 64.8994
threshold=0.25016427365162591 251.32166666666663 311.65000000000009 69.856460594021755 41.858766462703876 55.669639344324075
decision_type=2 8 10 2 2 2
left_child=1 -1 -3 4 -2 -6
right_child=3 2 -4 -5 5 -7
leaf_value=0.0078088112126873891 -0.0002358955008591327 -0.0027269310007073189 0.0035929532058182217 -0.0035571385830796016 0.006054095360934735 -0.00082602794525141199
leaf_weight=82 5619 138 200 230 240 299
leaf_count=82 5619 138 200 230 240 299
internal_value=2.14223e-05 0.00248685 0.00100843 -0.000144309 -1.12799e-05 0.00229195
internal_weight=6808 420 338 6388 6158 539
internal_count=6808 420 338 6388 6158 539
is_linear=0
shrinkage=0.01


Tree=524
num_leaves=7
num_cat=0
split_feature=0 2 22 20 20 0
split_gain=27.8503 31.3578 27.6393 24.5606 30.6448 42.8533
threshold=1.2607249096886839 0.50961894191638935 -0.99999999999997147 38.000000000000036 35.700000000000024 0.93939002482896261
decision_type=2 2 10 10 10 2
left_child=1 3 -2 4 -1 -6
right_child=2 -3 -4 -5 5 -7
leaf_value=0.00071298244400897295 -0.0006574832123457169 -0.00062123643588775834 0.0065778724996313929 -0.0033198313817320679 0.00069096637898287102 0.010788074045628308
leaf_weight=2153 88 4160 116 127 99 65
leaf_count=2153 88 4160 116 127 99 65
internal_value=2.13564e-05 -9.35547e-05 0.00357186 0.000803498 0.0010428 0.00508288
internal_weight=6808 6604 204 2444 2317 164
internal_count=6808 6604 204 2444 2317 164
is_linear=0
shrinkage=0.01


Tree=525
num_leaves=7
num_cat=0
split_feature=20 19 20 8 15 15
split_gain=27.4396 47.494 26.629 62.8394 51.4697 40.5135
threshold=16.900000000000038 282.70884993495787 26.900000000000038 1354.0000000000002 0.18990058040356347 0.14119119463727667
decision_type=8 8 8 2 2 2
left_child=-1 -2 3 -3 5 -5
right_child=1 2 -4 4 -6 -7
leaf_value=0.0062955322991246768 -0.0036571948513366699 0.008340476885167581 -0.00011540191242340934 0.00039589750707734288 -0.0012292974407496038 0.0076217083322710748
leaf_weight=59 335 114 5481 162 516 141
leaf_count=59 335 114 5481 162 516 141
internal_value=2.13506e-05 -4.27316e-05 0.000151449 0.00170369 0.000690424 0.00389448
internal_weight=6808 6749 6414 933 819 303
internal_count=6808 6749 6414 933 819 303
is_linear=0
shrinkage=0.01


Tree=526
num_leaves=7
num_cat=0
split_feature=6 9 13 2 4 13
split_gain=29.5465 79.5131 54.3596 43.8732 40.3612 25.3623
threshold=1.0000000180025095e-35 0.0087051601596763954 1.2025975210681403 0.33357726690579381 0.052831542241518363 18.64550968658374
decision_type=2 2 2 2 2 2
left_child=3 2 4 5 -2 -1
right_child=1 -3 -4 -5 -6 -7
leaf_value=0.0039422740819505774 -0.00088758160588461616 0.0088769817176674089 -0.0042632485149415016 -2.3408869199431791e-05 0.007057704701026281 5.1207577921594535e-06
leaf_weight=471 424 60 553 4987 65 248
leaf_count=471 424 60 553 4987 65 248
internal_value=2.1396e-05 -0.00147006 -0.00214457 0.000311508 0.000288812 0.00260296
internal_weight=6808 1102 1042 5706 489 719
internal_count=6808 1102 1042 5706 489 719
is_linear=0
shrinkage=0.01


Tree=527
num_leaves=7
num_cat=0
split_feature=6 20 10 0 0 19
split_gain=28.9289 37.4349 40.7131 44.7028 36.17 34.8428
threshold=1.0000000180025095e-35 35.700000000000024 0.018754143899312303 0.7845728856778581 1.2607249096886839 294.09000000000009
decision_type=2 8 2 2 2 8
left_child=4 2 -2 -4 -1 -3
right_child=1 5 3 -5 -6 -7
leaf_value=0.00017057507649827412 0.0050172218686202544 0.0075866300365685126 0.00044995391672074961 -0.005044459483586252 0.0049082534374242804 -0.00028822561443789371
leaf_weight=5550 54 59 210 480 156 299
leaf_count=5550 54 59 210 480 156 299
internal_value=2.13978e-05 -0.00145439 -0.00272108 -0.00338971 0.000308462 0.00118048
internal_weight=6808 1102 744 690 5706 358
internal_count=6808 1102 744 690 5706 358
is_linear=0
shrinkage=0.01


Tree=528
num_leaves=7
num_cat=0
split_feature=0 20 19 1 20 14
split_gain=27.1011 25.8473 47.5879 31.5888 28.3812 83.5568
threshold=1.2607249096886839 16.900000000000038 282.70884993495787 1.2400236072581865 26.700000000000021 0.17021881020370608
decision_type=2 8 8 2 8 2
left_child=1 -1 3 -3 5 -4
right_child=-2 2 4 -5 -6 -7
leaf_value=0.0062829947944671397 0.0035237949091405825 -0.0007870887956952184 0.004986110458882905 -0.0070489183667086768 -0.00022794611756395838 -0.0012125270126200811
leaf_weight=53 204 168 402 150 5377 454
leaf_count=53 204 168 402 150 5377 454
internal_value=2.13716e-05 -9.19838e-05 -0.000153057 -0.00386564 4.22424e-05 0.00172248
internal_weight=6808 6604 6551 318 6233 856
internal_count=6808 6604 6551 318 6233 856
is_linear=0
shrinkage=0.01


Tree=529
num_leaves=7
num_cat=0
split_feature=13 10 14 8 13 8
split_gain=26.9882 53.0019 68.3098 37.8642 22.178 87.0361
threshold=69.856460594021755 0.016004421638187955 1.7242855917623501 2743.5000000000005 41.858766462703876 1440.5000000000002
decision_type=2 2 2 2 2 2
left_child=1 2 -1 -2 -3 -6
right_child=3 4 -4 -5 5 -7
leaf_value=0.010551105656971534 -0.0058843281510323935 -0.00019151999781712474 -0.0017195132370328621 0.0020005057209494469 0.0079029369667260613 -0.00060046009780119177
leaf_weight=98 162 5813 74 88 159 414
leaf_count=98 162 5813 74 88 159 414
internal_value=2.12387e-05 0.000146294 0.00546747 -0.00313867 -5.35017e-06 0.0018542
internal_weight=6808 6558 172 250 6386 573
internal_count=6808 6558 172 250 6386 573
is_linear=0
shrinkage=0.01


Tree=530
num_leaves=7
num_cat=0
split_feature=2 19 13 13 13 21
split_gain=26.8857 33.1652 28.1624 30.668 62.9484 67.0181
threshold=0.25016427365162591 296.88733848182932 69.856460594021755 41.858766462703876 55.669639344324075 11.953333333333356
decision_type=2 10 2 2 2 10
left_child=1 -1 3 -2 5 -5
right_child=2 -3 -4 4 -6 -7
leaf_value=0.0036213267834638869 -0.00023052651695331449 -0.003823503932105505 -0.0035021841738489459 -0.0019459522153228159 -0.00082486762383027451 0.0092542842780815419
leaf_weight=357 5619 63 230 72 299 168
leaf_count=357 5619 63 230 72 299 168
internal_value=2.12032e-05 0.00244165 -0.000141505 -1.05096e-05 0.00224556 0.00595078
internal_weight=6808 420 6388 6158 539 240
internal_count=6808 420 6388 6158 539 240
is_linear=0
shrinkage=0.01


Tree=531
num_leaves=7
num_cat=0
split_feature=6 20 1 19 21 1
split_gain=28.3292 36.8322 35.2564 43.3065 98.7385 48.4627
threshold=1.0000000180025095e-35 35.700000000000024 0.99980632471583386 291.06320411624642 17.628333333333362 2.0610566368845133
decision_type=2 8 2 10 8 2
left_child=2 -2 -1 4 -4 -5
right_child=1 -3 3 5 -6 -7
leaf_value=-0.0012325179358243542 -0.0026958442034955761 0.0011741292343219318 0.00051884516843342247 0.0012324298562159048 -0.0057533685129402849 0.0072022988703423019
leaf_weight=1174 744 358 1742 2372 283 135
leaf_count=1174 744 358 1742 2372 283 135
internal_value=2.10286e-05 -0.00143938 0.000305101 0.000705253 -0.000381681 0.00158124
internal_weight=6808 1102 5706 4532 2025 2507
internal_count=6808 1102 5706 4532 2025 2507
is_linear=0
shrinkage=0.01


Tree=532
num_leaves=7
num_cat=0
split_feature=7 2 7 20 7 8
split_gain=26.7934 62.5579 61.5903 144.839 32.2215 35.4267
threshold=24.653250000000003 0.4667717636802648 683.67465000000004 38.200000000000024 38.722500000000004 1715.0000000000002
decision_type=2 2 2 10 2 2
left_child=-1 2 -2 -4 -3 -6
right_child=1 4 3 -5 5 -7
leaf_value=-0.00084815094187245979 0.0013317164256531327 0.0018816442450225572 0.012966668328208229 -0.0038532666480395853 -0.0013365702166809848 0.0010641156037120309
leaf_weight=2325 768 627 140 72 1999 877
leaf_count=2325 768 627 140 72 1999 877
internal_value=2.08248e-05 0.000472383 0.00269203 0.00733798 -0.000154481 -0.000603361
internal_weight=6808 4483 980 212 3503 2876
internal_count=6808 4483 980 212 3503 2876
is_linear=0
shrinkage=0.01


Tree=533
num_leaves=7
num_cat=0
split_feature=6 1 19 21 22 12
split_gain=27.7848 34.3435 42.6722 96.6811 51.5433 45.9106
threshold=1.0000000180025095e-35 0.99980632471583386 291.06320411624642 17.628333333333362 9.8000000000000131 0.0079365820836721519
decision_type=2 2 10 8 10 2
left_child=1 -1 3 5 -4 -3
right_child=-2 2 4 -5 -6 -7
leaf_value=-0.0012154732991757555 -0.0014255254850548016 0.001508485171806621 0.0021448318594007054 -0.005697304408164113 -0.0019462049206160268 -0.0020951421184047143
leaf_weight=1174 1102 1262 2156 283 351 480
leaf_count=1174 1102 1262 2156 283 351 480
internal_value=2.07809e-05 0.000302111 0.000697047 -0.000381885 0.0015666 0.000509231
internal_weight=6808 5706 4532 2025 2507 1742
internal_count=6808 5706 4532 2025 2507 1742
is_linear=0
shrinkage=0.01


Tree=534
num_leaves=7
num_cat=0
split_feature=7 2 17 13 20 20
split_gain=26.4771 61.2249 68.573 51.624 85.1033 32.3126
threshold=24.653250000000003 0.4667717636802648 177.8566666666664 42.231485457887494 31.700000000000021 38.500000000000036
decision_type=2 2 8 2 10 8
left_child=-1 2 -2 -3 -5 -4
right_child=1 3 5 4 -6 -7
leaf_value=-0.0008433858557257189 0.011815981023797864 -0.00041270654475673006 0.0024853994861476604 -0.00041889412205596012 0.014569570960537079 -0.0037600827577614015
leaf_weight=2325 66 3355 831 96 52 83
leaf_count=2325 66 3355 831 96 52 83
internal_value=2.04451e-05 0.00046933 0.0026652 -0.000150825 0.00543614 0.00188369
internal_weight=6808 4483 980 3503 148 914
internal_count=6808 4483 980 3503 148 914
is_linear=0
shrinkage=0.01


Tree=535
num_leaves=7
num_cat=0
split_feature=6 9 19 22 16 16
split_gain=27.2733 77.2171 31.3991 41.0713 37.8802 35.3914
threshold=1.0000000180025095e-35 0.0087051601596763954 291.06320411624642 9.8000000000000131 261.15000000000003 322.4500000000001
decision_type=2 2 8 8 10 8
left_child=2 -2 5 4 -4 -1
right_child=1 -3 3 -5 -6 -7
leaf_value=-5.0780645746586072e-06 -0.0020773325571133011 0.0087832104715219305 -0.00057344278310941831 -0.0016881609892975169 0.0020997366766378226 -0.0031725400560906275
leaf_weight=2029 1042 60 708 495 2057 417
leaf_count=2029 1042 60 708 495 2057 417
internal_value=2.05844e-05 -0.00141235 0.000299313 0.000940643 0.00141565 -0.000555793
internal_weight=6808 1102 5706 3260 2765 2446
internal_count=6808 1102 5706 3260 2765 2446
is_linear=0
shrinkage=0.01


Tree=536
num_leaves=7
num_cat=0
split_feature=6 2 1 2 5 1
split_gain=26.7097 41.7916 39.6416 70.8022 37.3458 37.1151
threshold=1.0000000180025095e-35 0.33357726690579381 1.7452943036619037 0.6628741947479585 1.6723283689422437 1.8910295415699132
decision_type=2 2 2 2 2 2
left_child=1 -1 -3 -4 5 -2
right_child=4 2 3 -5 -6 -7
leaf_value=0.0025326899987158707 -0.0012343502107037894 -0.00037208424111196298 0.0058152891363214632 -0.00081293921080216288 0.0040014706565645987 -0.006895268925362164
leaf_weight=719 871 4354 292 341 106 125
leaf_count=719 871 4354 292 341 106 125
internal_value=2.0428e-05 0.000296262 -3.05984e-05 0.00228752 -0.00139762 -0.00200629
internal_weight=6808 5706 4987 633 1102 996
internal_count=6808 5706 4987 633 1102 996
is_linear=0
shrinkage=0.01


Tree=537
num_leaves=7
num_cat=0
split_feature=7 13 20 8 13 21
split_gain=26.229 45.7357 79.9044 43.8023 33.8909 50.3775
threshold=24.653250000000003 16.265073570448624 33.300000000000018 2311.0000000000005 3.8357212490002053 17.926666666666687
decision_type=2 2 10 2 2 10
left_child=-1 4 3 -3 5 -2
right_child=1 2 -4 -5 -6 -7
leaf_value=-0.00083950586396078057 0.0022666282658107225 0.00036645396963498166 0.0088702067646881915 0.0087676798683755542 -0.0016541113744222239 -0.00057575917743592773
leaf_weight=2325 1016 723 150 58 954 1582
leaf_count=2325 1016 723 150 58 954 1582
internal_value=2.02682e-05 0.000467045 0.00242725 0.00109332 -5.21088e-05 0.000540242
internal_weight=6808 4483 931 781 3552 2598
internal_count=6808 4483 931 781 3552 2598
is_linear=0
shrinkage=0.01


Tree=538
num_leaves=7
num_cat=0
split_feature=6 20 0 0 22 1
split_gain=26.2053 36.5177 38.3072 33.9964 29.5296 27.9812
threshold=1.0000000180025095e-35 35.700000000000024 0.85716354175959775 1.2607249096886839 -0.99999999999997147 0.96956593939825053
decision_type=2 8 2 2 10 2
left_child=3 2 -2 5 -5 -1
right_child=1 -3 -4 4 -6 -7
leaf_value=-0.0013492358469276188 -0.00027590378048902533 0.0012171281795726038 -0.0047960811592259326 -6.6476364631250681e-06 0.0084897162458328641 0.0004925558746432466
leaf_weight=997 361 358 383 73 83 4553
leaf_count=997 361 358 383 73 83 4553
internal_value=2.03178e-05 -0.00138428 -0.00263557 0.000293535 0.00475296 0.000159865
internal_weight=6808 1102 744 5706 156 5550
internal_count=6808 1102 744 5706 156 5550
is_linear=0
shrinkage=0.01


Tree=539
num_leaves=7
num_cat=0
split_feature=11 6 19 21 7 7
split_gain=25.7985 27.958 35.637 87.0593 118.108 67.4463
threshold=0.047623304218267402 1.0000000180025095e-35 291.06320411624642 17.628333333333362 1697.5800000000002 1697.5800000000002
decision_type=2 2 8 10 2 2
left_child=1 2 3 4 -1 -5
right_child=-2 -3 -4 5 -6 -7
leaf_value=-0.00026257737742735744 -0.0030092449021478251 -0.0013269529529619337 0.0011401895286794899 -0.0026325475930232978 0.010433486204491842 -0.013333643663388033
leaf_weight=1945 260 1069 3095 272 99 68
leaf_count=1945 260 1069 3095 272 99 68
internal_value=2.017e-05 0.000144864 0.000433922 -0.000483915 0.000303754 -0.00509258
internal_weight=6808 6548 5479 2384 2044 340
internal_count=6808 6548 5479 2384 2044 340
is_linear=0
shrinkage=0.01


Tree=540
num_leaves=7
num_cat=0
split_feature=13 10 14 13 14 21
split_gain=26.0663 50.4407 66.8051 29.7707 20.8655 35.8094
threshold=69.856460594021755 0.016004421638187955 1.7242855917623501 72.355702287527365 0.99808018419407829 16.100833333333352
decision_type=2 2 2 2 2 10
left_child=1 2 -1 -2 5 -3
right_child=3 4 -4 -5 -6 -7
leaf_value=0.010362056831794758 -0.0091463236486719508 0.0013883910586484783 -0.0017661633526551582 -0.0011307304188868819 -0.00087950628865089339 -0.00041215593329102935
leaf_weight=98 52 1937 74 198 1904 2545
leaf_count=98 52 1937 74 198 1904 2545
internal_value=1.98364e-05 0.000142739 0.00533376 -0.00308563 -5.19638e-06 0.000367351
internal_weight=6808 6558 172 250 6386 4482
internal_count=6808 6558 172 250 6386 4482
is_linear=0
shrinkage=0.01


Tree=541
num_leaves=7
num_cat=0
split_feature=20 19 21 19 8 0
split_gain=25.8801 46.2406 28.7856 51.3289 43.5574 65.3692
threshold=16.900000000000038 282.70884993495787 16.100833333333352 290.25629892673493 914.50000000000011 1.0042209115165934
decision_type=8 8 8 10 2 2
left_child=-1 -2 -3 -4 5 -5
right_child=1 2 3 4 -6 -7
leaf_value=0.006112896754689838 -0.0036090669234416558 0.0009780487356160412 -0.0036036309452258607 -0.0012766949250917173 -0.00021951726341614628 0.011731144704541506
leaf_weight=59 335 2526 431 74 3316 67
leaf_count=59 335 2526 431 74 3316 67
internal_value=1.96148e-05 -4.26182e-05 0.000148984 -0.00039078 1.90197e-05 0.00527189
internal_weight=6808 6749 6414 3888 3457 141
internal_count=6808 6749 6414 3888 3457 141
is_linear=0
shrinkage=0.01


Tree=542
num_leaves=7
num_cat=0
split_feature=2 17 3 1 2 0
split_gain=25.7434 30.8292 26.4844 55.7892 30.4507 31.5928
threshold=0.25016427365162591 255.01833333333292 0.079021723885935077 1.4947250035363717 0.66563807121760854 0.99931452156576783
decision_type=2 8 2 2 2 2
left_child=1 -1 3 -2 5 -4
right_child=2 -3 4 -5 -6 -7
leaf_value=0.007356112214554217 -0.0023401435822483488 0.00091345728525712695 0.00020749183821632442 0.0047418332120610605 -0.00073285385673358522 0.0025382681243847917
leaf_weight=87 975 333 2294 116 2233 770
leaf_count=87 975 333 2294 116 2233 770
internal_value=1.95669e-05 0.00238804 -0.000139645 -0.00155093 0.000153405 0.00079958
internal_weight=6808 420 6388 1091 5297 3064
internal_count=6808 420 6388 1091 5297 3064
is_linear=0
shrinkage=0.01


Tree=543
num_leaves=7
num_cat=0
split_feature=13 14 4 19 14 19
split_gain=25.7281 29.2728 43.7904 74.2327 37.7031 44.923
threshold=69.856460594021755 0.99808018419407829 0.082455117473133152 291.11684792640364 0.079064266088257867 290.69908111180365
decision_type=2 2 2 10 2 8
left_child=1 2 4 -4 -1 -6
right_child=-2 -3 3 -5 5 -7
leaf_value=-0.0032307546949457556 -0.0030657011645738607 -0.0008671369271461743 0.0067261361914878609 -0.00056782963359560345 -0.00086414586597445748 0.0013727168335893128
leaf_weight=284 250 1992 279 267 1477 2259
leaf_count=284 250 1992 279 267 1477 2259
internal_value=1.95573e-05 0.00014166 0.000582699 0.00321325 0.000218329 0.000488444
internal_weight=6808 6558 4566 546 4020 3736
internal_count=6808 6558 4566 546 4020 3736
is_linear=0
shrinkage=0.01


Tree=544
num_leaves=7
num_cat=0
split_feature=6 9 13 2 1 2
split_gain=25.3004 75.0647 52.1519 40.5424 37.1058 68.8804
threshold=1.0000000180025095e-35 0.0087051601596763954 1.2025975210681403 0.33357726690579381 1.7452943036619037 0.6628741947479585
decision_type=2 2 2 2 2 2
left_child=3 2 -2 -1 -5 -6
right_child=1 -3 -4 4 5 -7
leaf_value=0.0024905633942488535 0.00036522907955559877 0.008690814521695886 -0.0040919866492042526 -0.00036449079971677476 0.0056884050780339843 -0.00084826311476308416
leaf_weight=719 489 60 553 4354 292 341
leaf_count=719 489 60 553 4354 292 341
internal_value=1.93545e-05 -0.00136078 -0.00201667 0.000287813 -3.41164e-05 0.00220864
internal_weight=6808 1102 1042 5706 4987 633
internal_count=6808 1102 1042 5706 4987 633
is_linear=0
shrinkage=0.01


Tree=545
num_leaves=7
num_cat=0
split_feature=20 6 20 0 1 10
split_gain=25.4251 27.6059 39.6579 38.9979 32.5416 34.6673
threshold=16.900000000000038 1.0000000180025095e-35 35.700000000000024 0.74441299423730023 1.8799085618592681 0.017974524417004832
decision_type=8 2 8 2 2 2
left_child=-1 4 3 -3 5 -2
right_child=1 2 -4 -5 -6 -7
leaf_value=0.0060588155708451198 -0.0050866403189989244 0.0011351646705029103 0.001223663364552245 -0.0041025034853548791 0.0027658143374104001 0.00014300319574630491
leaf_weight=59 120 185 358 555 458 5073
leaf_count=59 120 185 358 555 458 5073
internal_value=1.93359e-05 -4.23474e-05 -0.00148578 -0.00279541 0.000240244 1.26123e-05
internal_weight=6808 6749 1098 740 5651 5193
internal_count=6808 6749 1098 740 5651 5193
is_linear=0
shrinkage=0.01


Tree=546
num_leaves=7
num_cat=0
split_feature=13 2 13 0 20 13
split_gain=25.3506 33.2239 57.7622 63.1398 37.1125 32.2304
threshold=69.856460594021755 0.51723416522362686 36.662346299175617 0.9083155331083449 28.600000000000026 22.495370601721508
decision_type=2 2 2 2 10 2
left_child=1 5 -3 -4 -5 -1
right_child=-2 2 3 4 -6 -7
leaf_value=0.0017844459849174538 -0.0030433674111011964 -0.00070565209971037133 -0.001298935557488443 0.0022494140170304707 0.012973321292280073 -0.00077525028556546679
leaf_weight=1744 250 3890 113 61 73 677
leaf_count=1744 250 3890 113 61 73 677
internal_value=1.91739e-05 0.000140378 -0.000403983 0.00418959 0.00858676 0.00106842
internal_weight=6808 6558 4137 247 134 2421
internal_count=6808 6558 4137 247 134 2421
is_linear=0
shrinkage=0.01


Tree=547
num_leaves=7
num_cat=0
split_feature=7 10 13 13 17 13
split_gain=25.1616 43.844 35.1536 33.9353 45.1014 31.7829
threshold=24.653250000000003 0.015215726706557865 31.757801566699914 16.265073570448624 290.23333333333341 15.340850533731365
decision_type=2 2 2 2 10 2
left_child=-1 2 -2 5 -5 -3
right_child=1 3 -4 4 -6 -7
leaf_value=-0.00082295052617004571 0.011386256326849644 3.2160625848188517e-05 0.00084401855915784837 0.00058556837855174785 0.0056969316884102981 -0.0052898622156072666
leaf_weight=2325 55 3433 65 588 236 106
leaf_count=2325 55 3433 65 588 236 106
internal_value=1.91462e-05 0.000456739 0.00618006 0.000285552 0.00210026 -0.0001417
internal_weight=6808 4483 120 4363 824 3539
internal_count=6808 4483 120 4363 824 3539
is_linear=0
shrinkage=0.01


Tree=548
num_leaves=7
num_cat=0
split_feature=2 17 16 3 6 9
split_gain=24.919 29.9228 32.9213 26.0237 39.138 45.6392
threshold=0.25016427365162591 255.01833333333292 311.65000000000009 0.079021723885935077 1.0000000180025095e-35 0.0050390008728311087
decision_type=2 8 10 2 2 2
left_child=1 -1 -3 -2 5 -5
right_child=3 2 -4 4 -6 -7
leaf_value=0.0072438229838405381 -0.0015364580655598536 -0.0027906184573818385 0.003424146936203425 0.00038369037739708359 -0.0018770782150953277 0.0082522773365179703
leaf_weight=87 1091 135 198 4436 796 65
leaf_count=87 1091 135 198 4436 796 65
internal_value=1.91371e-05 0.00234938 0.000896743 -0.000137505 0.000152983 0.000515364
internal_weight=6808 420 333 6388 5297 4501
internal_count=6808 420 333 6388 5297 4501
is_linear=0
shrinkage=0.01


Tree=549
num_leaves=7
num_cat=0
split_feature=6 5 15 19 15 17
split_gain=23.7826 35.5964 32.1038 30.9375 37.9977 36.8955
threshold=1.0000000180025095e-35 1.6723283689422437 1.9032925878571227 291.06320411624642 1.0000000180025095e-35 208.63000000000019
decision_type=2 2 2 8 2 8
left_child=3 -2 -3 4 -1 -6
right_child=1 2 -4 -5 5 -7
leaf_value=0.005671187487450686 -0.0019134950631487443 0.0089632133455550093 -0.0013608579218674164 0.00091603748647406033 0.0013006473327111415 -0.0015457129753242843
leaf_weight=84 996 51 55 3260 605 1757
leaf_count=84 996 51 55 3260 605 1757
internal_value=1.91378e-05 -0.00131895 0.00395086 0.000279419 -0.000569334 -0.00081424
internal_weight=6808 1102 106 5706 2446 2362
internal_count=6808 1102 106 5706 2446 2362
is_linear=0
shrinkage=0.01


Tree=550
num_leaves=7
num_cat=0
split_feature=13 13 9 1 9 22
split_gain=24.9214 29.2464 27.9752 37.9679 37.8048 38.0787
threshold=69.856460594021755 72.355702287527365 0.0045154165104735969 1.1151635720601241 0.0094679936677383916 -1.6999999999999884
decision_type=2 2 2 2 2 10
left_child=2 -2 -1 -4 5 -5
right_child=1 -3 3 4 -6 -7
leaf_value=-9.1686175407698948e-05 -0.0090235480816373906 -0.0010820172123651272 -0.0019199075380242185 -0.0028214714757534638 0.0098308472207130557 0.0037086682848909754
leaf_weight=5836 52 198 180 109 67 366
leaf_count=5836 52 198 180 109 67 366
internal_value=1.91229e-05 -0.00301738 0.000139297 0.0019821 0.00328927 0.0021829
internal_weight=6808 250 6558 722 542 475
internal_count=6808 250 6558 722 542 475
is_linear=0
shrinkage=0.01


Tree=551
num_leaves=7
num_cat=0
split_feature=20 19 2 7 14 14
split_gain=24.7969 45.4465 33.6252 41.1474 22.048 29.908
threshold=16.900000000000038 282.70884993495787 0.28369280561307603 683.67465000000004 0.13369492175535705 0.042444759542173006
decision_type=8 8 2 2 2 2
left_child=-1 -2 3 4 5 -3
right_child=1 2 -4 -5 -6 -7
leaf_value=0.0059833162828632023 -0.0035776986887314072 0.0036142041257449559 -7.089005458323357e-05 0.0097086776186312961 0.0029375647093766244 -0.0048409882462847062
leaf_weight=59 335 60 5885 60 313 96
leaf_count=59 335 60 5885 60 313 96
internal_value=1.89112e-05 -4.20051e-05 0.000147944 0.00253857 0.00143775 -0.00156717
internal_weight=6808 6749 6414 529 469 156
internal_count=6808 6749 6414 529 469 156
is_linear=0
shrinkage=0.01


Tree=552
num_leaves=7
num_cat=0
split_feature=7 10 8 19 17 7
split_gain=24.6407 42.9402 36.1149 41.2151 53.213 52.9927
threshold=24.653250000000003 0.015215726706557865 2311.0000000000005 290.46500000000009 212.09333333333345 1697.5800000000002
decision_type=2 2 2 8 10 2
left_child=-1 -2 3 4 -3 -6
right_child=1 2 -4 -5 5 -7
leaf_value=-0.00081441044521580867 0.0061159903212235521 0.0013146427522951853 0.0065165868499776824 0.00089959366809309546 -0.0018801618011040377 -0.011328643872402608
leaf_weight=2325 120 566 81 2700 962 54
leaf_count=2325 120 566 81 2700 962 54
internal_value=1.89238e-05 0.000451963 0.00028255 0.000149716 -0.00112771 -0.00248787
internal_weight=6808 4483 4363 4282 1582 1016
internal_count=6808 4483 4363 4282 1582 1016
is_linear=0
shrinkage=0.01


Tree=553
num_leaves=7
num_cat=0
split_feature=11 13 10 14 13 4
split_gain=24.7455 24.4634 44.5244 64.502 29.6394 20.8864
threshold=0.047623304218267402 69.856460594021755 0.016004421638187955 1.7242855917623501 72.355702287527365 0.03612386338173728
decision_type=2 2 2 2 2 2
left_child=1 2 3 -1 -3 -4
right_child=-2 4 5 -5 -6 -7
leaf_value=0.010080211493704054 -0.0029481981295350662 -0.00904974088507394 -0.00014945796751444964 -0.0018281129811934772 -0.00095548863140685323 0.0013861508122389272
leaf_weight=98 260 50 5067 74 196 1063
leaf_count=98 260 50 5067 74 196 1063
internal_value=1.87466e-05 0.00014087 0.000263568 0.00513792 -0.0028899 0.000118655
internal_weight=6808 6548 6302 172 246 6130
internal_count=6808 6548 6302 172 246 6130
is_linear=0
shrinkage=0.01


Tree=554
num_leaves=7
num_cat=0
split_feature=0 10 9 20 11 9
split_gain=24.3763 24.3704 24.6164 23.3673 21.6487 37.0674
threshold=1.2607249096886839 0.023116111152882968 0.00054545454545454439 16.900000000000038 0.047623304218267402 0.0094679936677383916
decision_type=2 2 2 8 2 2
left_child=3 -2 -3 -1 5 -5
right_child=1 2 -4 4 -6 -7
leaf_value=0.0059724419812361394 0.0082416972766319908 0.0045047832096249537 -0.0032505981146672427 -0.00013691393843426444 -0.0029198080737357184 0.0053633745831996203
leaf_weight=53 59 78 67 6176 260 115
leaf_count=53 59 78 67 6176 260 115
internal_value=1.85083e-05 0.0033402 0.000942741 -8.89949e-05 -0.000147062 -2.80158e-05
internal_weight=6808 204 145 6604 6551 6291
internal_count=6808 204 145 6604 6551 6291
is_linear=0
shrinkage=0.01


Tree=555
num_leaves=7
num_cat=0
split_feature=7 13 0 17 5 13
split_gain=23.9998 41.2041 35.0813 34.0794 48.095 33.1693
threshold=24.653250000000003 16.265073570448624 0.99931452156576783 208.63000000000019 1.0991510000643305 3.8357212490002053
decision_type=2 2 2 10 2 2
left_child=-1 5 3 -3 -5 -2
right_child=1 2 -4 4 -6 -7
leaf_value=-0.00080384075950394433 0.00053918091818213384 0.0070798311377358106 0.0045879664840816547 -0.0027228424052177808 0.0036124140401967825 -0.001631686303906961
leaf_weight=2325 2598 62 383 301 185 954
leaf_count=2325 2598 62 383 301 185 954
internal_value=1.8584e-05 0.000445955 0.00230652 0.000658359 -0.000287063 -4.68169e-05
internal_weight=6808 4483 931 548 486 3552
internal_count=6808 4483 931 548 486 3552
is_linear=0
shrinkage=0.01


Tree=556
num_leaves=7
num_cat=0
split_feature=13 8 14 9 14 8
split_gain=23.8834 36.9093 28.4902 35.5538 35.0438 31.5358
threshold=69.856460594021755 2743.5000000000005 0.99808018419407829 0.0044076049908828565 0.079064266088257867 1440.5000000000002
decision_type=2 2 2 2 2 2
left_child=2 -2 3 4 -1 -5
right_child=1 -3 -4 5 -6 -7
leaf_value=-0.0031134233199050228 -0.0056670570459628348 0.0021090233348290987 -0.00085901447856935652 0.0073221386025588099 0.0005110110038442742 0.0015625310646888765
leaf_weight=277 162 88 1992 120 3784 385
leaf_count=277 162 88 1992 120 3784 385
internal_value=1.85545e-05 -0.00295404 0.000136199 0.000571307 0.000256749 0.00304675
internal_weight=6808 250 6558 4566 4061 505
internal_count=6808 250 6558 4566 4061 505
is_linear=0
shrinkage=0.01


Tree=557
num_leaves=7
num_cat=0
split_feature=11 6 19 1 15 18
split_gain=23.7779 25.8014 34.5618 49.0026 37.8453 28.055
threshold=0.047623304218267402 1.0000000180025095e-35 291.06320411624642 2.0610566368845133 1.0000000180025095e-35 0.0099415844050596003
decision_type=2 2 8 2 2 2
left_child=1 2 4 5 -1 -4
right_child=-2 -3 3 -5 -6 -7
leaf_value=0.0057705005166190926 -0.0028899636598631599 -0.0012758019499880355 -0.00021150320380988134 0.0067913240007413875 -0.00073780221885832824 0.0017358228351460996
leaf_weight=83 260 1069 1380 135 2301 1580
leaf_count=83 260 1069 1380 135 2301 1580
internal_value=1.83963e-05 0.000138109 0.000415796 0.00111134 -0.000488055 0.000830293
internal_weight=6808 6548 5479 3095 2384 2960
internal_count=6808 6548 5479 3095 2384 2960
is_linear=0
shrinkage=0.01


Tree=558
num_leaves=7
num_cat=0
split_feature=2 17 16 3 14 13
split_gain=24.2349 28.9583 32.1393 25.575 30.9889 39.7874
threshold=0.25016427365162591 255.01833333333292 311.65000000000009 0.079021723885935077 0.27828199100743201 36.662346299175617
decision_type=2 8 10 2 2 2
left_child=1 -1 -3 4 -2 -6
right_child=3 2 -4 -5 5 -7
leaf_value=0.0071313762609107592 -0.0036308684516850797 -0.0027561739375493647 0.0033843604434066667 0.00015184383461128707 -0.0013696755095480321 0.0046459820383588655
leaf_weight=87 417 135 198 5297 547 127
leaf_count=87 417 135 198 5297 547 127
internal_value=1.8347e-05 0.00231638 0.000887177 -0.000136129 -0.00152297 -0.00018481
internal_weight=6808 420 333 6388 1091 674
internal_count=6808 420 333 6388 1091 674
is_linear=0
shrinkage=0.01


Tree=559
num_leaves=7
num_cat=0
split_feature=2 7 20 19 7 17
split_gain=23.8042 130.049 152.236 45.2806 32.7136 41.3793
threshold=0.51723416522362686 683.67465000000004 38.200000000000024 285.9471424434002 1697.5800000000002 215.22333333333282
decision_type=2 2 10 10 2 10
left_child=1 3 -3 -1 -2 -6
right_child=4 2 -4 -5 5 -7
leaf_value=-0.0036048097594606654 -0.00020453994956800962 0.012984812607906539 -0.0035794667676947584 0.00057257903226018067 0.0028976265620440245 -0.0057866917318991715
leaf_weight=287 3962 160 77 2044 66 212
leaf_count=287 3962 160 77 2044 66 212
internal_value=1.82744e-05 0.000776359 0.00767613 4.50444e-05 -0.000441614 -0.00369592
internal_weight=6808 2568 237 2331 4240 278
internal_count=6808 2568 237 2331 4240 278
is_linear=0
shrinkage=0.01


Tree=560
num_leaves=7
num_cat=0
split_feature=20 19 21 19 22 10
split_gain=23.6746 44.7412 28.0558 49.1895 37.1362 33.0168
threshold=16.900000000000038 282.70884993495787 16.100833333333352 290.25629892673493 3.2000000000000175 0.029650737615615739
decision_type=8 8 8 10 8 2
left_child=-1 -2 -3 4 5 -4
right_child=1 2 3 -5 -6 -7
leaf_value=0.005846004407259001 -0.0035495289877003084 0.00096557583094761159 -0.0096944165707475716 1.5387503382952533e-05 2.821600770637874e-05 -0.0023860885111602727
leaf_weight=59 335 2526 114 3457 176 141
leaf_count=59 335 2526 114 3457 176 141
internal_value=1.81397e-05 -4.13815e-05 0.000147087 -0.00038579 -0.00353097 -0.00589588
internal_weight=6808 6749 6414 3888 431 255
internal_count=6808 6749 6414 3888 431 255
is_linear=0
shrinkage=0.01


Tree=561
num_leaves=7
num_cat=0
split_feature=13 8 14 21 7 21
split_gain=23.5555 36.0498 27.778 48.1132 96.0407 70.1496
threshold=69.856460594021755 2743.5000000000005 0.99808018419407829 16.100833333333352 1697.5800000000002 11.057500000000035
decision_type=2 2 2 10 2 8
left_child=2 -2 3 4 5 -1
right_child=1 -3 -4 -5 -6 -7
leaf_value=-0.001629038797804856 -0.0056153025622696206 0.0020705840771789758 -0.0008480317846116085 -0.00033920092964799086 0.010183987656519526 0.002481419533110422
leaf_weight=606 162 88 1992 2573 116 1271
leaf_count=606 162 88 1992 2573 116 1271
internal_value=1.78296e-05 -0.00293429 0.000134665 0.0005643 0.00172661 0.00115273
internal_weight=6808 250 6558 4566 1993 1877
internal_count=6808 250 6558 4566 1993 1877
is_linear=0
shrinkage=0.01


Tree=562
num_leaves=7
num_cat=0
split_feature=7 10 8 7 9 1
split_gain=23.3759 40.4434 35.1357 31.6024 31.3176 38.6581
threshold=24.653250000000003 0.015215726706557865 2311.0000000000005 38.722500000000004 0.0045154165104735969 1.514502487004753
decision_type=2 2 2 2 2 2
left_child=-1 -2 3 4 -3 -6
right_child=1 2 -4 -5 5 -7
leaf_value=-0.00079392001689067694 0.0059364161664763326 0.0010486335527308246 0.0064240488688369372 -0.00026527279594439822 -2.6036096969619393e-05 0.011035087039007952
leaf_weight=2325 120 668 81 3494 54 66
leaf_count=2325 120 668 81 3494 54 66
internal_value=1.77438e-05 0.000439524 0.000275108 0.000144096 0.00193982 0.00643846
internal_weight=6808 4483 4363 4282 788 120
internal_count=6808 4483 4363 4282 788 120
is_linear=0
shrinkage=0.01


Tree=563
num_leaves=7
num_cat=0
split_feature=6 9 20 19 20 14
split_gain=23.3122 71.7891 40.374 29.9543 72.994 59.1732
threshold=1.0000000180025095e-35 0.0087051601596763954 35.300000000000018 291.06320411624642 31.800000000000015 0.090469444658597367
decision_type=2 2 10 8 8 2
left_child=3 2 -2 4 -1 -6
right_child=1 -3 -4 -5 5 -7
leaf_value=0.0003668565756532212 -0.0034133670697713064 0.0085223115746464045 0.00065686511209951139 0.00090202486798686247 -0.010973046767084223 -0.0022141064991112558
leaf_weight=1904 665 60 377 3260 85 457
leaf_count=1904 665 60 377 3260 85 457
internal_value=1.7909e-05 -0.00130688 -0.00194849 0.000275605 -0.000559554 -0.00376164
internal_weight=6808 1102 1042 5706 2446 542
internal_count=6808 1102 1042 5706 2446 542
is_linear=0
shrinkage=0.01


Tree=564
num_leaves=7
num_cat=0
split_feature=2 18 17 3 1 6
split_gain=23.5237 30.7399 35.2872 25.0616 51.4872 36.9563
threshold=0.25016427365162591 0.02720518698372006 255.01833333333292 0.079021723885935077 1.4947250035363717 1.0000000180025095e-35
decision_type=2 2 10 2 2 2
left_child=1 2 -1 4 -2 -5
right_child=3 -3 -4 5 -6 -7
leaf_value=0.010310910092415035 -0.0022654623777823061 -0.0010033334747710254 0.0020036371661858125 0.00050264769918893586 0.0045383307059842443 -0.0018221587091383914
leaf_weight=64 975 168 188 4501 116 796
leaf_count=64 975 168 188 4501 116 796
internal_value=1.76397e-05 0.00228171 0.00442644 -0.000134553 -0.0015074 0.000150515
internal_weight=6808 420 252 6388 1091 5297
internal_count=6808 420 252 6388 1091 5297
is_linear=0
shrinkage=0.01


Tree=565
num_leaves=7
num_cat=0
split_feature=20 19 21 19 8 8
split_gain=23.0244 43.913 26.8113 47.4744 43.1889 115.647
threshold=16.900000000000038 282.70884993495787 16.100833333333352 290.25629892673493 1025.0000000000002 1338.5000000000002
decision_type=8 8 8 10 2 2
left_child=-1 -2 4 -4 -3 -6
right_child=1 2 3 -5 5 -7
leaf_value=0.0057649221973142765 -0.0035165842627782537 -0.0028911145352410106 -0.0034651290119903865 1.8844364258912798e-05 0.0095042737142612844 0.00075743494924107439
leaf_weight=59 335 254 431 3457 153 2119
leaf_count=59 335 254 431 3457 153 2119
internal_value=1.76431e-05 -4.10547e-05 0.000145662 -0.000375266 0.000945789 0.00138553
internal_weight=6808 6749 6414 3888 2526 2272
internal_count=6808 6749 6414 3888 2526 2272
is_linear=0
shrinkage=0.01


Tree=566
num_leaves=7
num_cat=0
split_feature=7 10 19 17 19 19
split_gain=23.054 39.5536 46.3371 71.4637 35.9055 26.6302
threshold=24.653250000000003 0.019955804785169399 289.39525567509094 268.65833333333336 292.13982352531974 291.43439849154566
decision_type=2 2 10 10 10 8
left_child=-1 2 3 -2 -4 -3
right_child=1 5 4 -5 -6 -7
leaf_value=-0.00078849899672256971 0.003591109714731111 -0.00079983852754185556 0.010777062098278063 -0.0088319151275433033 0.0021868836530694017 0.00083048193835734429
leaf_weight=2325 151 1734 97 55 101 2345
leaf_count=2325 151 1734 97 55 101 2345
internal_value=1.75572e-05 0.000436423 0.0033816 1.89545e-05 0.00671101 0.000137165
internal_weight=6808 4483 404 206 198 4079
internal_count=6808 4483 404 206 198 4079
is_linear=0
shrinkage=0.01


Tree=567
num_leaves=7
num_cat=0
split_feature=6 9 17 19 21 19
split_gain=22.5107 70.3071 29.3445 52.5209 64.4041 59.7156
threshold=1.0000000180025095e-35 0.0087051601596763954 275.02833333333342 288.11109077432559 16.73500000000001 290.25629892673493
decision_type=2 2 10 10 10 10
left_child=2 -2 -1 -4 -5 -6
right_child=1 -3 3 4 5 -7
leaf_value=-0.00053503301352653186 -0.0019193584914948604 0.0084426376479012615 -0.0030609894434309782 0.0035635796331736475 -0.0078787783542100115 0.00068419335480873354
leaf_weight=2518 1042 60 293 877 75 1943
leaf_count=2518 1042 60 293 877 75 1943
internal_value=1.74838e-05 -0.00128433 0.000270711 0.000906801 0.00131753 0.000328665
internal_weight=6808 1102 5706 3188 2895 2018
internal_count=6808 1102 5706 3188 2895 2018
is_linear=0
shrinkage=0.01


Tree=568
num_leaves=7
num_cat=0
split_feature=20 19 20 14 8 15
split_gain=22.6794 42.6828 24.0802 75.2783 65.4062 46.4015
threshold=16.900000000000038 282.70884993495787 26.900000000000038 0.17021881020370608 1815.0000000000002 0.18990058040356347
decision_type=8 8 8 2 2 2
left_child=-1 -2 3 4 -3 -6
right_child=1 2 -4 -5 5 -7
leaf_value=0.0057213606221088462 -0.0034674580520764669 0.013605176578674999 -0.00011063136535180578 -0.00095600351204565314 0.0057491009193989962 -0.0014099864283791527
leaf_weight=59 335 60 5481 512 215 146
leaf_count=59 335 60 5481 512 215 146
internal_value=1.72987e-05 -4.09575e-05 0.000143126 0.00161921 0.00470059 0.00289377
internal_weight=6808 6749 6414 933 421 361
internal_count=6808 6749 6414 933 421 361
is_linear=0
shrinkage=0.01


Tree=569
num_leaves=7
num_cat=0
split_feature=0 22 18 11 7 22
split_gain=23.3597 25.5233 24.2241 47.9271 113.331 45.786
threshold=1.2607249096886839 -0.99999999999997147 0.0092476956614456745 0.019029298680714544 1697.5800000000002 14.700000000000019
decision_type=2 10 2 2 2 8
left_child=2 -2 5 4 -4 -1
right_child=1 -3 3 -5 -6 -7
leaf_value=-0.0004841111342152006 -0.00078016247163165586 0.0061590657511814721 0.001532729482179151 -4.3552539398594296e-06 0.015882534242516001 -0.0072306013820119773
leaf_weight=3166 88 116 460 2831 53 94
leaf_count=3166 88 116 460 2831 53 94
internal_value=1.74063e-05 0.0032691 -8.78304e-05 0.000509424 0.0032906 -0.000700159
internal_weight=6808 204 6604 3344 513 3260
internal_count=6808 204 6604 3344 513 3260
is_linear=0
shrinkage=0.01


Tree=570
num_leaves=7
num_cat=0
split_feature=13 8 9 8 18 3
split_gain=23.1283 35.3587 25.4058 41.0527 35.7468 32.3043
threshold=69.856460594021755 2753.5000000000005 0.0045154165104735969 1489.0000000000002 0.005582497967218999 -0.11034337305475339
decision_type=2 2 2 2 2 2
left_child=2 -2 -1 5 -5 -4
right_child=1 -3 3 4 -6 -7
leaf_value=-8.6896510625649405e-05 -0.0051330276709146954 0.0029425824294463756 -0.0014014044601092304 -0.0064961802340309386 0.001194896275691431 0.0067398681614927389
leaf_weight=5836 182 68 59 61 396 206
leaf_count=5836 182 68 59 61 396 206
internal_value=1.74533e-05 -0.00290777 0.000133224 0.00188936 5.11758e-05 0.00494223
internal_weight=6808 250 6558 722 457 265
internal_count=6808 250 6558 722 457 265
is_linear=0
shrinkage=0.01


Tree=571
num_leaves=7
num_cat=0
split_feature=11 2 17 0 16 7
split_gain=22.9905 26.2471 27.9244 21.3939 20.8023 17.1668
threshold=0.047623304218267402 0.23918578090085316 250.73666666666688 1.2607249096886839 311.65000000000009 24.653250000000003
decision_type=2 2 8 2 10 2
left_child=1 2 -1 5 -4 -3
right_child=-2 3 4 -5 -6 -7
leaf_value=0.0077551705944676735 -0.0028425505811045934 -0.00086545051842244649 -0.002127201967099208 0.0031062613360645286 0.0033609645769617264 0.00025960371634301747
leaf_weight=76 260 2053 108 202 159 3950
leaf_count=76 260 2053 108 202 159 3950
internal_value=1.7246e-05 0.000134961 0.00278736 -1.59077e-05 0.00114438 -0.000125959
internal_weight=6808 6548 343 6205 267 6003
internal_count=6808 6548 343 6205 267 6003
is_linear=0
shrinkage=0.01


Tree=572
num_leaves=7
num_cat=0
split_feature=2 1 21 11 15 15
split_gain=22.7862 27.2116 31.1485 28.0722 34.2306 31.7476
threshold=0.45366001628946057 1.1393369736268408 17.556666666666704 0.023918504225043997 0.63296159627497717 1.028211211583139
decision_type=2 2 10 2 2 2
left_child=1 -1 -3 5 -5 -4
right_child=-2 2 3 4 -6 -7
leaf_value=-0.00049037895049717627 -0.00033917091238802046 0.003228606047665711 -6.7329741116747799e-06 -0.0013537744246423244 0.00683915578139325 -0.0078890517797615186
leaf_weight=767 4936 694 156 103 86 66
leaf_count=767 4936 694 156 103 86 66
internal_value=1.72003e-05 0.000953672 0.00195142 -0.000230649 0.00253057 -0.00258916
internal_weight=6808 1872 1105 411 189 222
internal_count=6808 1872 1105 411 189 222
is_linear=0
shrinkage=0.01


Tree=573
num_leaves=7
num_cat=0
split_feature=20 14 14 21 17 14
split_gain=22.2262 22.0524 31.6213 41.6477 39.7549 63.6497
threshold=16.900000000000038 0.99808018419407829 0.7062270558660152 16.100833333333352 295.09166666666869 0.099644470158808562
decision_type=8 2 2 10 8 2
left_child=-1 2 3 4 5 -2
right_child=1 -3 -4 -5 -6 -7
leaf_value=0.0056638049312691761 0.0044600076584349049 -0.00092921476613626666 0.0020854777538739122 -0.0010251096302901995 0.0033429315760385952 -0.00094714816644335159
leaf_weight=59 261 1967 832 2070 522 1097
leaf_count=59 261 1967 832 2070 522 1097
internal_value=1.70281e-05 -4.06428e-05 0.000326034 -4.88938e-05 0.00102572 0.000117083
internal_weight=6808 6749 4782 3950 1880 1358
internal_count=6808 6749 4782 3950 1880 1358
is_linear=0
shrinkage=0.01


Tree=574
num_leaves=7
num_cat=0
split_feature=0 22 21 11 9 3
split_gain=22.4417 25.134 25.2506 20.8562 34.2437 58.8205
threshold=1.2607249096886839 -0.99999999999997147 16.788333333333359 0.047623304218267402 0.0094679936677383916 -0.059333525983358788
decision_type=2 10 10 2 2 2
left_child=3 -2 -3 4 -1 -6
right_child=1 2 -4 -5 5 -7
leaf_value=-7.4180822250988053e-05 -0.00081046564124372545 0.01064171142635807 0.0014234777519831787 -0.0028080888512690932 -0.0018647808028275476 0.011616528046442502
leaf_weight=6229 88 52 64 260 58 57
leaf_count=6229 88 52 64 260 58 57
internal_value=1.70434e-05 0.0032042 0.00607241 -8.61046e-05 2.9696e-05 0.00521202
internal_weight=6808 204 116 6604 6344 115
internal_count=6808 204 116 6604 6344 115
is_linear=0
shrinkage=0.01


Tree=575
num_leaves=7
num_cat=0
split_feature=13 2 13 0 22 13
split_gain=22.9098 30.0891 53.3794 59.2835 31.8596 30.9478
threshold=69.856460594021755 0.51723416522362686 36.662346299175617 0.9083155331083449 0.20000000000001708 22.495370601721508
decision_type=2 2 2 2 10 2
left_child=1 5 -3 -4 -5 -1
right_child=-2 2 3 4 -6 -7
leaf_value=0.0017172277538272304 -0.0028942312342831152 -0.0006756837042346702 -0.0012860348477308464 0.0016789362360272678 0.011846101708386257 -0.00079075943074003417
leaf_weight=1744 250 3890 113 52 82 677
leaf_count=1744 250 3890 113 52 82 677
internal_value=1.71388e-05 0.000132362 -0.00038568 0.00403017 0.00829122 0.00101554
internal_weight=6808 6558 4137 247 134 2421
internal_count=6808 6558 4137 247 134 2421
is_linear=0
shrinkage=0.01


Tree=576
num_leaves=7
num_cat=0
split_feature=7 14 5 8 1 11
split_gain=22.3033 45.7212 64.5912 38.7342 64.913 33.6544
threshold=24.653250000000003 0.54361967088576424 1.4900900041759915 914.50000000000011 1.9803109108567443 0.011130594959556159
decision_type=2 2 2 2 2 2
left_child=-1 2 5 4 -3 -2
right_child=1 3 -4 -5 -6 -7
leaf_value=-0.00077571614633418508 0.0054493722588771342 0.0093025231793663413 0.01064861143322347 -0.00074332235493735255 -0.0012318090455579187 0.00078679674323756999
leaf_weight=2325 163 96 67 2500 126 1531
leaf_count=2325 163 96 67 2500 126 1531
internal_value=1.71082e-05 0.000429099 0.00167992 -0.000383308 0.0035282 0.00126479
internal_weight=6808 4483 1761 2722 222 1694
internal_count=6808 4483 1761 2722 222 1694
is_linear=0
shrinkage=0.01


Tree=577
num_leaves=7
num_cat=0
split_feature=13 10 8 7 2 7
split_gain=22.3966 42.4057 34.6901 33.3324 27.8564 95.8448
threshold=69.856460594021755 0.016004421638187955 2743.5000000000005 79.123500000000021 0.50006251692504022 683.67465000000004
decision_type=2 2 2 2 2 2
left_child=1 3 -2 -1 5 -3
right_child=2 4 -4 -5 -6 -7
leaf_value=0.00095775164177154635 -0.0054915380234786763 0.00019715966402479592 0.0020470032444679922 0.0096768349307922684 -0.0004849864587520096 0.007042544690928864
leaf_weight=101 162 1994 88 71 4174 218
leaf_count=101 162 1994 88 71 4174 218
internal_value=1.72808e-05 0.000131206 -0.0028613 0.00489085 -4.4364e-06 0.000900454
internal_weight=6808 6558 250 172 6386 2212
internal_count=6808 6558 250 172 6386 2212
is_linear=0
shrinkage=0.01


Tree=578
num_leaves=7
num_cat=0
split_feature=6 9 13 2 4 13
split_gain=22.2539 68.025 49.9772 36.7055 34.7737 22.2212
threshold=1.0000000180025095e-35 0.0087051601596763954 1.2025975210681403 0.33357726690579381 0.052831542241518363 18.64550968658374
decision_type=2 2 2 2 2 2
left_child=3 2 4 5 -2 -1
right_child=1 -3 -4 -5 -6 -7
leaf_value=0.0036186720823903964 -0.00066645997706913361 0.0082911120546715605 -0.0039332860312714085 -3.721683122742444e-05 0.0067095439314842223 -6.3883167503820382e-05
leaf_weight=471 424 60 553 4987 65 248
leaf_count=471 424 60 553 4987 65 248
internal_value=1.73125e-05 -0.00127706 -0.00190159 0.000269091 0.000428802 0.00236502
internal_weight=6808 1102 1042 5706 489 719
internal_count=6808 1102 1042 5706 489 719
is_linear=0
shrinkage=0.01


Tree=579
num_leaves=7
num_cat=0
split_feature=6 9 17 17 10 8
split_gain=21.7862 66.8258 28.7876 41.2356 62.2645 47.4202
threshold=1.0000000180025095e-35 0.0087051601596763954 275.02833333333342 208.63000000000019 0.034137739864056486 1462.0000000000002
decision_type=2 2 10 8 2 2
left_child=2 -2 3 4 5 -1
right_child=1 -3 -4 -5 -6 -7
leaf_value=0.0086691221254938233 -0.0018823690356151335 0.0082200452749218254 0.00089648923125725064 -0.001285398576693898 -0.0016168010508912137 0.0011980830642502182
leaf_weight=144 1042 60 3188 1868 308 198
leaf_count=144 1042 60 3188 1868 308 198
internal_value=1.73436e-05 -0.00126335 0.000266462 -0.000531596 0.00162137 0.0045007
internal_weight=6808 1102 5706 2518 650 342
internal_count=6808 1102 5706 2518 650 342
is_linear=0
shrinkage=0.01


Tree=580
num_leaves=7
num_cat=0
split_feature=13 10 14 13 18 11
split_gain=22.0599 41.5801 61.4124 27.2059 26.0467 48.8526
threshold=69.856460594021755 0.016004421638187955 0.83968523858124133 72.355702287527365 0.0078375534055355033 0.019029298680714544
decision_type=2 2 2 2 2 2
left_child=1 2 -1 -2 -3 -6
right_child=3 4 -4 -5 5 -7
leaf_value=0.011330644209627752 -0.0086308331588835219 -0.000809334417463489 -0.0003266730114213518 -0.00097670092272052829 0.0026678236690989947 -7.1344541607517746e-05
leaf_weight=71 52 2458 101 198 813 3115
leaf_count=71 52 2458 101 198 813 3115
internal_value=1.73784e-05 0.000130443 0.00484352 -0.00283948 -3.87276e-06 0.000500931
internal_weight=6808 6558 172 250 6386 3928
internal_count=6808 6558 172 250 6386 3928
is_linear=0
shrinkage=0.01


Tree=581
num_leaves=7
num_cat=0
split_feature=0 22 21 2 17 21
split_gain=22.1168 24.6291 24.5689 24.0873 67.732 48.0542
threshold=1.2607249096886839 -0.99999999999997147 16.788333333333359 0.45366001628946057 177.8566666666664 8.0133333333333869
decision_type=2 10 10 2 8 10
left_child=3 -2 -3 4 -1 -6
right_child=1 2 -4 -5 5 -7
leaf_value=0.010463351237941796 -0.00079373010149111551 0.010528392171667469 0.0014298952783684475 -0.0004604109806429905 -0.0063520745410747138 0.00088606794873913514
leaf_weight=61 88 52 64 4764 87 1692
leaf_count=61 88 52 64 4764 87 1692
internal_value=1.72513e-05 0.00318125 0.00602042 -8.51478e-05 0.000883694 0.000498567
internal_weight=6808 204 116 6604 1840 1779
internal_count=6808 204 116 6604 1840 1779
is_linear=0
shrinkage=0.01


Tree=582
num_leaves=7
num_cat=0
split_feature=0 2 17 19 13 19
split_gain=21.7457 23.6178 66.5869 26.2946 31.1971 28.65
threshold=1.2607249096886839 0.45366001628946057 177.8566666666664 289.00750649195658 3.8357212490002053 297.20500000000004
decision_type=2 2 8 10 2 10
left_child=1 2 -1 4 -4 -5
right_child=-2 -3 3 5 -6 -7
leaf_value=0.010373454958620205 0.0031546523611313687 -0.00045581652917157814 0.0028054388917982576 0.0017986259383769247 -0.0030231218809638632 -0.0024042137382846128
leaf_weight=61 204 4764 115 1138 346 180
leaf_count=61 204 4764 115 1138 346 180
internal_value=1.73091e-05 -8.42278e-05 0.000875127 0.000493276 -0.00154045 0.00121086
internal_weight=6808 6604 1840 1779 461 1318
internal_count=6808 6604 1840 1779 461 1318
is_linear=0
shrinkage=0.01


Tree=583
num_leaves=7
num_cat=0
split_feature=20 19 21 14 8 19
split_gain=21.3104 42.2863 24.9105 48.4227 79.1284 45.9045
threshold=16.900000000000038 282.70884993495787 16.100833333333352 0.17021881020370608 1165.5000000000002 290.25629892673493
decision_type=8 8 8 2 2 10
left_child=-1 -2 3 4 -3 -4
right_child=1 2 5 -5 -6 -7
leaf_value=0.0055465344307215319 -0.0034497022379081747 0.011826170135289431 -0.0033964089029933204 -5.6081630466649589e-06 0.0018096687243419833 2.9446587199815324e-05
leaf_weight=59 335 80 431 1756 690 3457
leaf_count=59 335 80 431 1756 690 3457
internal_value=1.73156e-05 -3.91556e-05 0.000144068 0.000915307 0.00298862 -0.000358062
internal_weight=6808 6749 6414 2526 770 3888
internal_count=6808 6749 6414 2526 770 3888
is_linear=0
shrinkage=0.01


Tree=584
num_leaves=7
num_cat=0
split_feature=11 18 10 7 21 7
split_gain=21.6641 22.7335 45.2982 64.1858 42.9338 25.1077
threshold=0.047623304218267402 0.0092476956614456745 0.025593909851723873 397.72350000000006 26.925000000000047 23.995350000000006
decision_type=2 2 2 2 8 2
left_child=1 4 3 -3 5 -1
right_child=-2 2 -4 -5 -6 -7
leaf_value=-0.0018675146308703011 -0.0027587537899854838 0.0017843062297803504 0.00038217561325703419 0.013463127226568759 -0.0067673958737689711 0.00023040173330820187
leaf_weight=725 260 193 2941 54 94 2541
leaf_count=725 260 193 2941 54 94 2541
internal_value=1.73238e-05 0.000131591 0.000735352 0.00476208 -0.000441744 -0.000239581
internal_weight=6808 6548 3188 247 3360 3266
internal_count=6808 6548 3188 247 3360 3266
is_linear=0
shrinkage=0.01


Tree=585
num_leaves=7
num_cat=0
split_feature=6 20 0 10 0 22
split_gain=21.4625 34.8895 39.0875 32.9123 28.4432 26.4983
threshold=1.0000000180025095e-35 35.700000000000024 0.85716354175959775 0.020229433464281226 1.2607249096886839 -0.99999999999997147
decision_type=2 8 2 2 2 10
left_child=4 2 -2 -4 -1 -6
right_child=1 -3 3 -5 5 -7
leaf_value=0.00014221894707976297 -9.905371349304915e-05 0.0012870119690531914 0.0018863850054996354 -0.0058957648260921647 -0.00014628675283796818 0.0078833843367074139
leaf_weight=5550 361 358 60 323 73 83
leaf_count=5550 361 358 60 323 73 83
internal_value=1.7216e-05 -0.00125393 -0.00247744 -0.00465965 0.000264477 0.00434345
internal_weight=6808 1102 744 383 5706 156
internal_count=6808 1102 744 383 5706 156
is_linear=0
shrinkage=0.01


Tree=586
num_leaves=7
num_cat=0
split_feature=13 13 5 21 15 15
split_gain=21.5933 26.6585 23.1895 37.7536 34.7756 40.8802
threshold=69.856460594021755 72.355702287527365 1.074955406553278 11.057500000000035 0.5064583008350616 0.63296159627497717
decision_type=2 2 2 8 2 2
left_child=2 -2 -1 -4 -5 -6
right_child=1 -3 3 4 5 -7
leaf_value=-0.00015824584096656394 -0.008542130294165784 -0.00096549561936766482 -0.0028620355605794108 0.0043099717069084624 -0.0064142109451161044 0.0014676610764290186
leaf_weight=5322 52 198 173 410 64 589
leaf_count=5322 52 198 173 410 64 589
internal_value=1.71181e-05 -0.00280937 0.000128981 0.00135707 0.00206399 0.000610071
internal_weight=6808 250 6558 1236 1063 653
internal_count=6808 250 6558 1236 1063 653
is_linear=0
shrinkage=0.01


Tree=587
num_leaves=7
num_cat=0
split_feature=11 15 15 6 19 16
split_gain=21.2796 23.2321 33.1272 26.4102 37.575 42.6453
threshold=0.047623304218267402 10.619077735791935 12.644415890330858 1.0000000180025095e-35 291.06320411624642 322.4500000000001
decision_type=2 2 2 2 8 8
left_child=1 3 -3 4 5 -1
right_child=-2 2 -4 -5 -6 -7
leaf_value=0.0002215402603516357 -0.002734579410533317 -0.0045714852301627059 0.0033387591749649598 -0.0011965725153135261 0.0012980502110199576 -0.0033190157489296386
leaf_weight=1924 260 207 62 1036 2916 403
leaf_count=1924 260 207 62 1036 2916 403
internal_value=1.67538e-05 0.000130004 -0.00269398 0.000255078 0.000543651 -0.000403207
internal_weight=6808 6548 269 6279 5243 2327
internal_count=6808 6548 269 6279 5243 2327
is_linear=0
shrinkage=0.01


Tree=588
num_leaves=7
num_cat=0
split_feature=2 19 3 4 19 2
split_gain=20.893 29.8919 24.8698 34.7587 57.6648 26.3368
threshold=0.25016427365162591 296.88733848182932 0.079021723885935077 0.17638752312695025 291.28513716851006 0.66563807121760854
decision_type=2 10 2 2 10 2
left_child=1 -1 3 -2 -5 -4
right_child=2 -3 5 4 -6 -7
leaf_value=0.0032725473750910496 -0.0022767675389409872 -0.003786827628947284 0.00075793848207821675 0.0089139428380876785 -0.0021775268686228784 -0.00066723712168846637
leaf_weight=357 915 63 3064 70 106 2233
leaf_count=357 915 63 3064 70 106 2233
internal_value=1.64841e-05 0.0021502 -0.000126946 -0.00149454 0.00247593 0.000157017
internal_weight=6808 420 6388 1091 176 5297
internal_count=6808 420 6388 1091 176 5297
is_linear=0
shrinkage=0.01


Tree=589
num_leaves=7
num_cat=0
split_feature=0 19 17 0 14 17
split_gain=21.1044 19.0023 30.7963 29.0211 29.5099 20.4469
threshold=1.2607249096886839 282.70884993495787 246.04000000000005 1.0280059035060518 0.21358941671279211 213.16166666666678
decision_type=2 8 10 2 2 8
left_child=1 2 3 4 -1 -3
right_child=-2 5 -4 -5 -6 -7
leaf_value=0.0069394048303365709 0.0031071110353935684 0.0018912488988872946 -0.0081533805775042215 -0.0060123529257597756 -0.0010503656264645447 -0.00012930764768324197
leaf_weight=51 204 539 62 71 183 5698
leaf_count=51 204 539 62 71 183 5698
internal_value=1.63785e-05 -8.36488e-05 -0.00226382 -0.00084577 0.000904029 4.80563e-05
internal_weight=6808 6604 367 305 234 6237
internal_count=6808 6604 367 305 234 6237
is_linear=0
shrinkage=0.01


Tree=590
num_leaves=7
num_cat=0
split_feature=13 13 14 21 19 14
split_gain=21.1658 26.1965 24.7168 43.8699 65.2179 96.8261
threshold=69.856460594021755 72.355702287527365 0.99808018419407829 16.100833333333352 287.94974886563756 0.084576290118964961
decision_type=2 2 2 10 8 2
left_child=2 -2 3 4 5 -1
right_child=1 -3 -4 -5 -6 -7
leaf_value=0.0061182659651967701 -0.0084650185717750469 -0.00095452741889927827 -0.00080005131067022433 -0.000330531749487384 0.0033629396798051858 -0.0018073921920815032
leaf_weight=182 52 198 1992 2573 1039 772
leaf_count=182 52 198 1992 2573 1039 772
internal_value=1.61647e-05 -0.0027822 0.000126916 0.000532187 0.00164206 -0.000247587
internal_weight=6808 250 6558 4566 1993 954
internal_count=6808 250 6558 4566 1993 954
is_linear=0
shrinkage=0.01


Tree=591
num_leaves=7
num_cat=0
split_feature=2 18 19 3 4 19
split_gain=20.3295 29.2926 26.3889 24.2765 34.0722 56.5445
threshold=0.25016427365162591 0.02720518698372006 295.80003151750469 0.079021723885935077 0.17638752312695025 291.28513716851006
decision_type=2 2 10 2 2 10
left_child=1 2 -1 4 -2 -6
right_child=3 -3 -4 -5 5 -7
leaf_value=0.0057883688175424022 -0.0022511863278426433 -0.0010812404240596663 -0.0019177136411432361 0.00015503445185687946 0.0088293911330401906 -0.002153921861779587
leaf_weight=201 915 168 51 5297 70 106
leaf_count=201 915 168 51 5297 70 106
internal_value=1.59609e-05 0.00212071 0.00421513 -0.000125521 -0.0014767 0.00245428
internal_weight=6808 420 252 6388 1091 176
internal_count=6808 420 252 6388 1091 176
is_linear=0
shrinkage=0.01


Tree=592
num_leaves=7
num_cat=0
split_feature=7 14 20 10 20 22
split_gain=21.2001 42.2561 98.8766 85.9679 57.9674 54.6193
threshold=24.653250000000003 0.54361967088576424 26.700000000000021 0.035649017275002394 38.000000000000036 7.8000000000000123
decision_type=2 2 8 2 8 10
left_child=-1 2 3 -2 5 -4
right_child=1 -3 4 -5 -6 -7
leaf_value=-0.00075705651510733719 0.0087682130332186557 -0.00036344785503225808 0.00062137957308191615 -0.0035385481894016271 -0.0037176137054441773 0.0073930186824700626
leaf_weight=2325 275 2722 1034 65 262 125
leaf_count=2325 275 2722 1034 65 262 125
internal_value=1.59094e-05 0.000417582 0.00162007 0.00638157 0.000444156 0.00140871
internal_weight=6808 4483 1761 340 1421 1159
internal_count=6808 4483 1761 340 1421 1159
is_linear=0
shrinkage=0.01


Tree=593
num_leaves=7
num_cat=0
split_feature=20 2 20 15 15 11
split_gain=20.7879 20.6503 47.9032 36.6369 45.3014 49.7744
threshold=16.900000000000038 0.33357726690579381 37.500000000000036 2.3004830204354181 0.63296159627497717 0.034549856062297137
decision_type=8 2 8 2 2 2
left_child=-1 2 3 4 -2 -6
right_child=1 -3 -4 -5 5 -7
leaf_value=0.0054768948321757107 0.00090964668655549796 -0.00025930999897677277 -0.0068922732386625177 -0.0025832611850773297 0.0089198249259865598 -0.0002905060824482365
leaf_weight=59 453 5836 56 140 180 84
leaf_count=59 453 5836 56 140 180 84
internal_value=1.58735e-05 -3.98994e-05 0.00135021 0.0019621 0.00287294 0.00608562
internal_weight=6808 6749 913 857 717 264
internal_count=6808 6749 913 857 717 264
is_linear=0
shrinkage=0.01


Tree=594
num_leaves=7
num_cat=0
split_feature=7 2 17 13 20 20
split_gain=20.7928 48.3677 55.4873 42.7595 79.2235 28.9748
threshold=24.653250000000003 0.4667717636802648 177.8566666666664 42.231485457887494 31.700000000000021 38.500000000000036
decision_type=2 2 8 2 10 8
left_child=-1 2 -2 -3 -5 -4
right_child=1 3 5 4 -6 -7
leaf_value=-0.00074971257448403319 0.010596018577680777 -0.00037594662577508534 0.0022334007131172909 -0.00067499285317816821 0.01376117624943295 -0.0036765608543990764
leaf_weight=2325 66 3355 831 96 52 83
leaf_count=2325 66 3355 831 96 52 83
internal_value=1.57923e-05 0.000413588 0.00236532 -0.000137608 0.00494711 0.00166274
internal_weight=6808 4483 980 3503 148 914
internal_count=6808 4483 980 3503 148 914
is_linear=0
shrinkage=0.01


Tree=595
num_leaves=7
num_cat=0
split_feature=6 20 0 0 20 5
split_gain=20.7184 34.8079 38.6669 27.5005 24.1213 22.0376
threshold=1.0000000180025095e-35 35.700000000000024 0.85716354175959775 1.2607249096886839 36.700000000000024 1.1898361925290739
decision_type=2 8 2 2 8 2
left_child=3 2 5 -1 -3 -2
right_child=1 4 -4 -5 -6 -7
leaf_value=0.00013866984820372623 -0.0012682673965765813 0.0048763018810376521 -0.004625572151772242 0.0042696932670716423 -0.00051157117055603875 0.0048112246766686441
leaf_weight=5550 297 115 383 156 243 64
leaf_count=5550 297 115 383 156 243 64
internal_value=1.5944e-05 -0.00123297 -0.00245514 0.000258883 0.00130465 -8.98314e-05
internal_weight=6808 1102 744 5706 358 361
internal_count=6808 1102 744 5706 358 361
is_linear=0
shrinkage=0.01


Tree=596
num_leaves=7
num_cat=0
split_feature=2 19 18 16 19 16
split_gain=19.7562 28.5571 35.9035 21.1348 20.5168 58.6967
threshold=0.25016427365162591 296.88733848182932 0.02720518698372006 329.15000000000009 290.0095832340034 320.9500000000001
decision_type=2 10 2 8 8 10
left_child=1 2 -1 -4 5 -2
right_child=4 -3 3 -5 -6 -7
leaf_value=0.0057316065063000533 -0.0001647245633816491 -0.0037115140999220819 -0.0032694675642469862 0.0041640719218800464 0.00028096368236105797 -0.0045304348615235373
leaf_weight=211 1794 63 96 50 4232 362
leaf_count=211 1794 63 96 50 4232 362
internal_value=1.58974e-05 0.00209076 0.00318792 -0.000619995 -0.000123576 -0.000915275
internal_weight=6808 420 357 146 6388 2156
internal_count=6808 420 357 146 6388 2156
is_linear=0
shrinkage=0.01


Tree=597
num_leaves=7
num_cat=0
split_feature=0 22 18 22 7 16
split_gain=20.4701 23.6855 21.3013 43.9402 40.0421 71.0389
threshold=1.2607249096886839 -0.99999999999997147 0.0092476956614456745 14.700000000000019 207.53325000000004 272.55000000000007
decision_type=2 10 2 8 2 10
left_child=2 -2 3 -1 -4 -6
right_child=1 -3 4 -5 5 -7
leaf_value=-0.00044544427060392455 -0.00083304350891587689 0.0058444788720872663 -6.1789947240143352e-05 -0.0070542564551131087 0.0074891329167322031 0.00042737326320178994
leaf_weight=3166 88 116 2697 94 200 447
leaf_count=3166 88 116 2697 94 200 447
internal_value=1.57164e-05 0.00305965 -8.27958e-05 -0.000656995 0.00047727 0.00269106
internal_weight=6808 204 6604 3260 3344 647
internal_count=6808 204 6604 3260 3344 647
is_linear=0
shrinkage=0.01


Tree=598
num_leaves=7
num_cat=0
split_feature=6 5 21 15 19 21
split_gain=20.3914 30.4876 30.8151 29.4903 29.1365 74.8651
threshold=1.0000000180025095e-35 1.6723283689422437 20.109166666666713 1.9032925878571227 291.06320411624642 17.628333333333362
decision_type=2 2 8 2 8 10
left_child=4 2 -2 -3 5 -1
right_child=1 3 -4 -5 -6 -7
leaf_value=0.00016169961708562819 -0.0031665884736271849 0.008460709103306787 0.00041596267155837269 -0.0014195774888189937 0.000874479190941463 -0.0047459056076309836
leaf_weight=2091 606 51 390 55 3260 355
leaf_count=2091 606 51 390 55 3260 355
internal_value=1.5638e-05 -0.00122338 -0.00177359 0.00365371 0.000256652 -0.000566989
internal_weight=6808 1102 996 106 5706 2446
internal_count=6808 1102 996 106 5706 2446
is_linear=0
shrinkage=0.01


Tree=599
num_leaves=7
num_cat=0
split_feature=11 9 6 1 17 17
split_gain=20.4801 31.2466 36.8276 28.6189 26.3637 33.9548
threshold=0.047623304218267402 0.0094679936677383916 1.0000000180025095e-35 1.8910295415699132 275.02833333333342 208.63000000000019
decision_type=2 2 2 2 10 8
left_child=1 2 4 -4 5 -1
right_child=-2 -3 3 -5 -6 -7
leaf_value=0.001564886140903192 -0.0026836628429376072 0.0050784522216022008 -0.00085014272144375686 -0.0050063983359013168 0.00098401383473462533 -0.0011253639356029672
leaf_weight=627 260 115 829 199 3004 1774
leaf_count=627 260 115 829 199 3004 1774
internal_value=1.54901e-05 0.000126594 3.03265e-05 -0.00169519 0.000361034 -0.000419252
internal_weight=6808 6548 6433 1028 5405 2401
internal_count=6808 6548 6433 1028 5405 2401
is_linear=0
shrinkage=0.01


Tree=600
num_leaves=7
num_cat=0
split_feature=0 22 2 17 22 6
split_gain=20.2107 23.3006 21.3565 61.4491 26.5211 22.1953
threshold=1.2607249096886839 -0.99999999999997147 0.45366001628946057 177.8566666666664 -4.8999999999999764 1.0000000180025095e-35
decision_type=2 10 2 8 10 2
left_child=2 -2 3 -1 -5 -6
right_child=1 -3 -4 4 5 -7
leaf_value=0.0099541498825583673 -0.00082151114655544565 0.0058019475403818348 -0.00043592838397170922 -0.0024238770354772848 0.0015520478949686534 -0.0015055361742753598
leaf_weight=61 88 116 4764 261 1233 285
leaf_count=61 88 116 4764 261 1233 285
internal_value=1.53053e-05 0.00303989 -8.25803e-05 0.000829695 0.000462936 0.000971899
internal_weight=6808 204 6604 1840 1779 1518
internal_count=6808 204 6604 1840 1779 1518
is_linear=0
shrinkage=0.01


Tree=601
num_leaves=7
num_cat=0
split_feature=13 13 2 7 18 13
split_gain=20.6764 25.6054 25.2391 105.355 77.079 50.3757
threshold=69.856460594021755 72.355702287527365 0.51723416522362686 683.67465000000004 0.013021417120087676 36.662346299175617
decision_type=2 2 2 2 2 2
left_child=2 -2 3 -1 -5 -4
right_child=1 -3 5 4 -6 -7
leaf_value=0.00023248113311871807 -0.0083688290693586884 -0.00094356059844498158 -0.00063145112767968572 0.013375063150105152 0.0019619483561540137 0.0039400023975362458
leaf_weight=2184 52 198 3890 100 137 247
leaf_count=2184 52 198 3890 100 137 247
internal_value=1.533e-05 -0.00275049 0.000124794 0.00093366 0.00712414 -0.000349669
internal_weight=6808 250 6558 2421 237 4137
internal_count=6808 250 6558 2421 237 4137
is_linear=0
shrinkage=0.01


Tree=602
num_leaves=7
num_cat=0
split_feature=7 14 20 1 18 17
split_gain=20.3633 40.6558 95.4553 62.0895 48.3522 58.8297
threshold=24.653250000000003 0.54361967088576424 26.700000000000021 2.1900307357611051 0.0084177579148204413 291.71666666666675
decision_type=2 2 8 2 2 8
left_child=-1 2 -2 4 -4 -6
right_child=1 -3 3 -5 5 -7
leaf_value=-0.00074223929195360323 0.0062668707431959257 -0.00035711338474474219 -0.0023569771399057264 0.010304652024976543 0.0040934103437390394 -0.0011381090422396432
leaf_weight=2325 340 2722 527 51 418 425
leaf_count=2325 340 2722 527 51 418 425
internal_value=1.5317e-05 0.000408983 0.00158848 0.000433116 -6.37285e-06 0.00147351
internal_weight=6808 4483 1761 1421 1370 843
internal_count=6808 4483 1761 1421 1370 843
is_linear=0
shrinkage=0.01


Tree=603
num_leaves=7
num_cat=0
split_feature=7 2 17 19 17 7
split_gain=19.9723 45.4114 51.9017 34.7251 47.0493 39.1737
threshold=24.653250000000003 0.4667717636802648 177.8566666666664 289.59662776384687 212.09333333333345 467.50860000000006
decision_type=2 2 8 8 10 2
left_child=-1 2 -2 4 -3 -5
right_child=1 3 -4 5 -6 -7
leaf_value=-0.0007348486787392269 0.010256944290901486 0.00073596867854844349 0.0016167963775342484 0.0013126839818226428 -0.0034291392330002661 -0.0015360167274931051
leaf_weight=2325 66 478 914 1763 608 654
leaf_count=2325 66 478 914 1763 608 654
internal_value=1.53996e-05 0.000405267 0.00229641 -0.000128831 -0.00160589 0.00053872
internal_weight=6808 4483 980 3503 1086 2417
internal_count=6808 4483 980 3503 1086 2417
is_linear=0
shrinkage=0.01


Tree=604
num_leaves=7
num_cat=0
split_feature=0 22 18 22 10 8
split_gain=19.8292 22.82 20.1889 42.9532 41.9804 42.791
threshold=1.2607249096886839 -0.99999999999997147 0.0092476956614456745 14.700000000000019 0.025593909851723873 1393.5000000000002
decision_type=2 10 2 8 2 2
left_child=2 -2 3 -1 5 -4
right_child=1 -3 4 -5 -6 -7
leaf_value=-0.0004314647092979253 -0.00081036110256551489 0.0057446683930706182 0.010625560314140537 -0.0069655440839079142 0.00014567331598226769 0.0015481278524209893
leaf_weight=3166 88 116 67 94 3104 173
leaf_count=3166 88 116 67 94 3104 173
internal_value=1.53662e-05 0.00301127 -8.15915e-05 -0.000640596 0.000463656 0.0044059
internal_weight=6808 204 6604 3260 3344 240
internal_count=6808 204 6604 3260 3344 240
is_linear=0
shrinkage=0.01


Tree=605
num_leaves=7
num_cat=0
split_feature=13 13 0 22 3 5
split_gain=20.1926 25.1956 22.1794 23.669 29.6546 20.3658
threshold=69.856460594021755 72.355702287527365 1.2607249096886839 -2.3999999999999768 0.54002521627875644 1.6723283689422437
decision_type=2 2 2 10 2 2
left_child=2 -2 5 -4 -5 -1
right_child=1 -3 3 4 -6 -7
leaf_value=-6.071553611067032e-05 -0.0082908931518754642 -0.00092606990799630213 -0.00093551059190014551 0.011118091464663544 0.0013738411724022249 0.0040813558246971162
leaf_weight=6247 52 198 78 50 72 111
leaf_count=6247 52 198 78 50 72 111
internal_value=1.53571e-05 -0.00271792 0.000123533 0.00332103 0.00590712 1.78937e-05
internal_weight=6808 250 6558 200 122 6358
internal_count=6808 250 6558 200 122 6358
is_linear=0
shrinkage=0.01


Tree=606
num_leaves=7
num_cat=0
split_feature=11 15 15 7 2 15
split_gain=19.8386 22.4492 32.4918 22.5475 45.4741 48.8826
threshold=0.047623304218267402 10.619077735791935 12.644415890330858 24.653250000000003 0.66563807121760854 0.023961753394527954
decision_type=2 2 2 2 2 2
left_child=1 3 -3 -1 5 -5
right_child=-2 2 -4 4 -6 -7
leaf_value=-0.00058491157601035706 -0.00264124710361055 -0.0045110755807973345 0.0033219298691902722 -0.0027053759885978558 -0.00051978062914532022 0.0020676383286840597
leaf_weight=2137 260 207 62 230 1794 2118
leaf_count=2137 260 207 62 230 1794 2118
internal_value=1.52968e-05 0.000124646 -0.00265134 0.0002476 0.000677495 0.0015906
internal_weight=6808 6548 269 6279 4142 2348
internal_count=6808 6548 269 6279 4142 2348
is_linear=0
shrinkage=0.01


Tree=607
num_leaves=7
num_cat=0
split_feature=20 2 20 15 15 1
split_gain=19.7972 18.9199 46.6349 34.9397 43.1594 42.6494
threshold=16.900000000000038 0.33357726690579381 37.500000000000036 2.3004830204354181 0.63296159627497717 1.5327386065793143
decision_type=8 2 8 2 2 2
left_child=-1 2 3 4 5 -2
right_child=1 -3 -4 -5 -6 -7
leaf_value=0.0053443600793463596 -0.00038072360419656764 -0.00024937989240577529 -0.0068400461813717178 -0.0025427747558259095 0.0059206441917157571 0.0081853393793982626
leaf_weight=59 395 5836 56 140 264 58
leaf_count=59 395 5836 56 140 264 58
internal_value=1.50621e-05 -3.93649e-05 0.00129123 0.00189533 0.00278496 0.000869136
internal_weight=6808 6749 913 857 717 453
internal_count=6808 6749 913 857 717 453
is_linear=0
shrinkage=0.01


Tree=608
num_leaves=7
num_cat=0
split_feature=1 18 22 7 22 0
split_gain=19.4619 27.2919 47.5804 39.0372 37.8733 58.9777
threshold=0.88538587848932682 0.0092476956614456745 14.700000000000019 207.53325000000004 -2.2999999999999825 1.0483417727374651
decision_type=2 2 8 2 10 2
left_child=-1 2 -2 -3 -5 -6
right_child=1 3 -4 4 5 -7
leaf_value=-0.0015197898427034276 -0.00022809326380033413 0.00031432864642811021 -0.0072742602281799223 0.0081734210767279401 0.00035384245093714878 0.010126711772834526
leaf_weight=727 3028 2383 89 112 406 63
leaf_count=727 3028 2383 89 112 406 63
internal_value=1.50499e-05 0.000200738 -0.000451902 0.000886279 0.00318715 0.00185062
internal_weight=6808 6081 3117 2964 581 469
internal_count=6808 6081 3117 2964 581 469
is_linear=0
shrinkage=0.01


Tree=609
num_leaves=7
num_cat=0
split_feature=6 2 1 2 16 4
split_gain=19.584 31.1201 28.9844 64.3356 26.9909 48.7247
threshold=1.0000000180025095e-35 0.33357726690579381 1.7452943036619037 0.6628741947479585 248.15000000000006 0.055797242039715381
decision_type=2 2 2 2 10 2
left_child=1 -1 -3 -4 5 -2
right_child=4 2 3 -5 -6 -7
leaf_value=0.0021811232876942197 -0.0015192698798372282 -0.00032279776403314566 0.0053152557557436409 -0.00099849255808610524 -0.0022334190431613603 0.006300260071991943
leaf_weight=719 229 4354 292 341 763 110
leaf_count=719 229 4354 292 341 763 110
internal_value=1.50453e-05 0.00025124 -3.08091e-05 0.00195138 -0.0011992 0.00112586
internal_weight=6808 5706 4987 633 1102 339
internal_count=6808 5706 4987 633 1102 339
is_linear=0
shrinkage=0.01


Tree=610
num_leaves=7
num_cat=0
split_feature=13 13 2 7 18 13
split_gain=19.8416 24.7566 22.8903 100.146 75.0713 48.6692
threshold=69.856460594021755 72.355702287527365 0.51723416522362686 683.67465000000004 0.013021417120087676 36.662346299175617
decision_type=2 2 2 2 2 2
left_child=2 -2 3 -1 -5 -4
right_child=1 -3 5 4 -6 -7
leaf_value=0.0002090197035196172 -0.0082186067221505996 -0.00091820824980879052 -0.00060659764215851262 0.013095430325039409 0.001841663579982357 0.0038867151560732943
leaf_weight=2184 52 198 3890 100 137 247
leaf_count=2184 52 198 3890 100 137 247
internal_value=1.50228e-05 -0.00269439 0.000122254 0.000892559 0.00692802 -0.000329599
internal_weight=6808 250 6558 2421 237 4137
internal_count=6808 250 6558 2421 237 4137
is_linear=0
shrinkage=0.01


Tree=611
num_leaves=7
num_cat=0
split_feature=19 20 1 21 7 19
split_gain=19.4285 40.4754 26.5294 22.907 106.443 45.2934
threshold=282.70884993495787 16.900000000000038 1.2400236072581865 16.100833333333352 1697.5800000000002 287.69072456453404
decision_type=8 10 2 8 2 10
left_child=1 -1 -3 4 5 -2
right_child=3 2 -4 -5 -6 -7
leaf_value=0.0052693241159431636 -0.0013156959394827925 -0.00055537310303345824 -0.0061397862662219225 -0.00033394322756021889 0.012095792019149152 0.0015106525780225638
leaf_weight=54 869 168 167 3888 72 1590
leaf_count=54 869 168 167 3888 72 1590
internal_value=1.50088e-05 -0.00212622 -0.00343652 0.000147876 0.000886424 0.00051055
internal_weight=6808 389 335 6419 2531 2459
internal_count=6808 389 335 6419 2531 2459
is_linear=0
shrinkage=0.01


Tree=612
num_leaves=7
num_cat=0
split_feature=11 15 15 14 0 14
split_gain=19.1962 21.7758 31.95 21.1015 26.0018 20.1753
threshold=0.047623304218267402 10.619077735791935 12.644415890330858 0.99808018419407829 1.0886072067415673 0.7062270558660152
decision_type=2 2 2 2 2 2
left_child=1 3 -3 5 -5 -1
right_child=-2 2 -4 4 -6 -7
leaf_value=0.00029529311465117535 -0.002598159474406943 -0.0044559646242894749 0.0033103919051872157 -0.0003578897677158082 -0.0052580793831368978 0.002045252864130603
leaf_weight=3718 260 207 62 1663 106 792
leaf_count=3718 260 207 62 1663 106 792
internal_value=1.50131e-05 0.000122577 -0.00261146 0.000243673 -0.000679419 0.000606448
internal_weight=6808 6548 269 6279 1769 4510
internal_count=6808 6548 269 6279 1769 4510
is_linear=0
shrinkage=0.01


Tree=613
num_leaves=7
num_cat=0
split_feature=6 17 7 21 14 21
split_gain=19.2407 28.4795 82.8318 79.2346 61.3315 40.3727
threshold=1.0000000180025095e-35 275.02833333333342 1697.5800000000002 17.125833333333386 0.090469444658597367 11.499999999999989
decision_type=2 10 2 10 2 10
left_child=1 2 -1 -4 -3 -6
right_child=-2 4 3 -5 5 -7
leaf_value=-0.0010389448686641486 -0.0011887933887778314 -0.0023546783265706349 0.010881625838004625 -0.0027978478812835583 -0.0025025133301910425 0.001837037912266283
leaf_weight=2350 1102 488 107 61 226 2474
leaf_count=2350 1102 488 107 61 226 2474
internal_value=1.47601e-05 0.000248875 -0.00054486 0.00603653 0.000875541 0.00146591
internal_weight=6808 5706 2518 168 3188 2700
internal_count=6808 5706 2518 168 3188 2700
is_linear=0
shrinkage=0.01


Tree=614
num_leaves=7
num_cat=0
split_feature=7 14 5 17 7 19
split_gain=19.0525 38.1892 60.1872 55.5061 50.0966 69.7216
threshold=24.653250000000003 0.54361967088576424 1.4900900041759915 215.22333333333282 569.06325000000004 293.41510709183848
decision_type=2 2 2 8 2 10
left_child=-1 2 3 -2 -5 -6
right_child=1 -3 -4 4 5 -7
leaf_value=-0.00071811503102931613 0.0050590526722621596 -0.0003470513679867895 0.010194727582010357 0.0014025732955055331 -0.009959042247864279 -0.00018249805289300255
leaf_weight=2325 288 2722 67 1051 91 264
leaf_count=2325 288 2722 67 1051 91 264
internal_value=1.46541e-05 0.00039544 0.0015386 0.00113842 0.00030527 -0.00289279
internal_weight=6808 4483 1761 1694 1406 355
internal_count=6808 4483 1761 1694 1406 355
is_linear=0
shrinkage=0.01


Tree=615
num_leaves=7
num_cat=0
split_feature=19 17 6 9 0 22
split_gain=19.039 35.9117 20.8873 67.9863 35.119 34.5039
threshold=282.70884993495787 246.04000000000005 1.0000000180025095e-35 0.0091439308196889953 1.0995349081320873 -1.1999999999999884
decision_type=8 10 2 2 2 10
left_child=1 -1 4 -4 -2 -6
right_child=2 -3 3 -5 5 -7
leaf_value=-0.00064102282976274364 0.00018111555725084969 -0.0083442699457829204 -0.001754922573602801 0.0090447709757474157 -0.001115314500314779 0.0054771743440628056
leaf_weight=324 5019 65 996 52 112 240
leaf_count=324 5019 65 996 52 112 240
internal_value=1.45874e-05 -0.00210507 0.000146116 -0.00113864 0.000398449 0.0034067
internal_weight=6808 389 6419 1048 5371 352
internal_count=6808 389 6419 1048 5371 352
is_linear=0
shrinkage=0.01


Tree=616
num_leaves=7
num_cat=0
split_feature=13 8 0 13 18 11
split_gain=19.4213 33.7415 21.3711 21.2135 19.6839 42.5559
threshold=69.856460594021755 2753.5000000000005 1.2607249096886839 11.795512369064053 0.0092476956614456745 0.019029298680714544
decision_type=2 2 2 2 2 2
left_child=2 -2 4 -4 -1 -6
right_child=1 -3 3 -5 5 -7
leaf_value=-0.00054552131280161413 -0.0048432623763801528 0.0030349436144416148 0.001164636103945668 0.0083017190899699923 0.0032539664733085226 7.4963509867846857e-05
leaf_weight=3140 182 68 150 50 488 2730
leaf_count=3140 182 68 150 50 488 2730
internal_value=1.44833e-05 -0.00266608 0.000120574 0.00325926 1.68786e-05 0.000565637
internal_weight=6808 250 6558 200 6358 3218
internal_count=6808 250 6558 200 6358 3218
is_linear=0
shrinkage=0.01


Tree=617
num_leaves=7
num_cat=0
split_feature=1 18 21 10 16 10
split_gain=18.5573 26.0898 39.269 34.2112 39.8733 22.027
threshold=0.88538587848932682 0.0092476956614456745 26.925000000000047 0.025593909851723873 261.75000000000006 0.02597591472302703
decision_type=2 2 8 2 10 2
left_child=-1 2 -2 4 -3 -5
right_child=1 3 -4 5 -6 -7
leaf_value=-0.001484251815384681 -0.00023468224025822597 0.0086677481728789016 -0.0065147360374481931 -0.0047057279208913829 0.00064000339831771517 0.00068913702900110158
leaf_weight=727 3024 107 93 68 135 2654
leaf_count=727 3024 107 93 68 135 2654
internal_value=1.44916e-05 0.000195813 -0.000442291 0.000866087 0.00439257 0.000537633
internal_weight=6808 6081 3117 2964 242 2722
internal_count=6808 6081 3117 2964 242 2722
is_linear=0
shrinkage=0.01


Tree=618
num_leaves=7
num_cat=0
split_feature=13 8 9 8 18 13
split_gain=19.063 33.1567 21.0154 37.8872 34.5435 29.9826
threshold=69.856460594021755 2753.5000000000005 0.0045154165104735969 1489.0000000000002 0.005582497967218999 36.662346299175617
decision_type=2 2 2 2 2 2
left_child=2 -2 -1 5 -5 -4
right_child=1 -3 3 4 -6 -7
leaf_value=-8.0785565898919569e-05 -0.0047996791976038363 0.0030098691164778596 0.0015842514669099834 -0.0064813408935049058 0.0010791788274121788 0.0083635930733785765
leaf_weight=5836 182 68 153 61 396 112
leaf_count=5836 182 68 153 61 396 112
internal_value=1.43036e-05 -0.00264142 0.000119411 0.00171662 -4.71704e-05 0.00464942
internal_weight=6808 250 6558 722 457 265
internal_count=6808 250 6558 722 457 265
is_linear=0
shrinkage=0.01


Tree=619
num_leaves=7
num_cat=0
split_feature=7 2 10 13 22 13
split_gain=18.7083 40.8321 47.0776 69.5023 42.1534 39.6544
threshold=24.653250000000003 0.4667717636802648 0.025593909851723873 0.2897988112382342 -1.9999999999999714 42.231485457887494
decision_type=2 2 2 2 10 2
left_child=-1 2 3 -2 -5 -3
right_child=1 5 -4 4 -6 -7
leaf_value=-0.00071191935398295816 0.013874241387495748 -0.00034451257784734278 0.00090396809933707123 -0.0036735292008808376 0.0059472964687320665 0.0047815972128057785
leaf_weight=2325 67 3355 740 66 107 148
leaf_count=2325 67 3355 740 66 107 148
internal_value=1.41998e-05 0.00039153 0.00218479 0.00593985 0.00227675 -0.000114942
internal_weight=6808 4483 980 240 173 3503
internal_count=6808 4483 980 240 173 3503
is_linear=0
shrinkage=0.01


Tree=620
num_leaves=7
num_cat=0
split_feature=20 6 9 20 2 20
split_gain=18.8326 21.0877 64.2964 44.0811 30.0452 26.3134
threshold=16.900000000000038 1.0000000180025095e-35 0.0087051601596763954 35.300000000000018 0.35161204681593566 23.000000000000032
decision_type=8 2 2 10 2 10
left_child=-1 4 3 -3 5 -2
right_child=1 2 -4 -5 -6 -7
leaf_value=0.0052122074041677556 -0.0027952474552708178 -0.0034477062998689995 0.0080024812157664989 0.00080753260400030129 -9.2873091060896877e-05 0.0026188081783343532
leaf_weight=59 94 661 60 377 4834 723
leaf_count=59 94 661 60 377 4834 723
internal_value=1.43625e-05 -3.87215e-05 -0.00130029 -0.00190925 0.000208268 0.00196963
internal_weight=6808 6749 1098 1038 5651 817
internal_count=6808 6749 1098 1038 5651 817
is_linear=0
shrinkage=0.01


Tree=621
num_leaves=7
num_cat=0
split_feature=7 8 7 17 7 21
split_gain=18.3918 36.6639 32.4739 36.4744 73.4485 55.2886
threshold=24.653250000000003 2311.0000000000005 38.722500000000004 210.2466666666669 1697.5800000000002 11.114166666666696
decision_type=2 2 2 10 2 10
left_child=-1 2 -2 4 -4 -5
right_child=1 -3 3 5 -6 -7
leaf_value=-0.00070558190329585667 0.0020628180036887716 0.0065353877779684572 -7.7502962642921855e-05 -0.0050321114794937821 0.0082590211112354255 -0.00016215117926539094
leaf_weight=2325 801 85 369 244 138 2846
leaf_count=2325 801 85 369 244 138 2846
internal_value=1.437e-05 0.000388495 0.000255138 -0.00015201 0.00230747 -0.000561697
internal_weight=6808 4483 4398 3597 507 3090
internal_count=6808 4483 4398 3597 507 3090
is_linear=0
shrinkage=0.01


Tree=622
num_leaves=7
num_cat=0
split_feature=19 17 16 17 6 16
split_gain=18.9002 34.8203 23.3306 23.6057 20.1837 23.2104
threshold=282.70884993495787 246.04000000000005 158.10000000000005 183.46499999999955 1.0000000180025095e-35 248.15000000000006
decision_type=8 10 10 10 2 10
left_child=1 2 -1 -4 -2 -6
right_child=4 -3 3 -5 5 -7
leaf_value=-0.0034641825945316992 0.00039347881865215415 -0.0082414709867288678 0.0051683164813688823 -0.0018158848701539088 0.0012416224916567012 -0.0020372877961825093
leaf_weight=148 5371 65 88 88 293 755
leaf_count=148 5371 65 88 88 293 755
internal_value=1.43859e-05 -0.00209753 -0.000655097 0.00176633 0.000145434 -0.0011175
internal_weight=6808 389 324 176 6419 1048
internal_count=6808 389 324 176 6419 1048
is_linear=0
shrinkage=0.01


Tree=623
num_leaves=7
num_cat=0
split_feature=11 6 19 22 13 13
split_gain=18.6895 19.7109 32.9099 34.7293 34.3888 39.8661
threshold=0.047623304218267402 1.0000000180025095e-35 291.06320411624642 9.8000000000000131 56.976141278812015 46.025079330187395
decision_type=2 2 8 8 2 2
left_child=1 2 -1 4 5 -4
right_child=-2 -3 3 -5 -6 -7
leaf_value=-0.00051890392186251062 -0.0025643396072161893 -0.0011155646921491016 0.0015563080488665629 -0.0015153277025976358 -0.0027138230771980372 0.0091886034889251626
leaf_weight=2384 260 1069 2414 446 174 61
leaf_count=2384 260 1069 2414 446 174 61
internal_value=1.41136e-05 0.00012025 0.000362961 0.00104172 0.00147632 0.00178064
internal_weight=6808 6548 5479 3095 2649 2475
internal_count=6808 6548 5479 3095 2649 2475
is_linear=0
shrinkage=0.01


Tree=624
num_leaves=7
num_cat=0
split_feature=0 10 20 8 11 1
split_gain=18.4581 22.1281 18.0157 19.3755 17.1598 16.1436
threshold=1.2607249096886839 0.023116111152882968 16.900000000000038 766.50000000000011 0.047623304218267402 4.5357142857142865
decision_type=2 2 8 2 2 2
left_child=2 -2 -1 -4 -5 -3
right_child=1 5 3 4 -6 -7
leaf_value=0.005242742751798932 0.0075705824571027274 0.0031259786371141676 -0.0051504314852584355 3.5409937816129956e-05 -0.0025396459528236408 -0.0032832066704734015
leaf_weight=53 59 90 66 6225 260 55
leaf_count=53 59 90 66 6225 260 55
internal_value=1.40065e-05 0.00290448 -7.95379e-05 -0.000130522 -7.15817e-05 0.000639932
internal_weight=6808 204 6604 6551 6485 145
internal_count=6808 204 6604 6551 6485 145
is_linear=0
shrinkage=0.01


Tree=625
num_leaves=7
num_cat=0
split_feature=19 17 6 9 11 18
split_gain=18.5915 34.1865 19.3834 65.4142 26.6693 43.2283
threshold=282.70884993495787 246.04000000000005 1.0000000180025095e-35 0.0091439308196889953 0.019029298680714544 0.01599244711026793
decision_type=8 10 2 2 2 2
left_child=1 -1 4 -4 -2 -6
right_child=2 -3 3 -5 5 -7
leaf_value=-0.00065134091157756163 0.0013078549237920661 -0.0081684560062984628 -0.0016984394993710564 0.008894585152306865 -0.00094340357009011693 0.0014454534222277354
leaf_weight=324 1975 65 996 52 2272 1124
leaf_count=324 1975 65 996 52 2272 1124
internal_value=1.39398e-05 -0.00208066 0.000143914 -0.00109373 0.000386989 -0.000150823
internal_weight=6808 389 6419 1048 5371 3396
internal_count=6808 389 6419 1048 5371 3396
is_linear=0
shrinkage=0.01


Tree=626
num_leaves=7
num_cat=0
split_feature=19 20 1 21 14 19
split_gain=18.2605 38.1577 25.8655 22.1467 43.399 43.3825
threshold=282.70884993495787 16.900000000000038 1.2400236072581865 16.100833333333352 1.1135579160110514 290.25629892673493
decision_type=8 10 2 8 2 10
left_child=1 -1 -3 4 -2 -5
right_child=3 2 -4 5 -6 -7
leaf_value=0.0051184760994510727 0.0015830358862009275 -0.0004930870836663447 -0.0060032497442164328 -0.0032848453545090773 -0.0015093427434142023 4.5529914670900853e-05
leaf_weight=54 1949 168 167 431 582 3457
leaf_count=54 1949 168 167 431 582 3457
internal_value=1.38031e-05 -0.00206206 -0.00333433 0.000142615 0.000868806 -0.000331135
internal_weight=6808 389 335 6419 2531 3888
internal_count=6808 389 335 6419 2531 3888
is_linear=0
shrinkage=0.01


Tree=627
num_leaves=7
num_cat=0
split_feature=11 9 19 2 10 19
split_gain=17.9771 29.0902 36.124 23.647 25.4199 24.4367
threshold=0.047623304218267402 0.0094679936677383916 292.91496302720492 0.23918578090085316 0.03529871864335387 291.06320411624642
decision_type=2 2 10 2 2 8
left_child=1 3 -3 4 -1 -5
right_child=-2 2 -4 5 -6 -7
leaf_value=0.0053580201230388844 -0.0025152336553523869 0.0096685040486710425 -0.00099757999224731552 -0.00087580217845998557 -6.1812407059713882e-05 0.00040885779865643373
leaf_weight=158 260 60 55 2504 178 3593
leaf_count=158 260 60 55 2504 178 3593
internal_value=1.35984e-05 0.000117692 0.00489562 2.48137e-05 0.002568 -0.000119314
internal_weight=6808 6548 115 6433 336 6097
internal_count=6808 6548 115 6433 336 6097
is_linear=0
shrinkage=0.01


Tree=628
num_leaves=7
num_cat=0
split_feature=19 1 22 6 19 22
split_gain=17.7693 20.2071 32.1704 32.3347 25.0039 39.8738
threshold=282.70884993495787 1.2400236072581865 11.600000000000025 1.0000000180025095e-35 291.06320411624642 1.8000000000000116
decision_type=8 2 10 2 10 8
left_child=-1 -2 3 4 5 -3
right_child=1 2 -4 -5 -6 -7
leaf_value=-0.0020341335802690889 -0.00038769523912371976 0.0016524926967789195 -0.0031370703377459775 -0.0011425976126034439 0.0025396403889661173 -0.0025007515663953228
leaf_weight=389 3399 780 191 555 1177 317
leaf_count=389 3399 780 191 555 1177 317
internal_value=1.36236e-05 0.000140691 0.000734706 0.00100624 0.0015334 0.000440581
internal_weight=6808 6419 3020 2829 2274 1097
internal_count=6808 6419 3020 2829 2274 1097
is_linear=0
shrinkage=0.01


Tree=629
num_leaves=7
num_cat=0
split_feature=13 10 15 13 13 19
split_gain=18.6546 37.1384 24.3266 29.3746 23.546 20.9382
threshold=69.856460594021755 0.016004421638187955 0.68023216491234073 83.168403528496071 36.037860194726278 282.17726538370988
decision_type=2 2 2 2 2 8
left_child=1 4 3 -2 -1 -3
right_child=2 5 -4 -5 -6 -7
leaf_value=0.0080955932261322135 -0.010149179598775463 -0.0025277330039608871 0.00039273315287650901 -0.00049493085912295754 0.00079946504096792205 0.00012027079742694406
leaf_weight=83 59 304 131 60 89 6082
leaf_count=83 59 304 131 60 89 6082
internal_value=1.34138e-05 0.00011739 -0.0026137 -0.0056972 0.00457163 -9.5401e-06
internal_weight=6808 6558 250 119 172 6386
internal_count=6808 6558 250 119 172 6386
is_linear=0
shrinkage=0.01


Tree=630
num_leaves=7
num_cat=0
split_feature=20 19 1 20 19 9
split_gain=18.0249 37.6263 25.4532 20.6356 32.7375 62.341
threshold=16.900000000000038 282.70884993495787 1.2400236072581865 26.900000000000038 290.0095832340034 0.0069487483449950918
decision_type=8 8 2 8 10 2
left_child=-1 2 -2 -3 5 -5
right_child=1 3 -4 4 -6 -7
leaf_value=0.0050983871084948383 -0.000440497647413691 0.0015005692784957911 -0.0059031553585924173 -0.0021946703558720186 0.00029077263275385903 0.0077698293767535865
leaf_weight=59 168 933 167 1059 4365 57
leaf_count=59 168 933 167 1059 4365 57
internal_value=1.32245e-05 -3.87075e-05 -0.00325585 0.000134129 -0.000100782 -0.00162125
internal_weight=6808 6749 335 6414 5481 1116
internal_count=6808 6749 335 6414 5481 1116
is_linear=0
shrinkage=0.01


Tree=631
num_leaves=7
num_cat=0
split_feature=17 17 3 8 8 8
split_gain=15.4725 26.9818 44.989 26.9627 39.3531 25.6465
threshold=284.85666666666657 213.16166666666678 0.05625216940847242 1025.0000000000002 1128.5000000000002 914.50000000000011
decision_type=10 8 2 2 2 2
left_child=1 2 -1 -4 -5 -2
right_child=5 -3 3 4 -6 -7
leaf_value=0.0094630328336109716 0.0050015853401884193 -0.00094185278803753114 -0.0037448188193957323 0.0077567078881874323 0.00035229863636117395 0.00032839964899240837
leaf_weight=50 112 2658 118 72 585 3213
leaf_count=50 112 2658 118 72 585 3213
internal_value=1.3182e-05 -0.000451975 0.0011187 0.000466664 0.00126787 0.000500337
internal_weight=6808 3483 825 775 657 3325
internal_count=6808 3483 825 775 657 3325
is_linear=0
shrinkage=0.01


Tree=632
num_leaves=7
num_cat=0
split_feature=13 13 9 18 3 9
split_gain=18.41 24.1207 19.932 29.5012 27.678 35.2296
threshold=69.856460594021755 82.6537966553622 0.0045154165104735969 0.0044101085204270064 -0.038883080611610256 0.0073465637543598554
decision_type=2 2 2 2 2 2
left_child=2 -2 -1 -4 -5 -6
right_child=1 -3 3 4 5 -7
leaf_value=-7.8358970770903372e-05 -0.0046958618434303897 0.0016782033779928762 -0.0045088746018287999 -0.00067828456701350985 0.0020027956450489209 0.0084684428720381757
leaf_weight=5836 167 83 61 210 345 106
leaf_count=5836 167 83 61 210 345 106
internal_value=1.33174e-05 -0.00259652 0.00011661 0.0016721 0.00230121 0.00367317
internal_weight=6808 250 6558 722 661 451
internal_count=6808 250 6558 722 661 451
is_linear=0
shrinkage=0.01


Tree=633
num_leaves=7
num_cat=0
split_feature=7 13 20 16 16 0
split_gain=18.2041 32.4177 69.7182 67.4963 81.2685 36.5969
threshold=24.653250000000003 16.265073570448624 33.500000000000036 320.9500000000001 309.75000000000006 1.0002375396795216
decision_type=2 2 10 8 10 2
left_child=-1 5 3 4 -3 -2
right_child=1 2 -4 -5 -6 -7
leaf_value=-0.00070304949820187241 0.00040831587812210641 0.001028189454926178 0.0082648090507206045 -0.0051366230134864323 0.012754143085895162 -0.0022797501099763862
leaf_weight=2325 2951 590 141 144 56 601
leaf_count=2325 2951 590 141 144 56 601
internal_value=1.32163e-05 0.000385428 0.00203574 0.000834559 0.00222361 -5.16294e-05
internal_weight=6808 4483 931 790 646 3552
internal_count=6808 4483 931 790 646 3552
is_linear=0
shrinkage=0.01


Tree=634
num_leaves=7
num_cat=0
split_feature=0 18 15 0 17 2
split_gain=18.2213 18.0542 30.4468 31.7541 54.4054 38.5158
threshold=1.2607249096886839 0.0092476956614456745 0.10526457571236232 0.98719722205222982 293.16166666666726 0.3101599110874359
decision_type=2 2 2 2 8 2
left_child=1 -1 -3 -4 -5 -6
right_child=-2 2 3 4 5 -7
leaf_value=-0.00060826974584467729 0.0028851695240379492 -0.0015248651094473551 0.00042509582899239443 0.0060716503598473295 -0.006680738596698722 0.0027749616491536682
leaf_weight=3260 204 632 2289 265 64 94
leaf_count=3260 204 632 2289 265 64 94
internal_value=1.32944e-05 -7.9647e-05 0.000435974 0.000896848 0.00338089 -0.00122487
internal_weight=6808 6604 3344 2712 423 158
internal_count=6808 6604 3344 2712 423 158
is_linear=0
shrinkage=0.01


Tree=635
num_leaves=7
num_cat=0
split_feature=7 2 20 14 20 20
split_gain=17.8031 39.0034 45.4383 79.2492 32.9155 29.2741
threshold=24.653250000000003 0.4667717636802648 32.200000000000024 0.37953257295909149 26.700000000000021 28.300000000000015
decision_type=2 2 8 2 10 10
left_child=-1 2 3 4 -2 -6
right_child=1 -3 -4 -5 5 -7
leaf_value=-0.00069512356937889361 0.011584012970561162 -0.0001136971633900501 -0.00040992542939051664 -7.0738861142297945e-05 -0.0010351024087110203 0.0070172708072032486
leaf_weight=2325 110 3503 409 267 63 131
leaf_count=2325 110 3503 409 267 63 131
internal_value=1.32105e-05 0.0003813 0.00213394 0.00393177 0.00733743 0.00447977
internal_weight=6808 4483 980 571 304 194
internal_count=6808 4483 980 571 304 194
is_linear=0
shrinkage=0.01


Tree=636
num_leaves=7
num_cat=0
split_feature=1 18 22 8 8 12
split_gain=17.3227 24.8262 45.1526 23.5105 32.9977 19.2236
threshold=0.88538587848932682 0.0092476956614456745 14.700000000000019 1932.0000000000002 2833.0000000000005 31.880158626319666
decision_type=2 2 8 2 2 2
left_child=-1 2 -2 5 -5 -3
right_child=1 3 -4 4 -6 -7
leaf_value=-0.0014347147914104599 -0.00021594717124399774 0.0017100381246711691 -0.0070799497481096874 -0.0011706113684285049 0.0056113218883924844 -0.0015130536727031361
leaf_weight=727 3028 1919 89 779 69 197
leaf_count=727 3028 1919 89 779 69 197
internal_value=1.33171e-05 0.000188505 -0.00043395 0.000842348 -0.000559811 0.00140426
internal_weight=6808 6081 3117 2964 848 2116
internal_count=6808 6081 3117 2964 848 2116
is_linear=0
shrinkage=0.01


Tree=637
num_leaves=7
num_cat=0
split_feature=20 19 2 17 1 1
split_gain=17.6516 37.2039 25.0947 41.8523 25.0444 22.9275
threshold=16.900000000000038 282.70884993495787 0.28369280561307603 251.32166666666663 1.2400236072581865 1.043497136715003
decision_type=8 8 2 8 2 2
left_child=-1 4 3 -3 -2 -5
right_child=1 2 -4 5 -6 -7
leaf_value=0.0050453590488304268 -0.00044417872092309882 0.0083472966536393637 -5.5462841042281905e-05 -0.0020816433503331538 -0.0058632966811837115 0.002549510233007216
leaf_weight=59 168 82 5885 157 167 290
leaf_count=59 168 82 5885 157 167 290
internal_value=1.31239e-05 -3.82676e-05 0.000133595 0.00219883 -0.0032373 0.000912951
internal_weight=6808 6749 6414 529 335 447
internal_count=6808 6749 6414 529 335 447
is_linear=0
shrinkage=0.01


Tree=638
num_leaves=7
num_cat=0
split_feature=13 10 13 13 19 4
split_gain=17.8245 36.4093 24.0344 22.6473 20.673 43.6579
threshold=69.856460594021755 0.016004421638187955 72.355702287527365 36.037860194726278 291.24984626942779 0.062024635301050783
decision_type=2 2 2 2 8 2
left_child=1 3 -2 -1 5 -3
right_child=2 4 -4 -5 -6 -7
leaf_value=0.0079816012440990375 -0.0079960214364672866 -0.0012538314009460582 -0.00081019216512616442 0.00082089992653992447 0.00046302748252220738 0.0022439513222572388
leaf_weight=83 52 2203 198 89 3767 416
leaf_count=83 52 2203 198 89 3767 416
internal_value=1.31027e-05 0.000114739 -0.0025549 0.00452504 -1.09367e-05 -0.000691824
internal_weight=6808 6558 250 172 6386 2619
internal_count=6808 6558 250 172 6386 2619
is_linear=0
shrinkage=0.01


Tree=639
num_leaves=7
num_cat=0
split_feature=0 22 21 1 9 1
split_gain=17.8478 20.9937 23.7767 14.4022 22.0582 38.1738
threshold=1.2607249096886839 -0.99999999999997147 16.788333333333359 0.88538587848932682 0.0094679936677383916 1.188344594594595
decision_type=2 10 10 2 2 2
left_child=3 -2 -3 -1 -5 -6
right_child=1 2 -4 4 5 -7
leaf_value=-0.0013987697884963101 -0.00080729457093592805 0.0099022225867356033 0.0010298290655545487 -1.3395406213572123e-05 -0.0019627248637483154 0.0080222355595065496
leaf_weight=725 88 52 64 5738 61 80
leaf_count=725 88 52 64 5738 61 80
internal_value=1.29929e-05 0.00285528 0.00547734 -7.89908e-05 8.58636e-05 0.00385859
internal_weight=6808 204 116 6604 5879 141
internal_count=6808 204 116 6604 5879 141
is_linear=0
shrinkage=0.01


Tree=640
num_leaves=7
num_cat=0
split_feature=15 15 15 20 0 2
split_gain=17.6758 34.812 17.3184 20.9097 25.3422 24.0865
threshold=10.619077735791935 12.644415890330858 9.6445144440292427 38.500000000000036 0.93401657028668494 0.33357726690579381
decision_type=2 2 2 10 2 2
left_child=2 -2 3 5 -5 -1
right_child=1 -3 -4 4 -6 -7
leaf_value=0.0017487796777655093 -0.0044131378172188656 0.0034770954861029733 0.0035365348830176842 0.00035656494691951255 -0.0044725017386518387 -6.3972945525537562e-05
leaf_weight=845 207 67 135 213 209 5132
leaf_count=845 207 67 135 213 209 5132
internal_value=1.30796e-05 -0.00242928 0.000119054 4.155e-05 -0.00208325 0.000194798
internal_weight=6808 274 6534 6399 422 5977
internal_count=6808 274 6534 6399 422 5977
is_linear=0
shrinkage=0.01


Tree=641
num_leaves=7
num_cat=0
split_feature=0 18 1 0 8 1
split_gain=17.5432 16.9499 34.7956 30.1862 28.8868 35.2492
threshold=1.2607249096886839 0.0092476956614456745 0.89006343425249401 1.0704508661320939 1840.5000000000002 1.8096649694540605
decision_type=2 2 2 2 2 2
left_child=1 3 -3 -1 5 -5
right_child=-2 2 -4 4 -6 -7
leaf_value=-0.00025795003293736617 0.0028308840075107378 -0.0021887144926717285 0.00081679139797510391 -0.010017947584390641 0.0021152035491541028 -0.0022325269819467772
leaf_weight=2922 204 434 2910 80 70 188
leaf_count=2922 204 434 2910 80 70 188
internal_value=1.29513e-05 -7.82442e-05 0.00042136 -0.000590443 -0.00337483 -0.00483329
internal_weight=6808 6604 3344 3260 338 268
internal_count=6808 6604 3344 3260 338 268
is_linear=0
shrinkage=0.01


Tree=642
num_leaves=7
num_cat=0
split_feature=7 2 10 13 13 8
split_gain=17.6489 37.1973 45.6172 67.0091 37.6967 33.0596
threshold=24.653250000000003 0.4667717636802648 0.025593909851723873 0.2897988112382342 42.231485457887494 1139.0000000000002
decision_type=2 2 2 2 2 2
left_child=-1 2 3 -2 5 -3
right_child=1 4 -4 -5 -6 -7
leaf_value=-0.00069256812342452165 0.01357632974912594 -0.0023913542207539126 0.00083090299513346208 0.0021928882028123802 0.0046698764649137289 0.00014756669331797504
leaf_weight=2325 67 621 740 173 148 2734
leaf_count=2325 67 621 740 173 148 2734
internal_value=1.26908e-05 0.000379184 0.00209076 0.0057867 -0.000104236 -0.00032809
internal_weight=6808 4483 980 240 3503 3355
internal_count=6808 4483 980 240 3503 3355
is_linear=0
shrinkage=0.01


Tree=643
num_leaves=7
num_cat=0
split_feature=13 8 2 5 8 8
split_gain=17.5322 32.4086 19.7039 21.1688 59.0685 67.6646
threshold=69.856460594021755 2753.5000000000005 0.66563807121760854 1.0246166936642653 1447.0000000000002 1181.5000000000002
decision_type=2 2 2 2 2 2
left_child=2 -2 3 -1 5 -5
right_child=1 -3 -4 4 -6 -7
leaf_value=5.1655047787324945e-05 -0.0046693712044119217 0.0030470881732897115 -0.00061608246225157805 0.002650821210540943 0.00032674927368625691 0.0135523773996331
leaf_weight=2916 182 68 2359 257 960 66
leaf_count=2916 182 68 2359 257 960 66
internal_value=1.28327e-05 -0.00253402 0.000113633 0.000524077 0.00158909 0.00521847
internal_weight=6808 250 6558 4199 1283 323
internal_count=6808 250 6558 4199 1283 323
is_linear=0
shrinkage=0.01


Tree=644
num_leaves=7
num_cat=0
split_feature=20 19 21 21 14 8
split_gain=17.3731 36.4872 19.5602 17.9429 47.3641 41.5149
threshold=16.900000000000038 281.52391960173838 5.4058333333333328 16.100833333333352 1.1135579160110514 1025.0000000000002
decision_type=8 8 10 8 2 2
left_child=-1 2 -2 4 5 -3
right_child=1 3 -4 -5 -6 -7
leaf_value=0.0050052924760603827 -0.00039843611652575536 -0.0026390859100133245 -0.006284796968967255 -0.00032965362967105478 -0.0016887836883290107 0.0019620488083975083
leaf_weight=59 97 211 130 3888 609 1814
leaf_count=59 97 211 130 3888 609 1814
internal_value=1.29148e-05 -3.80696e-05 -0.00389242 0.000101836 0.000737588 0.00147201
internal_weight=6808 6749 227 6522 2634 2025
internal_count=6808 6749 227 6522 2634 2025
is_linear=0
shrinkage=0.01


Tree=645
num_leaves=7
num_cat=0
split_feature=6 20 0 19 2 20
split_gain=17.703 34.2584 39.5185 29.9617 27.2397 23.5708
threshold=1.0000000180025095e-35 35.700000000000024 0.85716354175959775 294.09000000000009 0.33357726690579381 36.200000000000024
decision_type=2 8 2 10 2 8
left_child=4 2 -2 -3 5 -1
right_child=1 3 -4 -5 -6 -7
leaf_value=0.0025886824820919347 3.3156633492549155e-05 0.0073141391964062401 -0.0045487854550491516 3.5187423087560049e-06 -2.6594200032621631e-05 -0.003643689328695045
leaf_weight=661 361 59 383 299 4987 58
leaf_count=661 361 59 383 299 4987 58
internal_value=1.27215e-05 -0.00114173 -0.0023546 0.00137436 0.000237289 0.00204285
internal_weight=6808 1102 744 358 5706 719
internal_count=6808 1102 744 358 5706 719
is_linear=0
shrinkage=0.01


Tree=646
num_leaves=7
num_cat=0
split_feature=7 15 15 3 4 7
split_gain=17.4323 30.0682 29.3864 28.3151 46.4919 31.1109
threshold=24.653250000000003 0.0078100318412184519 10.696579570763875 0.3333762667282052 0.28227252034324135 232.52265000000003
decision_type=2 2 2 2 2 2
left_child=-1 -2 3 4 -3 -5
right_child=1 2 -4 5 -6 -7
leaf_value=-0.00068829891572362882 -0.0033857403249649581 0.0011243179959295432 -0.0034281073790959223 0.001257882308526768 0.0095775156940764456 -0.0016477536723383127
leaf_weight=2325 193 2586 168 644 57 835
leaf_count=2325 193 2586 168 644 57 835
internal_value=1.26195e-05 0.000376857 0.00055361 0.000723796 0.00134204 -0.000382604
internal_weight=6808 4483 4290 4122 2643 1479
internal_count=6808 4483 4290 4122 2643 1479
is_linear=0
shrinkage=0.01


Tree=647
num_leaves=7
num_cat=0
split_feature=6 20 19 19 20 7
split_gain=17.4222 33.6566 29.4062 27.1819 62.8745 88.3047
threshold=1.0000000180025095e-35 35.700000000000024 294.09000000000009 291.06320411624642 31.800000000000015 1697.5800000000002
decision_type=2 8 10 8 10 2
left_child=3 -2 -3 4 5 -1
right_child=1 2 -4 -5 -6 -7
leaf_value=-0.00020027961805228606 -0.0023348929866004627 0.0072456475358078443 3.1270021267542707e-06 0.0008320740481755545 -0.0035424316896232552 0.0095436541371199547
leaf_weight=1819 744 59 299 3260 539 88
leaf_count=1819 744 59 299 3260 539 88
internal_value=1.25345e-05 -0.00113273 0.00136118 0.000235314 -0.000560191 0.000296801
internal_weight=6808 1102 358 5706 2446 1907
internal_count=6808 1102 358 5706 2446 1907
is_linear=0
shrinkage=0.01


Tree=648
num_leaves=7
num_cat=0
split_feature=0 19 0 7 20 7
split_gain=17.3583 16.9951 30.383 46.2671 21.1331 92.9619
threshold=1.2607249096886839 282.70884993495787 1.0190170208730074 467.50860000000006 26.700000000000021 1697.5800000000002
decision_type=2 8 2 2 8 2
left_child=1 2 3 -1 5 -3
right_child=-2 4 -4 -5 -6 -7
leaf_value=-0.0025379044931075536 0.002815622167322332 0.000511533234543852 -0.0068986273980276153 0.0069023757317596916 -0.00018720928366619806 0.012459779003976098
leaf_weight=221 204 799 89 57 5377 61
leaf_count=221 204 799 89 57 5377 61
internal_value=1.25785e-05 -7.81347e-05 -0.00213995 -0.00042985 4.64188e-05 0.0014925
internal_weight=6808 6604 367 278 6237 860
internal_count=6808 6604 367 278 6237 860
is_linear=0
shrinkage=0.01


Tree=649
num_leaves=7
num_cat=0
split_feature=6 9 20 2 3 9
split_gain=17.087 58.2535 38.0941 26.6133 34.3889 30.4998
threshold=1.0000000180025095e-35 0.0087051601596763954 35.300000000000018 0.33357726690579381 0.0049240086853472751 0.0044076049908828565
decision_type=2 2 10 2 2 2
left_child=3 2 -2 -1 -5 -6
right_child=1 -3 -4 4 5 -7
leaf_value=0.0020179479343983356 -0.0031233884710956507 0.0077312040669577468 0.00082672161852940314 -0.0033883666658030909 -1.3622275033517512e-05 0.0035687747280822098
leaf_weight=719 665 60 377 277 4469 241
leaf_count=719 665 60 377 277 4469 241
internal_value=1.26444e-05 -0.00112155 -0.00169995 0.00023327 -2.75591e-05 0.000176853
internal_weight=6808 1102 1042 5706 4987 4710
internal_count=6808 1102 1042 5706 4987 4710
is_linear=0
shrinkage=0.01


Tree=650
num_leaves=7
num_cat=0
split_feature=13 13 0 2 13 13
split_gain=17.3243 23.3852 19.6641 20.8614 33.0146 35.8534
threshold=69.856460594021755 82.6537966553622 1.2607249096886839 0.51723416522362686 41.858766462703876 55.669639344324075
decision_type=2 2 2 2 2 2
left_child=2 -2 3 -1 -5 -6
right_child=1 -3 -4 4 5 -7
leaf_value=0.00075162100602442342 -0.004586733735066518 0.0016869946495099094 0.0031235560913392829 -0.00065070479568447176 0.0068386136308785477 -0.0011065237195372001
leaf_weight=2382 167 83 200 3761 116 99
leaf_count=2382 167 83 200 3761 116 99
internal_value=1.26297e-05 -0.00251908 0.00011283 1.33674e-05 -0.000429692 0.00329357
internal_weight=6808 250 6558 6358 3976 215
internal_count=6808 250 6558 6358 3976 215
is_linear=0
shrinkage=0.01


Tree=651
num_leaves=7
num_cat=0
split_feature=20 19 17 0 2 17
split_gain=16.9431 35.5693 27.5528 26.5833 26.3818 35.7922
threshold=16.900000000000038 281.52391960173838 152.12000000000066 0.99931452156576783 0.28369280561307603 255.01833333333292
decision_type=8 8 8 2 2 8
left_child=-1 3 -3 -2 5 -4
right_child=1 2 4 -5 -6 -7
leaf_value=0.0049427923839370572 -0.001248857920104063 0.0067896873131394388 0.0074868193268547677 -0.0083358980277005376 -0.00015638624374437703 0.00089308005798477354
leaf_weight=59 152 51 92 75 5933 446
leaf_count=59 152 51 92 75 5933 446
internal_value=1.25922e-05 -3.77569e-05 0.000100378 -0.00384332 3.72622e-05 0.00213668
internal_weight=6808 6749 6522 227 6471 538
internal_count=6808 6749 6522 227 6471 538
is_linear=0
shrinkage=0.01


Tree=652
num_leaves=7
num_cat=0
split_feature=11 2 18 0 0 16
split_gain=17.0641 17.9748 27.9795 33.0717 15.557 14.2842
threshold=0.047623304218267402 0.23918578090085316 0.02720518698372006 0.90330067459678653 1.2607249096886839 321.9500000000001
decision_type=2 2 2 2 2 8
left_child=1 2 3 -1 -3 -4
right_child=-2 4 5 -5 -6 -7
leaf_value=-0.00054294592440994678 -0.0024511614682118372 -0.00010466824440667362 -0.0032355220867230478 0.0076590792006021712 0.0026515820610143663 0.0028914010500321625
leaf_weight=76 260 6003 93 123 202 51
leaf_count=76 260 6003 93 123 202 51
internal_value=1.26184e-05 0.000114036 0.00230901 0.00465055 -1.08181e-05 -0.00101872
internal_weight=6808 6548 343 199 6205 144
internal_count=6808 6548 343 199 6205 144
is_linear=0
shrinkage=0.01


Tree=653
num_leaves=7
num_cat=0
split_feature=7 8 7 19 16 16
split_gain=17.0177 35.0743 31.1337 28.1798 73.0834 40.5606
threshold=24.653250000000003 2311.0000000000005 38.722500000000004 290.46500000000009 230.15000000000006 209.55000000000004
decision_type=2 2 2 8 10 8
left_child=-1 2 -2 4 5 -4
right_child=1 -3 3 -5 -6 -7
leaf_value=-0.00067993975952402262 0.0020120477052959561 0.0063846036980026643 -0.00029667613349996413 0.00054162476291929674 -0.0035649192389405212 0.0053999952854370172
leaf_weight=2325 801 85 543 2216 686 152
leaf_count=2325 801 85 543 2216 686 152
internal_value=1.2593e-05 0.000372472 0.000242056 -0.000156582 -0.00127279 0.00100814
internal_weight=6808 4483 4398 3597 1381 695
internal_count=6808 4483 4398 3597 1381 695
is_linear=0
shrinkage=0.01


Tree=654
num_leaves=7
num_cat=0
split_feature=6 20 0 3 20 4
split_gain=16.8905 32.6111 39.0431 23.5777 22.4304 22.2414
threshold=1.0000000180025095e-35 35.700000000000024 0.85716354175959775 0.079021723885935077 36.700000000000024 -0.089578785126016691
decision_type=2 8 2 2 8 2
left_child=3 2 -2 -1 -3 -5
right_child=1 4 -4 5 -6 -7
leaf_value=-0.0010648556734012158 7.3848855029038499e-05 0.0047834507321380081 -0.0044793448891874603 9.699917154779191e-06 -0.00041452375190928871 0.0014456335191114164
leaf_weight=1117 361 115 383 2871 243 1718
leaf_count=1117 361 115 383 2871 243 1718
internal_value=1.26107e-05 -0.00111504 -0.00229839 0.000231964 0.00133983 0.00054925
internal_weight=6808 1102 744 5706 358 4589
internal_count=6808 1102 744 5706 358 4589
is_linear=0
shrinkage=0.01


Tree=655
num_leaves=7
num_cat=0
split_feature=13 13 0 13 5 1
split_gain=16.9017 23.0936 19.0795 19.8504 16.6855 16.6871
threshold=69.856460594021755 72.355702287527365 1.2607249096886839 11.795512369064053 1.6723283689422437 1.9354232683474917
decision_type=2 2 2 2 2 2
left_child=2 -2 4 -4 5 -1
right_child=1 -3 3 -5 -6 -7
leaf_value=6.5057508959162437e-05 -0.0078214311134070166 -0.00077880312787153975 0.0010563669932889751 0.0079528684473286065 0.0036915135011076927 -0.0022289841495899123
leaf_weight=5922 52 198 150 50 111 325
leaf_count=5922 52 198 150 50 111 325
internal_value=1.24898e-05 -0.00248815 0.000111461 0.0030771 1.34869e-05 -5.76616e-05
internal_weight=6808 250 6558 200 6358 6247
internal_count=6808 250 6558 200 6358 6247
is_linear=0
shrinkage=0.01


Tree=656
num_leaves=7
num_cat=0
split_feature=15 15 7 15 10 15
split_gain=16.9034 33.8584 20.9073 31.923 27.8898 41.8176
threshold=10.619077735791935 12.644415890330858 24.653250000000003 0.0078100318412184519 0.019955804785169399 0.8625053431893106
decision_type=2 2 2 2 2 2
left_child=2 -2 -1 -4 5 -5
right_child=1 -3 3 4 -6 -7
leaf_value=-0.00067091984368682284 -0.0043329086257058976 0.0034474795817736954 -0.0033531068069997971 0.0011900502900956877 0.00043943303260502603 0.0084779023094610738
leaf_weight=2219 207 67 193 292 3730 100
leaf_count=2219 207 67 193 292 3730 100
internal_value=1.23933e-05 -0.002376 0.000116027 0.000521333 0.000710417 0.00321384
internal_weight=6808 274 6534 4315 4122 392
internal_count=6808 274 6534 4315 4122 392
is_linear=0
shrinkage=0.01


Tree=657
num_leaves=7
num_cat=0
split_feature=11 13 8 5 8 8
split_gain=16.7101 16.5529 29.9565 20.1375 40.0777 113.506
threshold=0.047623304218267402 69.856460594021755 2753.5000000000005 1.074955406553278 1447.0000000000002 1127.0000000000002
decision_type=2 2 2 2 2 2
left_child=1 3 -3 -1 5 -5
right_child=-2 2 -4 4 -6 -7
leaf_value=-5.8923960785899182e-05 -0.0024257480365707093 -0.0044522588156045428 0.003014412243644913 0.00043566540540119667 0.00023086087970981508 0.013053250604544233
leaf_weight=5119 260 179 67 234 856 93
leaf_count=5119 260 179 67 234 856 93
internal_value=1.23456e-05 0.000112706 -0.00238034 0.000213639 0.00138367 0.00430501
internal_weight=6808 6548 246 6302 1183 327
internal_count=6808 6548 246 6302 1183 327
is_linear=0
shrinkage=0.01


Tree=658
num_leaves=7
num_cat=0
split_feature=6 9 20 0 3 9
split_gain=16.7925 57.0145 36.8423 30.5723 22.9649 44.855
threshold=1.0000000180025095e-35 0.0087051601596763954 35.300000000000018 0.85716354175959775 0.079021723885935077 0.0044076049908828565
decision_type=2 2 10 2 2 2
left_child=4 2 3 -2 -1 -6
right_child=1 -3 -4 -5 5 -7
leaf_value=-0.0010487805049930069 -0.00076180424048096775 0.0076461561896971298 0.00080085798703345842 -0.0050590015050426601 0.0003614137112221763 0.0059050293309947125
leaf_weight=1117 312 60 377 353 4448 141
leaf_count=1117 312 60 377 353 4448 141
internal_value=1.23659e-05 -0.00111201 -0.00168421 -0.00308403 0.000231082 0.000544214
internal_weight=6808 1102 1042 665 5706 4589
internal_count=6808 1102 1042 665 5706 4589
is_linear=0
shrinkage=0.01


Tree=659
num_leaves=7
num_cat=0
split_feature=6 17 7 0 14 14
split_gain=16.4547 26.8249 73.9075 92.5195 57.0558 35.4023
threshold=1.0000000180025095e-35 275.02833333333342 1697.5800000000002 1.0526664850764222 0.090469444658597367 2.415901222075028
decision_type=2 10 2 2 2 2
left_child=1 2 -1 -4 -3 -6
right_child=-2 4 3 -5 5 -7
leaf_value=-0.0010080537879102079 -0.0011006541094485595 -0.0022784643867319585 0.011311973589430521 -0.0031868017880947556 0.0019181377023422717 -0.001131143254761275
leaf_weight=2350 1102 488 101 67 2249 451
leaf_count=2350 1102 488 101 67 2249 451
internal_value=1.23573e-05 0.000228863 -0.000541441 0.00567554 0.000837067 0.0014065
internal_weight=6808 5706 2518 168 3188 2700
internal_count=6808 5706 2518 168 3188 2700
is_linear=0
shrinkage=0.01


Tree=660
num_leaves=7
num_cat=0
split_feature=11 18 21 11 14 8
split_gain=16.343 16.7703 36.4872 35.1907 42.3957 48.506
threshold=0.047623304218267402 0.0092476956614456745 26.925000000000047 0.019029298680714544 0.11665875592132696 1535.5000000000002
decision_type=2 2 8 2 2 2
left_child=1 2 -1 4 5 -3
right_child=-2 3 -4 -5 -6 -7
leaf_value=-0.00019459336130039646 -0.0023988607449595026 0.014265129827554264 -0.0062122332648589067 0.00015616811876580973 0.0013443871470332212 0.0017392698226061155
leaf_weight=3266 260 53 94 2657 411 67
leaf_count=3266 260 53 94 2657 411 67
internal_value=1.23001e-05 0.000111551 -0.000380878 0.000630117 0.00295492 0.00794328
internal_weight=6808 6548 3360 3188 531 120
internal_count=6808 6548 3360 3188 531 120
is_linear=0
shrinkage=0.01


Tree=661
num_leaves=7
num_cat=0
split_feature=15 15 6 20 10 1
split_gain=16.646 33.1508 18.5423 30.1353 31.7807 24.0143
threshold=10.619077735791935 12.644415890330858 1.0000000180025095e-35 35.700000000000024 0.018754143899312303 0.9540724724700852
decision_type=2 2 2 8 2 2
left_child=2 -2 5 4 -4 -1
right_child=1 -3 3 -5 -6 -7
leaf_value=-0.0011801598341764088 -0.0042940443433168848 0.0034049720174403157 0.0046663549613384977 0.0013639636008178247 -0.0028099677606326285 0.00063665181874451296
leaf_weight=854 207 67 53 337 679 4611
leaf_count=854 207 67 53 337 679 4611
internal_value=1.23047e-05 -0.00235783 0.000115146 -0.00108322 -0.00221306 0.000351107
internal_weight=6808 274 6534 1069 732 5465
internal_count=6808 274 6534 1069 732 5465
is_linear=0
shrinkage=0.01


Tree=662
num_leaves=7
num_cat=0
split_feature=15 15 11 14 0 14
split_gain=16.3194 32.5465 19.3429 18.8989 27.0128 20.1518
threshold=10.619077735791935 12.644415890330858 0.047623304218267402 0.99808018419407829 1.0886072067415673 0.7062270558660152
decision_type=2 2 2 2 2 2
left_child=2 -2 3 5 -5 -1
right_child=1 -3 -4 4 -6 -7
leaf_value=0.00025785120459362424 -0.0042530827444987717 0.0033753443522644895 -0.0025327487554541741 -0.00032075559771011219 -0.005314752352664826 0.0020066021820803188
leaf_weight=3718 207 67 255 1663 106 792
leaf_count=3718 207 67 255 1663 106 792
internal_value=1.22078e-05 -0.00233457 0.000114036 0.000225382 -0.000648193 0.000568709
internal_weight=6808 274 6534 6279 1769 4510
internal_count=6808 274 6534 6279 1769 4510
is_linear=0
shrinkage=0.01


Tree=663
num_leaves=7
num_cat=0
split_feature=0 22 2 1 22 0
split_gain=16.2377 20.514 15.7115 18.6827 15.5217 15.6741
threshold=1.2607249096886839 -0.99999999999997147 0.25016427365162591 1.043497136715003 -5.099999999999965 0.90459110114865793
decision_type=2 10 2 2 10 2
left_child=2 -2 3 -1 -5 -6
right_child=1 -3 -4 4 5 -7
leaf_value=-0.0011338954309112585 -0.00088868866750628375 0.0053160449849175553 -0.0002036389068752578 -0.0011928353376467438 0.00041860114084556698 0.0061608923126433828
leaf_weight=141 88 116 6186 58 70 149
leaf_count=141 88 116 6186 58 70 149
internal_value=1.19863e-05 0.00272304 -7.57496e-05 0.00177743 0.00324724 0.00442389
internal_weight=6808 204 6604 418 277 219
internal_count=6808 204 6604 418 277 219
is_linear=0
shrinkage=0.01


Tree=664
num_leaves=7
num_cat=0
split_feature=13 8 2 11 11 1
split_gain=16.2578 31.0371 18.1959 44.3268 25.3359 40.1642
threshold=69.856460594021755 2743.5000000000005 0.66563807121760854 0.011130594959556159 0.012870484876866999 1.57220418330556
decision_type=2 2 2 2 2 2
left_child=2 -2 3 -1 -5 -6
right_child=1 -3 -4 4 5 -7
leaf_value=0.0050984624350443484 -0.004932925196413254 0.0021828419162074524 -0.00059217675349511182 -0.0030675590346718948 7.8107649290658961e-05 0.0032118270444871596
leaf_weight=190 162 88 2359 205 3348 456
leaf_count=190 162 88 2359 205 3348 456
internal_value=1.19907e-05 -0.00244056 0.000109059 0.000503484 0.000273568 0.000461195
internal_weight=6808 250 6558 4199 4009 3804
internal_count=6808 250 6558 4199 4009 3804
is_linear=0
shrinkage=0.01


Tree=665
num_leaves=7
num_cat=0
split_feature=20 19 1 20 7 14
split_gain=16.4496 34.7464 24.3705 18.8158 84.1731 38.6214
threshold=16.900000000000038 282.70884993495787 1.2400236072581865 26.900000000000038 1697.5800000000002 0.090469444658597367
decision_type=8 8 2 8 2 2
left_child=-1 2 -2 4 -3 -5
right_child=1 3 -4 5 -6 -7
leaf_value=0.0048697773795035003 -0.00037787488324232817 0.00058682982952661111 -0.0057194292933106594 -0.0023457420763512726 0.012068528960580412 0.00021628655954688582
leaf_weight=59 168 874 167 660 59 4821
leaf_count=59 168 874 167 660 59 4821
internal_value=1.18998e-05 -3.77099e-05 -0.00312928 0.000128381 0.00143318 -9.59328e-05
internal_weight=6808 6749 335 6414 933 5481
internal_count=6808 6749 335 6414 933 5481
is_linear=0
shrinkage=0.01


Tree=666
num_leaves=7
num_cat=0
split_feature=19 16 16 1 16 15
split_gain=16.4008 51.0315 26.4012 20.7674 29.3284 29.2585
threshold=285.20473384946007 289.05000000000007 158.10000000000005 1.270993105036248 261.15000000000003 0.96716057709993353
decision_type=8 10 10 2 10 2
left_child=1 2 -1 4 -2 -5
right_child=3 -3 -4 5 -6 -7
leaf_value=-0.0026623463719430075 -0.0016515809592105228 -0.0061106969682499773 0.0016559939414673144 0.0017482078754921596 0.00031440489169697213 -0.00038960686881027743
leaf_weight=216 1114 165 369 1521 2328 1095
leaf_count=216 1114 165 369 1521 2328 1095
internal_value=1.19172e-05 -0.00137295 4.35822e-05 0.000185348 -0.000324826 0.00085529
internal_weight=6808 750 585 6058 3442 2616
internal_count=6808 750 585 6058 3442 2616
is_linear=0
shrinkage=0.01


Tree=667
num_leaves=7
num_cat=0
split_feature=20 17 14 16 14 14
split_gain=16.2122 17.9242 36.114 31.6725 29.0193 38.0464
threshold=16.900000000000038 284.85666666666657 0.090469444658597367 336.35000000000008 0.54361967088576424 0.36777768711545572
decision_type=8 10 2 10 2 2
left_child=-1 4 3 -3 5 -2
right_child=1 2 -4 -5 -6 -7
leaf_value=0.0048343815489847591 -0.00040581161704166891 -0.003083011413597726 0.00092457748932203059 0.0033940280453171783 -0.0013965242536619078 0.0032366997482663491
leaf_weight=59 1222 418 2824 83 1838 364
leaf_count=59 1222 418 2824 83 1838 364
internal_value=1.1694e-05 -3.75563e-05 0.000484668 -0.00196455 -0.000544616 0.000445217
internal_weight=6808 6749 3325 501 3424 1586
internal_count=6808 6749 3325 501 3424 1586
is_linear=0
shrinkage=0.01


Tree=668
num_leaves=7
num_cat=0
split_feature=6 20 16 4 2 3
split_gain=15.9668 30.8545 32.1945 38.6147 25.4451 32.0891
threshold=1.0000000180025095e-35 35.700000000000024 250.05000000000004 0.065942028985507287 0.34881938647140437 0.079021723885935077
decision_type=2 8 10 2 2 2
left_child=4 2 3 -2 -1 -6
right_child=1 -3 -4 -5 5 -7
leaf_value=0.0018776932000281398 -0.0021147038687744902 0.001303143198253921 -0.0037138338540732029 0.0057695596279870517 -0.0021054896849566603 0.0002712456119587051
leaf_weight=791 170 358 489 85 645 4270
leaf_count=791 170 358 489 85 645 4270
internal_value=1.16871e-05 -0.0010847 -0.00223573 0.00063193 0.000224959 -4.42974e-05
internal_weight=6808 1102 744 255 5706 4915
internal_count=6808 1102 744 255 5706 4915
is_linear=0
shrinkage=0.01


Tree=669
num_leaves=7
num_cat=0
split_feature=7 14 21 22 7 17
split_gain=15.9462 32.5401 78.8305 69.5896 45.1576 43.1788
threshold=24.653250000000003 0.54361967088576424 17.926666666666687 3.3000000000000118 1697.5800000000002 282.99666666666729
decision_type=2 2 8 8 2 8
left_child=-1 2 4 -4 -2 -5
right_child=1 -3 3 5 -6 -7
leaf_value=-0.000658784898058115 0.0023185150397403397 -0.0003254076452379689 -0.0079580330575505891 0.0033782355292276901 0.0081705865564738744 -0.0017219633911750201
leaf_weight=2325 826 2722 110 265 151 409
leaf_count=2325 826 2722 110 265 151 409
internal_value=1.15891e-05 0.000359955 0.00141518 -0.000941375 0.0032966 0.00030338
internal_weight=6808 4483 1761 784 977 674
internal_count=6808 4483 1761 784 977 674
is_linear=0
shrinkage=0.01


Tree=670
num_leaves=7
num_cat=0
split_feature=19 7 17 0 20 7
split_gain=16.303 54.492 25.4246 23.4211 22.3238 61.0415
threshold=285.20473384946007 1697.5800000000002 246.04000000000005 1.2607249096886839 26.500000000000032 43.570350000000005
decision_type=8 2 10 2 8 2
left_child=1 2 -1 4 5 -2
right_child=3 -3 -4 -5 -6 -7
leaf_value=-0.0011737742895201087 -0.00016511135268138519 0.0055860356670437436 -0.0056110681471929959 0.0039121117380095599 -0.00012431940587177576 0.0068400107646666179
leaf_weight=492 417 89 169 154 5320 167
leaf_count=492 417 89 169 154 5320 167
internal_value=1.15202e-05 -0.00136921 -0.00237499 0.000184434 8.07502e-05 0.00191949
internal_weight=6808 750 661 6058 5904 584
internal_count=6808 750 661 6058 5904 584
is_linear=0
shrinkage=0.01


Tree=671
num_leaves=7
num_cat=0
split_feature=15 15 11 14 13 15
split_gain=15.8625 31.9581 18.7177 17.9567 24.3235 59.1628
threshold=10.619077735791935 12.644415890330858 0.047623304218267402 0.99808018419407829 55.669639344324075 1.0000000180025095e-35
decision_type=2 2 2 2 2 2
left_child=2 -2 3 4 5 -1
right_child=1 -3 -4 -5 -6 -7
leaf_value=0.010525955441257647 -0.0042034703978951074 0.0033551072672178802 -0.0024917226079324228 -0.00063005851397024892 -0.0013973773522156991 0.00067473156824433291
leaf_weight=52 207 67 255 1769 550 3908
leaf_count=52 207 67 255 1769 550 3908
internal_value=1.15409e-05 -0.00230215 0.000111934 0.000221466 0.000556123 0.000830279
internal_weight=6808 274 6534 6279 4510 3960
internal_count=6808 274 6534 6279 4510 3960
is_linear=0
shrinkage=0.01


Tree=672
num_leaves=7
num_cat=0
split_feature=19 16 14 16 21 19
split_gain=15.9864 49.1763 37.1977 33.2876 27.4002 39.9653
threshold=285.20473384946007 289.05000000000007 0.099644470158808562 125.90000000000002 16.100833333333352 290.25629892673493
decision_type=8 10 2 10 8 10
left_child=1 2 3 -1 -2 -6
right_child=4 -3 -4 -5 5 -7
leaf_value=-0.00072075443109497427 0.0010796680560785387 -0.0060065733734252207 -0.0012054423909164842 0.0097066766357243959 -0.003162240419549558 4.0737093748739904e-05
leaf_weight=54 2172 165 474 57 429 3457
leaf_count=54 2172 165 474 57 429 3457
internal_value=1.1511e-05 -0.00135574 3.49327e-05 0.00499355 0.000182737 -0.000320069
internal_weight=6808 750 585 111 6058 3886
internal_count=6808 750 585 111 6058 3886
is_linear=0
shrinkage=0.01


Tree=673
num_leaves=7
num_cat=0
split_feature=6 17 14 14 17 14
split_gain=15.7611 26.1836 54.2097 47.448 54.9473 33.6299
threshold=1.0000000180025095e-35 275.02833333333342 0.090469444658597367 0.090469444658597367 213.16166666666678 2.415901222075028
decision_type=2 10 2 2 10 2
left_child=1 3 -3 4 -1 -4
right_child=-2 2 5 -5 -6 -7
leaf_value=0.0076757261490488383 -0.001077905597482163 -0.0022127170898403642 0.001877861529653993 -0.0010569880389638808 -0.0006072328509220844 -0.001094209766611376
leaf_weight=133 1102 488 2249 2206 179 451
leaf_count=133 1102 488 2249 2206 179 451
internal_value=1.1392e-05 0.000223286 0.000824179 -0.000537747 0.00305237 0.00137921
internal_weight=6808 5706 3188 2518 312 2700
internal_count=6808 5706 3188 2518 312 2700
is_linear=0
shrinkage=0.01


Tree=674
num_leaves=7
num_cat=0
split_feature=20 19 1 17 1 9
split_gain=15.7195 33.4258 25.6364 25.2389 15.807 21.6834
threshold=16.900000000000038 281.52391960173838 1.2400236072581865 152.12000000000066 0.88538587848932682 0.0094679936677383916
decision_type=8 8 2 8 2 2
left_child=-1 2 -2 -3 -5 -6
right_child=1 3 -4 4 5 -7
leaf_value=0.0047601793993912308 -0.00049120777014953401 0.0064990183515626875 -0.007115552095129438 -0.0013763265666607459 0.00010858907951376143 0.0039612070240080356
leaf_weight=59 122 51 105 696 5635 140
leaf_count=59 122 51 105 696 5635 140
internal_value=1.13295e-05 -3.71664e-05 -0.00372628 9.67422e-05 3.63339e-05 0.000208672
internal_weight=6808 6749 227 6522 6471 5775
internal_count=6808 6749 227 6522 6471 5775
is_linear=0
shrinkage=0.01


Tree=675
num_leaves=7
num_cat=0
split_feature=0 10 19 0 7 7
split_gain=15.7081 21.1156 15.4731 29.2938 43.4137 16.2481
threshold=1.2607249096886839 0.023116111152882968 282.70884993495787 1.0190170208730074 467.50860000000006 15.902550000000003
decision_type=2 2 8 2 2 2
left_child=2 -2 3 4 -1 -4
right_child=1 -3 5 -5 -6 -7
leaf_value=-0.0024089532766102622 0.0072339966015863245 0.00047677935747009133 -0.00076058996783599146 -0.0067145428008804423 0.0067351826326226558 0.00036662663327671991
leaf_weight=221 59 145 1782 89 57 4455
leaf_count=221 59 145 1782 89 57 4455
internal_value=1.13093e-05 0.00267779 -7.49834e-05 -0.00204231 -0.000365316 4.38628e-05
internal_weight=6808 204 6604 367 278 6237
internal_count=6808 204 6604 367 278 6237
is_linear=0
shrinkage=0.01


Tree=676
num_leaves=7
num_cat=0
split_feature=6 9 0 2 1 2
split_gain=15.4858 55.7126 32.1917 24.7811 26.5923 63.5753
threshold=1.0000000180025095e-35 0.0087051601596763954 0.93536255026374848 0.34881938647140437 1.7452943036619037 0.6628741947479585
decision_type=2 2 2 2 2 2
left_child=3 2 -2 -1 -5 -6
right_child=1 -3 -4 4 5 -7
leaf_value=0.0018523305580258303 -0.00053986021190529309 0.0075883308287177766 -0.0044511038787128981 -0.00032794339447303673 0.0052163367595407188 -0.0010696803419147631
leaf_weight=791 759 60 283 4284 290 341
leaf_count=791 759 60 283 4284 290 341
internal_value=1.12684e-05 -0.00106847 -0.00163434 0.000221304 -4.44154e-05 0.00185561
internal_weight=6808 1102 1042 5706 4915 631
internal_count=6808 1102 1042 5706 4915 631
is_linear=0
shrinkage=0.01


Tree=677
num_leaves=7
num_cat=0
split_feature=13 13 13 13 17 1
split_gain=15.6646 22.5971 17.0378 43.7897 36.9342 39.1144
threshold=69.856460594021755 72.355702287527365 41.858766462703876 55.669639344324075 239.84499999999966 1.514502487004753
decision_type=2 2 2 2 10 2
left_child=2 -2 -1 4 -4 -6
right_child=1 -3 3 -5 5 -7
leaf_value=-5.7198160719798754e-05 -0.0076706279899113839 -0.0007086999727807079 -0.0025831565932660804 -0.00067818300718830535 0.0016207562908530234 0.010234964696114989
leaf_weight=5952 52 198 51 342 100 113
leaf_count=5952 52 198 51 342 100 113
internal_value=1.1277e-05 -0.00239611 0.000106558 0.00168976 0.00467011 0.00644477
internal_weight=6808 250 6558 606 264 213
internal_count=6808 250 6558 606 264 213
is_linear=0
shrinkage=0.01


Tree=678
num_leaves=7
num_cat=0
split_feature=7 10 19 16 21 16
split_gain=15.4004 30.6804 29.3098 44.9746 33.2752 47.6431
threshold=24.653250000000003 0.015215726706557865 290.46500000000009 320.9500000000001 12.962500000000018 158.10000000000005
decision_type=2 2 8 10 10 8
left_child=-1 -2 3 4 5 -3
right_child=1 2 -4 -5 -6 -7
leaf_value=-0.00064763574856415698 0.0051410867968001038 -0.0027612200938954938 0.00084442216086909859 -0.0042827926993273605 -0.0016999559642650725 0.0029954760733853759
leaf_weight=2325 120 189 2726 299 633 516
leaf_count=2325 120 189 2726 299 633 516
internal_value=1.11666e-05 0.00035352 0.000210387 -0.000844151 -4.96544e-05 0.00143516
internal_weight=6808 4483 4363 1637 1338 705
internal_count=6808 4483 4363 1637 1338 705
is_linear=0
shrinkage=0.01


Tree=679
num_leaves=7
num_cat=0
split_feature=15 15 6 19 21 22
split_gain=15.5345 31.4389 17.4595 28.8596 65.9432 39.0605
threshold=10.619077735791935 12.644415890330858 1.0000000180025095e-35 291.06320411624642 17.628333333333362 -0.49999999999997152
decision_type=2 2 2 8 10 8
left_child=2 -2 3 4 -1 -5
right_child=1 -3 -4 5 -6 -7
leaf_value=0.00020926562163740305 -0.0041645056472459276 0.003332174664798689 -0.0010524477191317732 0.0037272088435787547 -0.0044430766090316253 0.00051564286369203116
leaf_weight=2040 207 67 1069 433 348 2644
leaf_count=2040 207 67 1069 433 348 2644
internal_value=1.10489e-05 -0.00227859 0.000110399 0.000339369 -0.000484415 0.000978189
internal_weight=6808 274 6534 5465 2388 3077
internal_count=6808 274 6534 5465 2388 3077
is_linear=0
shrinkage=0.01


Tree=680
num_leaves=7
num_cat=0
split_feature=20 8 8 20 10 8
split_gain=15.4996 18.2974 19.3073 80.38 36.1014 28.2554
threshold=16.900000000000038 766.50000000000011 924.00000000000011 32.400000000000041 0.029067438789956265 1025.0000000000002
decision_type=8 2 2 10 2 2
left_child=-1 -2 3 -3 -5 -4
right_child=1 2 5 4 -6 -7
leaf_value=0.0047264223642971203 -0.0048216507517249334 -0.0034254397919738855 -0.002564866554176785 0.011815563452740509 0.001921188708594335 8.5905889442767293e-05
leaf_weight=59 69 117 421 74 74 5994
leaf_count=59 69 117 421 74 74 5994
internal_value=1.09109e-05 -3.72441e-05 1.93091e-05 0.00261402 0.00730308 -9.17788e-05
internal_weight=6808 6749 6680 265 148 6415
internal_count=6808 6749 6680 265 148 6415
is_linear=0
shrinkage=0.01


Tree=681
num_leaves=7
num_cat=0
split_feature=13 10 14 8 10 10
split_gain=15.3391 32.3615 54.2963 30.5276 16.0009 18.5506
threshold=69.856460594021755 0.016004421638187955 0.83968523858124133 2753.5000000000005 0.017149914869693909 0.020229433464281226
decision_type=2 2 2 2 2 2
left_child=1 2 -1 -2 -3 -6
right_child=3 4 -4 -5 5 -7
leaf_value=0.010364283131389523 -0.0044456204050584347 -0.0048028276520578755 -0.00057313025593422014 0.0030386251215942395 0.0025367685906510329 -7.8174160703918462e-05
leaf_weight=71 182 59 101 68 274 6053
leaf_count=71 182 59 101 68 274 6053
internal_value=1.09153e-05 0.000105202 0.00426313 -0.00237133 -1.32775e-05 3.88942e-05
internal_weight=6808 6558 172 250 6386 6327
internal_count=6808 6558 172 250 6386 6327
is_linear=0
shrinkage=0.01


Tree=682
num_leaves=7
num_cat=0
split_feature=19 16 22 3 16 17
split_gain=15.4443 48.008 32.3455 31.1176 23.1079 16.7102
threshold=285.20473384946007 289.05000000000007 -8.9999999999999698 0.10827637760582674 119.55000000000003 208.63000000000019
decision_type=8 10 8 2 10 8
left_child=1 3 -2 -1 -5 -4
right_child=2 -3 5 4 -6 -7
leaf_value=0.0051987198918905797 0.007088996528355933 -0.005928235575746346 0.0024227603650415095 -0.0048987138015420539 0.00019465938555679067 -1.787133415228724e-05
leaf_weight=88 57 165 285 105 392 5716
leaf_count=88 57 165 285 105 392 5716
internal_value=1.08947e-05 -0.00133298 0.000179193 4.09673e-05 -0.000956803 0.000101877
internal_weight=6808 750 6058 585 497 6001
internal_count=6808 750 6058 585 497 6001
is_linear=0
shrinkage=0.01


Tree=683
num_leaves=7
num_cat=0
split_feature=19 7 10 16 21 19
split_gain=15.225 94.3898 50.3881 45.3285 34.8298 31.7682
threshold=287.69072456453404 1697.5800000000002 0.028168050531988353 320.9500000000001 16.100833333333352 290.25629892673493
decision_type=8 2 2 10 8 10
left_child=1 3 -3 -1 -2 -6
right_child=4 2 -4 -5 5 -7
leaf_value=-0.00086094210338310065 0.0014824663949589817 0.013035793372562955 -9.0097926557064053e-05 -0.0059118993503994542 -0.0029668685215734998 3.6874121463367216e-05
leaf_weight=1053 1601 60 50 205 382 3457
leaf_count=1053 1601 60 50 205 382 3457
internal_value=1.08453e-05 -0.000928258 0.00755916 -0.00172416 0.000248272 -0.000268945
internal_weight=6808 1368 110 1258 5440 3839
internal_count=6808 1368 110 1258 5440 3839
is_linear=0
shrinkage=0.01


Tree=684
num_leaves=7
num_cat=0
split_feature=13 8 2 18 13 8
split_gain=15 30.1181 17.5357 25.4662 22.0045 74.7916
threshold=69.856460594021755 2743.5000000000005 0.29809015747477707 0.028131440974973342 41.858766462703876 1440.5000000000002
decision_type=2 2 2 2 2 2
left_child=2 -2 3 -1 -4 -6
right_child=1 -3 4 -5 5 -7
leaf_value=0.0029656416767760113 -0.004801220779204308 0.002205313439766059 -0.00024990047284045679 -0.0014676472371746158 0.0071587354633329296 -0.00083354438995937097
leaf_weight=439 162 88 5439 175 168 337
leaf_count=439 162 88 5439 175 168 337
internal_value=1.08062e-05 -0.00234496 0.000104045 0.00169881 -6.32672e-05 0.00191265
internal_weight=6808 250 6558 614 5944 505
internal_count=6808 250 6558 614 5944 505
is_linear=0
shrinkage=0.01


Tree=685
num_leaves=7
num_cat=0
split_feature=20 19 1 1 9 19
split_gain=15.1714 32.045 24.7996 14.606 20.3515 50.4978
threshold=16.900000000000038 281.52391960173838 1.2400236072581865 0.88538587848932682 0.0094679936677383916 292.87819922770478
decision_type=8 8 2 2 2 10
left_child=-1 2 -2 -3 -5 -6
right_child=1 3 -4 4 5 -7
leaf_value=0.0046760930207328522 -0.00046845117936644589 -0.0012601659447667977 -0.0069823786833364031 0.00016269663916477183 0.0097159092808763187 -0.0016993942075573345
leaf_weight=59 122 700 105 5682 65 75
leaf_count=59 122 700 105 5682 65 75
internal_value=1.07711e-05 -3.68713e-05 -0.00364898 9.42431e-05 0.00025897 0.00389496
internal_weight=6808 6749 227 6522 5822 140
internal_count=6808 6749 227 6522 5822 140
is_linear=0
shrinkage=0.01


Tree=686
num_leaves=7
num_cat=0
split_feature=0 18 11 21 0 3
split_gain=15.5385 15.6488 37.9795 33.3373 24.073 23.2796
threshold=1.2607249096886839 0.0092476956614456745 0.019029298680714544 28.761666666666695 1.0704508661320939 0.20003437513743014
decision_type=2 2 2 8 2 2
left_child=1 3 5 -1 -4 -3
right_child=-2 2 4 -5 -6 -7
leaf_value=-0.00042436850925276089 0.0026627711677558231 0.0055267415670295673 -0.00026009794857731813 -0.0077731492642372372 0.0040068154484569594 0.0011524903838236824
leaf_weight=3207 204 194 2702 53 129 319
leaf_count=3207 204 194 2702 53 129 319
internal_value=1.07242e-05 -7.51006e-05 0.000404945 -0.000567248 -5.22486e-05 0.00288074
internal_weight=6808 6604 3344 3260 2831 513
internal_count=6808 6604 3344 3260 2831 513
is_linear=0
shrinkage=0.01


Tree=687
num_leaves=7
num_cat=0
split_feature=19 14 20 14 19 17
split_gain=14.9821 44.1678 21.5221 36.8171 57.642 47.1542
threshold=285.20473384946007 0.099644470158808562 26.500000000000032 0.090469444658597367 290.0095832340034 274.39166666666637
decision_type=8 2 8 2 10 10
left_child=1 -1 -2 4 -4 -5
right_child=2 -3 3 5 -6 -7
leaf_value=0.0040038973331906411 0.0019743194610850577 -0.0023823674440534032 -0.0092210244968533514 -0.001022071998364072 -0.00097131161506508652 0.0010332992639118328
leaf_weight=121 590 629 90 1745 575 3058
leaf_count=121 590 629 90 1745 575 3058
internal_value=1.06887e-05 -0.00131292 0.00017645 -2.07912e-05 -0.00220788 0.000285981
internal_weight=6808 750 6058 5468 665 4803
internal_count=6808 750 6058 5468 665 4803
is_linear=0
shrinkage=0.01


Tree=688
num_leaves=7
num_cat=0
split_feature=7 2 10 7 22 7
split_gain=15.2439 32.541 41.8816 48.6205 45.1856 26.0717
threshold=24.653250000000003 0.4667717636802648 0.025593909851723873 1697.5800000000002 -1.9999999999999714 38.722500000000004
decision_type=2 2 2 2 10 2
left_child=-1 2 3 4 -2 -3
right_child=1 5 -4 -5 -6 -7
leaf_value=-0.0006449598468250817 -0.0036139361686133718 0.0017303521092597314 0.00074559159283836681 0.012544651321122344 0.0062365251544053805 -0.00050492441247298276
leaf_weight=2325 67 627 740 61 112 2876
leaf_count=2325 67 627 740 61 112 2876
internal_value=1.04852e-05 0.000351095 0.00195197 0.00549301 0.00255335 -0.000101047
internal_weight=6808 4483 980 240 179 3503
internal_count=6808 4483 980 240 179 3503
is_linear=0
shrinkage=0.01


Tree=689
num_leaves=7
num_cat=0
split_feature=6 20 16 17 14 20
split_gain=15.3028 30.378 31.5535 24.8251 52.0841 45.9396
threshold=1.0000000180025095e-35 35.700000000000024 250.05000000000004 275.02833333333342 0.090469444658597367 26.600000000000026
decision_type=2 8 10 10 2 8
left_child=3 2 -2 5 -5 -1
right_child=1 -3 -4 4 -6 -7
leaf_value=0.0014786200807224066 0.00063380118190609622 0.0013063790579880055 -0.0036682404895555833 -0.0021722249753362401 0.0013485576092575702 -0.0014259566822429166
leaf_weight=782 255 358 489 488 2700 1736
leaf_count=782 255 358 489 488 2700 1736
internal_value=1.06223e-05 -0.00106272 -0.0022049 0.000219414 0.00080451 -0.000521619
internal_weight=6808 1102 744 5706 3188 2518
internal_count=6808 1102 744 5706 3188 2518
is_linear=0
shrinkage=0.01


Tree=690
num_leaves=7
num_cat=0
split_feature=15 15 7 15 12 19
split_gain=15.204 30.8713 19.1172 31.0038 41.9117 36.3053
threshold=10.619077735791935 12.644415890330858 24.653250000000003 0.015440263556651802 2.9727379293480429 290.0095832340034
decision_type=2 2 2 2 2 8
left_child=2 -2 -1 -4 5 -5
right_child=1 -3 3 4 -6 -7
leaf_value=-0.00064373210762261204 -0.0041235511063239735 0.0033049777207605829 -0.0031637784680351617 0.00012995193653239759 -0.00061417414004760751 0.0025209619167248136
leaf_weight=2219 207 67 210 1135 1535 1435
leaf_count=2219 207 67 210 1135 1535 1435
internal_value=1.04794e-05 -0.00225467 0.000108768 0.000496336 0.000690811 0.00146961
internal_weight=6808 274 6534 4315 4105 2570
internal_count=6808 274 6534 4315 4105 2570
is_linear=0
shrinkage=0.01


Tree=691
num_leaves=7
num_cat=0
split_feature=19 14 10 14 22 14
split_gain=14.7818 72.2367 55.7512 36.9623 34.926 83.0056
threshold=287.69072456453404 0.099644470158808562 0.024186181654504809 0.090469444658597367 -0.29999999999998289 0.17021881020370608
decision_type=8 2 2 2 8 2
left_child=1 2 -1 -2 5 -5
right_child=3 -3 -4 4 -6 -7
leaf_value=0.011969105244585963 -0.0018391837609402352 -0.0019309868011955951 0.0010306635582607916 0.0083948147987332918 0.00011807371340834743 0.00087898899463155283
leaf_weight=56 727 1146 166 169 3706 838
leaf_count=56 727 1146 166 169 3706 838
internal_value=1.03366e-05 -0.000914995 0.00418689 0.000244282 0.000568879 0.00221048
internal_weight=6808 1368 222 5440 4713 1007
internal_count=6808 1368 222 5440 4713 1007
is_linear=0
shrinkage=0.01


Tree=692
num_leaves=7
num_cat=0
split_feature=15 15 14 21 19 14
split_gain=14.9219 30.3387 17.3324 25.2628 49.3052 65.2387
threshold=10.619077735791935 12.644415890330858 0.99808018419407829 15.981666666666694 287.85193836341227 0.099644470158808562
decision_type=2 2 2 10 8 2
left_child=2 -2 3 4 5 -1
right_child=1 -3 -4 -5 -6 -7
leaf_value=0.0043218346471491052 -0.0040862530348731276 0.0032778324068269949 -0.00068655063348742719 -0.00023891234451167549 0.0026943459173921387 -0.0017176842973271004
leaf_weight=221 207 67 1926 2501 1103 783
leaf_count=221 207 67 1926 2501 1103 783
internal_value=1.05064e-05 -0.00223353 0.000107878 0.000440693 0.0012447 -0.000358757
internal_weight=6808 274 6534 4608 2107 1004
internal_count=6808 274 6534 4608 2107 1004
is_linear=0
shrinkage=0.01


Tree=693
num_leaves=7
num_cat=0
split_feature=0 10 9 18 11 14
split_gain=15.16 20.3471 20.7906 15.126 36.8729 30.8169
threshold=1.2607249096886839 0.023116111152882968 0.00054545454545454439 0.0092476956614456745 0.019029298680714544 0.21358941671279211
decision_type=2 2 2 2 2 2
left_child=3 -2 -3 -1 5 -5
right_child=1 2 -4 4 -6 -7
leaf_value=-0.00055817637291778906 0.0071025463906319239 0.0037629589127292015 -0.0033558016950143623 0.0058039406232447141 -5.2837472601109555e-05 0.00082035221733965983
leaf_weight=3260 59 78 67 200 2831 313
leaf_count=3260 59 78 67 200 2831 313
internal_value=1.04536e-05 0.00263 0.000469314 -7.43191e-05 0.000397642 0.0028371
internal_weight=6808 204 145 6604 3344 513
internal_count=6808 204 145 6604 3344 513
is_linear=0
shrinkage=0.01


Tree=694
num_leaves=7
num_cat=0
split_feature=11 13 10 8 13 8
split_gain=14.935 14.8713 29.6292 28.0065 20.8949 16.5516
threshold=0.047623304218267402 69.856460594021755 0.016004421638187955 2753.5000000000005 36.037860194726278 766.50000000000011
decision_type=2 2 2 2 2 2
left_child=1 2 4 -3 -1 -4
right_child=-2 3 5 -5 -6 -7
leaf_value=0.0074956209329207256 -0.0022944107898683463 -0.0042618875703207713 -0.0047875105304832476 0.0029552418019549993 0.0006382772679948671 0.00013803686962206603
leaf_weight=83 260 179 59 67 89 6071
leaf_count=83 260 179 59 67 89 6071
internal_value=1.05474e-05 0.000105429 0.0002011 -0.00225759 0.00417737 8.29094e-05
internal_weight=6808 6548 6302 246 172 6130
internal_count=6808 6548 6302 246 172 6130
is_linear=0
shrinkage=0.01


Tree=695
num_leaves=7
num_cat=0
split_feature=6 9 20 0 19 21
split_gain=15.0835 54.2317 34.7215 30.1763 25.193 63.3476
threshold=1.0000000180025095e-35 0.0087051601596763954 35.300000000000018 0.85716354175959775 291.06320411624642 17.628333333333362
decision_type=2 2 10 2 8 10
left_child=4 2 3 -2 5 -1
right_child=1 -3 -4 -5 -6 -7
leaf_value=0.00012232417860293067 -0.00066865444830864647 0.0074858198229755682 0.00079856749798712086 -0.0049341929173250957 0.0007922537250145957 -0.0043921250924723199
leaf_weight=2091 312 60 377 353 3260 355
leaf_count=2091 312 60 377 353 3260 355
internal_value=1.04402e-05 -0.00105519 -0.00161347 -0.00297247 0.00021773 -0.000548096
internal_weight=6808 1102 1042 665 5706 2446
internal_count=6808 1102 1042 665 5706 2446
is_linear=0
shrinkage=0.01


Tree=696
num_leaves=7
num_cat=0
split_feature=0 20 19 0 17 2
split_gain=14.9441 14.7407 31.9424 28.3093 22.9826 21.4328
threshold=1.2607249096886839 16.900000000000038 282.70884993495787 0.99931452156576783 208.63000000000019 0.28369280561307603
decision_type=2 8 8 2 10 2
left_child=1 -1 3 4 -3 -4
right_child=-2 2 5 -5 -6 -7
leaf_value=0.0047404368133062407 0.0026111520976524489 0.0010864272608217837 0.0019481330334497132 -0.0076411082998219162 -0.0053212765960542622 -0.0001396549137116747
leaf_weight=53 204 153 528 89 76 5705
leaf_count=53 204 153 528 89 76 5705
internal_value=1.03241e-05 -7.38428e-05 -0.000119958 -0.00316162 -0.00117382 4.00397e-05
internal_weight=6808 6604 6551 318 229 6233
internal_count=6808 6604 6551 318 229 6233
is_linear=0
shrinkage=0.01


Tree=697
num_leaves=7
num_cat=0
split_feature=6 20 10 17 14 20
split_gain=14.8041 29.4022 26.3324 23.9532 51.0197 44.8706
threshold=1.0000000180025095e-35 35.700000000000024 0.018754143899312303 275.02833333333342 0.090469444658597367 26.600000000000026
decision_type=2 8 2 10 2 8
left_child=3 2 -2 5 -5 -1
right_child=1 -3 -4 4 -6 -7
leaf_value=0.0014644485584347311 0.0040529285036609505 0.0012852143267683342 -0.0027071021190844475 -0.0021558455293404356 0.0013287450943409696 -0.0014061235350466728
leaf_weight=782 54 358 690 488 2700 1736
leaf_count=782 54 358 690 488 2700 1736
internal_value=1.01811e-05 -0.00104553 -0.00216921 0.000215542 0.000790271 -0.000512361
internal_weight=6808 1102 744 5706 3188 2518
internal_count=6808 1102 744 5706 3188 2518
is_linear=0
shrinkage=0.01


Tree=698
num_leaves=7
num_cat=0
split_feature=15 15 15 0 22 21
split_gain=14.7032 29.775 16.0842 14.4497 18.9142 22.7987
threshold=10.619077735791935 12.644415890330858 9.6445144440292427 1.2607249096886839 -0.99999999999997147 16.788333333333359
decision_type=2 2 2 2 10 10
left_child=2 -2 3 -1 -5 -6
right_child=1 -3 -4 4 5 -7
leaf_value=-5.6077663311338932e-05 -0.0040527619177707329 0.0032428364553670221 0.0034002139439870574 -0.00087874139678113317 0.0094052194572624669 0.00076461308321135266
leaf_weight=6195 207 67 135 88 52 64
leaf_count=6195 207 67 135 88 52 64
internal_value=1.01066e-05 -0.00221743 0.000106763 3.2084e-05 0.00258686 0.00507702
internal_weight=6808 274 6534 6399 204 116
internal_count=6808 274 6534 6399 204 116
is_linear=0
shrinkage=0.01


Tree=699
num_leaves=7
num_cat=0
split_feature=11 6 0 10 22 0
split_gain=14.7133 15.971 23.554 29.8765 40.8065 18.1105
threshold=0.047623304218267402 1.0000000180025095e-35 0.7845728856778581 0.019468567683450278 9.4000000000000359 1.2607249096886839
decision_type=2 2 2 2 8 2
left_child=1 5 -3 -4 -5 -1
right_child=-2 2 3 4 -6 -7
leaf_value=0.00022096930386663775 -0.0022776071107773869 0.00089785669723287142 0.0036352814977735647 -0.0037966320783853749 0.0041507535646359128 0.0035759656586830156
leaf_weight=5323 260 400 71 533 65 156
leaf_count=5323 260 400 71 533 65 156
internal_value=1.01789e-05 0.000104354 -0.00100805 -0.00214405 -0.00287872 0.000322835
internal_weight=6808 6548 1069 669 598 5479
internal_count=6808 6548 1069 669 598 5479
is_linear=0
shrinkage=0.01


Tree=700
num_leaves=7
num_cat=0
split_feature=7 8 7 3 7 15
split_gain=14.7561 32.8061 29.7013 21.9291 23.7374 20.8057
threshold=24.653250000000003 2311.0000000000005 38.722500000000004 0.0099610341039090573 2.4979500000000003 0.015440263556651802
decision_type=2 2 2 2 2 2
left_child=3 2 -2 -1 -5 -4
right_child=1 -3 5 4 -6 -7
leaf_value=-0.0029274519974113269 0.0019480054164948413 0.0061597089547860001 -0.0032801552907806898 0.0020642514332902392 -0.00074155774214699696 1.5301445677915977e-05
leaf_weight=344 801 85 193 360 1621 3404
leaf_count=344 801 85 193 360 1621 3404
internal_value=1.01711e-05 0.000345287 0.000219192 -0.0006347 -0.000223861 -0.000170123
internal_weight=6808 4483 4398 2325 1981 3597
internal_count=6808 4483 4398 2325 1981 3597
is_linear=0
shrinkage=0.01


Tree=701
num_leaves=7
num_cat=0
split_feature=20 8 8 20 0 8
split_gain=14.3893 17.7949 18.3259 77.9646 42.2653 26.5866
threshold=16.900000000000038 766.50000000000011 924.00000000000011 32.400000000000041 1.0042209115165934 1025.0000000000002
decision_type=8 2 2 10 2 2
left_child=-1 -2 3 -3 -5 -4
right_child=1 2 5 4 -6 -7
leaf_value=0.0045535960712510606 -0.0047545417289167075 -0.0033991853289643491 -0.0024876850238772165 0.0013172873588869485 0.011909455877815396 8.3618530426355506e-05
leaf_weight=59 69 117 421 72 76 5994
leaf_count=59 69 117 421 72 76 5994
internal_value=1.01169e-05 -3.62807e-05 1.94899e-05 0.0025474 0.00716602 -8.87388e-05
internal_weight=6808 6749 6680 265 148 6415
internal_count=6808 6749 6680 265 148 6415
is_linear=0
shrinkage=0.01


Tree=702
num_leaves=7
num_cat=0
split_feature=13 13 2 11 13 0
split_gain=14.6267 21.6091 16.7113 30.5818 21.2226 52.1227
threshold=69.856460594021755 72.355702287527365 0.29809015747477707 0.019640195891634762 41.858766462703876 1.0042209115165934
decision_type=2 2 2 2 2 2
left_child=2 -2 3 -1 -4 -6
right_child=1 -3 4 -5 5 -7
leaf_value=0.0083333074457703094 -0.0074736368695213912 -0.0006674635849105051 -0.00024442820924062427 0.00090658106154866411 -7.2094790824242712e-05 0.0070606502654123396
leaf_weight=52 52 198 5439 562 374 131
leaf_count=52 52 198 5439 562 374 131
internal_value=1.01217e-05 -0.00231615 0.000102194 0.00165902 -6.11391e-05 0.00187935
internal_weight=6808 250 6558 614 5944 505
internal_count=6808 250 6558 614 5944 505
is_linear=0
shrinkage=0.01


Tree=703
num_leaves=7
num_cat=0
split_feature=19 7 10 21 19 7
split_gain=14.4476 47.7768 51.3308 24.7245 35.6255 52.3449
threshold=285.20473384946007 467.50860000000006 0.032605189010684155 16.100833333333352 290.25629892673493 1697.5800000000002
decision_type=8 2 2 8 10 2
left_child=1 -1 -3 -2 5 -5
right_child=3 2 -4 4 -6 -7
leaf_value=-0.0026661047652550996 0.0010249279277338174 0.0087166179132393811 -0.0017351724092427288 -0.0014046270912931116 3.5949348523592782e-05 -0.01073495010705027
leaf_weight=577 2172 78 95 366 3457 63
leaf_count=577 2172 78 95 366 3457 63
internal_value=1.01355e-05 -0.00128965 0.00319601 0.000172913 -0.000304711 -0.00298813
internal_weight=6808 750 173 6058 3886 429
internal_count=6808 750 173 6058 3886 429
is_linear=0
shrinkage=0.01


Tree=704
num_leaves=7
num_cat=0
split_feature=11 9 19 6 19 1
split_gain=14.3616 25.6676 33.4171 27.4394 31.9154 35.2586
threshold=0.047623304218267402 0.0094679936677383916 292.91496302720492 1.0000000180025095e-35 291.06320411624642 1.8799085618592681
decision_type=2 2 10 2 8 2
left_child=1 3 -3 4 -1 -6
right_child=-2 2 -4 -5 5 -7
leaf_value=-0.00057093802679821382 -0.0022503407180774959 0.0091832700542041241 -0.0010607572011649608 -0.0014736635031149911 0.00069211746594969648 0.0050817520054157028
leaf_weight=2358 260 60 55 1028 2861 186
leaf_count=2358 260 60 55 1028 2861 186
internal_value=9.93493e-06 0.000102978 0.00459104 1.57456e-05 0.000301221 0.000975824
internal_weight=6808 6548 115 6433 5405 3047
internal_count=6808 6548 115 6433 5405 3047
is_linear=0
shrinkage=0.01


Tree=705
num_leaves=7
num_cat=0
split_feature=13 13 14 21 5 14
split_gain=14.4527 21.3193 16.5934 34.4154 44.4442 36.9551
threshold=69.856460594021755 82.6537966553622 0.99808018419407829 16.100833333333352 1.3380978654481461 0.69178604502741115
decision_type=2 2 2 10 2 2
left_child=2 -2 3 4 -1 -5
right_child=1 -3 -4 5 -6 -7
leaf_value=0.00096902144928131986 -0.0042782266527931203 0.0017055935535945437 -0.00065801092368174816 -0.0009913856833886714 0.006443492497826271 0.0018236002943661737
leaf_weight=1841 167 83 1992 1973 152 600
leaf_count=1841 167 83 1992 1973 152 600
internal_value=9.9764e-06 -0.00230241 0.000101499 0.000433563 0.00141663 -0.000330438
internal_weight=6808 250 6558 4566 1993 2573
internal_count=6808 250 6558 4566 1993 2573
is_linear=0
shrinkage=0.01


Tree=706
num_leaves=7
num_cat=0
split_feature=7 8 7 17 19 7
split_gain=14.4254 31.923 28.9942 30.9673 69.2822 57.1181
threshold=24.653250000000003 2311.0000000000005 38.722500000000004 212.09333333333345 290.46500000000009 1697.5800000000002
decision_type=2 2 2 10 10 2
left_child=-1 2 -2 5 -5 -4
right_child=1 -3 3 4 -6 -7
leaf_value=-0.00062765443068249721 0.0019250121587771421 0.0060769274924930769 1.9872556784418903e-05 -0.0028570773102994805 0.00042063621149088573 0.0073405733447823975
leaf_weight=2325 801 85 381 906 2172 138
leaf_count=2325 801 85 381 906 2172 138
internal_value=9.95018e-06 0.000341289 0.000216902 -0.000167751 -0.000550277 0.00206838
internal_weight=6808 4483 4398 3597 3078 519
internal_count=6808 4483 4398 3597 3078 519
is_linear=0
shrinkage=0.01


Tree=707
num_leaves=7
num_cat=0
split_feature=19 7 22 16 0 20
split_gain=14.2493 46.3343 30.911 26.0897 21.7112 21.7466
threshold=285.20473384946007 467.50860000000006 -8.9999999999999698 322.4500000000001 1.2607249096886839 21.350000000000026
decision_type=8 2 8 10 2 8
left_child=1 3 -2 -1 5 -4
right_child=2 -3 4 -5 -6 -7
leaf_value=-0.0018140294753942823 0.0069265262882656133 0.0031368831164919888 0.0056609780434519049 -0.0083560848089171118 0.0037188211763104113 -6.8979722562754534e-05
leaf_weight=516 57 173 57 61 151 5793
leaf_count=516 57 173 57 61 151 5793
internal_value=1.00311e-05 -0.00128081 0.000171688 -0.00263622 9.61115e-05 -3.58427e-06
internal_weight=6808 750 6058 577 6001 5850
internal_count=6808 750 6058 577 6001 5850
is_linear=0
shrinkage=0.01


Tree=708
num_leaves=7
num_cat=0
split_feature=19 14 10 14 1 17
split_gain=14.1301 66.9423 54.3131 35.327 37.7841 35.6808
threshold=287.69072456453404 0.099644470158808562 0.024186181654504809 0.090469444658597367 1.4444093051836584 275.02833333333342
decision_type=8 2 2 2 2 10
left_child=1 2 -1 -2 5 -5
right_child=3 -3 -4 4 -6 -7
leaf_value=0.011696536425557551 -0.0017980621250335562 -0.0018726072308584642 0.00090881811608348726 -0.0014527494135503475 0.0020144632607041971 0.00071534930903261764
leaf_weight=56 727 1146 166 1117 1281 2315
leaf_count=56 727 1146 166 1117 1281 2315
internal_value=1.00657e-05 -0.000894638 0.00401691 0.000238796 0.000556132 7.5359e-06
internal_weight=6808 1368 222 5440 4713 3432
internal_count=6808 1368 222 5440 4713 3432
is_linear=0
shrinkage=0.01


Tree=709
num_leaves=7
num_cat=0
split_feature=15 15 11 9 1 15
split_gain=14.2719 29.2034 17.0718 24.8756 18.389 17.7215
threshold=10.619077735791935 12.644415890330858 0.047623304218267402 0.0094679936677383916 1.418716518885675 9.6445144440292427
decision_type=2 2 2 2 2 2
left_child=2 -2 3 5 -5 -1
right_child=1 -3 -4 4 -6 -7
leaf_value=3.847757152236391e-05 -0.0040023669856707762 0.0032222689482589045 -0.002381200652907796 1.8921306356787683e-05 0.0079169040507016085 0.0035882492024554976
leaf_weight=6033 207 67 255 50 62 134
leaf_count=6033 207 67 255 50 62 134
internal_value=1.01149e-05 -0.0021845 0.000105343 0.000209951 0.00468158 0.000121293
internal_weight=6808 274 6534 6279 112 6167
internal_count=6808 274 6534 6279 112 6167
is_linear=0
shrinkage=0.01


Tree=710
num_leaves=7
num_cat=0
split_feature=15 15 11 19 16 21
split_gain=13.993 28.6712 16.7462 17.2972 64.5858 28.8893
threshold=10.619077735791935 12.644415890330858 0.047623304218267402 287.69072456453404 320.9500000000001 16.82500000000006
decision_type=2 2 2 8 10 8
left_child=2 -2 3 4 -1 -5
right_child=1 -3 -4 5 -6 -7
leaf_value=0.00015776864562940318 -0.0039641877193827921 0.0031942310230201713 -0.0023582872387114037 0.0014722675384775551 -0.005852627100471075 -0.000105628984859613
leaf_weight=1110 207 67 255 1831 203 3135
leaf_count=1110 207 67 255 1831 203 3135
internal_value=1.01369e-05 -0.00216293 0.000104429 0.000208035 -0.000808699 0.000477942
internal_weight=6808 274 6534 6279 1313 4966
internal_count=6808 274 6534 6279 1313 4966
is_linear=0
shrinkage=0.01


Tree=711
num_leaves=7
num_cat=0
split_feature=20 20 2 1 3 1
split_gain=14.0323 15.2371 20.3089 26.8706 25.3322 27.9984
threshold=16.900000000000038 19.000000000000032 0.25016427365162591 1.043497136715003 0.079021723885935077 1.4947250035363717
decision_type=8 8 2 2 2 2
left_child=-1 -2 3 -3 5 -4
right_child=1 2 4 -5 -6 -7
leaf_value=0.0044966959148861358 -0.0042683832595745725 -0.0013560444118311291 -0.002062704744808349 0.0039477739928750902 0.00016577975639473673 0.0030573907405261162
leaf_weight=59 74 139 967 269 5189 111
leaf_count=59 74 139 967 269 5189 111
internal_value=9.9262e-06 -3.58922e-05 1.73447e-05 0.00215162 -0.00012481 -0.00151224
internal_weight=6808 6749 6675 408 6267 1078
internal_count=6808 6749 6675 408 6267 1078
is_linear=0
shrinkage=0.01


Tree=712
num_leaves=7
num_cat=0
split_feature=0 10 18 22 10 8
split_gain=13.7309 19.5192 15.0488 36.9838 31.9331 34.0479
threshold=1.2607249096886839 0.023116111152882968 0.0092476956614456745 14.700000000000019 0.025593909851723873 1393.5000000000002
decision_type=2 2 2 8 2 2
left_child=2 -2 3 -1 5 -4
right_child=1 -3 4 -5 -6 -7
leaf_value=-0.00035949951818216384 0.0068828195840984156 0.00039165842485043312 0.0093842413498983757 -0.0064221804866638902 0.00012263874451152193 0.0012949189030860495
leaf_weight=3166 59 145 67 94 3104 173
leaf_count=3166 59 145 67 94 3104 173
internal_value=9.88533e-06 0.0025029 -7.07928e-05 -0.000553418 0.000399956 0.00383823
internal_weight=6808 204 6604 3260 3344 240
internal_count=6808 204 6604 3260 3344 240
is_linear=0
shrinkage=0.01


Tree=713
num_leaves=7
num_cat=0
split_feature=6 9 19 21 14 14
split_gain=14.5078 52.1695 23.777 60.538 62.5928 40.1369
threshold=1.0000000180025095e-35 0.0087051601596763954 291.06320411624642 17.628333333333362 0.15288923616385802 0.099644470158808562
decision_type=2 2 8 10 2 2
left_child=2 -2 3 5 -5 -1
right_child=1 -3 -4 4 -6 -7
leaf_value=0.0035932525025822947 -0.0015827071370727148 0.0073419092340128765 0.00077139041933625523 -0.011287770249341664 -0.0017606781437311189 -0.0004240523615257597
leaf_weight=278 1042 60 3260 85 270 1813
leaf_count=278 1042 60 3260 85 270 1813
internal_value=9.95213e-06 -0.00103514 0.000213248 -0.000530749 -0.00428857 0.000124612
internal_weight=6808 1102 5706 2446 355 2091
internal_count=6808 1102 5706 2446 355 2091
is_linear=0
shrinkage=0.01


Tree=714
num_leaves=7
num_cat=0
split_feature=19 14 10 0 0 4
split_gain=13.7283 38.0787 33.6352 19.8448 18.3489 16.7913
threshold=285.20473384946007 0.099644470158808562 0.026872288498523741 1.2607249096886839 1.4174208144796381 0.064134995385581997
decision_type=8 2 2 2 2 2
left_child=1 2 -1 -2 -5 -3
right_child=3 5 -4 4 -6 -7
leaf_value=0.0087987536283639766 7.3040261673649212e-05 -0.0015309611170116536 -0.0011810154330573585 0.0065590743935140588 -0.0001594206757798064 -0.0061087995341297273
leaf_weight=55 5904 542 66 82 72 87
leaf_count=55 5904 542 66 82 72 87
internal_value=9.80349e-06 -0.00125721 0.00368062 0.000168478 0.00359977 -0.00224983
internal_weight=6808 750 121 6058 154 629
internal_count=6808 750 121 6058 154 629
is_linear=0
shrinkage=0.01


Tree=715
num_leaves=7
num_cat=0
split_feature=6 9 20 2 3 3
split_gain=14.1967 51.2506 33.3451 22.6885 30.0941 22.7796
threshold=1.0000000180025095e-35 0.0087051601596763954 35.300000000000018 0.34881938647140437 0.14249343951516913 0.080739357366019601
decision_type=2 2 10 2 2 2
left_child=3 2 -2 5 -5 -1
right_child=1 -3 -4 4 -6 -7
leaf_value=0.00037342771724271885 -0.0028986008973171311 0.0072788720748254232 0.00079669051251605159 -0.0013545429958371177 0.00042179278248007801 0.0038183683798544937
leaf_weight=477 665 60 377 1282 3633 314
leaf_count=477 665 60 377 1282 3633 314
internal_value=9.80007e-06 -0.00102402 -0.00156676 0.000210905 -4.33459e-05 0.00177155
internal_weight=6808 1102 1042 5706 4915 791
internal_count=6808 1102 1042 5706 4915 791
is_linear=0
shrinkage=0.01


Tree=716
num_leaves=7
num_cat=0
split_feature=7 14 10 17 10 18
split_gain=14.2824 29.0942 57.7736 46.8257 41.0365 33.5943
threshold=24.653250000000003 0.54361967088576424 0.018953767980624581 215.22333333333282 0.03225325646719001 0.0084177579148204413
decision_type=2 2 2 8 2 2
left_child=-1 2 -2 4 -4 -5
right_child=1 -3 3 5 -6 -7
leaf_value=-0.00062461071600420834 0.0074117619535213133 -0.0003085372053922651 0.0072542427974073469 -0.0020515340395475213 -0.0009160184196074202 0.0011996041458422059
leaf_weight=2325 134 2722 175 485 89 878
leaf_count=2325 134 2722 175 485 89 878
internal_value=9.8258e-06 0.000339519 0.00133731 0.0007948 0.00456697 3.62266e-05
internal_weight=6808 4483 1761 1627 264 1363
internal_count=6808 4483 1761 1627 264 1363
is_linear=0
shrinkage=0.01


Tree=717
num_leaves=7
num_cat=0
split_feature=6 9 17 12 17 3
split_gain=13.9394 50.3808 23.04 33.5213 43.7106 35.1777
threshold=1.0000000180025095e-35 0.0087051601596763954 275.02833333333342 0.0079365820836721519 213.16166666666678 0.15130367750953388
decision_type=2 2 10 2 8 2
left_child=2 -2 3 4 5 -1
right_child=1 -3 -4 -5 -6 -7
leaf_value=0.009058668868752515 -0.0015526304768156943 0.0072176018591438018 0.0007728461190015444 -0.0019308713489778542 -0.00061397416601342803 0.001690389289557513
leaf_weight=72 1042 60 3188 988 1114 344
leaf_count=72 1042 60 3188 988 1114 344
internal_value=9.90303e-06 -0.00101451 0.000209177 -0.00050471 0.000422793 0.00314838
internal_weight=6808 1102 5706 2518 1530 416
internal_count=6808 1102 5706 2518 1530 416
is_linear=0
shrinkage=0.01


Tree=718
num_leaves=7
num_cat=0
split_feature=13 10 7 13 17 19
split_gain=14.4224 28.5979 26.0747 21.1474 19.3249 17.6318
threshold=69.856460594021755 0.016004421638187955 79.123500000000021 72.355702287527365 261.16333333333301 291.24984626942779
decision_type=2 2 2 2 8 8
left_child=1 2 4 -2 -1 -3
right_child=3 5 -4 -5 -6 -7
leaf_value=0.0044824713531912107 -0.0074021661941773235 -0.00063875088742541071 0.0082395455645926201 -0.00066850941772617469 -0.0035165482953501241 0.00042778057067486489
leaf_weight=51 52 2619 71 198 50 3767
leaf_count=51 52 2619 71 198 50 3767
internal_value=1.00188e-05 0.000101445 0.00401012 -0.00229994 0.000562503 -9.93572e-06
internal_weight=6808 6558 172 250 101 6386
internal_count=6808 6558 172 250 101 6386
is_linear=0
shrinkage=0.01


Tree=719
num_leaves=7
num_cat=0
split_feature=20 19 2 19 18 21
split_gain=13.6889 29.9048 21.5234 30.7153 18.8209 18.1524
threshold=16.900000000000038 281.52391960173838 0.28369280561307603 296.88733848182932 0.02720518698372006 5.4058333333333328
decision_type=8 8 2 10 2 10
left_child=-1 5 3 4 -3 -2
right_child=1 2 -4 -5 -6 -7
leaf_value=0.0044414506015786224 -0.00018091132633701385 0.0043932649557601507 -8.2238280957706584e-05 -0.0036167997426682099 0.00017835495831055003 -0.0058285974797659687
leaf_weight=59 97 301 5984 75 162 130
leaf_count=59 97 301 5984 75 162 130
internal_value=9.93211e-06 -3.53222e-05 9.13378e-05 0.00198824 0.00295345 -0.00352473
internal_weight=6808 6749 6522 538 463 227
internal_count=6808 6749 6522 538 463 227
is_linear=0
shrinkage=0.01


Tree=720
num_leaves=7
num_cat=0
split_feature=13 15 13 0 22 21
split_gain=14.1983 24.759 26.2321 15.7831 19.0405 19.0911
threshold=69.856460594021755 0.68023216491234073 83.168403528496071 1.2607249096886839 -2.3999999999999768 16.788333333333359
decision_type=2 2 2 2 10 10
left_child=3 2 -2 -1 -5 -6
right_child=1 -3 -4 4 5 -7
leaf_value=1.1428298607208133e-05 -0.0096026223733265328 0.00072806217562380827 -0.00047755002007553621 -0.0010024239944124763 0.008707715640110629 0.00091973597727095088
leaf_weight=6358 59 131 60 78 60 62
leaf_count=6358 59 131 60 78 60 62
internal_value=9.8226e-06 -0.00228213 -0.00539542 0.000100536 0.00279785 0.0051194
internal_weight=6808 250 119 6558 200 122
internal_count=6808 250 119 6558 200 122
is_linear=0
shrinkage=0.01


Tree=721
num_leaves=7
num_cat=0
split_feature=13 10 14 13 19 4
split_gain=13.9598 27.9762 50.609 20.7408 17.2807 38.4597
threshold=69.856460594021755 0.016004421638187955 0.83968523858124133 72.355702287527365 291.24984626942779 0.062024635301050783
decision_type=2 2 2 2 8 2
left_child=1 2 -1 -2 5 -3
right_child=3 4 -4 -5 -6 -7
leaf_value=0.0098570555181782937 -0.0073156149183670359 -0.0011605575683757527 -0.00069080412991949036 -0.00064801075210617939 0.00042283674271878741 0.0021223024927197734
leaf_weight=71 52 2203 101 198 3767 416
leaf_count=71 52 2203 101 198 3767 416
internal_value=9.71388e-06 9.96625e-05 0.00396562 -0.0022629 -1.05001e-05 -0.000633021
internal_weight=6808 6558 172 250 6386 2619
internal_count=6808 6558 172 250 6386 2619
is_linear=0
shrinkage=0.01


Tree=722
num_leaves=7
num_cat=0
split_feature=11 9 19 19 16 21
split_gain=13.3152 23.8645 32.4711 17.0333 35.7704 41.8144
threshold=0.047623304218267402 0.0094679936677383916 292.91496302720492 289.59662776384687 320.05000000000007 11.73083333333337
decision_type=2 2 10 8 10 8
left_child=1 3 -3 4 -1 -6
right_child=-2 2 -4 -5 5 -7
leaf_value=-0.00013590097191974206 -0.0021667188105725303 0.0089550866793308946 -0.0011308622311514158 0.00036404642165566029 -0.0068595822810621418 5.7515993208296037e-05
leaf_weight=1686 260 60 55 4406 178 163
leaf_count=1686 260 60 55 4406 178 163
internal_value=9.65469e-06 9.92436e-05 0.0044268 1.51311e-05 -0.000741355 -0.00364573
internal_weight=6808 6548 115 6433 2027 341
internal_count=6808 6548 115 6433 2027 341
is_linear=0
shrinkage=0.01


Tree=723
num_leaves=7
num_cat=0
split_feature=15 15 11 13 13 22
split_gain=13.7108 28.1495 15.9571 15.2523 45.5634 42.713
threshold=10.619077735791935 12.644415890330858 0.047623304218267402 56.976141278812015 41.858766462703876 -1.7999999999999827
decision_type=2 2 2 2 2 8
left_child=2 -2 3 4 -1 -6
right_child=1 -3 -4 -5 5 -7
leaf_value=0.00015111508544373022 -0.0039263271075922323 0.0031665865237546433 -0.0023011179102479288 -0.0013580600800068535 -0.0016140000051573702 0.00663230266765361
leaf_weight=5436 207 67 255 559 85 199
leaf_count=5436 207 67 255 559 85 199
internal_value=9.5447e-06 -0.0021415 0.000102882 0.000204016 0.000358777 0.00419327
internal_weight=6808 274 6534 6279 5720 284
internal_count=6808 274 6534 6279 5720 284
is_linear=0
shrinkage=0.01


Tree=724
num_leaves=7
num_cat=0
split_feature=6 20 0 19 10 19
split_gain=13.9359 28.1422 38.0092 27.3426 24.7121 22.3929
threshold=1.0000000180025095e-35 35.700000000000024 0.85716354175959775 294.09000000000009 0.020229433464281226 291.06320411624642
decision_type=2 8 2 10 2 8
left_child=5 2 -2 -3 -4 -1
right_child=1 3 4 -5 -6 -7
leaf_value=-0.00051331296770904347 0.00022240913702566316 0.0069395357248899728 0.0014312545444284167 -4.27238189413372e-05 -0.0053357717678141035 0.00075036109697261674
leaf_weight=2446 361 59 60 299 323 3260
leaf_count=2446 361 59 60 299 323 3260
internal_value=9.46026e-06 -0.00101482 -0.0021142 0.00126529 -0.00426622 0.00020871
internal_weight=6808 1102 744 358 383 5706
internal_count=6808 1102 744 358 383 5706
is_linear=0
shrinkage=0.01


Tree=725
num_leaves=7
num_cat=0
split_feature=6 9 17 12 17 10
split_gain=13.6521 49.1008 22.0275 32.7445 43.1485 33.5925
threshold=1.0000000180025095e-35 0.0087051601596763954 275.02833333333342 0.0079365820836721519 213.16166666666678 0.032605189010684155
decision_type=2 2 10 2 8 2
left_child=2 -2 3 4 5 -1
right_child=1 -3 -4 -5 -6 -7
leaf_value=0.0051208365256701352 -0.0015356051937450443 0.0071225554368325641 0.00075776891823614275 -0.0019009575974252189 -0.00060486639094177723 -0.00078657293434892042
leaf_weight=274 1042 60 3188 988 1114 142
leaf_count=274 1042 60 3188 988 1114 142
internal_value=9.41628e-06 -0.00100439 0.000206627 -0.000491403 0.000425252 0.00313324
internal_weight=6808 1102 5706 2518 1530 416
internal_count=6808 1102 5706 2518 1530 416
is_linear=0
shrinkage=0.01


Tree=726
num_leaves=7
num_cat=0
split_feature=20 6 20 16 2 20
split_gain=13.477 15.3421 30.5883 23.695 22.0321 25.687
threshold=16.900000000000038 1.0000000180025095e-35 35.700000000000024 250.05000000000004 0.35161204681593566 23.000000000000032
decision_type=8 2 8 10 2 10
left_child=-1 4 3 -3 5 -2
right_child=1 2 -4 -5 -6 -7
leaf_value=0.004406525926205559 -0.0030126920509008837 0.00023458885002196176 0.0012645080910505899 -0.0035233142351888437 -8.2654478862267817e-05 0.0023268631247801664
leaf_weight=59 94 251 358 489 4834 723
leaf_count=59 94 251 358 489 4834 723
internal_value=9.442e-06 -3.54601e-05 -0.00111152 -0.00226254 0.000175215 0.00168352
internal_weight=6808 6749 1098 740 5651 817
internal_count=6808 6749 1098 740 5651 817
is_linear=0
shrinkage=0.01


Tree=727
num_leaves=7
num_cat=0
split_feature=0 2 19 9 17 16
split_gain=13.273 13.4687 24.4477 20.037 31.7475 22.9867
threshold=1.2607249096886839 0.25016427365162591 296.88733848182932 -0.0016169593967150472 255.01833333333292 311.65000000000009
decision_type=2 2 10 2 8 10
left_child=1 2 3 -1 -5 -6
right_child=-2 -3 -4 4 5 -7
leaf_value=-0.0026835493430975945 0.0024604660424046984 -0.00018835990633846975 -0.0037030700374911345 0.0091533727283719234 -0.0022372001426992937 0.0040050020162752959
leaf_weight=52 204 6186 63 69 86 148
leaf_count=52 204 6186 63 69 86 148
internal_value=9.37124e-06 -6.99496e-05 0.00164587 0.00267056 0.0036458 0.00171319
internal_weight=6808 6604 418 355 303 234
internal_count=6808 6604 418 355 303 234
is_linear=0
shrinkage=0.01


Tree=728
num_leaves=7
num_cat=0
split_feature=7 2 21 7 21 16
split_gain=13.9294 29.7732 42.2381 76.2592 57.1688 37.1369
threshold=24.653250000000003 0.4667717636802648 17.556666666666704 1697.5800000000002 11.114166666666696 312.05000000000007
decision_type=2 2 8 2 10 10
left_child=-1 2 3 4 -2 -6
right_child=1 -3 -4 -5 5 -7
leaf_value=-0.00061716952023512189 -0.0025350797003119304 -9.7512529233536156e-05 -0.00053799072376269606 0.012781398271835304 0.001337225432017524 0.0080945708689530594
leaf_weight=2325 167 3503 418 69 180 146
leaf_count=2325 167 3503 418 69 180 146
internal_value=9.37736e-06 0.000334971 0.00186625 0.0036326 0.00212349 0.00451436
internal_weight=6808 4483 980 562 493 326
internal_count=6808 4483 980 562 493 326
is_linear=0
shrinkage=0.01


Tree=729
num_leaves=7
num_cat=0
split_feature=15 15 15 6 19 22
split_gain=13.4737 27.6097 15.3303 22.0318 22.9547 36.6997
threshold=10.619077735791935 12.644415890330858 9.6445144440292427 1.0000000180025095e-35 291.06320411624642 -0.49999999999997152
decision_type=2 2 2 2 8 8
left_child=2 -2 3 4 -1 -6
right_child=1 -3 -4 -5 5 -7
leaf_value=-0.0004487384487484812 -0.0038904041297999877 0.0031342675655402917 0.0033174175331369044 -0.0013250616995345748 0.0035214894919805479 0.00040338626420982729
leaf_weight=2387 207 67 135 1002 433 2577
leaf_count=2387 207 67 135 1002 433 2577
internal_value=9.55384e-06 -0.00212281 0.000102081 2.91764e-05 0.000282588 0.000862113
internal_weight=6808 274 6534 6399 5397 3010
internal_count=6808 274 6534 6399 5397 3010
is_linear=0
shrinkage=0.01


Tree=730
num_leaves=7
num_cat=0
split_feature=7 7 3 7 9 1
split_gain=13.713 23.5669 21.7334 22.5497 21.5975 36.1352
threshold=24.653250000000003 38.722500000000004 0.0099610341039090573 2.4979500000000003 0.0045154165104735969 1.514502487004753
decision_type=2 2 2 2 2 2
left_child=2 4 -1 -4 -2 -6
right_child=1 -3 3 -5 5 -7
leaf_value=-0.0028945901547953235 0.0011197206019675158 -1.0100651013397219e-05 0.0020267889819413146 -0.00070788466808849228 -0.00057844204009708134 0.0097708971803019077
leaf_weight=344 685 3671 360 1621 56 71
leaf_count=344 685 3671 360 1621 56 71
internal_value=9.52742e-06 0.000332582 -0.000612134 -0.000203239 0.0018631 0.00549829
internal_weight=6808 4483 2325 1981 812 127
internal_count=6808 4483 2325 1981 812 127
is_linear=0
shrinkage=0.01


Tree=731
num_leaves=7
num_cat=0
split_feature=7 14 20 20 22 4
split_gain=13.4486 27.6919 75.8403 44.9642 52.6234 43.2955
threshold=24.653250000000003 0.54361967088576424 26.700000000000021 38.000000000000036 7.8000000000000123 0.18656624285611448
decision_type=2 2 8 10 10 2
left_child=-1 2 -2 4 5 -4
right_child=1 -3 3 -5 -6 -7
leaf_value=-0.00060608013408613537 0.0054728367353124273 -0.00030275499344931909 -0.00017530979455384547 -0.003415400645594791 0.0069919234009770057 0.0081905605128938051
leaf_weight=2325 340 2722 981 259 125 56
leaf_count=2325 340 2722 981 259 125 56
internal_value=9.56013e-06 0.000329485 0.00130294 0.000273943 0.00111839 0.000350377
internal_weight=6808 4483 1761 1421 1162 1037
internal_count=6808 4483 1761 1421 1162 1037
is_linear=0
shrinkage=0.01


Tree=732
num_leaves=7
num_cat=0
split_feature=13 10 7 13 16 2
split_gain=13.4463 27.0456 25.0942 20.3904 16.2905 16.4835
threshold=69.856460594021755 0.016004421638187955 79.123500000000021 72.355702287527365 114.45000000000003 0.50006251692504022
decision_type=2 2 2 2 8 2
left_child=1 2 -1 -2 -3 -6
right_child=3 4 -4 -5 5 -7
leaf_value=0.00052029080269438727 -0.0072302215182853324 -0.0037906332530214322 0.0080479243880620718 -0.00062074490471366933 0.00075674083238858525 -0.000316749199617272
leaf_weight=101 52 102 71 198 2184 4100
leaf_count=101 52 102 71 198 2184 4100
internal_value=9.70149e-06 9.79801e-05 0.00389909 -0.00222073 -1.03347e-05 5.69511e-05
internal_weight=6808 6558 172 250 6386 6284
internal_count=6808 6558 172 250 6386 6284
is_linear=0
shrinkage=0.01


Tree=733
num_leaves=7
num_cat=0
split_feature=13 13 2 18 13 13
split_gain=13.2144 20.0647 14.9264 23.6845 19.7684 39.9597
threshold=69.856460594021755 82.6537966553622 0.29809015747477707 0.028131440974973342 41.858766462703876 55.669639344324075
decision_type=2 2 2 2 2 2
left_child=2 -2 3 -1 -4 -6
right_child=1 -3 4 -5 5 -7
leaf_value=0.0027906601599164572 -0.0041188583413591497 0.0016842799344831097 -0.00023418571668796612 -0.0014827646905103246 0.0048699742388457826 -0.00070299345276660932
leaf_weight=439 167 83 5439 175 224 281
leaf_count=439 167 83 5439 175 224 281
internal_value=9.56585e-06 -0.00220154 9.70798e-05 0.00156842 -5.7285e-05 0.00181554
internal_weight=6808 250 6558 614 5944 505
internal_count=6808 250 6558 614 5944 505
is_linear=0
shrinkage=0.01


Tree=734
num_leaves=7
num_cat=0
split_feature=19 16 22 16 17 17
split_gain=13.1185 43.2091 30.1285 26.5507 15.8262 29.9744
threshold=285.20473384946007 289.05000000000007 -8.9999999999999698 158.10000000000005 208.63000000000019 237.3766666666663
decision_type=8 10 8 10 8 8
left_child=1 3 -2 -1 -4 -6
right_child=2 -3 4 -5 5 -7
leaf_value=-0.0026402633128671253 0.006833404229203267 -0.0055886086423482216 0.0023486764029741793 0.001690315626976928 -0.0020226738360676305 0.00023531951978461883
leaf_weight=216 57 165 285 369 655 5061
leaf_count=216 57 165 285 369 655 5061
internal_value=9.51135e-06 -0.00122905 0.000164622 7.38321e-05 9.00161e-05 -2.65059e-05
internal_weight=6808 750 6058 585 6001 5716
internal_count=6808 750 6058 585 6001 5716
is_linear=0
shrinkage=0.01


Tree=735
num_leaves=7
num_cat=0
split_feature=7 15 20 15 20 1
split_gain=13.1832 27.0337 24.5753 24.3465 31.9497 50.3988
threshold=24.653250000000003 0.015440263556651802 16.900000000000038 0.96716057709993353 34.500000000000036 1.2400236072581865
decision_type=2 2 10 2 10 2
left_child=-1 -2 -3 4 -4 -6
right_child=1 2 3 -5 5 -7
leaf_value=-0.0006001047719541336 -0.0030939396257427605 0.0066051486621682464 0.00073956926993274112 -0.00020903947355458194 -0.0026217538011925564 0.0071054979855771448
leaf_weight=2325 210 55 1415 2549 67 187
leaf_count=2325 210 55 1415 2549 67 187
internal_value=9.4288e-06 0.000326181 0.000501097 0.00040607 0.00134115 0.00453753
internal_weight=6808 4483 4273 4218 1669 254
internal_count=6808 4483 4273 4218 1669 254
is_linear=0
shrinkage=0.01


Tree=736
num_leaves=7
num_cat=0
split_feature=15 15 11 15 22 17
split_gain=13.0833 27.0898 15.4236 14.1849 12.9841 13.9531
threshold=10.619077735791935 12.644415890330858 0.047623304218267402 9.6445144440292427 10.00000000000003 284.85666666666657
decision_type=2 2 2 2 10 8
left_child=2 -2 3 4 5 -1
right_child=1 -3 -4 -5 -6 -7
leaf_value=-0.00020222087131195927 -0.003842894458181111 0.0031147609805905973 -0.0022628445767650363 0.0032916899135272048 -0.0013886497736386874 0.0007932412271609968
leaf_weight=2990 207 67 255 135 508 2646
leaf_count=2990 207 67 255 135 508 2646
internal_value=9.45075e-06 -0.0020918 0.000100628 0.000200057 0.000126887 0.000265708
internal_weight=6808 274 6534 6279 6144 5636
internal_count=6808 274 6534 6279 6144 5636
is_linear=0
shrinkage=0.01


Tree=737
num_leaves=7
num_cat=0
split_feature=6 20 0 17 20 20
split_gain=13.0581 27.157 37.5446 21.2486 41.7921 28.5402
threshold=1.0000000180025095e-35 35.700000000000024 0.85716354175959775 275.02833333333342 26.600000000000026 23.900000000000038
decision_type=2 8 2 10 8 10
left_child=3 2 -2 4 -1 -5
right_child=1 -3 -4 5 -6 -7
leaf_value=0.0014243673143680255 0.00025910317314151084 0.0012574460991543121 -0.0042010658861874927 -0.0036785008544518078 -0.0013459456354753838 0.00094289597939024698
leaf_weight=782 361 358 383 130 1736 3058
leaf_count=782 361 358 383 130 1736 3058
internal_value=9.34895e-06 -0.000982151 -0.00206219 0.000202221 -0.000483355 0.000743532
internal_weight=6808 1102 744 5706 2518 3188
internal_count=6808 1102 744 5706 2518 3188
is_linear=0
shrinkage=0.01


Tree=738
num_leaves=7
num_cat=0
split_feature=19 7 14 13 13 13
split_gain=12.9987 78.81 34.4333 29.2038 42.8131 51.0348
threshold=287.69072456453404 1697.5800000000002 0.090469444658597367 69.856460594021755 41.858766462703876 55.669639344324075
decision_type=8 2 2 2 2 2
left_child=1 -1 -2 4 -4 -6
right_child=2 -3 3 -5 5 -7
leaf_value=-0.0015857451630804733 -0.0017823460167640344 0.006897004862005513 0.00040600017885891867 -0.004395659525886688 0.0083931194405733166 0.00027153920070901956
leaf_weight=1258 727 110 4305 107 142 159
leaf_count=1258 727 110 4305 107 142 159
internal_value=9.17712e-06 -0.000858552 0.00022856 0.000541868 0.000665844 0.00424966
internal_weight=6808 1368 5440 4713 4606 301
internal_count=6808 1368 5440 4713 4606 301
is_linear=0
shrinkage=0.01


Tree=739
num_leaves=7
num_cat=0
split_feature=15 15 7 15 12 17
split_gain=12.8952 26.5944 16.6834 28.8124 36.5072 44.1127
threshold=10.619077735791935 12.644415890330858 24.653250000000003 0.015440263556651802 2.9727379293480429 215.22333333333282
decision_type=2 2 2 2 2 10
left_child=2 -2 -1 -4 5 -5
right_child=1 -3 3 4 -6 -7
leaf_value=-0.00060324191419950529 -0.0038118015111248066 0.00308217377970358 -0.0030664727886800065 0.0044086101330345333 -0.0005686697646759641 0.00080776004628339588
leaf_weight=2219 207 67 210 395 1535 2175
leaf_count=2219 207 67 210 395 1535 2175
internal_value=9.20567e-06 -0.00207688 9.97246e-05 0.000461786 0.000649295 0.00137614
internal_weight=6808 274 6534 4315 4105 2570
internal_count=6808 274 6534 4315 4105 2570
is_linear=0
shrinkage=0.01


Tree=740
num_leaves=7
num_cat=0
split_feature=19 20 1 8 8 15
split_gain=12.9604 20.5232 32.9056 37.1169 54.0416 17.2356
threshold=287.69072456453404 26.600000000000026 1.8570023986559181 1354.0000000000002 1119.5000000000002 0.95731794723447783
decision_type=8 10 2 2 2 2
left_child=1 2 3 4 -1 -2
right_child=5 -3 -4 -5 -6 -7
leaf_value=-0.0024479400073843345 0.00083920543548231946 -0.0025133104261932603 -0.0045163365265147555 -0.00033928253481295233 0.008926905743453813 -0.00028866531279640479
leaf_weight=60 2490 475 125 603 105 2950
leaf_count=60 2490 475 125 603 105 2950
internal_value=9.11725e-06 -0.000857332 4.15866e-05 0.000831951 0.00488708 0.000228177
internal_weight=6808 1368 893 768 165 5440
internal_count=6808 1368 893 768 165 5440
is_linear=0
shrinkage=0.01


Tree=741
num_leaves=7
num_cat=0
split_feature=0 10 18 15 20 0
split_gain=12.966 18.454 14.039 23.6841 22.0453 18.7277
threshold=1.2607249096886839 0.023116111152882968 0.0078375534055355033 0.10526457571236232 40.300000000000018 0.98719722205222982
decision_type=2 2 2 2 8 2
left_child=2 -2 4 -4 -1 -5
right_child=1 -3 3 5 -6 -7
leaf_value=-0.00048736710685618205 0.0066903192193611804 0.0003789182736147796 -0.001332716623435202 0.00032839430109620962 -0.006104697141175469 0.0023835088285109537
leaf_weight=2505 59 145 721 2798 62 518
leaf_count=2505 59 145 721 2798 62 518
internal_value=9.02111e-06 0.00243161 -6.93768e-05 0.000298099 -0.000646204 0.00065563
internal_weight=6808 204 6604 4037 2567 3316
internal_count=6808 204 6604 4037 2567 3316
is_linear=0
shrinkage=0.01


Tree=742
num_leaves=7
num_cat=0
split_feature=19 21 19 13 20 10
split_gain=12.9035 23.3844 32.5721 31.6503 41.6222 41.0765
threshold=285.20473384946007 16.100833333333352 290.25629892673493 17.877604077128598 26.500000000000032 0.035649017275002394
decision_type=8 8 10 2 10 2
left_child=-1 3 -3 4 5 -2
right_child=1 2 -4 -5 -6 -7
leaf_value=-0.0012194078886179915 0.0085497107983858213 -0.0028675484122121851 2.4067862757322071e-05 -0.00060218361284521452 0.0010891573081834127 -0.00011375417406468288
leaf_weight=750 153 429 3457 789 1148 82
leaf_count=750 153 429 3457 789 1148 82
internal_value=8.95812e-06 0.000162793 -0.000301697 0.000991401 0.00189834 0.00564546
internal_weight=6808 6058 3886 2172 1383 235
internal_count=6808 6058 3886 2172 1383 235
is_linear=0
shrinkage=0.01


Tree=743
num_leaves=7
num_cat=0
split_feature=6 16 0 19 1 16
split_gain=12.8807 24.8273 21.8205 21.5895 32.7112 29.697
threshold=1.0000000180025095e-35 248.15000000000006 0.82583795078902977 291.06320411624642 2.0610566368845133 300.55000000000007
decision_type=2 10 2 8 2 10
left_child=3 -2 -3 -1 5 -5
right_child=1 2 -4 4 -6 -7
leaf_value=-0.00050844395434091003 0.0012509326150181854 -0.0001914033430666871 -0.003561921007702406 -0.00038275807808523118 0.0053774152379482991 0.001567991392349399
leaf_weight=2446 339 366 397 1690 135 1435
leaf_count=2446 339 366 397 1690 135 1435
internal_value=8.93982e-06 -0.000975804 -0.00196852 0.000200498 0.00073235 0.00051517
internal_weight=6808 1102 763 5706 3260 3125
internal_count=6808 1102 763 5706 3260 3125
is_linear=0
shrinkage=0.01


Tree=744
num_leaves=7
num_cat=0
split_feature=0 10 22 19 0 17
split_gain=12.6762 18.1205 13.4676 12.9544 40.3783 30.2135
threshold=1.2607249096886839 0.023116111152882968 2.3000000000000118 282.47401557822189 1.0190170208730074 200.19499999999928
decision_type=2 2 10 8 2 10
left_child=3 -2 -3 4 5 -1
right_child=1 2 -4 -5 -6 -7
leaf_value=0.0023675268385410708 0.0066242680488073306 -0.0019271993655526993 0.0039388207612500994 3.5784178881895565e-05 -0.0075461376129471241 -0.0047599807471550744
leaf_weight=178 59 91 54 6265 84 77
leaf_count=178 59 91 54 6265 84 77
internal_value=8.90252e-06 0.00240426 0.000370564 -6.86142e-05 -0.00194373 0.000116893
internal_weight=6808 204 145 6604 339 255
internal_count=6808 204 145 6604 339 255
is_linear=0
shrinkage=0.01


Tree=745
num_leaves=7
num_cat=0
split_feature=15 15 7 2 15 12
split_gain=12.6141 26.0875 16.3408 30.8452 38.3674 35.7195
threshold=10.619077735791935 12.644415890330858 24.653250000000003 0.68153289642720793 0.030934903550321854 2.406057576325757
decision_type=2 2 2 2 2 2
left_child=2 -2 -1 4 -4 -6
right_child=1 -3 3 -5 5 -7
leaf_value=-0.00059738775617115814 -0.0037727885968738542 0.003055029749725159 -0.0025449221417869605 -0.00054198962537849247 0.0022529824445988436 -0.00071750475044849869
leaf_weight=2219 207 67 242 1798 1755 520
leaf_count=2219 207 67 242 1798 1755 520
internal_value=8.79492e-06 -0.00205443 9.83224e-05 0.000456647 0.00116934 0.00157385
internal_weight=6808 274 6534 4315 2517 2275
internal_count=6808 274 6534 4315 2517 2275
is_linear=0
shrinkage=0.01


Tree=746
num_leaves=7
num_cat=0
split_feature=6 16 5 13 22 19
split_gain=12.6675 24.3105 37.3123 24.457 27.6572 21.241
threshold=1.0000000180025095e-35 248.15000000000006 1.1181892492673984 1.2025975210681403 6.400000000000035 291.06320411624642
decision_type=2 10 2 2 10 8
left_child=5 2 -2 -3 -5 -1
right_child=1 3 -4 4 -6 -7
leaf_value=-0.00050456379632636084 -0.0010877588738309352 -4.8040467551111853e-06 0.0057599520894388362 -0.004682370489240844 0.0021486061933760842 0.00072617237479381466
leaf_weight=2446 229 352 110 346 65 3260
leaf_count=2446 229 352 110 346 65 3260
internal_value=8.66491e-06 -0.000967894 0.00123559 -0.00195022 -0.00357667 0.000198631
internal_weight=6808 1102 339 763 411 5706
internal_count=6808 1102 339 763 411 5706
is_linear=0
shrinkage=0.01


Tree=747
num_leaves=7
num_cat=0
split_feature=20 20 2 7 10 0
split_gain=12.7608 15.3997 18.6766 23.32 28.8652 15.1232
threshold=16.900000000000038 19.000000000000032 0.25016427365162591 15.362550000000001 0.03529871864335387 1.2607249096886839
decision_type=8 8 2 2 2 2
left_child=-1 -2 3 -3 -5 -4
right_child=1 2 5 4 -6 -7
leaf_value=0.0042872660963431649 -0.0042900982827302958 -0.00076063700655069433 -0.00020706198505729921 0.0076633785202585413 0.00077226885504877343 0.0025743016891070819
leaf_weight=59 74 169 6075 106 133 192
leaf_count=59 74 169 6075 106 133 192
internal_value=8.61282e-06 -3.5079e-05 1.84397e-05 0.00206515 0.0040136 -0.000117885
internal_weight=6808 6749 6675 408 239 6267
internal_count=6808 6749 6675 408 239 6267
is_linear=0
shrinkage=0.01


Tree=748
num_leaves=7
num_cat=0
split_feature=2 18 17 18 17 21
split_gain=12.2462 22.8188 22.903 12.8778 12.8518 22.6797
threshold=0.25016427365162591 0.02720518698372006 255.01833333333292 0.023181687615815984 284.85666666666657 11.114166666666696
decision_type=2 2 10 2 8 8
left_child=1 2 -1 -4 -2 -6
right_child=4 -3 3 -5 5 -7
leaf_value=0.0082311848339599539 -0.00053208660928518348 -0.0011738570352945624 -0.00037461816616080426 0.004884651144838905 -0.0031239951068610856 0.00057356476323410887
leaf_weight=64 3316 168 125 63 166 2906
leaf_count=64 3316 168 125 63 166 2906
internal_value=8.67393e-06 0.00164225 0.0034928 0.00154549 -0.00010113 0.000364274
internal_weight=6808 420 252 188 6388 3072
internal_count=6808 420 252 188 6388 3072
is_linear=0
shrinkage=0.01


Tree=749
num_leaves=7
num_cat=0
split_feature=20 8 8 20 8 3
split_gain=12.5624 17.7104 15.6705 74.1363 24.0659 19.037
threshold=16.900000000000038 766.50000000000011 924.00000000000011 32.400000000000041 1025.0000000000002 0.24806406978076151
decision_type=8 2 2 10 2 2
left_child=-1 -2 3 -3 5 -4
right_child=1 2 4 -5 -6 -7
leaf_value=0.004253979542873044 -0.0047416868138044502 -0.0034335103435221854 -0.0043539267667468701 0.0068649918995385018 8.4885257215249464e-05 -0.00013765411838784675
leaf_weight=59 69 117 217 148 5994 204
leaf_count=59 69 117 217 148 5994 204
internal_value=8.71164e-06 -3.46395e-05 2.09962e-05 0.00235859 -7.90892e-05 -0.00236148
internal_weight=6808 6749 6680 265 6415 421
internal_count=6808 6749 6680 265 6415 421
is_linear=0
shrinkage=0.01


Tree=750
num_leaves=7
num_cat=0
split_feature=15 15 11 15 20 2
split_gain=12.3926 25.5682 15.0198 13.7228 18.0892 23.6861
threshold=10.619077735791935 12.644415890330858 0.047623304218267402 9.6445144440292427 38.500000000000036 0.35977562170721084
decision_type=2 2 2 2 10 2
left_child=2 -2 3 4 -1 -6
right_child=1 -3 -4 -5 5 -7
leaf_value=0.00026885126442884174 -0.0037375453413487736 0.0030221064086374521 -0.0022349788010436692 0.0032363233409565075 -0.0072503129770790323 -0.00080154764803788323
leaf_weight=5739 207 67 255 135 59 346
leaf_count=5739 207 67 255 135 59 346
internal_value=8.60307e-06 -0.00203643 9.73412e-05 0.000195464 0.000123497 -0.00189307
internal_weight=6808 274 6534 6279 6144 405
internal_count=6808 274 6534 6279 6144 405
is_linear=0
shrinkage=0.01


Tree=751
num_leaves=7
num_cat=0
split_feature=6 0 11 19 21 19
split_gain=12.5057 22.5386 27.2105 22.1123 21.4185 20.7139
threshold=1.0000000180025095e-35 0.93536255026374848 0.014849646709873113 294.40687243340534 15.705000000000032 291.06320411624642
decision_type=2 2 2 10 10 8
left_child=5 -2 -3 4 -4 -1
right_child=1 2 3 -5 -6 -7
leaf_value=-0.00049726151047670359 -3.8553452972747847e-05 -0.0065659084494640351 -0.0022578536106668641 -0.0045713166857874674 0.0057518352525574822 0.00071810984223922973
leaf_weight=2446 783 127 56 76 60 3260
leaf_count=2446 783 127 56 76 60 3260
internal_value=8.40708e-06 -0.000961893 -0.00315821 -0.000690708 0.00201278 0.000197156
internal_weight=6808 1102 319 192 116 5706
internal_count=6808 1102 319 192 116 5706
is_linear=0
shrinkage=0.01


Tree=752
num_leaves=7
num_cat=0
split_feature=20 20 0 10 5 11
split_gain=12.3664 15.0373 15.3654 21.0845 13.0062 11.0757
threshold=16.900000000000038 19.000000000000032 1.2607249096886839 0.023116111152882968 1.0084933442956536 0.047623304218267402
decision_type=8 8 2 2 2 2
left_child=-1 -2 5 -4 -5 -3
right_child=1 2 3 4 -6 -7
leaf_value=0.0042202381093216978 -0.0042394442270909036 1.8859067236126714e-05 0.0074798325108713475 0.0026997843073596336 -0.0032059644268204769 -0.0020610460006781901
leaf_weight=59 74 6225 54 89 50 257
leaf_count=59 74 6225 54 89 50 257
internal_value=8.21358e-06 -3.47975e-05 1.80878e-05 0.00272724 0.000502824 -6.66533e-05
internal_weight=6808 6749 6675 193 139 6482
internal_count=6808 6749 6675 193 139 6482
is_linear=0
shrinkage=0.01


Tree=753
num_leaves=7
num_cat=0
split_feature=19 17 14 19 17 14
split_gain=12.2507 23.9396 18.0066 14.0769 21.6827 20.0143
threshold=280.33494572565115 152.12000000000066 0.71325290491483773 285.9471424434002 259.4300000000004 0.090469444658597367
decision_type=8 8 2 10 10 2
left_child=2 -2 -1 4 -3 -5
right_child=1 3 -4 5 -6 -7
leaf_value=-0.0052418643372812278 0.0051486295439383909 -0.00020001455761016685 0.00060627382062375542 -0.0012947097198540392 -0.0042055789368653984 0.00039761423436485691
leaf_weight=97 82 460 100 800 182 5087
leaf_count=97 82 460 100 800 182 5087
internal_value=8.2035e-06 8.30873e-05 -0.00238739 1.16909e-05 -0.00138263 0.000165834
internal_weight=6808 6611 197 6529 642 5887
internal_count=6808 6611 197 6529 642 5887
is_linear=0
shrinkage=0.01


Tree=754
num_leaves=7
num_cat=0
split_feature=2 19 1 20 7 19
split_gain=12.2168 23.9964 19.4819 35.9257 14.7558 13.6786
threshold=0.25016427365162591 296.88733848182932 1.043497136715003 23.900000000000038 15.362550000000001 290.0095832340034
decision_type=2 10 2 10 2 8
left_child=1 2 -1 -4 -5 -2
right_child=5 -3 3 4 -6 -7
leaf_value=-0.00076431856744495208 -0.00074805564554973072 -0.003662419543180564 -0.0023277246811683628 0.0014402767519156136 0.0079407915867656682 0.00022869578748939363
leaf_weight=112 2156 63 59 53 133 4232
leaf_count=112 2156 63 59 53 133 4232
internal_value=8.05121e-06 0.00163966 0.00264962 0.00417905 0.00625648 -0.000101619
internal_weight=6808 420 357 245 186 6388
internal_count=6808 420 357 245 186 6388
is_linear=0
shrinkage=0.01


Tree=755
num_leaves=7
num_cat=0
split_feature=15 15 7 15 14 18
split_gain=12.2242 25.1228 15.8472 27.3851 28.5381 25.1989
threshold=10.619077735791935 12.644415890330858 24.653250000000003 0.015440263556651802 0.94542609592369276 0.03117757806060473
decision_type=2 2 2 2 2 2
left_child=2 -2 -1 -4 5 -5
right_child=1 -3 3 4 -6 -7
leaf_value=-0.00058898422636396509 -0.0037092337534818717 0.0029915110111333331 -0.0029907365292310716 0.0013841003192893696 -0.00054171193250763378 -0.0042941257385192095
leaf_weight=2219 207 67 210 2661 1373 71
leaf_count=2219 207 67 210 2661 1373 71
internal_value=8.0016e-06 -0.00202309 9.61357e-05 0.000449008 0.000631815 0.00122141
internal_weight=6808 274 6534 4315 4105 2732
internal_count=6808 274 6534 4315 4105 2732
is_linear=0
shrinkage=0.01


Tree=756
num_leaves=7
num_cat=0
split_feature=2 18 7 18 3 7
split_gain=12.0694 22.1442 34.7994 23.7568 21.7199 20.1021
threshold=0.25016427365162591 0.02720518698372006 29.691000000000003 0.018780197360162568 0.14249343951516913 2.0596500000000004
decision_type=2 2 2 2 2 2
left_child=1 2 3 -1 -2 -6
right_child=4 -3 -4 -5 5 -7
leaf_value=-0.0048765342968205613 -0.00097972162579164834 -0.0011451192979512507 0.0074785702861056239 0.003025539806112647 0.0037100791400862913 0.00015256468292228822
leaf_weight=50 1945 168 108 94 155 4288
leaf_count=50 1945 168 108 94 155 4288
internal_value=7.80792e-06 0.00162954 0.00345243 0.000143273 -0.000101199 0.000284726
internal_weight=6808 420 252 144 6388 4443
internal_count=6808 420 252 144 6388 4443
is_linear=0
shrinkage=0.01


Tree=757
num_leaves=7
num_cat=0
split_feature=13 10 13 13 10 10
split_gain=11.9803 25.509 19.9052 18.4243 15.7397 16.1013
threshold=69.856460594021755 0.016004421638187955 72.355702287527365 36.037860194726278 0.017149914869693909 0.019955804785169399
decision_type=2 2 2 2 2 2
left_child=1 3 -2 -1 -3 -6
right_child=2 4 -4 -5 5 -7
leaf_value=0.0068973683918355615 -0.0070456651237703139 -0.0047643122768056571 -0.00052171167263832796 0.00047474531786083574 0.002474706739706632 -6.6429332979621412e-05
leaf_weight=83 52 59 198 89 250 6077
leaf_count=83 52 59 198 89 250 6077
internal_value=7.83788e-06 9.11672e-05 -0.00209749 0.00378272 -1.40196e-05 3.77258e-05
internal_weight=6808 6558 250 172 6386 6327
internal_count=6808 6558 250 172 6386 6327
is_linear=0
shrinkage=0.01


Tree=758
num_leaves=7
num_cat=0
split_feature=6 9 13 19 20 7
split_gain=12.37 47.5585 40.1514 20.0904 52.3728 62.2655
threshold=1.0000000180025095e-35 0.0087051601596763954 1.2025975210681403 291.06320411624642 31.800000000000015 1697.5800000000002
decision_type=2 2 2 8 10 2
left_child=3 2 -2 4 5 -1
right_child=1 -3 -4 -5 -6 -7
leaf_value=-0.00012404355774440091 0.00060450334819537666 0.0070402011126279827 -0.0033019169331451738 0.00070849713938298648 -0.0032102927934297382 0.0080582436037306884
leaf_weight=1819 489 60 553 3260 539 88
leaf_count=1819 489 60 553 3260 539 88
internal_value=7.72208e-06 -0.0009573 -0.00148035 0.000195446 -0.000488444 0.000293601
internal_weight=6808 1102 1042 5706 2446 1907
internal_count=6808 1102 1042 5706 2446 1907
is_linear=0
shrinkage=0.01


Tree=759
num_leaves=7
num_cat=0
split_feature=19 2 1 3 14 13
split_gain=12.0138 18.6603 32.3039 25.5891 27.6421 26.0464
threshold=282.70884993495787 0.23918578090085316 1.043497136715003 0.14249343951516913 0.10216894923870105 69.856460594021755
decision_type=8 2 2 2 2 2
left_child=-1 2 -2 4 -3 -6
right_child=1 3 -4 -5 5 -7
leaf_value=-0.001675975547991413 -0.0014632075424076544 -0.0037473202394691625 0.0047057036919551055 0.00042473568062968508 -0.00013280258704339575 -0.0054500110359976487
leaf_weight=389 132 292 210 4150 1547 88
leaf_count=389 132 292 210 4150 1547 88
internal_value=7.78822e-06 0.000112275 0.00235079 -1.73591e-05 -0.000966735 -0.00045038
internal_weight=6808 6419 342 6077 1927 1635
internal_count=6808 6419 342 6077 1927 1635
is_linear=0
shrinkage=0.01


Tree=760
num_leaves=7
num_cat=0
split_feature=15 15 14 14 8 16
split_gain=12.003 24.662 14.9635 20.0957 24.6164 22.7304
threshold=10.619077735791935 12.644415890330858 0.99808018419407829 0.7062270558660152 980.00000000000011 228.00000000000003
decision_type=2 2 2 2 2 10
left_child=2 -2 3 4 5 -1
right_child=1 -3 -4 -5 -6 -7
leaf_value=-0.0069820204879655389 -0.0036756173040812263 0.0029634196640222106 -0.00064319987435968048 0.0018239065041033007 0.00033584377136015636 -0.00088373381187936586
leaf_weight=76 207 67 1926 810 3498 224
leaf_count=76 207 67 1926 810 3498 224
internal_value=7.6027e-06 -0.00200502 9.49359e-05 0.000404178 9.73982e-05 -0.00260402
internal_weight=6808 274 6534 4608 3798 300
internal_count=6808 274 6534 4608 3798 300
is_linear=0
shrinkage=0.01


Tree=761
num_leaves=7
num_cat=0
split_feature=20 20 2 16 16 0
split_gain=12.1885 14.8078 17.4866 23.6205 18.1282 14.56
threshold=16.900000000000038 19.000000000000032 0.25016427365162591 230.85000000000005 311.65000000000009 1.2607249096886839
decision_type=8 8 2 10 8 2
left_child=-1 -2 3 -3 -5 -4
right_child=1 2 5 4 -6 -7
leaf_value=0.0041890305604623717 -0.004207713511284618 0.0078167332385977104 -0.00020220624495029062 -0.0015264891296850915 0.0029008429366526819 0.0025268700700322405
leaf_weight=59 74 50 6075 155 203 192
leaf_count=59 74 50 6075 155 203 192
internal_value=7.42311e-06 -3.52763e-05 1.7205e-05 0.00199764 0.000994589 -0.000114704
internal_weight=6808 6749 6675 408 358 6267
internal_count=6808 6749 6675 408 358 6267
is_linear=0
shrinkage=0.01


Tree=762
num_leaves=7
num_cat=0
split_feature=6 16 13 22 2 22
split_gain=12.1634 23.9094 23.1127 27.0296 19.8906 21.0471
threshold=1.0000000180025095e-35 248.15000000000006 1.2025975210681403 6.400000000000035 0.35161204681593566 1.4000000000000343
decision_type=2 10 2 10 2 10
left_child=4 -2 -3 -4 5 -1
right_child=1 2 3 -5 -6 -7
leaf_value=0.0002615996397917672 0.0012356310071260869 -3.1687011003226701e-05 -0.0045981370872200536 0.0021523373805995413 -4.9192964349143088e-05 0.0034948868743200018
leaf_weight=480 339 352 346 65 4887 339
leaf_count=480 339 352 346 65 4887 339
internal_value=7.51752e-06 -0.000949413 -0.00192365 -0.00350478 0.000193667 0.00162593
internal_weight=6808 1102 763 411 5706 819
internal_count=6808 1102 763 411 5706 819
is_linear=0
shrinkage=0.01


Tree=763
num_leaves=7
num_cat=0
split_feature=20 20 0 0 20 11
split_gain=11.9778 14.5433 14.807 13.6317 10.7991 12.0939
threshold=16.900000000000038 19.000000000000032 1.2607249096886839 1.4174208144796381 40.300000000000018 0.018815050778118122
decision_type=8 8 2 2 10 2
left_child=-1 -2 4 -4 -3 -6
right_child=1 2 3 -5 5 -7
leaf_value=0.0041527970019134058 -0.0041698666701891589 3.6254218725972232e-06 0.0050595078351060776 -0.00012804833923475546 -0.0058858180362166782 -0.00049284527691270338
leaf_weight=59 74 6308 100 93 56 118
leaf_count=59 74 6308 100 93 56 118
internal_value=7.47848e-06 -3.48505e-05 1.71599e-05 0.00267663 -6.60263e-05 -0.00245407
internal_weight=6808 6749 6675 193 6482 174
internal_count=6808 6749 6675 193 6482 174
is_linear=0
shrinkage=0.01


Tree=764
num_leaves=7
num_cat=0
split_feature=6 20 16 3 10 1
split_gain=11.9041 25.7521 28.1756 20.3494 30.2418 31.3164
threshold=1.0000000180025095e-35 35.700000000000024 250.05000000000004 0.080739357366019601 0.018953767980624581 1.043497136715003
decision_type=2 8 10 2 2 2
left_child=3 2 -2 4 -1 -6
right_child=1 -3 -4 -5 5 -7
leaf_value=-0.0074694955600973431 0.00068841083822244748 0.0012413199583977037 -0.0033741989148918816 0.00049040630314552635 -0.0023756494308595191 0.0010014328707820296
leaf_weight=58 255 358 489 4564 507 577
leaf_count=58 255 358 489 4564 507 577
internal_value=7.38229e-06 -0.00093929 -0.00199111 0.000191537 -0.000996784 -0.000585347
internal_weight=6808 1102 744 5706 1142 1084
internal_count=6808 1102 744 5706 1142 1084
is_linear=0
shrinkage=0.01


Tree=765
num_leaves=7
num_cat=0
split_feature=15 15 7 8 15 12
split_gain=11.7757 24.2001 15.2149 28.9916 24.649 27.3284
threshold=10.619077735791935 12.644415890330858 24.653250000000003 2311.0000000000005 0.015440263556651802 2.9727379293480429
decision_type=2 2 2 2 2 2
left_child=2 -2 -1 4 -4 -6
right_child=1 -3 3 -5 5 -7
leaf_value=-0.00057764318530172955 -0.0036411870743227426 0.0029353907694677256 -0.0029449054643257777 0.0059036294825767213 0.0011394680152451199 -0.00055366329839498312
leaf_weight=2219 207 67 210 85 2485 1535
leaf_count=2219 207 67 210 85 2485 1535
internal_value=7.16476e-06 -0.00198631 9.36678e-05 0.000439429 0.000315963 0.000493192
internal_weight=6808 274 6534 4315 4230 4020
internal_count=6808 274 6534 4315 4230 4020
is_linear=0
shrinkage=0.01


Tree=766
num_leaves=7
num_cat=0
split_feature=19 7 16 16 14 22
split_gain=11.9555 72.9389 42.9714 41.251 33.3622 31.7785
threshold=287.69072456453404 1697.5800000000002 125.90000000000002 320.9500000000001 0.090469444658597367 -0.29999999999998289
decision_type=8 2 10 10 2 8
left_child=1 3 -3 -1 -2 -6
right_child=4 2 -4 -5 5 -7
leaf_value=-0.00070246866561962174 -0.0017618324852762099 0.00038192346582517904 0.012425014222821882 -0.0055187022589840177 0.0020918054000594478 9.5967413409862588e-05
leaf_weight=1053 727 58 52 205 1007 3706
leaf_count=1053 727 58 52 205 1007 3706
internal_value=7.12628e-06 -0.000825053 0.00663601 -0.00152464 0.000217525 0.000525933
internal_weight=6808 1368 110 1258 5440 4713
internal_count=6808 1368 110 1258 5440 4713
is_linear=0
shrinkage=0.01


Tree=767
num_leaves=7
num_cat=0
split_feature=6 9 13 17 13 13
split_gain=11.7046 46.7307 38.4311 19.9666 31.7277 33.7417
threshold=1.0000000180025095e-35 0.0087051601596763954 1.2025975210681403 275.02833333333342 0.2897988112382342 0.078241387785142405
decision_type=2 2 2 10 2 2
left_child=3 2 -2 -1 5 -5
right_child=1 -3 -4 4 -6 -7
leaf_value=-0.00047479494012235064 0.00058956955259531463 0.0069956173620053701 -0.0032322769115065253 0.00094626951561723328 0.0014547656559790244 -0.0024847333755733383
leaf_weight=2518 489 60 553 620 2051 517
leaf_count=2518 489 60 553 620 2051 517
internal_value=7.15785e-06 -0.00093155 -0.00145017 0.000189763 0.000714499 -0.000621887
internal_weight=6808 1102 1042 5706 3188 1137
internal_count=6808 1102 1042 5706 3188 1137
is_linear=0
shrinkage=0.01


Tree=768
num_leaves=7
num_cat=0
split_feature=19 14 14 14 1 15
split_gain=11.7356 17.5311 13.6464 22.3356 38.9811 37.2466
threshold=280.33494572565115 0.71325290491483773 0.99808018419407829 0.7062270558660152 2.2759526209398246 6.8908103722145198
decision_type=8 2 2 2 2 2
left_child=1 -1 3 5 -5 -2
right_child=2 -3 -4 4 -6 -7
leaf_value=-0.0051542528305272353 0.00031865405251683471 0.00061485544211146504 -0.00063108592046705672 0.0024489912688038739 -0.0057646022586425438 -0.0035114779799490922
leaf_weight=97 3619 100 1907 769 53 263
leaf_count=97 3619 100 1907 769 53 263
internal_value=7.14193e-06 -0.00233754 8.04357e-05 0.000369613 0.00185648 5.08125e-05
internal_weight=6808 197 6611 4704 822 3882
internal_count=6808 197 6611 4704 822 3882
is_linear=0
shrinkage=0.01


Tree=769
num_leaves=7
num_cat=0
split_feature=7 7 7 0 10 7
split_gain=11.6765 26.542 30.4688 25.7834 22.8869 21.6704
threshold=16.881300000000003 17.654400000000006 20.902500000000003 0.80351217257351759 0.015215726706557865 2.4979500000000003
decision_type=2 2 2 2 2 2
left_child=5 3 -3 -2 -4 -1
right_child=1 2 4 -5 -6 -7
leaf_value=0.0013564390248163292 -0.0011929401685483753 -0.0051977161983294152 0.0043543259429773594 0.0070766655375525634 0.00012959963987505826 -0.0012085839762170018
leaf_weight=412 54 95 122 98 4523 1504
leaf_count=412 54 95 122 98 4523 1504
internal_value=6.89921e-06 0.000266099 0.000129787 0.00424649 0.000249677 -0.000652845
internal_weight=6808 4892 4740 152 4645 1916
internal_count=6808 4892 4740 152 4645 1916
is_linear=0
shrinkage=0.01


Tree=770
num_leaves=7
num_cat=0
split_feature=0 22 0 15 15 15
split_gain=11.4923 16.3671 12.263 10.5249 23.7109 14.3984
threshold=1.2607249096886839 -0.99999999999997147 1.47505365110731 10.619077735791935 12.644415890330858 9.6445144440292427
decision_type=2 10 2 2 2 2
left_child=3 -2 -3 5 -5 -1
right_child=1 2 -4 4 -6 -7
leaf_value=-5.5249024530490722e-05 -0.00092594606706834575 0.007183956502315899 0.00068043497100961012 -0.0035885971950470096 0.0029203602410369108 0.0031325360457573471
leaf_weight=6195 88 65 51 207 67 135
leaf_count=6195 88 65 51 207 67 135
internal_value=6.90822e-06 0.00228767 0.00460558 -6.68975e-05 -0.0019502 1.75706e-05
internal_weight=6808 204 116 6604 274 6330
internal_count=6808 204 116 6604 274 6330
is_linear=0
shrinkage=0.01


Tree=771
num_leaves=7
num_cat=0
split_feature=20 19 21 12 21 7
split_gain=11.8156 26.5221 17.5389 17.1477 15.0385 80.7533
threshold=16.900000000000038 281.52391960173838 5.4058333333333328 0.0079365820836721519 16.100833333333352 1697.5800000000002
decision_type=8 8 10 2 8 2
left_child=-1 2 -2 -4 5 -3
right_child=1 4 3 -5 -6 -7
leaf_value=0.0041241252823206393 -4.804464742523906e-05 0.0003463692664431242 -0.0084111031569978761 -0.001031364544079854 -0.00031079045794325441 0.010256013162872371
leaf_weight=59 97 2559 75 55 3888 75
leaf_count=59 97 2559 75 55 3888 75
internal_value=6.97623e-06 -3.50645e-05 -0.0033212 -0.00558559 8.42196e-05 0.000666257
internal_weight=6808 6749 227 130 6522 2634
internal_count=6808 6749 227 130 6522 2634
is_linear=0
shrinkage=0.01


Tree=772
num_leaves=7
num_cat=0
split_feature=19 21 13 5 21 13
split_gain=11.7198 29.927 26.6597 27.0205 34.5554 68.8703
threshold=287.69072456453404 16.100833333333352 17.877604077128598 0.81011421144632523 12.962500000000018 16.265073570448624
decision_type=8 8 2 2 10 2
left_child=-1 2 3 -2 5 -5
right_child=1 -3 -4 4 -6 -7
leaf_value=-0.00081695703765049946 0.00039952362546399753 -0.0002641092959152514 -0.00039643619298064883 0.0024931722359051783 0.0020592542362812146 0.015628857055535683
leaf_weight=1368 440 3839 560 116 430 55
leaf_count=1368 440 3839 560 116 430 55
internal_value=6.9787e-06 0.000215293 0.00135934 0.00229864 0.00365972 0.00734815
internal_weight=6808 5440 1601 1041 601 171
internal_count=6808 5440 1601 1041 601 171
is_linear=0
shrinkage=0.01


Tree=773
num_leaves=7
num_cat=0
split_feature=1 18 21 7 21 3
split_gain=11.5058 19.9607 33.1977 29.4717 21.6248 64.6202
threshold=0.88538587848932682 0.0092476956614456745 28.761666666666695 207.53325000000004 17.667500000000029 0.14846700206618982
decision_type=2 2 8 2 10 2
left_child=-1 2 -2 -3 5 -5
right_child=1 3 -4 4 -6 -7
leaf_value=-0.0011729319091950097 -0.00026071606026773105 0.00023946904839170847 -0.0076533920293854136 0.012696157021595067 0.0011765077496598405 0.0013132521146594154
leaf_weight=727 3065 2383 52 66 362 153
leaf_count=727 3065 2383 52 66 362 153
internal_value=7.18911e-06 0.00014997 -0.000408127 0.000736274 0.00273541 0.00514833
internal_weight=6808 6081 3117 2964 581 219
internal_count=6808 6081 3117 2964 581 219
is_linear=0
shrinkage=0.01


Tree=774
num_leaves=7
num_cat=0
split_feature=20 8 6 20 8 20
split_gain=11.64 17.3852 15.2418 27.6262 22.8438 57.3112
threshold=16.900000000000038 766.50000000000011 1.0000000180025095e-35 35.700000000000024 924.00000000000011 32.700000000000024
decision_type=8 2 2 8 2 10
left_child=-1 -2 4 -4 5 -3
right_child=1 2 3 -5 -6 -7
leaf_value=0.0040936444281343964 -0.0046981448124905553 -0.0020149343213241582 -0.0021493820397507266 0.0012240717982653355 9.6745758188131008e-05 0.0076826395403071677
leaf_weight=59 69 107 736 352 5363 122
leaf_count=59 69 107 736 352 5363 122
internal_value=7.21019e-06 -3.45173e-05 2.06055e-05 -0.00105676 0.000231734 0.00325674
internal_weight=6808 6749 6680 1088 5592 229
internal_count=6808 6749 6680 1088 5592 229
is_linear=0
shrinkage=0.01


Tree=775
num_leaves=7
num_cat=0
split_feature=19 16 22 16 0 0
split_gain=11.5637 40.1471 28.7249 26.2461 17.6261 17.2407
threshold=285.20473384946007 289.05000000000007 -8.9999999999999698 158.10000000000005 1.2607249096886839 0.8793960422495789
decision_type=8 10 8 10 2 2
left_child=1 3 -2 5 -4 -1
right_child=2 -3 4 -5 -6 -7
leaf_value=0.00045745741956951941 0.0066643999779680335 -0.0053579235021557125 -9.8192744006360282e-06 0.0017065057262752481 0.0033441491163283678 -0.0050614316908583522
leaf_weight=100 57 165 5850 369 151 116
leaf_count=100 57 165 5850 369 151 116
internal_value=7.20018e-06 -0.00115565 0.000152832 9.97405e-05 7.99978e-05 -0.0025992
internal_weight=6808 750 6058 585 6001 216
internal_count=6808 750 6058 585 6001 216
is_linear=0
shrinkage=0.01


Tree=776
num_leaves=7
num_cat=0
split_feature=11 9 1 18 11 8
split_gain=11.45 22.7711 19.1455 13.3025 28.6412 26.431
threshold=0.047623304218267402 0.0094679936677383916 1.3938870531139111 0.0092476956614456745 0.019029298680714544 881.50000000000011
decision_type=2 2 2 2 2 2
left_child=1 3 -3 -1 -5 -6
right_child=-2 2 -4 4 5 -7
leaf_value=-0.00043244295007227617 -0.0020110327401629616 -0.00033305592499062664 0.0075675975189015681 0.002580357661887564 0.0063377004947083506 -0.0001199036553335821
leaf_weight=3314 260 51 64 526 55 2538
leaf_count=3314 260 51 64 526 55 2538
internal_value=7.15376e-06 9.02338e-05 0.00431749 8.08123e-06 0.000476033 4.08897e-05
internal_weight=6808 6548 115 6433 3119 2593
internal_count=6808 6548 115 6433 3119 2593
is_linear=0
shrinkage=0.01


Tree=777
num_leaves=7
num_cat=0
split_feature=20 19 8 8 20 10
split_gain=11.4781 25.6693 15.7298 15.4876 69.0284 33.7857
threshold=16.900000000000038 281.52391960173838 766.50000000000011 924.00000000000011 32.400000000000041 0.029067438789956265
decision_type=8 8 2 2 10 2
left_child=-1 -2 -3 4 -4 -6
right_child=1 2 3 -5 5 -7
leaf_value=0.0040652116204517473 -0.0032670216012612493 -0.004439937862396044 -0.0038115635185660621 3.7206365405356807e-05 0.011024023326601655 0.0015163693849795633
leaf_weight=59 227 66 96 6212 74 74
leaf_count=59 227 66 96 6212 74 74
internal_value=7.28153e-06 -3.41551e-05 8.3195e-05 0.00013623 0.00255656 0.00666704
internal_weight=6808 6749 6522 6456 244 148
internal_count=6808 6749 6522 6456 244 148
is_linear=0
shrinkage=0.01


Tree=778
num_leaves=7
num_cat=0
split_feature=13 13 13 0 22 7
split_gain=11.3604 19.331 14.8089 43.5256 32.2771 31.4038
threshold=69.856460594021755 82.6537966553622 41.858766462703876 0.9286343896336956 -1.6999999999999884 8.2183500000000027
decision_type=2 2 2 2 10 2
left_child=2 -2 -1 -4 -5 -6
right_child=1 -3 3 4 5 -7
leaf_value=-6.4223314984628358e-05 -0.0039267868603353445 0.001762376015790568 -0.00093284409229704994 -0.001104298859054959 0.0007277381602907554 0.0089864501707919257
leaf_weight=5952 167 83 324 76 70 136
leaf_count=5952 167 83 324 76 70 136
internal_value=7.28387e-06 -0.00204285 8.8429e-05 0.00156445 0.00436737 0.00634371
internal_weight=6808 250 6558 606 282 206
internal_count=6808 250 6558 606 282 206
is_linear=0
shrinkage=0.01


Tree=779
num_leaves=7
num_cat=0
split_feature=6 20 0 19 19 20
split_gain=11.3393 24.6742 35.9947 25.3547 19.6314 51.1735
threshold=1.0000000180025095e-35 35.700000000000024 0.85716354175959775 294.09000000000009 291.06320411624642 31.800000000000015
decision_type=2 8 2 10 8 10
left_child=4 2 -2 -3 5 -1
right_child=1 3 -4 -5 -6 -7
leaf_value=0.00028407389548674945 0.00032480060487842521 0.0066818821405910927 -0.0040406234717054613 -4.1759109386758323e-05 0.00069418868867894752 -0.0031794885514744679
leaf_weight=1907 361 59 383 299 3260 539
leaf_count=1907 361 59 383 299 3260 539
internal_value=7.29096e-06 -0.000916653 -0.00194624 0.00121779 0.000187024 -0.000488994
internal_weight=6808 1102 744 358 5706 2446
internal_count=6808 1102 744 358 5706 2446
is_linear=0
shrinkage=0.01


Tree=780
num_leaves=7
num_cat=0
split_feature=19 7 21 8 0 19
split_gain=11.2638 70.3169 29.5071 27.1907 54.4832 33.0993
threshold=287.69072456453404 1697.5800000000002 16.100833333333352 914.50000000000011 1.0042209115165934 291.11684792640364
decision_type=8 2 8 2 2 10
left_child=1 -1 -2 4 -4 -5
right_child=2 -3 3 5 -6 -7
leaf_value=-0.001487477499737192 0.0013474489209351834 0.0065250734187041713 -0.002145647467010551 -0.0026742793868078291 0.0089524227837202968 -4.1994636581166711e-05
leaf_weight=1258 1601 110 80 554 81 3124
leaf_count=1258 1601 110 80 554 81 3124
internal_value=7.22866e-06 -0.000800517 0.000211449 -0.000264573 0.00363487 -0.00044466
internal_weight=6808 1368 5440 3839 161 3678
internal_count=6808 1368 5440 3839 161 3678
is_linear=0
shrinkage=0.01


Tree=781
num_leaves=7
num_cat=0
split_feature=20 20 6 9 13 22
split_gain=11.2477 14.0236 11.4222 45.4285 32.6215 20.1065
threshold=16.900000000000038 19.000000000000032 1.0000000180025095e-35 0.0087051601596763954 1.2025975210681403 6.400000000000035
decision_type=8 8 2 2 2 10
left_child=-1 -2 -3 4 -4 -6
right_child=1 2 3 -5 5 -7
leaf_value=0.0040243002583367242 -0.0040941624618357139 0.00019998455269648862 0.00047465467977087021 0.0068952684168304716 -0.0039990084708783676 0.000774872858530906
leaf_weight=59 74 5590 477 60 442 106
leaf_count=59 74 5590 477 60 442 106
internal_value=7.31e-06 -3.37087e-05 1.73631e-05 -0.00091675 -0.00143624 -0.00307826
internal_weight=6808 6749 6675 1085 1025 548
internal_count=6808 6749 6675 1085 1025 548
is_linear=0
shrinkage=0.01


Tree=782
num_leaves=7
num_cat=0
split_feature=7 7 7 0 15 12
split_gain=11.2341 26.0287 29.7311 25.2 23.0021 24.3482
threshold=16.881300000000003 17.654400000000006 20.902500000000003 0.80351217257351759 0.015440263556651802 0.0023971633962816502
decision_type=2 2 2 2 2 2
left_child=-1 3 -3 -2 -4 -6
right_child=1 2 4 -5 5 -7
leaf_value=-0.00063982457010537729 -0.0011749730701558292 -0.0051360523296254028 -0.0029122768082147973 0.0070011603399352338 0.0012191422960007913 -0.00026767994722450066
leaf_weight=1916 54 95 210 98 1990 2445
leaf_count=1916 54 95 210 98 1990 2445
internal_value=7.29963e-06 0.00026154 0.000126557 0.00420325 0.00024499 0.000400704
internal_weight=6808 4892 4740 152 4645 4435
internal_count=6808 4892 4740 152 4645 4435
is_linear=0
shrinkage=0.01


Tree=783
num_leaves=7
num_cat=0
split_feature=11 2 10 7 13 10
split_gain=11.2088 13.105 19.0276 26.4744 12.8112 23.2054
threshold=0.047623304218267402 0.23918578090085316 0.03529871864335387 29.691000000000003 69.856460594021755 0.020514815614249404
decision_type=2 2 2 2 2 2
left_child=1 2 3 -1 -3 -6
right_child=-2 4 -4 -5 5 -7
leaf_value=0.00027262291058580926 -0.0019896257802287844 7.4069257831353041e-05 -0.00029657942366688266 0.0081334247443239013 -0.0076687413553396871 -0.00046825070119666635
leaf_weight=84 260 5973 180 79 50 182
leaf_count=84 260 5973 180 79 50 182
internal_value=7.1986e-06 8.93991e-05 0.0019636 0.00433238 -1.71959e-05 -0.00227285
internal_weight=6808 6548 343 163 6205 232
internal_count=6808 6548 343 163 6205 232
is_linear=0
shrinkage=0.01


Tree=784
num_leaves=7
num_cat=0
split_feature=19 17 14 3 19 14
split_gain=11.1262 22.4688 16.9493 13.2149 17.3152 34.6993
threshold=280.33494572565115 152.12000000000066 0.71325290491483773 -0.038883080611610256 287.69072456453404 0.090469444658597367
decision_type=8 8 2 2 10 2
left_child=2 -2 -1 -3 -5 -6
right_child=1 3 -4 4 5 -7
leaf_value=-0.0050457024400200803 0.0049859378328951801 -0.0019223544305922197 0.00062525868191468451 -0.0010466807913236096 -0.0017298613016192585 0.00067529438497831778
leaf_weight=97 82 326 100 1056 683 4464
leaf_count=97 82 326 100 1056 683 4464
internal_value=7.09812e-06 7.84635e-05 -0.0022759 9.29812e-06 0.000113747 0.000353398
internal_weight=6808 6611 197 6529 6203 5147
internal_count=6808 6611 197 6529 6203 5147
is_linear=0
shrinkage=0.01


Tree=785
num_leaves=7
num_cat=0
split_feature=1 18 11 13 14 3
split_gain=11.0024 19.3669 23.2902 63.0873 29.075 20.2879
threshold=0.88538587848932682 0.0092476956614456745 0.019029298680714544 0.2897988112382342 0.29874274826219999 0.20003437513743014
decision_type=2 2 2 2 2 2
left_child=-1 -2 3 4 -3 -5
right_child=1 2 -4 5 -6 -7
leaf_value=-0.0011470376489683355 -0.00040313270103977414 0.013867331594228744 0.00031207632091468545 0.0035361079415743009 0.0032494640805046347 -0.00097287999649186814
leaf_weight=727 3117 52 2447 150 58 257
leaf_count=727 3117 52 2447 150 58 257
internal_value=6.97642e-06 0.000146599 0.000724118 0.00263142 0.00900615 0.000733857
internal_weight=6808 6081 2964 517 110 407
internal_count=6808 6081 2964 517 110 407
is_linear=0
shrinkage=0.01


Tree=786
num_leaves=7
num_cat=0
split_feature=15 15 7 15 14 5
split_gain=11.0604 23.3669 14.2579 25.3927 25.7361 34.1422
threshold=10.619077735791935 12.644415890330858 24.653250000000003 0.015440263556651802 0.94542609592369276 1.0460374646361117
decision_type=2 2 2 2 2 2
left_child=2 -2 -1 -4 5 -5
right_child=1 -3 3 4 -6 -7
leaf_value=-0.00055884550107887846 -0.003551507367396272 0.0029094926920997634 -0.0028864778725176373 0.00059209280162964646 -0.00051267044314471852 0.0033605189979974566
leaf_weight=2219 207 67 210 2180 1373 552
leaf_count=2219 207 67 210 2180 1373 552
internal_value=7.17714e-06 -0.00192481 9.10116e-05 0.000425722 0.000601767 0.00116167
internal_weight=6808 274 6534 4315 4105 2732
internal_count=6808 274 6534 4315 4105 2732
is_linear=0
shrinkage=0.01


Tree=787
num_leaves=7
num_cat=0
split_feature=0 10 22 2 19 10
split_gain=11.1246 17.1359 12.5448 11.2552 22.5299 17.7641
threshold=1.2607249096886839 0.023116111152882968 2.3000000000000118 0.25016427365162591 296.88733848182932 0.03529871864335387
decision_type=2 2 10 2 10 2
left_child=3 -2 -3 4 5 -1
right_child=1 2 -4 -5 -6 -7
leaf_value=0.0049454629707058745 0.0063541639391062922 -0.0019331890928310038 0.0037272522084094819 -0.00017376148559065683 -0.0036275113889411704 0.00048101107710708845
leaf_weight=153 59 91 54 6186 63 202
leaf_count=153 59 91 54 6186 63 202
internal_value=7.09587e-06 0.00225107 0.000279304 -6.55201e-05 0.00150298 0.0024879
internal_weight=6808 204 145 6604 418 355
internal_count=6808 204 145 6604 418 355
is_linear=0
shrinkage=0.01


Tree=788
num_leaves=7
num_cat=0
split_feature=19 14 10 21 14 14
split_gain=10.9561 30.1455 31.1259 22.2325 34.3235 32.2752
threshold=285.20473384946007 0.099644470158808562 0.026872288498523741 16.100833333333352 1.1135579160110514 0.090469444658597367
decision_type=8 2 2 8 2 2
left_child=1 2 -1 4 -2 -5
right_child=3 -3 -4 5 -6 -7
leaf_value=0.0081979151373872388 0.0016433502239991502 -0.002007842963745057 -0.0013767806156293342 -0.0024520751373465995 -0.0013201003333115349 8.1447576999521928e-05
leaf_weight=55 1671 629 66 583 501 3303
leaf_count=55 1671 629 66 583 501 3303
internal_value=7.16826e-06 -0.00112471 0.00326892 0.000148922 0.000956875 -0.000303964
internal_weight=6808 750 121 6058 2172 3886
internal_count=6808 750 121 6058 2172 3886
is_linear=0
shrinkage=0.01


Tree=789
num_leaves=7
num_cat=0
split_feature=0 11 9 19 0 16
split_gain=10.9291 11.7988 12.2479 11.0114 39.8459 17.911
threshold=1.2607249096886839 0.013944066637578027 0.0016868686868686869 282.47401557822189 1.0190170208730074 214.25000000000003
decision_type=2 2 2 8 2 10
left_child=3 2 -2 4 5 -1
right_child=1 -3 -4 -5 -6 -7
leaf_value=0.0020787517838398743 0.0030261944439262151 0.005873828760924793 -0.0023689368426015505 3.1415331605320937e-05 -0.007359320005065108 -0.0033026446919254167
leaf_weight=171 85 53 66 6265 84 84
leaf_count=171 85 53 66 6265 84 84
internal_value=7.13715e-06 0.00223131 0.000667387 -6.48381e-05 -0.00179361 0.000248323
internal_weight=6808 204 151 6604 339 255
internal_count=6808 204 151 6604 339 255
is_linear=0
shrinkage=0.01


Tree=790
num_leaves=7
num_cat=0
split_feature=7 3 7 7 17 7
split_gain=10.7916 27.5349 25.6451 29.0398 22.9046 20.9186
threshold=16.881300000000003 0.12034482758620696 17.654400000000006 20.902500000000003 301.51500000000004 2.0596500000000004
decision_type=2 2 2 2 10 2
left_child=1 -1 4 -4 -2 -3
right_child=2 5 3 -5 -6 -7
leaf_value=-0.0019987158692954558 0.00048551787325042361 0.0034803538873187595 -0.0050788060600558916 0.00023929615822418371 0.0080730955935537051 -0.00020339131062304994
leaf_weight=822 84 175 95 4645 68 919
leaf_count=822 84 175 95 4645 68 919
internal_value=7.03615e-06 -0.000627215 0.00025622 0.000122242 0.00416877 0.000412061
internal_weight=6808 1916 4892 4740 152 1094
internal_count=6808 1916 4892 4740 152 1094
is_linear=0
shrinkage=0.01


Tree=791
num_leaves=7
num_cat=0
split_feature=2 19 18 16 14 19
split_gain=10.8283 22.4438 26.9828 19.332 15.7795 12.6988
threshold=0.25016427365162591 296.88733848182932 0.02720518698372006 329.15000000000009 0.081748617884687055 290.0095832340034
decision_type=2 10 2 8 2 8
left_child=1 2 4 -4 -1 -2
right_child=5 -3 3 -5 -6 -7
leaf_value=0.00050575384497642515 -0.00071906715143925284 -0.0035821174416844162 -0.0032917866249182175 0.003821715566019217 0.0064534448204227749 0.00022205184935471364
leaf_weight=65 2156 63 96 50 146 4232
leaf_count=65 2156 63 96 50 146 4232
internal_value=7.03907e-06 0.00154313 0.00252055 -0.000766836 0.00472701 -9.62106e-05
internal_weight=6808 420 357 146 211 6388
internal_count=6808 420 357 146 211 6388
is_linear=0
shrinkage=0.01


Tree=792
num_leaves=7
num_cat=0
split_feature=20 8 6 20 0 8
split_gain=11.1325 16.8684 14.6819 26.413 34.6222 21.4052
threshold=16.900000000000038 766.50000000000011 1.0000000180025095e-35 35.700000000000024 0.7845728856778581 924.00000000000011
decision_type=8 2 2 8 2 2
left_child=-1 -2 5 4 -4 -3
right_child=1 2 3 -5 -6 -7
leaf_value=0.0040033845465792259 -0.0046275831639908159 0.0031559369892318377 0.0011792663206832241 0.0011933674455108379 -0.0035013919857599745 9.7046723172400793e-05
leaf_weight=59 69 229 220 352 516 5363
leaf_count=59 69 229 220 352 516 5363
internal_value=7.01871e-06 -3.3789e-05 2.05081e-05 -0.00103689 -0.00210523 0.000227722
internal_weight=6808 6749 6680 1088 736 5592
internal_count=6808 6749 6680 1088 736 5592
is_linear=0
shrinkage=0.01


Tree=793
num_leaves=7
num_cat=0
split_feature=20 19 17 2 17 19
split_gain=10.9429 24.2615 20.4262 19.218 28.2985 17.6061
threshold=16.900000000000038 281.52391960173838 152.12000000000066 0.28369280561307603 255.01833333333292 296.88733848182932
decision_type=8 8 8 2 8 10
left_child=-1 -2 -3 4 -4 -6
right_child=1 2 3 -5 5 -7
leaf_value=0.0039691527945029999 -0.0031764546249313319 0.0058401930948994195 0.0065742991395367715 -0.0001390048149806964 0.0016118007914787305 -0.0034518976766793504
leaf_weight=59 227 51 92 5933 372 74
leaf_count=59 227 51 92 5933 372 74
internal_value=6.97051e-06 -3.34882e-05 8.05991e-05 2.62647e-05 0.00181811 0.000714361
internal_weight=6808 6749 6522 6471 538 446
internal_count=6808 6749 6522 6471 538 446
is_linear=0
shrinkage=0.01


Tree=794
num_leaves=7
num_cat=0
split_feature=11 17 13 10 11 13
split_gain=10.8113 11.0201 27.8086 46.8259 33.762 33.5199
threshold=0.047623304218267402 284.85666666666657 3.6073062513955128 0.022009118257899463 0.011270073272221071 0.25968510979177462
decision_type=2 10 2 2 2 2
left_child=1 2 3 -1 -5 -6
right_child=-2 -3 -4 4 5 -7
leaf_value=0.0086907033776135543 -0.0019540308017145704 0.0005089318911692467 -0.0011861139854727248 -0.0053860658270805471 -0.00071984568544629412 0.0022872938429332368
leaf_weight=59 260 3182 1740 89 810 668
leaf_count=59 260 3182 1740 89 810 668
internal_value=7.0655e-06 8.77952e-05 -0.000310649 0.00062772 0.000270952 0.000645505
internal_weight=6808 6548 3366 1626 1567 1478
internal_count=6808 6548 3366 1626 1567 1478
is_linear=0
shrinkage=0.01


Tree=795
num_leaves=7
num_cat=0
split_feature=20 19 19 21 19 5
split_gain=10.9497 16.3678 12.5866 24.3627 27.7853 66.8034
threshold=40.300000000000018 297.20500000000004 287.69072456453404 16.100833333333352 291.06320411624642 1.133666963241541
decision_type=10 10 8 8 10 2
left_child=2 -2 -1 -4 5 -5
right_child=1 -3 3 4 -6 -7
leaf_value=-0.00077749021272505755 -0.0046969116085152753 0.0013251589100139263 0.0013208192790101711 -0.0034897893062214515 0.00022411043892060347 0.0060688840672590361
leaf_weight=1368 106 68 1601 501 3088 76
leaf_count=1368 106 68 1601 501 3088 76
internal_value=7.0277e-06 -0.00239934 7.36596e-05 0.000295826 -0.000154303 -0.00214882
internal_weight=6808 174 6634 5266 3665 577
internal_count=6808 174 6634 5266 3665 577
is_linear=0
shrinkage=0.01


Tree=796
num_leaves=7
num_cat=0
split_feature=15 15 15 20 0 10
split_gain=10.8525 22.9954 13.2209 18.0604 21.8152 22.3944
threshold=10.619077735791935 12.644415890330858 9.6445144440292427 38.500000000000036 0.93401657028668494 0.033362775903970174
decision_type=2 2 2 10 2 2
left_child=2 -2 3 -1 -5 -6
right_child=1 -3 -4 4 5 -7
leaf_value=0.00016475404075327288 -0.003520554261027797 0.0028887429867278445 0.0030759416514172639 0.00031209950594256544 -0.0087731555719963387 -0.0017921315804924698
leaf_weight=5977 207 67 135 213 62 147
leaf_count=5977 207 67 135 213 62 147
internal_value=6.95706e-06 -0.00190679 9e-05 2.23044e-05 -0.00195239 -0.0041691
internal_weight=6808 274 6534 6399 422 209
internal_count=6808 274 6534 6399 422 209
is_linear=0
shrinkage=0.01


Tree=797
num_leaves=7
num_cat=0
split_feature=6 9 13 4 1 13
split_gain=10.9814 44.5762 33.5948 20.9356 14.7695 31.5015
threshold=1.0000000180025095e-35 0.0091439308196889953 1.2025975210681403 0.052831542241518363 1.4763982188948668 0.36440570371366515
decision_type=2 2 2 2 2 2
left_child=4 2 3 -2 -1 -6
right_child=1 -3 -4 -5 5 -7
leaf_value=-9.2635307138728523e-05 -0.00032387016237453805 0.0072850593096680117 -0.0030345593815381345 0.0054006092220544814 -0.0022409163412220523 0.0018274894494362112
leaf_weight=4411 425 53 559 65 222 1073
leaf_count=4411 425 53 559 65 222 1073
internal_value=6.77536e-06 -0.000902467 -0.00138102 0.000528324 0.000183649 0.00111822
internal_weight=6808 1102 1049 490 5706 1295
internal_count=6808 1102 1049 490 5706 1295
is_linear=0
shrinkage=0.01


Tree=798
num_leaves=7
num_cat=0
split_feature=0 22 0 8 19 16
split_gain=10.7241 15.4252 11.4612 11.2244 13.8418 41.4905
threshold=1.2607249096886839 -0.99999999999997147 1.47505365110731 2827.0000000000005 290.34923029451676 320.9500000000001
decision_type=2 10 2 2 8 10
left_child=3 -2 -3 4 5 -1
right_child=1 2 -4 -5 -6 -7
leaf_value=-0.00015809492286758726 -0.00090881002838818397 0.0069531980519493422 0.00066433858782907979 0.0027682708199883738 0.00020674807733758572 -0.0038581967545136394
leaf_weight=1841 88 65 51 127 4283 353
leaf_count=1841 88 65 51 127 4283 353
internal_value=6.83699e-06 0.00221005 0.00446043 -6.44597e-05 -0.000124185 -0.000768221
internal_weight=6808 204 116 6604 6477 2194
internal_count=6808 204 116 6604 6477 2194
is_linear=0
shrinkage=0.01


Tree=799
num_leaves=7
num_cat=0
split_feature=6 16 5 0 3 14
split_gain=10.7671 23.0443 34.707 42.0578 19.6957 21.5212
threshold=1.0000000180025095e-35 248.15000000000006 1.1181892492673984 0.9703305337523378 0.080739357366019601 0.32096882112305397
decision_type=2 10 2 2 2 2
left_child=4 2 -2 -4 5 -1
right_child=1 -3 3 -5 -6 -7
leaf_value=-0.0025207747679304188 -0.0009918625468084254 -0.0018501275336186855 0.011063278069862952 -0.00069935937225818628 0.00047603063758564829 0.00022775335017765982
leaf_weight=500 229 763 55 55 4564 642
leaf_count=500 229 763 55 55 4564 642
internal_value=6.85174e-06 -0.000893479 0.001251 0.00561379 0.000181992 -0.000987066
internal_weight=6808 1102 339 110 5706 1142
internal_count=6808 1102 339 110 5706 1142
is_linear=0
shrinkage=0.01


Tree=800
num_leaves=7
num_cat=0
split_feature=20 19 21 20 8 8
split_gain=10.7216 23.605 17.2222 17.1923 15.1643 14.1176
threshold=16.900000000000038 281.52391960173838 5.4058333333333328 22.800000000000015 766.50000000000011 924.00000000000011
decision_type=8 8 10 10 2 2
left_child=-1 2 -2 -4 -3 -6
right_child=1 4 3 -5 5 -7
leaf_value=0.0039287871251260679 9.5456630061162967e-05 -0.004361715936837228 -0.0092980464003861903 -0.0019199593769836016 0.0024422354705441068 3.6884345774962199e-05
leaf_weight=59 97 66 53 77 244 6212
leaf_count=59 97 66 53 77 244 6212
internal_value=6.86691e-06 -3.31806e-05 -0.00313333 -0.00537724 7.93527e-05 0.000131429
internal_weight=6808 6749 227 130 6522 6456
internal_count=6808 6749 227 130 6522 6456
is_linear=0
shrinkage=0.01


Tree=801
num_leaves=7
num_cat=0
split_feature=13 10 10 11 13 10
split_gain=10.7847 23.2946 19.3581 18.8601 17.3387 15.3509
threshold=69.856460594021755 0.016004421638187955 0.020514815614249404 0.017075828356138925 36.037860194726278 0.017149914869693909
decision_type=2 2 2 2 2 2
left_child=1 4 -2 -4 -1 -3
right_child=2 5 3 -5 -6 -7
leaf_value=0.0066344806407728505 -0.0069220284519136933 -0.0047060348660401671 0.0041338474100768964 -0.0023222079311437426 0.00041044909020208502 3.6316508164820339e-05
leaf_weight=83 51 59 54 145 89 6327
leaf_count=83 51 59 54 145 89 6327
internal_value=6.66511e-06 8.57281e-05 -0.00199085 -0.000456344 0.00361341 -1.47872e-05
internal_weight=6808 6558 250 199 172 6386
internal_count=6808 6558 250 199 172 6386
is_linear=0
shrinkage=0.01


Tree=802
num_leaves=7
num_cat=0
split_feature=1 18 22 10 13 8
split_gain=10.6112 18.8855 38.6943 24.6805 36.498 21.0518
threshold=0.88538587848932682 0.0092476956614456745 14.700000000000019 0.025593909851723873 1.9798798591384406 2023.5000000000002
decision_type=2 2 8 2 2 2
left_child=-1 2 -2 4 -3 -5
right_child=1 3 -4 5 -6 -7
leaf_value=-0.0011267532064061956 -0.00019737460379999912 0.0099219029353580616 -0.0065515367946389945 0.00092410228246631379 0.0012957848609700183 -0.0011328214868049271
leaf_weight=727 3028 59 89 2078 183 644
leaf_count=727 3028 59 89 2078 183 644
internal_value=6.55834e-06 0.000143676 -0.000399177 0.000713974 0.00370912 0.000435088
internal_weight=6808 6081 3117 2964 242 2722
internal_count=6808 6081 3117 2964 242 2722
is_linear=0
shrinkage=0.01


Tree=803
num_leaves=7
num_cat=0
split_feature=6 16 5 0 0 22
split_gain=10.5625 22.6777 33.9357 41.2064 19.4964 22.7678
threshold=1.0000000180025095e-35 248.15000000000006 1.1181892492673984 0.9703305337523378 0.82583795078902977 6.400000000000035
decision_type=2 10 2 2 2 10
left_child=-1 2 -2 -4 -3 -6
right_child=1 4 3 -5 5 -7
leaf_value=0.0001800068298452423 -0.00097584515624917325 -0.00015513910045712614 0.010950172055226106 -0.00069272329314396929 -0.0044794184199936707 0.001432262118689196
leaf_weight=5706 229 366 55 55 321 76
leaf_count=5706 229 366 55 55 321 76
internal_value=6.53872e-06 -0.000885196 0.00124214 0.00555612 -0.00183421 -0.00334033
internal_weight=6808 1102 339 110 763 397
internal_count=6808 1102 339 110 763 397
is_linear=0
shrinkage=0.01


Tree=804
num_leaves=7
num_cat=0
split_feature=15 16 7 15 12 20
split_gain=10.6991 23.4616 13.6976 24.948 30.7714 36.5146
threshold=10.619077735791935 293.75000000000006 24.653250000000003 0.015440263556651802 2.9727379293480429 38.200000000000024
decision_type=2 10 2 2 2 10
left_child=2 -2 -1 -4 5 -5
right_child=1 -3 3 4 -6 -7
leaf_value=-0.00054794110686860558 -0.0043107885119789639 0.0014340058426458874 -0.0028659428096355194 0.0016566185632175782 -0.00052658244528159973 -0.0022631559448834872
leaf_weight=2219 157 117 210 2314 1535 256
leaf_count=2219 157 117 210 2314 1535 256
internal_value=6.56514e-06 -0.0018936 8.90196e-05 0.000417088 0.000591595 0.00125891
internal_weight=6808 274 6534 4315 4105 2570
internal_count=6808 274 6534 4315 4105 2570
is_linear=0
shrinkage=0.01


Tree=805
num_leaves=7
num_cat=0
split_feature=2 18 7 18 3 20
split_gain=10.5617 20.3971 31.7918 22.6341 20.1743 21.0691
threshold=0.25016427365162591 0.02720518698372006 29.691000000000003 0.018780197360162568 0.14249343951516913 38.500000000000036
decision_type=2 2 2 2 2 10
left_child=1 2 3 -1 5 -2
right_child=4 -3 -4 -5 -6 -7
leaf_value=-0.0047858229552706086 -0.00069593368606957152 -0.0011378022104899367 0.0071215337712191434 0.0029271608798836285 0.00027635700191430121 -0.0053951857401297824
leaf_weight=50 1854 168 108 94 4443 91
leaf_count=50 1854 168 108 94 4443 91
internal_value=6.3906e-06 0.00152346 0.00327334 0.000112178 -9.55793e-05 -0.000942268
internal_weight=6808 420 252 144 6388 1945
internal_count=6808 420 252 144 6388 1945
is_linear=0
shrinkage=0.01


Tree=806
num_leaves=7
num_cat=0
split_feature=15 16 14 14 2 13
split_gain=10.486 23.0405 13.5921 18.3662 16.5748 30.986
threshold=10.619077735791935 293.75000000000006 0.99808018419407829 0.7062270558660152 0.66680629117502621 17.877604077128598
decision_type=2 10 2 2 2 2
left_child=2 -2 3 -1 5 -5
right_child=1 -3 -4 4 -6 -7
leaf_value=8.9393312600900612e-05 -0.0042702632642512822 0.0014226688652374511 -0.00061556085980713361 0.0010019994441512682 3.2591611622850213e-05 0.0063226534035918172
leaf_weight=3798 157 117 1926 311 336 163
leaf_count=3798 157 117 1926 311 336 163
internal_value=6.30191e-06 -0.00187484 8.79312e-05 0.000382665 0.00173992 0.00292451
internal_weight=6808 274 6534 4608 810 474
internal_count=6808 274 6534 4608 810 474
is_linear=0
shrinkage=0.01


Tree=807
num_leaves=7
num_cat=0
split_feature=13 10 14 10 11 17
split_gain=10.5169 22.7095 47.7786 19.0252 18.4407 15.7067
threshold=69.856460594021755 0.016004421638187955 0.83968523858124133 0.020514815614249404 0.017075828356138925 266.12333333333339
decision_type=2 2 2 2 2 8
left_child=1 2 -1 -2 -5 -4
right_child=3 -3 5 4 -6 -7
leaf_value=0.0092945646715384949 -0.0068547720547582278 -1.4871696482606399e-05 0.0027262815915536686 0.0040931491117225964 -0.00229062439900853 -0.0044980344182501235
leaf_weight=71 51 6386 51 54 145 50
leaf_count=71 51 6386 51 54 145 50
internal_value=6.29732e-06 8.43729e-05 0.00356748 -0.00196626 -0.000445384 -0.000933143
internal_weight=6808 6558 172 250 199 101
internal_count=6808 6558 172 250 199 101
is_linear=0
shrinkage=0.01


Tree=808
num_leaves=7
num_cat=0
split_feature=8 7 8 8 5 0
split_gain=10.56 16.0651 18.7678 27.7725 50.3982 37.5127
threshold=2827.0000000000005 15.902550000000003 1674.5000000000002 1462.0000000000002 1.5328994388839019 1.0886072067415673
decision_type=2 2 2 2 2 2
left_child=1 -1 3 4 -3 -5
right_child=-2 2 -4 5 -6 -7
leaf_value=-0.0008751055414171824 0.0027546000689349687 3.7203647461528181e-05 0.0010544899732812924 -0.0011821967882960434 0.007627942516151202 -0.0093616209765438173
leaf_weight=1735 127 2256 1793 765 81 51
leaf_count=1735 127 2256 1793 765 81 51
internal_value=6.27036e-06 -5.00118e-05 0.000240603 -0.000224096 0.000331677 -0.00180056
internal_weight=6808 6681 4946 3153 2337 816
internal_count=6808 6681 4946 3153 2337 816
is_linear=0
shrinkage=0.01


Tree=809
num_leaves=7
num_cat=0
split_feature=20 20 0 10 9 18
split_gain=10.4752 13.6224 13.1733 19.9749 14.6201 13.3989
threshold=16.900000000000038 19.000000000000032 1.2607249096886839 0.023116111152882968 0.00054545454545454439 0.0092476956614456745
decision_type=8 8 2 2 2 2
left_child=-1 -2 5 -4 -5 -3
right_child=1 2 3 4 -6 -7
leaf_value=0.0038828078912658804 -0.0040353255111369351 -0.00052468013096655327 0.0071500003774417568 0.0032128523698165302 -0.0028642151926954592 0.00038342648982591396
leaf_weight=59 74 3175 54 74 65 3307
leaf_count=59 74 3175 54 74 65 3307
internal_value=6.20847e-06 -3.33754e-05 1.69608e-05 0.00252544 0.000369553 -6.15035e-05
internal_weight=6808 6749 6675 193 139 6482
internal_count=6808 6749 6675 193 139 6482
is_linear=0
shrinkage=0.01


Tree=810
num_leaves=7
num_cat=0
split_feature=17 14 16 7 2 4
split_gain=10.3893 26.9704 27.6424 23.6157 105.451 33.3432
threshold=284.85666666666657 0.090469444658597367 336.35000000000008 1697.5800000000002 0.53764848723307901 -0.15274769776612848
decision_type=10 2 10 2 2 2
left_child=3 2 -2 -1 -5 -6
right_child=1 -3 -4 4 5 -7
leaf_value=-0.00060590549079172758 -0.0027574747475707325 0.00078564385439358348 0.003288791428009669 0.0094358227466776346 0.0025899572200500051 -0.006857820132232093
leaf_weight=3234 418 2824 83 110 55 84
leaf_count=3234 418 2824 83 110 55 84
internal_value=6.25206e-06 0.000405449 -0.00171104 -0.000374906 0.00253286 -0.00319656
internal_weight=6808 3325 501 3483 249 139
internal_count=6808 3325 501 3483 249 139
is_linear=0
shrinkage=0.01


Tree=811
num_leaves=7
num_cat=0
split_feature=11 9 7 2 18 7
split_gain=10.4283 21.6854 36.0894 14.3721 20.2982 28.4474
threshold=0.047623304218267402 0.0094679936677383916 15.600150000000001 0.23918578090085316 0.02720518698372006 29.691000000000003
decision_type=2 2 2 2 2 2
left_child=1 3 -3 4 5 -1
right_child=-2 2 -4 -5 -6 -7
leaf_value=0.00027246289021734679 -0.0019197627354577116 -0.0019239349828147499 0.0086987911940967621 -0.00010694337830521294 -0.00084413237006896553 0.0077872598306322005
leaf_weight=102 260 51 64 6097 143 91
leaf_count=102 260 51 64 6097 143 91
internal_value=6.27577e-06 8.55633e-05 0.0042108 5.39712e-06 0.00198808 0.00402477
internal_weight=6808 6548 115 6433 336 193
internal_count=6808 6548 115 6433 336 193
is_linear=0
shrinkage=0.01


Tree=812
num_leaves=7
num_cat=0
split_feature=19 14 10 14 1 18
split_gain=10.6068 51.6637 48.1114 29.8966 31.0146 30.7407
threshold=287.69072456453404 0.099644470158808562 0.024186181654504809 0.090469444658597367 1.4444093051836584 0.0047635579390820611
decision_type=8 2 2 2 2 2
left_child=1 2 -1 -2 -5 -6
right_child=3 -3 -4 4 5 -7
leaf_value=0.010762446253616926 -0.0016691666086924009 -0.0016366426698210129 0.00062681193251840084 -4.8990954647277945e-07 -0.00051968371014771305 0.0028315865861666179
leaf_weight=56 727 1146 166 3432 389 892
leaf_count=56 727 1146 166 3432 389 892
internal_value=6.38848e-06 -0.000777445 0.00353724 0.000204564 0.000496517 0.00181777
internal_weight=6808 1368 222 5440 4713 1281
internal_count=6808 1368 222 5440 4713 1281
is_linear=0
shrinkage=0.01


Tree=813
num_leaves=7
num_cat=0
split_feature=19 17 22 0 17 5
split_gain=10.3808 36.43 28.1426 38.1879 29.6898 24.3737
threshold=287.69072456453404 259.4300000000004 -1.0999999999999657 1.1330994699456982 308.79666666666668 1.0293057548074107
decision_type=8 10 8 2 10 2
left_child=1 5 -2 -4 -5 -1
right_child=2 -3 3 4 -6 -7
leaf_value=-0.00053587671079890825 0.0018204508933048378 -0.0034429594558214277 -0.00032014692740781655 0.0060756067662979616 -0.0022453127368803946 0.003377627220541371
leaf_weight=819 888 362 4345 155 52 187
leaf_count=819 888 362 4345 155 52 187
internal_value=6.47706e-06 -0.000768962 0.00020253 -0.000116391 0.00397818 0.000217668
internal_weight=6808 1368 5440 4552 207 1006
internal_count=6808 1368 5440 4552 207 1006
is_linear=0
shrinkage=0.01


Tree=814
num_leaves=7
num_cat=0
split_feature=13 13 13 0 4 13
split_gain=10.3153 18.5435 14.1991 41.3501 27.1413 24.1772
threshold=69.856460594021755 72.355702287527365 41.858766462703876 0.9286343896336956 0.086065307596167664 24.134405199512379
decision_type=2 2 2 2 2 2
left_child=2 -2 5 -4 -5 -1
right_child=1 -3 3 4 -6 -7
leaf_value=0.000123187531257082 -0.006722079863952052 -0.00043015191541948857 -0.00090507028401344124 0.00087978775037400841 0.0070730464348475195 -0.0022105200886417867
leaf_weight=5479 52 198 324 134 148 473
leaf_count=5479 52 198 324 134 148 473
internal_value=6.48165e-06 -0.00194708 8.38052e-05 0.00152912 0.00426106 -6.56667e-05
internal_weight=6808 250 6558 606 282 5952
internal_count=6808 250 6558 606 282 5952
is_linear=0
shrinkage=0.01


Tree=815
num_leaves=7
num_cat=0
split_feature=6 9 0 19 20 12
split_gain=10.582 42.7616 30.2887 18.4145 49.3555 60.6617
threshold=1.0000000180025095e-35 0.0091439308196889953 0.93536255026374848 291.06320411624642 34.300000000000018 0.50691244239631339
decision_type=2 2 2 8 10 2
left_child=3 2 -2 4 -1 -6
right_child=1 -3 -4 -5 5 -7
leaf_value=-4.6704697718046579e-05 -0.00029501308477121777 0.0071330336682380192 -0.0040641526855616159 0.00067120904346227727 -0.00994085814631223 0.00093776233673020445
leaf_weight=2251 762 53 287 3260 106 89
leaf_count=2251 762 53 287 3260 106 89
internal_value=6.38469e-06 -0.000886171 -0.00135487 0.000180013 -0.000474715 -0.0051722
internal_weight=6808 1102 1049 5706 2446 195
internal_count=6808 1102 1049 5706 2446 195
is_linear=0
shrinkage=0.01


Tree=816
num_leaves=7
num_cat=0
split_feature=11 17 13 13 13 1
split_gain=10.2211 10.8033 27.3875 30.43 30.3708 50.6947
threshold=0.047623304218267402 284.85666666666657 3.6073062513955128 16.265073570448624 0.25968510979177462 1.5564677500199642
decision_type=2 10 2 2 2 2
left_child=1 2 4 -4 -1 -6
right_child=-2 -3 3 -5 5 -7
leaf_value=-0.0006944335682197442 -0.001900573399607782 0.00050171107293106544 -0.0031188917380507537 -0.00027983330806546371 0.0038788417059832702 -0.0013831697792408644
leaf_weight=842 260 3182 543 1197 507 277
leaf_count=842 260 3182 543 1197 507 277
internal_value=6.23864e-06 8.47347e-05 -0.000309767 -0.00117857 0.000621476 0.00202568
internal_weight=6808 6548 3366 1740 1626 784
internal_count=6808 6548 3366 1740 1626 784
is_linear=0
shrinkage=0.01


Tree=817
num_leaves=7
num_cat=0
split_feature=6 5 19 13 22 17
split_gain=10.355 19.374 23.3875 18.7586 24.6364 18.3966
threshold=1.0000000180025095e-35 1.6723283689422437 290.7385313088983 0.11463151864801391 6.400000000000035 275.02833333333342
decision_type=2 2 10 2 8 10
left_child=5 3 -3 -2 -5 -1
right_child=1 2 -4 4 -6 -7
leaf_value=-0.00045999808182559603 0.0011580459249842033 0.0073679947738225261 -0.0014107262478633361 -0.0033562907861274349 0.00037366833937342705 0.00068157683006709344
leaf_weight=2518 229 50 56 498 269 3188
leaf_count=2518 229 50 56 498 269 3188
internal_value=6.1323e-06 -0.000876796 0.00300838 -0.00131607 -0.00206016 0.000177888
internal_weight=6808 1102 106 996 767 5706
internal_count=6808 1102 106 996 767 5706
is_linear=0
shrinkage=0.01


Tree=818
num_leaves=7
num_cat=0
split_feature=20 20 2 17 3 21
split_gain=10.2728 13.5071 15.5307 30.1442 21.6149 20.6714
threshold=16.900000000000038 19.000000000000032 0.25016427365162591 255.01833333333292 0.079021723885935077 11.114166666666696
decision_type=8 8 2 8 2 10
left_child=-1 -2 3 -3 5 -4
right_child=1 2 4 -5 -6 -7
leaf_value=0.0038450886341709427 -0.0040180522190140832 0.0072011029956971897 -0.0050269726629328174 0.00051075315149178534 0.00016115216553877997 -0.00085575885855443997
leaf_weight=59 74 75 127 333 5189 951
leaf_count=59 74 75 127 333 5189 951
internal_value=6.13485e-06 -3.30646e-05 1.7058e-05 0.00188345 -0.000107257 -0.00138886
internal_weight=6808 6749 6675 408 6267 1078
internal_count=6808 6749 6675 408 6267 1078
is_linear=0
shrinkage=0.01


Tree=819
num_leaves=7
num_cat=0
split_feature=15 15 14 0 10 13
split_gain=10.2293 22.5941 12.946 29.4277 22.3772 76.0111
threshold=10.619077735791935 12.644415890330858 0.99808018419407829 1.0886072067415673 0.019955804785169399 58.600318294774887
decision_type=2 2 2 2 2 2
left_child=2 -2 4 -4 5 -1
right_child=1 -3 3 -5 -6 -7
leaf_value=0.00485328268119761 -0.0034523040319316533 0.0028989122907159392 -0.00028696871437421806 -0.005484046636406204 0.00016912058586585174 -0.0066212703153077099
leaf_weight=296 207 67 1820 106 4250 62
leaf_count=296 207 67 1820 106 4250 62
internal_value=6.10015e-06 -0.00185188 8.67244e-05 -0.000599846 0.000374367 0.00274014
internal_weight=6808 274 6534 1926 4608 358
internal_count=6808 274 6534 1926 4608 358
is_linear=0
shrinkage=0.01


Tree=820
num_leaves=7
num_cat=0
split_feature=6 20 16 20 17 7
split_gain=10.1935 23.1604 26.2025 19.7561 18.076 50.0073
threshold=1.0000000180025095e-35 35.700000000000024 250.05000000000004 36.700000000000024 275.02833333333342 1697.5800000000002
decision_type=2 8 10 8 10 2
left_child=4 2 -2 -3 5 -1
right_child=1 3 -4 -5 -6 -7
leaf_value=-0.00083975218929382685 0.00071467359090346915 0.0044297752119600775 -0.0032016573335909154 -0.00044675464596021403 0.00067561480573672566 0.0046580177326320431
leaf_weight=2350 255 115 489 243 3188 168
leaf_count=2350 255 115 489 243 3188 168
internal_value=5.92294e-06 -0.000870095 -0.00186769 0.00119754 0.000176335 -0.000455968
internal_weight=6808 1102 744 358 5706 2518
internal_count=6808 1102 744 358 5706 2518
is_linear=0
shrinkage=0.01


Tree=821
num_leaves=7
num_cat=0
split_feature=1 18 22 15 11 1
split_gain=10.0855 18.1661 37.5599 22.4113 20.7294 17.157
threshold=0.88538587848932682 0.0092476956614456745 14.700000000000019 0.3631629955415252 0.019029298680714544 1.5271865226025343
decision_type=2 2 8 2 2 2
left_child=-1 2 -2 5 -5 -3
right_child=1 3 -4 4 -6 -7
leaf_value=-0.0010989317887550906 -0.00019395972634966862 -0.0011254380714998532 -0.0064542861233907517 0.0034626343727279141 0.00081008894168991489 0.0029168143834580073
leaf_weight=727 3028 797 89 349 1707 111
leaf_count=727 3028 797 89 349 1707 111
internal_value=5.95156e-06 0.000139631 -0.00039278 0.000698962 0.00127493 -0.000604895
internal_weight=6808 6081 3117 2964 2056 908
internal_count=6808 6081 3117 2964 2056 908
is_linear=0
shrinkage=0.01


Tree=822
num_leaves=7
num_cat=0
split_feature=8 14 14 7 7 17
split_gain=10.3589 15.686 15.411 11.787 17.0507 10.9994
threshold=2827.0000000000005 0.079064266088257867 0.073884993993132572 0.53100000000000003 1.4359500000000003 274.39166666666637
decision_type=2 2 2 2 2 10
left_child=1 2 -1 -3 -5 -6
right_child=-2 3 -4 4 5 -7
leaf_value=-0.00061346960274557421 0.0027279009021492335 -0.0042343959904142785 -0.0049331611300046305 0.0043171264819408719 -0.00043096405590809108 0.00041911319661863461
leaf_weight=262 127 53 113 85 2692 3476
leaf_count=262 127 53 113 85 2692 3476
internal_value=5.86736e-06 -4.98758e-05 -0.00200946 6.96523e-05 0.000112836 4.80032e-05
internal_weight=6808 6681 375 6306 6253 6168
internal_count=6808 6681 375 6306 6253 6168
is_linear=0
shrinkage=0.01


Tree=823
num_leaves=7
num_cat=0
split_feature=15 16 7 15 12 19
split_gain=10.0903 22.2894 12.8412 24.2362 28.7611 30.2378
threshold=10.619077735791935 293.75000000000006 24.653250000000003 0.015440263556651802 2.9727379293480429 290.0095832340034
decision_type=2 10 2 2 2 8
left_child=2 -2 -1 -4 5 -5
right_child=1 -3 3 4 -6 -7
leaf_value=-0.00053088238678544915 -0.004195665712949324 0.0014035162608291383 -0.0028323128522289073 -8.6512953738425764e-07 -0.00050554606890284019 0.0021801130827298794
leaf_weight=2219 157 117 210 1135 1535 1435
leaf_count=2219 157 117 210 1135 1535 1435
internal_value=5.76839e-06 -0.00183954 8.58433e-05 0.00040349 0.000575505 0.00122065
internal_weight=6808 274 6534 4315 4105 2570
internal_count=6808 274 6534 4315 4105 2570
is_linear=0
shrinkage=0.01


Tree=824
num_leaves=7
num_cat=0
split_feature=8 19 22 8 8 8
split_gain=10.2016 13.409 24.0856 35.3931 52.6775 19.7507
threshold=2827.0000000000005 287.69072456453404 -1.0999999999999657 2305.5000000000005 2317.0000000000005 1462.0000000000002
decision_type=2 8 8 2 2 2
left_child=1 5 3 -3 -5 -1
right_child=-2 2 -4 4 -6 -7
leaf_value=0.00071410713460572572 0.0027069407070300332 0.0006058589811335748 -0.00012344623032301181 0.010778935647814682 0.0003213614056211546 -0.001861163866952324
leaf_weight=452 127 681 4525 85 99 839
leaf_count=452 127 681 4525 85 99 839
internal_value=5.64497e-06 -4.96732e-05 0.000169972 0.00168877 0.0054589 -0.000960961
internal_weight=6808 6681 5390 865 184 1291
internal_count=6808 6681 5390 865 184 1291
is_linear=0
shrinkage=0.01


Tree=825
num_leaves=7
num_cat=0
split_feature=0 10 22 19 0 7
split_gain=9.9597 16.6517 11.6365 9.94401 28.3269 32.7904
threshold=1.2607249096886839 0.023116111152882968 2.3000000000000118 282.70884993495787 1.0190170208730074 467.50860000000006
decision_type=2 2 10 8 2 2
left_child=3 -2 -3 4 5 -1
right_child=1 2 -4 -5 -6 -7
leaf_value=-0.0017904667315492609 0.0061732254841405411 -0.0019345295215763226 0.0035163485698285514 3.2352739665569697e-05 -0.0062334556597040385 0.006155340005057245
leaf_weight=221 59 91 54 6237 89 57
leaf_count=221 59 91 54 6237 89 57
internal_value=5.78129e-06 0.00212903 0.000191347 -6.29263e-05 -0.00164006 -4.13206e-06
internal_weight=6808 204 145 6604 367 278
internal_count=6808 204 145 6604 367 278
is_linear=0
shrinkage=0.01


Tree=826
num_leaves=7
num_cat=0
split_feature=6 16 16 3 2 10
split_gain=10.0384 21.8701 18.5548 18.547 31.1811 29.5889
threshold=1.0000000180025095e-35 248.15000000000006 191.85000000000005 0.080739357366019601 0.33357726690579381 0.018953767980624581
decision_type=2 10 8 2 2 2
left_child=3 2 -2 5 -5 -1
right_child=1 -3 -4 4 -6 -7
leaf_value=-0.0073616664407446112 -0.0021545443301938735 -0.0017955092404563014 0.0027482353371701069 0.003651619681647171 0.00024603439962059558 -0.00055282249887643291
leaf_weight=58 104 763 235 277 4287 1084
leaf_count=58 104 763 235 277 4287 1084
internal_value=5.81028e-06 -0.000863515 0.0012255 0.00017492 0.000460259 -0.000959532
internal_weight=6808 1102 339 5706 4564 1142
internal_count=6808 1102 339 5706 4564 1142
is_linear=0
shrinkage=0.01


Tree=827
num_leaves=7
num_cat=0
split_feature=8 13 13 8 8 13
split_gain=9.9819 21.2352 53.1169 37.9358 33.5252 23.3455
threshold=2827.0000000000005 56.976141278812015 41.858766462703876 1807.5000000000002 916.50000000000011 24.134405199512379
decision_type=2 2 2 2 2 2
left_child=1 2 5 4 -4 -1
right_child=-2 -3 3 -5 -6 -7
leaf_value=9.6283337591099863e-05 0.0026777215053280226 -0.0020335846008940083 0.0031801442567619587 0.0004088946844318083 0.013314076237523785 -0.0022039551297639267
leaf_weight=5454 127 489 83 130 55 470
leaf_count=5454 127 489 83 130 55 470
internal_value=5.67563e-06 -4.90437e-05 0.000110707 0.00438278 0.00784573 -8.96202e-05
internal_weight=6808 6681 6192 268 138 5924
internal_count=6808 6681 6192 268 138 5924
is_linear=0
shrinkage=0.01


Tree=828
num_leaves=7
num_cat=0
split_feature=22 18 7 3 4 17
split_gain=9.80187 27.3533 13.6664 49.7407 68.5974 44.6929
threshold=14.700000000000019 0.0090711472527982926 683.67465000000004 0.3333762667282052 -0.15274769776612848 284.4483333333331
decision_type=10 2 2 2 2 10
left_child=2 -2 -1 5 -5 -4
right_child=1 -3 3 4 -6 -7
leaf_value=-4.9225029365831765e-05 -0.0060601057609004014 0.0013267692512070593 0.0074218920957759994 0.003636705026131224 -0.01027793806471995 -0.00019008743891258114
leaf_weight=6199 85 100 159 64 60 141
leaf_count=6199 85 100 159 64 60 141
internal_value=5.84533e-06 -0.00220393 7.08004e-05 0.00178631 -0.00336074 0.00395354
internal_weight=6808 185 6623 424 124 300
internal_count=6808 185 6623 424 124 300
is_linear=0
shrinkage=0.01


Tree=829
num_leaves=7
num_cat=0
split_feature=15 15 15 6 10 22
split_gain=9.88994 22.1295 12.6255 16.8975 17.1769 17.3355
threshold=10.619077735791935 12.644415890330858 9.6445144440292427 1.0000000180025095e-35 0.019468567683450278 6.400000000000035
decision_type=2 2 2 2 2 8
left_child=2 -2 3 -1 -5 -6
right_child=1 -3 -4 4 5 -7
leaf_value=0.00024079051191493915 -0.0034052997004119507 0.0028796971637707254 0.0030029391115531322 0.0029336543819629291 -0.0025173475363282887 0.00039061751735652725
leaf_weight=5397 207 67 135 84 617 301
leaf_count=5397 207 67 135 84 617 301
internal_value=5.7254e-06 -0.00182117 8.50014e-05 1.88521e-05 -0.00116713 -0.00156993
internal_weight=6808 274 6534 6399 1002 918
internal_count=6808 274 6534 6399 1002 918
is_linear=0
shrinkage=0.01


Tree=830
num_leaves=7
num_cat=0
split_feature=20 17 15 17 15 3
split_gain=10.1404 12.1132 19.3497 25.4158 32.4311 36.3541
threshold=40.300000000000018 284.85666666666657 0.023961753394527954 213.16166666666678 1.2020718893160192 0.15130367750953388
decision_type=10 10 2 8 2 2
left_child=1 2 -1 4 5 -4
right_child=-2 -3 3 -5 -6 -7
leaf_value=-0.003048658351261853 -0.0023100133834447227 0.00051476160795469502 0.0090252932219692834 -0.00063130962320934376 -0.00074562303676203878 0.0017447334341398491
leaf_weight=235 174 3177 79 2451 360 332
leaf_count=235 174 3177 79 2451 360 332
internal_value=5.71985e-06 6.98435e-05 -0.000339344 -0.000132916 0.00143927 0.0033253
internal_weight=6808 6634 3457 3222 771 411
internal_count=6808 6634 3457 3222 771 411
is_linear=0
shrinkage=0.01


Tree=831
num_leaves=7
num_cat=0
split_feature=1 14 0 14 1 0
split_gain=9.86754 12.2701 28.3755 25.2102 43.8366 92.382
threshold=0.88538587848932682 0.99808018419407829 1.0886072067415673 0.7062270558660152 2.1900307357611051 1.0312518986167587
decision_type=2 2 2 2 2 2
left_child=-1 3 -3 -2 5 -5
right_child=1 2 -4 4 -6 -7
leaf_value=-0.001087148429959298 7.0454355414116676e-05 -0.0002304512266262114 -0.0053348218070136183 0.0014317065855496416 -0.0053632394517835694 0.012536267099122323
leaf_weight=727 3631 1592 107 612 63 76
leaf_count=727 3631 1592 107 612 63 76
internal_value=5.72938e-06 0.000137956 -0.00058125 0.000417497 0.00207244 0.0028204
internal_weight=6808 6081 1699 4382 751 688
internal_count=6808 6081 1699 4382 751 688
is_linear=0
shrinkage=0.01


Tree=832
num_leaves=7
num_cat=0
split_feature=20 8 16 6 20 0
split_gain=10.1288 16.1397 13.8968 13.5244 24.1637 32.9821
threshold=16.900000000000038 766.50000000000011 114.45000000000003 1.0000000180025095e-35 35.700000000000024 0.74441299423730023
decision_type=8 2 8 2 8 2
left_child=-1 -2 -3 -4 5 -5
right_child=1 2 3 4 -6 -7
leaf_value=0.0038176551503736689 -0.0045266882214648058 -0.0036430489582320053 0.00027700209654682863 0.0017149094178501557 0.0011829999688940729 -0.0031759301853339808
leaf_weight=59 69 92 5512 176 352 548
leaf_count=59 69 92 5512 176 352 548
internal_value=5.70175e-06 -3.32214e-05 1.98901e-05 7.64862e-05 -0.000943784 -0.00197983
internal_weight=6808 6749 6680 6588 1076 724
internal_count=6808 6749 6680 6588 1076 724
is_linear=0
shrinkage=0.01


Tree=833
num_leaves=7
num_cat=0
split_feature=0 10 9 18 11 8
split_gain=9.91303 16.519 16.3168 11.7853 35.6049 40.1021
threshold=1.2607249096886839 0.023116111152882968 0.00054545454545454439 0.0078375534055355033 0.019029298680714544 1471.5000000000002
decision_type=2 2 2 2 2 2
left_child=3 -2 -3 -1 5 -5
right_child=1 2 -4 4 -6 -7
leaf_value=-0.00059146898842238175 0.0061519134249808129 0.0031238327934195033 -0.0031802155435472343 0.0052903986000715575 -0.00020642240179183388 0.00059741690327168968
leaf_weight=2567 59 78 67 259 3205 573
leaf_count=2567 59 78 67 259 3205 573
internal_value=5.58087e-06 0.00212384 0.000193682 -6.29653e-05 0.000273725 0.00210381
internal_weight=6808 204 145 6604 4037 832
internal_count=6808 204 145 6604 4037 832
is_linear=0
shrinkage=0.01


Tree=834
num_leaves=7
num_cat=0
split_feature=20 18 17 8 17 8
split_gain=9.96539 15.0052 11.8287 19.7753 27.618 59.6058
threshold=40.300000000000018 0.0090711472527982926 284.85666666666657 1025.0000000000002 213.16166666666678 1128.5000000000002
decision_type=10 2 10 2 8 2
left_child=2 -2 3 -1 5 -5
right_child=1 -3 -4 4 -6 -7
leaf_value=-0.0022660615416142441 -0.0052423750985874217 0.00043063267231697132 0.00050891974188643752 0.0092449900088320078 -0.00056820228848410202 0.00056571560238513185
leaf_weight=450 79 95 3177 81 2307 619
leaf_count=450 79 95 3177 81 2307 619
internal_value=5.68913e-06 -0.00228997 6.9257e-05 -0.000335098 -3.95742e-05 0.0016861
internal_weight=6808 174 6634 3457 3007 700
internal_count=6808 174 6634 3457 3007 700
is_linear=0
shrinkage=0.01


Tree=835
num_leaves=7
num_cat=0
split_feature=19 17 2 17 16 19
split_gain=9.94851 19.6344 17.2178 35.8972 26.3594 16.5804
threshold=280.33494572565115 152.12000000000066 0.25016427365162591 251.32166666666663 311.65000000000009 287.69072456453404
decision_type=8 8 2 8 10 10
left_child=-1 -2 3 -3 -5 -4
right_child=1 2 5 4 -6 -7
leaf_value=-0.0021531196166300055 0.004660658101024835 0.0081950435758029166 -0.001288227957206555 -0.0026815117187829487 0.0028319859123300938 0.00010737457604478439
leaf_weight=197 82 66 1011 138 200 5114
leaf_count=197 82 66 1011 138 200 5114
internal_value=5.67146e-06 7.31557e-05 8.50026e-06 0.00198231 0.000568544 -0.00012471
internal_weight=6808 6611 6529 404 338 6125
internal_count=6808 6611 6529 404 338 6125
is_linear=0
shrinkage=0.01


Tree=836
num_leaves=7
num_cat=0
split_feature=13 13 13 13 22 1
split_gain=9.69772 18.307 14.032 34.991 43.0716 41.6826
threshold=69.856460594021755 82.6537966553622 41.858766462703876 55.669639344324075 -1.9999999999999714 1.5006751295101188
decision_type=2 2 2 2 10 2
left_child=2 -2 -1 4 -4 -6
right_child=1 -3 3 -5 5 -7
leaf_value=-6.7854772354815715e-05 -0.0037235729092216425 0.0018073530878461098 -0.0016548457263057593 -0.00059938046958202241 0.0008724487612352652 0.010564755827694297
leaf_weight=5952 167 83 83 342 75 106
leaf_count=5952 167 83 83 342 75 106
internal_value=5.7566e-06 -0.00188842 8.07304e-05 0.00151751 0.00418164 0.00680455
internal_weight=6808 250 6558 606 264 181
internal_count=6808 250 6558 606 264 181
is_linear=0
shrinkage=0.01


Tree=837
num_leaves=7
num_cat=0
split_feature=19 17 2 17 16 19
split_gain=9.74449 19.2947 16.9465 35.2721 25.8458 16.2131
threshold=280.33494572565115 152.12000000000066 0.25016427365162591 251.32166666666663 311.65000000000009 287.69072456453404
decision_type=8 8 2 8 10 10
left_child=-1 -2 3 -3 -5 -4
right_child=1 2 5 4 -6 -7
leaf_value=-0.0021307368110021767 0.0046202396320017139 0.0081251175240858609 -0.0012742148413357416 -0.0026530751189833657 0.0028064713394712836 0.00010584249545077217
leaf_weight=197 82 66 1011 138 200 5114
leaf_count=197 82 66 1011 138 200 5114
internal_value=5.80462e-06 7.2593e-05 8.49922e-06 0.0019667 0.000565241 -0.000123657
internal_weight=6808 6611 6529 404 338 6125
internal_count=6808 6611 6529 404 338 6125
is_linear=0
shrinkage=0.01


Tree=838
num_leaves=7
num_cat=0
split_feature=11 9 7 2 22 10
split_gain=9.80833 20.8486 34.9913 13.1567 22.8769 15.3634
threshold=0.047623304218267402 0.0094679936677383916 15.600150000000001 0.23918578090085316 -3.4999999999999711 0.03529871864335387
decision_type=2 2 2 2 10 2
left_child=1 3 -3 4 -1 -6
right_child=-2 2 -4 -5 5 -7
leaf_value=-0.0019721437721428544 -0.0018620259317276241 -0.0019105414062982702 0.0085472854825894579 -0.00010330388476117159 0.005941953521597293 0.00085221793275238494
leaf_weight=100 260 51 64 6097 119 117
leaf_count=100 260 51 64 6097 119 117
internal_value=5.88738e-06 8.27824e-05 0.00412765 4.17989e-06 0.00190118 0.00355587
internal_weight=6808 6548 115 6433 336 236
internal_count=6808 6548 115 6433 336 236
is_linear=0
shrinkage=0.01


Tree=839
num_leaves=7
num_cat=0
split_feature=20 19 1 20 14 14
split_gain=9.93584 21.744 24.2031 13.3953 49.6427 29.3636
threshold=16.900000000000038 281.52391960173838 1.2400236072581865 26.900000000000038 0.17021881020370608 0.090469444658597367
decision_type=8 8 2 8 2 2
left_child=-1 2 -2 4 -3 -5
right_child=1 3 -4 5 -6 -7
leaf_value=0.0037814392046867941 8.7494390920090325e-05 0.0035841626786573774 -0.0062995610297050166 -0.0020817923805634699 -0.00083788353995462082 0.00015138120557863741
leaf_weight=59 122 446 105 660 566 4850
leaf_count=59 122 446 105 660 566 4850
internal_value=5.96774e-06 -3.25834e-05 -0.00300802 7.54239e-05 0.00112696 -0.0001194
internal_weight=6808 6749 227 6522 1012 5510
internal_count=6808 6749 227 6522 1012 5510
is_linear=0
shrinkage=0.01


Tree=840
num_leaves=7
num_cat=0
split_feature=0 10 0 11 1 19
split_gain=9.80161 16.2669 9.978 63.9158 35.9828 25.6475
threshold=1.2607249096886839 0.023116111152882968 1.0704508661320939 0.019640195891634762 1.8096649694540605 288.34692148954599
decision_type=2 2 2 2 2 10
left_child=2 -2 -1 4 5 -4
right_child=1 -3 3 -5 -6 -7
leaf_value=4.7877658041726655e-05 0.0061094519576948628 0.0001965204386881763 -0.0026567092000461018 0.003707510749442559 -0.0015099454880890218 -0.012907643459977643
leaf_weight=6121 59 145 51 155 225 52
leaf_count=6121 59 145 51 155 225 52
internal_value=5.88438e-06 0.00211221 -6.2276e-05 -0.00143089 -0.00389695 -0.00851622
internal_weight=6808 204 6604 483 328 103
internal_count=6808 204 6604 483 328 103
is_linear=0
shrinkage=0.01


Tree=841
num_leaves=7
num_cat=0
split_feature=15 16 15 21 14 9
split_gain=9.70025 21.6787 12.2293 12.715 26.5893 36.3435
threshold=10.619077735791935 293.75000000000006 9.6445144440292427 17.628333333333362 0.090469444658597367 1.0000000180025095e-35
decision_type=2 10 2 10 2 2
left_child=2 -2 3 -1 5 -5
right_child=1 -3 -4 4 -6 -7
leaf_value=0.000420218242680172 -0.0041273546188199776 0.0013941250603983369 0.002956023703168692 -0.00082247937785296103 -4.4346129244400832e-05 -0.0068937478801037403
leaf_weight=3532 157 117 135 339 2397 131
leaf_count=3532 157 117 135 339 2397 131
internal_value=5.72268e-06 -0.00180357 8.42347e-05 1.91306e-05 -0.000474732 -0.00262305
internal_weight=6808 274 6534 6399 2867 470
internal_count=6808 274 6534 6399 2867 470
is_linear=0
shrinkage=0.01


Tree=842
num_leaves=7
num_cat=0
split_feature=11 18 21 11 7 19
split_gain=9.63532 11.8558 29.4687 26.933 71.6557 23.5448
threshold=0.047623304218267402 0.0092476956614456745 28.761666666666695 0.019029298680714544 1697.5800000000002 286.8484761801688
decision_type=2 2 8 2 2 10
left_child=1 2 -1 4 5 -3
right_child=-2 3 -4 -5 -6 -7
leaf_value=-0.00020255027770611648 -0.0018458046825878599 -0.0031986797010206216 -0.0071077586000873926 0.00010330444342784746 0.01258662241082343 0.0022659894196377286
leaf_weight=3307 260 89 53 2657 53 389
leaf_count=3307 260 89 53 2657 53 389
internal_value=5.56106e-06 8.17753e-05 -0.00033224 0.000517802 0.0025516 0.00120381
internal_weight=6808 6548 3360 3188 531 478
internal_count=6808 6548 3360 3188 531 478
is_linear=0
shrinkage=0.01


Tree=843
num_leaves=7
num_cat=0
split_feature=6 16 5 19 16 16
split_gain=9.57982 21.5807 31.4615 17.3997 28.1555 27.5165
threshold=1.0000000180025095e-35 248.15000000000006 1.1181892492673984 291.06320411624642 300.55000000000007 322.4500000000001
decision_type=2 10 2 8 10 8
left_child=3 2 -2 5 -5 -1
right_child=1 -3 -4 4 -6 -7
leaf_value=1.980123495302369e-05 -0.0009056425463236775 -0.0017695765556161561 0.005384518607053905 -0.00021593666942346893 0.001643337812013315 -0.0027730063412532615
leaf_weight=2029 229 763 110 1749 1511 417
leaf_count=2029 229 763 110 1749 1511 417
internal_value=5.54359e-06 -0.000843695 0.00123121 0.000170746 0.000648221 -0.000465675
internal_weight=6808 1102 339 5706 3260 2446
internal_count=6808 1102 339 5706 3260 2446
is_linear=0
shrinkage=0.01


Tree=844
num_leaves=7
num_cat=0
split_feature=0 10 9 18 22 1
split_gain=9.62021 15.9724 15.9825 11.2011 25.7017 20.1736
threshold=1.2607249096886839 0.023116111152882968 0.00054545454545454439 0.0078375534055355033 14.700000000000019 0.89006343425249401
decision_type=2 2 2 2 8 2
left_child=3 -2 -3 4 -1 -5
right_child=1 2 -4 5 -6 -7
leaf_value=-0.00039685607069074987 0.0060531358288574049 0.0030938800618010151 -0.0031452705498252599 -0.0015799642435501433 -0.0061583728722762326 0.00053509722620807517
leaf_weight=2497 59 78 67 507 70 3530
leaf_count=2497 59 78 67 507 70 3530
internal_value=5.50846e-06 0.00209225 0.000194036 -6.20177e-05 -0.000577256 0.000266223
internal_weight=6808 204 145 6604 2567 4037
internal_count=6808 204 145 6604 2567 4037
is_linear=0
shrinkage=0.01


Tree=845
num_leaves=7
num_cat=0
split_feature=13 13 13 0 22 13
split_gain=9.57008 17.8686 13.7022 39.8148 30.2181 29.3569
threshold=69.856460594021755 82.6537966553622 41.858766462703876 0.9286343896336956 -1.6999999999999884 55.669639344324075
decision_type=2 2 2 2 10 2
left_child=2 -2 -1 -4 -5 -6
right_child=1 -3 3 4 5 -7
leaf_value=-6.6919775783572379e-05 -0.0036890936921755808 0.0017757845306405999 -0.00088884699522952606 -0.0011093375161506755 0.0093151891115689431 0.0016536721791529541
leaf_weight=5952 167 83 324 76 113 93
leaf_count=5952 167 83 324 76 113 93
internal_value=5.42993e-06 -0.00187624 7.99091e-05 0.00149971 0.00418046 0.00609304
internal_weight=6808 250 6558 606 282 206
internal_count=6808 250 6558 606 282 206
is_linear=0
shrinkage=0.01


Tree=846
num_leaves=7
num_cat=0
split_feature=15 15 14 10 13 10
split_gain=9.52304 21.659 12.1015 21.4516 72.8285 21.3849
threshold=10.619077735791935 12.644415890330858 0.99808018419407829 0.019955804785169399 58.600318294774887 0.015215726706557865
decision_type=2 2 2 2 2 2
left_child=2 -2 3 4 5 -1
right_child=1 -3 -4 -5 -6 -7
leaf_value=0.0099109751098986829 -0.0033547177799110417 0.0028624036954111092 -0.00058052790832657927 0.00016042895826995192 -0.0064853753904915521 0.0031928643848374489
leaf_weight=56 207 67 1926 4250 62 240
leaf_count=56 207 67 1926 4250 62 240
internal_value=5.47816e-06 -0.00178721 8.327e-05 0.000361373 0.0026777 0.00474621
internal_weight=6808 274 6534 4608 358 296
internal_count=6808 274 6534 4608 358 296
is_linear=0
shrinkage=0.01


Tree=847
num_leaves=7
num_cat=0
split_feature=8 7 2 7 21 8
split_gain=9.55324 14.8086 27.6167 27.9755 45.532 31.4672
threshold=2827.0000000000005 15.902550000000003 0.4667717636802648 683.67465000000004 18.645833333333368 1128.5000000000002
decision_type=2 2 2 2 10 2
left_child=1 -1 3 5 -5 -3
right_child=-2 2 -4 4 -6 -7
leaf_value=-0.0008401968467364857 0.0026195484108502303 -0.003675663821951107 -0.00018352144325871323 0.0095116640772793509 0.00040792244353464674 0.0015342615749993718
leaf_weight=1735 127 125 3786 96 116 823
leaf_count=1735 127 125 3786 96 116 823
internal_value=5.50706e-06 -4.80244e-05 0.000230995 0.0015739 0.00477313 0.000816102
internal_weight=6808 6681 4946 1160 212 948
internal_count=6808 6681 4946 1160 212 948
is_linear=0
shrinkage=0.01


Tree=848
num_leaves=7
num_cat=0
split_feature=8 14 14 8 14 0
split_gain=9.37597 14.7358 15.0309 11.3646 10.9439 28.0975
threshold=2827.0000000000005 0.079064266088257867 0.073884993993132572 2984.0000000000005 0.99808018419407829 1.0886072067415673
decision_type=2 2 2 2 2 2
left_child=1 2 -1 -2 -3 -6
right_child=3 4 -4 -5 5 -7
leaf_value=-0.00056965886166675348 0.005414348489338798 0.0003514237267044733 -0.0048337510191055581 -0.00030458554964173925 -0.00024642592219100188 -0.0052985027674426382
leaf_weight=262 60 4313 113 67 1886 107
leaf_count=262 60 4313 113 67 1886 107
internal_value=5.58949e-06 -4.74432e-05 -0.00194675 0.00259527 6.84066e-05 -0.00054276
internal_weight=6808 6681 375 127 6306 1993
internal_count=6808 6681 375 127 6306 1993
is_linear=0
shrinkage=0.01


Tree=849
num_leaves=7
num_cat=0
split_feature=0 18 1 7 2 9
split_gain=9.40486 10.9143 19.7109 20.1641 36.4049 35.024
threshold=1.2607249096886839 0.0078375534055355033 0.89006343425249401 207.53325000000004 0.52883139093949649 -0.0012822284903117734
decision_type=2 2 2 2 2 2
left_child=1 -1 -3 -4 -5 -6
right_child=-2 2 3 4 5 -7
leaf_value=-0.00056991140991652421 0.0020687084678107891 -0.0015621960452330845 0.00015787853436891996 0.0042991845686801604 0.0011937520184599432 -0.0069856770290061829
leaf_weight=2567 204 507 2854 344 278 54
leaf_count=2567 204 507 2854 344 278 54
internal_value=5.4531e-06 -6.1313e-05 0.000262698 0.000528473 0.00206797 -0.000301996
internal_weight=6808 6604 4037 3530 676 332
internal_count=6808 6604 4037 3530 676 332
is_linear=0
shrinkage=0.01


Tree=850
num_leaves=7
num_cat=0
split_feature=13 10 7 10 10 16
split_gain=9.29036 21.253 20.6836 17.8425 15.0438 14.6059
threshold=69.856460594021755 0.016004421638187955 79.123500000000021 0.020514815614249404 0.017149914869693909 264.65000000000003
decision_type=2 2 2 2 2 8
left_child=1 2 5 -2 -3 -1
right_child=3 4 -4 -5 -6 -7
leaf_value=0.0038047483538088513 -0.0065821249263941263 -0.0046613350626000241 0.0072142285918012075 -0.00037857781367100173 3.3349939446200027e-05 -0.0031474760165438056
leaf_weight=51 51 59 71 199 6327 50
leaf_count=51 51 59 71 199 6327 50
internal_value=5.37807e-06 7.87607e-05 0.00344832 -0.00184859 -1.72441e-05 0.000389559
internal_weight=6808 6558 172 250 6386 101
internal_count=6808 6558 172 250 6386 101
is_linear=0
shrinkage=0.01


Tree=851
num_leaves=7
num_cat=0
split_feature=8 13 13 8 17 13
split_gain=9.24775 19.9429 50.9067 36.856 38.1056 22.1139
threshold=2827.0000000000005 56.976141278812015 41.858766462703876 1807.5000000000002 249.17166666666634 24.134405199512379
decision_type=2 2 2 2 8 2
left_child=1 2 5 4 -4 -1
right_child=-2 -3 3 -5 -6 -7
leaf_value=9.2237256241713128e-05 0.0025771765801103881 -0.0019706084172498952 0.00067394995228237207 0.00037502458771424636 0.011439992137408506 -0.0021465047962568253
leaf_weight=5454 127 489 52 130 86 470
leaf_count=5454 127 489 52 130 86 470
internal_value=5.26976e-06 -4.73986e-05 0.000107415 0.00428967 0.00770287 -8.86987e-05
internal_weight=6808 6681 6192 268 138 5924
internal_count=6808 6681 6192 268 138 5924
is_linear=0
shrinkage=0.01


Tree=852
num_leaves=7
num_cat=0
split_feature=15 15 15 11 22 22
split_gain=9.3056 21.2626 11.9623 10.7386 11.2779 12.8307
threshold=10.619077735791935 12.644415890330858 9.6445144440292427 0.047623304218267402 10.00000000000003 7.6000000000000236
decision_type=2 2 2 2 10 10
left_child=2 -2 3 4 5 -1
right_child=1 -3 -4 -5 -6 -7
leaf_value=9.3024978423053049e-05 -0.0033199068967870995 0.0028398591521885488 0.0029225445341575763 -0.0019531867786767489 -0.0013096659643257317 0.001867929884797274
leaf_weight=5204 207 67 135 255 508 432
leaf_count=5204 207 67 135 255 508 432
internal_value=5.37901e-06 -0.00176673 8.22776e-05 1.78898e-05 0.000102738 0.000232139
internal_weight=6808 274 6534 6399 6144 5636
internal_count=6808 274 6534 6399 6144 5636
is_linear=0
shrinkage=0.01


Tree=853
num_leaves=7
num_cat=0
split_feature=0 0 15 0 8 3
split_gain=9.19399 9.85464 68.5078 19.6767 23.5181 54.6561
threshold=1.2607249096886839 1.0704508661320939 1.028211211583139 1.0413156534119408 1548.0000000000002 0.26934519566472664
decision_type=2 2 2 2 2 2
left_child=1 3 -3 -1 5 -5
right_child=-2 2 -4 4 -6 -7
leaf_value=-5.3247513078470315e-05 0.0020453356955908715 0.0016981051708972775 -0.0058120556029936541 0.012654293355842432 -0.0014556567128257533 -0.00042513610674189283
leaf_weight=5938 204 286 197 50 66 67
leaf_count=5938 204 286 197 50 66 67
internal_value=5.34196e-06 -6.06714e-05 -0.0014208 4.87973e-05 0.00319115 0.00572065
internal_weight=6808 6604 483 6121 183 117
internal_count=6808 6604 483 6121 183 117
is_linear=0
shrinkage=0.01


Tree=854
num_leaves=7
num_cat=0
split_feature=20 20 2 17 3 14
split_gain=9.70017 13.5955 13.9823 26.9915 20.459 34.4653
threshold=16.900000000000038 19.000000000000032 0.25016427365162591 255.01833333333292 0.079021723885935077 0.33414242986240333
decision_type=8 8 2 8 2 2
left_child=-1 -2 3 -3 5 -4
right_child=1 2 4 -5 -6 -7
leaf_value=0.003735844021079095 -0.0040306710806630912 0.0068204701972358374 -0.0034505522178408039 0.0004893890452508763 0.00016078021046479611 0.00015648984920771456
leaf_weight=59 74 75 444 333 5189 634
leaf_count=59 74 75 444 333 5189 634
internal_value=5.41542e-06 -3.26751e-05 1.76104e-05 0.00178852 -0.000100346 -0.00134722
internal_weight=6808 6749 6675 408 6267 1078
internal_count=6808 6749 6675 408 6267 1078
is_linear=0
shrinkage=0.01


Tree=855
num_leaves=7
num_cat=0
split_feature=19 16 22 16 17 19
split_gain=9.63496 51.0348 26.9942 27.2793 45.3457 30.9235
threshold=287.69072456453404 320.9500000000001 -1.0999999999999657 299.25000000000006 251.96833333333316 289.39525567509094
decision_type=8 10 8 10 10 10
left_child=1 -1 3 4 -2 -5
right_child=2 -3 -4 5 -6 -7
leaf_value=8.5073688352033526e-05 0.0035738102095138227 -0.0052175634882756687 -0.0001180396787865628 -0.00099306136701612707 -0.0034714819701128787 0.0045119756410937186
leaf_weight=1163 153 205 4552 131 198 406
leaf_count=1163 153 205 4552 131 198 406
internal_value=5.4182e-06 -0.000741643 0.000194298 0.00177887 -0.00038653 0.00317543
internal_weight=6808 1368 5440 888 351 537
internal_count=6808 1368 5440 888 351 537
is_linear=0
shrinkage=0.01


Tree=856
num_leaves=7
num_cat=0
split_feature=19 1 10 13 3 9
split_gain=9.5395 17.3738 17.1201 42.195 15.3914 62.1962
threshold=285.20473384946007 1.8910295415699132 0.024788927380572149 36.037860194726278 -0.038883080611610256 0.0091439308196889953
decision_type=8 2 2 2 2 2
left_child=1 2 3 -1 -2 -6
right_child=4 -3 -4 -5 5 -7
leaf_value=0.0069856269492043392 -0.0020044358593921336 -0.0045615239460960405 -0.0012593359803487485 -0.0034428255579301288 0.00013765946634088287 0.0094274931482664533
leaf_weight=80 308 109 501 60 5687 63
leaf_count=80 308 109 501 60 5687 63
internal_value=5.34013e-06 -0.00105083 -0.000392952 0.00258472 0.000137614 0.000255634
internal_weight=6808 750 641 140 6058 5750
internal_count=6808 750 641 140 6058 5750
is_linear=0
shrinkage=0.01


Tree=857
num_leaves=7
num_cat=0
split_feature=6 16 5 22 10 1
split_gain=9.45382 21.0692 30.2723 17.3723 15.6589 14.2328
threshold=1.0000000180025095e-35 248.15000000000006 1.1181892492673984 6.400000000000035 0.029650737615615739 1.9354232683474917
decision_type=2 10 2 10 2 2
left_child=-1 2 4 5 -2 -3
right_child=1 3 -4 -5 -6 -7
leaf_value=0.00016947698171319444 -0.0051225587163935419 -0.0017872887251898647 0.0052859883437243608 0.00038196668633482922 0.00062976289349230572 -0.0056975384378232631
leaf_weight=5706 54 390 110 253 175 120
leaf_count=5706 54 390 110 253 175 120
internal_value=5.36421e-06 -0.000838271 0.00121198 -0.00175309 -0.000884258 -0.00279922
internal_weight=6808 1102 339 763 229 510
internal_count=6808 1102 339 763 229 510
is_linear=0
shrinkage=0.01


Tree=858
num_leaves=7
num_cat=0
split_feature=20 8 9 20 2 21
split_gain=9.55928 15.5543 14.7379 16.315 14.5203 18.3433
threshold=16.900000000000038 766.50000000000011 0.0094679936677383916 19.000000000000032 0.25016427365162591 19.079166666666683
decision_type=8 2 2 10 2 10
left_child=-1 -2 3 -3 5 -5
right_child=1 2 -4 4 -6 -7
leaf_value=0.0037084585943333538 -0.0044438193373004852 -0.0041684280277082802 0.0029896530500710286 0.0028193808197419148 -0.00011582220224850694 -0.0026715195953453843
leaf_weight=59 69 85 153 325 6051 66
leaf_count=59 69 85 153 325 6051 66
internal_value=5.22051e-06 -3.25921e-05 1.95473e-05 -5.45421e-05 6.11573e-06 0.00184902
internal_weight=6808 6749 6680 6527 6442 391
internal_count=6808 6749 6680 6527 6442 391
is_linear=0
shrinkage=0.01


Tree=859
num_leaves=7
num_cat=0
split_feature=19 17 14 3 9 6
split_gain=9.3407 18.4457 16.4205 12.4752 72.1224 20.9173
threshold=280.33494572565115 152.12000000000066 0.71325290491483773 -0.038883080611610256 0.0094679936677383916 1.0000000180025095e-35
decision_type=8 8 2 2 2 2
left_child=2 -2 -1 -3 5 -5
right_child=1 3 -4 4 -6 -7
leaf_value=-0.0048146842886632847 0.004516999284210412 -0.0018689472899617008 0.00075665199947120112 0.00025589866060315086 0.010929362827637156 -0.0013330532264306636
leaf_weight=97 82 326 100 5176 51 976
leaf_count=97 82 326 100 5176 51 976
internal_value=5.14069e-06 7.05315e-05 -0.00208666 7.86432e-06 0.00010935 2.06101e-06
internal_weight=6808 6611 197 6529 6203 6152
internal_count=6808 6611 197 6529 6203 6152
is_linear=0
shrinkage=0.01


Tree=860
num_leaves=7
num_cat=0
split_feature=20 19 17 16 17 16
split_gain=9.3944 20.8365 17.7806 14.3915 10.8693 10.121
threshold=16.900000000000038 281.52391960173838 152.12000000000066 119.55000000000003 183.46499999999955 198.35000000000005
decision_type=8 8 8 10 10 8
left_child=-1 3 -3 -2 -5 -4
right_child=1 2 5 4 -6 -7
leaf_value=0.0036763754116533242 -0.0067344716422154871 0.0054471336309721719 -0.0012168459499170723 0.0013865360467620617 -0.0034879719675043408 0.00014851950457361974
leaf_weight=59 61 51 588 78 88 5883
leaf_count=59 61 51 588 78 88 5883
internal_value=5.21312e-06 -3.22721e-05 7.34579e-05 -0.00294495 -0.0012489 2.27668e-05
internal_weight=6808 6749 6522 227 166 6471
internal_count=6808 6749 6522 227 166 6471
is_linear=0
shrinkage=0.01


Tree=861
num_leaves=7
num_cat=0
split_feature=20 19 1 1 16 16
split_gain=9.32504 14.8336 11.7105 37.6274 29.3153 30.7422
threshold=40.300000000000018 297.20500000000004 1.4763982188948668 1.5564677500199642 332.85000000000008 198.35000000000005
decision_type=10 10 2 2 8 10
left_child=2 -2 -1 -4 5 -5
right_child=1 -3 3 4 -6 -7
leaf_value=-0.00017804766122190657 -0.0044041020954670067 0.0013233087507960124 0.0038971242409411677 -0.002771574990178475 -0.0042371030216118398 0.0012878375983990022
leaf_weight=4956 106 68 306 218 132 1022
leaf_count=4956 106 68 306 218 132 1022
internal_value=5.14953e-06 -0.00221553 6.66417e-05 0.000786109 6.90743e-05 0.000557703
internal_weight=6808 174 6634 1678 1372 1240
internal_count=6808 174 6634 1678 1372 1240
is_linear=0
shrinkage=0.01


Tree=862
num_leaves=7
num_cat=0
split_feature=19 22 13 13 13 21
split_gain=9.21387 26.2473 23.6012 23.0809 62.0533 34.1798
threshold=287.69072456453404 -1.0999999999999657 3.8357212490002053 18.64550968658374 16.265073570448624 12.962500000000018
decision_type=8 8 2 2 2 10
left_child=2 3 -1 4 -2 -6
right_child=1 -3 -4 -5 5 -7
leaf_value=0.00071996193920839029 0.0011599615789205549 -0.00011825227812104049 -0.0019035134419738964 -0.00078025258661685128 0.013660433427430689 0.002847237133119308
leaf_weight=616 513 4552 752 253 61 61
leaf_count=616 513 4552 752 253 61 61
internal_value=5.02349e-06 0.00018973 -0.000725531 0.00175223 0.00275768 0.00887913
internal_weight=6808 5440 1368 888 635 122
internal_count=6808 5440 1368 888 635 122
is_linear=0
shrinkage=0.01


Tree=863
num_leaves=7
num_cat=0
split_feature=19 16 10 17 17 17
split_gain=9.12565 36.1163 29.3618 25.8661 23.0814 15.4603
threshold=285.20473384946007 289.05000000000007 0.024788927380572149 122.02833333333352 165.07500000000044 175.53166666666695
decision_type=8 10 2 10 10 8
left_child=1 2 4 -4 -1 -2
right_child=5 -3 3 -5 -6 -7
leaf_value=0.0087394437141197386 0.0050627096561301089 -0.0050136448372421517 -0.0069463510971802932 -0.00012912229603534797 0.00066979199798420221 8.2734761351991608e-05
leaf_weight=51 53 165 55 390 89 6005
leaf_count=51 53 165 55 390 89 6005
internal_value=5.20185e-06 -0.00102781 0.000161771 -0.00110585 0.0039961 0.000134575
internal_weight=6808 750 585 445 140 6058
internal_count=6808 750 585 445 140 6058
is_linear=0
shrinkage=0.01


Tree=864
num_leaves=7
num_cat=0
split_feature=11 9 3 19 21 19
split_gain=8.99703 19.4641 43.6373 12.8643 40.5869 32.8328
threshold=0.047623304218267402 0.0094679936677383916 -0.059333525983358788 291.06320411624642 17.628333333333362 289.39525567509094
decision_type=2 2 2 8 10 10
left_child=1 3 -3 4 5 -1
right_child=-2 2 -4 -5 -6 -7
leaf_value=-0.00063695237101504462 -0.0017838062881276495 -0.0020460965229636609 0.0095152318444269805 0.00037762585954970152 -0.0035741859777369835 0.0023081192699545582
leaf_weight=1824 260 58 57 3776 366 467
leaf_count=1824 260 58 57 3776 366 467
internal_value=5.18599e-06 7.88328e-05 0.00398709 2.88683e-06 -0.000529093 -2.92037e-05
internal_weight=6808 6548 115 6433 2657 2291
internal_count=6808 6548 115 6433 2657 2291
is_linear=0
shrinkage=0.01


Tree=865
num_leaves=7
num_cat=0
split_feature=15 15 7 8 7 10
split_gain=9.14688 20.909 11.9815 26.6548 23.3754 21.1037
threshold=10.619077735791935 12.644415890330858 24.653250000000003 2311.0000000000005 38.722500000000004 0.048030701110568126
decision_type=2 2 2 2 2 2
left_child=2 -2 -1 4 5 -4
right_child=1 -3 3 -5 -6 -7
leaf_value=-0.0005142869771781602 -0.0032919498970775014 0.0028163742743335762 0.0028670595616902862 0.005627435920171832 -8.9774814215728475e-05 -0.00063152674567247698
leaf_weight=2219 207 67 553 85 3433 244
leaf_count=2219 207 67 553 85 3433 244
internal_value=5.19514e-06 -0.00175173 8.14353e-05 0.000388268 0.000269965 0.00180142
internal_weight=6808 274 6534 4315 4230 797
internal_count=6808 274 6534 4315 4230 797
is_linear=0
shrinkage=0.01


Tree=866
num_leaves=7
num_cat=0
split_feature=3 2 11 10 3 3
split_gain=8.99265 21.9173 51.9664 22.0919 19.9269 22.7553
threshold=0.14249343951516913 0.39621381905628006 0.016743634544630823 0.017149914869693909 0.13048612183898944 0.11053369675620095
decision_type=2 2 2 2 2 2
left_child=1 2 -1 -3 5 -4
right_child=-2 3 4 -5 -6 -7
leaf_value=0.0092369267745659907 0.00026617507740425326 -0.0061039856752461716 -0.00013275311186441304 -0.00099894234527555604 -0.0053944227093597873 0.0051539821496440312
leaf_weight=55 4491 82 849 1197 54 80
leaf_count=55 4491 82 849 1197 54 80
internal_value=5.24268e-06 -0.000499488 0.000577272 -0.00137106 4.61271e-06 0.000372549
internal_weight=6808 2317 1038 1279 983 929
internal_count=6808 2317 1038 1279 983 929
is_linear=0
shrinkage=0.01


Tree=867
num_leaves=7
num_cat=0
split_feature=0 22 3 0 15 22
split_gain=9.1983 13.7341 17.2969 9.73648 66.7177 52.7947
threshold=1.2607249096886839 -0.99999999999997147 0.54561241529161919 1.0704508661320939 1.028211211583139 -1.6999999999999884
decision_type=2 10 2 2 2 10
left_child=3 -2 -3 -1 5 -5
right_child=1 2 -4 4 -6 -7
leaf_value=4.8002517921229177e-05 -0.00089389518511538604 0.0079975137871796959 0.00050042008024950822 -0.0050493715931986304 -0.0057461444697914201 0.0042145738037811086
leaf_weight=6121 88 51 65 76 197 210
leaf_count=6121 88 51 65 76 197 210
internal_value=5.22e-06 0.00204569 0.00416968 -6.08086e-05 -0.00141276 0.00166541
internal_weight=6808 204 116 6604 483 286
internal_count=6808 204 116 6604 483 286
is_linear=0
shrinkage=0.01


Tree=868
num_leaves=7
num_cat=0
split_feature=8 7 8 19 8 4
split_gain=9.03491 13.9128 17.3137 26.5652 24.9346 44.7286
threshold=2827.0000000000005 15.902550000000003 1674.5000000000002 293.46403328907655 1462.0000000000002 0.21039105304115951
decision_type=2 2 2 10 2 2
left_child=1 -1 4 -4 5 -3
right_child=-2 2 3 -5 -6 -7
leaf_value=-0.00081471270080762568 0.0025473218536204967 2.6531158468989874e-05 0.00031630447868522872 0.0031517759245954608 -0.0017164694173689272 0.0071775248758290172
leaf_weight=1735 127 2256 1366 427 816 81
leaf_count=1735 127 2256 1366 427 816 81
internal_value=5.1835e-06 -4.68752e-05 0.000223574 0.0010053 -0.000222741 0.000303909
internal_weight=6808 6681 4946 1793 3153 2337
internal_count=6808 6681 4946 1793 3153 2337
is_linear=0
shrinkage=0.01


Tree=869
num_leaves=7
num_cat=0
split_feature=20 8 9 1 16 0
split_gain=9.32821 15.2202 14.0488 48.5751 16.117 12.2772
threshold=16.900000000000038 766.50000000000011 0.0094679936677383916 1.188344594594595 114.45000000000003 0.91091269841269851
decision_type=8 2 2 2 10 2
left_child=-1 -2 4 -4 5 -3
right_child=1 2 3 -5 -6 -7
leaf_value=0.0036634958940355671 -0.0043956557967806164 -0.000156774672640798 -0.0025610982142817013 0.0081240700310919178 1.2115144238661078e-05 -0.0068983514110247295
leaf_weight=59 69 50 77 76 6427 50
leaf_count=59 69 50 77 76 6427 50
internal_value=5.28843e-06 -3.20646e-05 1.95115e-05 0.00291935 -5.28258e-05 -0.00384825
internal_weight=6808 6749 6680 153 6527 100
internal_count=6808 6749 6680 153 6527 100
is_linear=0
shrinkage=0.01


Tree=870
num_leaves=7
num_cat=0
split_feature=6 20 0 19 0 19
split_gain=9.32065 22.2138 34.211 23.7474 18.4106 16.5665
threshold=1.0000000180025095e-35 35.700000000000024 0.85716354175959775 296.23224449386851 0.70217371080081092 291.06320411624642
decision_type=2 8 2 10 2 8
left_child=5 2 -2 4 -3 -1
right_child=1 3 -4 -5 -6 -7
leaf_value=-0.00045284496061719559 0.00040232082910778005 -0.00057903456276108044 -0.0038515882830979166 -0.0010046399933189983 0.0064838548418064829 0.00063405742103715256
leaf_weight=2446 361 54 383 207 97 3260
leaf_count=2446 361 54 383 207 97 3260
internal_value=5.2031e-06 -0.000832469 -0.00180957 0.00119214 0.00407897 0.000168156
internal_weight=6808 1102 744 358 151 5706
internal_count=6808 1102 744 358 151 5706
is_linear=0
shrinkage=0.01


Tree=871
num_leaves=7
num_cat=0
split_feature=0 18 21 1 7 17
split_gain=9.08371 10.5402 20.2136 18.7331 19.6177 47.4943
threshold=1.2607249096886839 0.0078375534055355033 26.925000000000047 0.89006343425249401 207.53325000000004 262.0416666666676
decision_type=2 2 8 2 2 10
left_child=1 2 -1 -3 -5 -6
right_child=-2 3 -4 4 5 -7
leaf_value=-0.0004010781176954837 0.002032897617215308 -0.0015210939233184107 -0.0055424369418922859 0.00015154099513806638 0.0060805150028774707 0.00031700537439693157
leaf_weight=2498 204 507 69 2854 194 482
leaf_count=2498 204 507 69 2854 194 482
internal_value=5.17501e-06 -6.0441e-05 -0.000560247 0.000257969 0.000517064 0.00203556
internal_weight=6808 6604 2567 4037 3530 676
internal_count=6808 6604 2567 4037 3530 676
is_linear=0
shrinkage=0.01


Tree=872
num_leaves=7
num_cat=0
split_feature=6 9 9 17 14 9
split_gain=9.1304 38.5308 18.0667 16.7216 39.9297 41.8579
threshold=1.0000000180025095e-35 0.0087051601596763954 -0.0068576379389134893 275.02833333333342 0.090469444658597367 1.0000000180025095e-35
decision_type=2 2 2 10 2 2
left_child=3 2 -2 -1 5 -5
right_child=1 -3 -4 4 -6 -7
leaf_value=-0.00044172374444706642 0.00064319235923210815 0.0063736724598067156 -0.0021742289355499338 0.00013319016953803136 0.0011231256753875694 -0.0059685111717914631
leaf_weight=2518 326 60 716 327 2700 161
leaf_count=2518 326 60 716 327 2700 161
internal_value=5.13965e-06 -0.000823939 -0.00129504 0.000166421 0.000646635 -0.0019593
internal_weight=6808 1102 1042 5706 3188 488
internal_count=6808 1102 1042 5706 3188 488
is_linear=0
shrinkage=0.01


Tree=873
num_leaves=7
num_cat=0
split_feature=20 20 2 17 17 17
split_gain=9.19028 12.6347 13.5437 26.0193 12.6988 11.6435
threshold=16.900000000000038 19.000000000000032 0.25016427365162591 255.01833333333292 298.94833333333332 306.0350000000002
decision_type=8 8 2 8 10 10
left_child=-1 -2 3 -3 -5 -6
right_child=1 2 -4 4 5 -7
leaf_value=0.0036361430198683037 -0.0038861349960123853 0.0066999255523962136 -9.9605826171284115e-05 -0.0018169707939442662 0.0057697986907636126 0.00051188628394273849
leaf_weight=59 74 75 6267 134 50 149
leaf_count=59 74 75 6267 134 50 149
internal_value=5.08367e-06 -3.19919e-05 1.6485e-05 0.0017594 0.000483773 0.00204583
internal_weight=6808 6749 6675 408 333 199
internal_count=6808 6749 6675 408 333 199
is_linear=0
shrinkage=0.01


Tree=874
num_leaves=7
num_cat=0
split_feature=15 16 15 6 16 19
split_gain=8.94148 20.955 11.6178 15.4444 23.1248 16.9373
threshold=10.619077735791935 293.75000000000006 9.6445144440292427 1.0000000180025095e-35 248.15000000000006 291.06320411624642
decision_type=2 10 2 2 10 8
left_child=2 -2 3 5 -5 -1
right_child=1 -3 -4 4 -6 -7
leaf_value=-0.00039886237841834228 -0.004017197987354712 0.0014095489670133848 0.002879629834009142 0.0011079430202004948 -0.0021333713251433153 0.00072711962481555132
leaf_weight=2387 157 117 135 314 688 3010
leaf_count=2387 157 117 135 314 688 3010
internal_value=5.19148e-06 -0.0017319 8.05707e-05 1.71179e-05 -0.00111672 0.000229301
internal_weight=6808 274 6534 6399 1002 5397
internal_count=6808 274 6534 6399 1002 5397
is_linear=0
shrinkage=0.01


Tree=875
num_leaves=7
num_cat=0
split_feature=20 19 1 7 20 2
split_gain=9.0789 14.4632 11.2091 37.0845 73.9541 44.132
threshold=40.300000000000018 297.20500000000004 1.4763982188948668 683.67465000000004 38.500000000000036 0.52949685940151758
decision_type=10 10 2 2 10 2
left_child=2 -2 3 -1 5 -5
right_child=1 -3 -4 4 -6 -7
leaf_value=-0.00038761358094257018 -0.0043471464130963233 0.0013081689608784822 0.00076970582743489228 0.009389215955603207 -0.0061272309375787846 0.00040947721450414399
leaf_weight=4677 106 68 1678 131 57 91
leaf_count=4677 106 68 1678 131 57 91
internal_value=5.13332e-06 -0.00218604 6.58084e-05 -0.000173587 0.0033035 0.00588464
internal_weight=6808 174 6634 4956 279 222
internal_count=6808 174 6634 4956 279 222
is_linear=0
shrinkage=0.01


Tree=876
num_leaves=7
num_cat=0
split_feature=0 10 18 21 1 7
split_gain=8.88897 15.4883 10.288 19.7138 18.3399 19.0855
threshold=1.2607249096886839 0.023116111152882968 0.0078375534055355033 26.925000000000047 0.89006343425249401 207.53325000000004
decision_type=2 2 2 8 2 2
left_child=2 -2 3 -1 -4 -6
right_child=1 -3 4 -5 5 -7
leaf_value=-0.00039641160609875533 0.0059111634469118665 0.00014500974244888751 -0.0015055247829646968 -0.0054738187903090362 0.00015059283403332801 0.0020088835215131017
leaf_weight=2498 59 145 507 69 2854 676
leaf_count=2498 59 145 507 69 2854 676
internal_value=5.09687e-06 0.00201097 -5.9812e-05 -0.000553602 0.000254765 0.000511128
internal_weight=6808 204 6604 2567 4037 3530
internal_count=6808 204 6604 2567 4037 3530
is_linear=0
shrinkage=0.01


Tree=877
num_leaves=7
num_cat=0
split_feature=20 20 3 7 16 14
split_gain=8.99595 12.551 12.0753 13.5116 20.9186 16.4903
threshold=16.900000000000038 19.000000000000032 -0.038883080611610256 2.0596500000000004 286.4500000000001 0.079064266088257867
decision_type=8 8 2 2 10 2
left_child=-1 -2 -3 4 -4 -5
right_child=1 2 3 5 -6 -7
leaf_value=0.0035975246379772825 -0.003872973535963822 -0.001830894452841243 -0.00017513916306197646 -0.0023024644522606666 0.0051444020979386522 0.00012920421496139746
leaf_weight=59 74 326 165 283 123 5778
leaf_count=59 74 326 165 283 123 5778
internal_value=5.05822e-06 -3.16234e-05 1.66922e-05 0.00011429 0.00219314 1.20593e-05
internal_weight=6808 6749 6675 6349 288 6061
internal_count=6808 6749 6675 6349 288 6061
is_linear=0
shrinkage=0.01


Tree=878
num_leaves=7
num_cat=0
split_feature=8 8 3 2 18 18
split_gain=8.95683 11.511 9.66385 23.0366 18.9301 21.0612
threshold=2827.0000000000005 2984.0000000000005 0.14249343951516913 0.39621381905628006 0.012515057981334069 0.016884725634308706
decision_type=2 2 2 2 2 2
left_child=2 -2 3 4 -1 -6
right_child=1 -3 -4 -5 5 -7
leaf_value=0.0038071788511680146 0.0053739819782453457 -0.00037307074801488357 0.00022434476560292897 -0.0014728492142520872 -0.0023375862163261293 0.0010203989166530088
leaf_weight=142 60 67 4429 1258 261 591
leaf_count=142 60 67 4429 1258 261 591
internal_value=5.01774e-06 0.00253615 -4.68153e-05 -0.000578739 0.00055624 -2.34642e-05
internal_weight=6808 127 6681 2252 994 852
internal_count=6808 127 6681 2252 994 852
is_linear=0
shrinkage=0.01


Tree=879
num_leaves=7
num_cat=0
split_feature=20 18 17 8 17 8
split_gain=8.89352 13.4291 11.0725 19.7553 26.3508 55.6944
threshold=40.300000000000018 0.0090711472527982926 284.85666666666657 1025.0000000000002 213.16166666666678 1128.5000000000002
decision_type=10 2 10 2 8 2
left_child=2 -2 3 -1 5 -5
right_child=1 -3 -4 4 -6 -7
leaf_value=-0.0022560845560586564 -0.0049566977441813168 0.00040988586949450631 0.00049049005001234637 0.008961685626629412 -0.00054713933666923132 0.00057140986688674939
leaf_weight=450 79 95 3177 81 2307 619
leaf_count=450 79 95 3177 81 2307 619
internal_value=5.05913e-06 -0.00216363 6.51116e-05 -0.000326101 -3.07563e-05 0.00165483
internal_weight=6808 174 6634 3457 3007 700
internal_count=6808 174 6634 3457 3007 700
is_linear=0
shrinkage=0.01


Tree=880
num_leaves=7
num_cat=0
split_feature=19 14 21 14 14 19
split_gain=8.86758 15.8319 12.9294 39.9394 27.2311 74.8542
threshold=280.33494572565115 0.71325290491483773 16.100833333333352 1.1135579160110514 0.090469444658597367 290.0095832340034
decision_type=8 2 8 2 2 10
left_child=1 -1 3 -2 5 -4
right_child=2 -3 4 -5 -6 -7
leaf_value=-0.004711974093377173 0.0012632013566942274 0.00075755528572269456 -0.011408333707696353 -0.0015833779821360064 5.2791853446684963e-05 -0.00087391789442903939
leaf_weight=97 2088 100 68 635 3305 515
leaf_count=97 2088 100 68 635 3305 515
internal_value=5.04775e-06 -0.00203309 6.87609e-05 0.000596018 -0.000301091 -0.00227429
internal_weight=6808 197 6611 2723 3888 583
internal_count=6808 197 6611 2723 3888 583
is_linear=0
shrinkage=0.01


Tree=881
num_leaves=7
num_cat=0
split_feature=19 16 10 7 16 9
split_gain=8.80989 35.2506 28.6637 27.212 23.3891 24.0674
threshold=285.20473384946007 289.05000000000007 0.024788927380572149 89.940600000000018 158.10000000000005 -0.0042866401610787029
decision_type=8 10 2 2 10 2
left_child=1 2 3 -1 5 -4
right_child=-2 -3 4 -5 -6 -7
leaf_value=0.00038305159150199455 0.00013187077145023881 -0.0049480136409318747 -0.0010093923059563774 0.00909962658602439 0.00068228391093876333 -0.0087938921256707266
leaf_weight=89 6058 165 110 51 280 55
leaf_count=89 6058 165 110 51 280 55
internal_value=4.75521e-06 -0.00101022 0.000164927 0.00395333 -0.00108762 -0.00395846
internal_weight=6808 750 585 140 445 165
internal_count=6808 750 585 140 445 165
is_linear=0
shrinkage=0.01


Tree=882
num_leaves=7
num_cat=0
split_feature=20 8 9 1 6 20
split_gain=8.80661 14.8867 13.7321 47.2672 20.8912 28.6568
threshold=16.900000000000038 766.50000000000011 0.0094679936677383916 1.188344594594595 1.0000000180025095e-35 35.300000000000018
decision_type=8 2 2 2 2 10
left_child=-1 -2 4 -4 -3 -6
right_child=1 2 3 -5 5 -7
leaf_value=0.0035591022740455642 -0.0043471650798109513 0.00019550440414941141 -0.0025204158595752441 0.0080203100157425159 -0.002576544128534709 0.00084077782174712999
leaf_weight=59 69 5482 77 76 666 379
leaf_count=59 69 5482 77 76 666 379
internal_value=4.64233e-06 -3.16506e-05 1.93572e-05 0.00288632 -5.21602e-05 -0.00134093
internal_weight=6808 6749 6680 153 6527 1045
internal_count=6808 6749 6680 153 6527 1045
is_linear=0
shrinkage=0.01


Tree=883
num_leaves=7
num_cat=0
split_feature=8 7 10 7 8 19
split_gain=8.74216 13.5229 18.8177 20.398 16.9206 25.7237
threshold=2827.0000000000005 15.902550000000003 0.04574352661675108 1.1241000000000001 1674.5000000000002 293.46403328907655
decision_type=2 2 2 2 2 10
left_child=1 2 -1 -4 -3 -6
right_child=-2 4 3 -5 5 -7
leaf_value=-0.0015751977803026482 0.0025052568649050581 -0.00022114803574693623 0.0051435651022064335 -0.00012131820235250368 0.00031484479736105261 0.0031050863220461367
leaf_weight=1115 127 3153 75 545 1366 427
leaf_count=1115 127 3153 75 545 1366 427
internal_value=4.64242e-06 -4.65653e-05 -0.000803568 0.000587098 0.000220068 0.000992873
internal_weight=6808 6681 1735 620 4946 1793
internal_count=6808 6681 1735 620 4946 1793
is_linear=0
shrinkage=0.01


Tree=884
num_leaves=7
num_cat=0
split_feature=13 10 7 10 10 16
split_gain=8.8357 20.698 19.6434 17.6482 14.6907 14.2799
threshold=69.856460594021755 0.016004421638187955 79.123500000000021 0.020514815614249404 0.017149914869693909 264.65000000000003
decision_type=2 2 2 2 2 8
left_child=1 2 5 -2 -3 -1
right_child=3 4 -4 -5 -6 -7
leaf_value=0.0037913095833519935 -0.0065106538530500212 -0.0046077119510458866 0.0070718624245053457 -0.00034309922450146324 3.1553648017564624e-05 -0.0030834313711772358
leaf_weight=51 51 59 71 199 6327 50
leaf_count=51 51 59 71 199 6327 50
internal_value=4.73021e-06 7.62954e-05 0.00340157 -0.0018033 -1.84454e-05 0.000416793
internal_weight=6808 6558 172 250 6386 101
internal_count=6808 6558 172 250 6386 101
is_linear=0
shrinkage=0.01


Tree=885
num_leaves=7
num_cat=0
split_feature=19 21 7 19 19 7
split_gain=8.69505 12.7977 64.0335 34.2736 26.6604 48.7934
threshold=280.33494572565115 16.100833333333352 1697.5800000000002 287.69072456453404 290.25629892673493 1697.5800000000002
decision_type=8 8 2 10 10 2
left_child=-1 2 3 -2 5 -3
right_child=1 4 -4 -5 -6 -7
leaf_value=-0.0020135854482864466 -0.0011290420610173583 -0.0011023937506394407 0.0081390942318722848 0.0011997170784599804 -4.8475830496001675e-06 -0.01009361467745206
leaf_weight=197 1035 368 98 1590 3457 63
leaf_count=197 1035 368 98 1590 3457 63
internal_value=4.62938e-06 6.77202e-05 0.000592287 0.00028072 -0.000300243 -0.00261573
internal_weight=6808 6611 2723 2625 3888 431
internal_count=6808 6611 2723 2625 3888 431
is_linear=0
shrinkage=0.01


Tree=886
num_leaves=7
num_cat=0
split_feature=15 15 15 21 7 2
split_gain=8.73802 20.4235 11.3808 12.1639 57.8315 40.6148
threshold=10.619077735791935 12.644415890330858 9.6445144440292427 17.628333333333362 1697.5800000000002 0.56748531353667242
decision_type=2 2 2 10 2 2
left_child=2 -2 3 4 -1 -6
right_child=1 -3 -4 -5 5 -7
leaf_value=0.00013112022941111378 -0.0032353273466710119 0.0028007583859582224 0.0028493922830976804 -0.00046681067867009187 0.010290114137020951 -8.8944679952528277e-05
leaf_weight=3383 207 67 135 2867 88 61
leaf_count=3383 207 67 135 2867 88 61
internal_value=4.50968e-06 -0.0017127 7.90273e-05 1.6226e-05 0.000408528 0.00630262
internal_weight=6808 274 6534 6399 3532 149
internal_count=6808 274 6534 6399 3532 149
is_linear=0
shrinkage=0.01


Tree=887
num_leaves=7
num_cat=0
split_feature=19 17 10 15 17 17
split_gain=8.72153 29.1563 22.9563 27.3146 26.045 14.8357
threshold=285.20473384946007 246.04000000000005 0.024788927380572149 0.74691187563582562 122.02833333333352 208.63000000000019
decision_type=8 10 2 2 10 8
left_child=1 2 3 -1 -4 -2
right_child=5 -3 4 -5 -6 -7
leaf_value=-0.0015669607737547029 0.0022407090904255976 -0.0045340230673104115 -0.0069001715366656972 0.0069680862236354089 -5.7639658119135375e-05 1.5199614569661733e-05
leaf_weight=59 306 169 55 80 387 5752
leaf_count=59 306 169 55 80 387 5752
internal_value=4.64469e-06 -0.00100523 8.05641e-05 0.00348327 -0.00104291 0.000131121
internal_weight=6808 750 581 139 442 6058
internal_count=6808 750 581 139 442 6058
is_linear=0
shrinkage=0.01


Tree=888
num_leaves=7
num_cat=0
split_feature=0 0 15 20 20 7
split_gain=8.7259 9.58883 64.6315 60.1304 46.5151 43.436
threshold=1.2607249096886839 1.0704508661320939 1.028211211583139 28.100000000000026 34.300000000000018 17.654400000000006
decision_type=2 2 2 8 10 2
left_child=1 -1 4 -4 5 -3
right_child=-2 2 3 -5 -6 -7
leaf_value=4.8214093118565203e-05 0.0019919277330703823 0.0063596482061948935 0.0022528554043836062 -0.0092079487093563745 0.0077287325119091707 -0.0035091363478028134
leaf_weight=6121 204 51 62 135 78 157
leaf_count=6121 204 51 62 135 78 157
internal_value=4.54201e-06 -5.97679e-05 -0.00140143 -0.00566641 0.00162852 -0.000908657
internal_weight=6808 6604 483 197 286 208
internal_count=6808 6604 483 197 286 208
is_linear=0
shrinkage=0.01


Tree=889
num_leaves=7
num_cat=0
split_feature=19 22 0 11 21 0
split_gain=8.64447 25.1012 34.1379 51.9001 38.0881 20.0609
threshold=287.69072456453404 -1.0999999999999657 1.1330994699456982 0.014970845906503149 16.788333333333359 1.0567637501703213
decision_type=8 8 2 2 10 2
left_child=-1 -2 5 4 -4 -3
right_child=1 2 3 -5 -6 -7
leaf_value=-0.0007030405536192205 0.0017114900594972526 -0.00014461353921417879 0.0060527593653429959 0.01076740581384847 -0.0036889829721339809 -0.003096331066020658
leaf_weight=1368 888 4111 58 61 88 234
leaf_count=1368 888 4111 58 61 88 234
internal_value=4.57966e-06 0.000183489 -0.00011769 0.0037537 0.000320944 -0.000310323
internal_weight=6808 5440 4552 207 146 4345
internal_count=6808 5440 4552 207 146 4345
is_linear=0
shrinkage=0.01


Tree=890
num_leaves=7
num_cat=0
split_feature=11 19 7 16 16 22
split_gain=8.51813 9.71183 56.5983 44.3893 37.3562 24.6271
threshold=0.047623304218267402 287.69072456453404 1697.5800000000002 125.90000000000002 320.9500000000001 -1.0999999999999657
decision_type=2 8 2 10 10 8
left_child=1 2 4 -4 -1 -3
right_child=-2 5 3 -5 -6 -7
leaf_value=-0.00050770767360637731 -0.0017360344019166573 0.0018043028078763932 -0.00025090811979573441 0.011975326101295649 -0.0051078065731410358 -3.6102584032808783e-05
leaf_weight=1025 260 863 58 50 204 4348
leaf_count=1025 260 863 58 50 204 4348
internal_value=4.69372e-06 7.63542e-05 -0.000680839 0.00594456 -0.00130633 0.000271561
internal_weight=6808 6548 1337 108 1229 5211
internal_count=6808 6548 1337 108 1229 5211
is_linear=0
shrinkage=0.01


Tree=891
num_leaves=7
num_cat=0
split_feature=6 9 1 19 21 10
split_gain=8.63814 37.5901 26.0851 15.6022 50.74 36.059
threshold=1.0000000180025095e-35 0.0087051601596763954 1.8910295415699132 291.06320411624642 17.628333333333362 0.034884690036129297
decision_type=2 2 2 8 10 2
left_child=3 2 -2 4 -1 -6
right_child=1 -3 -4 -5 5 -7
leaf_value=0.00015873915080279969 -0.00049561844812949496 0.0063072349024670465 -0.0045087064439847842 0.00061375032571843609 -0.0072330100601470937 -0.00088168100620546902
leaf_weight=2091 851 60 191 3260 161 194
leaf_count=2091 851 60 191 3260 161 194
internal_value=4.73685e-06 -0.000801683 -0.00126709 0.000161611 -0.000441041 -0.00388139
internal_weight=6808 1102 1042 5706 2446 355
internal_count=6808 1102 1042 5706 2446 355
is_linear=0
shrinkage=0.01


Tree=892
num_leaves=7
num_cat=0
split_feature=13 15 13 13 0 22
split_gain=8.68315 23.8944 23.4124 13.1086 37.9878 28.4924
threshold=69.856460594021755 0.68023216491234073 83.168403528496071 41.858766462703876 0.9286343896336956 -1.6999999999999884
decision_type=2 2 2 2 2 10
left_child=3 2 -2 -1 -5 -6
right_child=1 -3 -4 4 5 -7
leaf_value=-6.806344682888039e-05 -0.0088248685909354165 0.0011421782950084684 -0.00024209541924730211 -0.00086884111138813556 -0.001056060128477077 0.0059397812880261983
leaf_weight=5952 59 131 60 324 76 206
leaf_count=5952 59 131 60 324 76 206
internal_value=4.6009e-06 -0.00178775 -0.00485165 7.55457e-05 0.00146425 0.00408278
internal_weight=6808 250 119 6558 606 282
internal_count=6808 250 119 6558 606 282
is_linear=0
shrinkage=0.01


Tree=893
num_leaves=7
num_cat=0
split_feature=20 20 20 1 11 14
split_gain=8.60737 12.3727 8.63817 12.3994 32.776 21.1847
threshold=16.900000000000038 19.000000000000032 40.300000000000018 1.4763982188948668 0.013680825033212671 2.2110839337315658
decision_type=8 8 10 2 2 2
left_child=-1 -2 3 -3 -5 -6
right_child=1 2 -4 4 5 -7
leaf_value=0.0035185181384609233 -0.0038453592309018688 -0.00017542405811149316 -0.0021201743226012459 -0.0005694891959464424 0.0026932685759866698 -0.0034576722972785995
leaf_weight=59 74 4876 174 823 750 52
leaf_count=59 74 4876 174 823 750 52
internal_value=4.49655e-06 -3.13834e-05 1.65879e-05 7.6947e-05 0.000830657 0.00225678
internal_weight=6808 6749 6675 6501 1625 802
internal_count=6808 6749 6675 6501 1625 802
is_linear=0
shrinkage=0.01


Tree=894
num_leaves=7
num_cat=0
split_feature=0 0 3 20 17 0
split_gain=8.58078 9.34837 44.5491 48.4071 29.4388 19.4059
threshold=1.2607249096886839 1.0704508661320939 0.34045788908701191 34.300000000000018 281.52000000000106 1.0413156534119408
decision_type=2 2 2 10 8 2
left_child=1 5 3 4 -3 -1
right_child=-2 2 -4 -5 -6 -7
leaf_value=-5.4097307396190012e-05 0.0019751845966049721 0.00056556370852342064 -0.0054574288849601115 0.0067608737679601639 -0.0071315697596772854 0.0031678993479768536
leaf_weight=5938 204 173 164 87 59 183
leaf_count=5938 204 173 164 87 59 183
internal_value=4.39356e-06 -5.93792e-05 -0.00138411 0.000812233 -0.0016057 4.72409e-05
internal_weight=6808 6604 483 319 232 6121
internal_count=6808 6604 483 319 232 6121
is_linear=0
shrinkage=0.01


Tree=895
num_leaves=7
num_cat=0
split_feature=3 17 17 14 14 10
split_gain=8.55356 32.1082 22.5908 45.9023 21.0236 17.5
threshold=0.14249343951516913 192.45499999999959 278.85333333333313 0.10252281222668956 0.042444759542173006 0.014863896224169854
decision_type=2 8 10 2 2 2
left_child=1 -1 -3 4 -4 -2
right_child=5 2 3 -5 -6 -7
leaf_value=0.0052740029109421592 0.0044829568449252597 -0.0021279770320533544 0.0004758388862712309 0.00086246999242044914 -0.005255636354400353 0.00016639456737311723
leaf_weight=83 86 749 90 1196 199 4405
leaf_count=83 86 749 90 1196 199 4405
internal_value=4.34706e-06 -0.000487906 -0.000724528 -7.16073e-06 -0.00351453 0.00025883
internal_weight=6808 2317 2234 1485 289 4491
internal_count=6808 2317 2234 1485 289 4491
is_linear=0
shrinkage=0.01


Tree=896
num_leaves=7
num_cat=0
split_feature=15 15 15 20 0 6
split_gain=8.60805 20.0859 11.1806 14.942 18.9247 14.5686
threshold=10.619077735791935 12.644415890330858 9.6445144440292427 38.500000000000036 0.93401657028668494 1.0000000180025095e-35
decision_type=2 2 2 10 2 2
left_child=2 -2 3 5 -5 -1
right_child=1 -3 -4 4 -6 -7
leaf_value=0.00035832591692611766 -0.0032099876784470603 0.0027760776033165391 0.0028242172379175133 0.00032748424299813042 -0.0038448208294910931 -0.00099572092005475619
leaf_weight=5044 207 67 135 213 209 933
leaf_count=5044 207 67 135 213 209 933
internal_value=4.36048e-06 -0.00170003 7.8322e-05 1.60755e-05 -0.00178006 0.000145651
internal_weight=6808 274 6534 6399 422 5977
internal_count=6808 274 6534 6399 422 5977
is_linear=0
shrinkage=0.01


Tree=897
num_leaves=7
num_cat=0
split_feature=17 7 1 11 7 4
split_gain=8.51687 18.2637 111.021 33.1279 16.6294 33.9776
threshold=284.85666666666657 1697.5800000000002 1.5633349609346177 0.024058915639974789 1697.5800000000002 -0.043439060411557727
decision_type=10 2 2 2 2 2
left_child=1 -1 3 -3 -2 -6
right_child=4 2 -4 -5 5 -7
leaf_value=-0.0005439298962357182 0.00055941997374095703 0.0089410022616277646 -0.0075881811758367022 -0.00047729205650587879 0.00027053944089195948 -0.0079799508628710901
leaf_weight=3234 3098 127 72 50 166 61
leaf_count=3234 3098 127 72 50 166 61
internal_value=4.291e-06 -0.000340813 0.00221641 0.00639722 0.000365732 -0.00218971
internal_weight=6808 3483 249 177 3325 227
internal_count=6808 3483 249 177 3325 227
is_linear=0
shrinkage=0.01


Tree=898
num_leaves=7
num_cat=0
split_feature=8 14 14 8 14 0
split_gain=8.49172 13.26 14.3026 11.3553 10.1584 27.5325
threshold=2827.0000000000005 0.079064266088257867 0.073884993993132572 2984.0000000000005 0.99808018419407829 1.0886072067415673
decision_type=2 2 2 2 2 2
left_child=1 2 -1 -2 -3 -6
right_child=3 4 -4 -5 5 -7
leaf_value=-0.00050680657115984051 0.0052877514009097857 0.00033625137556675822 -0.0046636630267631717 -0.00041471285431028958 -0.00023196943492778698 -0.0052328786473625748
leaf_weight=262 60 4313 113 67 1886 107
leaf_count=262 60 4313 113 67 1886 107
internal_value=4.14808e-06 -4.63201e-05 -0.00184801 0.00246868 6.35772e-05 -0.000525243
internal_weight=6808 6681 375 127 6306 1993
internal_count=6808 6681 375 127 6306 1993
is_linear=0
shrinkage=0.01


Tree=899
num_leaves=7
num_cat=0
split_feature=3 18 1 14 20 0
split_gain=8.41238 20.3389 36.3517 22.037 21.5684 18.5515
threshold=0.14249343951516913 0.016884725634308706 1.1206060606060608 0.59076950616564028 38.500000000000036 1.0483417727374651
decision_type=2 2 2 2 8 2
left_child=1 4 -3 -4 5 -1
right_child=-2 2 3 -5 -6 -7
leaf_value=-0.0011334249313235388 0.00025640202767912167 -0.00061917277011936485 0.0013188581594039458 0.0075192922544599803 -0.0056837379080908633 0.0031592612830631506
leaf_weight=1374 4491 523 138 95 88 99
leaf_count=1374 4491 523 138 95 88 99
internal_value=4.02702e-06 -0.000484147 0.000854697 0.00405233 -0.00113387 -0.000825557
internal_weight=6808 2317 756 233 1561 1473
internal_count=6808 2317 756 233 1561 1473
is_linear=0
shrinkage=0.01


Tree=900
num_leaves=7
num_cat=0
split_feature=13 15 13 13 0 4
split_gain=8.55061 23.3144 22.954 12.905 37.1074 24.5187
threshold=69.856460594021755 0.68023216491234073 83.168403528496071 41.858766462703876 0.9286343896336956 0.086065307596167664
decision_type=2 2 2 2 2 2
left_child=3 2 -2 -1 -5 -6
right_child=1 -3 -4 4 5 -7
leaf_value=-6.8029571855515776e-05 -0.0087350409731700804 0.0011200893710611771 -0.00023715671476799927 -0.00085368334938574044 0.00082732075044785022 0.006712898247879141
leaf_weight=5952 59 131 60 324 134 148
leaf_count=5952 59 131 60 324 134 148
internal_value=4.0574e-06 -0.00177456 -0.00480092 7.44594e-05 0.00145234 0.00404032
internal_weight=6808 250 119 6558 606 282
internal_count=6808 250 119 6558 606 282
is_linear=0
shrinkage=0.01


Tree=901
num_leaves=7
num_cat=0
split_feature=15 15 7 8 19 17
split_gain=8.44509 19.7047 11.2139 25.8408 25.1044 45.3063
threshold=10.619077735791935 12.644415890330858 24.653250000000003 2311.0000000000005 290.0095832340034 250.73666666666688
decision_type=2 2 2 2 8 10
left_child=2 -2 -1 4 5 -4
right_child=1 -3 3 -5 -6 -7
leaf_value=-0.00049906292627664793 -0.003179734344877172 0.0027492737549949776 0.00052112670070666469 0.0055326099903567835 0.00083294238088941867 -0.0030592664823339824
leaf_weight=2219 207 67 976 85 2712 542
leaf_count=2219 207 67 976 85 2712 542
internal_value=3.99874e-06 -0.00168418 7.72573e-05 0.0003741 0.000257638 -0.000768903
internal_weight=6808 274 6534 4315 4230 1518
internal_count=6808 274 6534 4315 4230 1518
is_linear=0
shrinkage=0.01


Tree=902
num_leaves=7
num_cat=0
split_feature=19 16 10 17 17 21
split_gain=8.40972 33.1127 27.2482 25.2923 21.555 19.0595
threshold=285.20473384946007 289.05000000000007 0.024788927380572149 122.02833333333352 165.07500000000044 16.100833333333352
decision_type=8 10 2 10 10 8
left_child=1 2 4 -4 -1 -2
right_child=5 -3 3 -5 -6 -7
leaf_value=0.0084288546971243924 0.00087628716146450182 -0.0048041559762155104 -0.0068449205916661484 -0.00010440258948074188 0.00063260345898493375 -0.00029110824247996053
leaf_weight=51 2172 165 55 390 89 3886
leaf_count=51 2172 165 55 390 89 3886
internal_value=4.00126e-06 -0.000987658 0.00015144 -0.00106963 0.00384525 0.000128197
internal_weight=6808 750 585 445 140 6058
internal_count=6808 750 585 445 140 6058
is_linear=0
shrinkage=0.01


Tree=903
num_leaves=7
num_cat=0
split_feature=0 10 9 0 15 10
split_gain=8.40039 14.9403 14.8747 9.24746 62.0883 37.6787
threshold=1.2607249096886839 0.023116111152882968 0.00054545454545454439 1.0704508661320939 1.028211211583139 0.017149914869693909
decision_type=2 2 2 2 2 2
left_child=3 -2 -3 -1 5 -5
right_child=1 2 -4 4 -6 -7
leaf_value=4.6875323161741698e-05 0.0057843974589005765 0.0029239206555807459 -0.0030947361746198171 -0.0042294405401875094 -0.0055569207392956897 0.003688775418856653
leaf_weight=6121 59 78 67 73 197 213
leaf_count=6121 59 78 67 73 197 213
internal_value=3.93035e-06 0.0019539 0.000122647 -5.91679e-05 -0.00137673 0.00159309
internal_weight=6808 204 145 6604 483 286
internal_count=6808 204 145 6604 483 286
is_linear=0
shrinkage=0.01


Tree=904
num_leaves=7
num_cat=0
split_feature=17 13 13 13 4 17
split_gain=8.41715 23.3521 27.1859 24.0363 31.1694 25.5765
threshold=284.85666666666657 3.6073062513955128 16.265073570448624 0.25968510979177462 -1.0000000180025095e-35 244.74000000000055
decision_type=10 2 2 2 2 10
left_child=1 3 -3 -1 -5 -6
right_child=-2 2 -4 4 5 -7
leaf_value=-0.00061804581516220966 0.00036320375557356193 -0.0029534962092067178 -0.00029440624635948223 0.00077058787733957055 0.010864756598335799 0.0022581289715643198
leaf_weight=915 3325 556 1207 658 51 96
leaf_count=915 3325 556 1207 658 51 96
internal_value=3.88463e-06 -0.000339192 -0.00114494 0.000488539 0.00173848 0.00574594
internal_weight=6808 3483 1763 1720 805 147
internal_count=6808 3483 1763 1720 805 147
is_linear=0
shrinkage=0.01


Tree=905
num_leaves=7
num_cat=0
split_feature=11 15 14 19 14 0
split_gain=8.30818 10.1853 17.4757 11.6736 11.602 28.3991
threshold=0.047623304218267402 10.619077735791935 0.94263849625771667 294.75626670570585 0.99808018419407829 1.0886072067415673
decision_type=2 2 2 10 2 2
left_child=1 4 3 -3 -1 -6
right_child=-2 2 -4 -5 5 -7
leaf_value=0.00042662812824085698 -0.0017151429809121139 -0.0054493123611059633 0.0016517488525415042 -0.0002427238460388506 -0.00019194031577946376 -0.0053110177676867825
leaf_weight=4510 260 109 91 69 1663 106
leaf_count=4510 260 109 91 69 1663 106
internal_value=3.99818e-06 7.4771e-05 -0.00179504 -0.00355129 0.000157603 -0.00052681
internal_weight=6808 6548 269 178 6279 1769
internal_count=6808 6548 269 178 6279 1769
is_linear=0
shrinkage=0.01


Tree=906
num_leaves=7
num_cat=0
split_feature=6 9 20 19 20 12
split_gain=8.52055 36.5347 25.3536 15.0397 44.6859 56.3247
threshold=1.0000000180025095e-35 0.0087051601596763954 35.300000000000018 291.06320411624642 34.300000000000018 0.50691244239631339
decision_type=2 2 10 8 10 2
left_child=3 2 -2 4 -1 -6
right_child=1 -3 -4 -5 5 -7
leaf_value=-2.4914640719546784e-05 -0.0024175914188708974 0.006211463585495949 0.00080280173834296274 0.00060351628422988465 -0.0094974946809515109 0.00097812609916383573
leaf_weight=2251 665 60 377 3260 106 89
leaf_count=2251 665 60 377 3260 106 89
internal_value=3.79933e-06 -0.000797111 -0.00125588 0.000159603 -0.000432088 -0.00490183
internal_weight=6808 1102 1042 5706 2446 195
internal_count=6808 1102 1042 5706 2446 195
is_linear=0
shrinkage=0.01


Tree=907
num_leaves=7
num_cat=0
split_feature=7 7 7 0 15 12
split_gain=8.3568 23.9336 26.5171 23.3473 20.7144 19.7642
threshold=16.881300000000003 17.654400000000006 20.902500000000003 0.80351217257351759 0.015440263556651802 0.0023971633962816502
decision_type=2 2 2 2 2 2
left_child=-1 3 -3 -2 -4 -6
right_child=1 2 4 -5 5 -7
leaf_value=-0.0005544186815520522 -0.001168307057232596 -0.0048762966830815588 -0.0027904878726059739 0.0066963674621419401 0.0010907299993454945 -0.00024882151584267899
leaf_weight=1916 54 95 210 98 1990 2445
leaf_count=1916 54 95 210 98 1990 2445
internal_value=3.71228e-06 0.000222995 9.36178e-05 0.00400269 0.00020552 0.000353342
internal_weight=6808 4892 4740 152 4645 4435
internal_count=6808 4892 4740 152 4645 4435
is_linear=0
shrinkage=0.01


Tree=908
num_leaves=7
num_cat=0
split_feature=13 10 14 14 19 14
split_gain=8.35845 20.0275 38.7514 17.7756 12.7039 29.9866
threshold=69.856460594021755 0.015215726706557865 1.7242855917623501 0.042444759542173006 287.94974886563756 0.099644470158808562
decision_type=2 2 2 2 8 2
left_child=1 2 -1 -2 5 -3
right_child=3 4 -4 -5 -6 -7
leaf_value=0.0083721446701221988 0.0025206427831467038 0.002689025192081335 -0.0017700109721471866 -0.0032795635962440651 0.00021610746818847022 -0.0015069195237925501
leaf_weight=71 64 191 65 186 5106 1125
leaf_count=71 64 191 65 186 5106 1125
internal_value=3.64802e-06 7.3255e-05 0.00373557 -0.00175487 -9.98971e-06 -0.000882247
internal_weight=6808 6558 136 250 6422 1316
internal_count=6808 6558 136 250 6422 1316
is_linear=0
shrinkage=0.01


Tree=909
num_leaves=7
num_cat=0
split_feature=20 20 3 5 3 10
split_gain=8.4202 12.1579 11.5937 11.1531 19.7813 19.5261
threshold=16.900000000000038 19.000000000000032 -0.038883080611610256 1.0246166936642653 0.066917418852335875 0.033984869715062073
decision_type=8 8 2 2 2 2
left_child=-1 -2 -3 4 -4 -5
right_child=1 2 3 5 -6 -7
leaf_value=0.0034793230588885324 -0.0038124941655301621 -0.0017945801899657541 -0.0021826303780750501 0.00034757107037518216 8.6011823493488488e-05 0.0034927402008631471
leaf_weight=59 74 326 409 1067 4640 233
leaf_count=59 74 326 409 1067 4640 233
internal_value=3.71775e-06 -3.17689e-05 1.57852e-05 0.000111417 -0.000101713 0.000933641
internal_weight=6808 6749 6675 6349 5049 1300
internal_count=6808 6749 6675 6349 5049 1300
is_linear=0
shrinkage=0.01


Tree=910
num_leaves=7
num_cat=0
split_feature=6 20 19 10 1 4
split_gain=8.36068 21.0886 22.704 17.2363 15.1345 14.9714
threshold=1.0000000180025095e-35 35.700000000000024 296.23224449386851 0.018754143899312303 1.8910295415699132 0.28227252034324135
decision_type=2 8 10 2 2 2
left_child=-1 3 -3 -2 -5 -6
right_child=1 2 -4 4 5 -7
leaf_value=0.00015801024764472646 0.0032913830903999043 0.0040051288514973606 -0.0009659763906941822 -0.0013404809435180315 -0.007024440220212219 -0.00048070595599710944
leaf_weight=5706 54 151 207 538 98 54
leaf_count=5706 54 151 207 538 98 54
internal_value=3.67493e-06 -0.000789686 0.00118263 -0.00174183 -0.00217713 -0.00487287
internal_weight=6808 1102 358 744 690 152
internal_count=6808 1102 358 744 690 152
is_linear=0
shrinkage=0.01


Tree=911
num_leaves=7
num_cat=0
split_feature=6 9 9 3 9 18
split_gain=8.19831 35.7695 17.4334 16.4512 32.7563 21.6736
threshold=1.0000000180025095e-35 0.0087051601596763954 -0.0068576379389134893 0.080739357366019601 0.0044076049908828565 0.017821110889073882
decision_type=2 2 2 2 2 2
left_child=3 2 -2 5 -5 -1
right_child=1 -3 -4 4 -6 -7
leaf_value=-0.0019316722726302716 0.00066711813549448246 0.0061526161879301069 -0.0020997740326291489 0.00027034478482367491 0.0050697311019005419 0.00091797795270065073
leaf_weight=733 326 60 716 4427 137 409
leaf_count=733 326 60 716 4427 137 409
internal_value=3.60361e-06 -0.000782015 -0.00123601 0.000156433 0.000425179 -0.000911979
internal_weight=6808 1102 1042 5706 4564 1142
internal_count=6808 1102 1042 5706 4564 1142
is_linear=0
shrinkage=0.01


Tree=912
num_leaves=7
num_cat=0
split_feature=20 18 7 2 20 2
split_gain=8.29346 12.9061 9.72228 81.4389 90.3675 38.9923
threshold=40.300000000000018 0.0090711472527982926 683.67465000000004 0.52949685940151758 38.200000000000024 0.5715610448900037
decision_type=10 2 2 2 10 2
left_child=2 -2 -1 4 -4 -5
right_child=1 -3 3 5 -6 -7
leaf_value=-4.2691592895657539e-05 -0.0048289605805629425 0.00042968191614463222 0.0092684439431343756 -0.0088837544837782924 -0.0046185509304502116 -4.2190521254382113e-05
leaf_weight=6183 79 95 165 61 57 168
leaf_count=6183 79 95 165 61 57 168
internal_value=3.70026e-06 -0.00209055 6.16931e-05 0.00146264 0.00565748 -0.00267053
internal_weight=6808 174 6634 451 222 229
internal_count=6808 174 6634 451 222 229
is_linear=0
shrinkage=0.01


Tree=913
num_leaves=7
num_cat=0
split_feature=0 10 9 18 11 8
split_gain=8.2543 14.6458 14.4874 9.58102 31.8651 36.4333
threshold=1.2607249096886839 0.023116111152882968 0.00054545454545454439 0.0078375534055355033 0.019029298680714544 1471.5000000000002
decision_type=2 2 2 2 2 2
left_child=3 -2 -3 -1 5 -5
right_child=1 2 -4 4 -6 -7
leaf_value=-0.00053553207710276994 0.0057290350190917216 0.0028876754336736423 -0.0030521300483446617 0.0050130835099692793 -0.0002096230628283799 0.00054062492961757288
leaf_weight=2567 59 78 67 259 3205 573
leaf_count=2567 59 78 67 259 3205 573
internal_value=3.5354e-06 0.00193647 0.000123235 -5.90113e-05 0.000244568 0.0019759
internal_weight=6808 204 145 6604 4037 832
internal_count=6808 204 145 6604 4037 832
is_linear=0
shrinkage=0.01


Tree=914
num_leaves=7
num_cat=0
split_feature=8 7 3 2 7 18
split_gain=8.25394 12.7343 29.4618 24.474 24.561 38.0096
threshold=2827.0000000000005 15.902550000000003 0.092974517244719543 0.4667717636802648 683.67465000000004 0.013021417120087676
decision_type=2 2 2 2 2 2
left_child=1 2 -1 4 -3 -6
right_child=-2 3 -4 -5 5 -7
leaf_value=-0.0024881759374475224 0.0024334389853026095 0.00076675615331137624 0.00020637830509999955 -0.00017756818645751766 0.009540024959806645 0.0010089120727318985
leaf_weight=630 127 948 1105 3786 79 133
leaf_count=630 127 948 1105 3786 79 133
internal_value=3.65218e-06 -4.61038e-05 -0.0007807 0.000212639 0.00147683 0.00447449
internal_weight=6808 6681 1735 4946 1160 212
internal_count=6808 6681 1735 4946 1160 212
is_linear=0
shrinkage=0.01


Tree=915
num_leaves=7
num_cat=0
split_feature=13 15 13 13 0 21
split_gain=8.16439 22.9054 22.3564 12.5331 35.9567 31.513
threshold=69.856460594021755 0.68023216491234073 83.168403528496071 41.858766462703876 0.9286343896336956 10.782500000000034
decision_type=2 2 2 2 2 10
left_child=3 2 -2 -1 -5 -6
right_child=1 -3 -4 4 5 -7
leaf_value=-6.7844106863362732e-05 -0.008616823617746865 0.0011335279040884042 -0.0002308576536265069 -0.00083955315981425541 -0.0027285016340310459 0.0055104144698847465
leaf_weight=5952 59 131 60 324 51 231
leaf_count=5952 59 131 60 324 51 231
internal_value=3.78125e-06 -0.00173421 -0.00473427 7.25752e-05 0.00143046 0.00397798
internal_weight=6808 250 119 6558 606 282
internal_count=6808 250 119 6558 606 282
is_linear=0
shrinkage=0.01


Tree=916
num_leaves=7
num_cat=0
split_feature=19 12 20 7 3 7
split_gain=8.26275 11.7155 11.5917 15.5441 12.1536 21.6815
threshold=280.33494572565115 1.0000000180025095e-35 21.100000000000026 79.123500000000021 0.14249343951516913 15.902550000000003
decision_type=8 2 8 2 2 2
left_child=1 -1 3 -2 5 -4
right_child=2 -3 4 -5 -6 -7
leaf_value=-0.0045980387767876989 -0.00015075521565381892 0.00017034124267557935 -0.0018007837787800882 0.0057103709696925114 0.00031158248709209021 0.00020315784272201688
leaf_weight=83 97 114 890 74 4205 1345
leaf_count=83 97 114 890 74 4205 1345
internal_value=3.65778e-06 -0.00196375 6.51615e-05 0.002561 -4.97773e-06 -0.000599299
internal_weight=6808 197 6611 171 6440 2235
internal_count=6808 197 6611 171 6440 2235
is_linear=0
shrinkage=0.01


Tree=917
num_leaves=7
num_cat=0
split_feature=20 20 0 22 20 18
split_gain=8.18365 12.1297 10.6154 10.5996 23.2198 10.2862
threshold=16.900000000000038 19.000000000000032 1.2607249096886839 -3.0999999999999654 31.400000000000038 0.0092476956614456745
decision_type=8 8 2 10 10 2
left_child=-1 -2 5 -4 -5 -3
right_child=1 2 3 4 -6 -7
leaf_value=0.0034300567841400271 -0.0038076908944085952 -0.00046012998837760625 -0.0011348599549112976 0.0082945196256632853 0.0001773695161074891 0.00033553513966871716
leaf_weight=59 74 3175 59 53 81 3307
leaf_count=59 74 3175 59 53 81 3307
internal_value=3.61894e-06 -3.13656e-05 1.61325e-05 0.00226793 0.00374094 -5.43044e-05
internal_weight=6808 6749 6675 193 134 6482
internal_count=6808 6749 6675 193 134 6482
is_linear=0
shrinkage=0.01


Tree=918
num_leaves=7
num_cat=0
split_feature=17 13 10 13 17 0
split_gain=8.224 22.6361 36.855 26.4182 19.2691 27.8146
threshold=284.85666666666657 3.6073062513955128 0.022009118257899463 16.265073570448624 208.63000000000019 0.99931452156576783
decision_type=10 2 2 2 8 2
left_child=1 2 -1 -3 -5 -6
right_child=-2 3 -4 4 5 -7
leaf_value=0.0076410276199812477 0.00035885568648629798 -0.0029115689535503513 0.00018092707230404068 0.0026587466158943768 -0.0017922385927235669 0.0019017502708107623
leaf_weight=59 3325 556 1661 178 761 268
leaf_count=59 3325 556 1661 178 761 268
internal_value=3.683e-06 -0.000335435 0.000479514 -0.00112873 -0.000290292 -0.000821106
internal_weight=6808 3483 1720 1763 1207 1029
internal_count=6808 3483 1720 1763 1207 1029
is_linear=0
shrinkage=0.01


Tree=919
num_leaves=7
num_cat=0
split_feature=19 7 14 22 14 0
split_gain=8.23107 47.8418 24.1721 25.737 69.3943 61.2338
threshold=287.69072456453404 1697.5800000000002 0.090469444658597367 -0.29999999999998289 0.17021881020370608 0.85707523713312661
decision_type=8 2 2 8 2 2
left_child=1 -1 -2 4 5 -4
right_child=2 -3 3 -5 -6 -7
leaf_value=-0.0012531962625438873 -0.0015064590460913991 0.0053561838303382205 -0.00045863077354927863 5.4019950395782153e-05 0.00063484117397271094 0.011762157669256075
leaf_weight=1258 727 110 62 3706 838 107
leaf_count=1258 727 110 62 3706 838 107
internal_value=3.76406e-06 -0.000686728 0.000178344 0.000440871 0.00185005 0.00750364
internal_weight=6808 1368 5440 4713 1007 169
internal_count=6808 1368 5440 4713 1007 169
is_linear=0
shrinkage=0.01


Tree=920
num_leaves=7
num_cat=0
split_feature=2 19 3 7 10 2
split_gain=8.19271 19.5068 17.3277 18.3211 19.7122 25.1283
threshold=0.25016427365162591 296.88733848182932 0.14249343951516913 2.0596500000000004 0.018754143899312303 0.66563807121760854
decision_type=2 10 2 2 2 2
left_child=1 -1 -2 -4 5 -5
right_child=2 -3 3 4 -6 -7
leaf_value=0.0022529058187961458 -0.00087055527408788332 -0.003432605852411218 0.0035288848188338856 0.0051574034315551289 -2.7902620087458097e-05 -0.0018747207403887445
leaf_weight=357 1945 63 155 151 4069 68
leaf_count=357 1945 63 155 151 4069 68
internal_value=3.94039e-06 0.00134008 -8.5866e-05 0.000258829 0.000132689 0.0029874
internal_weight=6808 420 6388 4443 4288 219
internal_count=6808 420 6388 4443 4288 219
is_linear=0
shrinkage=0.01


Tree=921
num_leaves=7
num_cat=0
split_feature=19 16 16 21 14 16
split_gain=8.15281 31.8537 25.9381 18.5285 30.436 28.7876
threshold=285.20473384946007 289.05000000000007 158.10000000000005 16.100833333333352 1.1135579160110514 299.25000000000006
decision_type=8 10 10 8 2 10
left_child=1 2 -1 4 5 -2
right_child=3 -3 -4 -5 -6 -7
leaf_value=-0.0025390019597572202 0.00028650794801818633 -0.0047156572336064916 0.0017414559226723925 -0.00028716883614650915 -0.0012799050160474099 0.0029137064594670636
leaf_weight=216 899 165 369 3886 501 772
leaf_count=216 899 165 369 3886 501 772
internal_value=3.97041e-06 -0.000972425 0.000144869 0.000126255 0.000863851 0.00151038
internal_weight=6808 750 585 6058 2172 1671
internal_count=6808 750 585 6058 2172 1671
is_linear=0
shrinkage=0.01


Tree=922
num_leaves=7
num_cat=0
split_feature=20 19 17 19 21 19
split_gain=8.08776 13.6004 10.0289 24.4035 30.5942 31.2845
threshold=40.300000000000018 297.20500000000004 284.85666666666657 288.11109077432559 16.859166666666734 290.63231917418733
decision_type=10 10 10 10 10 10
left_child=2 -2 -1 -4 -5 -6
right_child=1 -3 3 4 5 -7
leaf_value=-0.00031117563289323572 -0.0041610259390917831 0.0013187015624955677 -0.0024549160902158219 0.0021770105990152741 -0.0055919386125659869 0.00028929551434783376
leaf_weight=3457 106 68 253 962 85 1877
leaf_count=3457 106 68 253 962 85 1877
internal_value=3.87381e-06 -0.00206424 6.11427e-05 0.00046598 0.000726217 7.43736e-06
internal_weight=6808 174 6634 3177 2924 1962
internal_count=6808 174 6634 3177 2924 1962
is_linear=0
shrinkage=0.01


Tree=923
num_leaves=7
num_cat=0
split_feature=20 20 2 3 14 20
split_gain=8.01791 11.976 12.7059 17.4962 32.5566 22.9234
threshold=16.900000000000038 19.000000000000032 0.25016427365162591 0.079021723885935077 0.33414242986240333 32.400000000000041
decision_type=8 8 2 2 2 8
left_child=-1 -2 -3 4 5 -4
right_child=1 2 3 -5 -6 -7
leaf_value=0.0033952692566790446 -0.0037832459541303769 0.001704417298074882 -0.0015966917407252987 0.00014531667296495589 0.00021136764290898761 -0.0064018539340490368
leaf_weight=59 74 408 297 5189 634 147
leaf_count=59 74 408 297 5189 634 147
internal_value=3.70696e-06 -3.09217e-05 1.62742e-05 -9.61691e-05 -0.00124922 -0.00329356
internal_weight=6808 6749 6675 6267 1078 444
internal_count=6808 6749 6675 6267 1078 444
is_linear=0
shrinkage=0.01


Tree=924
num_leaves=7
num_cat=0
split_feature=6 9 13 22 3 9
split_gain=8.12942 35.3045 30.6448 17.1333 15.4769 31.7106
threshold=1.0000000180025095e-35 0.0087051601596763954 0.2897988112382342 6.400000000000035 0.080739357366019601 0.0044076049908828565
decision_type=2 2 2 10 2 2
left_child=4 2 -2 -4 -1 -6
right_child=1 -3 3 -5 5 -7
leaf_value=-0.00088053862387419541 0.00068203637013398901 0.0061107197499700961 -0.003544887132078841 0.00082650177301196704 0.0002640851298650174 0.0049862330528546352
leaf_weight=1142 463 60 473 106 4427 137
leaf_count=1142 463 60 473 106 4427 137
internal_value=3.57712e-06 -0.000778734 -0.00122976 -0.00274415 0.000155763 0.000416424
internal_weight=6808 1102 1042 579 5706 4564
internal_count=6808 1102 1042 579 5706 4564
is_linear=0
shrinkage=0.01


Tree=925
num_leaves=7
num_cat=0
split_feature=15 15 15 20 7 2
split_gain=8.00437 19.1922 10.7574 14.121 27.2678 127.737
threshold=10.619077735791935 12.644415890330858 9.6445144440292427 38.500000000000036 683.67465000000004 0.52949685940151758
decision_type=2 2 2 10 2 2
left_child=2 -2 3 4 -1 -6
right_child=1 -3 -4 -5 5 -7
leaf_value=-3.6217732785102924e-05 -0.003116328662705569 0.0027340041272729248 0.0027684142468497159 -0.0017321625300812432 0.0088362882068144018 -0.0026465267273575351
leaf_weight=5605 207 67 135 422 171 201
leaf_count=5605 207 67 135 422 171 201
internal_value=3.6652e-06 -0.00163988 7.49869e-05 1.39326e-05 0.000139901 0.002725
internal_weight=6808 274 6534 6399 5977 372
internal_count=6808 274 6534 6399 5977 372
is_linear=0
shrinkage=0.01


end of trees

feature_importances:
BG=452
catchment_area_sqkm=408
green_corr7=392
BR=372
pct_forest_2006=346
MNDWI=335
tmax_degC_prev30=321
pct_wetland_2006=307
srad_Wm2_prev30=285
temp_corr7=283
pct_impervious_2006=271
elevation_m=265
fai=215
tmean_degC_prev30=162
srad_Wm2_prev1=147
nir_corr7=142
NDVI=140
atm_corr_LaSRC=138
NR=128
pct_cropland_2006=117
tmin_degC_prev30=117
swir1_corr7=107
NDSSI=106

parameters:
[boosting: gbdt]
[objective: regression]
[metric: rmse]
[tree_learner: serial]
[device_type: cpu]
[data_sample_strategy: bagging]
[data: ]
[valid: ]
[num_iterations: 5000]
[learning_rate: 0.01]
[num_leaves: 7]
[num_threads: 0]
[seed: 0]
[deterministic: 0]
[force_col_wise: 0]
[force_row_wise: 0]
[histogram_pool_size: -1]
[max_depth: -1]
[min_data_in_leaf: 50]
[min_sum_hessian_in_leaf: 0.001]
[bagging_fraction: 0.8]
[pos_bagging_fraction: 1]
[neg_bagging_fraction: 1]
[bagging_freq: 0]
[bagging_seed: 3]
[bagging_by_query: 0]
[feature_fraction: 0.4]
[feature_fraction_bynode: 1]
[feature_fraction_seed: 2]
[extra_trees: 0]
[extra_seed: 6]
[early_stopping_round: 0]
[early_stopping_min_delta: 0]
[first_metric_only: 0]
[max_delta_step: 0]
[lambda_l1: 0]
[lambda_l2: 10]
[linear_lambda: 0]
[min_gain_to_split: 0]
[drop_rate: 0.1]
[max_drop: 50]
[skip_drop: 0.5]
[xgboost_dart_mode: 0]
[uniform_drop: 0]
[drop_seed: 4]
[top_rate: 0.2]
[other_rate: 0.1]
[min_data_per_group: 100]
[max_cat_threshold: 32]
[cat_l2: 10]
[cat_smooth: 10]
[max_cat_to_onehot: 4]
[top_k: 20]
[monotone_constraints: ]
[monotone_constraints_method: basic]
[monotone_penalty: 0]
[feature_contri: ]
[forcedsplits_filename: ]
[refit_decay_rate: 0.9]
[cegb_tradeoff: 1]
[cegb_penalty_split: 0]
[cegb_penalty_feature_lazy: ]
[cegb_penalty_feature_coupled: ]
[path_smooth: 0]
[interaction_constraints: ]
[verbosity: -1]
[saved_feature_importance_type: 0]
[use_quantized_grad: 0]
[num_grad_quant_bins: 4]
[quant_train_renew_leaf: 0]
[stochastic_rounding: 1]
[linear_tree: 0]
[max_bin: 255]
[max_bin_by_feature: ]
[min_data_in_bin: 3]
[bin_construct_sample_cnt: 200000]
[data_random_seed: 1]
[is_enable_sparse: 1]
[enable_bundle: 1]
[use_missing: 1]
[zero_as_missing: 0]
[feature_pre_filter: 1]
[pre_partition: 0]
[two_round: 0]
[header: 0]
[label_column: ]
[weight_column: ]
[group_column: ]
[ignore_column: ]
[categorical_feature: ]
[forcedbins_filename: ]
[precise_float_parser: 0]
[parser_config_file: ]
[objective_seed: 5]
[num_class: 1]
[is_unbalance: 0]
[scale_pos_weight: 1]
[sigmoid: 1]
[boost_from_average: 1]
[reg_sqrt: 0]
[alpha: 0.9]
[fair_c: 1]
[poisson_max_delta_step: 0.7]
[tweedie_variance_power: 1.5]
[lambdarank_truncation_level: 30]
[lambdarank_norm: 1]
[label_gain: ]
[lambdarank_position_bias_regularization: 0]
[eval_at: ]
[multi_error_top_k: 1]
[auc_mu_weights: ]
[num_machines: 1]
[local_listen_port: 12400]
[time_out: 120]
[machine_list_filename: ]
[machines: ]
[gpu_platform_id: -1]
[gpu_device_id: -1]
[gpu_device_id_list: ]
[gpu_use_dp: 0]
[num_gpu: 1]

end of parameters

pandas_categorical:[]
