tree
version=v4
num_class=1
num_tree_per_iteration=1
label_index=0
max_feature_idx=22
objective=regression
feature_names=BG BR MNDWI NDSSI NDVI NR atm_corr_LaSRC catchment_area_sqkm elevation_m fai green_corr7 nir_corr7 pct_cropland_2006 pct_forest_2006 pct_impervious_2006 pct_wetland_2006 srad_Wm2_prev1 srad_Wm2_prev30 swir1_corr7 temp_corr7 tmax_degC_prev30 tmean_degC_prev30 tmin_degC_prev30
feature_infos=[0.12830030126777722:2.2033088716179861] [-105.87161617224014:92.127279903956847] [0.024880271524219028:1.6666666666666667] [-0.68388911486000381:1] [-1:1.0917556111650639] [-22.797032079074647:14.055159328485072] [0:1] [0.189:8426.6694000000007] [586:3506] [-0.09057089343303612:0.063646464646464646] [0.0050000000000000001:0.183] [0:0.13300000000000001] [0:76.178382012400093] [0:94.2222222222222] [0:35.86973913043478] [0:33.866154426645622] [18.400000000000002:362.20000000000005] [56.006666666666028:344.96666666666692] [-0.002:0.060136068068232663] [272.50441569690122:305.47474140757174] [8.3500000000000227:44.550000000000011] [-5.3849999999999767:31.364999999999917] [-26.049999999999983:20.650000000000034]
tree_sizes=733 780 763 771 772 775 770 775 778 777 787 770 764 767 775 782 777 783 779 776 779 781 765 776 770 779 778 780 778 775 767 782 778 778 784 768 770 776 774 780 782 781 780 780 773 776 775 778 775 780 771 779 781 781 779 777 776 776 771 772 779 777 778 777 772 779 773 783 775 775 777 776 777 772 782 778 772 781 783 773 781 775 787 775 769 770 787 784 780 771 779 778 771 785 775 776 777 782 774 785 776 783 780 774 779 771 775 783 771 783 781 775 783 775 777 773 788 791 776 766 767 774 774 778 772 772 783 794 777 780 777 781 775 782 778 779 777 763 780 782 776 775 773 783 779 783 778 767 779 776 780 777 784 776 775 785 778 776 763 778 777 774 781 786 777 782 769 777 780 778 786 769 776 774 779 772 782 778 770 781 776 782 778 780 778 775 767 769 777 786 769 779 778 776 778 773 767 782 785 777 786 790 781 783 778 769 782 772 779 778 780 776 774 778 774 776 776 781 774 779 776 778 777 790 775 787 773 780 778 781 775 785 772 778 780 775 778 781 779 774 766 775 775 772 772 776 777 770 785 774 774 767 779 775 779 775 777 776 787 780 782 781 786 775 772 778 785 773 775 780 773 770 776 781 767 776 776 765 779 771 777 778 776 773 779 773 784 777 784 774 775 774 780 780 786 773 768 777 778 784 779 781 780 769 784 777 774 775 786 778 783 778 772 781 765 779 768 783 772 783 782 777 775 776 769 785 774 773 776 776 769 783 788 783 773 769 775 770 779 771 779 779 783 780 777 779 775 757 773 776 777 783 779 784 775 775 788 772 781 765 782 781 777 770 768 782 786 762 774 784 774 774 782 780 782 777 778 774 775 776 779 777 786 779 764 762 775 775 777 784 765 777 777 774 774 779 785 782 784 777 778 778 775 771 779 777 788 774 774 780 776 773 766 774 771 775 778 782 785 777 788 772 777 766 778 774 784 776 785 770 775 785 784 791 781 778 782 776 766 786 773 777 778 782 766 781 779 777 770 783 781 782 781 780 773 784 786 772 774 777 773 785 791 775 775 770 784 771 781 783 788 780 783 774 782 773 784 769 785 784 786 766 770 785 786 771 771 775 780 777 772 786 776 773 788 785 786 781 770 775 770 773 776 781 787 783 773 772 788 772 787 767 774 780 775 777 779 768 786 781 777 788 774 773 776 782 777 789 770 770 773 789 772 789 774 783 779 790 773 791 786 783 777 782 783 781 792 785 775 776 784 778 784 778 778 777 785 783 767 776 783 780 778 780 776 785 780 790 787 783 771 767 784 784 774 773 782 776 789 774 782 777 777 782 778 778 778 786 774 772 781 779 784 758 774 762 769 778 777 777 771 782 783 773 771 784 775 765 771 778 778 781 785 783 784 776 766 770 770 773 781 780 786 786 786 779 784 781 799 778 782 789 777 777 765 775 782 776 777 776 787 772 779 776 781 776 785 780 774 787 776 768 775 766 780 786 782 779 781 780 787 779 786 769 775 780 773 788 781 790 772 777 773 768 767 767 776 786 782 782 784 791 788 784 771 760 783 780 779 787 791 765 766 789 774 769 790 778 785 776 777 780 765 784 783 776 768 772 774 786 786 783 782 781 778 784 770 791 781 779 773 775 786 774 776 782 768 773 792 793 779 781 781 777 790 777 776 782 767 786 776 768 781 773 780 776 777 774 782 764 778 766 776 782 773 772 779 767 774 776 783 772 783 768 789 788 786 786 777 775 782 774 774 785 782 778 769 764 783 778 782 782 785 779 784 768 789 775 784 781 784 783 756 778 762 790 760 766 767 778 767 786 772 776 791 790 782 783 765 785 788 767 783 777 765 778 776 781 780 774 786 795 761 771 784 766 781 764 779 766 775 780 783 769 772 787 790 773 779 779 776 789 773 781 773 779 788 769 764 781 783 775 788 769 772 780 772 780 789 780 781 782 783 782 784 770 782

Tree=0
num_leaves=7
num_cat=0
split_feature=0 10 10 0 0 7
split_gain=13616.5 3177.49 2544.93 1059.4 900.311 767.388
threshold=0.93767162847309538 0.03225325646719001 0.022009118257899463 0.81494565101168004 1.0886072067415673 216.20430000000002
decision_type=2 2 2 2 2 2
left_child=1 -1 5 -3 -4 -2
right_child=2 3 4 -5 -6 -7
leaf_value=3.499035671909168 3.5225837461943956 3.4761339421242696 3.5042706497457128 3.4884037569855928 3.5220235852667341 3.5439998114948303
leaf_weight=1413 544 1834 1192 1174 372 282
leaf_count=1413 544 1834 1192 1174 372 282
internal_value=3.49706 3.48667 3.51625 3.48088 3.50862 3.53037
internal_weight=6811 4421 2390 3008 1564 826
internal_count=6811 4421 2390 3008 1564 826
is_linear=0
shrinkage=1


Tree=1
num_leaves=7
num_cat=0
split_feature=10 9 10 8 14 14
split_gain=12370.2 2970.56 2184.71 1019.95 820.628 560.128
threshold=0.029067438789956265 -0.0052438024774342906 0.019796903093877095 1338.0000000000002 0.16671796612294185 0.60584244387253006
decision_type=2 2 2 2 2 2
left_child=2 -2 4 -4 -1 -3
right_child=1 5 3 -5 -6 -7
leaf_value=0.052178326564201391 -0.020510364253965699 0.0013186764513723093 0.024688296142186407 0.0068907451130984223 0.025666408988748512 -0.0079199024565974815
leaf_weight=156 1697 1245 423 1310 608 1372
leaf_count=156 1697 1245 423 1310 608 1372
internal_value=1.12897e-06 -0.0102455 0.0176742 0.0113516 0.031684 -0.00353649
internal_weight=6811 4314 2497 1733 764 2617
internal_count=6811 4314 2497 1733 764 2617
is_linear=0
shrinkage=0.01


Tree=2
num_leaves=7
num_cat=0
split_feature=1 2 13 8 17 1
split_gain=10618.2 3244.98 3064.95 953.675 954.604 923.979
threshold=1.399950018062023 0.52961400599152586 16.265073570448624 1139.0000000000002 221.81166666666664 1.7312722399274849
decision_type=2 2 2 2 10 2
left_child=1 3 -2 4 -1 -4
right_child=2 -3 5 -5 -6 -7
leaf_value=0.041750392497507567 0.0046741960402636373 -0.0179341797747537 0.01813949153920251 -0.0033566077352336987 0.0037292595586664642 0.03532909368948859
leaf_weight=87 1259 2253 702 1669 214 627
leaf_count=87 1259 2253 702 1669 214 627
internal_value=2.32436e-06 -0.0097651 0.0159167 -0.000379092 0.0157079 0.0264525
internal_weight=6811 4223 2588 1970 301 1329
internal_count=6811 4223 2588 1970 301 1329
is_linear=0
shrinkage=0.01


Tree=3
num_leaves=7
num_cat=0
split_feature=0 10 10 0 0 0
split_gain=13022.7 3008.99 2402.19 1015.73 876.095 643.56
threshold=0.93767162847309538 0.03225325646719001 0.022009118257899463 0.81494565101168004 1.0886072067415673 1.0371555275104967
decision_type=2 2 2 2 2 2
left_child=1 -1 5 -3 -4 -2
right_child=2 3 4 -5 -6 -7
leaf_value=0.0018727052226810384 0.020546506649797448 -0.020442296398208635 0.0070627700661490371 -0.0084289630157123561 0.024574266166392113 0.039751600775728646
leaf_weight=1413 327 1834 1192 1174 372 499
leaf_count=1413 327 1834 1192 1174 372 499
internal_value=3.50822e-06 -0.0101581 0.0187644 -0.015797 0.0113576 0.0324853
internal_weight=6811 4421 2390 3008 1564 826
internal_count=6811 4421 2390 3008 1564 826
is_linear=0
shrinkage=0.01


Tree=4
num_leaves=7
num_cat=0
split_feature=13 7 2 8 7 20
split_gain=6945.46 3577.33 2245.89 1408.83 1260.18 1197.78
threshold=16.265073570448624 24.230700000000002 0.47701790849311437 1737.0000000000002 357.75855000000007 31.700000000000021
decision_type=2 2 2 2 2 10
left_child=2 -2 4 -4 -1 -6
right_child=1 -3 3 -5 5 -7
leaf_value=-0.0011190456209495276 -0.0015018345173958198 0.022438698042224984 -0.016051522791088096 -0.00019955715582699784 0.053847974920540713 0.0063872970437631018
leaf_weight=911 1038 1551 2357 735 79 140
leaf_count=911 1038 1551 2357 735 79 140
internal_value=4.42514e-06 0.0128714 -0.00789761 -0.0122961 0.00414028 0.0251116
internal_weight=6811 2589 4222 3092 1130 219
internal_count=6811 2589 4222 3092 1130 219
is_linear=0
shrinkage=0.01


Tree=5
num_leaves=7
num_cat=0
split_feature=0 10 10 0 8 0
split_gain=12661.5 2912.06 2323.14 853.579 844.519 813.995
threshold=0.93767162847309538 0.036207150348735354 0.022009118257899463 1.0886072067415673 2393.0000000000005 0.81494565101168004
decision_type=2 2 2 2 2 2
left_child=1 -1 4 -4 -2 -3
right_child=2 5 3 -5 -6 -7
leaf_value=-8.7958467574252131e-05 0.036567615554654591 -0.020831757605809378 0.0069804168309099794 0.024265623192219993 0.0090279252594336872 -0.0091663339450138819
leaf_weight=1773 684 1684 1192 372 142 964
leaf_count=1773 684 1684 1192 372 142 964
internal_value=5.31628e-06 -0.0100144 0.0185042 0.0112198 0.0319978 -0.0166354
internal_weight=6811 4421 2390 1564 826 2648
internal_count=6811 4421 2390 1564 826 2648
is_linear=0
shrinkage=0.01


Tree=6
num_leaves=7
num_cat=0
split_feature=13 7 2 8 7 7
split_gain=6709.62 3464.21 2183.71 1361.3 1227.89 1116.83
threshold=16.265073570448624 24.230700000000002 0.47701790849311437 1737.0000000000002 357.75855000000007 237.80655000000004
decision_type=2 2 2 2 2 2
left_child=2 -2 4 -4 -1 -3
right_child=1 5 3 -5 -6 -7
leaf_value=-0.0010826269833544972 -0.0014914657653687976 0.017545571639849444 -0.015789488647380008 -0.0002070783726846012 0.024810046191331342 0.038855573318728562
leaf_weight=911 1038 1238 2357 735 219 313
leaf_count=911 1038 1238 2357 735 219 313
internal_value=5.94863e-06 0.0126526 -0.00776077 -0.012098 0.00410912 0.0220674
internal_weight=6811 2589 4222 3092 1130 1551
internal_count=6811 2589 4222 3092 1130 1551
is_linear=0
shrinkage=0.01


Tree=7
num_leaves=7
num_cat=0
split_feature=10 7 4 4 7 10
split_gain=11326.3 2331.9 2271.78 1172.66 726.743 705.601
threshold=0.029067438789956265 216.20430000000002 -0.16298001005338489 0.090972607033255992 357.75855000000007 0.022009118257899463
decision_type=2 2 2 2 2 2
left_child=1 3 -2 -1 -4 -3
right_child=2 5 4 -5 -6 -7
leaf_value=0.0060250056776324648 -0.018342891619467429 0.044260504927416768 -0.0058474783020188896 0.023365280337931057 0.0092645689709246522 0.021780708220522898
leaf_weight=1321 1800 312 2150 550 364 314
leaf_count=1321 1800 312 2150 550 364 314
internal_value=6.80742e-06 0.0169177 -0.00979793 0.0112195 -0.00363138 0.0335045
internal_weight=6811 2497 4314 1871 2514 626
internal_count=6811 2497 4314 1871 2514 626
is_linear=0
shrinkage=0.01


Tree=8
num_leaves=7
num_cat=0
split_feature=9 4 17 14 14 9
split_gain=9280.71 2139.38 1359.26 1032.12 949.347 852.317
threshold=-0.0033416929048870922 0.090972607033255992 202.11166666666676 0.14493040109192143 0.069090707648234759 -0.0090808080808080782
decision_type=2 2 8 2 2 2
left_child=5 2 3 -2 -4 -1
right_child=1 -3 4 -5 -6 -7
leaf_value=-0.022476367906008789 0.050374274134491255 0.021877923868666879 0.022175357355478598 0.011870568556469081 0.0013070912075898073 -0.010150230862356877
leaf_weight=1137 93 917 225 244 3038 1157
leaf_count=1137 93 917 225 244 3038 1157
internal_value=7.91961e-06 0.00832333 0.00481964 0.0236417 0.00280942 -0.0163306
internal_weight=6811 4517 3600 337 3263 2294
internal_count=6811 4517 3600 337 3263 2294
is_linear=0
shrinkage=0.01


Tree=9
num_leaves=7
num_cat=0
split_feature=10 9 1 7 1 10
split_gain=10970.2 2632.08 2274.83 1319.63 1040.96 883.283
threshold=0.029067438789956265 -0.0052438024774342906 1.4836715159762048 216.20430000000002 1.4445118306166871 0.019955804785169399
decision_type=2 2 2 2 2 2
left_child=2 -2 3 -1 -3 -4
right_child=1 4 5 -5 -6 -7
leaf_value=0.0016269494619561998 -0.019302799655866548 -0.0069851318755705105 0.034554058671165316 0.028588216550514571 0.0074476371255216443 0.017566298966023824
leaf_weight=984 1697 1956 612 213 661 688
leaf_count=984 1697 1956 612 213 661 688
internal_value=8.93967e-06 -0.00964044 0.0166519 0.00662167 -0.00332524 0.0257663
internal_weight=6811 4314 2497 1197 2617 1300
internal_count=6811 4314 2497 1197 2617 1300
is_linear=0
shrinkage=0.01


Tree=10
num_leaves=7
num_cat=0
split_feature=10 9 10 3 4 4
split_gain=10754.9 2580.07 1930.98 588.438 482.982 469.275
threshold=0.029067438789956265 -0.0052438024774342906 0.019796903093877095 0.45962845575865513 0.090972607033255992 -0.03227186818470492
decision_type=2 2 2 2 2 2
left_child=2 -2 -1 5 -4 -3
right_child=1 3 4 -5 -6 -7
leaf_value=0.029658919327245008 -0.019110902430983148 -0.0079825040831998824 0.0076410764723022729 0.015449010655549178 0.020393561150407052 0.00091263718773793012
leaf_weight=764 1697 1492 1352 148 381 977
leaf_count=764 1697 1492 1352 148 381 977
internal_value=9.78114e-06 -0.00954448 0.0164886 -0.00329197 0.0105456 -0.00447315
internal_weight=6811 4314 2497 2617 1733 2469
internal_count=6811 4314 2497 2617 1733 2469
is_linear=0
shrinkage=0.01


Tree=11
num_leaves=7
num_cat=0
split_feature=1 9 13 8 1 8
split_gain=9422.56 2899.71 2646.83 1078.15 838.913 815.845
threshold=1.399950018062023 -0.0054678133143633749 16.265073570448624 1156.0000000000002 1.7312722399274849 1783.5000000000002
decision_type=2 2 2 2 2 2
left_child=1 -1 5 -3 -4 -2
right_child=2 3 4 -5 -6 -7
leaf_value=-0.020617086574922307 -0.00055606197283435783 0.013306817737161771 0.016883839722618126 -0.0055130332600572349 0.033244467413062424 0.0171228419569491
leaf_weight=1447 902 338 702 2438 627 357
leaf_count=1447 902 338 702 2438 627 357
internal_value=1.03718e-05 -0.0091907 0.0150019 -0.00318203 0.0247931 0.00455237
internal_weight=6811 4223 2588 2776 1329 1259
internal_count=6811 4223 2588 2776 1329 1259
is_linear=0
shrinkage=0.01


Tree=12
num_leaves=7
num_cat=0
split_feature=1 2 13 8 17 1
split_gain=9237.26 2831.6 2594.79 852.701 888.777 822.51
threshold=1.399950018062023 0.52961400599152586 16.265073570448624 1139.0000000000002 221.81166666666664 1.7312722399274849
decision_type=2 2 2 2 10 2
left_child=1 3 -2 4 -1 -4
right_child=2 -3 5 -5 -6 -7
leaf_value=0.040005817305795929 0.0045081493971591202 -0.01673012865520759 0.016717372666303725 -0.003147018530199506 0.0033352360919525381 0.032917241879871918
leaf_weight=87 1259 2253 702 1669 214 627
leaf_count=87 1259 2253 702 1669 214 627
internal_value=1.10579e-05 -0.00909909 0.0148545 -0.000331408 0.0148799 0.024549
internal_weight=6811 4223 2588 1970 301 1329
internal_count=6811 4223 2588 1970 301 1329
is_linear=0
shrinkage=0.01


Tree=13
num_leaves=7
num_cat=0
split_feature=1 9 13 7 17 1
split_gain=9054.61 2816.55 2544.01 1182.72 815.37 806.429
threshold=1.399950018062023 -0.0054678133143633749 16.265073570448624 357.75855000000007 241.83666666666679 1.7312722399274849
decision_type=2 2 2 2 10 2
left_child=1 -1 -2 -3 -5 -4
right_child=2 3 5 4 -6 -7
leaf_value=-0.020268846360777037 0.004463423159573719 -0.0050457854474846428 0.016552546867123659 0.044123356235616001 0.0045793699250533818 0.032593236738068708
leaf_weight=1447 1259 2551 702 71 154 627
leaf_count=1447 1259 2551 702 71 154 627
internal_value=1.2085e-05 -0.00900755 0.014708 -0.00308588 0.0184043 0.0243072
internal_weight=6811 4223 2588 2776 225 1329
internal_count=6811 4223 2588 2776 225 1329
is_linear=0
shrinkage=0.01


Tree=14
num_leaves=7
num_cat=0
split_feature=0 0 9 13 9 8
split_gain=11312.2 2616.67 1796.08 1022.16 759.483 728.385
threshold=0.90379183168600441 1.0347645279323363 -0.0032154820170045557 16.265073570448624 -0.0017676767676767676 2403.5000000000005
decision_type=2 2 2 2 2 2
left_child=2 4 -1 -3 -2 -5
right_child=1 3 -4 5 -6 -7
leaf_value=-0.018191224136899446 -0.0030354446412519014 0.014824136794151448 -0.0044336557146566506 0.038652680799996723 0.01107391500669308 0.0085307762871689348
leaf_weight=1927 530 492 1877 565 1319 101
leaf_count=1927 530 492 1877 565 1319 101
internal_value=1.30931e-05 0.0144819 -0.0114323 0.0262106 0.00703502 0.0342784
internal_weight=6811 3007 3804 1158 1849 666
internal_count=6811 3007 3804 1158 1849 666
is_linear=0
shrinkage=0.01


Tree=15
num_leaves=7
num_cat=0
split_feature=0 0 9 22 9 1
split_gain=11089.6 2565.92 1762.04 860.602 744.519 720.032
threshold=0.90379183168600441 1.0347645279323363 -0.0037366983265220504 10.100000000000025 -0.0017676767676767676 1.1123947530099836
decision_type=2 2 2 8 2 2
left_child=2 4 -1 -3 -2 -4
right_child=1 3 5 -5 -6 -7
leaf_value=-0.018505516289593807 -0.0030056523088219196 0.028128416549222705 -0.013194689494278962 -0.0071376933651044958 0.010964009085220484 -0.00058176854927758357
leaf_weight=1792 530 1088 675 70 1319 1337
leaf_count=1792 530 1088 675 70 1319 1337
internal_value=1.36574e-05 0.0143394 -0.0113185 0.0259538 0.0069651 -0.00485757
internal_weight=6811 3007 3804 1158 1849 2012
internal_count=6811 3007 3804 1158 1849 2012
is_linear=0
shrinkage=0.01


Tree=16
num_leaves=7
num_cat=0
split_feature=10 7 10 10 7 10
split_gain=9836.37 2142.18 1954.57 906.962 640.402 639.455
threshold=0.029067438789956265 216.20430000000002 0.051132097672194635 0.019796903093877095 357.75855000000007 0.022009118257899463
decision_type=2 2 2 2 2 2
left_child=1 3 4 -1 -2 -3
right_child=2 5 -4 -5 -6 -7
leaf_value=0.021321242749760379 -0.0066357243118922264 0.041899836489595242 -0.019086518902912807 0.0058735712754565596 0.00575633270411417 0.020520305696897854
leaf_weight=527 2477 312 1344 1344 493 314
leaf_count=527 2477 312 1344 1344 493 314
internal_value=1.34719e-05 0.0157729 -0.00912367 0.0103149 -0.00456631 0.0316672
internal_weight=6811 2497 4314 1871 2970 626
internal_count=6811 2497 4314 1871 2970 626
is_linear=0
shrinkage=0.01


Tree=17
num_leaves=7
num_cat=0
split_feature=1 9 9 12 12 17
split_gain=8497.49 2618.07 2260.02 889.653 727.012 684.153
threshold=1.399950018062023 -0.0054678133143633749 -0.002075163413802377 2.9727379293480429 2.2180731912545748 196.67000000000004
decision_type=2 2 2 2 2 8
left_child=1 -1 -2 5 -4 -3
right_child=2 3 4 -5 -6 -7
leaf_value=-0.019580690842355152 -0.0011214963682252377 0.020410537846781165 0.021695773875940429 -0.014143865830566728 -0.0013669166534510293 -0.0016328721818095041
leaf_weight=1447 698 141 1743 561 147 2074
leaf_count=1447 698 141 1743 561 147 2074
internal_value=1.43583e-05 -0.00872339 0.014251 -0.00301402 0.0199043 -0.000144231
internal_weight=6811 4223 2588 2776 1890 2215
internal_count=6811 4223 2588 2776 1890 2215
is_linear=0
shrinkage=0.01


Tree=18
num_leaves=7
num_cat=0
split_feature=10 7 10 4 4 10
split_gain=9509.58 2091.54 1885.18 1024.95 760.275 623.497
threshold=0.029067438789956265 216.20430000000002 0.049367376820980059 0.090972607033255992 -0.035150828427602317 0.022009118257899463
decision_type=2 2 2 2 2 2
left_child=1 3 4 -1 -2 -3
right_child=2 5 -4 -5 -6 -7
leaf_value=0.0052646327239227186 -0.0077163809337739914 0.04131696296682269 -0.017892012927035031 0.021470054107111145 0.0033376331079692859 0.020210870995795653
leaf_weight=1321 1870 312 1521 550 923 314
leaf_count=1321 1870 312 1521 550 923 314
internal_value=1.42772e-05 0.0155097 -0.00896981 0.0101172 -0.0040645 0.0312144
internal_weight=6811 2497 4314 1871 2793 626
internal_count=6811 2497 4314 1871 2793 626
is_linear=0
shrinkage=0.01


Tree=19
num_leaves=7
num_cat=0
split_feature=0 9 10 0 0 8
split_gain=10482.2 2343.44 1857.79 835.321 751.442 744.205
threshold=0.93767162847309538 -0.0037366983265220504 0.022009118257899463 0.82351320743855083 1.0886072067415673 2393.0000000000005
decision_type=2 2 2 2 2 2
left_child=1 -1 5 -3 -4 -2
right_child=2 3 4 -5 -6 -7
leaf_value=-0.017408145609782991 0.033200313167362036 -0.0098138525915963878 0.0063543575647722521 0.001945145003209116 0.022568130524693721 0.0074494924558645217
leaf_weight=1913 684 991 1192 1517 372 142
leaf_count=1913 684 991 1192 1517 372 142
internal_value=1.51019e-05 -0.00910162 0.0168468 -0.00272178 0.0103297 0.0289155
internal_weight=6811 4421 2390 2508 1564 826
internal_count=6811 4421 2390 2508 1564 826
is_linear=0
shrinkage=0.01


Tree=20
num_leaves=7
num_cat=0
split_feature=10 9 10 13 8 14
split_gain=9187.74 2167.68 1671.12 846.401 831.75 739.016
threshold=0.029067438789956265 -0.0066604786710797873 0.019796903093877095 0.2319236207670258 1338.0000000000002 0.16671796612294185
decision_type=2 2 2 2 2 2
left_child=2 -2 5 -3 -4 -1
right_child=1 3 4 -5 -6 -7
leaf_value=0.04680370382594326 -0.018618098572072393 -0.012108504727081916 0.021757720560104291 -0.00015981677897870404 0.0056959030770416244 0.021867365463475567
leaf_weight=156 1473 831 423 2010 1310 608
leaf_count=156 1473 831 423 2010 1310 608
internal_value=1.56002e-05 -0.00881515 0.0152466 -0.00368505 0.00971869 0.027498
internal_weight=6811 4314 2497 2841 1733 764
internal_count=6811 4314 2497 2841 1733 764
is_linear=0
shrinkage=0.01


Tree=21
num_leaves=7
num_cat=0
split_feature=0 0 9 21 9 0
split_gain=10169.8 2375.16 1559.84 713.068 674.891 495.623
threshold=0.90379183168600441 1.0347645279323363 -0.0032154820170045557 24.396666666666714 -0.0017676767676767676 0.82351320743855083
decision_type=2 2 2 8 2 2
left_child=2 4 -1 -3 -2 -4
right_child=1 3 5 -5 -6 -7
leaf_value=-0.017134736851109857 -0.0028525020887782038 0.026797189429635184 -0.0095890563706751489 -0.0066229067405534758 0.010448021811826311 0.00065887668021934664
leaf_weight=1927 530 1094 906 64 1319 971
leaf_count=1927 530 1094 906 64 1319 971
internal_value=1.64007e-05 0.0137352 -0.0108357 0.0249092 0.0066407 -0.00431225
internal_weight=6811 3007 3804 1158 1849 1877
internal_count=6811 3007 3804 1158 1849 1877
is_linear=0
shrinkage=0.01


Tree=22
num_leaves=7
num_cat=0
split_feature=0 10 10 7 0 0
split_gain=9968.73 2368.89 1601.66 1189.4 838.056 528.643
threshold=0.90379183168600441 0.025593909851723873 0.039153429752138071 216.20430000000002 1.0886072067415673 1.0402524014431747
decision_type=2 2 2 2 2 2
left_child=2 3 -1 5 -3 -2
right_child=1 4 -4 -5 -6 -7
leaf_value=-0.003354863753881976 0.010581651962446219 0.0021536442759785769 -0.01644318544078021 0.037326386034090317 0.020489889481409264 0.026319934627115422
leaf_weight=1668 577 1361 2136 419 296 354
leaf_count=1668 577 1361 2136 419 296 354
internal_value=1.62616e-05 0.0135988 -0.010728 0.023386 0.00553243 0.016782
internal_weight=6811 3007 3804 1350 1657 931
internal_count=6811 3007 3804 1350 1657 931
is_linear=0
shrinkage=0.01


Tree=23
num_leaves=7
num_cat=0
split_feature=1 4 4 7 21 1
split_gain=7759.29 2298.81 1706.14 843.614 866.701 685.998
threshold=1.399950018062023 -0.11111111111111113 -1.0000000180025095e-35 565.2225000000002 17.613333333333362 1.1123947530099836
decision_type=2 2 2 2 10 2
left_child=1 -1 -2 5 -5 -3
right_child=2 3 -4 4 -6 -7
leaf_value=-0.016189941834369961 0.0059921000231932019 -0.01111554924237889 0.022296581928160659 0.043472483173748591 0.00077587052684513827 0.00093029314518535593
leaf_weight=1971 1386 717 1202 71 116 1348
leaf_count=1971 1386 717 1202 71 116 1348
internal_value=1.7229e-05 -0.00833237 0.0136214 -0.00141407 0.0183707 -0.00328562
internal_weight=6811 4223 2588 2252 187 2065
internal_count=6811 4223 2588 2252 187 2065
is_linear=0
shrinkage=0.01


Tree=24
num_leaves=7
num_cat=0
split_feature=1 2 1 7 2 1
split_gain=7605.34 2419.19 1284.71 1119.8 1035.4 745.821
threshold=1.399950018062023 0.52961400599152586 1.999845338440061 666.19845000000009 0.56602671697764062 1.0400363698057971
decision_type=2 2 2 2 2 2
left_child=1 3 4 5 -2 -1
right_child=2 -3 -4 -5 -6 -7
leaf_value=-0.013847990714040003 0.017569366409247375 -0.015302079075777025 0.024760248325249146 0.024559213104214345 0.0025408565082167172 0.0011525552124582094
leaf_weight=425 798 2253 721 158 1069 1387
leaf_count=425 798 2253 721 158 1069 1387
internal_value=1.77335e-05 -0.00824862 0.0134863 -0.000145358 0.00902378 -0.00242248
internal_weight=6811 4223 2588 1970 1867 1812
internal_count=6811 4223 2588 1970 1867 1812
is_linear=0
shrinkage=0.01


Tree=25
num_leaves=7
num_cat=0
split_feature=10 9 10 12 8 8
split_gain=8532.09 1994.48 1571.82 825.941 784.953 642.024
threshold=0.029067438789956265 -0.0066604786710797873 0.019796903093877095 2.9727379293480429 1338.0000000000002 2393.0000000000005
decision_type=2 2 2 2 2 2
left_child=2 -2 5 -3 -4 -1
right_child=1 3 4 -5 -6 -7
leaf_value=0.030505464490029569 -0.017894876654663664 -0.00064847078022113179 0.02102987670724648 -0.013495097835183526 0.0054283969426773679 0.0049648546649299508
leaf_weight=643 1473 2203 423 638 1310 121
leaf_count=643 1473 2203 423 638 1310 121
internal_value=1.81635e-05 -0.00849167 0.0146956 -0.00357064 0.0093353 0.0265768
internal_weight=6811 4314 2497 2841 1733 764
internal_count=6811 4314 2497 2841 1733 764
is_linear=0
shrinkage=0.01


Tree=26
num_leaves=7
num_cat=0
split_feature=1 9 9 1 14 4
split_gain=7365.45 2352.39 1964.97 689.1 596.617 492.294
threshold=1.4176819274761803 -0.00348615227886013 -0.002075163413802377 1.1123947530099836 0.067947870890280856 0.090972607033255992
decision_type=2 2 2 2 2 2
left_child=1 -1 -2 -3 -4 -6
right_child=2 3 4 -5 5 -7
leaf_value=-0.016300477647192051 -0.00088371291948576643 -0.0090273195915960853 0.035256838888969536 0.0021552243268572364 0.012633131729023854 0.024517701042728275
leaf_weight=1851 662 803 205 1702 1025 563
leaf_count=1851 662 803 205 1702 1025 563
internal_value=1.84201e-05 -0.00778393 0.0138378 -0.00145108 0.019248 0.0169737
internal_weight=6811 4356 2455 2505 1793 1588
internal_count=6811 4356 2455 2505 1793 1588
is_linear=0
shrinkage=0.01


Tree=27
num_leaves=7
num_cat=0
split_feature=0 10 10 0 20 4
split_gain=9316.08 2661.6 1113.63 996.29 637.085 525.295
threshold=0.97979204541446718 0.03225325646719001 0.022009118257899463 0.81494565101168004 38.300000000000018 0.049613004362844014
decision_type=2 2 2 2 8 2
left_child=1 5 -2 -3 -4 -1
right_child=2 3 4 -5 -6 -7
leaf_value=-0.00089579000274099671 0.029546405392396464 -0.017168159562486542 0.015958593151247195 -0.0059307712927529075 -0.0071068183722961956 0.010620804572263016
leaf_weight=1222 692 1834 951 1406 131 575
leaf_count=1222 692 1834 951 1406 131 575
internal_value=1.89448e-05 -0.00692421 0.0196613 -0.0123249 0.0131265 0.00282765
internal_weight=6811 5037 1774 3240 1082 1797
internal_count=6811 5037 1774 3240 1082 1797
is_linear=0
shrinkage=0.01


Tree=28
num_leaves=7
num_cat=0
split_feature=5 7 11 5 5 15
split_gain=5283.2 1821.72 1730.46 1201.74 851.281 705.155
threshold=0.87319534153944967 216.20430000000002 0.010464426607230662 1.2311366409107303 0.68143567109797709 0.75068924261340009
decision_type=2 2 2 2 2 2
left_child=2 3 -1 5 -4 -2
right_child=1 -3 4 -5 -6 -7
leaf_value=0.0090944828093246343 0.006550424180870428 0.023423552403305785 -0.016765984814584217 0.017390367171989992 -0.0060612329030918346 -0.0052365366419609852
leaf_weight=469 1172 683 1488 610 1509 880
leaf_count=469 1172 683 1488 610 1509 880
internal_value=1.91222e-05 0.00897068 -0.00862089 0.00518866 -0.0114142 0.00149471
internal_weight=6811 3345 3466 2662 2997 2052
internal_count=6811 3345 3466 2662 2997 2052
is_linear=0
shrinkage=0.01


Tree=29
num_leaves=7
num_cat=0
split_feature=0 0 20 4 1 0
split_gain=9050.29 2548.99 1006.72 908.34 565.339 503.753
threshold=0.97979204541446718 0.82351320743855083 38.300000000000018 0.023873031821231516 1.0400363698057971 1.0909617178346769
decision_type=2 2 8 2 2 2
left_child=1 4 5 -3 -1 -2
right_child=2 3 -4 -5 -6 -7
leaf_value=-0.019561899459640927 0.01641196340967143 -0.0036709901409975897 -0.0064549786196058173 0.00938020495859632 -0.0096450357517677207 0.028043250884433026
leaf_weight=1108 937 1940 135 724 1265 702
leaf_count=1108 937 1940 135 724 1265 702
internal_value=1.93472e-05 -0.00682405 0.0193795 -0.000102229 -0.0143381 0.0215336
internal_weight=6811 5037 1774 2664 2373 1639
internal_count=6811 5037 1774 2664 2373 1639
is_linear=0
shrinkage=0.01


Tree=30
num_leaves=7
num_cat=0
split_feature=0 10 10 0 0 8
split_gain=8874.31 2133.56 1394.88 874.161 748.587 494.454
threshold=0.90379183168600441 0.025593909851723873 0.039153429752138071 1.0371555275104967 1.0886072067415673 2403.5000000000005
decision_type=2 2 2 2 2 2
left_child=2 3 -1 -2 -3 -5
right_child=1 4 -4 5 -6 -7
leaf_value=-0.0032364308159970163 0.014094784012969572 0.0019870258050455293 -0.015451622640631648 0.0338683613739241 0.019316302240280067 0.0069216148420534239
leaf_weight=1668 704 1361 2136 562 296 84
leaf_count=1668 704 1361 2136 562 296 84
internal_value=1.93664e-05 0.0128346 -0.010118 0.0221228 0.00517996 0.0305234
internal_weight=6811 3007 3804 1350 1657 646
internal_count=6811 3007 3804 1350 1657 646
is_linear=0
shrinkage=0.01


Tree=31
num_leaves=7
num_cat=0
split_feature=10 10 10 4 15 12
split_gain=7763.91 1559.58 1452.63 669.399 471.919 402.359
threshold=0.029067438789956265 0.051132097672194635 0.019796903093877095 -0.035150828427602317 4.1400076127623953 2.9727379293480429
decision_type=2 2 2 2 2 2
left_child=2 3 -1 -2 -4 -5
right_child=1 -3 4 5 -6 -7
leaf_value=0.025442260958492585 -0.007266298210283643 -0.016997022635834441 0.010412832471105828 0.0062219627120395343 -0.0083456986476885993 -0.0095182799807398757
leaf_weight=764 2022 1344 1594 751 139 197
leaf_count=764 2022 1344 1594 751 139 197
internal_value=2.00157e-05 -0.0080977 0.0140211 -0.00402701 0.008869 0.00288583
internal_weight=6811 4314 2497 2970 1733 948
internal_count=6811 4314 2497 2970 1733 948
is_linear=0
shrinkage=0.01


Tree=32
num_leaves=7
num_cat=0
split_feature=1 4 4 12 21 12
split_gain=6732.31 2086.77 1477.48 700.14 597.253 501.413
threshold=1.4176819274761803 -0.11111111111111113 -1.0000000180025095e-35 2.9727379293480429 17.650833333333328 2.2180731912545748
decision_type=2 2 2 2 8 2
left_child=1 -1 4 -3 -2 -4
right_child=2 3 5 -5 -6 -7
leaf_value=-0.014886878376551534 0.01121026167590587 0.0016285963457120562 0.02343599734689086 -0.012222387477716312 -0.0026075279456427929 -8.4276396029312687e-05
leaf_weight=2011 796 1904 1054 441 506 99
leaf_count=2011 796 1904 1054 441 506 99
internal_value=1.98148e-05 -0.00743966 0.0132319 -0.00101705 0.00586127 0.0214331
internal_weight=6811 4356 2455 2345 1302 1153
internal_count=6811 4356 2455 2345 1302 1153
is_linear=0
shrinkage=0.01


Tree=33
num_leaves=7
num_cat=0
split_feature=0 10 10 0 20 5
split_gain=8516.76 2402.02 1024.67 912.655 592.931 480.367
threshold=0.97979204541446718 0.03225325646719001 0.022009118257899463 0.81494565101168004 38.300000000000018 1.105210494846546
decision_type=2 2 2 2 8 2
left_child=1 5 -2 -3 -4 -1
right_child=2 3 4 -5 -6 -7
leaf_value=-0.0009147948223230801 0.028281909244102187 -0.016384849609192734 0.015265734316742399 -0.0056301041494885278 -0.0069800992493669611 0.010097937036536506
leaf_weight=1222 692 1834 951 1406 131 575
leaf_count=1222 692 1834 951 1406 131 575
internal_value=1.97116e-05 -0.00661891 0.0188005 -0.0117495 0.0125331 0.00264542
internal_weight=6811 5037 1774 3240 1082 1797
internal_count=6811 5037 1774 3240 1082 1797
is_linear=0
shrinkage=0.01


Tree=34
num_leaves=7
num_cat=0
split_feature=9 11 4 8 9 8
split_gain=6051.58 1966.46 906.797 705.248 596.593 478.151
threshold=-0.0033416929048870922 0.017075828356138925 0.038646111563754852 1338.0000000000002 -0.0090808080808080782 1519.0000000000002
decision_type=2 2 2 2 2 2
left_child=4 3 -3 -2 -1 -5
right_child=1 2 -4 5 -6 -7
leaf_value=-0.018311928685615694 0.025514278359612268 -0.0029844888090508519 0.0093986339746257915 -0.0040153074041447794 -0.0080103520523747158 0.013171033604457061
leaf_weight=1137 442 1761 878 181 1157 1255
leaf_count=1137 442 1761 878 181 1157 1255
internal_value=1.98625e-05 0.00673456 0.00115533 0.014527 -0.0131736 0.010992
internal_weight=6811 4517 2639 1878 2294 1436
internal_count=6811 4517 2639 1878 2294 1436
is_linear=0
shrinkage=0.01


Tree=35
num_leaves=7
num_cat=0
split_feature=1 2 13 7 21 1
split_gain=6415 2161.11 1934.02 1110.16 777.585 687.112
threshold=1.4176819274761803 0.52961400599152586 16.265073570448624 666.19845000000009 18.370833333333348 1.0400363698057971
decision_type=2 2 2 2 10 2
left_child=1 3 -2 5 -5 -1
right_child=2 -3 -4 4 -6 -7
leaf_value=-0.012984437424282748 0.003758050937710985 -0.013829316449919166 0.02151921682361032 0.049363038703186868 0.0058434888067328038 0.0013448446961344758
leaf_weight=425 1196 2323 1259 63 101 1444
leaf_count=425 1196 2323 1259 63 101 1444
internal_value=1.98803e-05 -0.00726168 0.0129169 0.000273766 0.0244375 -0.00196531
internal_weight=6811 4356 2455 2033 164 1869
internal_count=6811 4356 2455 2033 164 1869
is_linear=0
shrinkage=0.01


Tree=36
num_leaves=7
num_cat=0
split_feature=0 0 13 5 21 13
split_gain=8163.49 2291.5 930.99 816.066 793.229 548.375
threshold=0.97979204541446718 0.82351320743855083 16.265073570448624 1.049013132425564 17.541666666666696 28.547001821846425
decision_type=2 2 2 2 8 2
left_child=1 -1 4 -3 -2 -4
right_child=2 3 5 -5 -6 -7
leaf_value=-0.013603400971828028 0.019722112990896573 -0.0034819346136443574 0.032999302922570729 0.0088991484919494872 -0.00072425749809726283 0.017625754371874237
leaf_weight=2373 378 1942 447 722 370 579
leaf_count=2373 378 1942 447 722 370 579
internal_value=2.0488e-05 -0.00647899 0.0184076 -0.000105669 0.00973214 0.0245775
internal_weight=6811 5037 1774 2664 748 1026
internal_count=6811 5037 1774 2664 748 1026
is_linear=0
shrinkage=0.01


Tree=37
num_leaves=7
num_cat=0
split_feature=0 10 10 8 1 0
split_gain=8007.94 1868.64 1356.8 748.923 682.361 493.884
threshold=0.95423748033819977 0.036207150348735354 0.025593909851723873 2393.0000000000005 1.0295897279408155 1.0996773227721872
decision_type=2 2 2 2 2 2
left_child=1 -1 3 -2 -3 -4
right_child=2 4 5 -5 -6 -7
leaf_value=0.00012098081483333406 0.027458333657306159 -0.01900321477678734 0.0036949722169424006 0.0044809654201864377 -0.0086184258215260563 0.019073664636598552
leaf_weight=1960 906 1047 785 173 1662 278
leaf_count=1960 906 1047 785 173 1662 278
internal_value=2.11838e-05 -0.00732167 0.0159863 0.0238493 -0.0126872 0.00785715
internal_weight=6811 4669 2142 1079 2709 1063
internal_count=6811 4669 2142 1079 2709 1063
is_linear=0
shrinkage=0.01


Tree=38
num_leaves=7
num_cat=0
split_feature=0 0 1 13 4 4
split_gain=7871.44 1903.64 1194.45 797.718 629.186 544.336
threshold=0.90379183168600441 1.0347645279323363 1.0856070478418636 16.265073570448624 -0.068337484433374798 0.023873031821231516
decision_type=2 2 2 2 2 2
left_child=2 5 -1 -3 -4 -2
right_child=1 3 4 -5 -6 -7
leaf_value=-0.016266758061365426 0.0018550093046937799 0.012071464395603217 -0.009359529965168395 0.029209568034406316 0.0012951581050461109 0.013310297340086539
leaf_weight=1548 1230 492 1298 666 958 619
leaf_count=1548 1230 492 1298 666 958 619
internal_value=2.13708e-05 0.0120908 -0.009526 0.0220938 -0.00484932 0.00574093
internal_weight=6811 3007 3804 1158 2256 1849
internal_count=6811 3007 3804 1158 2256 1849
is_linear=0
shrinkage=0.01


Tree=39
num_leaves=7
num_cat=0
split_feature=1 9 9 12 14 22
split_gain=5998.47 2273.52 1246.56 785.31 512.392 445.333
threshold=1.4836715159762048 -0.0030205925449842143 -0.0017676767676767676 2.9727379293480429 0.084800791438325959 -4.6999999999999877
decision_type=2 2 2 2 2 10
left_child=1 -1 -2 4 5 -3
right_child=2 3 -4 -5 -6 -7
leaf_value=-0.013999770659022033 0.0011284660211386989 0.037222671624930467 0.018847171980925698 -0.011192811992878263 0.00057425203452230291 0.0077368118155295854
leaf_weight=2070 538 58 1520 504 1879 242
leaf_count=2070 538 58 1520 504 1879 242
internal_value=2.1628e-05 -0.00615306 0.014243 -6.96342e-05 0.00254252 0.0144543
internal_weight=6811 4753 2058 2683 2179 300
internal_count=6811 4753 2058 2683 2179 300
is_linear=0
shrinkage=0.01


Tree=40
num_leaves=7
num_cat=0
split_feature=0 0 10 10 10 10
split_gain=7620.08 1845.89 1174.87 796.277 612.722 322.285
threshold=0.90379183168600441 1.0347645279323363 0.040017781839351861 0.039153429752138071 0.025593909851723873 0.024475109035076954
decision_type=2 2 2 2 2 2
left_child=2 4 5 -3 -2 -1
right_child=1 3 -4 -5 -6 -7
leaf_value=0.0052960689297987754 0.012915337906751903 0.025143796563515806 -0.01443082840481193 0.0015759040826837944 0.0011008082703773932 -0.0054044452470763107
leaf_weight=344 704 989 2074 169 1145 1386
leaf_count=344 704 989 2074 169 1145 1386
internal_value=2.20028e-05 0.0118972 -0.00937169 0.0217472 0.00564442 -0.0032585
internal_weight=6811 3007 3804 1158 1849 1730
internal_count=6811 3007 3804 1158 1849 1730
is_linear=0
shrinkage=0.01


Tree=41
num_leaves=7
num_cat=0
split_feature=10 9 7 13 9 17
split_gain=6641.34 1652.08 1648.16 744.179 591.177 470.841
threshold=0.028168050531988353 -0.0066604786710797873 216.20430000000002 0.2319236207670258 0.0045037110188720494 196.67000000000004
decision_type=2 2 2 2 2 10
left_child=2 -2 4 -3 -1 -4
right_child=1 3 5 -5 -6 -7
leaf_value=0.0053728829946589262 -0.015791765388071217 -0.010721887038820661 0.045365480018177431 0.00031021522418134224 0.019005127387174411 0.022430855530559155
leaf_weight=1361 1474 848 123 2126 411 468
leaf_count=1361 1474 848 123 2126 411 468
internal_value=2.21668e-05 -0.00717177 0.0135368 -0.00286084 0.00862367 0.0278795
internal_weight=6811 4448 2363 2974 1772 591
internal_count=6811 4448 2363 2974 1772 591
is_linear=0
shrinkage=0.01


Tree=42
num_leaves=7
num_cat=0
split_feature=0 0 10 10 8 1
split_gain=7392.15 2092.97 911.741 734.311 670.391 485.527
threshold=0.97979204541446718 0.82351320743855083 0.022009118257899463 0.026307466379895658 2393.0000000000005 1.0400363698057971
decision_type=2 2 2 2 2 2
left_child=1 5 4 -3 -2 -1
right_child=2 3 -4 -5 -6 -7
leaf_value=-0.017809045095653116 0.030608471717065232 0.0081833432708783328 0.011611419171667376 -0.0033853418862897912 0.0031082557670724315 -0.0086263846929207928
leaf_weight=1108 585 759 1082 1905 107 1265
leaf_count=1108 585 759 1082 1905 107 1265
internal_value=2.29123e-05 -0.0061619 0.0175198 -7.10317e-05 0.0264611 -0.0129707
internal_weight=6811 5037 1774 2664 692 2373
internal_count=6811 5037 1774 2664 692 2373
is_linear=0
shrinkage=0.01


Tree=43
num_leaves=7
num_cat=0
split_feature=10 10 10 8 8 4
split_gain=6404.23 1400.47 1152.65 613.952 571.969 558.796
threshold=0.028168050531988353 0.049367376820980059 0.019796903093877095 1338.0000000000002 2393.0000000000005 -0.035150828427602317
decision_type=2 2 2 2 2 2
left_child=2 5 4 -4 -1 -2
right_child=1 -3 3 -5 -6 -7
leaf_value=0.027046070478463996 -0.006098784900169925 -0.014793577166185986 0.019083856924901492 0.0047611659656544552 0.0030980484880051996 0.0030963109396326179
leaf_weight=643 1933 1521 393 1206 121 994
leaf_count=643 1933 1521 393 1206 121 994
internal_value=2.30305e-05 -0.00704132 0.0132943 0.00837811 0.0233423 -0.00297625
internal_weight=6811 4448 2363 1599 764 2927
internal_count=6811 4448 2363 1599 764 2927
is_linear=0
shrinkage=0.01


Tree=44
num_leaves=7
num_cat=0
split_feature=1 2 13 8 17 1
split_gain=5565.18 2120.58 1531.15 819.46 853.684 727.985
threshold=1.4836715159762048 0.52961400599152586 16.265073570448624 1139.0000000000002 221.81166666666664 1.1819698578110314
decision_type=2 2 2 2 10 2
left_child=1 3 -2 4 -1 -3
right_child=2 5 -4 -5 -6 -7
leaf_value=0.037371004542224424 0.0045139805545403181 -0.016863889205194355 0.021814473478922122 -0.0013595282931097793 0.0041484489922905682 -0.0060882071500221579
leaf_weight=107 970 1415 1088 1844 237 1150
leaf_count=107 970 1415 1088 1844 237 1150
internal_value=2.33308e-05 -0.00592418 0.0137215 0.00130869 0.015246 -0.0120751
internal_weight=6811 4753 2058 2188 344 2565
internal_count=6811 4753 2058 2188 344 2565
is_linear=0
shrinkage=0.01


Tree=45
num_leaves=7
num_cat=0
split_feature=0 0 1 10 7 10
split_gain=7078.85 1753.93 1084.12 954.016 612.688 463.797
threshold=0.90379183168600441 1.0909617178346769 1.0856070478418636 0.025593909851723873 216.20430000000002 0.031227525781335946
decision_type=2 2 2 2 2 2
left_child=2 3 -1 4 -2 -4
right_child=1 -3 5 -5 -6 -7
leaf_value=-0.015451977405382084 0.0099855108859412331 0.025158014360778864 0.0015375072598326101 0.0018156697168380065 0.028698719952240156 -0.0079147261887567849
leaf_weight=1548 703 706 799 1365 233 1457
leaf_count=1548 703 706 799 1365 233 1457
internal_value=2.37358e-05 0.0114694 -0.00903022 0.00717871 0.0148979 -0.00457505
internal_weight=6811 3007 3804 2301 936 2256
internal_count=6811 3007 3804 2301 936 2256
is_linear=0
shrinkage=0.01


Tree=46
num_leaves=7
num_cat=0
split_feature=0 0 10 10 7 10
split_gain=6952 1961.93 849.959 679.026 481.79 457.436
threshold=0.97979204541446718 0.82351320743855083 0.022009118257899463 0.026307466379895658 27.407250000000005 0.050249116269401366
decision_type=2 2 2 2 2 2
left_child=1 5 4 -3 -2 -1
right_child=2 3 -4 -5 -6 -7
leaf_value=-0.0086115635510399038 0.0095615537612583242 0.0078610194425288733 0.01128619788962522 -0.003263649900143239 0.030153924935132019 -0.01758092883555621
leaf_weight=1342 159 759 1082 1905 533 1031
leaf_count=1342 159 759 1082 1905 533 1031
internal_value=2.4141e-05 -0.00597372 0.0169922 -7.65765e-05 0.025626 -0.0125659
internal_weight=6811 5037 1774 2664 692 2373
internal_count=6811 5037 1774 2664 692 2373
is_linear=0
shrinkage=0.01


Tree=47
num_leaves=7
num_cat=0
split_feature=10 7 1 1 4 21
split_gain=5990.44 1536.75 1534.82 1113.03 879.185 483.004
threshold=0.028168050531988353 216.20430000000002 1.0400363698057971 1.7055998836138067 -0.068337484433374798 17.894166666666688
decision_type=2 2 2 2 2 10
left_child=1 3 -2 -1 -4 -3
right_child=2 5 4 -5 -6 -7
leaf_value=0.0029358086575257836 -0.016174384553349217 0.033106144901189405 -0.0073472050642953103 0.020236175601052026 0.0033391948198256377 0.013026129394554749
leaf_weight=1250 1247 393 1934 522 1267 198
leaf_count=1250 1247 393 1934 522 1267 198
internal_value=2.43307e-05 0.0128597 -0.00680799 0.00811715 -0.00312015 0.0267075
internal_weight=6811 2363 4448 1772 3201 591
internal_count=6811 2363 4448 1772 3201 591
is_linear=0
shrinkage=0.01


Tree=48
num_leaves=7
num_cat=0
split_feature=9 7 4 21 8 9
split_gain=4881.59 1854.55 1346.19 1182.6 608.835 568.203
threshold=-0.0030205925449842143 357.75855000000007 0.090972607033255992 17.613333333333362 1125.0000000000002 -0.0090808080808080782
decision_type=2 2 2 10 2 2
left_child=5 2 -2 -3 -5 -1
right_child=1 3 -4 4 -6 -7
leaf_value=-0.016475624408582655 0.00019684329378346588 0.03120718951216523 0.014908165716746779 0.030073636769255004 -0.0025597719865261899 -0.0067057606889932711
leaf_weight=1137 2873 430 784 65 235 1287
leaf_count=1137 2873 430 784 65 235 1287
internal_value=2.48075e-05 0.00631433 0.00338276 0.0207561 0.00525283 -0.0113373
internal_weight=6811 4387 3657 730 300 2424
internal_count=6811 4387 3657 730 300 2424
is_linear=0
shrinkage=0.01


Tree=49
num_leaves=7
num_cat=0
split_feature=10 10 7 9 7 13
split_gain=5806.56 1725.19 975.728 870.759 625.138 474.32
threshold=0.034137739864056486 0.022009118257899463 216.20430000000002 -0.0090808080808080782 357.75855000000007 0.2319236207670258
decision_type=2 2 2 2 2 2
left_child=1 2 -1 -2 -3 -5
right_child=3 4 -4 5 -6 -7
leaf_value=0.013267294060732916 -0.016315943563412257 0.0017529004240365714 0.034147484454077594 -0.011843328541150624 0.015531553198955954 -0.0022358942749314461
leaf_weight=823 1136 1882 312 780 390 1488
leaf_count=823 1136 1882 312 780 390 1488
internal_value=2.53019e-05 0.00924093 0.0192551 -0.0091985 0.00417577 -0.00557752
internal_weight=6811 3407 1135 3404 2272 2268
internal_count=6811 3407 1135 3404 2272 2268
is_linear=0
shrinkage=0.01


Tree=50
num_leaves=7
num_cat=0
split_feature=10 1 1 14 17 1
split_gain=5699.87 1473.99 1271.38 685.117 633.549 624.56
threshold=0.028168050531988353 1.0400363698057971 1.6676202149078476 0.099838843299926511 202.11166666666676 2.0000022500218573
decision_type=2 2 2 2 10 2
left_child=2 -2 3 4 -1 -3
right_child=1 5 -4 -5 -6 -7
leaf_value=0.044837416403177309 -0.015817840292860139 -0.0043078259906960134 0.022389751895808604 0.003868886813439922 0.010832156306541548 0.012013054046414647
leaf_weight=72 1247 2956 837 1259 195 245
leaf_count=72 1247 2956 837 1259 195 245
internal_value=2.55518e-05 -0.00663901 0.0125457 0.00703573 0.0212897 -0.00302513
internal_weight=6811 4448 2363 1526 267 3201
internal_count=6811 4448 2363 1526 267 3201
is_linear=0
shrinkage=0.01


Tree=51
num_leaves=7
num_cat=0
split_feature=10 1 1 10 4 2
split_gain=5600.89 1810.21 952.372 766.33 544.752 449.35
threshold=0.034137739864056486 1.4836715159762048 1.0400363698057971 0.022009118257899463 -0.060264719362900822 0.52961400599152586
decision_type=2 2 2 2 2 2
left_child=1 5 -2 -3 -4 -1
right_child=2 3 4 -5 -6 -7
leaf_value=0.0062860663296682795 -0.016444300746443333 0.023974978303658797 -0.0083596216164429846 0.0097746462370907217 0.002409815415870915 -0.0037636861739275581
leaf_weight=1128 1142 779 1605 778 657 722
leaf_count=1128 1142 779 1605 778 657 722
internal_value=2.63785e-05 0.00907732 -0.00903259 0.016987 -0.00523479 0.0023648
internal_weight=6811 3407 3404 1557 2262 1850
internal_count=6811 3407 3404 1557 2262 1850
is_linear=0
shrinkage=0.01


Tree=52
num_leaves=7
num_cat=0
split_feature=5 13 8 12 5 17
split_gain=3723.21 1429.14 1080.49 809.799 494.311 473.782
threshold=0.87319534153944967 0.2319236207670258 1354.0000000000002 1.3669783214778579 0.66646095106139513 188.69499999999979
decision_type=2 2 2 2 2 8
left_child=3 -2 -3 4 -1 -6
right_child=1 2 -4 -5 5 -7
leaf_value=-0.0093485288686619202 -0.0080211377223160605 0.020861198654001028 0.0066521355371627258 -0.015163679833603189 0.015806542137055658 -0.0024201274388760572
leaf_weight=1083 495 712 2138 930 150 1303
leaf_count=1083 495 712 2138 930 150 1303
internal_value=2.63182e-05 0.00754095 0.0102624 -0.00722681 -0.00426808 -0.000443322
internal_weight=6811 3345 2850 3466 2536 1453
internal_count=6811 3345 2850 3466 2536 1453
is_linear=0
shrinkage=0.01


Tree=53
num_leaves=7
num_cat=0
split_feature=10 10 10 14 8 13
split_gain=5424.37 1139.57 1103.34 641.035 602.765 447.708
threshold=0.029067438789956265 0.051132097672194635 0.019796903093877095 0.16671796612294185 1338.0000000000002 0.2319236207670258
decision_type=2 2 2 2 2 2
left_child=2 5 3 -1 -4 -2
right_child=1 -3 4 -5 -6 -7
leaf_value=0.039470589344041893 -0.0095504917103929436 -0.014365912189483958 0.017484401801028924 0.016549989318740358 0.0038289773722891833 -0.00087968578420190432
leaf_weight=156 814 1344 423 608 1310 2156
leaf_count=156 814 1344 423 608 1310 2156
internal_value=2.61776e-05 -0.00675912 0.0117292 0.0216796 0.00724326 -0.0032802
internal_weight=6811 4314 2497 764 1733 2970
internal_count=6811 4314 2497 764 1733 2970
is_linear=0
shrinkage=0.01


Tree=54
num_leaves=7
num_cat=0
split_feature=0 9 0 0 20 4
split_gain=6288.24 1443.3 994.459 605.57 599.387 333.858
threshold=0.95423748033819977 -0.0037366983265220504 1.0909617178346769 0.82351320743855083 38.500000000000036 -1.0000000180025095e-35
decision_type=2 2 2 2 10 2
left_child=1 -1 4 -3 5 -2
right_child=2 3 -4 -5 -6 -7
leaf_value=-0.013030997814605127 0.006236581134268092 -0.0079567418424311438 0.023843085534985087 0.001806870321918716 -0.0082016758631322205 0.016615429021432957
leaf_weight=1947 622 991 706 1731 166 648
leaf_count=1947 622 991 706 1731 166 648
internal_value=2.66861e-05 -0.00648015 0.0141741 -0.00176389 0.00928837 0.0116207
internal_weight=6811 4669 2142 2722 1436 1270
internal_count=6811 4669 2142 2722 1436 1270
is_linear=0
shrinkage=0.01


Tree=55
num_leaves=7
num_cat=0
split_feature=0 0 0 9 14 9
split_gain=6171.14 1718.39 678.015 605.419 404.258 374.552
threshold=0.97979204541446718 0.82351320743855083 1.0909617178346769 -0.0030205925449842143 0.14836063535366067 -0.0019765195834814246
decision_type=2 2 2 2 2 2
left_child=1 -1 5 -3 -4 -2
right_child=2 3 4 -5 -6 -7
leaf_value=-0.011793771592153791 3.5651272177234182e-05 -0.0075995487294653954 0.037448537676413166 0.0029048754721755338 0.01881752083683513 0.014042645733321018
leaf_weight=2373 248 759 164 1905 542 820
leaf_count=2373 248 759 164 1905 542 820
internal_value=2.67024e-05 -0.00562429 0.0160134 -0.000105167 0.023608 0.0108206
internal_weight=6811 5037 1774 2664 706 1068
internal_count=6811 5037 1774 2664 706 1068
is_linear=0
shrinkage=0.01


Tree=56
num_leaves=7
num_cat=0
split_feature=0 0 5 5 8 12
split_gain=6055.64 1525.66 745.079 716.982 365.636 295.014
threshold=0.90379183168600441 1.0909617178346769 0.87319534153944967 0.99991965424749385 1391.0000000000002 0.41128054450105994
decision_type=2 2 2 2 2 2
left_child=2 3 5 -2 -5 -1
right_child=1 -3 -4 4 -6 -7
leaf_value=-0.0082641817899891251 0.0016041656436725418 0.023379763294244349 -0.0024066746765002609 0.02240078666043302 0.0089153748169855124 -0.015361168478524645
leaf_weight=1293 1281 706 1365 282 738 1146
leaf_count=1293 1281 706 1365 282 738 1146
internal_value=2.72249e-05 0.0106134 -0.00834686 0.00661216 0.012825 -0.0116479
internal_weight=6811 3007 3804 2301 1020 2439
internal_count=6811 3007 3804 2301 1020 2439
is_linear=0
shrinkage=0.01


Tree=57
num_leaves=7
num_cat=0
split_feature=1 4 13 13 13 21
split_gain=4612.86 1632.76 1301.95 709.734 452.298 837.34
threshold=1.4836715159762048 -0.12335965118261523 16.265073570448624 0.2319236207670258 0.29693579078273352 18.640000000000033
decision_type=2 2 2 2 2 10
left_child=1 -1 -2 -3 5 -5
right_child=2 3 -4 4 -6 -7
leaf_value=-0.012213074577484028 0.0040101166172796503 -0.0097369942408353088 0.019960920515220838 0.043369769897009879 0.0009692445928481231 -0.00027273141747435274
leaf_weight=2009 970 615 1088 64 1957 108
leaf_count=2009 970 615 1088 64 1957 108
internal_value=2.73964e-05 -0.00538739 0.0124986 -0.000363811 0.00237666 0.017457
internal_weight=6811 4753 2058 2744 2129 172
internal_count=6811 4753 2058 2744 2129 172
is_linear=0
shrinkage=0.01


Tree=58
num_leaves=7
num_cat=0
split_feature=0 0 22 5 12 7
split_gain=5871.68 1636.82 691.161 608.197 555.155 529.4
threshold=0.97979204541446718 0.82351320743855083 10.00000000000003 1.0845238095238097 2.2180731912545748 27.407250000000005
decision_type=2 2 8 2 2 2
left_child=1 -1 4 -3 5 -2
right_child=2 3 -4 -5 -6 -7
leaf_value=-0.011505659823850274 0.0083396908478024136 -0.0026708924288738676 -0.00592270601410549 0.0087080257395174988 -0.0084304315419424149 0.022024630864504298
leaf_weight=2373 394 2067 133 597 74 1173
leaf_count=2373 394 2067 133 597 74 1173
internal_value=2.77981e-05 -0.00548438 0.0156218 -9.78579e-05 0.0173932 0.0186584
internal_weight=6811 5037 1774 2664 1641 1567
internal_count=6811 5037 1774 2664 1641 1567
is_linear=0
shrinkage=0.01


Tree=59
num_leaves=7
num_cat=0
split_feature=5 8 11 11 5 17
split_gain=3332.56 1176.3 1099 614.446 453.344 419.516
threshold=0.87319534153944967 1229.5000000000002 0.011130594959556159 0.017075828356138925 0.66646095106139513 196.67000000000004
decision_type=2 2 2 2 2 8
left_child=2 5 -1 -3 -4 -2
right_child=1 3 4 -5 -6 -7
leaf_value=0.0058190760780222704 0.037263822756567089 0.010773964576912952 -0.013607402470361601 0.00055555155516496949 -0.0056238671788294637 0.014930904147319648
leaf_weight=567 96 878 1330 1748 1569 623
leaf_count=567 96 878 1330 1748 1569 623
internal_value=2.76747e-05 0.00713716 -0.00683441 0.00399998 -0.00932073 0.018383
internal_weight=6811 3345 3466 2626 2899 719
internal_count=6811 3345 3466 2626 2899 719
is_linear=0
shrinkage=0.01


Tree=60
num_leaves=7
num_cat=0
split_feature=10 7 9 5 13 10
split_gain=4903.27 1341.18 1233.8 632.295 609.038 365.495
threshold=0.028168050531988353 216.20430000000002 -0.0067973375230247352 1.3779761904761907 0.2319236207670258 0.022009118257899463
decision_type=2 2 2 2 2 2
left_child=1 3 -2 -1 -4 -3
right_child=2 5 4 -5 -6 -7
leaf_value=0.0045736135531732917 -0.013701393524630684 0.032072637627792097 -0.0095257486756872307 0.020859182538314872 0.00039206842287693201 0.015369961749775188
leaf_weight=1496 1448 312 861 276 2139 279
leaf_count=1496 1448 312 861 276 2139 279
internal_value=2.81326e-05 0.0116405 -0.00615321 0.00721301 -0.00247654 0.0245746
internal_weight=6811 2363 4448 1772 3000 591
internal_count=6811 2363 4448 1772 3000 591
is_linear=0
shrinkage=0.01


Tree=61
num_leaves=7
num_cat=0
split_feature=10 10 14 5 13 14
split_gain=4811.33 1469.67 662.524 619.54 371.076 315.696
threshold=0.034137739864056486 0.022009118257899463 0.16671796612294185 0.88632137284145918 0.2319236207670258 0.86765766899473573
decision_type=2 2 2 2 2 2
left_child=1 2 -1 -2 -5 -3
right_child=3 5 -4 4 -6 -7
leaf_value=0.032676305366703406 -0.010880199943525655 0.0061777727897246917 0.013549206269560379 -0.010387817181213057 0.0033262916331042568 -0.0019174866275110361
leaf_weight=229 2523 1588 906 282 599 684
leaf_count=229 2523 1588 906 282 599 684
internal_value=2.85849e-05 0.00841734 0.01766 -0.00836763 -0.00113079 0.00374292
internal_weight=6811 3407 1135 3404 881 2272
internal_count=6811 3407 1135 3404 881 2272
is_linear=0
shrinkage=0.01


Tree=62
num_leaves=7
num_cat=0
split_feature=10 7 9 15 12 21
split_gain=4721.45 1307.68 1192.88 742.318 589.376 447.487
threshold=0.028168050531988353 216.20430000000002 -0.0067973375230247352 0.3531559894771617 2.9727379293480429 17.894166666666688
decision_type=2 2 2 2 2 10
left_child=1 3 -2 -1 -4 -3
right_child=2 5 4 -5 -6 -7
leaf_value=0.014220256445225373 -0.013458802357522179 0.030330628614049986 -6.5051233066955774e-05 0.0012271959345620989 -0.010731228680482931 0.011143452801849122
leaf_weight=788 1448 393 2345 984 655 198
leaf_count=788 1448 393 2345 984 655 198
internal_value=2.87762e-05 0.0114238 -0.00603688 0.00705252 -0.00242175 0.0241948
internal_weight=6811 2363 4448 1772 3000 591
internal_count=6811 2363 4448 1772 3000 591
is_linear=0
shrinkage=0.01


Tree=63
num_leaves=7
num_cat=0
split_feature=0 0 10 8 9 13
split_gain=5523.52 1241.87 920.799 619.651 453.68 437.239
threshold=0.95423748033819977 0.82351320743855083 0.025593909851723873 2393.0000000000005 -0.00348615227886013 0.91672123951966511
decision_type=2 2 2 2 2 2
left_child=1 -1 3 -2 -3 -4
right_child=2 4 5 -5 -6 -7
leaf_value=-0.011126451101934751 0.023045951036968184 -0.0081912305179169045 -0.0026532802103145349 0.0022700815585752331 0.0018419435833656262 0.010969048402848661
leaf_weight=2373 906 603 343 173 1693 720
leaf_count=2373 906 603 343 173 1693 720
internal_value=2.89673e-05 -0.0060694 0.0132882 0.0197663 -0.00081717 0.00658975
internal_weight=6811 4669 2142 1079 2296 1063
internal_count=6811 4669 2142 1079 2296 1063
is_linear=0
shrinkage=0.01


Tree=64
num_leaves=7
num_cat=0
split_feature=10 1 7 1 10 16
split_gain=4565.96 1538.06 943.99 841.872 656.335 594.52
threshold=0.034137739864056486 1.4836715159762048 565.2225000000002 1.0400363698057971 0.022009118257899463 311.85000000000008
decision_type=2 2 2 2 2 10
left_child=1 2 -1 -2 -3 -4
right_child=3 4 5 -5 -6 -7
leaf_value=-0.00055082383070417774 -0.015117537777130364 0.021956768926877542 0.035303913570882743 -0.0045818917589667127 0.0088218672478085191 0.0011065769485737148
leaf_weight=1646 1142 779 119 2262 778 85
leaf_count=1646 1142 779 119 2262 778 85
internal_value=2.89145e-05 0.00820096 0.00201461 -0.0081504 0.0154917 0.0217726
internal_weight=6811 3407 1850 3404 1557 204
internal_count=6811 3407 1850 3404 1557 204
is_linear=0
shrinkage=0.01


Tree=65
num_leaves=7
num_cat=0
split_feature=10 10 4 14 15 4
split_gain=4476.49 1389.33 590.512 587.736 503.786 368.077
threshold=0.034137739864056486 0.019796903093877095 -0.060264719362900822 0.17021881020370608 4.1400076127623953 0.090972607033255992
decision_type=2 2 2 2 2 2
left_child=1 3 -2 -1 5 -3
right_child=2 4 -4 -5 -6 -7
leaf_value=0.032727967291101813 -0.010522431880590708 0.004141158156424035 -0.0010054510904060035 0.013540799105766646 -0.0087909872022935917 0.014189271015376181
leaf_weight=240 2523 1956 881 524 244 443
leaf_count=240 2523 1956 881 524 244 443
internal_value=2.93135e-05 0.0081209 -0.00806947 0.0199132 0.00464996 0.00604784
internal_weight=6811 3407 3404 764 2643 2399
internal_count=6811 3407 3404 764 2643 2399
is_linear=0
shrinkage=0.01


Tree=66
num_leaves=7
num_cat=0
split_feature=9 7 4 17 13 13
split_gain=3644.71 1536.31 1091.31 804.208 939.46 486.125
threshold=-0.0030205925449842143 357.75855000000007 0.090972607033255992 215.2983333333332 2.4090117190252536 1.1883145966379434
decision_type=2 2 2 10 2 2
left_child=-1 2 5 -3 -5 -2
right_child=1 3 -4 4 -6 -7
leaf_value=-0.0097880222147198447 -0.0079842538484623301 0.040624986005866004 0.013174059952038016 -0.0041246405636610568 0.022044176590878789 0.0020528913929062672
leaf_weight=2424 602 128 784 202 400 2271
leaf_count=2424 602 128 784 202 400 2271
internal_value=2.96696e-05 0.00546428 0.00279697 0.018608 0.0133394 -7.06618e-05
internal_weight=6811 4387 3657 730 602 2873
internal_count=6811 4387 3657 730 602 2873
is_linear=0
shrinkage=0.01


Tree=67
num_leaves=7
num_cat=0
split_feature=5 12 12 4 21 14
split_gain=2939.32 1111.39 907.677 661.74 400.365 1033.32
threshold=0.99991965424749385 1.3669783214778579 2.9727379293480429 -0.20014815180836229 17.0691666666667 0.084800791438325959
decision_type=2 2 2 2 8 2
left_child=1 3 -2 -1 5 -5
right_child=2 -3 -4 4 -6 -7
leaf_value=-0.0081942966251312248 0.012146470779383361 -0.013174706140283956 -0.0066180574716321683 0.025298091379328841 -0.0035982288537095091 0.001096582240795038
leaf_weight=1081 1880 1104 292 196 1022 1236
leaf_count=1081 1880 1104 292 196 1022 1236
internal_value=3.01939e-05 -0.0044638 0.00960503 -0.00171385 0.00116249 0.00456155
internal_weight=6811 4639 2172 3535 2454 1432
internal_count=6811 4639 2172 3535 2454 1432
is_linear=0
shrinkage=0.01


Tree=68
num_leaves=7
num_cat=0
split_feature=13 7 12 12 7 17
split_gain=2630.4 1923.8 916.391 602.266 471.642 416.231
threshold=16.265073570448624 25.498350000000006 1.3669783214778579 1.1839263696174613 464.52510000000007 194.36166666666725
decision_type=2 2 2 2 2 8
left_child=2 -2 3 5 -3 -1
right_child=1 4 -4 -5 -6 -7
leaf_value=0.0083554206497700248 -0.0012807929807058676 0.012713680344146891 -0.011574271740252084 0.01437597207195305 0.02716092218700061 -0.0042871584825752698
leaf_weight=283 1207 1088 1356 208 294 2375
leaf_count=283 1207 1088 1356 208 294 2375
internal_value=2.99939e-05 0.00794837 -0.00483299 -0.00161432 0.0159602 -0.00291482
internal_weight=6811 2589 4222 2866 1382 2658
internal_count=6811 2589 4222 2866 1382 2658
is_linear=0
shrinkage=0.01


Tree=69
num_leaves=7
num_cat=0
split_feature=10 7 1 1 4 1
split_gain=4237.1 1210.1 1205.64 903.159 628.067 343.539
threshold=0.028168050531988353 216.20430000000002 1.0400363698057971 1.7055998836138067 -0.068337484433374798 2.0144790232263463
decision_type=2 2 2 2 2 2
left_child=1 3 -2 -1 5 -4
right_child=2 -3 4 -5 -6 -7
leaf_value=0.0019602884170608521 -0.0140165925230579 0.023109254709967164 -0.0071525984600078916 0.01753628282160043 0.0030100292280154446 0.0092994873708896874
leaf_weight=1250 1247 591 1806 522 1267 128
leaf_count=1250 1247 591 1806 522 1267 128
internal_value=3.03605e-05 0.0108251 -0.00571576 0.00662136 -0.00244845 -0.0060215
internal_weight=6811 2363 4448 1772 3201 1934
internal_count=6811 2363 4448 1772 3201 1934
is_linear=0
shrinkage=0.01


Tree=70
num_leaves=7
num_cat=0
split_feature=10 1 1 5 14 21
split_gain=4153.79 1181.91 1009.57 619.216 582.055 696.531
threshold=0.028168050531988353 1.0400363698057971 1.6676202149078476 0.89437349410086708 0.099838843299926511 17.894166666666688
decision_type=2 2 2 2 2 10
left_child=2 -2 4 -3 5 -1
right_child=1 3 -4 -5 -6 -7
leaf_value=0.029513614862419976 -0.01387754181485887 -0.0056961542891754823 0.019488319328160343 0.0034505697749595428 0.0029003744233998497 -0.0044051200537697267
leaf_weight=182 1247 2056 837 1145 1259 85
leaf_count=182 1247 2056 837 1145 1259 85
internal_value=3.05516e-05 -0.0056588 0.0107186 -0.00242381 0.00581296 0.0189463
internal_weight=6811 4448 2363 3201 1526 267
internal_count=6811 4448 2363 3201 1526 267
is_linear=0
shrinkage=0.01


Tree=71
num_leaves=7
num_cat=0
split_feature=0 0 22 10 8 14
split_gain=5018.07 1397.99 614.509 467.532 450.116 666.016
threshold=0.98583626634885768 0.82351320743855083 10.00000000000003 0.024186181654504809 963.50000000000011 0.17021881020370608
decision_type=2 2 8 2 2 2
left_child=1 -1 4 -3 -2 -6
right_child=2 3 -4 -5 5 -7
leaf_value=-0.010564760998754355 0.028241842185358922 0.0077838105771075999 -0.0057510296276486522 -0.0022465248932018855 0.023670403103946046 0.0086280839743086406
leaf_weight=2373 267 584 131 2125 448 883
leaf_count=2373 267 584 131 2125 448 883
internal_value=3.07061e-05 -0.00497812 0.014697 -6.35333e-05 0.0163986 0.0138299
internal_weight=6811 5082 1729 2709 1598 1331
internal_count=6811 5082 1729 2709 1598 1331
is_linear=0
shrinkage=0.01


Tree=72
num_leaves=7
num_cat=0
split_feature=12 7 7 14 8 21
split_gain=2261.49 1815.46 868.884 667.374 714.949 504.033
threshold=1.7970476720112285 24.973650000000003 5546.6244000000015 0.067947870890280856 995.50000000000011 17.82583333333336
decision_type=2 2 2 2 2 10
left_child=1 -1 3 -3 -5 -6
right_child=-2 2 -4 4 5 -7
leaf_value=-0.0040431628329631701 -0.011220734063012019 0.027337337693412941 -0.010328842326397858 0.019970730795630946 0.0089959371877409034 -0.00076800517288678029
leaf_weight=2188 1406 182 238 412 1600 785
leaf_count=2188 1406 182 238 412 1600 785
internal_value=3.11285e-05 0.00297339 0.00774334 0.0092169 0.00794462 0.00579244
internal_weight=6811 5405 3217 2979 2797 2385
internal_count=6811 5405 3217 2979 2797 2385
is_linear=0
shrinkage=0.01


Tree=73
num_leaves=7
num_cat=0
split_feature=0 0 21 4 1 0
split_gain=4874.37 1356.84 598.705 515.896 341.31 272.09
threshold=0.98583626634885768 0.82351320743855083 21.536666666666687 0.043670562441908721 1.166333093463247 1.0909617178346769
decision_type=2 2 8 2 2 2
left_child=1 4 5 -3 -1 -2
right_child=2 3 -4 -5 -6 -7
leaf_value=-0.013043216712161613 0.012523830953675014 -0.0024060400672507804 -0.0015797393034461518 0.008006192175777636 -0.0048704638215341985 0.021370018295986497
leaf_weight=1599 839 2105 203 604 774 687
leaf_count=1599 839 2105 203 604 774 687
internal_value=3.12562e-05 -0.00490533 0.014486 -6.36163e-05 -0.0104091 0.0166196
internal_weight=6811 5082 1729 2709 2373 1526
internal_count=6811 5082 1729 2709 2373 1526
is_linear=0
shrinkage=0.01


Tree=74
num_leaves=7
num_cat=0
split_feature=10 10 9 5 17 3
split_gain=3915.36 1247.07 637.207 373.292 305.325 256.552
threshold=0.034137739864056486 0.019796903093877095 -0.0090808080808080782 1.2001537305020842 192.90000000000009 0.48957881024750333
decision_type=2 2 2 2 10 2
left_child=1 -1 -2 4 -3 -4
right_child=2 3 5 -5 -6 -7
leaf_value=0.018770545347640652 -0.013630114757056864 0.012405472671150835 -0.0051978782500844431 0.012288606013026157 0.0011086770619677985 0.01025089461282876
leaf_weight=764 1136 264 2164 471 1908 104
leaf_count=764 1136 264 2164 471 1908 104
internal_value=3.12369e-05 0.0075987 -0.00754297 0.00431073 0.00253233 -0.00444758
internal_weight=6811 3407 3404 2643 2172 2268
internal_count=6811 3407 3404 2643 2172 2268
is_linear=0
shrinkage=0.01


Tree=75
num_leaves=7
num_cat=0
split_feature=10 1 7 1 10 5
split_gain=3838.24 1347.03 870.981 749.5 570.935 408.558
threshold=0.034137739864056486 1.4836715159762048 565.2225000000002 1.0295897279408155 0.022009118257899463 0.89437349410086708
decision_type=2 2 2 2 2 2
left_child=1 2 -1 -2 -3 -5
right_child=3 4 -4 5 -6 -7
leaf_value=-0.00072756944854680794 -0.014303785410738651 0.020375815187917295 0.020714302184147257 -0.0068218373856866292 0.0081282354319919623 0.0025047599017079774
leaf_weight=1646 1083 779 204 1676 778 645
leaf_count=1646 1083 779 204 1676 778 645
internal_value=3.14523e-05 0.00752402 0.00173549 -0.00746779 0.0143469 -0.00423037
internal_weight=6811 3407 1850 3404 1557 2321
internal_count=6811 3407 1850 3404 1557 2321
is_linear=0
shrinkage=0.01


Tree=76
num_leaves=7
num_cat=0
split_feature=0 0 10 10 8 5
split_gain=4668.33 1233 611.07 563.836 354.497 249.454
threshold=0.90379183168600441 1.0909617178346769 0.040017781839351861 0.025593909851723873 1391.0000000000002 1.0442599867353703
decision_type=2 2 2 2 2 2
left_child=2 3 -1 4 -2 -5
right_child=1 -3 -4 5 -6 -7
leaf_value=-0.0029079244402705575 0.02174772516196204 0.020801980898638488 -0.010970470318169648 -0.00068117487322314917 0.0077713959221127728 0.0095178137159029255
leaf_weight=1730 248 706 2074 1066 688 299
leaf_count=1730 248 706 2074 1066 688 299
internal_value=3.15756e-05 0.00932636 -0.00732099 0.0057306 0.0116653 0.00160586
internal_weight=6811 3007 3804 2301 936 1365
internal_count=6811 3007 3804 2301 936 1365
is_linear=0
shrinkage=0.01


Tree=77
num_leaves=7
num_cat=0
split_feature=9 13 5 8 14 9
split_gain=3093.91 1282.96 768.6 442.144 509.597 394.654
threshold=-0.0030205925449842143 0.2319236207670258 1.2001537305020842 1127.0000000000002 0.069090707648234759 -0.0095501684036488378
decision_type=2 2 2 2 2 2
left_child=5 -2 3 -3 -5 -1
right_child=1 2 -4 4 -6 -7
leaf_value=-0.013393986364227317 -0.0074754588866389983 0.017053104450529002 0.015853711520466135 0.017554808357013507 0.0022241452975449868 -0.0052461358689211025
leaf_weight=1109 683 262 820 229 2393 1315
leaf_count=1109 683 262 820 229 2393 1315
internal_value=3.19237e-05 0.00503906 0.00736059 0.00489933 0.0036247 -0.00901356
internal_weight=6811 4387 3704 2884 2622 2424
internal_count=6811 4387 3704 2884 2622 2424
is_linear=0
shrinkage=0.01


Tree=78
num_leaves=7
num_cat=0
split_feature=0 0 20 8 4 10
split_gain=4538.18 1256.02 665.731 525.643 473.978 278.146
threshold=0.98583626634885768 0.82351320743855083 38.500000000000036 1240.5000000000002 0.043670562441908721 0.050249116269401366
decision_type=2 2 8 2 2 2
left_child=1 5 3 -2 -3 -1
right_child=2 4 -4 -5 -6 -7
leaf_value=-0.0069398352067287982 0.025001806871344647 -0.0023181151036997302 -0.0073191240282197076 0.012014531631835005 0.0076621467081059375 -0.013939424925094595
leaf_weight=1342 443 2105 130 1156 604 1031
leaf_count=1342 443 2105 130 1156 604 1031
internal_value=3.1994e-05 -0.00473131 0.0139793 0.0157457 -7.29148e-05 -0.0100267
internal_weight=6811 5082 1729 1599 2709 2373
internal_count=6811 5082 1729 1599 2709 2373
is_linear=0
shrinkage=0.01


Tree=79
num_leaves=7
num_cat=0
split_feature=10 7 10 13 7 17
split_gain=3599.98 1112.83 1069.2 413.079 314.272 281.538
threshold=0.025593909851723873 216.20430000000002 0.049367376820980059 0.2319236207670258 22.958100000000005 196.67000000000004
decision_type=2 2 2 2 2 10
left_child=1 4 3 -2 -1 -3
right_child=2 5 -4 -5 -6 -7
leaf_value=0.00069320870245665888 -0.007442558756646585 0.041128004499173094 -0.011293242710371363 0.00064228634567651632 0.010890547898083077 0.020459787409433865
leaf_weight=459 817 93 1521 2674 883 364
leaf_count=459 817 93 1521 2674 883 364
internal_value=3.18817e-05 0.0121274 -0.00432518 -0.00126567 0.00743371 0.0254564
internal_weight=6811 1799 5012 3491 1342 457
internal_count=6811 1799 5012 3491 1342 457
is_linear=0
shrinkage=0.01


Tree=80
num_leaves=7
num_cat=0
split_feature=0 0 0 10 1 10
split_gain=4402.36 1216.65 505.298 404.106 314.132 272.792
threshold=0.98583626634885768 0.82351320743855083 1.0909617178346769 0.024186181654504809 1.166333093463247 0.034137739864056486
decision_type=2 2 2 2 2 2
left_child=1 4 5 -3 -1 -2
right_child=2 3 -4 -5 -6 -7
leaf_value=-0.012397443625758788 0.011852687496329568 0.0072214214987613833 0.02026615023517047 -0.0021037659781812678 -0.0045595904606173521 -0.00055365514410738597
leaf_weight=1599 797 584 706 2125 774 226
leaf_count=1599 797 584 706 2125 774 226
internal_value=3.23703e-05 -0.00465912 0.0137694 -7.42979e-05 -0.00987084 0.00913307
internal_weight=6811 5082 1729 2709 2373 1023
internal_count=6811 5082 1729 2709 2373 1023
is_linear=0
shrinkage=0.01


Tree=81
num_leaves=7
num_cat=0
split_feature=0 0 5 0 21 5
split_gain=4323.66 1151.34 512.658 482.656 274.671 236.018
threshold=0.90379183168600441 1.0909617178346769 0.99991965424749385 0.80426856713928607 17.650833333333328 1.124110487804505
decision_type=2 2 2 2 8 2
left_child=3 2 4 -1 -2 -5
right_child=1 -3 -4 5 -6 -7
leaf_value=-0.010307028960905837 0.0054461157148633201 0.020066319137204219 0.010756356476424646 -0.0047810267637580601 -0.003786195651557044 0.0049900679402504998
leaf_weight=2063 701 706 1020 1452 580 289
leaf_count=2063 701 706 1020 1452 580 289
internal_value=3.23358e-05 0.00897742 0.00550298 -0.0070436 0.00126904 -0.00313982
internal_weight=6811 3007 2301 3804 1281 1741
internal_count=6811 3007 2301 3804 1281 1741
is_linear=0
shrinkage=0.01


Tree=82
num_leaves=7
num_cat=0
split_feature=4 12 11 4 11 4
split_gain=2386.15 969.92 788.789 593.604 330.123 310.089
threshold=-0.068337484433374798 1.7970476720112285 0.011130594959556159 0.090972607033255992 0.0099105257129071048 -0.20014815180836229
decision_type=2 2 2 2 2 2
left_child=2 3 -1 4 -2 -4
right_child=1 -3 5 -5 -6 -7
leaf_value=0.0049579501860876288 0.019532904256427407 -0.0070246953131813854 -0.011432662607707542 0.015492860091137638 0.0042083679866884985 -0.0048241139244250206
leaf_weight=565 143 479 1330 803 1925 1566
leaf_count=565 143 479 1330 803 1925 1566
internal_value=3.23406e-05 0.00603939 -0.0057827 0.00823583 0.00535694 -0.00788801
internal_weight=6811 3350 3461 2871 2068 2896
internal_count=6811 3350 3461 2871 2068 2896
is_linear=0
shrinkage=0.01


Tree=83
num_leaves=7
num_cat=0
split_feature=0 0 0 14 10 7
split_gain=4205.96 913.189 712.926 391.764 389.122 407.644
threshold=0.95423748033819977 0.82351320743855083 1.0909617178346769 0.17021881020370608 0.025593909851723873 27.407250000000005
decision_type=2 2 2 2 2 2
left_child=1 -1 4 -3 5 -2
right_child=2 3 -4 -5 -6 -7
leaf_value=-0.00962576873298575 0.00074351323238920934 0.0079576218999877924 0.019785879516818653 -0.0027174776309332048 0.0025788870120836034 0.017954982983746145
leaf_weight=2373 194 410 706 1886 771 471
leaf_count=2373 194 410 706 1886 771 471
internal_value=3.23238e-05 -0.00528924 0.0116026 -0.000784968 0.00747036 0.0130193
internal_weight=6811 4669 2142 2296 1436 665
internal_count=6811 4669 2142 2296 1436 665
is_linear=0
shrinkage=0.01


Tree=84
num_leaves=7
num_cat=0
split_feature=1 13 7 8 1 1
split_gain=3212.4 1244.93 744.795 498.04 474.42 329.382
threshold=1.2407890502375698 16.265073570448624 27.407250000000005 1696.5000000000002 1.0222594695054983 1.7312722399274849
decision_type=2 2 2 2 2 2
left_child=4 3 -3 -2 -1 -4
right_child=1 2 5 -5 -6 -7
leaf_value=-0.012604134117681137 -0.0031178471641755364 0.0035329381001846321 0.012202739726852629 0.0072082227295593446 -0.0044548768591317796 0.023448845415943019
leaf_weight=1165 1251 646 674 732 1870 473
leaf_count=1165 1251 646 674 732 1870 473
internal_value=3.25383e-05 0.00618251 0.0121964 0.000710936 -0.00761413 0.017003
internal_weight=6811 3776 1793 1983 3035 1147
internal_count=6811 3776 1793 1983 3035 1147
is_linear=0
shrinkage=0.01


Tree=85
num_leaves=7
num_cat=0
split_feature=1 13 2 7 2 7
split_gain=3149.26 1220.58 805.363 730.253 591.19 575.959
threshold=1.2407890502375698 16.265073570448624 0.41508330388366005 27.407250000000005 0.49502537156157456 357.75855000000007
decision_type=2 2 2 2 2 2
left_child=2 4 -1 -3 5 -2
right_child=1 3 -4 -5 -6 -7
leaf_value=0.00038428271435661466 0.0045617009612047175 0.0034981472654518017 -0.010875103860133951 0.016836047373747682 -0.0024623388101961238 0.031310676774192678
leaf_weight=902 405 646 2133 1147 1486 92
leaf_count=902 405 646 2133 1147 1486 92
internal_value=3.25972e-05 0.00612182 -0.00753855 0.0120766 0.000704032 0.0100331
internal_weight=6811 3776 3035 1793 1983 497
internal_count=6811 3776 3035 1793 1983 497
is_linear=0
shrinkage=0.01


Tree=86
num_leaves=7
num_cat=0
split_feature=10 9 14 21 15 15
split_gain=3238.32 854.757 746.369 755.372 465.072 340.692
threshold=0.028168050531988353 -0.0090808080808080782 0.16671796612294185 17.894166666666688 1.6392701621403785 3.9907509541349477
decision_type=2 2 2 10 2 2
left_child=2 -2 3 -1 -4 -3
right_child=1 5 4 -5 -6 -7
leaf_value=0.02740413026442385 -0.012432645433436211 -0.00089002652370638851 0.010106775866389061 -0.0027330375625397607 -0.00036624729740722178 -0.0091922614063821313
leaf_weight=361 1137 2716 1262 105 635 595
leaf_count=361 1137 2716 1262 105 635 595
internal_value=3.29054e-05 -0.00499053 0.00946996 0.0206988 0.00661751 -0.00240516
internal_weight=6811 4448 2363 466 1897 3311
internal_count=6811 4448 2363 466 1897 3311
is_linear=0
shrinkage=0.01


Tree=87
num_leaves=7
num_cat=0
split_feature=1 9 9 12 12 1
split_gain=3074.03 1053.5 655.376 471.587 294.41 290.244
threshold=1.4767567533508268 -0.0054678133143633749 -0.0017676767676767676 2.9727379293480429 2.2180731912545748 1.2407890502375698
decision_type=2 2 2 2 2 2
left_child=1 -1 -2 5 -4 -3
right_child=2 3 4 -5 -6 -7
leaf_value=-0.011285301101686223 0.00072375995132818889 -0.0023866478633077391 0.014589233133496167 -0.0088888352834385655 -0.0031178382230393816 0.0043030089582355123
leaf_weight=1511 549 1391 1438 627 97 1198
leaf_count=1511 549 1391 1438 627 97 1198
internal_value=3.27507e-05 -0.00442744 0.0101223 -0.00118036 0.0134573 0.000713483
internal_weight=6811 4727 2084 3216 1535 2589
internal_count=6811 4727 2084 3216 1535 2589
is_linear=0
shrinkage=0.01


Tree=88
num_leaves=7
num_cat=0
split_feature=1 4 4 8 1 12
split_gain=3013.27 1018.65 577.926 507.295 424.609 312.953
threshold=1.4767567533508268 -0.12335965118261523 -1.0000000180025095e-35 1156.0000000000002 1.1123947530099836 2.406057576325757
decision_type=2 2 2 2 2 2
left_child=1 -1 -2 -3 -5 -4
right_child=2 3 5 4 -6 -7
leaf_value=-0.0097896522071200479 0.004821923733538922 0.010053395160674163 0.016986854872041813 -0.0082584001907062797 0.00079177391537854625 -0.0034541684231953695
leaf_weight=1998 1069 387 937 760 1582 78
leaf_count=1998 1069 387 937 760 1582 78
internal_value=3.23344e-05 -0.00438355 0.0100217 -0.000404259 -0.00216771 0.0153976
internal_weight=6811 4727 2084 2729 2342 1015
internal_count=6811 4727 2084 2729 2342 1015
is_linear=0
shrinkage=0.01


Tree=89
num_leaves=7
num_cat=0
split_feature=0 0 20 14 8 20
split_gain=3885.26 1045.48 604.697 511.017 669.513 348.53
threshold=0.98583626634885768 0.82351320743855083 38.500000000000036 0.17021881020370608 1421.0000000000002 31.600000000000026
decision_type=2 2 8 2 2 10
left_child=1 -1 3 5 -5 -2
right_child=2 -3 -4 4 -6 -7
leaf_value=-0.0092064078320456769 0.027893979833017255 -0.00012488318347813457 -0.0073428410717419216 0.022177911723845933 0.0058367290810174086 0.0034499639425292074
leaf_weight=2373 357 2709 130 361 808 73
leaf_count=2373 357 2709 130 361 808 73
internal_value=3.21745e-05 -0.00437518 0.0129373 0.0146214 0.0110284 0.0239169
internal_weight=6811 5082 1729 1599 1169 430
internal_count=6811 5082 1729 1599 1169 430
is_linear=0
shrinkage=0.01


Tree=90
num_leaves=7
num_cat=0
split_feature=0 0 21 7 5 15
split_gain=3809.35 1024.77 497.098 454.931 406.09 227.805
threshold=0.98583626634885768 0.82351320743855083 21.536666666666687 27.407250000000005 1.0845238095238097 1.6912008336978779
decision_type=2 2 8 2 2 2
left_child=1 -1 3 -2 5 -3
right_child=2 4 -4 -5 -6 -7
leaf_value=-0.0091147300982503884 0.0052779954728412624 0.00025079656960923789 -0.001811789087076702 0.017945456031134441 0.0069692481101832895 -0.0065937519127043497
leaf_weight=2373 391 1345 203 1135 613 751
leaf_count=2373 391 1345 203 1135 613 751
internal_value=3.24785e-05 -0.00433161 0.0128109 0.0147552 -0.000123639 -0.00222128
internal_weight=6811 5082 1729 1526 2709 2096
internal_count=6811 5082 1729 1526 2709 2096
is_linear=0
shrinkage=0.01


Tree=91
num_leaves=7
num_cat=0
split_feature=0 0 0 20 7 14
split_gain=3734.55 793.283 657.014 421.249 367.626 366.107
threshold=0.95423748033819977 0.82351320743855083 1.0909617178346769 38.500000000000036 27.407250000000005 0.17021881020370608
decision_type=2 2 2 10 2 2
left_child=1 -1 3 4 -2 -3
right_child=2 5 -4 -5 -6 -7
leaf_value=-0.0090239652930450397 0.001107369545891974 0.0076678819166429869 0.018789077123975661 -0.0076660801588811656 0.012614568588862429 -0.0026517931622063633
leaf_weight=2373 411 410 706 166 859 1886
leaf_count=2373 411 410 706 166 859 1886
internal_value=3.23432e-05 -0.00498213 0.0109349 0.00697029 0.00892833 -0.000783733
internal_weight=6811 4669 2142 1436 1270 2296
internal_count=6811 4669 2142 1436 1270 2296
is_linear=0
shrinkage=0.01


Tree=92
num_leaves=7
num_cat=0
split_feature=10 1 8 4 1 15
split_gain=2978.77 1098.1 687.371 506.9 412.87 294.826
threshold=0.025593909851723873 1.0661709171926781 1391.0000000000002 -0.068337484433374798 1.4407272252793077 1.9836079122174863
decision_type=2 2 2 2 2 2
left_child=2 -2 5 -3 -4 -1
right_child=1 3 4 -5 -6 -7
leaf_value=0.02382032753484602 -0.011154853550469803 -0.0042885280888495724 0.00054432711784903017 0.0033036191586812091 0.011895706776336685 -0.00029347547232659897
leaf_weight=432 1473 1960 551 1579 759 57
leaf_count=432 1473 1960 551 1579 759 57
internal_value=3.23253e-05 -0.00393102 0.0110349 -0.000901366 0.00716149 0.02106
internal_weight=6811 5012 1799 3539 1310 489
internal_count=6811 5012 1799 3539 1310 489
is_linear=0
shrinkage=0.01


Tree=93
num_leaves=7
num_cat=0
split_feature=5 12 12 11 8 5
split_gain=2053.22 799.544 658.056 497.931 468.777 437.196
threshold=0.99991965424749385 1.3669783214778579 2.9727379293480429 0.010464426607230662 1354.0000000000002 0.75052181411078289
decision_type=2 2 2 2 2 2
left_child=1 3 4 -1 -2 -5
right_child=2 -3 -4 5 -6 -7
leaf_value=0.0076253546458708186 0.017903502819169009 -0.011112007139332357 -0.0057754492223721903 -0.0073788023858066707 0.0068949710706911298 0.00030622897342850178
leaf_weight=513 551 1104 292 1272 1329 1750
leaf_count=513 551 1104 292 1272 1329 1750
internal_value=3.23513e-05 -0.00372368 0.00803485 -0.00139142 0.0101991 -0.00294217
internal_weight=6811 4639 2172 3535 1880 3022
internal_count=6811 4639 2172 3535 1880 3022
is_linear=0
shrinkage=0.01


Tree=94
num_leaves=7
num_cat=0
split_feature=0 0 20 7 8 10
split_gain=3588.13 954.703 568.008 541.702 373.39 335.026
threshold=0.98583626634885768 0.82351320743855083 38.500000000000036 464.52510000000007 1421.0000000000002 0.024186181654504809
decision_type=2 2 8 2 2 2
left_child=1 -1 3 4 -2 -3
right_child=2 5 -4 -5 -6 -7
leaf_value=-0.0088200407825442962 0.021197814412167594 0.0065015524771160158 -0.0072163271840129583 0.024667411581847806 0.0077356904173681894 -0.0019892764291367538
leaf_weight=2373 261 584 130 367 971 2125
leaf_count=2373 261 584 130 367 971 2125
internal_value=3.21519e-05 -0.00420333 0.012434 0.0140665 0.0107354 -0.000141663
internal_weight=6811 5082 1729 1599 1232 2709
internal_count=6811 5082 1729 1599 1232 2709
is_linear=0
shrinkage=0.01


Tree=95
num_leaves=7
num_cat=0
split_feature=15 7 12 14 8 22
split_gain=1794.5 1266.98 1243.62 478.759 463.049 249.763
threshold=4.2457952378220734 27.407250000000005 2.7234356899393952 0.067947870890280856 1127.0000000000002 12.100000000000025
decision_type=2 2 2 2 2 10
left_child=1 -1 3 -3 -5 -6
right_child=-2 2 -4 4 5 -7
leaf_value=-0.0029464155438620005 -0.01029503151668253 0.025002758203549906 -0.0075806028113892194 0.017048165851025948 0.0071475766094056935 -0.0055895405572060257
leaf_weight=2358 1340 178 500 477 1797 161
leaf_count=2358 1340 178 500 477 1797 161
internal_value=3.24473e-05 0.0025761 0.00675528 0.0095169 0.00828725 0.00607716
internal_weight=6811 5471 3113 2613 2435 1958
internal_count=6811 5471 3113 2613 2435 1958
is_linear=0
shrinkage=0.01


Tree=96
num_leaves=7
num_cat=0
split_feature=0 0 10 4 8 8
split_gain=3485.36 964.379 446.646 426.032 257.589 219.337
threshold=0.90379183168600441 1.0909617178346769 0.040017781839351861 -1.0000000180025095e-35 1413.5000000000002 1468.5000000000002
decision_type=2 2 2 2 2 2
left_child=2 3 -1 -2 -5 -3
right_child=1 5 -4 4 -6 -7
leaf_value=-0.0025471956116112551 0.0010262018547405646 0.026558633860329101 -0.0094407894911942552 0.017649533043989318 0.0064005675935701421 0.01392287057533159
leaf_weight=1730 1281 222 2074 284 736 484
leaf_count=1730 1281 222 2074 284 736 484
internal_value=3.24569e-05 0.00806368 -0.00632059 0.00488473 0.00967358 0.0182116
internal_weight=6811 3007 3804 2301 1020 706
internal_count=6811 3007 3804 2301 1020 706
is_linear=0
shrinkage=0.01


Tree=97
num_leaves=7
num_cat=0
split_feature=0 0 8 14 9 14
split_gain=3423.16 912.104 449.584 491.596 345.121 248.436
threshold=0.98583626634885768 0.82351320743855083 963.50000000000011 0.067947870890280856 -0.002626262626262625 0.82820595342721626
decision_type=2 2 2 2 2 2
left_child=1 -1 -2 -4 -3 -5
right_child=2 4 3 5 -6 -7
leaf_value=-0.0086165898333955722 0.023928132777122392 -0.0054618528369561117 0.023587829641530066 0.010261655729641873 0.0022398953044584064 0.00058856261378680246
leaf_weight=2373 268 831 213 865 1878 383
leaf_count=2373 268 831 213 865 1878 383
internal_value=3.29177e-05 -0.00410405 0.0121463 0.00983708 -0.000134055 0.00732135
internal_weight=6811 5082 1729 1461 2709 1248
internal_count=6811 5082 1729 1461 2709 1248
is_linear=0
shrinkage=0.01


Tree=98
num_leaves=7
num_cat=0
split_feature=10 1 7 1 12 1
split_gain=2732.7 1020.61 941.752 606.139 373.819 313.896
threshold=0.025593909851723873 1.0400363698057971 216.20430000000002 1.8893972871633211 2.9727379293480429 1.5977846757459158
decision_type=2 2 2 2 2 2
left_child=2 -2 3 -1 5 -3
right_child=1 4 -4 -5 -6 -7
leaf_value=0.002535332548051421 -0.01142305783576753 -0.0012525435582412794 0.02282832385955191 0.018389894869325896 -0.0077773116257872556 0.0066089708503695478
leaf_weight=1036 1282 2422 457 306 676 632
leaf_count=1036 1282 2422 457 306 676 632
internal_value=3.32706e-05 -0.00376285 0.0105716 0.00625974 -0.00110654 0.000390592
internal_weight=6811 5012 1799 1342 3730 3054
internal_count=6811 5012 1799 1342 3730 3054
is_linear=0
shrinkage=0.01


Tree=99
num_leaves=7
num_cat=0
split_feature=0 0 4 4 14 12
split_gain=3311.63 921.482 409.838 382.066 327.294 319.034
threshold=0.90379183168600441 1.0909617178346769 -1.0000000180025095e-35 0.043670562441908721 0.14836063535366067 0.41128054450105994
decision_type=2 2 2 2 2 2
left_child=3 2 -2 5 -3 -1
right_child=1 4 -4 -5 -6 -7
leaf_value=-0.0046777484995214336 0.00097038870041441145 0.030052259574569338 0.0094514684478245979 0.0019358467183064932 0.013591318258550018 -0.010998100334761974
leaf_weight=1897 1281 164 1020 502 542 1405
leaf_count=1897 1281 164 1020 502 542 1405
internal_value=3.33764e-05 0.00786188 0.00475456 -0.00615931 0.0177814 -0.00739214
internal_weight=6811 3007 2301 3804 706 3302
internal_count=6811 3007 2301 3804 706 3302
is_linear=0
shrinkage=0.01


Tree=100
num_leaves=7
num_cat=0
split_feature=9 7 4 17 9 7
split_gain=2207.82 1134.15 664.062 503.733 425.609 416.667
threshold=-0.0019765195834814246 357.75855000000007 0.090972607033255992 221.81166666666664 -0.0095501684036488378 1697.5800000000002
decision_type=2 2 2 10 2 2
left_child=4 2 -2 -3 -1 -5
right_child=1 3 -4 5 -6 -7
leaf_value=-0.011397873694838672 6.005767177453804e-05 0.035171706470870236 0.010556281675796919 0.017383264775045579 -0.003513265024011026 -0.003852016158753962
leaf_weight=1109 2503 119 784 379 1800 117
leaf_count=1109 2503 119 784 379 1800 117
internal_value=3.36338e-05 0.00494444 0.00258799 0.0172961 -0.00654787 0.012397
internal_weight=6811 3902 3287 615 2909 496
internal_count=6811 3902 3287 615 2909 496
is_linear=0
shrinkage=0.01


Tree=101
num_leaves=7
num_cat=0
split_feature=10 1 1 9 17 1
split_gain=2612.81 980.112 483.363 439.308 371.475 233.922
threshold=0.025593909851723873 1.0661709171926781 1.8893972871633211 -0.0019765195834814246 175.8866666666672 1.4234994044372724
decision_type=2 2 2 2 8 2
left_child=2 -2 4 -3 -1 -5
right_child=1 3 -4 5 -6 -7
leaf_value=0.025118377433984346 -0.010502674106697443 -0.0045673136849178533 0.018792690804017888 -0.00025073778908367975 0.0054756256401279459 0.0069954045374254264
leaf_weight=96 1473 1652 486 1183 1217 704
leaf_count=96 1473 1652 486 1183 1217 704
internal_value=3.39485e-05 -0.00367797 0.0103385 -0.000815804 0.00709081 0.00247527
internal_weight=6811 5012 1799 3539 1313 1887
internal_count=6811 5012 1799 3539 1313 1887
is_linear=0
shrinkage=0.01


Tree=102
num_leaves=7
num_cat=0
split_feature=9 13 8 14 9 17
split_gain=2127.32 936.706 684.383 515.692 413.032 296.347
threshold=-0.0019765195834814246 0.2319236207670258 1344.5000000000002 0.17021881020370608 -0.0095501684036488378 196.67000000000004
decision_type=2 2 2 2 2 8
left_child=4 -2 5 -4 -1 -3
right_child=1 2 3 -5 -6 -7
leaf_value=-0.011203898510998041 -0.0065705782230136758 0.028656024319538172 0.011842302958203274 0.0016124936513160005 -0.0034369579592812296 0.011977169685841386
leaf_weight=1109 599 128 664 1848 1800 663
leaf_count=1109 599 128 664 1848 1800 663
internal_value=3.4211e-05 0.00485465 0.0069402 0.00435279 -0.00642619 0.0150002
internal_weight=6811 3902 3303 2512 2909 791
internal_count=6811 3902 3303 2512 2909 791
is_linear=0
shrinkage=0.01


Tree=103
num_leaves=7
num_cat=0
split_feature=1 13 2 1 2 14
split_gain=2435.04 946.865 665.849 534.819 516.987 467.952
threshold=1.2407890502375698 16.265073570448624 0.41508330388366005 1.7312722399274849 0.49502537156157456 0.16238947904842208
decision_type=2 2 2 2 2 2
left_child=2 4 -1 -3 5 -2
right_child=1 3 -4 -5 -6 -7
leaf_value=0.00057841413352115634 0.02817752433177971 0.0065357179341772034 -0.0096570167391136861 0.018031725826727307 -0.0023438330068916609 0.004313838210169371
leaf_weight=902 95 1166 2133 627 1486 402
leaf_count=902 95 1166 2133 627 1486 402
internal_value=3.43509e-05 0.00538874 -0.00662314 0.0106335 0.000616943 0.00934111
internal_weight=6811 3776 3035 1793 1983 497
internal_count=6811 3776 3035 1793 1983 497
is_linear=0
shrinkage=0.01


Tree=104
num_leaves=7
num_cat=0
split_feature=10 1 14 1 2 1
split_gain=2492.82 939.848 692.761 443.093 423.848 434.168
threshold=0.025593909851723873 1.0400363698057971 0.16671796612294185 1.7312722399274849 0.51691794760825449 2.0830140682167868
decision_type=2 2 2 2 2 2
left_child=2 -2 -1 -4 -3 -6
right_child=1 4 3 -5 5 -7
leaf_value=0.022757106760644123 -0.010941879259082367 0.0031272432362978602 0.002828728919435316 0.014298594110976656 -0.0052486233921754952 0.0088898158917722642
leaf_weight=341 1282 1469 936 522 2027 234
leaf_count=341 1282 1469 936 522 2027 234
internal_value=3.46765e-05 -0.00359101 0.0100998 0.00700465 -0.00104202 -0.00375268
internal_weight=6811 5012 1799 1458 3730 2261
internal_count=6811 5012 1799 1458 3730 2261
is_linear=0
shrinkage=0.01


Tree=105
num_leaves=7
num_cat=0
split_feature=9 13 17 14 8 14
split_gain=2026.77 861.598 545.994 625.747 453.998 416.73
threshold=-0.00348615227886013 0.2319236207670258 196.67000000000004 0.14493040109192143 1001.0000000000001 0.069090707648234759
decision_type=2 2 10 2 2 2
left_child=-1 -2 3 -3 -4 -6
right_child=1 2 4 -5 5 -7
leaf_value=-0.0078154060854050827 -0.0061229360028032124 0.0376445781200304 0.014355348648058009 0.0081684823697849313 0.014126261805093724 0.0019714813817131552
leaf_weight=2210 726 99 404 236 304 2832
leaf_count=2210 726 99 404 236 304 2832
internal_value=3.48532e-05 0.00381434 0.00568711 0.017718 0.00450189 0.00319091
internal_weight=6811 4601 3875 335 3540 3136
internal_count=6811 4601 3875 335 3540 3136
is_linear=0
shrinkage=0.01


Tree=106
num_leaves=7
num_cat=0
split_feature=10 1 14 15 1 21
split_gain=2413.56 915.062 670.549 448.393 431.82 335.165
threshold=0.025593909851723873 1.0222594695054983 0.16671796612294185 3.9907509541349477 1.7312722399274849 19.240000000000027
decision_type=2 2 2 2 2 10
left_child=2 -2 5 -3 -4 -1
right_child=1 3 4 -5 -6 -7
leaf_value=0.026467689434377894 -0.011432245881600299 0.00057430039604826431 0.0027718954438655722 -0.0076206829734840999 0.014094552229563627 -0.00087494193426062986
leaf_weight=289 1125 3042 936 845 522 52
leaf_count=289 1125 3042 936 845 522 52
internal_value=3.54185e-05 -0.00353216 0.00993925 -0.0012222 0.00689408 0.022392
internal_weight=6811 5012 1799 3887 1458 341
internal_count=6811 5012 1799 3887 1458 341
is_linear=0
shrinkage=0.01


Tree=107
num_leaves=7
num_cat=0
split_feature=1 9 13 8 16 1
split_gain=2306.14 778.533 687.943 546.546 461.919 338.617
threshold=1.4767567533508268 -0.0054678133143633749 16.265073570448624 1152.0000000000002 232.15000000000006 1.1123947530099836
decision_type=2 2 2 2 10 2
left_child=1 -1 -2 4 -3 -5
right_child=2 3 -4 5 -6 -7
leaf_value=-0.0097231041407870849 0.0027084690515926445 0.023034599643860815 0.014220717676392259 -0.0078537104249631826 0.0015733038608925773 -0.00032734434802192527
leaf_weight=1511 993 148 1091 856 279 1933
leaf_count=1511 993 148 1091 856 279 1933
internal_value=3.54158e-05 -0.00382775 0.00877441 -0.00103633 0.00936877 -0.00265714
internal_weight=6811 4727 2084 3216 427 2789
internal_count=6811 4727 2084 3216 427 2789
is_linear=0
shrinkage=0.01


Tree=108
num_leaves=7
num_cat=0
split_feature=14 8 20 7 14 7
split_gain=918.402 1091.76 1027.05 708.854 457.87 519.41
threshold=0.17021881020370608 914.50000000000011 31.500000000000032 565.2225000000002 0.60584244387253006 25.233750000000004
decision_type=2 2 8 2 2 2
left_child=2 -2 3 -1 5 -3
right_child=1 4 -4 -5 -6 -7
leaf_value=0.0076012696228784414 0.013026015003174709 -0.0051496321850564835 -0.0038393676701705911 0.027000384250057304 -0.0053499866550731088 0.0061139400524439025
leaf_weight=629 442 728 531 267 3304 910
leaf_count=629 442 728 531 267 3304 910
internal_value=3.54082e-05 -0.00185719 0.00713933 0.0136162 -0.00321193 0.00110704
internal_weight=6811 5384 1427 896 4942 1638
internal_count=6811 5384 1427 896 4942 1638
is_linear=0
shrinkage=0.01


Tree=109
num_leaves=7
num_cat=0
split_feature=9 8 8 9 8 8
split_gain=1918.48 686.782 445.764 374.804 310.464 302.721
threshold=-0.0019765195834814246 1229.5000000000002 1696.5000000000002 -0.0095501684036488378 2393.0000000000005 2344.0000000000005
decision_type=2 2 2 2 2 2
left_child=3 -2 -3 -1 5 -4
right_child=1 2 4 -5 -6 -7
leaf_value=-0.010650630711032272 0.012810119213031101 -0.002373449291403091 0.0061074263088095439 -0.0032521116202401295 -0.0011354776064290628 0.020622482140469984
leaf_weight=1109 801 1177 1244 1800 524 156
leaf_count=1109 801 1177 1244 1800 524 156
internal_value=3.56317e-05 0.00461335 0.00246172 -0.00609948 0.0054166 0.00785961
internal_weight=6811 3902 3101 2909 1924 1400
internal_count=6811 3902 3101 2909 1924 1400
is_linear=0
shrinkage=0.01


Tree=110
num_leaves=7
num_cat=0
split_feature=10 1 7 1 4 13
split_gain=2286.89 869.768 828.519 538.57 431.37 221.229
threshold=0.025593909851723873 1.0222594695054983 216.20430000000002 1.8893972871633211 -0.068337484433374798 0.2319236207670258
decision_type=2 2 2 2 2 2
left_child=2 -2 3 -1 -3 -6
right_child=1 4 -4 -5 5 -7
leaf_value=0.0021263874823869953 -0.011139181437906256 -0.0041399757320044238 0.021170438173260916 0.017066958549197046 -0.0045021394006855625 0.0043517389129803345
leaf_weight=1036 1125 2170 457 306 346 1371
leaf_count=1036 1125 2170 457 306 346 1371
internal_value=3.55999e-05 -0.0034371 0.00967604 0.00563414 -0.00118505 0.00255182
internal_weight=6811 5012 1799 1342 3887 1717
internal_count=6811 5012 1799 1342 3887 1717
is_linear=0
shrinkage=0.01


Tree=111
num_leaves=7
num_cat=0
split_feature=0 0 21 7 5 8
split_gain=2874.29 743.221 404.594 388.991 311.364 274.844
threshold=0.98583626634885768 0.82351320743855083 21.536666666666687 27.407250000000005 1.0845238095238097 1276.0000000000002
decision_type=2 2 8 2 2 2
left_child=1 -1 3 -2 -3 -5
right_child=2 4 -4 5 -6 -7
leaf_value=-0.0078286349633093048 0.0041524506085830973 -0.0020079178261944147 -0.0020393313171927917 0.022890202460974611 0.0060396502609588922 0.012091194339434248
leaf_weight=2373 391 2096 203 376 613 759
leaf_count=2373 391 2096 203 376 613 759
internal_value=3.56094e-05 -0.00375523 0.0111354 0.0128899 -0.000171377 0.0158373
internal_weight=6811 5082 1729 1526 2709 1135
internal_count=6811 5082 1729 1526 2709 1135
is_linear=0
shrinkage=0.01


Tree=112
num_leaves=7
num_cat=0
split_feature=1 1 9 14 17 5
split_gain=2157.6 663.27 566.069 439.299 573.721 366.022
threshold=1.4445118306166871 1.0222594695054983 -0.0017676767676767676 0.084800791438325959 225.42333333333346 0.87527338568425683
decision_type=2 2 2 2 10 2
left_child=1 -1 -2 4 -3 -5
right_child=2 3 -4 5 -6 -7
leaf_value=-0.010413603471333726 -0.00017128421913181979 0.030242416780927907 0.011025204608796977 -0.0063149992871665214 0.0014156528003833855 0.0006425070055665733
leaf_weight=1165 620 82 1649 1549 281 1465
leaf_count=1165 620 82 1649 1549 281 1465
internal_value=3.57415e-05 -0.00394093 0.00797846 -0.00168383 0.00856369 -0.00294226
internal_weight=6811 4542 2269 3377 363 3014
internal_count=6811 4542 2269 3377 363 3014
is_linear=0
shrinkage=0.01


Tree=113
num_leaves=7
num_cat=0
split_feature=0 0 13 7 4 13
split_gain=2782.24 716.179 372.666 498.528 305.821 230.023
threshold=0.98583626634885768 0.82351320743855083 16.265073570448624 27.407250000000005 0.043670562441908721 46.681621175590799
decision_type=2 2 2 2 2 2
left_child=1 -1 -2 -4 -3 -5
right_child=2 4 3 5 -6 -7
leaf_value=-0.0076924841599824347 0.0053858466647806113 -0.0019788421303827543 0.0040693778111127836 0.02198018822304193 0.0060379091870450766 0.0056732954284222413
leaf_weight=2373 725 2105 306 587 604 111
leaf_count=2373 725 2105 306 587 604 111
internal_value=3.57715e-05 -0.00369387 0.0109564 0.0148862 -0.000175791 0.0195037
internal_weight=6811 5082 1729 1004 2709 698
internal_count=6811 5082 1729 1004 2709 698
is_linear=0
shrinkage=0.01


Tree=114
num_leaves=7
num_cat=0
split_feature=0 0 22 7 5 12
split_gain=2727.7 702.016 406.233 343.262 295.06 184.07
threshold=0.98583626634885768 0.82351320743855083 10.00000000000003 27.407250000000005 1.0845238095238097 0.69736379633180234
decision_type=2 2 8 2 2 2
left_child=1 -1 3 -2 5 -3
right_child=2 4 -4 -5 -6 -7
leaf_value=-0.0076158821076761267 0.0040831921923587602 -0.00030796124750096638 -0.0057210288328904636 0.014899749474263674 0.0058723713767883535 -0.0072533315177862826
leaf_weight=2373 400 1605 131 1198 613 491
leaf_count=2373 400 1605 131 1198 613 491
internal_value=3.59045e-05 -0.003657 0.010849 0.0122345 -0.000173883 -0.00196167
internal_weight=6811 5082 1729 1598 2709 2096
internal_count=6811 5082 1729 1598 2709 2096
is_linear=0
shrinkage=0.01


Tree=115
num_leaves=7
num_cat=0
split_feature=10 1 7 1 15 17
split_gain=2119.69 805.93 782.682 513.137 403.697 287.301
threshold=0.025593909851723873 1.0222594695054983 216.20430000000002 2.0592184015903956 3.9907509541349477 196.67000000000004
decision_type=2 2 2 2 2 10
left_child=2 -2 3 -1 -3 -4
right_child=1 4 5 -5 -6 -7
leaf_value=0.0026335012102604279 -0.010721780948094728 0.00056463413087661505 0.035869615237111026 0.019298032974102743 -0.007211140961130286 0.015704304651720798
leaf_weight=1130 1125 3042 93 212 845 364
leaf_count=1130 1125 3042 93 212 845 364
internal_value=3.56035e-05 -0.00330774 0.00931693 0.00538932 -0.00113992 0.0204882
internal_weight=6811 5012 1799 1342 3887 457
internal_count=6811 5012 1799 1342 3887 457
is_linear=0
shrinkage=0.01


Tree=116
num_leaves=7
num_cat=0
split_feature=5 12 12 15 17 11
split_gain=1500.18 602.551 512.496 396.965 428.822 299.716
threshold=0.99991965424749385 1.3669783214778579 2.9727379293480429 4.2457952378220734 194.36166666666725 0.0096577485699103124
decision_type=2 2 2 2 8 2
left_child=1 3 -2 4 -1 -6
right_child=2 -3 -4 -5 5 -7
leaf_value=0.010419162438248569 0.0087867470097718215 -0.0095883329187417855 -0.0053066792645775377 -0.0085342570605906748 0.0096506349301900916 -0.002147657047390427
leaf_weight=361 1880 1104 292 594 227 2353
leaf_count=361 1880 1104 292 594 227 2353
internal_value=3.60705e-05 -0.00317451 0.00687641 -0.00115004 0.000365231 -0.00107634
internal_weight=6811 4639 2172 3535 2941 2580
internal_count=6811 4639 2172 3535 2941 2580
is_linear=0
shrinkage=0.01


Tree=117
num_leaves=7
num_cat=0
split_feature=4 12 12 15 11 15
split_gain=1468.11 590.856 501.583 389.452 367.421 260.408
threshold=-1.0000000180025095e-35 1.3669783214778579 2.9727379293480429 4.2457952378220734 0.011130594959556159 4.1400076127623953
decision_type=2 2 2 2 2 2
left_child=1 3 5 4 -1 -2
right_child=2 -3 -4 -5 -6 -7
leaf_value=0.0082258452153153201 0.00959690748775964 -0.0094933103044835872 -0.0052553696012963228 -0.0084503275000840841 -0.0012156234372923791 -0.0060862296468835201
leaf_weight=485 1776 1104 292 594 2454 106
leaf_count=485 1776 1104 292 594 2454 106
internal_value=3.57578e-05 -0.00314247 0.00679806 -0.00113675 0.000365038 0.00868609
internal_weight=6811 4637 2174 3533 2939 1882
internal_count=6811 4637 2174 3533 2939 1882
is_linear=0
shrinkage=0.01


Tree=118
num_leaves=7
num_cat=0
split_feature=9 7 15 17 13 4
split_gain=1670.37 942.806 749.483 458.499 437.732 338.121
threshold=-0.0019765195834814246 357.75855000000007 0.5064583008350616 221.81166666666664 2.4090117190252536 0.090972607033255992
decision_type=2 2 2 10 2 2
left_child=-1 2 5 -3 -5 -2
right_child=1 3 -4 4 -6 -7
leaf_value=-0.0056894641497977072 0.0043510081503792299 0.032583981317200868 -0.0021996279459600234 -0.0048123556875834502 0.016321362448182931 0.014965330289647064
leaf_weight=2909 1082 119 1792 127 369 413
leaf_count=2909 1082 119 1792 127 369 413
internal_value=3.52144e-05 0.00430668 0.0021589 0.0155677 0.0109219 0.00736321
internal_weight=6811 3902 3287 615 496 1495
internal_count=6811 3902 3287 615 496 1495
is_linear=0
shrinkage=0.01


Tree=119
num_leaves=7
num_cat=0
split_feature=9 7 20 4 2 7
split_gain=1641.24 844.801 730.843 616.369 436.806 265.463
threshold=-0.00348615227886013 310.8087000000001 38.000000000000036 0.090972607033255992 0.52273094494268624 1697.5800000000002
decision_type=2 2 10 2 2 2
left_child=-1 3 4 -2 -3 -6
right_child=1 2 -4 -5 5 -7
leaf_value=-0.007028617188348886 -0.00056904808366959572 0.027811899117179337 -0.0070518285675394924 0.0093259889595566844 0.014243853381362312 -0.0063337194205572217
leaf_weight=2210 3034 242 145 784 325 71
leaf_count=2210 3034 242 145 784 325 71
internal_value=3.56762e-05 0.00343676 0.01283 0.00148188 0.0173877 0.0104893
internal_weight=6811 4601 783 3818 638 396
internal_count=6811 4601 783 3818 638 396
is_linear=0
shrinkage=0.01


Tree=120
num_leaves=7
num_cat=0
split_feature=0 0 7 2 13 14
split_gain=2539.07 743.872 331.432 351.33 319.593 282.507
threshold=0.90379183168600441 1.0909617178346769 22.958100000000005 0.50543827068699887 16.265073570448624 0.14836063535366067
decision_type=2 2 2 2 2 2
left_child=-1 2 -2 -4 -5 -3
right_child=1 5 3 4 -6 -7
leaf_value=-0.0053867014787805983 -0.001601382116721917 0.027169356451466165 0.011893913623508825 -0.0031064793243985285 0.0087117471596615953 0.011932752075722353
leaf_weight=3804 704 164 696 481 420 542
leaf_count=3804 704 164 696 481 420 542
internal_value=3.57651e-05 0.00689056 0.00409973 0.00660726 0.00243773 0.0158022
internal_weight=6811 3007 2301 1597 901 706
internal_count=6811 3007 2301 1597 901 706
is_linear=0
shrinkage=0.01


Tree=121
num_leaves=7
num_cat=0
split_feature=15 7 12 13 2 13
split_gain=1304.05 985.991 932.284 382.364 482.729 286.967
threshold=4.1400076127623953 27.407250000000005 2.7234356899393952 17.877604077128598 0.51876223415923806 46.681621175590799
decision_type=2 2 2 2 2 2
left_child=1 -1 3 4 -3 -5
right_child=-2 2 -4 5 -6 -7
leaf_value=-0.0026699591261513827 -0.0087433529215644023 0.012108758745892413 -0.006518238988047576 0.016383205580533959 0.00093886789476173228 0.0039911090500817752
leaf_weight=2352 1346 621 500 726 1005 261
leaf_count=2352 1346 621 500 726 1005 261
internal_value=3.61348e-05 0.0022105 0.00589462 0.00828563 0.0052528 0.0131792
internal_weight=6811 5465 3113 2613 1626 987
internal_count=6811 5465 3113 2613 1626 987
is_linear=0
shrinkage=0.01


Tree=122
num_leaves=7
num_cat=0
split_feature=0 0 20 8 2 18
split_gain=2464.95 631.281 460.254 375.665 260.103 285.158
threshold=0.98583626634885768 0.82351320743855083 38.500000000000036 1421.0000000000002 0.5375472226893302 0.0061136668346191405
decision_type=2 2 8 2 2 2
left_child=1 -1 3 4 -2 -6
right_child=2 -3 -4 -5 5 -7
leaf_value=-0.0072286814211962912 0.028422662215934671 -0.00017153941240908275 -0.0073333633757595509 0.0084209627418872311 0.018304557788553607 -0.0029919422555552879
leaf_weight=2373 183 2709 130 1106 228 82
leaf_count=2373 183 2709 130 1106 228 82
internal_value=3.60006e-05 -0.00347454 0.0103151 0.0117866 0.0190195 0.0127538
internal_weight=6811 5082 1729 1599 493 310
internal_count=6811 5082 1729 1599 493 310
is_linear=0
shrinkage=0.01


Tree=123
num_leaves=7
num_cat=0
split_feature=0 0 7 10 10 14
split_gain=2419.29 714.631 317.263 316.143 298.015 276.888
threshold=0.90379183168600441 1.0909617178346769 22.958100000000005 0.025593909851723873 0.048030701110568126 0.14836063535366067
decision_type=2 2 2 2 2 2
left_child=4 2 -2 -4 -1 -3
right_child=1 5 3 -5 -6 -7
leaf_value=-0.0030816045164305641 -0.0015856337726164443 0.026707340716973119 0.011292988897179284 0.0023530099895508589 -0.0088819555614552091 0.011637039929493399
leaf_weight=2389 704 164 723 874 1415 542
leaf_count=2389 704 164 723 874 1415 542
internal_value=3.61892e-05 0.00672735 0.00399207 0.00644544 -0.00525683 0.0154619
internal_weight=6811 3007 2301 1597 3804 706
internal_count=6811 3007 2301 1597 3804 706
is_linear=0
shrinkage=0.01


Tree=124
num_leaves=7
num_cat=0
split_feature=0 0 0 14 14 8
split_gain=2373.95 479.688 462.151 283.843 271.885 263.618
threshold=0.95423748033819977 0.81494565101168004 1.0909617178346769 0.17021881020370608 0.14836063535366067 1468.5000000000002
decision_type=2 2 2 2 2 2
left_child=1 -1 -2 -3 -4 -6
right_child=2 3 4 -5 5 -7
leaf_value=-0.00729295577186693 0.0054085732120498862 0.0064202814795088535 0.026455616594517024 -0.00246337480446336 0.021057653812070691 0.0062635236987592406
leaf_weight=2237 1436 428 164 2004 182 360
leaf_count=2237 1436 428 164 2004 182 360
internal_value=3.63909e-05 -0.00396162 0.00872893 -0.000880079 0.0153126 0.0115228
internal_weight=6811 4669 2142 2432 706 542
internal_count=6811 4669 2142 2432 706 542
is_linear=0
shrinkage=0.01


Tree=125
num_leaves=7
num_cat=0
split_feature=0 0 22 7 13 17
split_gain=2330.42 597.636 364.108 312.584 305.063 311.913
threshold=0.98583626634885768 0.82351320743855083 10.00000000000003 27.407250000000005 16.265073570448624 211.16999999999967
decision_type=2 2 8 2 2 10
left_child=1 -1 3 -2 5 -5
right_child=2 -3 -4 4 -6 -7
leaf_value=-0.0070292858460431398 0.0035761698629570809 -0.00016279004493837204 -0.0056444032665949762 0.023911464615945809 0.018172927951360954 0.0038569113668141791
leaf_weight=2373 400 2709 131 87 695 416
leaf_count=2373 400 2709 131 87 695 416
internal_value=3.68458e-05 -0.00337655 0.0100315 0.0113437 0.0138861 0.00772409
internal_weight=6811 5082 1729 1598 1198 503
internal_count=6811 5082 1729 1598 1198 503
is_linear=0
shrinkage=0.01


Tree=126
num_leaves=7
num_cat=0
split_feature=0 0 4 12 21 8
split_gain=2290.65 677.788 292.825 274.177 201.442 197.139
threshold=0.90379183168600441 1.0909617178346769 -1.0000000180025095e-35 0.41128054450105994 17.650833333333328 1413.5000000000002
decision_type=2 2 2 2 8 2
left_child=3 2 4 -1 -2 -4
right_child=1 -3 5 -5 -6 -7
leaf_value=-0.0028217290469963224 0.0042661564096837254 0.015054253521505433 0.014820509169149359 -0.0082770168108041685 -0.0036388604635751603 0.0050033262800038281
leaf_weight=2217 701 706 284 1587 580 736
leaf_count=2217 701 706 284 1587 580 736
internal_value=3.70151e-05 0.00654785 0.00388404 -0.00511337 0.000686529 0.00785409
internal_weight=6811 3007 2301 3804 1281 1020
internal_count=6811 3007 2301 3804 1281 1020
is_linear=0
shrinkage=0.01


Tree=127
num_leaves=7
num_cat=0
split_feature=10 9 12 10 12 15
split_gain=1802.67 597.238 346.322 301.44 226.681 199.138
threshold=0.025593909851723873 -0.0067973375230247352 2.9727379293480429 0.019796903093877095 1.0915986397280018 3.3574653292706143
decision_type=2 2 2 2 2 2
left_child=3 -2 4 -1 5 -3
right_child=1 2 -4 -5 -6 -7
leaf_value=0.013336348823893139 -0.0084226306390774771 0.00071992419037927424 -0.0070664054640734685 0.0050030142123895617 0.0088572578833383681 -0.0082263669598593939
leaf_weight=764 1454 2290 703 1035 296 269
leaf_count=764 1454 2290 703 1035 296 269
internal_value=3.70027e-05 -0.00304621 -0.000831658 0.00859618 0.000722859 -0.000248864
internal_weight=6811 5012 3558 1799 2855 2559
internal_count=6811 5012 3558 1799 2855 2559
is_linear=0
shrinkage=0.01


Tree=128
num_leaves=7
num_cat=0
split_feature=10 1 1 10 15 15
split_gain=1769.73 659.69 408.17 337.138 252.103 261.052
threshold=0.034137739864056486 1.4836715159762048 1.0295897279408155 0.019955804785169399 1.1514714747776915 0.91306081359354441
decision_type=2 2 2 2 2 2
left_child=1 4 -2 -3 5 -1
right_child=2 3 -4 -5 -6 -7
leaf_value=0.0019372135671711136 -0.010098607837523301 0.015647512335170036 -0.0026691372657453132 0.0060511736697590477 -0.0034545251318330505 0.015134453306276373
leaf_weight=948 1083 612 2321 945 733 169
leaf_count=948 1083 612 2321 945 733 169
internal_value=3.66943e-05 0.00512433 -0.00505552 0.00989893 0.0010743 0.0040505
internal_weight=6811 3407 3404 1557 1850 1117
internal_count=6811 3407 3404 1557 1850 1117
is_linear=0
shrinkage=0.01


Tree=129
num_leaves=7
num_cat=0
split_feature=1 4 8 12 1 17
split_gain=1731.31 610.084 324.56 285.484 255.5 234.185
threshold=1.2407890502375698 -1.0000000180025095e-35 1391.0000000000002 0.41128054450105994 2.0000022500218573 179.3900000000003
decision_type=2 2 2 2 2 8
left_child=3 4 -3 5 -2 -1
right_child=1 2 -4 -5 -6 -7
leaf_value=0.013304239791773616 -0.00020517009712696534 0.01600099871163697 0.0061481719416299745 -0.0093358495528828855 0.0098672328287542892 -0.0038196259231136082
leaf_weight=74 1911 487 1098 1207 280 1754
leaf_count=74 1911 487 1098 1207 280 1754
internal_value=3.66579e-05 0.00455152 0.00925685 -0.00557701 0.00112102 -0.00305782
internal_weight=6811 3776 1585 3035 2191 1828
internal_count=6811 3776 1585 3035 2191 1828
is_linear=0
shrinkage=0.01


Tree=130
num_leaves=7
num_cat=0
split_feature=10 14 10 8 17 14
split_gain=1714.77 567.038 552.158 366.438 281.66 272.343
threshold=0.025593909851723873 0.16671796612294185 0.051132097672194635 1391.0000000000002 212.31999999999985 2.6415040341048548
decision_type=2 2 2 2 10 2
left_child=1 4 5 -3 -1 -2
right_child=2 3 -4 -5 -6 -7
leaf_value=0.03637168951864754 -0.00012705678694491793 0.01406865651963775 -0.008428365009751906 0.0026174361555514228 0.014094044263020749 -0.009922296642506075
leaf_weight=74 3368 369 1344 1089 267 300
leaf_count=74 3368 369 1344 1089 267 300
internal_value=3.67599e-05 0.00838466 -0.00297035 0.00559168 0.019827 -0.000952993
internal_weight=6811 1799 5012 1458 341 3668
internal_count=6811 1799 5012 1458 341 3668
is_linear=0
shrinkage=0.01


Tree=131
num_leaves=7
num_cat=0
split_feature=10 1 1 14 17 10
split_gain=1684.76 631.466 392.209 333.443 646.076 324.717
threshold=0.034137739864056486 1.4836715159762048 1.0295897279408155 0.084800791438325959 228.72666666666643 0.019955804785169399
decision_type=2 2 2 2 10 2
left_child=1 3 -2 4 -1 -3
right_child=2 5 -4 -5 -6 -7
leaf_value=0.033365665356932063 -0.0098747838010810399 0.015313702773245149 -0.002592248140529075 -0.00071673634862072099 0.00054576515248761729 0.0058969508848440745
leaf_weight=79 1083 612 2321 1586 185 945
leaf_count=79 1083 612 2321 1586 185 945
internal_value=3.71059e-05 0.0050011 -0.00493136 0.00103874 0.0112262 0.00967244
internal_weight=6811 3407 3404 1850 264 1557
internal_count=6811 3407 3404 1850 264 1557
is_linear=0
shrinkage=0.01


Tree=132
num_leaves=7
num_cat=0
split_feature=0 0 20 14 8 20
split_gain=2116.07 537.013 422.949 376.15 463.394 276.898
threshold=0.98583626634885768 0.82351320743855083 38.500000000000036 0.17021881020370608 1421.0000000000002 31.600000000000026
decision_type=2 2 8 2 2 10
left_child=1 -1 3 5 -5 -2
right_child=2 -3 -4 4 -6 -7
leaf_value=-0.0066778028244094045 0.022458311326456655 -0.00016882304645339717 -0.0073426622435716652 0.017179016353025271 0.0036148489994195948 0.00099285630037985648
leaf_weight=2373 357 2709 130 361 808 73
leaf_count=2373 357 2709 130 361 808 73
internal_value=3.73497e-05 -0.00321529 0.00956124 0.0109726 0.00791379 0.0189196
internal_weight=6811 5082 1729 1599 1169 430
internal_count=6811 5082 1729 1599 1169 430
is_linear=0
shrinkage=0.01


Tree=133
num_leaves=7
num_cat=0
split_feature=5 12 7 12 7 15
split_gain=1195.76 487.849 451.277 418.421 489.051 384.088
threshold=0.99991965424749385 1.3669783214778579 24.973650000000003 2.9727379293480429 25.498350000000006 4.2457952378220734
decision_type=2 2 2 2 2 2
left_child=1 2 -1 4 -2 -4
right_child=3 -3 5 -5 -6 -7
leaf_value=-0.0051228550304986079 0.0017973183312475058 -0.0086000959794045404 0.0041119110302279124 -0.004862422818126811 0.012150228400155229 -0.0071415835121179608
leaf_weight=1512 783 1104 1662 292 1097 361
leaf_count=1512 783 1104 1662 292 1097 361
internal_value=3.74168e-05 -0.00282897 -0.00100745 0.00614442 0.00787068 0.0020785
internal_weight=6811 4639 3535 2172 1880 2023
internal_count=6811 4639 3535 2172 1880 2023
is_linear=0
shrinkage=0.01


Tree=134
num_leaves=7
num_cat=0
split_feature=1 13 1 8 15 17
split_gain=1611.46 604.473 373.159 306.45 270.732 253.121
threshold=1.2407890502375698 16.265073570448624 1.7312722399274849 1696.5000000000002 1.0477024586221126 179.3900000000003
decision_type=2 2 2 2 2 8
left_child=4 3 -3 -2 5 -1
right_child=1 2 -4 -5 -6 -7
leaf_value=0.016452605323333824 -0.0024238884517229493 0.0051643456685630806 0.014760438480883766 0.0056760958010190219 -0.0081229459120779109 -0.0030689442637999676
leaf_weight=60 1251 1166 627 732 1640 1335
leaf_count=60 1251 1166 627 732 1640 1335
internal_value=3.69302e-05 0.00439271 0.00858329 0.000579598 -0.00537895 -0.00211818
internal_weight=6811 3776 1793 1983 3035 1395
internal_count=6811 3776 1793 1983 3035 1395
is_linear=0
shrinkage=0.01


Tree=135
num_leaves=7
num_cat=0
split_feature=0 0 1 5 14 14
split_gain=2027.31 616.368 366.832 259.965 257.254 196.53
threshold=0.90379183168600441 1.0909617178346769 1.0856070478418636 0.99991965424749385 0.14836063535366067 0.60584244387253006
decision_type=2 2 2 2 2 2
left_child=2 3 -1 -2 -3 -4
right_child=1 4 5 -5 -6 -7
leaf_value=-0.008542720357076275 0.00060990380329576971 0.025085709387029725 0.0015585290533006316 0.0073629875734100318 0.010606810403080907 -0.0045069333036658072
leaf_weight=1548 1281 164 852 1020 542 1404
leaf_count=1548 1281 164 852 1020 542 1404
internal_value=3.69778e-05 0.00616213 -0.00480831 0.00362236 0.0142736 -0.00221948
internal_weight=6811 3007 3804 2301 706 2256
internal_count=6811 3007 3804 2301 706 2256
is_linear=0
shrinkage=0.01


Tree=136
num_leaves=7
num_cat=0
split_feature=0 1 4 21 7 2
split_gain=1991.76 543.128 333.961 311.904 317.561 212.155
threshold=0.98583626634885768 1.0295897279408155 0.043670562441908721 21.536666666666687 25.498350000000006 0.41508330388366005
decision_type=2 2 2 8 2 2
left_child=1 -1 5 4 -2 -3
right_child=3 2 -4 -5 -6 -7
leaf_value=-0.0088330094913370537 0.002924271937142264 0.0030661702726360535 0.0047706106562361173 -0.0022707680253827938 0.013469570841296774 -0.003863098849284955
leaf_weight=1244 389 525 735 203 1137 2578
leaf_count=1244 389 525 735 203 1137 2578
internal_value=3.70798e-05 -0.00311858 -0.00124823 0.009277 0.010818 -0.00268464
internal_weight=6811 5082 3838 1729 1526 3103
internal_count=6811 5082 3838 1729 1526 3103
is_linear=0
shrinkage=0.01


Tree=137
num_leaves=7
num_cat=0
split_feature=0 0 7 2 14 8
split_gain=1954.45 595.696 284.192 334.971 253.329 244.319
threshold=0.90379183168600441 1.0909617178346769 22.958100000000005 0.50543827068699887 0.14836063535366067 1468.5000000000002
decision_type=2 2 2 2 2 2
left_child=-1 2 -2 -4 -3 -6
right_child=1 4 3 -5 5 -7
leaf_value=-0.0047205862036616706 -0.0017223804058240993 0.024748673773873811 0.011036676002888797 0.0018128608847302 0.019555401778488885 0.0053543180806146983
leaf_weight=3804 704 164 696 901 182 360
leaf_count=3804 704 164 696 901 182 360
internal_value=3.68448e-05 0.00605092 0.00355415 0.00587642 0.0140251 0.0103908
internal_weight=6811 3007 2301 1597 706 542
internal_count=6811 3007 2301 1597 706 542
is_linear=0
shrinkage=0.01


Tree=138
num_leaves=7
num_cat=0
split_feature=0 0 21 15 0 15
split_gain=1918.72 490.092 304.191 233.939 196.802 196.28
threshold=0.98583626634885768 0.82351320743855083 21.536666666666687 1.0477024586221126 1.2320819950650408 3.476772810254364
decision_type=2 2 8 2 2 2
left_child=1 -1 4 -3 5 -2
right_child=2 3 -4 -5 -6 -7
leaf_value=-0.0063677451251409022 0.010030967046854952 0.0022239922659136099 -0.0022957403223279496 -0.003761429303375636 0.018480401598872282 -0.0040414944977553123
leaf_weight=2373 1160 1637 203 1072 263 103
leaf_count=2373 1160 1637 203 1072 263 103
internal_value=3.72983e-05 -0.00305995 0.00910621 -0.000149669 0.0106281 0.0088606
internal_weight=6811 5082 1729 2709 1526 1263
internal_count=6811 5082 1729 2709 1526 1263
is_linear=0
shrinkage=0.01


Tree=139
num_leaves=7
num_cat=0
split_feature=10 7 10 15 17 14
split_gain=1504.71 628.406 493.358 379.054 279.993 251.758
threshold=0.025593909851723873 216.20430000000002 0.051132097672194635 0.27958651828945164 196.67000000000004 2.6415040341048548
decision_type=2 2 2 2 10 2
left_child=1 3 5 -1 -3 -2
right_child=2 4 -4 -5 -6 -7
leaf_value=0.010200021227478588 -7.8965085270958169e-05 0.032881069340137313 -0.0079389695588917512 -0.0004382523027834154 0.013249803309731639 -0.0094965939204069601
leaf_weight=598 3368 93 1344 744 364 300
leaf_count=598 3368 93 1344 744 364 300
internal_value=3.71345e-05 0.00785702 -0.00277978 0.00434258 0.0178633 -0.000872944
internal_weight=6811 1799 5012 1342 457 3668
internal_count=6811 1799 5012 1342 457 3668
is_linear=0
shrinkage=0.01


Tree=140
num_leaves=7
num_cat=0
split_feature=10 7 17 7 7 12
split_gain=1477.34 687.081 626.68 381.626 331.931 261.075
threshold=0.034137739864056486 464.52510000000007 196.67000000000004 1697.5800000000002 22.958100000000005 2.9727379293480429
decision_type=2 2 10 2 2 2
left_child=1 4 -3 -4 -1 -2
right_child=5 2 3 -5 -6 -7
leaf_value=-0.0016248362562951767 -0.0028661946117460569 0.034183591068267155 0.016424427537585488 -0.0038254794572727593 0.0053636325047515766 -0.0090307608967811447
leaf_weight=1068 2450 123 227 148 1841 954
leaf_count=1068 2450 123 227 148 1841 954
internal_value=3.73258e-05 0.00468572 0.0154224 0.00854068 0.00280113 -0.00461526
internal_weight=6811 3407 498 375 2909 3404
internal_count=6811 3407 498 375 2909 3404
is_linear=0
shrinkage=0.01


Tree=141
num_leaves=7
num_cat=0
split_feature=0 0 1 7 4 15
split_gain=1843.3 566.751 343.85 269.876 230.121 168.901
threshold=0.90379183168600441 1.0909617178346769 1.0914563367948082 22.958100000000005 -1.0000000180025095e-35 0.67530357215401604
decision_type=2 2 2 2 2 2
left_child=2 3 -1 -2 -5 -3
right_child=1 5 -4 4 -6 -7
leaf_value=-0.0081282339818247468 -0.001698836093941796 0.020068694938595099 -0.0020277325171257385 0.0023263777854277841 0.0099859406319433679 0.0095596079000582306
leaf_weight=1584 704 260 2220 901 696 446
leaf_count=1584 704 260 2220 901 696 446
internal_value=3.75188e-05 0.00587808 -0.00458266 0.00344285 0.00570591 0.013656
internal_weight=6811 3007 3804 2301 1597 706
internal_count=6811 3007 3804 2301 1597 706
is_linear=0
shrinkage=0.01


Tree=142
num_leaves=7
num_cat=0
split_feature=4 7 2 13 7 13
split_gain=1062.51 428.27 460.493 489.062 351.807 326.969
threshold=-1.0000000180025095e-35 357.75855000000007 0.52961400599152586 2.4090117190252536 25.498350000000006 16.265073570448624
decision_type=2 2 2 2 2 2
left_child=1 -1 -3 -4 -2 -6
right_child=4 2 3 -5 5 -7
leaf_value=-0.0041510655555668024 0.00091236910653935785 0.017357019312287631 -0.0059746119590357591 0.011277261505001076 0.0025192332027799266 0.012960299405976365
leaf_weight=3742 884 180 477 238 483 807
leaf_count=3742 884 180 477 238 483 807
internal_value=3.75847e-05 -0.0026662 0.00351929 -0.00015569 0.00579039 0.00910042
internal_weight=6811 4637 895 715 2174 1290
internal_count=6811 4637 895 715 2174 1290
is_linear=0
shrinkage=0.01


Tree=143
num_leaves=7
num_cat=0
split_feature=0 9 8 0 0 17
split_gain=1790.08 458.324 290.771 236.377 206.414 185.009
threshold=0.98583626634885768 -0.0067973375230247352 963.50000000000011 0.87034476625818791 1.2320819950650408 196.67000000000004
decision_type=2 2 2 2 2 8
left_child=1 -1 -2 -3 5 -4
right_child=2 3 4 -5 -6 -7
leaf_value=-0.0077695842586573251 0.018249519325551165 -0.0034861221250605231 0.015324959501115062 0.0015849208636262891 0.015689090455749205 0.0037613619535841942
leaf_weight=1414 268 1927 151 1741 221 1089
leaf_count=1414 268 1927 151 1741 221 1089
internal_value=3.77205e-05 -0.00295391 0.00879736 -0.00108141 0.00695121 0.00528084
internal_weight=6811 5082 1729 3668 1461 1240
internal_count=6811 5082 1729 3668 1461 1240
is_linear=0
shrinkage=0.01


Tree=144
num_leaves=7
num_cat=0
split_feature=0 20 12 12 0 5
split_gain=1756.94 408.001 362.001 317.221 239.375 216.907
threshold=0.95423748033819977 38.500000000000036 0.41128054450105994 3.0955143270297065 1.0285039011068855 1.5483452222046556
decision_type=2 8 2 2 2 2
left_child=2 3 5 4 -2 -1
right_child=1 -3 -4 -5 -6 -7
leaf_value=-0.0016720355157115372 0.0053665673340704727 -0.0068173128830117955 -0.0069599653742505683 -0.0072476294685249066 0.012771741324015484 0.015132249864407732
leaf_weight=2835 758 175 1765 109 1100 69
leaf_count=2835 758 175 1765 109 1100 69
internal_value=3.79789e-05 0.00751602 -0.00340146 0.00881927 0.00979559 -0.0012222
internal_weight=6811 2142 4669 1967 1858 2904
internal_count=6811 2142 4669 1967 1858 2904
is_linear=0
shrinkage=0.01


Tree=145
num_leaves=7
num_cat=0
split_feature=0 0 1 14 9 14
split_gain=1727.75 531.363 332.778 246.014 198.218 185.552
threshold=0.90379183168600441 1.0909617178346769 1.1123947530099836 0.14836063535366067 -0.0018004076465011982 0.60584244387253006
decision_type=2 2 2 2 2 2
left_child=2 4 -1 -3 -2 -4
right_child=1 3 5 -5 -6 -7
leaf_value=-0.0076994284569723284 -0.0013290257672849818 0.023766879153641302 0.0020848895241562184 0.0096604979145289999 0.0051672149286795966 -0.0040376396891119385
leaf_weight=1708 650 164 783 542 1651 1313
leaf_count=1708 650 164 783 542 1651 1313
internal_value=3.77541e-05 0.00569228 -0.00443526 0.0132235 0.00333431 -0.00175141
internal_weight=6811 3007 3804 706 2301 2096
internal_count=6811 3007 3804 706 2301 2096
is_linear=0
shrinkage=0.01


Tree=146
num_leaves=7
num_cat=0
split_feature=1 4 14 14 16 7
split_gain=1360.42 510.503 293.257 226.148 253.365 198.288
threshold=1.2183779978204947 0.090972607033255992 0.85866458630228915 0.084800791438325959 268.15000000000003 310.8087000000001
decision_type=2 2 2 2 10 2
left_child=3 2 5 4 -1 -2
right_child=1 -3 -4 -5 -6 -7
leaf_value=0.016285835290045451 0.0022337020020664227 0.011062522599567441 -0.0020635983407439715 -0.0061214206943715523 -0.0034517711940376711 0.0090139447307935171
leaf_weight=89 1451 774 1120 2585 182 610
leaf_count=89 1451 774 1120 2585 182 610
internal_value=3.77814e-05 0.00383184 0.00204332 -0.00521128 0.00337921 0.0042743
internal_weight=6811 3955 3181 2856 271 2061
internal_count=6811 3955 3181 2856 271 2061
is_linear=0
shrinkage=0.01


Tree=147
num_leaves=7
num_cat=0
split_feature=5 7 4 21 8 7
split_gain=996.848 513.551 352.263 335.677 252.123 234.033
threshold=0.87319534153944967 357.75855000000007 0.11396570621333113 17.0691666666667 1127.0000000000002 357.75855000000007
decision_type=2 2 2 10 2 2
left_child=5 2 -2 -3 -5 -1
right_child=1 3 -4 4 -6 -7
leaf_value=-0.0050234654976234064 0.00044072632140788621 0.020396570106186753 0.0088849007305086877 0.018313504489692482 -0.0043414773630934796 0.0014156987851013428
leaf_weight=2762 2243 276 624 64 138 704
leaf_count=2762 2243 276 624 64 138 704
internal_value=3.77988e-05 0.0039261 0.00230309 0.0134141 0.00336161 -0.00371526
internal_weight=6811 3345 2867 478 202 3466
internal_count=6811 3345 2867 478 202 3466
is_linear=0
shrinkage=0.01


Tree=148
num_leaves=7
num_cat=0
split_feature=0 0 5 5 15 0
split_gain=1657.87 510.999 223.616 204.706 167.581 160.056
threshold=0.90379183168600441 1.0909617178346769 0.99991965424749385 1.098522526684705 0.67530357215401604 0.7396842927330779
decision_type=2 2 2 2 2 2
left_child=3 2 -2 5 -3 -1
right_child=1 4 -4 -5 -6 -7
leaf_value=-0.0085263777837606674 0.00047156721904249301 0.019329102795010572 0.0067338910858311864 0.0015926890380717085 0.0089085140047194603 -0.0037432960651313215
leaf_weight=1022 1281 260 1020 500 446 2282
leaf_count=1022 1281 260 1020 500 446 2282
internal_value=3.80085e-05 0.00557701 0.00326469 -0.00434362 0.0129625 -0.00524407
internal_weight=6811 3007 2301 3804 706 3304
internal_count=6811 3007 2301 3804 706 3304
is_linear=0
shrinkage=0.01


Tree=149
num_leaves=7
num_cat=0
split_feature=0 1 2 7 0 7
split_gain=1625.97 474.639 302.38 384.287 256.57 190.796
threshold=0.98583626634885768 1.0222594695054983 0.51691794760825449 357.75855000000007 1.2320819950650408 27.407250000000005
decision_type=2 2 2 2 2 2
left_child=1 -1 3 -3 5 -2
right_child=4 2 -4 -5 -6 -7
leaf_value=-0.008406917361909157 0.00074967357243706538 0.00093706601652589997 -0.0033804423297055563 0.020668428169106537 0.017345247238901625 0.0088595872256315329
leaf_weight=1159 400 1453 2374 96 264 1065
leaf_count=1159 400 1453 2374 96 264 1065
internal_value=3.79915e-05 -0.00281321 -0.00114345 0.00228466 0.00838644 0.00666537
internal_weight=6811 5082 3923 1549 1729 1465
internal_count=6811 5082 3923 1549 1729 1465
is_linear=0
shrinkage=0.01


Tree=150
num_leaves=7
num_cat=0
split_feature=1 4 14 15 7 21
split_gain=1285.63 480.382 280.363 221.683 207.198 218.479
threshold=1.2183779978204947 0.090972607033255992 0.85866458630228915 1.0477024586221126 666.19845000000009 16.665000000000056
decision_type=2 2 2 2 2 10
left_child=3 2 -2 4 -1 -6
right_child=1 -3 -4 -5 5 -7
leaf_value=-0.0035394159790692508 0.0041728536251700631 0.0107405976224217 -0.0020241199799790667 -0.0075901469213506814 0.023418522191340805 6.9534759821854241e-05
leaf_weight=1126 2061 774 1120 1562 51 117
leaf_count=1126 2061 774 1120 1562 51 117
internal_value=3.81507e-05 0.00372644 0.00199145 -0.00506459 -0.00198115 0.00807506
internal_weight=6811 3955 3181 2856 1294 168
internal_count=6811 3955 3181 2856 1294 168
is_linear=0
shrinkage=0.01


Tree=151
num_leaves=7
num_cat=0
split_feature=9 13 14 21 13 9
split_gain=1069.45 526.911 293.371 370.205 326.404 229.729
threshold=-0.0019765195834814246 0.2319236207670258 0.17021881020370608 17.72916666666676 16.265073570448624 -0.0095501684036488378
decision_type=2 2 2 8 2 2
left_child=5 -2 3 4 -3 -1
right_child=1 2 -4 -5 -6 -7
leaf_value=-0.0081047219616673903 -0.0051115419975293064 0.029935523229786782 0.003175606879345903 -0.002269944008257167 0.010214575269698789 -0.002315121903330556
leaf_weight=1109 599 93 2405 194 611 1800
leaf_count=1109 599 93 2405 194 611 1800
internal_value=3.81394e-05 0.00345596 0.00502041 0.00987174 0.0132025 -0.0045425
internal_weight=6811 3902 3303 898 704 2909
internal_count=6811 3902 3303 898 704 2909
is_linear=0
shrinkage=0.01


Tree=152
num_leaves=7
num_cat=0
split_feature=5 12 7 12 7 17
split_gain=927.345 388.708 358.025 340.328 412.742 247.694
threshold=0.99991965424749385 1.3669783214778579 24.973650000000003 2.9727379293480429 25.498350000000006 194.36166666666725
decision_type=2 2 2 2 2 8
left_child=1 2 -1 4 -2 -4
right_child=3 -3 5 -5 -6 -7
leaf_value=-0.0045260160257330016 0.0013976282281196273 -0.0076375374167842406 0.0099643889155559013 -0.0045079586329555372 0.010904459846340092 0.00037733920379570191
leaf_weight=1512 783 1104 310 292 1097 1713
leaf_count=1512 783 1104 310 292 1097 1713
internal_value=3.81322e-05 -0.00248614 -0.000860321 0.0054162 0.00697331 0.00188822
internal_weight=6811 4639 3535 2172 1880 2023
internal_count=6811 4639 3535 2172 1880 2023
is_linear=0
shrinkage=0.01


Tree=153
num_leaves=7
num_cat=0
split_feature=0 0 7 20 12 17
split_gain=1547.79 483.995 244.511 272.032 260.322 259.123
threshold=0.90379183168600441 1.0909617178346769 22.958100000000005 38.500000000000036 1.1839263696174613 202.11166666666676
decision_type=2 2 2 10 2 8
left_child=-1 2 -2 4 5 -4
right_child=1 -3 3 -5 -6 -7
leaf_value=-0.0041958352809226725 -0.0017530085498053602 0.012577300583124265 0.021235261437828307 -0.0056809261061288229 -0.0041607627429038983 0.006731519217190644
leaf_weight=3804 704 706 133 191 182 1091
leaf_count=3804 704 706 133 191 182 1091
internal_value=3.78384e-05 0.0053898 0.00313962 0.00529391 0.00681439 0.00846681
internal_weight=6811 3007 2301 1597 1406 1224
internal_count=6811 3007 2301 1597 1406 1224
is_linear=0
shrinkage=0.01


Tree=154
num_leaves=7
num_cat=0
split_feature=1 9 2 8 8 8
split_gain=1219.16 460.458 402.127 287.963 221.359 208.974
threshold=1.2183779978204947 -0.0019765195834814246 0.41508330388366005 1344.5000000000002 1712.5000000000002 1181.5000000000002
decision_type=2 2 2 2 2 2
left_child=2 -2 -1 5 -5 -3
right_child=1 3 -4 4 -6 -7
leaf_value=0.0008092186251384125 -0.0015075288457103604 0.0096014952152901085 -0.0073718486406940363 -0.00063326929936395994 0.0062934912494746614 0.029714520891507466
leaf_weight=854 1208 632 2002 689 1376 50
leaf_count=854 1208 632 2002 689 1376 50
internal_value=3.78229e-05 0.0036295 -0.00493126 0.0058858 0.00399042 0.0114841
internal_weight=6811 3955 2856 2747 2065 682
internal_count=6811 3955 2856 2747 2065 682
is_linear=0
shrinkage=0.01


Tree=155
num_leaves=7
num_cat=0
split_feature=10 14 9 8 14 21
split_gain=1223.89 486.582 418.085 290.578 266.516 252.211
threshold=0.025593909851723873 0.16671796612294185 -0.0095501684036488378 1391.0000000000002 2.6415040341048548 19.240000000000027
decision_type=2 2 2 2 2 10
left_child=1 5 -2 -3 -4 -1
right_child=2 3 4 -5 -6 -7
leaf_value=0.021222151978483365 -0.0078917289727670828 0.012055687997871052 -0.00014431581913851895 0.0018661468058148293 -0.0093612174233042664 -0.0022373208691996915
leaf_weight=289 1109 369 3569 1089 334 52
leaf_count=289 1109 369 3569 1089 334 52
internal_value=3.79858e-05 0.0070905 -0.00250251 0.00450954 -0.000954962 0.0176829
internal_weight=6811 1799 5012 1458 3903 341
internal_count=6811 1799 5012 1458 3903 341
is_linear=0
shrinkage=0.01


Tree=156
num_leaves=7
num_cat=0
split_feature=0 1 14 4 8 14
split_gain=1483.4 435.626 285.493 258.843 217.882 233.03
threshold=0.98583626634885768 1.0222594695054983 2.6190311519793492 0.043670562441908721 963.50000000000011 0.067947870890280856
decision_type=2 2 2 2 2 2
left_child=1 -1 4 -3 -2 -6
right_child=2 3 -4 -5 5 -7
leaf_value=-0.0080443794067616044 0.017164922022943247 -0.0023271928891850707 -0.0085353787129025648 0.0041959603868754322 0.016689972924360915 0.0054093977835983006
leaf_weight=1159 267 3181 91 742 213 1158
leaf_count=1159 267 3181 91 742 213 1158
internal_value=3.78333e-05 -0.0026855 0.00801188 -0.00108587 0.00897738 0.00727012
internal_weight=6811 5082 1729 3923 1638 1371
internal_count=6811 5082 1729 3923 1638 1371
is_linear=0
shrinkage=0.01


Tree=157
num_leaves=7
num_cat=0
split_feature=14 21 14 14 2 14
split_gain=582.52 432.887 882.791 250.923 246.798 197.619
threshold=2.6415040341048548 17.650833333333328 0.084800791438325959 0.064630894425084309 0.66658905693297787 1.8113217489370197
decision_type=2 10 2 2 2 2
left_child=1 2 3 -1 -5 -3
right_child=-2 5 -4 4 -6 -7
leaf_value=0.0055141061121660676 -0.0091641734240055089 -0.0030061828512126481 0.0012477993268011126 0.026933540552230129 0.0066733320634095716 0.0075836966038530405
leaf_weight=168 615 2342 3201 210 94 181
leaf_count=168 615 2342 3201 210 94 181
internal_value=3.78149e-05 0.000964477 0.00315167 0.0157695 0.0210809 -0.00221952
internal_weight=6811 6196 3673 472 304 2523
internal_count=6811 6196 3673 472 304 2523
is_linear=0
shrinkage=0.01


Tree=158
num_leaves=7
num_cat=0
split_feature=0 0 7 14 17 7
split_gain=1448.91 458.091 234.066 227.366 210.553 356.24
threshold=0.90379183168600441 1.0909617178346769 22.958100000000005 0.14836063535366067 202.11166666666676 464.52510000000007
decision_type=2 2 2 2 8 2
left_child=-1 2 -2 -3 5 -4
right_child=1 3 4 -5 -6 -7
leaf_value=-0.0040582388629801704 -0.001759364583812581 0.022325099056115613 0.0024421362158305406 0.0087984341116321783 0.0038061745291741562 0.030765968661232872
leaf_weight=3804 704 164 101 542 1424 72
leaf_count=3804 704 164 101 542 1424 72
internal_value=3.79613e-05 0.00521613 0.00302715 0.0122085 0.005135 0.0152671
internal_weight=6811 3007 2301 706 1597 173
internal_count=6811 3007 2301 706 1597 173
is_linear=0
shrinkage=0.01


Tree=159
num_leaves=7
num_cat=0
split_feature=0 0 1 5 21 2
split_gain=1420.79 449.253 287.312 200.268 167.513 160.008
threshold=0.90379183168600441 1.0909617178346769 1.0001537726444767 0.99991965424749385 17.650833333333328 0.51691794760825449
decision_type=2 2 2 2 8 2
left_child=2 3 -1 4 -2 -4
right_child=1 -3 5 -5 -6 -7
leaf_value=-0.0084633193548969352 0.0036219749374717686 0.01209078515707138 0.0010914277830394487 0.00628144323804305 -0.0035860818367435643 -0.0040044567791498852
leaf_weight=1044 701 706 918 1020 580 1842
leaf_count=1044 701 706 918 1020 580 1842
internal_value=3.84954e-05 0.00516617 -0.00401776 0.00299841 0.000355876 -0.0023117
internal_weight=6811 3007 3804 2301 1281 2760
internal_count=6811 3007 3804 2301 1281 2760
is_linear=0
shrinkage=0.01


Tree=160
num_leaves=7
num_cat=0
split_feature=10 7 1 1 17 15
split_gain=1145.94 518.261 479.368 383.928 264.696 240.717
threshold=0.025593909851723873 216.20430000000002 1.0222594695054983 2.0592184015903956 196.67000000000004 3.9907509541349477
decision_type=2 2 2 2 10 2
left_child=1 3 -2 -1 -3 -4
right_child=2 4 5 -5 -6 -7
leaf_value=0.0012994938662771968 -0.0081378842042410336 0.030461012923601764 0.00056731694912031229 0.015698785798305324 0.011524437446680101 -0.0054368136252497179
leaf_weight=1130 1125 93 3042 212 364 845
leaf_count=1130 1125 93 3042 212 364 845
internal_value=3.82135e-05 0.00686245 -0.00242006 0.00367349 0.0159478 -0.000748531
internal_weight=6811 1799 5012 1342 457 3887
internal_count=6811 1799 5012 1342 457 3887
is_linear=0
shrinkage=0.01


Tree=161
num_leaves=7
num_cat=0
split_feature=9 7 17 14 9 7
split_gain=933.39 579.536 399.11 297.303 219.198 205.662
threshold=-0.0019765195834814246 310.8087000000001 242.81666666666669 2.6415040341048548 0.0045037110188720494 1697.5800000000002
decision_type=2 2 10 2 2 2
left_child=-1 3 -3 4 -2 -4
right_child=1 2 5 -5 -6 -7
leaf_value=-0.0042408430978800827 0.00093017512790981565 0.025152751062479287 0.01064498380407972 -0.0084391820275761791 0.0072394027353850487 -0.0047531758722359849
leaf_weight=2909 2306 161 348 264 715 108
leaf_count=2909 2306 161 348 264 715 108
internal_value=3.85054e-05 0.00323151 0.0120433 0.00154492 0.00244238 0.00697431
internal_weight=6811 3902 617 3285 3021 456
internal_count=6811 3902 617 3285 3021 456
is_linear=0
shrinkage=0.01


Tree=162
num_leaves=7
num_cat=0
split_feature=0 1 22 15 0 15
split_gain=1364.05 403.336 266.733 221.827 182.199 169.509
threshold=0.98583626634885768 1.0295897279408155 10.00000000000003 1.0477024586221126 1.2320819950650408 3.476772810254364
decision_type=2 2 8 2 2 2
left_child=1 -1 4 -3 5 -2
right_child=2 3 -4 -5 -6 -7
leaf_value=-0.0074972596065255642 0.0082730279649312517 0.001308593342236047 -0.0056912174128022387 -0.0034956835919095104 0.016360165545471258 -0.0044122258637945694
leaf_weight=1244 1226 2027 131 1811 263 109
leaf_count=1244 1226 2027 131 1811 263 109
internal_value=3.85094e-05 -0.00257298 0.00768503 -0.000961548 0.00881016 0.0072122
internal_weight=6811 5082 1729 3838 1598 1335
internal_count=6811 5082 1729 3838 1598 1335
is_linear=0
shrinkage=0.01


Tree=163
num_leaves=7
num_cat=0
split_feature=10 9 13 10 13 16
split_gain=1098.93 378.588 244.061 215.294 226.146 193.78
threshold=0.025593909851723873 -0.0095501684036488378 0.2319236207670258 0.019796903093877095 46.681621175590799 334.85000000000008
decision_type=2 2 2 2 2 10
left_child=3 -2 -3 4 5 -1
right_child=1 2 -4 -5 -6 -7
leaf_value=0.01501892906030154 -0.0074974470378554713 -0.0050261351204738741 0.00061192568712989273 0.0036924956586907071 -0.00036921078868245682 -0.0045562300165412854
leaf_weight=565 1109 1038 2865 1035 148 51
leaf_count=565 1109 1038 2865 1035 148 51
internal_value=3.81953e-05 -0.00236913 -0.000896525 0.00672099 0.010723 0.0133514
internal_weight=6811 5012 3903 1799 764 616
internal_count=6811 5012 3903 1799 764 616
is_linear=0
shrinkage=0.01


Tree=164
num_leaves=7
num_cat=0
split_feature=1 1 13 4 1 13
split_gain=1075.61 371.765 365.625 216.988 144.322 109.761
threshold=1.4767567533508268 1.0222594695054983 16.265073570448624 -0.068337484433374798 2.7106729477819109 46.412673658569709
decision_type=2 2 2 2 2 2
left_child=1 -1 -2 -3 5 -4
right_child=2 3 4 -5 -6 -7
leaf_value=-0.0074787913859683157 0.0015885637250083805 -0.0034613415076915578 0.010298682765474276 0.0014623332307304576 0.02034874960154295 0.0020362661352793859
leaf_weight=1165 993 1771 766 1791 115 210
leaf_count=1165 993 1771 766 1791 115 210
internal_value=3.78409e-05 -0.0026005 0.00600606 -0.000988518 0.00997579 0.00855959
internal_weight=6811 4727 2084 3562 1091 976
internal_count=6811 4727 2084 3562 1091 976
is_linear=0
shrinkage=0.01


Tree=165
num_leaves=7
num_cat=0
split_feature=9 7 15 17 7 9
split_gain=875.004 557.177 507.131 391.867 197.517 193.075
threshold=-0.0019765195834814246 310.8087000000001 0.5064583008350616 242.81666666666669 1697.5800000000002 -0.0095501684036488378
decision_type=2 2 2 10 2 2
left_child=5 2 -2 -3 -5 -1
right_child=1 3 -4 4 -6 -7
leaf_value=-0.0073710085969843587 0.005756135693032044 0.024755723820400168 -0.0021113202894675648 0.010349447684240263 -0.0047365781475426786 -0.0020640072441034055
leaf_weight=1109 1495 161 1790 348 108 1800
leaf_count=1109 1495 161 1790 348 108 1800
internal_value=3.78259e-05 0.00312935 0.00147575 0.0117694 0.00675147 -0.00410552
internal_weight=6811 3902 3285 617 456 2909
internal_count=6811 3902 3285 617 456 2909
is_linear=0
shrinkage=0.01


Tree=166
num_leaves=7
num_cat=0
split_feature=5 7 7 7 21 7
split_gain=776.56 310.961 296.291 226.138 379.865 155.589
threshold=0.99991965424749385 357.75855000000007 25.498350000000006 5546.6244000000015 17.613333333333362 565.2225000000002
decision_type=2 2 2 2 10 2
left_child=1 -1 -2 4 -3 -4
right_child=2 3 5 -5 -6 -7
leaf_value=-0.0035385404927147823 0.00048833254901838117 0.013345996459043307 0.0064575780444065655 -0.0053276231363866043 -0.0016266811043786551 0.016295230918124241
leaf_weight=3742 884 332 1101 233 332 187
leaf_count=3742 884 332 1101 233 332 187
internal_value=3.7808e-05 -0.00227215 0.00495926 0.00299161 0.0059466 0.00800041
internal_weight=6811 4639 2172 897 664 1288
internal_count=6811 4639 2172 897 664 1288
is_linear=0
shrinkage=0.01


Tree=167
num_leaves=7
num_cat=0
split_feature=5 8 14 11 5 17
split_gain=761.32 306.188 285.571 262.376 222.922 223.548
threshold=0.99991965424749385 1354.0000000000002 0.17021881020370608 0.011130594959556159 0.73904136195395276 175.8866666666672
decision_type=2 2 2 2 2 8
left_child=3 -2 -3 -1 -5 -6
right_child=1 2 -4 4 5 -7
leaf_value=0.003612853113535684 0.011085345555759322 0.0098886559956527249 0.00016695198559270566 -0.0057885148453278934 0.013728087291869581 -0.0017273525836590646
leaf_weight=648 578 394 1200 1813 88 2090
leaf_count=648 578 394 1200 1813 88 2090
internal_value=3.78125e-05 0.00491073 0.0026166 -0.00224936 -0.00320784 -0.001043
internal_weight=6811 2172 1594 4639 3991 2178
internal_count=6811 2172 1594 4639 3991 2178
is_linear=0
shrinkage=0.01


Tree=168
num_leaves=7
num_cat=0
split_feature=10 2 7 7 10 7
split_gain=1029.17 475.432 491.048 364.054 198.251 144.18
threshold=0.022009118257899463 0.51691794760825449 357.75855000000007 27.407250000000005 0.051132097672194635 357.75855000000007
decision_type=2 2 2 2 2 2
left_child=3 2 -2 -1 -3 -5
right_child=1 4 -4 5 -6 -7
leaf_value=0.00016695424866367101 0.00016167134319431236 -0.0023771107530214421 0.014472573669899227 0.0094225916575837454 -0.0075334748924462073 0.019220417262110701
leaf_weight=349 1921 2411 264 562 1080 224
leaf_count=349 1921 2411 264 562 1080 224
internal_value=3.78883e-05 -0.00170397 0.00194883 0.00868754 -0.00398928 0.0124212
internal_weight=6811 5676 2185 1135 3491 786
internal_count=6811 5676 2185 1135 3491 786
is_linear=0
shrinkage=0.01


Tree=169
num_leaves=7
num_cat=0
split_feature=15 7 12 5 5 16
split_gain=768.618 604.978 558.939 340.865 208.908 153.15
threshold=4.1400076127623953 26.538750000000004 2.7234356899393952 0.83557178612915051 1.2500367538721859 183.60000000000005
decision_type=2 2 2 2 2 8
left_child=1 4 3 5 -1 -3
right_child=-2 2 -4 -5 -6 -7
leaf_value=-0.0031497206957798482 -0.006702296879821784 0.010530471015513314 -0.0050238419896557786 0.0091498070122337707 0.0064095130679741189 -0.00015838963707318421
leaf_weight=2101 1346 151 500 1667 247 799
leaf_count=2101 1346 151 500 1667 247 799
internal_value=3.80011e-05 0.00170731 0.00458885 0.00643757 -0.00212121 0.00163257
internal_weight=6811 5465 3117 2617 2348 950
internal_count=6811 5465 3117 2617 2348 950
is_linear=0
shrinkage=0.01


Tree=170
num_leaves=7
num_cat=0
split_feature=0 0 10 10 10 9
split_gain=1238.73 398.361 229.664 172.202 96.5108 96.3917
threshold=0.90379183168600441 1.0347645279323363 0.039153429752138071 0.063025853238729501 0.019955804785169399 0.0069403480282166615
decision_type=2 2 2 2 2 2
left_child=3 5 -3 4 -1 -2
right_child=1 2 -4 -5 -6 -7
leaf_value=0.005571423947121258 0.0013410829926544655 0.011224275024419462 -0.0013082500617410051 -0.0082848540151184927 -0.0031047183230555652 0.010927558131848597
leaf_weight=125 1747 989 169 679 3000 102
leaf_count=125 1747 989 169 679 3000 102
internal_value=3.77832e-05 0.00482567 0.00939972 -0.00374969 -0.00274101 0.00192586
internal_weight=6811 3007 1158 3804 3125 1849
internal_count=6811 3007 1158 3804 3125 1849
is_linear=0
shrinkage=0.01


Tree=171
num_leaves=7
num_cat=0
split_feature=0 0 14 8 2 8
split_gain=1214.33 392.107 212.692 212.427 183.142 273.032
threshold=0.90379183168600441 1.0909617178346769 0.14836063535366067 1468.5000000000002 0.51691794760825449 1391.0000000000002
decision_type=2 2 2 2 2 2
left_child=-1 4 -3 -4 5 -2
right_child=1 2 3 -5 -6 -7
leaf_value=-0.0037123473826612681 0.014225634730823168 0.021011493766209349 0.01648273198787744 0.0033304821924381965 -0.00016592047709158107 0.0028263533090681458
leaf_weight=3804 265 164 182 360 1113 923
leaf_count=3804 265 164 182 360 1113 923
internal_value=3.76453e-05 0.00477815 0.0112472 0.00796551 0.00275323 0.00546664
internal_weight=6811 3007 706 542 2301 1188
internal_count=6811 3007 706 542 2301 1188
is_linear=0
shrinkage=0.01


Tree=172
num_leaves=7
num_cat=0
split_feature=13 2 7 13 7 17
split_gain=608.096 316.967 756.423 450.217 371.534 349.268
threshold=0.2319236207670258 0.51691794760825449 357.75855000000007 16.265073570448624 27.407250000000005 196.67000000000004
decision_type=2 2 2 2 2 10
left_child=-1 2 -2 -3 -5 -4
right_child=1 3 5 4 -6 -7
leaf_value=-0.0054692655501947284 0.0020565191396095684 -0.0037041017098214924 0.036267848279546294 -0.0025666919407351797 0.0082339214705326787 0.011843936055003165
leaf_weight=1540 1862 1766 75 519 799 250
leaf_count=1540 1862 1766 75 519 799 250
internal_value=3.80605e-05 0.00165442 0.00455712 -0.000412095 0.00399357 0.0183946
internal_weight=6811 5271 2187 3084 1318 325
internal_count=6811 5271 2187 3084 1318 325
is_linear=0
shrinkage=0.01


Tree=173
num_leaves=7
num_cat=0
split_feature=1 10 14 8 14 21
split_gain=974.168 483.258 283.722 206.901 179.398 196.916
threshold=1.2183779978204947 0.022009118257899463 0.17021881020370608 1470.5000000000002 0.084800791438325959 9.8600000000000083
decision_type=2 2 2 2 2 10
left_child=4 2 -2 -4 5 -1
right_child=1 -3 3 -5 -6 -7
leaf_value=0.018509265409066129 0.016607499188335734 0.0011209948049023151 0.011888215592149897 0.0010819531461586708 -0.0052144499256689212 -0.0012920004816775303
leaf_weight=55 328 2894 286 447 2585 216
leaf_count=55 328 2894 286 447 2585 216
internal_value=3.8364e-05 0.00324895 0.00898851 0.00540157 -0.00440348 0.00324238
internal_weight=6811 3955 1061 733 2856 271
internal_count=6811 3955 1061 733 2856 271
is_linear=0
shrinkage=0.01


Tree=174
num_leaves=7
num_cat=0
split_feature=12 14 8 14 17 20
split_gain=667.362 338.035 275.474 349.183 619.052 246.261
threshold=1.3669783214778579 2.6816638682833962 963.50000000000011 0.17021881020370608 207.78500000000108 30.800000000000015
decision_type=2 2 2 2 8 8
left_child=1 2 -1 4 -4 -6
right_child=-2 -3 3 -5 5 -7
leaf_value=0.0096011311325750071 -0.0060493729687148799 -0.0080014656802579274 0.020847858466665474 -0.00022803492145008359 0.006671140401614325 -0.0027390889745891062
leaf_weight=458 1415 331 218 3264 654 471
leaf_count=458 1415 331 218 3264 654 471
internal_value=3.86064e-05 0.0016433 0.00228812 0.00154188 0.00581334 0.00274197
internal_weight=6811 5396 5065 4607 1343 1125
internal_count=6811 5396 5065 4607 1343 1125
is_linear=0
shrinkage=0.01


Tree=175
num_leaves=7
num_cat=0
split_feature=1 4 2 2 7 1
split_gain=947.051 370.74 329.979 212.299 632.222 252.75
threshold=1.2183779978204947 0.090972607033255992 0.41508330388366005 0.49995325348859482 565.2225000000002 1.6785107674170616
decision_type=2 2 2 2 2 2
left_child=2 3 -1 4 -2 -5
right_child=1 -3 -4 5 -6 -7
leaf_value=0.00085769597072976893 0.0023412041540446845 0.0093658230610444843 -0.0065519765389670474 -0.0021458649495656673 0.026514697457392385 0.0049246406913325946
leaf_weight=854 748 774 2002 1586 117 730
leaf_count=854 748 774 2002 1586 117 730
internal_value=3.8515e-05 0.0032041 -0.00434108 0.00168017 0.00587657 9.43395e-05
internal_weight=6811 3955 2856 3181 865 2316
internal_count=6811 3955 2856 3181 865 2316
is_linear=0
shrinkage=0.01


Tree=176
num_leaves=7
num_cat=0
split_feature=10 15 4 13 17 15
split_gain=924.377 399.17 314.03 193.912 150.16 144.48
threshold=0.022009118257899463 3.9907509541349477 -0.068337484433374798 35.931460387583243 202.11166666666676 1.6392701621403785
decision_type=2 2 2 2 10 2
left_child=3 2 -2 -1 -4 -5
right_child=1 -3 4 5 -6 -7
leaf_value=0.012278906118570486 -0.0027932872386516624 -0.0064571794742851567 0.013204017324820161 0.0075701773906265328 0.0018899987080839421 -0.0029371745894005629
leaf_weight=575 2223 1299 115 366 2039 194
leaf_count=575 2223 1299 115 366 2039 194
internal_value=3.86475e-05 -0.00161216 -0.000162822 0.00823613 0.00255227 0.00394246
internal_weight=6811 5676 4377 1135 2154 560
internal_count=6811 5676 4377 1135 2154 560
is_linear=0
shrinkage=0.01


Tree=177
num_leaves=7
num_cat=0
split_feature=0 0 10 1 7 2
split_gain=1136.18 400.19 215.66 184.212 137.12 173.04
threshold=1.0347645279323363 0.87034476625818791 0.039153429752138071 1.0914563367948082 24.973650000000003 0.50543827068699887
decision_type=2 2 2 2 2 2
left_child=1 3 -2 -1 -3 -6
right_child=2 4 -4 -5 5 -7
leaf_value=-0.0067278345428361652 0.010786823767439665 -0.0019105946164364453 -0.0013532174494658602 -0.0018839099381781801 0.0064889388844025534 -0.00011269882436042279
leaf_weight=1483 989 905 169 1679 730 856
leaf_count=1483 989 905 169 1679 730 856
internal_value=3.85946e-05 -0.00181362 0.00901867 -0.00416979 0.00118194 0.0029475
internal_weight=6811 5653 1158 3162 2491 1586
internal_count=6811 5653 1158 3162 2491 1586
is_linear=0
shrinkage=0.01


Tree=178
num_leaves=7
num_cat=0
split_feature=0 0 13 1 14 13
split_gain=1113.75 392.293 222.756 180.571 172.856 226.635
threshold=1.0347645279323363 0.87034476625818791 14.6927931305238 1.0914563367948082 2.5069154200685726 46.681621175590799
decision_type=2 2 2 2 2 2
left_child=1 3 -2 -1 5 -4
right_child=2 -3 4 -5 -6 -7
leaf_value=-0.0066610068090216992 0.0037006761046499016 0.0011702958058950757 0.018035721215080246 -0.0018651823800681225 6.147447686928969e-05 0.0028546327367715593
leaf_weight=1483 490 2491 443 1679 94 131
leaf_count=1483 490 2491 443 1679 94 131
internal_value=3.82862e-05 -0.00179556 0.00892929 -0.00412837 0.0126535 0.0146793
internal_weight=6811 5653 1158 3162 668 574
internal_count=6811 5653 1158 3162 668 574
is_linear=0
shrinkage=0.01


Tree=179
num_leaves=7
num_cat=0
split_feature=9 7 4 2 9 7
split_gain=717.491 468.625 295.505 202.525 165.182 164.095
threshold=-0.0019765195834814246 310.8087000000001 0.090972607033255992 0.52273094494268624 -0.0095501684036488378 1697.5800000000002
decision_type=2 2 2 2 2 2
left_child=4 2 -2 -3 -1 -5
right_child=1 3 -4 5 -6 -7
leaf_value=-0.0067339070423916517 -0.00036471839515781249 0.017135971548900539 0.0066363149249993071 0.0088158241347135874 -0.0018261156732779901 -0.0076729740823308626
leaf_weight=1109 2501 270 784 279 1800 68
leaf_count=1109 2501 270 784 279 1800 68
internal_value=3.81569e-05 0.00283762 0.00132122 0.0107613 -0.00371378 0.00546017
internal_weight=6811 3902 3285 617 2909 347
internal_count=6811 3902 3285 617 2909 347
is_linear=0
shrinkage=0.01


Tree=180
num_leaves=7
num_cat=0
split_feature=10 2 14 8 8 16
split_gain=874.582 419.301 324.595 243.638 226.598 200.545
threshold=0.022009118257899463 0.51691794760825449 0.17021881020370608 1206.5000000000002 1470.5000000000002 233.05000000000004
decision_type=2 2 2 2 2 10
left_child=2 3 -1 5 -4 -2
right_child=1 -3 4 -5 -6 -7
leaf_value=0.016027299032945683 0.020193230526457571 -0.0037139180775917547 0.011168205407356807 0.00035560510841244503 0.00022532698632212432 0.0041132778102966183
leaf_weight=342 106 3491 296 1823 497 256
leaf_count=342 106 3491 296 1823 497 256
internal_value=3.80098e-05 -0.00156772 0.00801163 0.00186258 0.00439815 0.00923803
internal_weight=6811 5676 1135 2185 793 362
internal_count=6811 5676 1135 2185 793 362
is_linear=0
shrinkage=0.01


Tree=181
num_leaves=7
num_cat=0
split_feature=10 10 10 13 5 15
split_gain=857.673 296.189 175.911 203.284 160.288 147.525
threshold=0.025593909851723873 0.051132097672194635 0.019796903093877095 46.681621175590799 1.8143995640943189 3.9907509541349477
decision_type=2 2 2 2 2 2
left_child=2 5 3 4 -1 -2
right_child=1 -3 -4 -5 -6 -7
leaf_value=0.010078923237485007 0.00030018843110213154 -0.0060858001508828268 0.0032065698888830165 -0.00092122308125931632 0.027258784881595412 -0.0050080254603629701
leaf_weight=560 3046 1344 1035 148 56 622
leaf_count=560 3046 1344 1035 148 56 622
internal_value=3.83388e-05 -0.00208839 0.00594217 0.0095588 0.0120512 -0.000611119
internal_weight=6811 5012 1799 764 616 3668
internal_count=6811 5012 1799 764 616 3668
is_linear=0
shrinkage=0.01


Tree=182
num_leaves=7
num_cat=0
split_feature=1 10 1 14 10 9
split_gain=869.174 319.753 308.041 195.898 209.483 189.722
threshold=1.4767567533508268 0.021234974916484069 1.0222594695054983 0.084800791438325959 0.025207744200995402 0.0073922268566882395
decision_type=2 2 2 2 2 2
left_child=2 -2 -1 4 -4 -3
right_child=1 5 3 -5 -6 -7
leaf_value=-0.0067738284174669932 0.010727789513281438 0.0015902700267756836 0.019564507858351218 -0.0016953051187879253 0.0018860968273487287 0.01777091759051402
leaf_weight=1165 724 1293 76 3170 316 67
leaf_count=1165 724 1293 76 3170 316 67
internal_value=3.8378e-05 0.00540338 -0.00233331 -0.000866085 0.00571496 0.0025113
internal_weight=6811 2084 4727 3562 392 1360
internal_count=6811 2084 4727 3562 392 1360
is_linear=0
shrinkage=0.01


Tree=183
num_leaves=7
num_cat=0
split_feature=1 10 5 8 15 15
split_gain=852.867 416.779 184.498 183.461 159.824 149.372
threshold=1.2183779978204947 0.019796903093877095 1.2001537305020842 2393.0000000000005 1.0477024586221126 1.028211211583139
decision_type=2 2 2 2 2 2
left_child=4 3 -3 -2 5 -1
right_child=1 2 -4 -5 -6 -7
leaf_value=-0.0028167361380420468 0.011899660351628899 0.00051644749918446022 0.0073623870446880334 -0.0020372319857970222 -0.0062615292586095765 0.0070899708532537751
leaf_weight=1128 619 2779 449 108 1562 166
leaf_count=1128 619 2779 449 108 1562 166
internal_value=3.86257e-05 0.00304267 0.00148848 0.00982971 -0.00411749 -0.00150124
internal_weight=6811 3955 3228 727 2856 1294
internal_count=6811 3955 3228 727 2856 1294
is_linear=0
shrinkage=0.01


Tree=184
num_leaves=7
num_cat=0
split_feature=1 2 10 17 1 1
split_gain=838.346 509.218 307.794 259.227 142.733 119.023
threshold=1.4767567533508268 0.45718088643225846 0.021234974916484069 179.3900000000003 1.166333093463247 1.0295897279408155
decision_type=2 2 2 8 2 2
left_child=1 3 -2 -1 -3 -5
right_child=2 4 -4 5 -6 -7
leaf_value=0.020003583480914435 0.010531386807158068 -0.0067968539599163793 0.0024699319536716129 -0.0041198766609688428 -0.0024772376784014268 0.0026841738959179802
leaf_weight=68 724 1562 1360 313 1525 1259
leaf_count=68 724 1562 1360 313 1525 1259
internal_value=3.84704e-05 -0.00229078 0.00530747 0.0022035 -0.00467782 0.00131194
internal_weight=6811 4727 2084 1640 3087 1572
internal_count=6811 4727 2084 1640 3087 1572
is_linear=0
shrinkage=0.01


Tree=185
num_leaves=7
num_cat=0
split_feature=0 2 13 8 21 12
split_gain=1028.33 369.288 204.816 245.338 211.812 178.522
threshold=1.0347645279323363 0.51691794760825449 14.6927931305238 2403.5000000000005 17.541666666666696 0.043168965606746455
decision_type=2 2 2 2 8 2
left_child=1 -1 4 -4 -2 -3
right_child=2 5 3 -5 -6 -7
leaf_value=0.001467301256738939 0.0092176670745874826 -0.0015685920612011179 0.014686454768727042 -0.0019618983029587463 -0.0038058617642049548 -0.006128871427497587
leaf_weight=2206 276 1796 566 102 214 1651
leaf_count=2206 276 1796 566 102 214 1651
internal_value=3.84125e-05 -0.00172371 0.00858168 0.0121529 0.00356748 -0.00376423
internal_weight=6811 5653 1158 668 490 3447
internal_count=6811 5653 1158 668 490 3447
is_linear=0
shrinkage=0.01


Tree=186
num_leaves=7
num_cat=0
split_feature=0 0 14 14 14 8
split_gain=1008.2 350.082 206.638 142.616 139 159.611
threshold=1.0347645279323363 0.87034476625818791 2.6190311519793492 2.6415040341048548 0.074840578291907767 936.00000000000011
decision_type=2 2 2 2 2 2
left_child=1 -1 4 -3 -2 -6
right_child=2 3 -4 -5 5 -7
leaf_value=-0.0039103065024784682 0.017783622068486042 0.0017651898351297662 -0.0098048619461841274 -0.007338582356310179 0.015346018899164107 0.0054511026310932499
leaf_weight=3162 165 2315 51 176 209 733
leaf_count=3162 165 2315 51 176 209 733
internal_value=3.8203e-05 -0.00170659 0.00849742 0.0010952 0.00942084 0.00778461
internal_weight=6811 5653 1158 2491 1107 942
internal_count=6811 5653 1158 2491 1107 942
is_linear=0
shrinkage=0.01


Tree=187
num_leaves=7
num_cat=0
split_feature=0 0 20 12 8 17
split_gain=988.651 343.101 176.12 142.016 141.394 129.319
threshold=1.0347645279323363 0.87034476625818791 39.200000000000024 0.87770219997576671 1421.0000000000002 179.3900000000003
decision_type=2 2 8 2 2 8
left_child=1 -1 4 5 -2 -3
right_child=2 3 -4 -5 -6 -7
leaf_value=-0.0038713267240539162 0.014143036872211221 0.013395651395204574 -0.007463955151025152 -0.004103375327434669 0.0065073363363488592 0.0016070206395504211
leaf_weight=3162 391 88 59 427 708 1976
leaf_count=3162 391 88 59 427 708 1976
internal_value=3.81038e-05 -0.00168969 0.00841491 0.00108402 0.00932698 0.0021718
internal_weight=6811 5653 1158 2491 1099 2064
internal_count=6811 5653 1158 2491 1099 2064
is_linear=0
shrinkage=0.01


Tree=188
num_leaves=7
num_cat=0
split_feature=1 4 15 15 15 15
split_gain=793.268 314.436 151.277 150.646 164.838 146.914
threshold=1.2183779978204947 0.090972607033255992 1.0477024586221126 3.9907509541349477 2.9954271467386042 1.5929305466260053
decision_type=2 2 2 2 2 2
left_child=2 3 -1 4 -2 -3
right_child=1 5 -4 -5 -6 -7
leaf_value=-0.0014252699181181985 0.0015318679400206901 0.01153279527209713 -0.0060561047349640277 -0.0035491166826375205 0.0091059399703971849 0.0020935841592316352
leaf_weight=1294 2378 529 1562 485 318 245
leaf_count=1294 2378 529 1562 485 318 245
internal_value=3.80191e-05 0.0029352 -0.00397025 0.00153182 0.0024556 0.00860975
internal_weight=6811 3955 2856 3181 2696 774
internal_count=6811 3955 2856 3181 2696 774
is_linear=0
shrinkage=0.01


Tree=189
num_leaves=7
num_cat=0
split_feature=0 2 22 12 11 9
split_gain=958.158 356.169 185.557 169.435 140.891 115.22
threshold=1.0347645279323363 0.51691794760825449 10.00000000000003 0.043168965606746455 0.016450621926446751 0.0063965529412258497
decision_type=2 2 8 2 2 2
left_child=1 4 -2 5 -1 -3
right_child=2 3 -4 -5 -6 -7
leaf_value=0.0073530090548271356 0.0093266652196807333 -0.0020207303448469389 -0.0064634969888299892 -0.0059707489822938484 0.00038760113734422861 0.011167530514758781
leaf_weight=334 1085 1737 73 1651 1872 59
leaf_count=334 1085 1737 73 1651 1872 59
internal_value=3.78329e-05 -0.00166311 0.00828444 -0.00366707 0.00147062 -0.00152805
internal_weight=6811 5653 1158 3447 2206 1796
internal_count=6811 5653 1158 3447 2206 1796
is_linear=0
shrinkage=0.01


Tree=190
num_leaves=7
num_cat=0
split_feature=0 1 15 15 5 0
split_gain=939.101 339.253 219.74 206.741 208.254 131.509
threshold=1.0347645279323363 1.0222594695054983 0.67530357215401604 3.9907509541349477 1.7821895712633917 1.2320819950650408
decision_type=2 2 2 2 2 2
left_child=1 -1 5 4 -3 -2
right_child=2 3 -4 -5 -6 -7
leaf_value=-0.0064350356715068358 0.010949115590179895 0.00033186421001208099 0.0047655009575359097 -0.0046936111900946079 0.017630456123553531 0.026547242125143877
leaf_weight=1163 363 3543 731 886 61 64
leaf_count=1163 363 3543 731 886 61 64
internal_value=3.76566e-05 -0.00164628 0.00820184 -0.000394355 0.000672628 0.013841
internal_weight=6811 5653 1158 4490 3604 427
internal_count=6811 5653 1158 4490 3604 427
is_linear=0
shrinkage=0.01


Tree=191
num_leaves=7
num_cat=0
split_feature=1 4 2 2 1 15
split_gain=757.733 301.518 280.525 191.788 206.236 142.264
threshold=1.2183779978204947 0.090972607033255992 0.40801796184670064 0.49995325348859482 1.6785107674170616 1.5929305466260053
decision_type=2 2 2 2 2 2
left_child=2 3 -1 -2 -5 -3
right_child=1 5 -4 4 -6 -7
leaf_value=0.00097669002643120824 0.0054838430644731442 0.011302522350956232 -0.0058909239645991741 -0.0020347106159472632 0.0043521331789513193 0.0020162929053801825
leaf_weight=838 865 529 2018 1586 730 245
leaf_count=838 865 529 2018 1586 730 245
internal_value=3.79998e-05 0.00286955 -0.00387947 0.00149531 -1.15303e-05 0.00842629
internal_weight=6811 3955 2856 3181 2316 774
internal_count=6811 3955 2856 3181 2316 774
is_linear=0
shrinkage=0.01


Tree=192
num_leaves=7
num_cat=0
split_feature=1 15 13 15 20 1
split_gain=743.172 296.144 261.804 199.771 437.685 182.813
threshold=1.4767567533508268 1.0477024586221126 16.265073570448624 1.028211211583139 31.700000000000021 1.0400363698057971
decision_type=2 2 2 2 10 2
left_child=1 3 -2 5 -5 -1
right_child=2 -3 -4 4 -6 -7
leaf_value=-0.0061710695178692036 0.0012616920371112531 -0.0046256952917385534 0.0083577961987434304 0.02534211980140939 -0.00060036776672661458 0.00089753404704176574
leaf_weight=464 993 2387 1091 88 192 1596
leaf_count=464 993 2387 1091 88 192 1596
internal_value=3.78574e-05 -0.0021552 0.00499876 0.000373875 0.0081457 -0.000716738
internal_weight=6811 4727 2084 2340 280 2060
internal_count=6811 4727 2084 2340 280 2060
is_linear=0
shrinkage=0.01


Tree=193
num_leaves=7
num_cat=0
split_feature=1 1 2 7 2 15
split_gain=731.861 274.528 351.981 595.582 273.568 130.194
threshold=1.2183779978204947 2.0000022500218573 0.50833443310811122 357.75855000000007 0.41508330388366005 0.16141001749377407
decision_type=2 2 2 2 2 2
left_child=4 2 3 -2 -1 -3
right_child=1 5 -4 -5 -6 -7
leaf_value=0.00091999247659933412 0.0030706504532696543 0.019477120724563698 -0.00089955468949051969 0.023420684268240798 -0.0058253307253315354 0.0066777184302044502
leaf_weight=854 1070 88 2064 157 2002 576
leaf_count=854 1070 88 2064 157 2002 576
internal_value=3.78375e-05 0.00282063 0.00162432 0.00584281 -0.00381217 0.00863784
internal_weight=6811 3955 3291 1227 2856 664
internal_count=6811 3955 3291 1227 2856 664
is_linear=0
shrinkage=0.01


Tree=194
num_leaves=7
num_cat=0
split_feature=0 1 14 15 21 14
split_gain=888.924 318.28 216.235 212.448 229.296 247.84
threshold=1.0347645279323363 1.0222594695054983 0.60584244387253006 0.67530357215401604 17.894166666666688 0.53559369914270161
decision_type=2 2 2 2 8 2
left_child=1 -1 -3 -2 5 -5
right_child=3 2 -4 4 -6 -7
leaf_value=-0.0062385670475118681 0.013525039495376007 0.0021313346257301655 -0.0022909237065035534 0.016431111360735228 -0.0048953950752315982 0.0025691882269599665
leaf_weight=1163 427 1932 2558 199 183 349
leaf_count=1163 427 1932 2558 199 183 349
internal_value=3.81458e-05 -0.00160019 -0.000387564 0.00798123 0.00460409 0.00780724
internal_weight=6811 5653 4490 1158 731 548
internal_count=6811 5653 4490 1158 731 548
is_linear=0
shrinkage=0.01


Tree=195
num_leaves=7
num_cat=0
split_feature=1 2 7 17 10 1
split_gain=707.709 451.098 383.905 317.874 275.474 125.28
threshold=1.4767567533508268 0.45718088643225846 666.19845000000009 249.69666666666669 0.021234974916484069 1.0295897279408155
decision_type=2 2 2 10 2 2
left_child=1 2 5 -4 -2 -1
right_child=4 -3 3 -5 -6 -7
leaf_value=-0.0053110120661967871 0.0098206362245676256 -0.0043487681281831978 0.031966483464112155 0.0039643946332665525 0.0021960857901110378 0.0019242889406416606
leaf_weight=289 724 3087 64 97 1360 1190
leaf_count=289 724 3087 64 97 1360 1190
internal_value=3.80756e-05 -0.00210202 0.0021278 0.0163141 0.00487917 0.000484321
internal_weight=6811 4727 1640 161 2084 1479
internal_count=6811 4727 1640 161 2084 1479
is_linear=0
shrinkage=0.01


Tree=196
num_leaves=7
num_cat=0
split_feature=0 0 13 21 0 7
split_gain=860.739 299.331 185.706 197.542 153.978 124.08
threshold=1.0347645279323363 0.87034476625818791 14.6927931305238 17.541666666666696 1.2673108119294263 24.973650000000003
decision_type=2 2 2 8 2 2
left_child=1 -1 3 -2 -4 -3
right_child=2 5 4 -5 -6 -7
leaf_value=-0.0036116077094171112 0.0085490863440701587 -0.0019242496051459161 0.0091813183769297157 -0.0040208629692954547 0.023768593322899604 0.0026966658127389846
leaf_weight=3162 276 905 588 214 80 1586
leaf_count=3162 276 905 588 214 80 1586
internal_value=3.82844e-05 -0.00157387 0.00785442 0.00308873 0.0112531 0.00101687
internal_weight=6811 5653 1158 490 668 2491
internal_count=6811 5653 1158 490 668 2491
is_linear=0
shrinkage=0.01


Tree=197
num_leaves=7
num_cat=0
split_feature=10 14 2 17 8 11
split_gain=683.903 360.297 255.363 244.814 189.191 144.82
threshold=0.025593909851723873 0.16671796612294185 0.51691794760825449 212.31999999999985 1391.0000000000002 0.019029298680714544
decision_type=2 2 2 10 2 2
left_child=1 3 -2 -1 -3 -4
right_child=2 4 5 -5 -6 -7
leaf_value=0.029578160751788391 0.0010606430017090799 0.0091832881005072982 -0.0013912929244938386 0.0093004625077638438 0.00096919508467272039 -0.005692164908948809
leaf_weight=74 1871 369 1537 267 1089 1604
leaf_count=74 1871 369 1537 267 1089 1604
internal_value=3.84094e-05 0.00531034 -0.0018607 0.0144182 0.00309647 -0.00359869
internal_weight=6811 1799 5012 341 1458 3141
internal_count=6811 1799 5012 341 1458 3141
is_linear=0
shrinkage=0.01


Tree=198
num_leaves=7
num_cat=0
split_feature=0 1 14 14 20 20
split_gain=836.552 302.764 207.374 194.896 174.119 128.47
threshold=1.0347645279323363 1.0222594695054983 0.60584244387253006 2.6190311519793492 39.200000000000024 37.900000000000041
decision_type=2 2 2 2 10 10
left_child=1 -1 5 4 -2 -3
right_child=3 2 -4 -5 -6 -7
leaf_value=-0.0060745858447259025 0.0095756764493427991 0.0028867833756573082 -0.0022319870720184272 -0.0099907193192448774 -0.0073965044379401112 -0.0061790034465957436
leaf_weight=1163 1050 1770 2558 51 57 162
leaf_count=1163 1050 1770 2558 51 57 162
internal_value=3.86558e-05 -0.00155069 -0.000368013 0.00774419 0.00864338 0.00209871
internal_weight=6811 5653 4490 1158 1107 1932
internal_count=6811 5653 4490 1158 1107 1932
is_linear=0
shrinkage=0.01


Tree=199
num_leaves=7
num_cat=0
split_feature=0 0 12 20 1 12
split_gain=820.292 304.377 229.551 204.311 186.582 111.846
threshold=0.90379183168600441 1.2320819950650408 3.0955143270297065 38.500000000000036 1.0001537726444767 1.1839263696174613
decision_type=2 2 2 10 2 2
left_child=4 2 3 -2 -1 -3
right_child=1 5 -4 -5 -6 -7
leaf_value=-0.006625946201390418 0.0046183354990389633 0.021323928287535234 -0.0069100798940582376 -0.0054559248599062807 -0.0016702252218304564 0.0076169028724141332
leaf_weight=1044 2321 112 210 212 2760 152
leaf_count=1044 2321 112 210 212 2760 152
internal_value=3.79847e-05 0.00393416 0.00291824 0.00375703 -0.00304412 0.013998
internal_weight=6811 3007 2743 2533 3804 264
internal_count=6811 3007 2743 2533 3804 264
is_linear=0
shrinkage=0.01


Tree=200
num_leaves=7
num_cat=0
split_feature=0 1 9 10 20 5
split_gain=807.552 291.314 188.129 177.616 97.4743 104.322
threshold=1.0347645279323363 1.1123947530099836 0.0045037110188720494 0.039153429752138071 34.10000000000003 0.68143567109797709
decision_type=2 2 2 2 10 2
left_child=1 -1 4 -2 5 -3
right_child=3 2 -4 -5 -6 -7
leaf_value=-0.0047194458602001707 0.0092140137438685189 -0.0036044298761273518 0.0059287223536552656 -0.0017763144264840546 -0.0034102548525160254 0.001473084663479806
leaf_weight=1887 989 510 471 169 970 1815
leaf_count=1887 989 510 471 169 970 1815
internal_value=3.77939e-05 -0.00152376 8.57367e-05 0.0076086 -0.000764894 0.000348641
internal_weight=6811 5653 3766 1158 3295 2325
internal_count=6811 5653 3766 1158 3295 2325
is_linear=0
shrinkage=0.01


Tree=201
num_leaves=7
num_cat=0
split_feature=1 9 6 1 9 18
split_gain=650.006 277.399 185.676 246.294 130.619 129.775
threshold=1.2183779978204947 0.0061645734911028221 1.0000000180025095e-35 1.8762320912710326 -0.0049985876754595369 0.016746465958057712
decision_type=2 2 2 2 2 2
left_child=5 2 3 4 -2 -1
right_child=1 -3 -4 -5 -6 -7
leaf_value=-0.0050190675725994508 -0.0035784120693536149 0.011288090575939793 -0.0040477440878549896 0.0084422119699290605 0.0023684693017898008 -0.00041528018133249136
leaf_weight=1966 437 331 458 596 2133 890
leaf_count=1966 437 331 458 596 2133 890
internal_value=3.74615e-05 0.00266001 0.00184307 0.00270531 0.00134732 -0.00359087
internal_weight=6811 3955 3624 3166 2570 2856
internal_count=6811 3955 3624 3166 2570 2856
is_linear=0
shrinkage=0.01


Tree=202
num_leaves=7
num_cat=0
split_feature=0 0 12 2 18 2
split_gain=781.447 238.502 202.642 179.28 193.685 111.233
threshold=0.95233751168472891 1.2320819950650408 0.41128054450105994 0.52818016112040167 0.005582497967218999 0.41162616783864103
decision_type=2 2 2 2 2 2
left_child=2 3 5 -2 -5 -1
right_child=1 -3 -4 4 -6 -7
leaf_value=0.0026217381833048515 0.0068560467723891008 0.01372080296485338 -0.0049429353312644775 0.0044410799386226862 -0.0044269406829877183 -0.0018169009297412605
leaf_weight=759 918 264 1761 578 414 2117
leaf_count=759 918 264 1761 578 414 2117
internal_value=3.72194e-05 0.00497081 -0.00228155 0.00369622 0.000732866 -0.000640482
internal_weight=6811 2174 4637 1910 992 2876
internal_count=6811 2174 4637 1910 992 2876
is_linear=0
shrinkage=0.01


Tree=203
num_leaves=7
num_cat=0
split_feature=0 1 14 14 7 20
split_gain=769.093 281.151 198.02 189.411 180.642 168.725
threshold=1.0347645279323363 1.0222594695054983 0.60584244387253006 2.6190311519793492 25.233750000000004 37.800000000000018
decision_type=2 2 2 2 2 10
left_child=1 -1 4 -2 -3 -6
right_child=3 2 -4 -5 5 -7
leaf_value=-0.0058462640412616489 0.0083128675011623632 -0.0019978996986667343 -0.0021686385355164264 -0.010042452236912289 0.0056693692064107692 -0.0056620856089554484
leaf_weight=1163 1107 695 2558 51 1096 141
leaf_count=1163 1107 695 2558 51 1096 141
internal_value=3.70884e-05 -0.00148683 -0.000347163 0.00742541 0.00206325 0.0043427
internal_weight=6811 5653 4490 1158 1932 1237
internal_count=6811 5653 4490 1158 1932 1237
is_linear=0
shrinkage=0.01


Tree=204
num_leaves=7
num_cat=0
split_feature=0 0 14 12 21 0
split_gain=755.997 284.743 223.755 193.361 152.208 131.231
threshold=0.90379183168600441 1.2320819950650408 2.6415040341048548 1.1839263696174613 23.797500000000039 1.0285039011068855
decision_type=2 2 2 2 8 2
left_child=-1 2 3 4 5 -2
right_child=1 -3 -4 -5 -6 -7
leaf_value=-0.0029223062709399011 0.0033225894145089037 0.013510517505588975 -0.0083142957067912256 -0.0049601059532686466 -0.0033176156227338188 0.0085389875866699778
leaf_weight=3804 1364 264 161 236 225 757
leaf_count=3804 1364 264 161 236 225 757
internal_value=3.65455e-05 0.00377692 0.00279443 0.00351652 0.00438667 0.00521569
internal_weight=6811 3007 2743 2582 2346 2121
internal_count=6811 3007 2743 2582 2346 2121
is_linear=0
shrinkage=0.01


Tree=205
num_leaves=7
num_cat=0
split_feature=0 0 7 2 10 7
split_gain=741.035 279.347 212.886 232.927 238.755 236.701
threshold=0.90379183168600441 1.2320819950650408 27.407250000000005 0.50543827068699887 0.021234974916484069 565.2225000000002
decision_type=2 2 2 2 2 2
left_child=-1 2 -2 5 -5 -4
right_child=1 -3 3 4 -6 -7
leaf_value=-0.0028931598212274044 -0.0010820760023138721 0.013380343129341728 0.0051338006165083296 0.0080611484279980265 -0.0018729549740735246 0.017298890327934552
leaf_weight=3804 941 264 536 365 674 227
leaf_count=3804 941 264 536 365 674 227
internal_value=3.62659e-05 0.00373944 0.00276632 0.00477082 0.00166047 0.00893
internal_weight=6811 3007 2743 1802 1039 763
internal_count=6811 3007 2743 1802 1039 763
is_linear=0
shrinkage=0.01


Tree=206
num_leaves=7
num_cat=0
split_feature=10 7 10 7 17 10
split_gain=609.58 290.726 271.499 144.68 174.88 130.609
threshold=0.022009118257899463 27.407250000000005 0.051132097672194635 36.914400000000008 206.49000000000007 0.03225325646719001
decision_type=2 2 2 2 8 2
left_child=1 -1 3 -2 5 -5
right_child=2 -3 -4 4 -6 -7
leaf_value=-0.00089214548165066825 -0.0020294241389461603 0.010030340024524007 -0.0052126648803856946 0.014480661910697164 0.00062924668239527025 -4.1821216032883834e-05
leaf_weight=349 2023 786 1344 161 2051 97
leaf_count=349 2023 786 1344 161 2051 97
internal_value=3.64607e-05 0.00669334 -0.00130411 -8.22717e-05 0.0016251 0.00922283
internal_weight=6811 1135 5676 4332 2309 258
internal_count=6811 1135 5676 4332 2309 258
is_linear=0
shrinkage=0.01


Tree=207
num_leaves=7
num_cat=0
split_feature=1 4 14 14 17 14
split_gain=599.191 257.875 162.776 139.921 227.845 123.479
threshold=1.2183779978204947 0.090972607033255992 2.6415040341048548 0.084800791438325959 248.8200000000005 2.2110839337315658
decision_type=2 2 2 2 10 2
left_child=3 2 -2 4 -1 -3
right_child=1 5 -4 -5 -6 -7
leaf_value=0.01771128900254829 0.001876071746733689 0.0088994698853204282 -0.0072567119010006698 -0.0041641771499360851 -0.0022313203922701332 -0.0048996913204590485
leaf_weight=69 2982 709 199 2585 202 65
leaf_count=69 2982 709 199 2585 202 65
internal_value=3.63448e-05 0.0025543 0.00128378 -0.00344727 0.00329591 0.00769291
internal_weight=6811 3955 3181 2856 271 774
internal_count=6811 3955 3181 2856 271 774
is_linear=0
shrinkage=0.01


Tree=208
num_leaves=7
num_cat=0
split_feature=1 5 12 12 17 22
split_gain=587.182 252.797 139.33 129.824 147.448 113.449
threshold=1.2183779978204947 1.2001537305020842 3.0955143270297065 0.41128054450105994 179.3900000000003 10.700000000000019
decision_type=2 2 2 2 8 10
left_child=3 2 5 4 -1 -2
right_child=1 -3 -4 -5 -6 -7
leaf_value=0.011467955816628001 0.0026934766923318093 0.0076164917170624871 -0.0043212698911171471 -0.0059868345861383131 -0.0022853370330032517 -0.0041358666819761745
leaf_weight=72 2539 774 382 1155 1629 260
leaf_count=72 2539 774 382 1155 1629 260
internal_value=3.6127e-05 0.00252872 0.00127078 -0.00341241 -0.00163956 0.00204663
internal_weight=6811 3955 3181 2856 1701 2799
internal_count=6811 3955 3181 2856 1701 2799
is_linear=0
shrinkage=0.01


Tree=209
num_leaves=7
num_cat=0
split_feature=10 2 1 13 1 13
split_gain=584.054 328.72 196.256 167.582 154.586 141.565
threshold=0.022009118257899463 0.51691794760825449 1.5977846757459158 35.931460387583243 2.0592184015903956 0.2319236207670258
decision_type=2 2 2 2 2 2
left_child=3 5 -3 -1 -5 -2
right_child=1 2 -4 4 -6 -7
leaf_value=0.010302508239904975 -0.0034010337462951974 -0.0043526630049536734 0.0015737681829654465 -0.00025159178148200092 0.012121067641174977 0.0030010649425635102
leaf_weight=575 420 2799 692 439 121 1765
leaf_count=575 420 2799 692 439 121 1765
internal_value=3.58398e-05 -0.00127636 -0.00317676 0.00655184 0.00258754 0.00176057
internal_weight=6811 5676 3491 1135 560 2185
internal_count=6811 5676 3491 1135 560 2185
is_linear=0
shrinkage=0.01


Tree=210
num_leaves=7
num_cat=0
split_feature=9 14 12 4 14 20
split_gain=474.41 283.481 234.525 159.825 123.421 228.008
threshold=-0.0019765195834814246 2.6415040341048548 2.9727379293480429 0.18656624285611448 0.084800791438325959 31.600000000000026
decision_type=2 2 2 2 2 10
left_child=-1 2 3 4 5 -2
right_child=1 -3 -4 -5 -6 -7
leaf_value=-0.0030151179958987245 0.012054688520019211 -0.0075127884258183036 -0.0037817204008022782 0.01052689272329666 0.0022507292978361164 -0.0027761835386780533
leaf_weight=2909 344 264 435 326 2391 142
leaf_count=2909 344 264 435 326 2391 142
internal_value=3.57598e-05 0.00231213 0.00304374 0.00397959 0.0032038 0.00775278
internal_weight=6811 3902 3638 3203 2877 486
internal_count=6811 3902 3638 3203 2877 486
is_linear=0
shrinkage=0.01


Tree=211
num_leaves=7
num_cat=0
split_feature=10 1 1 9 17 19
split_gain=565.991 302.945 156.724 133.465 98.1533 98.7163
threshold=0.022009118257899463 1.0222594695054983 2.6141983541295102 0.0038312816140316981 175.8866666666672 283.44985136304598
decision_type=2 2 2 2 10 10
left_child=2 -2 4 -3 -1 -6
right_child=1 3 -4 -5 5 -7
leaf_value=0.014680351863056423 -0.005815636444018937 -0.00080154672529715045 0.017838880537027441 0.0040231258574393016 -0.0062276019953018012 0.0050941242555056646
leaf_weight=90 1150 3863 101 663 76 868
leaf_count=90 1150 3863 101 663 76 868
internal_value=3.55158e-05 -0.00125624 0.00644997 -8.74839e-05 0.0051773 0.0041269
internal_weight=6811 5676 1135 4526 1034 944
internal_count=6811 5676 1135 4526 1034 944
is_linear=0
shrinkage=0.01


Tree=212
num_leaves=7
num_cat=0
split_feature=0 15 7 15 21 7
split_gain=684.946 254.724 205.042 196.717 203.234 230.08
threshold=1.0347645279323363 3.9907509541349477 24.973650000000003 0.67530357215401604 17.894166666666688 464.52510000000007
decision_type=2 2 2 2 8 2
left_child=1 2 -1 -2 5 -5
right_child=3 -3 -4 4 -6 -7
leaf_value=-0.0026528772974354319 0.012335273632758405 -0.0052686704293334182 0.001703694630918522 0.0020068568982789794 -0.0051543677618505115 0.01552600982361378
leaf_weight=1939 427 1300 2414 362 183 186
leaf_count=1939 427 1300 2414 362 183 186
internal_value=3.55828e-05 -0.00140255 -0.000238529 0.00700802 0.00377174 0.00679149
internal_weight=6811 5653 4353 1158 731 548
internal_count=6811 5653 4353 1158 731 548
is_linear=0
shrinkage=0.01


Tree=213
num_leaves=7
num_cat=0
split_feature=0 15 4 15 14 0
split_gain=671.675 249.693 201.785 192.853 151.538 149.876
threshold=1.0347645279323363 3.9907509541349477 0.28227252034324135 0.67530357215401604 1.4132319870649537 0.87034476625818791
decision_type=2 2 2 2 2 2
left_child=1 2 5 -2 -5 -1
right_child=3 -3 -4 4 -6 -7
leaf_value=-0.0024328633757110798 0.012214743564207984 -0.005216385914600421 0.0163670709134183 0.0058743158019014556 -0.0056184545086397156 0.0012982113672287757
leaf_weight=2082 427 1300 62 598 133 2209
leaf_count=2082 427 1300 62 598 133 2209
internal_value=3.54981e-05 -0.00138864 -0.000236165 0.00694006 0.00373569 -0.000513559
internal_weight=6811 5653 4353 1158 731 4291
internal_count=6811 5653 4353 1158 731 4291
is_linear=0
shrinkage=0.01


Tree=214
num_leaves=7
num_cat=0
split_feature=0 2 15 21 0 10
split_gain=658.451 288.951 189.141 199.731 122.514 115.741
threshold=1.0347645279323363 0.51691794760825449 0.67530357215401604 17.894166666666688 1.2320819950650408 0.025593909851723873
decision_type=2 2 2 8 2 2
left_child=1 5 4 -4 -2 -1
right_child=2 -3 3 -5 -6 -7
leaf_value=0.0055036900268975739 0.0093605945074940779 -0.0031796704145053735 0.0066922957725000093 -0.0051492846551606996 0.024245733249227741 0.00015894487469091605
leaf_weight=524 363 3447 548 183 64 1682
leaf_count=524 363 3447 548 183 64 1682
internal_value=3.54728e-05 -0.00137457 0.00687173 0.00369837 0.0120954 0.00144761
internal_weight=6811 5653 1158 731 427 2206
internal_count=6811 5653 1158 731 427 2206
is_linear=0
shrinkage=0.01


Tree=215
num_leaves=7
num_cat=0
split_feature=0 0 12 1 5 8
split_gain=648.48 260.12 204.251 161.719 141.004 156.633
threshold=0.90379183168600441 1.2320819950650408 3.0955143270297065 1.0001537726444767 0.99991965424749385 1422.5000000000002
decision_type=2 2 2 2 2 2
left_child=3 2 4 -1 -2 -6
right_child=1 -3 -4 -5 5 -7
leaf_value=-0.0060389656636468973 0.0011091231055456166 0.012802077194635015 -0.0067065985858101741 -0.0014262531422270779 0.011125906459055842 0.0033204945440028118
leaf_weight=1044 1338 264 210 2760 374 821
leaf_count=1044 1338 264 210 2760 374 821
internal_value=3.56698e-05 0.00349987 0.00256132 -0.00270472 0.00335304 0.00583542
internal_weight=6811 3007 2743 3804 2533 1195
internal_count=6811 3007 2743 3804 2533 1195
is_linear=0
shrinkage=0.01


Tree=216
num_leaves=7
num_cat=0
split_feature=0 0 12 22 15 10
split_gain=635.765 255.163 200.334 150.986 121.322 117.267
threshold=0.90379183168600441 1.2320819950650408 3.0955143270297065 10.00000000000003 0.74691187563582562 0.066135301356038775
decision_type=2 2 2 8 2 2
left_child=5 2 3 -2 -3 -1
right_child=1 4 -4 -5 -6 -7
leaf_value=-0.0019161068628877668 0.0041236907789562365 0.023925319648272284 -0.0066425810833884913 -0.0039880515696980954 0.0081118952953034926 -0.0067587024619296544
leaf_weight=3218 2286 64 210 247 200 586
leaf_count=3218 2286 64 210 247 200 586
internal_value=3.5521e-05 0.00346558 0.00253603 0.00332012 0.0126787 -0.00267787
internal_weight=6811 3007 2743 2533 264 3804
internal_count=6811 3007 2743 2533 264 3804
is_linear=0
shrinkage=0.01


Tree=217
num_leaves=7
num_cat=0
split_feature=1 10 9 6 1 1
split_gain=522.683 276.429 180.823 124.164 115.068 109.195
threshold=1.2183779978204947 0.019796903093877095 0.0069403480282166615 1.0000000180025095e-35 0.91321998132080828 2.6141983541295102
decision_type=2 2 2 2 2 2
left_child=4 5 3 -3 -1 -2
right_child=1 2 -4 -5 -6 -7
leaf_value=-0.0070515041551409323 0.0062277977728983028 0.0013639496676627375 0.010640755893682389 -0.0043279788678642654 -0.0021569783860732419 0.017580367982960667
leaf_weight=607 633 2611 178 439 2249 94
leaf_count=607 633 2611 178 439 2249 94
internal_value=3.54129e-05 0.00238712 0.00112171 0.000533219 -0.00321821 0.00791429
internal_weight=6811 3955 3228 3050 2856 727
internal_count=6811 3955 3228 3050 2856 727
is_linear=0
shrinkage=0.01


Tree=218
num_leaves=7
num_cat=0
split_feature=15 7 12 17 9 7
split_gain=447.8 401.38 344.177 318.008 252.442 245.446
threshold=3.9907509541349477 26.538750000000004 2.7234356899393952 202.11166666666676 -0.0014545454545454564 464.52510000000007
decision_type=2 2 2 8 2 2
left_child=1 -1 3 5 -5 -3
right_child=-2 2 -4 4 -6 -7
leaf_value=-0.0018101354375370433 -0.0050999425435849632 0.005290969085998516 -0.0038858748008588368 -0.0012294043865882401 0.0059452533244547046 0.02231820318553239
leaf_weight=2344 1350 178 500 708 1564 167
leaf_count=2344 1350 178 500 708 1564 167
internal_value=3.53854e-05 0.00131188 0.00365793 0.00510854 0.0037139 0.0139296
internal_weight=6811 5461 3117 2617 2272 345
internal_count=6811 5461 3117 2617 2272 345
is_linear=0
shrinkage=0.01


Tree=219
num_leaves=7
num_cat=0
split_feature=1 5 12 18 1 20
split_gain=506.87 220.481 121.992 118.41 127.207 98.5272
threshold=1.2183779978204947 1.2001537305020842 3.0955143270297065 0.016746465958057712 1.0267571530496451 40.300000000000018
decision_type=2 2 2 2 2 10
left_child=3 2 5 -1 -5 -2
right_child=1 -3 -4 4 -6 -7
leaf_value=-0.004532832489356018 0.0022957727355769047 0.0071026402019189697 -0.0040560009742953949 -0.0044735828773406596 0.0030865438473571477 -0.0068728986173504734
leaf_weight=1966 2686 774 382 378 512 113
leaf_count=1966 2686 774 382 378 512 113
internal_value=3.53472e-05 0.00235121 0.00117646 -0.00316869 -0.000138416 0.00190247
internal_weight=6811 3955 3181 2856 890 2799
internal_count=6811 3955 3181 2856 890 2799
is_linear=0
shrinkage=0.01


Tree=220
num_leaves=7
num_cat=0
split_feature=0 12 7 5 14 14
split_gain=605.454 219.431 280.603 169.059 167.894 122.573
threshold=1.0347645279323363 0.41128054450105994 24.973650000000003 1.4811187686848777 2.6190311519793492 0.074840578291907767
decision_type=2 2 2 2 2 2
left_child=1 2 -1 -4 5 -2
right_child=4 -3 3 -5 -6 -7
leaf_value=-0.0025470219969425524 0.0152234928542482 -0.0040271297798150146 0.0022745462707363228 0.017270453255859356 -0.0098265567128775558 0.0059167221964276182
leaf_weight=1912 165 1946 1726 69 51 942
leaf_count=1912 165 1946 1726 69 51 942
internal_value=3.48844e-05 -0.00131723 0.000112349 0.00294348 0.00659025 0.00742778
internal_weight=6811 5653 3707 1795 1158 1107
internal_count=6811 5653 3707 1795 1158 1107
is_linear=0
shrinkage=0.01


Tree=221
num_leaves=7
num_cat=0
split_feature=10 14 1 14 8 13
split_gain=493.682 274.579 267.175 185.776 167.738 113.402
threshold=0.022009118257899463 0.17021881020370608 1.0222594695054983 2.6415040341048548 1470.5000000000002 49.282620024754095
decision_type=2 2 2 2 2 2
left_child=1 -1 -2 -4 5 -3
right_child=2 4 3 -5 -6 -7
leaf_value=0.013385802920939485 -0.0054532965678993385 0.011694062988250709 0.0005305803865472108 -0.0068354158979109002 -0.00084582915632476702 -0.0028866548282471868
leaf_weight=342 1150 232 4163 363 497 64
leaf_count=342 1150 232 4163 363 497 64
internal_value=3.48916e-05 0.00602561 -0.00117153 -7.39634e-05 0.00272418 0.00855017
internal_weight=6811 1135 5676 4526 793 296
internal_count=6811 1135 5676 4526 793 296
is_linear=0
shrinkage=0.01


Tree=222
num_leaves=7
num_cat=0
split_feature=0 15 7 12 15 0
split_gain=587.534 225.478 189.524 212.222 181.403 115.68
threshold=1.0347645279323363 3.9907509541349477 24.973650000000003 0.87770219997576671 0.67530357215401604 1.2320819950650408
decision_type=2 2 2 2 2 2
left_child=1 2 -1 -4 5 -2
right_child=4 -3 3 -5 -6 -7
leaf_value=-0.0025234003877410596 0.0089546880254961422 -0.0049346726485270335 0.0034698199153129355 -0.0031609343467822958 0.0033891038334326424 0.023399847127698565
leaf_weight=1939 363 1300 1759 655 731 64
leaf_count=1939 363 1300 1759 655 731 64
internal_value=3.46833e-05 -0.00129727 -0.000202158 0.00166505 0.00649231 0.0116057
internal_weight=6811 5653 4353 2414 1158 427
internal_count=6811 5653 4353 2414 1158 427
is_linear=0
shrinkage=0.01


Tree=223
num_leaves=7
num_cat=0
split_feature=10 1 15 1 21 19
split_gain=477.984 259.705 161.876 141.579 132.525 102.983
threshold=0.022009118257899463 1.0222594695054983 3.9907509541349477 2.6141983541295102 17.72916666666676 290.18842251883024
decision_type=2 2 2 2 10 10
left_child=3 -2 4 -1 -3 -6
right_child=1 2 -4 -5 5 -7
leaf_value=0.004722531207084925 -0.0053738163806345508 0.0024585556058138521 -0.0038787037444801952 0.016746837681343964 -0.0097776935704803076 -0.00058863197086070395
leaf_weight=1034 1150 2139 886 101 124 1377
leaf_count=1034 1150 2139 886 101 124 1377
internal_value=3.47557e-05 -0.00115233 -7.02218e-05 0.00592945 0.000864875 -0.00140744
internal_weight=6811 5676 4526 1135 3640 1501
internal_count=6811 5676 4526 1135 3640 1501
is_linear=0
shrinkage=0.01


Tree=224
num_leaves=7
num_cat=0
split_feature=0 2 7 16 1 15
split_gain=570.81 270.902 235.04 305.961 182.431 178.263
threshold=1.0347645279323363 0.47701790849311437 357.75855000000007 269.85000000000008 1.2055387038653034 0.18319125436919845
decision_type=2 2 2 10 2 2
left_child=1 2 -1 -4 -3 -2
right_child=5 4 3 -5 -6 -7
leaf_value=0.00063044607171193956 0.017372806150102078 -0.0052214922493852177 0.026503368925960627 0.001269741868221663 -0.00082567978991195557 0.0049416896072528261
leaf_weight=1648 123 1702 75 113 2115 1035
leaf_count=1648 123 1702 75 113 2115 1035
internal_value=3.44713e-05 -0.00127839 0.0018712 0.0121665 -0.00279429 0.00639953
internal_weight=6811 5653 1836 188 3817 1158
internal_count=6811 5653 1836 188 3817 1158
is_linear=0
shrinkage=0.01


Tree=225
num_leaves=7
num_cat=0
split_feature=10 14 12 15 7 17
split_gain=463.916 267.445 244.362 142.641 185.349 206.906
threshold=0.022009118257899463 0.17021881020370608 2.9727379293480429 3.9907509541349477 24.973650000000003 207.78500000000108
decision_type=2 2 2 2 2 10
left_child=1 -1 3 4 -2 -6
right_child=2 -3 -4 -5 5 -7
leaf_value=0.013105292791521854 -0.0016782302393587832 0.0025854580430893846 -0.0051408249613231908 -0.0039382373574706579 0.010865706201575018 0.0015217949505878198
leaf_weight=342 1694 793 1191 774 265 1752
leaf_count=342 1694 793 1191 774 265 1752
internal_value=3.47815e-05 0.00584208 -0.00113471 -6.18043e-05 0.000755111 0.00279698
internal_weight=6811 1135 5676 4485 3711 2017
internal_count=6811 1135 5676 4485 3711 2017
is_linear=0
shrinkage=0.01


Tree=226
num_leaves=7
num_cat=0
split_feature=0 2 15 21 8 11
split_gain=553.539 264.589 175.913 187.402 127.385 122.681
threshold=1.0347645279323363 0.47701790849311437 0.67530357215401604 17.894166666666688 1279.5000000000002 0.016450621926446751
decision_type=2 2 2 8 2 2
left_child=1 5 -2 4 -4 -1
right_child=2 -3 3 -5 -6 -7
leaf_value=0.0085735570705389678 0.011337281887097714 -0.0027563036121787954 0.016499823241899109 -0.0053121380691315227 0.0038356785243873533 0.00085946872726181593
leaf_weight=227 427 3817 89 183 459 1609
leaf_count=227 427 3817 89 183 459 1609
internal_value=3.46876e-05 -0.00125816 0.00630271 0.00324855 0.00615128 0.0018545
internal_weight=6811 5653 1158 731 548 1836
internal_count=6811 5653 1158 731 548 1836
is_linear=0
shrinkage=0.01


Tree=227
num_leaves=7
num_cat=0
split_feature=1 7 10 10 1 22
split_gain=453.578 191.799 416.44 183.115 150.366 109.523
threshold=1.4445118306166871 464.52510000000007 0.025593909851723873 0.021234974916484069 1.0295897279408155 11.600000000000025
decision_type=2 2 2 2 2 10
left_child=1 4 -3 -2 -1 -5
right_child=3 2 -4 5 -6 -7
leaf_value=-0.0055764725841844498 0.0076711609222224059 0.025022260699886827 3.8458870371206873e-05 0.0026395967369043541 -0.0012901843427212561 -0.0055183590126739058
leaf_weight=1129 754 70 402 1337 2941 178
leaf_count=1129 754 70 402 1337 2941 178
internal_value=3.48251e-05 -0.00178851 0.00418595 0.00367655 -0.00248994 0.0016512
internal_weight=6811 4542 472 2269 4070 1515
internal_count=6811 4542 472 2269 4070 1515
is_linear=0
shrinkage=0.01


Tree=228
num_leaves=7
num_cat=0
split_feature=1 10 2 2 9 5
split_gain=445.323 237.983 207.562 207.392 146.191 103.587
threshold=1.2183779978204947 0.019796903093877095 0.51691794760825449 0.35694288435929511 0.0055455003779260308 1.8143995640943189
decision_type=2 2 2 2 2 2
left_child=3 5 -3 -1 -4 -2
right_child=1 2 4 -5 -6 -7
leaf_value=0.0018778545919031948 0.005813702539712611 0.0044713408253588887 -0.0014567402378264898 -0.0044555444925712196 0.010092454424513311 0.017486897658218967
leaf_weight=670 646 1128 1994 2186 106 81
leaf_count=670 646 1128 1994 2186 106 81
internal_value=3.48138e-05 0.00220552 0.00103144 -0.0029684 -0.000828712 0.00733392
internal_weight=6811 3955 3228 2856 2100 727
internal_count=6811 3955 3228 2856 2100 727
is_linear=0
shrinkage=0.01


Tree=229
num_leaves=7
num_cat=0
split_feature=0 15 7 12 15 7
split_gain=530.34 205.783 178.988 197.484 172.846 163.091
threshold=1.0347645279323363 3.9907509541349477 24.973650000000003 0.87770219997576671 0.18319125436919845 27.407250000000005
decision_type=2 2 2 2 2 2
left_child=1 2 -1 -4 -2 -6
right_child=4 -3 3 -5 5 -7
leaf_value=-0.0024401604831743007 0.016971635182941317 -0.0047054129459358444 0.0033711085596403248 -0.0030253835135748736 -0.003647707843692186 0.0065705622051602918
leaf_weight=1939 123 1300 1759 655 184 851
leaf_count=1939 123 1300 1759 655 184 851
internal_value=3.49617e-05 -0.00123051 -0.000184337 0.0016302 0.00617023 0.00473646
internal_weight=6811 5653 4353 2414 1158 1035
internal_count=6811 5653 4353 2414 1158 1035
is_linear=0
shrinkage=0.01


Tree=230
num_leaves=7
num_cat=0
split_feature=10 14 10 8 14 8
split_gain=428.297 258.95 205.401 158.503 152.941 105.629
threshold=0.022009118257899463 0.17021881020370608 0.051132097672194635 1470.5000000000002 2.6415040341048548 2305.5000000000005
decision_type=2 2 2 2 2 2
left_child=1 5 4 -3 -2 -1
right_child=2 3 -4 -5 -6 -7
leaf_value=0.022946029263105069 0.00053761638556135691 0.0080764389191480251 -0.0044885306549740014 -0.0010538780161352273 -0.0062593042706990737 0.0092241365803077333
leaf_weight=74 3981 296 1344 497 351 268
leaf_count=74 3981 296 1344 497 351 268
internal_value=3.4804e-05 0.00561472 -0.00108889 0.0024123 -2.6251e-05 0.0127607
internal_weight=6811 1135 5676 793 4332 342
internal_count=6811 1135 5676 793 4332 342
is_linear=0
shrinkage=0.01


Tree=231
num_leaves=7
num_cat=0
split_feature=0 1 14 14 20 20
split_gain=515.274 200.594 157.487 148.037 137.975 114.65
threshold=1.0347645279323363 1.0001537726444767 2.6190311519793492 0.60584244387253006 39.200000000000024 37.900000000000041
decision_type=2 2 2 2 10 10
left_child=1 -1 4 5 -2 -3
right_child=2 3 -4 -5 -6 -7
leaf_value=-0.0050719409469884881 0.0077284729075837747 0.0025225493589338538 -0.0097967089150772721 -0.0018469596063782189 -0.0073190285398888949 -0.0059668939769268042
leaf_weight=1078 1050 1793 51 2617 57 165
leaf_count=1078 1050 1793 51 2617 57 165
internal_value=3.48809e-05 -0.00121248 0.00608237 -0.000294005 0.00689508 0.00178046
internal_weight=6811 5653 1158 4575 1107 1958
internal_count=6811 5653 1158 4575 1107 1958
is_linear=0
shrinkage=0.01


Tree=232
num_leaves=7
num_cat=0
split_feature=0 0 14 2 17 13
split_gain=507.684 229.346 185.929 155.03 199.803 178.325
threshold=0.90379183168600441 1.2673108119294263 2.6415040341048548 0.50833443310811122 179.3900000000003 16.265073570448624
decision_type=2 2 2 2 8 2
left_child=-1 2 3 4 -2 -5
right_child=1 -3 -4 5 -6 -7
leaf_value=-0.0023904727379086416 0.020156283037758422 0.012488680366038656 -0.0078461091193691851 -0.0031350097702844055 0.004336982968946035 0.0040374619695112898
leaf_weight=3804 77 230 161 657 1170 712
leaf_count=3804 77 230 161 657 1170 712
internal_value=3.42425e-05 0.00309938 0.00227971 0.0029304 0.00546638 0.000597532
internal_weight=6811 3007 2777 2616 1247 1369
internal_count=6811 3007 2777 2616 1247 1369
is_linear=0
shrinkage=0.01


Tree=233
num_leaves=7
num_cat=0
split_feature=1 10 13 5 4 1
split_gain=414.944 223.388 134.383 145.062 112.843 101.512
threshold=1.2183779978204947 0.019796903093877095 46.681621175590799 1.8143995640943189 0.017533056549828938 0.91321998132080828
decision_type=2 2 2 2 2 2
left_child=5 2 3 -2 -3 -1
right_child=1 4 -4 -5 -6 -7
leaf_value=-0.0064639966152125377 0.0072452703968969327 -0.00020894681177597367 -0.0017227314029927968 0.023382833827230515 0.0038915037098600754 -0.0018688967177085511
leaf_weight=607 534 2289 137 56 939 2249
leaf_count=607 534 2289 137 56 939 2249
internal_value=3.43054e-05 0.00212966 0.00709831 0.00914116 0.000992177 -0.00286466
internal_weight=6811 3955 727 590 3228 2856
internal_count=6811 3955 727 590 3228 2856
is_linear=0
shrinkage=0.01


Tree=234
num_leaves=7
num_cat=0
split_feature=1 2 7 20 9 6
split_gain=408.216 326.929 330.278 423.622 164.611 131.076
threshold=1.4767567533508268 0.45718088643225846 666.19845000000009 37.800000000000018 0.0054439819265847973 1.0000000180025095e-35
decision_type=2 2 2 10 2 2
left_child=1 2 -1 -4 5 -2
right_child=4 -3 3 -5 -6 -7
leaf_value=0.00048445529825303675 0.0037408150512162671 -0.0035039705479990306 0.026931612656197763 -0.0051951866324099014 0.010690121907192245 -0.0035288965364139932
leaf_weight=1479 1514 3087 100 61 282 288
leaf_count=1479 1514 3087 100 61 282 288
internal_value=3.4318e-05 -0.00159105 0.00200907 0.0151674 0.00371103 0.00256589
internal_weight=6811 4727 1640 161 2084 1802
internal_count=6811 4727 1640 161 2084 1802
is_linear=0
shrinkage=0.01


Tree=235
num_leaves=7
num_cat=0
split_feature=0 15 5 15 14 0
split_gain=485.588 193.08 183.139 168.27 127.397 114.821
threshold=1.0347645279323363 3.9907509541349477 1.7821895712633917 0.18319125436919845 2.6190311519793492 0.7396842927330779
decision_type=2 2 2 2 2 2
left_child=1 2 5 -2 -5 -1
right_child=3 -3 -4 4 -6 -7
leaf_value=-0.0042636856520421656 0.016557338546989556 -0.0045424352073724266 0.015543591534871965 0.0053178534362843663 -0.0096868994001482363 0.00026630216028220889
leaf_weight=651 123 1300 63 984 51 3639
leaf_count=651 123 1300 63 984 51 3639
internal_value=3.4409e-05 -0.00117649 -0.000163162 0.00590511 0.00449287 -0.000429432
internal_weight=6811 5653 4353 1158 1035 4290
internal_count=6811 5653 4353 1158 1035 4290
is_linear=0
shrinkage=0.01


Tree=236
num_leaves=7
num_cat=0
split_feature=1 10 14 14 14 16
split_gain=396.574 215.062 234.173 115.254 113.379 195.164
threshold=1.2183779978204947 0.019796903093877095 0.17021881020370608 2.6415040341048548 0.084800791438325959 268.15000000000003
decision_type=2 2 2 2 2 10
left_child=4 2 -2 -3 5 -1
right_child=1 3 -4 -5 -6 -7
leaf_value=0.014587130385140579 0.014960645981285037 0.0014361143287856995 0.0029136531041407277 -0.0065545685485509843 -0.0034456077965931082 -0.0027437394451408181
leaf_weight=89 235 3046 492 182 2585 182
leaf_count=89 235 3046 492 182 2585 182
internal_value=3.43463e-05 0.0020828 0.00695795 0.000966735 -0.00279973 0.00326451
internal_weight=6811 3955 727 3228 2856 271
internal_count=6811 3955 727 3228 2856 271
is_linear=0
shrinkage=0.01


Tree=237
num_leaves=7
num_cat=0
split_feature=1 9 1 22 15 1
split_gain=388.687 215.895 105.589 99.2965 105.471 98.2695
threshold=1.2183779978204947 0.0061645734911028221 2.7106729477819109 10.00000000000003 3.9907509541349477 0.91321998132080828
decision_type=2 2 2 10 2 2
left_child=5 2 3 4 -2 -1
right_child=1 -3 -4 -5 -6 -7
leaf_value=-0.0063125123717743649 0.0021694279625694493 0.0096725307770969236 0.0078723874164680994 -0.0045073823223281051 -0.0031230538572632372 -0.0017919983043477555
leaf_weight=607 2673 331 222 300 429 2249
leaf_count=607 2673 331 222 300 429 2249
internal_value=3.4313e-05 0.00206229 0.0013425 0.000894568 0.00142981 -0.00277144
internal_weight=6811 3955 3624 3402 3102 2856
internal_count=6811 3955 3624 3402 3102 2856
is_linear=0
shrinkage=0.01


Tree=238
num_leaves=7
num_cat=0
split_feature=0 1 14 14 13 21
split_gain=465.598 182.875 147.693 138.676 130.263 151.413
threshold=1.0347645279323363 1.0001537726444767 2.6190311519793492 0.60584244387253006 14.6927931305238 17.541666666666696
decision_type=2 2 2 2 2 10
left_child=1 -1 4 -3 5 -2
right_child=2 3 -4 -5 -6 -7
leaf_value=-0.0048367446959352543 0.0072871272356382433 0.0017330543086069613 -0.009587584059746539 -0.0017777946220924106 0.0094933374317495538 -0.0039533129842042646
leaf_weight=1078 270 1958 51 2617 636 201
leaf_count=1078 270 1958 51 2617 636 201
internal_value=3.40282e-05 -0.00115169 0.00578262 -0.000274725 0.00657023 0.00250779
internal_weight=6811 5653 1158 4575 1107 471
internal_count=6811 5653 1158 4575 1107 471
is_linear=0
shrinkage=0.01


Tree=239
num_leaves=7
num_cat=0
split_feature=0 7 12 17 7 7
split_gain=458.304 217.178 194.699 214.409 198.521 163.864
threshold=0.90379183168600441 27.407250000000005 3.0955143270297065 202.11166666666676 1697.5800000000002 464.52510000000007
decision_type=2 2 2 8 2 2
left_child=-1 -2 3 5 -5 -3
right_child=1 2 -4 4 -6 -7
leaf_value=-0.0022701169589656373 -0.00096035497666583291 0.005164426016417565 -0.0056500110070327085 0.0059559071422886937 -0.0029798314090010818 0.021876088317690626
leaf_weight=3804 964 118 157 1345 298 125
leaf_count=3804 964 118 157 1345 298 125
internal_value=3.36638e-05 0.00294592 0.00478482 0.00567868 0.00432696 0.0142858
internal_weight=6811 3007 2043 1886 1643 243
internal_count=6811 3007 2043 1886 1643 243
is_linear=0
shrinkage=0.01


Tree=240
num_leaves=7
num_cat=0
split_feature=1 2 8 20 9 8
split_gain=371.515 289.768 178.068 223.573 174.099 149.933
threshold=1.4445118306166871 0.428898929631431 1206.5000000000002 38.10000000000003 0.005083562788753682 1113.5000000000002
decision_type=2 2 2 10 2 2
left_child=1 2 3 5 -2 -1
right_child=4 -3 -4 -5 -6 -7
leaf_value=0.0044889790760543275 0.0021415158624739205 -0.0032890120784833166 0.00047407668200828094 -0.0063717632362885138 0.0098377761824115211 0.022606641917284565
leaf_weight=88 1930 3154 1139 60 339 101
leaf_count=88 1930 3154 1139 60 339 101
internal_value=3.36371e-05 -0.00161654 0.00218022 0.009665 0.0033295 0.0148204
internal_weight=6811 4542 1388 249 2269 189
internal_count=6811 4542 1388 249 2269 189
is_linear=0
shrinkage=0.01


Tree=241
num_leaves=7
num_cat=0
split_feature=10 7 15 4 8 8
split_gain=370.561 240.338 193.697 165.9 137.055 136.734
threshold=0.022009118257899463 27.407250000000005 3.9907509541349477 -0.068337484433374798 1391.0000000000002 936.00000000000011
decision_type=2 2 2 2 2 2
left_child=1 -1 3 -2 5 -3
right_child=2 4 -4 -5 -6 -7
leaf_value=-0.0016518997613497565 -0.0019143066626849648 0.0091935159146840518 -0.004386506164646687 0.0019710264406770299 0.0051924348199153666 0.026320205936337718
leaf_weight=349 2223 194 1299 2154 530 62
leaf_count=349 2223 194 1299 2154 530 62
internal_value=3.37389e-05 0.00522394 -0.00101148 -2.13028e-06 0.00825936 0.0141749
internal_weight=6811 1135 5676 4377 786 256
internal_count=6811 1135 5676 4377 786 256
is_linear=0
shrinkage=0.01


Tree=242
num_leaves=7
num_cat=0
split_feature=0 5 14 20 14 5
split_gain=439.746 162.326 142.79 126.64 120.484 98.6346
threshold=1.0347645279323363 0.78335665727561821 2.6190311519793492 39.200000000000024 2.6415040341048548 1.8143995640943189
decision_type=2 2 2 10 2 2
left_child=1 -1 3 -2 5 -3
right_child=2 4 -4 -5 -6 -7
leaf_value=-0.0030976073711197296 0.0071948036561502613 0.00060374730301649261 -0.009487967441072229 -0.0072064077894467473 -0.0062464433336532621 0.012534939134099954
leaf_weight=2383 1050 2962 51 57 247 61
leaf_count=2383 1050 2962 51 57 247 61
internal_value=3.39105e-05 -0.00111842 0.00562063 0.0063954 0.000328958 0.000885037
internal_weight=6811 5653 1158 1107 3270 3023
internal_count=6811 5653 1158 1107 3270 3023
is_linear=0
shrinkage=0.01


Tree=243
num_leaves=7
num_cat=0
split_feature=0 0 12 7 21 15
split_gain=432.196 212.256 177.357 201.296 147.164 116.722
threshold=0.90379183168600441 1.2673108119294263 1.1839263696174613 25.498350000000006 28.365833333333345 1.028211211583139
decision_type=2 2 2 2 8 2
left_child=-1 2 3 -2 -5 -3
right_child=1 5 -4 4 -6 -7
leaf_value=-0.0022037133371352641 -0.00088333117491364076 0.022768823963900408 -0.0053466130689685714 0.0059393191717116668 -0.0047733871806803704 0.0068259038999048853
leaf_weight=3804 891 62 280 1473 133 168
leaf_count=3804 891 62 280 1473 133 168
internal_value=3.34878e-05 0.00286158 0.00207356 0.00292363 0.0050281 0.0118932
internal_weight=6811 3007 2777 2497 1606 230
internal_count=6811 3007 2777 2497 1606 230
is_linear=0
shrinkage=0.01


Tree=244
num_leaves=7
num_cat=0
split_feature=1 2 2 8 8 1
split_gain=354.209 184.043 173.564 237.782 223.472 202.641
threshold=1.2183779978204947 0.35694288435929511 0.51691794760825449 1391.0000000000002 1123.0000000000002 2.0000022500218573
decision_type=2 2 2 2 2 2
left_child=1 -1 3 4 -2 -4
right_child=2 -3 5 -5 -6 -7
leaf_value=0.0019188282151521622 0.0060816276763951543 -0.0040460901087459467 -0.0010529971114246141 0.002669892085973589 0.025007723941661345 0.0056782379045044896
leaf_weight=670 188 2186 2016 1096 91 564
leaf_count=670 188 2186 2016 1096 91 564
internal_value=3.34802e-05 -0.00264494 0.00196943 0.00482516 0.0129064 0.000434724
internal_weight=6811 2856 3955 1375 279 2580
internal_count=6811 2856 3955 1375 279 2580
is_linear=0
shrinkage=0.01


Tree=245
num_leaves=7
num_cat=0
split_feature=10 2 8 8 17 1
split_gain=350.893 249.406 195.697 176.973 147.706 125.442
threshold=0.022009118257899463 0.51691794760825449 2393.0000000000005 1206.5000000000002 202.11166666666676 2.8660714285714293
decision_type=2 2 2 2 10 2
left_child=2 3 -1 4 -2 -3
right_child=1 5 -4 -5 -6 -7
leaf_value=0.0070216885490313255 0.020070093082264068 -0.0030668076865126414 -0.0036228034406207326 0.00037672188750262933 0.0044730791753614385 0.0056194397024955838
leaf_weight=930 70 3325 205 1823 292 166
leaf_count=930 70 3325 205 1823 292 166
internal_value=3.3677e-05 -0.000983428 0.00508427 0.00166151 0.00794752 -0.0026389
internal_weight=6811 5676 1135 2185 362 3491
internal_count=6811 5676 1135 2185 362 3491
is_linear=0
shrinkage=0.01


Tree=246
num_leaves=7
num_cat=0
split_feature=0 2 17 15 1 13
split_gain=413.537 224.994 205.018 164.036 135.86 86.9407
threshold=1.0347645279323363 0.47701790849311437 179.3900000000003 0.18319125436919845 1.2055387038653034 17.877604077128598
decision_type=2 2 8 2 2 2
left_child=1 2 -1 -2 -3 -5
right_child=3 4 -4 5 -6 -7
leaf_value=0.017657202073874383 0.015958666788007982 -0.0045599180382789846 0.0010801289582908409 0.0007659424648537998 -0.00076610009668559272 0.0066008154025177998
leaf_weight=68 123 1702 1768 456 2115 579
leaf_count=68 123 1702 1768 456 2115 579
internal_value=3.37928e-05 -0.00108367 0.00178642 0.00545147 -0.00246526 0.00406202
internal_weight=6811 5653 1836 1158 3817 1035
internal_count=6811 5653 1836 1158 3817 1035
is_linear=0
shrinkage=0.01


Tree=247
num_leaves=7
num_cat=0
split_feature=10 2 13 21 17 2
split_gain=339.409 240.46 140.565 147.713 135.225 131.14
threshold=0.022009118257899463 0.51691794760825449 35.931460387583243 15.765833333333356 179.3900000000003 0.39305778491171756
decision_type=2 2 2 10 10 2
left_child=2 4 5 -4 -2 -1
right_child=1 -3 3 -5 -6 -7
leaf_value=0.019275016826965537 0.01233915435615927 -0.0025918372032588573 -0.001694334397870989 0.0096939298379211097 0.001049922011812461 0.0061766786874192141
leaf_weight=86 102 3491 414 146 2083 489
leaf_count=86 102 3491 414 146 2083 489
internal_value=3.39935e-05 -0.00096633 0.00500124 0.00139273 0.00163074 0.00843173
internal_weight=6811 5676 1135 560 2185 575
internal_count=6811 5676 1135 560 2185 575
is_linear=0
shrinkage=0.01


Tree=248
num_leaves=7
num_cat=0
split_feature=12 14 2 14 11 13
split_gain=312.838 204.176 170.581 202.927 203.653 184.518
threshold=2.9727379293480429 2.6816638682833962 0.51691794760825449 0.084800791438325959 0.021801059045829203 16.265073570448624
decision_type=2 2 2 2 2 2
left_child=1 2 3 4 -1 -4
right_child=-2 -3 5 -5 -6 -7
leaf_value=0.016963833886234521 -0.0045143716687544196 -0.0064498431786107801 -0.001968695967536618 0.0021932960272991234 0.0026182909088056298 0.0030449459357541797
leaf_weight=198 1228 332 1861 1797 197 1198
leaf_count=198 1228 332 1861 1797 197 1198
internal_value=3.43022e-05 0.00104108 0.00152606 0.00364839 0.0100505 -1.67333e-06
internal_weight=6811 5583 5251 2192 395 3059
internal_count=6811 5583 5251 2192 395 3059
is_linear=0
shrinkage=0.01


Tree=249
num_leaves=7
num_cat=0
split_feature=0 12 7 13 0 16
split_gain=400.471 160.902 225.019 126.349 131.647 125.763
threshold=1.0347645279323363 0.41128054450105994 24.973650000000003 14.6927931305238 1.2673108119294263 224.65000000000006
decision_type=2 2 2 2 2 8
left_child=1 2 -1 -2 -5 -4
right_child=3 -3 5 4 -6 -7
leaf_value=-0.0022231455075859036 0.0014634692249959336 -0.0033860668488465114 0.0077166123874619474 0.0063065376011240083 0.019598859869771536 0.0012954495903213276
leaf_weight=1912 490 1946 381 588 80 1414
leaf_count=1912 490 1946 381 588 80 1414
internal_value=3.41335e-05 -0.00106553 0.000158469 0.00536553 0.00816402 0.00269358
internal_weight=6811 5653 3707 1158 668 1795
internal_count=6811 5653 3707 1158 668 1795
is_linear=0
shrinkage=0.01


Tree=250
num_leaves=7
num_cat=0
split_feature=1 14 22 14 1 22
split_gain=330.689 168.778 119.418 157.088 127.857 109.008
threshold=1.2183779978204947 2.6415040341048548 10.600000000000025 0.17021881020370608 2.2869931879760914 1.8000000000000116
decision_type=2 2 10 2 2 10
left_child=-1 2 3 4 5 -2
right_child=1 -3 -4 -5 -6 -7
leaf_value=-0.0025537300956371949 0.0079540353266067936 -0.0064429623179908394 -0.0038341357173773934 0.0017174551973703517 0.018871461544651538 -0.00016491164317126333
leaf_weight=2856 505 219 275 2643 70 243
leaf_count=2856 505 219 275 2643 70 243
internal_value=3.42433e-05 0.00190481 0.00241004 0.0029158 0.0067202 0.00534908
internal_weight=6811 3955 3736 3461 818 748
internal_count=6811 3955 3736 3461 818 748
is_linear=0
shrinkage=0.01


Tree=251
num_leaves=7
num_cat=0
split_feature=0 4 13 8 20 0
split_gain=388.878 144.008 123.073 169.673 105.479 96.7872
threshold=1.0347645279323363 -0.12148066945293166 14.6927931305238 2403.5000000000005 31.600000000000026 1.2673108119294263
decision_type=2 2 2 2 8 2
left_child=1 -1 4 5 -2 -4
right_child=2 -3 3 -5 -6 -7
leaf_value=-0.002913686561246328 0.0062751034127563991 0.00031375040291162053 0.0082303592003045416 -0.0035391987908431994 -0.0028494644152183084 0.020361214038642012
leaf_weight=2383 228 3270 491 102 262 75
leaf_count=2383 228 3270 491 102 262 75
internal_value=3.41288e-05 -0.00104951 0.00528779 0.00804974 0.00143684 0.0101634
internal_weight=6811 5653 1158 668 490 566
internal_count=6811 5653 1158 668 490 566
is_linear=0
shrinkage=0.01


Tree=252
num_leaves=7
num_cat=0
split_feature=1 14 4 14 21 21
split_gain=320.945 164.61 140.845 102.081 149.401 83.9239
threshold=1.2183779978204947 2.6415040341048548 0.090972607033255992 0.084800791438325959 9.8600000000000083 17.650833333333328
decision_type=2 2 2 2 10 8
left_child=3 2 5 4 -1 -2
right_child=1 -3 -4 -5 -6 -7
leaf_value=0.01653084266397099 0.002713792035275085 -0.0063670283622275147 0.0062094019685112458 -0.003128516884583456 -0.0007306339260009406 -0.00072338715490253766
leaf_weight=55 1831 219 754 2585 216 1151
leaf_count=55 1831 219 754 2585 216 1151
internal_value=3.41669e-05 0.00187697 0.00237593 -0.00251539 0.00323623 0.00138912
internal_weight=6811 3955 3736 2856 271 2982
internal_count=6811 3955 3736 2856 271 2982
is_linear=0
shrinkage=0.01


Tree=253
num_leaves=7
num_cat=0
split_feature=12 4 8 8 20 14
split_gain=296.009 230.753 141.148 124.873 217.676 121.327
threshold=2.9727379293480429 -1.0000000180025095e-35 1459.0000000000002 1123.0000000000002 31.400000000000038 0.17021881020370608
decision_type=2 2 2 2 10 2
left_child=1 -1 3 -3 -5 -4
right_child=-2 2 5 4 -6 -7
leaf_value=-0.00043780142554693767 -0.0043905972871507758 0.0052649104381781928 0.0066421880319395867 0.030547357083099788 0.0043241585629238263 3.9743075523382194e-05
leaf_weight=3701 1228 443 388 51 74 926
leaf_count=3701 1228 443 388 51 74 926
internal_value=3.40379e-05 0.00101336 0.00385434 0.00797859 0.0164935 0.00202477
internal_weight=6811 5583 1882 568 125 1314
internal_count=6811 5583 1882 568 125 1314
is_linear=0
shrinkage=0.01


Tree=254
num_leaves=7
num_cat=0
split_feature=1 15 7 21 12 7
split_gain=311.873 136.439 157.185 167.341 135.254 90.3771
threshold=1.2183779978204947 3.9907509541349477 27.407250000000005 24.601666666666727 2.7234356899393952 565.2225000000002
decision_type=2 2 2 10 2 2
left_child=-1 2 -2 4 5 -4
right_child=1 -3 3 -5 -6 -7
leaf_value=-0.0024789549287222213 -0.00040778699112483324 -0.0028373447736485037 0.004567719807811974 -0.0057535945424338642 -0.0024315598553901964 0.010086806457819319
leaf_weight=2856 1162 529 1514 152 223 375
leaf_count=2856 1162 529 1514 152 223 375
internal_value=3.43131e-05 0.00185088 0.00258093 0.00410993 0.00484358 0.0057107
internal_weight=6811 3955 3426 2264 2112 1889
internal_count=6811 3955 3426 2264 2112 1889
is_linear=0
shrinkage=0.01


Tree=255
num_leaves=7
num_cat=0
split_feature=0 0 14 20 7 21
split_gain=370.292 198.174 154.447 136.497 264.125 143.312
threshold=0.90379183168600441 1.2673108119294263 2.6415040341048548 38.500000000000036 464.52510000000007 11.333333333333352
decision_type=2 2 2 10 2 10
left_child=-1 2 3 4 -2 -6
right_child=1 -3 -4 -5 5 -7
leaf_value=-0.0020368165210135816 0.0015873934287187464 0.011377627395236536 -0.0073351953491263564 -0.0050457461552929376 0.019395614512651531 0.0063513641616498888
leaf_weight=3804 1970 230 161 212 114 320
leaf_count=3804 1970 230 161 212 114 320
internal_value=3.39809e-05 0.00265171 0.00189077 0.00248434 0.00316655 0.0101374
internal_weight=6811 3007 2777 2616 2404 434
internal_count=6811 3007 2777 2616 2404 434
is_linear=0
shrinkage=0.01


Tree=256
num_leaves=7
num_cat=0
split_feature=0 0 12 2 13 13
split_gain=363.068 194.405 161.73 114.663 139.317 119.142
threshold=0.90379183168600441 1.2673108119294263 1.1839263696174613 0.50833443310811122 0.29693579078273352 33.511353243418604
decision_type=2 2 2 2 2 2
left_child=-1 2 3 5 -5 -2
right_child=1 -3 -4 4 -6 -7
leaf_value=-0.0020165017557629678 0.0069504842915342133 0.011268591892488378 -0.0052120636179983004 -0.0054247175220611902 0.0023696201798673907 0.00028916567135233394
leaf_weight=3804 839 230 280 289 975 394
leaf_count=3804 839 230 280 289 975 394
internal_value=3.39973e-05 0.00262606 0.0018724 0.00268443 0.000558937 0.00484134
internal_weight=6811 3007 2777 2497 1264 1233
internal_count=6811 3007 2777 2497 1264 1233
is_linear=0
shrinkage=0.01


Tree=257
num_leaves=7
num_cat=0
split_feature=0 14 14 13 13 0
split_gain=357.564 140.752 132.284 140.614 177.664 120.63
threshold=1.0347645279323363 2.6415040341048548 2.5069154200685726 14.6927931305238 46.681621175590799 0.87034476625818791
decision_type=2 2 2 2 2 2
left_child=1 5 3 -2 -5 -1
right_child=2 -3 -4 4 -6 -7
leaf_value=-0.0018781653329089248 0.0020681742258493842 -0.0056953784130301093 -0.004879910504957472 0.012433882220794713 -0.00073492512272023565 0.001208038052426049
leaf_weight=2773 471 565 113 443 131 2315
leaf_count=2773 471 565 113 443 131 2315
internal_value=3.37779e-05 -0.00100531 0.00507148 0.00618362 0.00946734 -0.000474352
internal_weight=6811 5653 1158 1045 574 5088
internal_count=6811 5653 1158 1045 574 5088
is_linear=0
shrinkage=0.01


Tree=258
num_leaves=7
num_cat=0
split_feature=0 2 10 11 11 9
split_gain=350.55 205.597 116.223 101.721 82.449 87.639
threshold=1.0347645279323363 0.47701790849311437 0.039153429752138071 0.016450621926446751 0.027214429677328126 0.0069403480282166615
decision_type=2 2 2 2 2 2
left_child=1 3 -2 -1 5 -3
right_child=2 4 -4 -5 -6 -7
leaf_value=0.0078665852119148023 0.0063227120577847139 -0.0019139101205936304 -0.0025209411856973304 0.00084161591240625307 -0.0056599661530344746 0.0090409737032527727
leaf_weight=227 989 3142 169 1609 610 65
leaf_count=227 989 3142 169 1609 610 65
internal_value=3.34771e-05 -0.000995372 0.00502152 0.00174808 -0.00231611 -0.00166446
internal_weight=6811 5653 1158 1836 3817 3207
internal_count=6811 5653 1158 1836 3817 3207
is_linear=0
shrinkage=0.01


Tree=259
num_leaves=7
num_cat=0
split_feature=1 9 2 2 14 10
split_gain=291.707 188.478 166.703 134.256 123.155 119.527
threshold=1.2183779978204947 0.0061645734911028221 0.27881489737159842 0.41917404857942125 0.11208297069915867 0.019955804785169399
decision_type=2 2 2 2 2 2
left_child=2 3 -1 4 -2 -5
right_child=1 -3 -4 5 -6 -7
leaf_value=0.0035766390474031374 0.013823137015620941 0.0089002097570105212 -0.0033639340854675764 0.004290413829472991 0.0028981908260770567 -0.00069933089493331036
leaf_weight=394 127 331 2462 586 452 2459
leaf_count=394 127 331 2462 586 452 2459
internal_value=3.33472e-05 0.0017902 -0.00239731 0.0011181 0.00548851 0.000271829
internal_weight=6811 3955 2856 3624 579 3045
internal_count=6811 3955 2856 3624 579 3045
is_linear=0
shrinkage=0.01


Tree=260
num_leaves=7
num_cat=0
split_feature=0 2 15 1 11 22
split_gain=339.595 199.227 155.734 114.858 99.4695 80.6727
threshold=1.0347645279323363 0.47701790849311437 0.18319125436919845 1.2055387038653034 0.016450621926446751 10.00000000000003
decision_type=2 2 2 2 2 8
left_child=1 4 -2 -3 -1 -4
right_child=2 3 5 -5 -6 -7
leaf_value=0.0077717954142093818 0.015171741601079702 -0.0042052972883098744 0.0043741558242022492 -0.00071693189657567175 0.00082509063447139556 -0.0059780719696757301
leaf_weight=227 123 1702 962 2115 1609 73
leaf_count=227 123 1702 962 2115 1609 73
internal_value=3.34451e-05 -0.0009792 0.00494293 -0.00227932 0.00172142 0.00359378
internal_weight=6811 5653 1158 3817 1836 1035
internal_count=6811 5653 1158 3817 1836 1035
is_linear=0
shrinkage=0.01


Tree=261
num_leaves=7
num_cat=0
split_feature=10 14 15 5 21 15
split_gain=281.368 219.186 158.162 131.699 76.4409 74.6988
threshold=0.022009118257899463 0.17021881020370608 3.9907509541349477 0.87045636223579981 15.667500000000048 1.7676441349225558
decision_type=2 2 2 2 10 2
left_child=1 -1 3 -2 -3 -6
right_child=2 4 -4 -5 5 -7
leaf_value=0.011127000855920579 -0.0016848005963449281 -0.00097243523422948174 -0.0039271906712678092 0.0017766077326891703 0.007928981382208055 -0.0028572596853805917
leaf_weight=342 2203 468 1299 2174 245 80
leaf_count=342 2203 468 1299 2174 245 80
internal_value=3.33635e-05 0.004556 -0.000877426 3.45675e-05 0.00161882 0.00526787
internal_weight=6811 1135 5676 4377 793 325
internal_count=6811 1135 5676 4377 793 325
is_linear=0
shrinkage=0.01


Tree=262
num_leaves=7
num_cat=0
split_feature=0 2 15 12 13 20
split_gain=329.89 193.227 152.167 78.7526 78.5722 76.0102
threshold=1.0347645279323363 0.47701790849311437 0.18319125436919845 0.0079365820836721519 56.144846009606745 39.200000000000024
decision_type=2 2 2 2 2 8
left_child=1 4 -2 -3 -1 -4
right_child=2 3 5 -5 -6 -7
leaf_value=0.0024704689178173416 0.014982700684647028 -0.00086561154178895307 0.0042208745797673846 -0.0037429466956708851 -0.0037280222859154355 -0.0067240804406827771
leaf_weight=1611 123 1995 976 1822 225 59
leaf_count=1611 123 1995 976 1822 225 59
internal_value=3.31968e-05 -0.000964875 0.00487202 -0.00224527 0.00169477 0.00353858
internal_weight=6811 5653 1158 3817 1836 1035
internal_count=6811 5653 1158 3817 1836 1035
is_linear=0
shrinkage=0.01


Tree=263
num_leaves=7
num_cat=0
split_feature=1 7 10 9 1 16
split_gain=276.552 157.898 359.901 152.798 107.414 98.5529
threshold=1.4445118306166871 565.2225000000002 0.025593909851723873 0.005083562788753682 1.0295897279408155 319.35000000000008
decision_type=2 2 2 2 2 10
left_child=1 4 -3 -2 -1 -5
right_child=3 2 -4 5 -6 -7
leaf_value=-0.004634857525778243 0.0017652001479531389 0.023549777933313875 0.00019271570640228637 0.011964033416489947 -0.0010129979754900425 -0.00041784672779922788
leaf_weight=1129 1930 69 401 255 2943 84
leaf_count=1129 1930 69 401 255 2943 84
internal_value=3.29618e-05 -0.00139078 0.00404091 0.00287656 -0.00202609 0.00897189
internal_weight=6811 4542 470 2269 4072 339
internal_count=6811 4542 470 2269 4072 339
is_linear=0
shrinkage=0.01


Tree=264
num_leaves=7
num_cat=0
split_feature=0 0 15 20 15 15
split_gain=319.877 185.198 134.107 127.603 106.847 81.4549
threshold=0.90379183168600441 1.2673108119294263 4.3696425099480125 38.500000000000036 1.028211211583139 1.1514714747776915
decision_type=2 2 2 10 2 2
left_child=-1 2 3 5 -3 -2
right_child=1 4 -4 -5 -6 -7
leaf_value=-0.0018915831775964812 0.0041871137048271993 0.021278571170858213 -0.0072341533271666567 -0.0050729098661747426 0.0060905205958596111 0.00027859465666329851
leaf_weight=3804 1627 62 148 209 168 793
leaf_count=3804 1627 62 148 209 168 793
internal_value=3.30926e-05 0.0024661 0.00173091 0.0022611 0.0109007 0.00291276
internal_weight=6811 3007 2777 2629 230 2420
internal_count=6811 3007 2777 2629 230 2420
is_linear=0
shrinkage=0.01


Tree=265
num_leaves=7
num_cat=0
split_feature=10 7 15 7 21 19
split_gain=266.9 263.487 181.581 131.473 298.516 86.9674
threshold=0.039153429752138071 24.973650000000003 4.2457952378220734 565.2225000000002 11.333333333333352 287.67617530298065
decision_type=2 2 2 2 10 10
left_child=1 -1 3 5 -5 -3
right_child=-2 2 -4 4 -6 -7
leaf_value=-0.0018813892741693587 -0.0023860149547633063 -0.0003279671532733547 -0.004403320390605525 0.021701029267217686 0.0041376778579866585 0.0044006185220688034
leaf_weight=1389 2725 534 257 124 373 1409
leaf_count=1389 2725 534 257 124 373 1409
internal_value=3.30202e-05 0.00164819 0.00346622 0.00430969 0.00886128 0.00310602
internal_weight=6811 4086 2697 2440 497 1943
internal_count=6811 4086 2697 2440 497 1943
is_linear=0
shrinkage=0.01


Tree=266
num_leaves=7
num_cat=0
split_feature=14 4 17 14 11 13
split_gain=244.248 205.032 192.959 184.614 93.4018 88.3752
threshold=2.6415040341048548 -0.068337484433374798 196.67000000000004 0.14493040109192143 0.017249562476238659 0.58647806374245881
decision_type=2 2 10 2 2 2
left_child=1 4 3 -3 -1 -4
right_child=-2 2 5 -5 -6 -7
leaf_value=0.0007349267856686624 -0.0059255792763940997 0.026173438336700203 -0.0021212688118050042 0.0046253773762772862 -0.0027695909147269077 0.0025561750625229126
leaf_weight=1368 615 54 474 120 1693 2487
leaf_count=1368 615 54 474 120 1693 2487
internal_value=3.30014e-05 0.000633031 0.00242686 0.0123717 -0.00120608 0.00180279
internal_weight=6811 6196 3135 174 3061 2961
internal_count=6811 6196 3135 174 3061 2961
is_linear=0
shrinkage=0.01


Tree=267
num_leaves=7
num_cat=0
split_feature=0 2 7 17 15 7
split_gain=308.995 185.824 194.092 283.446 149.165 138.084
threshold=1.0347645279323363 0.47701790849311437 357.75855000000007 267.61666666666684 0.18319125436919845 27.407250000000005
decision_type=2 2 2 10 2 2
left_child=1 2 -1 -4 -2 -6
right_child=4 -3 3 -5 5 -7
leaf_value=0.0005478735486208658 0.014724044929629655 -0.0021885720408380796 0.025875743057769844 0.0012751989093824077 -0.0042880693208858294 0.0050894003012866588
leaf_weight=1648 123 3817 68 120 184 851
leaf_count=1648 123 3817 68 120 184 851
internal_value=3.30126e-05 -0.000932934 0.00167522 0.0110307 0.00471608 0.00339721
internal_weight=6811 5653 1836 188 1158 1035
internal_count=6811 5653 1836 188 1158 1035
is_linear=0
shrinkage=0.01


Tree=268
num_leaves=7
num_cat=0
split_feature=12 7 2 17 7 7
split_gain=254.828 272.216 237.524 292.506 157.126 156.234
threshold=2.9727379293480429 26.538750000000004 0.52273094494268624 202.11166666666676 565.2225000000002 1697.5800000000002
decision_type=2 2 2 10 2 2
left_child=1 -1 3 4 -3 -4
right_child=-2 2 5 -5 -6 -7
leaf_value=-0.0015825343993722759 -0.0040720556252948209 0.0052018714341960969 0.0023584682914123941 0.0045947175026567234 0.028602770858032759 -0.0041008649748120966
leaf_weight=2416 1228 51 1550 1007 76 483
leaf_count=2416 1228 51 1550 1007 76 483
internal_value=3.32841e-05 0.000941934 0.00286669 0.00651222 0.0202712 0.000811299
internal_weight=6811 5583 3167 1134 127 2033
internal_count=6811 5583 3167 1134 127 2033
is_linear=0
shrinkage=0.01


Tree=269
num_leaves=7
num_cat=0
split_feature=10 14 2 14 11 20
split_gain=256.865 230.403 226.513 135.765 132.939 109.079
threshold=0.019955804785169399 0.17021881020370608 0.51691794760825449 0.084800791438325959 0.021801059045829203 28.500000000000032
decision_type=2 2 2 2 2 10
left_child=1 -1 3 4 -2 -3
right_child=2 5 -4 -5 -6 -7
leaf_value=0.01305130856439928 0.014587333590742078 -0.003804539071564206 -0.0022244634834275218 0.00074169226717727733 0.0020089096840204619 0.0051165142468840488
leaf_weight=251 141 217 3676 1990 198 338
leaf_count=251 141 217 3676 1990 198 338
internal_value=3.34058e-05 0.00529817 -0.000680872 0.00175456 0.00750871 0.00162286
internal_weight=6811 806 6005 2329 339 555
internal_count=6811 806 6005 2329 339 555
is_linear=0
shrinkage=0.01


Tree=270
num_leaves=7
num_cat=0
split_feature=1 9 6 1 15 7
split_gain=256.621 176.827 155.722 109.602 104.371 85.3465
threshold=1.2183779978204947 0.0061645734911028221 1.0000000180025095e-35 1.8762320912710326 0.16141001749377407 13.320000000000002
decision_type=2 2 2 2 2 2
left_child=-1 2 3 -2 -5 -3
right_child=1 5 -4 4 -6 -7
leaf_value=-0.0022462956039001635 0.00091549223212366421 0.00030389819330736706 -0.0043593932295458897 0.015656470598445996 0.003828755918152793 0.011608970133226783
leaf_weight=2856 2570 92 458 80 516 239
leaf_count=2856 2570 92 458 80 516 239
internal_value=3.35039e-05 0.00168131 0.00103048 0.00182147 0.00564853 0.00856783
internal_weight=6811 3955 3624 3166 596 331
internal_count=6811 3955 3624 3166 596 331
is_linear=0
shrinkage=0.01


Tree=271
num_leaves=7
num_cat=0
split_feature=10 2 7 8 17 7
split_gain=248.863 222.305 308.326 169.384 129.804 94.5336
threshold=0.019955804785169399 0.51691794760825449 666.19845000000009 2393.0000000000005 279.6650000000003 27.407250000000005
decision_type=2 2 2 2 10 2
left_child=3 2 -2 5 -4 -1
right_child=1 -3 4 -5 -6 -7
leaf_value=0.00011837216542114187 0.00061791866982086995 -0.0021987096173038158 0.02163019064965999 -0.0049944337790416519 0.005019484129693128 0.0091493433707174263
leaf_weight=148 2135 3676 91 129 103 529
leaf_count=148 2135 3676 91 129 103 529
internal_value=3.35457e-05 -0.000669519 0.00174318 0.00521565 0.0134895 0.00720553
internal_weight=6811 6005 2329 806 194 677
internal_count=6811 6005 2329 806 194 677
is_linear=0
shrinkage=0.01


Tree=272
num_leaves=7
num_cat=0
split_feature=1 10 8 18 1 19
split_gain=250.39 138.967 107.79 84.7104 104.896 77.7819
threshold=1.2183779978204947 0.019796903093877095 2393.0000000000005 0.016884725634308706 1.0267571530496451 293.80265986576279
decision_type=2 2 2 2 2 10
left_child=3 2 5 -1 -5 -2
right_child=1 -3 -4 4 -6 -7
leaf_value=-0.0033440983089330135 0.0085664972426069234 0.00076422273249594872 -0.0033889237317745969 -0.0035806473450015774 0.0033945534161484033 -0.0015546649472886009
leaf_weight=1996 534 3228 108 368 492 85
leaf_count=1996 534 3228 108 368 492 85
internal_value=3.36404e-05 0.00166132 0.00558017 -0.00221831 0.000402967 0.00717406
internal_weight=6811 3955 727 2856 860 619
internal_count=6811 3955 727 2856 860 619
is_linear=0
shrinkage=0.01


Tree=273
num_leaves=7
num_cat=0
split_feature=1 15 15 20 20 1
split_gain=246.136 148.988 171.475 287.087 104.74 89.5737
threshold=1.4445118306166871 1.0477024586221126 1.028211211583139 31.700000000000021 39.200000000000024 1.0400363698057971
decision_type=2 2 2 10 10 2
left_child=1 2 5 -4 -2 -1
right_child=4 -3 3 -5 -6 -7
leaf_value=-0.0042733930923410136 0.0032906079626164758 -0.0030814166229880895 0.021784403260182782 0.00021161175578729145 -0.0051526147599255893 0.00070741374290259106
leaf_weight=464 2120 2314 87 170 149 1507
leaf_count=464 2120 2314 87 170 149 1507
internal_value=3.33166e-05 -0.00130986 0.000535628 0.00805684 0.00271598 -0.000480788
internal_weight=6811 4542 2228 257 2269 1971
internal_count=6811 4542 2228 257 2269 1971
is_linear=0
shrinkage=0.01


Tree=274
num_leaves=7
num_cat=0
split_feature=4 7 2 17 7 8
split_gain=211.186 132.62 284.456 212.738 135.959 120.441
threshold=0.023873031821231516 310.8087000000001 0.52961400599152586 279.6650000000003 1697.5800000000002 1421.0000000000002
decision_type=2 2 2 10 2 2
left_child=1 -1 3 -3 -4 -2
right_child=5 2 4 -5 -6 -7
leaf_value=-0.0017761055966161422 0.0071013346523618242 0.021702193224852066 0.0047164520148122516 0.002914753748495195 -0.003981603537604894 0.0013144426232639026
leaf_weight=4114 508 103 275 137 477 1197
leaf_count=4114 508 103 275 137 477 1197
internal_value=3.31812e-05 -0.00098489 0.0022814 0.0115233 -0.000780646 0.00306998
internal_weight=6811 5106 992 240 752 1705
internal_count=6811 5106 992 240 752 1705
is_linear=0
shrinkage=0.01


Tree=275
num_leaves=7
num_cat=0
split_feature=0 2 14 8 21 14
split_gain=281.982 172.09 124.471 100.489 111.915 249.03
threshold=1.0347645279323363 0.47701790849311437 2.5069154200685726 2393.0000000000005 17.779166666666665 0.084800791438325959
decision_type=2 2 2 2 8 2
left_child=1 3 -2 4 5 -1
right_child=2 -3 -4 -5 -6 -7
leaf_value=0.020176752274610889 0.0055875994235639118 -0.002097797854491627 -0.0051279285700037711 -0.0037262788923576422 -0.00067609059469277469 0.0030355487629691999
leaf_weight=85 1045 3817 113 287 616 848
leaf_count=85 1045 3817 113 287 616 848
internal_value=3.33184e-05 -0.000889443 0.00450701 0.00162045 0.00262865 0.00479458
internal_weight=6811 5653 1158 1836 1549 933
internal_count=6811 5653 1158 1836 1549 933
is_linear=0
shrinkage=0.01


Tree=276
num_leaves=7
num_cat=0
split_feature=12 7 2 17 10 7
split_gain=237.969 253.951 222.151 274.03 167.336 146.945
threshold=2.9727379293480429 26.538750000000004 0.52273094494268624 202.11166666666676 0.021234974916484069 565.2225000000002
decision_type=2 2 2 10 2 2
left_child=1 -1 3 5 -4 -3
right_child=-2 2 4 -5 -6 -7
leaf_value=-0.0015269943722964175 -0.003933979852128058 0.0050382711750562069 0.0060926357161977494 0.0044400942752013239 -0.00075563390797579386 0.02767054068487744
leaf_weight=2416 1228 51 450 1007 1583 76
leaf_count=2416 1228 51 450 1007 1583 76
internal_value=3.32369e-05 0.000911313 0.00277037 0.00629596 0.000782618 0.0196131
internal_weight=6811 5583 3167 1134 2033 127
internal_count=6811 5583 3167 1134 2033 127
is_linear=0
shrinkage=0.01


Tree=277
num_leaves=7
num_cat=0
split_feature=0 2 7 20 0 2
split_gain=273.173 167.5 120.048 347.955 108.805 111.328
threshold=1.0347645279323363 0.41666666666666674 666.19845000000009 37.60000000000003 1.2673108119294263 0.66658905693297787
decision_type=2 2 2 10 2 2
left_child=1 2 -1 -4 5 -2
right_child=4 -3 3 -5 -6 -7
leaf_value=0.0012520126616671228 0.0050051800343363243 -0.001820152745469707 0.025183484793493621 -0.0074424971408042755 0.010460943419719116 -0.0025899250442763424
leaf_weight=1194 665 4342 66 51 230 263
leaf_count=1194 665 4342 66 51 230 263
internal_value=3.34474e-05 -0.000874789 0.00224631 0.0114957 0.00443671 0.00284802
internal_weight=6811 5653 1311 117 1158 928
internal_count=6811 5653 1311 117 1158 928
is_linear=0
shrinkage=0.01


Tree=278
num_leaves=7
num_cat=0
split_feature=0 2 14 5 0 11
split_gain=267.819 164.311 121.964 91.005 98.5418 88.6361
threshold=1.0347645279323363 0.47701790849311437 2.5069154200685726 0.99991965424749385 1.2320819950650408 0.016450621926446751
decision_type=2 2 2 2 2 2
left_child=1 5 3 4 -2 -1
right_child=2 -3 -4 -5 -6 -7
leaf_value=0.0072979826619062682 0.00010425278534958619 -0.0020464701228033516 -0.0051411181639849654 0.0084529780631066673 0.010032199655102115 0.00074091840413450236
leaf_weight=227 413 3817 113 510 122 1609
leaf_count=227 413 3817 113 510 122 1609
internal_value=3.35534e-05 -0.000865738 0.00439344 0.00546341 0.00251073 0.00158677
internal_weight=6811 5653 1158 1045 535 1836
internal_count=6811 5653 1158 1045 535 1836
is_linear=0
shrinkage=0.01


Tree=279
num_leaves=7
num_cat=0
split_feature=0 0 12 15 1 15
split_gain=263.131 168.345 141.927 104.562 97.6297 80.9822
threshold=0.90379183168600441 1.2673108119294263 1.1839263696174613 1.028211211583139 1.0001537726444767 6.0753221197536007
decision_type=2 2 2 2 2 2
left_child=4 2 5 -3 -1 -2
right_child=1 3 -4 -5 -6 -7
leaf_value=-0.0043018408851835882 0.0026050303006849495 0.020520350237170026 -0.0050944494359949919 0.0055616682556620016 -0.00072055387819496431 -0.008047878567028691
leaf_weight=1044 2433 62 280 168 2760 64
leaf_count=1044 2433 62 280 168 2760 64
internal_value=3.35029e-05 0.00224017 0.0015397 0.010281 -0.00171213 0.00230098
internal_weight=6811 3007 2777 230 3804 2497
internal_count=6811 3007 2777 230 3804 2497
is_linear=0
shrinkage=0.01


Tree=280
num_leaves=7
num_cat=0
split_feature=15 4 17 8 1 15
split_gain=229.579 172.981 168.466 192.11 105.461 95.8129
threshold=3.9907509541349477 0.17693188672186863 194.36166666666725 1139.0000000000002 0.87960289250993029 0.27958651828945164
decision_type=2 2 10 2 2 2
left_child=1 2 3 -1 -4 -3
right_child=-2 5 4 -5 -6 -7
leaf_value=0.013912003301872462 -0.0036436822007886163 0.014771213845417994 -0.006037882797321991 0.0011774395911062175 0.00024253344284630752 0.0038069842740446887
leaf_weight=179 1350 113 275 323 4314 257
leaf_count=179 1350 113 275 323 4314 257
internal_value=3.33221e-05 0.000947304 0.000460571 0.00590128 -0.000146137 0.00745612
internal_weight=6811 5461 5091 502 4589 370
internal_count=6811 5461 5091 502 4589 370
is_linear=0
shrinkage=0.01


Tree=281
num_leaves=7
num_cat=0
split_feature=0 2 1 1 15 2
split_gain=256.372 233.637 116.761 105.406 97.8981 68.2305
threshold=1.2320819950650408 0.51691794760825449 1.4176819274761803 1.5977846757459158 0.74691187563582562 0.29809015747477707
decision_type=2 2 2 2 2 2
left_child=1 2 5 -3 -2 -1
right_child=4 3 -4 -5 -6 -7
leaf_value=0.0036623044824388817 0.019497391025888156 -0.0028097833554829353 0.0057471356482484848 0.00095179724352608026 0.0055381567275949884 -0.00042551999011095347
leaf_weight=568 64 2994 615 985 200 1385
leaf_count=568 64 2994 615 985 200 1385
internal_value=3.33441e-05 -0.000362724 0.00198416 -0.00187855 0.00951029 0.000775961
internal_weight=6811 6547 2568 3979 264 1953
internal_count=6811 6547 2568 3979 264 1953
is_linear=0
shrinkage=0.01


Tree=282
num_leaves=7
num_cat=0
split_feature=1 5 19 18 1 7
split_gain=224.289 126.288 98.38 77.9849 98.469 73.3801
threshold=1.2183779978204947 1.4542691557386822 291.37522290765156 0.016884725634308706 1.0267571530496451 29.165400000000002
decision_type=2 2 10 2 2 2
left_child=3 5 -3 -1 -5 -2
right_child=1 2 -4 4 -6 -7
leaf_value=-0.0031780602977580252 -0.00094773386752534049 0.012689554471700223 0.0019096641376128661 -0.0034430999498784782 0.0033151029719970192 0.0020443339148505306
leaf_weight=1996 1241 163 174 368 492 2377
leaf_count=1996 1241 163 174 368 492 2377
internal_value=3.34822e-05 0.00157399 0.00733911 -0.00209787 0.000416885 0.00101825
internal_weight=6811 3955 337 2856 860 3618
internal_count=6811 3955 337 2856 860 3618
is_linear=0
shrinkage=0.01


Tree=283
num_leaves=7
num_cat=0
split_feature=10 7 5 4 16 10
split_gain=216.767 157.588 133.795 96.1516 95.1342 81.3338
threshold=0.019955804785169399 27.407250000000005 1.0478296718302216 0.28227252034324135 326.9500000000001 0.068025517173600877
decision_type=2 2 2 2 10 2
left_child=1 -1 5 4 -3 -2
right_child=2 3 -4 -5 -6 -7
leaf_value=-0.0024027833390781387 -0.00090709028689149585 0.0073508133387379347 0.0022867653332799319 0.019512507688975143 -0.00622093688401704 -0.0049677626598526592
leaf_weight=214 4212 490 1243 52 50 550
leaf_count=214 4212 490 1243 52 50 550
internal_value=3.3329e-05 0.00486973 -0.000622837 0.00749489 0.00600391 -0.00138552
internal_weight=6811 806 6005 592 540 4762
internal_count=6811 806 6005 592 540 4762
is_linear=0
shrinkage=0.01


Tree=284
num_leaves=7
num_cat=0
split_feature=15 5 1 2 13 20
split_gain=219.572 167.822 124.395 111.956 134.802 121.717
threshold=3.9907509541349477 1.4542691557386822 0.89035637348639429 0.41917404857942125 32.32407555156167 38.000000000000036
decision_type=2 2 2 2 2 10
left_child=1 2 -1 4 5 -4
right_child=-2 -3 3 -5 -6 -7
leaf_value=-0.0054720454943701178 -0.0035627636332706864 0.007487746960749584 0.0063290563143130517 -7.1971846121040941e-05 -0.0018963946786500741 -0.0064761061212384556
leaf_weight=321 1350 354 880 3481 352 73
leaf_count=321 1350 354 880 3481 352 73
internal_value=3.32105e-05 0.000927049 0.00045854 0.000866888 0.00335274 0.00529111
internal_weight=6811 5461 5107 4786 1305 953
internal_count=6811 5461 5107 4786 1305 953
is_linear=0
shrinkage=0.01


Tree=285
num_leaves=7
num_cat=0
split_feature=0 14 5 15 15 5
split_gain=247.272 186.219 151.694 107.591 96.0305 90.135
threshold=1.2320819950650408 2.6415040341048548 0.79434813992096942 3.9907509541349477 0.74691187563582562 1.6836912700184239
decision_type=2 2 2 2 2 2
left_child=1 2 -1 5 -2 -4
right_child=4 -3 3 -5 -6 -7
leaf_value=-0.0017929097105356378 0.019227229628611255 -0.0055618394293052735 0.001665212229701615 -0.004015563424230993 0.0054112487719172519 0.010027093107708628
leaf_weight=2333 64 612 3161 316 200 125
leaf_count=2333 64 612 3161 316 200 125
internal_value=3.28247e-05 -0.000356151 0.000189097 0.00147424 0.00934006 0.00201276
internal_weight=6811 6547 5935 3602 264 3286
internal_count=6811 6547 5935 3602 264 3286
is_linear=0
shrinkage=0.01


Tree=286
num_leaves=7
num_cat=0
split_feature=10 2 17 16 11 6
split_gain=208.961 190.265 130.816 91.8822 79.6647 49.01
threshold=0.019955804785169399 0.51691794760825449 179.3900000000003 330.25000000000006 0.026344840817829573 1.0000000180025095e-35
decision_type=2 2 10 10 2 2
left_child=3 2 -2 -1 -3 -4
right_child=1 4 5 -5 -6 -7
leaf_value=0.0058669104761451575 0.011839659728282015 -0.0013534043247371086 0.0017188299073090849 -0.0052442664261359503 -0.0052677184164945387 -0.0022821557002106543
leaf_weight=731 109 3056 1863 75 620 357
leaf_count=731 109 3056 1863 75 620 357
internal_value=3.28624e-05 -0.000611382 0.00162067 0.00478139 -0.0020261 0.00106808
internal_weight=6811 6005 2329 806 3676 2220
internal_count=6811 6005 2329 806 3676 2220
is_linear=0
shrinkage=0.01


Tree=287
num_leaves=7
num_cat=0
split_feature=0 14 1 14 21 7
split_gain=242.457 183.56 154.32 100.066 312.691 384.159
threshold=1.2673108119294263 2.6415040341048548 0.89035637348639429 0.17021881020370608 17.650833333333328 1697.5800000000002
decision_type=2 2 2 2 8 2
left_child=1 2 -1 4 5 -4
right_child=-2 -3 3 -5 -6 -7
leaf_value=-0.0052519169401870494 0.009905485314472268 -0.0054967471546571332 0.0039188856380283658 -7.2615031011127472e-05 -0.0036039993111518921 0.023491100749780988
leaf_weight=466 230 612 751 4194 451 107
leaf_count=466 230 612 751 4194 451 107
internal_value=3.26112e-05 -0.000326942 0.000211423 0.000682752 0.00308513 0.00660222
internal_weight=6811 6581 5969 5503 1309 858
internal_count=6811 6581 5969 5503 1309 858
is_linear=0
shrinkage=0.01


Tree=288
num_leaves=7
num_cat=0
split_feature=15 10 14 2 20 14
split_gain=206.726 168.601 210.657 135.432 113.88 107.492
threshold=3.9907509541349477 0.019955804785169399 0.17021881020370608 0.51691794760825449 28.500000000000032 0.084800791438325959
decision_type=2 2 2 2 10 2
left_child=1 2 -1 5 -4 -3
right_child=-2 3 4 -5 -6 -7
leaf_value=0.012592593745198536 -0.0034565791596101007 0.0071857902992795335 -0.0039839846191794745 -0.0013729327256414784 0.0052753585109362247 0.0010529635078106302
leaf_weight=248 1350 331 214 2552 318 1798
leaf_count=248 1350 331 214 2552 318 1798
internal_value=3.26206e-05 0.000899918 0.00517316 0.000178354 0.00154595 0.00203558
internal_weight=6811 5461 780 4681 532 2129
internal_count=6811 5461 780 4681 532 2129
is_linear=0
shrinkage=0.01


Tree=289
num_leaves=7
num_cat=0
split_feature=0 12 7 4 4 12
split_gain=237.316 174.165 182.621 143.339 115.514 88.9324
threshold=1.2673108119294263 2.9727379293480429 24.973650000000003 0.28227252034324135 -0.14957092204106512 1.1839263696174613
decision_type=2 2 2 2 2 2
left_child=1 2 -1 4 -4 -2
right_child=5 -3 3 -5 -6 -7
leaf_value=-0.001758135061452937 0.017619542846273956 -0.0037035778037098864 -0.0011499385050186253 0.017062277873196911 0.0029867298098119575 0.0046268730428470654
leaf_weight=2189 82 1228 979 52 2133 148
leaf_count=2189 82 1228 979 52 2133 148
internal_value=3.2548e-05 -0.000323173 0.000457765 0.00199154 0.00168587 0.00980018
internal_weight=6811 6581 5353 3164 3112 230
internal_count=6811 6581 5353 3164 3112 230
is_linear=0
shrinkage=0.01


Tree=290
num_leaves=7
num_cat=0
split_feature=1 14 10 14 18 14
split_gain=205.215 126.271 123.573 150.766 76.1725 75.7412
threshold=1.2183779978204947 2.6415040341048548 0.019955804785169399 0.17021881020370608 0.003195015521825707 0.084800791438325959
decision_type=2 2 2 2 2 2
left_child=5 2 3 4 -2 -1
right_child=1 -3 -4 -5 -6 -7
leaf_value=0.002945635260987589 0.003264871834880776 -0.0057125354118189699 0.0010423612445807427 0.0022574699661886827 0.015533666526369581 -0.0025344257725309401
leaf_weight=271 80 219 3011 479 166 2585
leaf_count=271 80 219 3011 479 166 2585
internal_value=3.27456e-05 0.0015063 0.00194358 0.00562132 0.0118272 -0.00200597
internal_weight=6811 3955 3736 725 246 2856
internal_count=6811 3955 3736 725 246 2856
is_linear=0
shrinkage=0.01


Tree=291
num_leaves=7
num_cat=0
split_feature=1 9 10 7 7 18
split_gain=201.178 155.862 100.693 104.327 85.5626 78.9324
threshold=1.2183779978204947 0.0069403480282166615 0.019796903093877095 79.123500000000021 13.320000000000002 0.0048994875400492086
decision_type=2 2 2 2 2 2
left_child=-1 2 3 -2 -3 -5
right_child=1 4 -4 5 -6 -7
leaf_value=-0.0019858964243118986 0.00053434916043435259 -0.00019325166538328631 0.00020103224351571483 0.0049574931500745677 0.01281911964117232 0.015872437241761125
leaf_weight=2856 339 70 3050 235 169 92
leaf_count=2856 339 70 3050 235 169 92
internal_value=3.26644e-05 0.00149165 0.000975636 0.00446755 0.00915326 0.00840823
internal_weight=6811 3955 3716 666 239 327
internal_count=6811 3955 3716 666 239 327
is_linear=0
shrinkage=0.01


Tree=292
num_leaves=7
num_cat=0
split_feature=12 9 2 13 11 17
split_gain=204.017 148.881 120.181 168.88 94.49 71.5932
threshold=2.9727379293480429 0.005083562788753682 0.29809015747477707 37.065115862870677 0.011130594959556159 243.58999999999921
decision_type=2 2 2 2 2 10
left_child=1 2 3 -1 -4 -3
right_child=-2 5 4 -5 -6 -7
leaf_value=0.0084437239421569516 -0.0036405137043821691 0.01261281174703786 0.0028609600948756721 -0.0045865066661733948 -0.00088340014266800361 0.0037548751068599007
leaf_weight=358 1228 111 812 129 3733 440
leaf_count=358 1228 111 812 129 3733 440
internal_value=3.28099e-05 0.000845835 0.000300458 0.00496935 -0.000209628 0.00573234
internal_weight=6811 5583 5032 487 4545 551
internal_count=6811 5583 5032 487 4545 551
is_linear=0
shrinkage=0.01


Tree=293
num_leaves=7
num_cat=0
split_feature=12 1 15 15 5 13
split_gain=200.02 150.116 116.696 105.191 91.5443 112.944
threshold=2.9727379293480429 1.8762320912710326 4.1400076127623953 0.16141001749377407 0.8646078317532776 28.547001821846425
decision_type=2 2 2 2 2 2
left_child=1 2 4 -3 -1 -6
right_child=-2 3 -4 -5 5 -7
leaf_value=-0.00082694891320941671 -0.003604402621965013 0.013386374065213329 -0.0034028017789355246 0.0032421118937366244 0.0040031293539225512 -0.00059715182037095376
leaf_weight=1803 1228 113 760 683 1349 875
leaf_count=1803 1228 113 760 683 1349 875
internal_value=3.2754e-05 0.000837773 0.000165178 0.00483041 0.00084531 0.00219865
internal_weight=6811 5583 4787 796 4027 2224
internal_count=6811 5583 4787 796 4027 2224
is_linear=0
shrinkage=0.01


Tree=294
num_leaves=7
num_cat=0
split_feature=0 14 0 17 14 15
split_gain=228.446 171.014 136.723 98.0962 294.085 102.544
threshold=1.2673108119294263 2.6415040341048548 0.87034476625818791 202.11166666666676 0.11628642233052551 0.98669152895064438
decision_type=2 2 2 10 2 2
left_child=1 2 -1 4 -4 -5
right_child=-2 -3 3 5 -6 -7
leaf_value=-0.0014188186373025183 0.0096159601051573791 -0.0053064099739461388 0.019477036959349603 0.0024897922417594655 0.00023817926597612812 -0.0013933526416982903
leaf_weight=2773 230 612 108 1740 244 1104
leaf_count=2773 230 612 108 1740 244 1104
internal_value=3.26053e-05 -0.000316406 0.000203238 0.00161065 0.00651599 0.000982811
internal_weight=6811 6581 5969 3196 352 2844
internal_count=6811 6581 5969 3196 352 2844
is_linear=0
shrinkage=0.01


Tree=295
num_leaves=7
num_cat=0
split_feature=0 14 10 7 4 15
split_gain=224.073 167.683 137.607 98.5355 138.093 97.1872
threshold=1.2673108119294263 2.6415040341048548 0.068025517173600877 24.973650000000003 0.28227252034324135 1.028211211583139
decision_type=2 2 2 2 2 2
left_child=1 2 3 -1 -5 -2
right_child=5 -3 -4 4 -6 -7
leaf_value=-0.0010818062066677355 0.019376040286087019 -0.0052541989995180879 -0.0048266923423137473 0.0014042802778676015 0.016023964417928999 0.0050035889853273386
leaf_weight=2037 62 612 489 3387 56 168
leaf_count=2037 62 612 489 3387 56 168
internal_value=3.26267e-05 -0.000313028 0.00020153 0.00065819 0.00168779 0.00952381
internal_weight=6811 6581 5969 5480 3443 230
internal_count=6811 6581 5969 5480 3443 230
is_linear=0
shrinkage=0.01


Tree=296
num_leaves=7
num_cat=0
split_feature=0 1 13 3 17 8
split_gain=220.068 145.55 83.3022 77.8133 78.6432 74.6874
threshold=1.2673108119294263 1.1123947530099836 11.795512369064053 0.058852237034388265 221.81166666666664 1173.0000000000002
decision_type=2 2 2 2 8 2
left_child=1 5 -2 4 -3 -1
right_child=2 3 -4 -5 -6 -7
leaf_value=0.0018423276644140955 0.004475505528210094 0.014731129213178065 0.017073507630931479 0.00018423546821664911 0.0027638353524911826 -0.0035100637710088218
leaf_weight=305 149 54 81 4184 450 1588
leaf_count=305 149 54 81 4184 450 1588
internal_value=3.27497e-05 -0.000309803 0.00943873 0.000635768 0.0043077 -0.00264254
internal_weight=6811 6581 230 4688 504 1893
internal_count=6811 6581 230 4688 504 1893
is_linear=0
shrinkage=0.01


Tree=297
num_leaves=7
num_cat=0
split_feature=0 5 7 21 7 4
split_gain=216.079 141.282 94.862 79.3506 130.736 308.026
threshold=1.2673108119294263 1.049013132425564 565.2225000000002 17.650833333333328 464.52510000000007 -0.22173704379675849
decision_type=2 2 2 8 2 2
left_child=1 3 -3 4 -1 -6
right_child=-2 2 -4 -5 5 -7
leaf_value=-0.00088782644590808409 0.0093533188141106324 0.0015586335766074868 0.010718157689685259 -0.0025031407756524538 -0.0045370087455042073 0.012959183554569455
leaf_weight=2300 230 1490 113 2287 173 218
leaf_count=2300 230 1490 113 2287 173 218
internal_value=3.29729e-05 -0.000306462 0.00226676 -0.00113797 2.72278e-05 0.00529781
internal_weight=6811 6581 1603 4978 2691 391
internal_count=6811 6581 1603 4978 2691 391
is_linear=0
shrinkage=0.01


Tree=298
num_leaves=7
num_cat=0
split_feature=0 2 0 20 12 12
split_gain=211.94 195.209 87.6269 99.2123 85.995 84.3739
threshold=1.2673108119294263 0.51691794760825449 0.95423748033819977 38.000000000000036 0.0079365820836721519 1.1839263696174613
decision_type=2 2 2 10 2 2
left_child=1 2 -1 -4 -3 -2
right_child=5 4 3 -5 -6 -7
leaf_value=0.00050351973061239525 0.016869384573124674 -0.00033111054797183161 0.0052291484719219931 -0.0082079526080439495 -0.0032690392071294183 0.0042487373792483834
leaf_weight=1695 82 2170 830 50 1836 148
leaf_count=1695 82 2170 830 50 1836 148
internal_value=3.3034e-05 -0.000303134 0.00184082 0.00438203 -0.00168239 0.00926368
internal_weight=6811 6581 2575 880 4006 230
internal_count=6811 6581 2575 880 4006 230
is_linear=0
shrinkage=0.01


Tree=299
num_leaves=7
num_cat=0
split_feature=14 9 15 7 16 14
split_gain=185.275 142.018 128.836 123.363 81.3647 182.92
threshold=2.6415040341048548 -0.0016009248331974623 3.9907509541349477 27.407250000000005 320.4500000000001 0.14493040109192143
decision_type=2 2 2 2 10 2
left_child=1 -1 3 -3 5 -5
right_child=-2 2 -4 4 -6 -7
leaf_value=-0.0011491514071547339 -0.0051567001189999281 -8.4928685219520241e-05 -0.004326854547699455 0.012841799015106233 0.00021592720036118569 0.0035242223421475182
leaf_weight=2728 615 1176 295 245 445 1307
leaf_count=2728 615 1176 295 245 445 1307
internal_value=3.29242e-05 0.000555513 0.00189589 0.0024862 0.00399318 0.0050679
internal_weight=6811 6196 3468 3173 1997 1552
internal_count=6811 6196 3468 3173 1997 1552
is_linear=0
shrinkage=0.01


Tree=300
num_leaves=7
num_cat=0
split_feature=0 2 14 11 14 1
split_gain=207.148 190.137 191.32 156.993 138.197 91.6032
threshold=1.2673108119294263 0.51691794760825449 0.084800791438325959 0.021801059045829203 0.083224359763866371 1.5977846757459158
decision_type=2 2 2 2 2 2
left_child=1 2 3 4 -1 -3
right_child=-2 5 -4 -5 -6 -7
leaf_value=0.0056854431478245912 0.0091583788585849098 -0.0025378963500159776 0.00064743160632917672 0.0017059258592274527 0.022904920655519072 0.00093321122039554175
leaf_weight=105 230 2994 2184 197 89 1012
leaf_count=105 230 2994 2184 197 89 1012
internal_value=3.2681e-05 -0.000299665 0.00181625 0.00816593 0.0143207 -0.00166088
internal_weight=6811 6581 2575 391 194 4006
internal_count=6811 6581 2575 391 194 4006
is_linear=0
shrinkage=0.01


Tree=301
num_leaves=7
num_cat=0
split_feature=0 4 17 0 21 8
split_gain=203.342 141.518 87.2564 73.2165 69.6686 100.04
threshold=1.2320819950650408 0.023873031821231516 184.29833333333315 0.7396842927330779 17.650833333333328 1152.0000000000002
decision_type=2 2 10 2 8 2
left_child=1 3 -3 -1 5 -5
right_child=-2 2 -4 4 -6 -7
leaf_value=-0.0035561566089134717 0.0084729920469061304 0.0141202312062184 0.0017937910661131385 0.0063738350346299322 -0.002062922721347042 -0.0001524157552879049
leaf_weight=1000 264 50 1540 256 1697 2004
leaf_count=1000 264 50 1540 256 1697 2004
internal_value=3.29185e-05 -0.00031982 0.00226724 -0.00115254 -0.000537669 0.000611663
internal_weight=6811 6547 1590 4957 3957 2260
internal_count=6811 6547 1590 4957 3957 2260
is_linear=0
shrinkage=0.01


Tree=302
num_leaves=7
num_cat=0
split_feature=0 14 0 7 21 21
split_gain=199.536 158.153 123.525 73.3941 244.551 96.3405
threshold=1.2673108119294263 2.6415040341048548 0.87034476625818791 464.52510000000007 11.333333333333352 8.7483333333333704
decision_type=2 2 2 2 10 8
left_child=1 2 -1 5 -5 -4
right_child=-2 -3 3 4 -6 -7
leaf_value=-0.0013353335428355094 0.0089894114676862952 -0.0050919441604864012 -0.0050036247012993466 0.016814520800056364 0.0014686364865278459 0.0014192734108808296
leaf_weight=2773 230 612 250 120 528 2298
leaf_count=2773 230 612 250 120 528 2298
internal_value=3.29557e-05 -0.000293228 0.000206476 0.00154422 0.00452282 0.000771986
internal_weight=6811 6581 5969 3196 648 2548
internal_count=6811 6581 5969 3196 648 2548
is_linear=0
shrinkage=0.01


Tree=303
num_leaves=7
num_cat=0
split_feature=0 2 7 20 17 5
split_gain=195.719 184.289 416.968 293.845 100.672 52.8524
threshold=1.2673108119294263 0.51691794760825449 357.75855000000007 38.000000000000036 242.81666666666669 1.1115568965142815
decision_type=2 2 2 10 10 2
left_child=1 2 -1 4 -4 -3
right_child=-2 5 3 -5 -6 -7
leaf_value=0.00029013785031930048 0.0089032630003833529 -0.0020754241415429893 0.025544516917701082 -0.0045168915700100091 0.010989590249702233 0.0013110525207942847
leaf_weight=2268 230 3482 97 73 137 524
leaf_count=2268 230 3482 97 73 137 524
internal_value=3.28792e-05 -0.000290171 0.00179295 0.0125357 0.0178227 -0.0016303
internal_weight=6811 6581 2575 307 234 4006
internal_count=6811 6581 2575 307 234 4006
is_linear=0
shrinkage=0.01


Tree=304
num_leaves=7
num_cat=0
split_feature=0 14 10 5 14 10
split_gain=192.071 153.031 126.564 89.9216 72.0792 54.1351
threshold=1.2320819950650408 2.6415040341048548 0.068025517173600877 1.049013132425564 0.58728695636357042 0.019955804785169399
decision_type=2 2 2 2 2 2
left_child=1 2 3 5 -2 -1
right_child=4 -3 -4 -5 -6 -7
leaf_value=0.0040963711581505592 0.018112332170673956 -0.0050287660822074653 -0.0046363953574568052 0.0027024129968734375 0.0052228433333636661 -0.00048741955590515497
leaf_weight=267 50 612 489 1498 214 3681
leaf_count=267 50 612 489 1498 214 3681
internal_value=3.31434e-05 -0.000309682 0.000184576 0.000625159 0.00823597 -0.000167855
internal_weight=6811 6547 5935 5446 264 3948
internal_count=6811 6547 5935 5446 264 3948
is_linear=0
shrinkage=0.01


Tree=305
num_leaves=7
num_cat=0
split_feature=0 12 7 17 10 7
split_gain=188.942 147.75 161.047 159.393 208.668 267.304
threshold=1.2673108119294263 2.9727379293480429 26.538750000000004 194.36166666666725 0.032605189010684155 464.52510000000007
decision_type=2 2 2 10 2 2
left_child=1 2 -1 4 5 -4
right_child=-2 -3 3 -5 -6 -7
leaf_value=-0.0014856271733328433 0.0087485535384427444 -0.0033978393801774977 0.0029148289218601836 0.0011067787769575477 -0.0017499518850497132 0.02425531878306841
leaf_weight=2400 230 1228 121 2587 135 110
leaf_count=2400 230 1228 121 2587 135 110
internal_value=3.31049e-05 -0.000284303 0.000434958 0.00199563 0.00808175 0.0136617
internal_weight=6811 6581 5353 2953 366 231
internal_count=6811 6581 5353 2953 366 231
is_linear=0
shrinkage=0.01


Tree=306
num_leaves=7
num_cat=0
split_feature=0 14 0 15 17 14
split_gain=185.319 150.098 117.062 94.3013 88.7429 269.242
threshold=1.2673108119294263 2.6415040341048548 0.87034476625818791 1.028211211583139 202.11166666666676 0.11628642233052551
decision_type=2 2 2 2 10 2
left_child=1 2 -1 -2 5 -4
right_child=3 -3 4 -5 -6 -7
leaf_value=-0.0012952650098593886 0.018337148442773871 -0.00495605255373021 0.018574935654020411 0.0042654858748009949 0.00091088226423677548 0.00016907589169087137
leaf_weight=2773 62 612 108 168 2844 244
leaf_count=2773 62 612 108 168 2844 244
internal_value=3.32194e-05 -0.000281132 0.000205674 0.00866471 0.00150794 0.00617345
internal_weight=6811 6581 5969 230 3196 352
internal_count=6811 6581 5969 230 3196 352
is_linear=0
shrinkage=0.01


Tree=307
num_leaves=7
num_cat=0
split_feature=0 15 2 17 7 2
split_gain=182.171 141.021 129.824 191.691 111.137 94.1026
threshold=1.0347645279323363 0.18319125436919845 0.41666666666666674 182.12333333333422 27.407250000000005 0.66658905693297787
decision_type=2 2 2 10 2 2
left_child=2 -2 3 -1 -3 -6
right_child=1 4 -4 -5 5 -7
leaf_value=0.019509356372989714 0.013341639596492726 -0.0045185542296733439 -0.001540638101442469 0.0011985210707016586 0.0065060053555928542 -0.00027437187579213356
leaf_weight=50 123 184 4342 1261 518 333
leaf_count=50 123 184 4342 1261 518 333
internal_value=3.34151e-05 0.0036292 -0.000708277 0.00203927 0.00235834 0.00388044
internal_weight=6811 1158 5653 1311 1035 851
internal_count=6811 1158 5653 1311 1035 851
is_linear=0
shrinkage=0.01


Tree=308
num_leaves=7
num_cat=0
split_feature=12 7 10 20 12 12
split_gain=171.803 196.07 152.712 75.2723 106.58 82.5149
threshold=2.9727379293480429 26.538750000000004 0.021234974916484069 38.500000000000036 0.0023971633962816502 1.0915986397280018
decision_type=2 2 2 10 2 2
left_child=1 -1 -3 4 -4 -6
right_child=-2 2 3 -5 5 -7
leaf_value=-0.0013627790944552493 -0.0033372865710092482 0.0065777179844849548 0.0037271047863856352 -0.0037040148773672481 -0.0031529913698430598 0.0027801694010459095
leaf_weight=2416 1228 680 1278 264 553 392
leaf_count=2416 1228 680 1278 264 553 392
internal_value=3.35827e-05 0.000779658 0.0024132 0.00125275 0.00185535 -0.000688488
internal_weight=6811 5583 3167 2487 2223 945
internal_count=6811 5583 3167 2487 2223 945
is_linear=0
shrinkage=0.01


Tree=309
num_leaves=7
num_cat=0
split_feature=0 2 14 16 14 10
split_gain=179.425 175.629 177.053 162.074 106.714 79.0966
threshold=1.2673108119294263 0.51691794760825449 0.084800791438325959 224.65000000000006 0.083224359763866371 0.019955804785169399
decision_type=2 2 2 10 2 2
left_child=1 2 3 4 -1 -3
right_child=-2 5 -4 -5 -6 -7
leaf_value=0.0048325444497168066 0.0085263866464908161 0.0022672702349984752 0.00063308032908198232 0.0034220487258147876 0.024855070505536307 -0.0020926040812941252
leaf_weight=50 230 463 2184 275 66 3543
leaf_count=50 230 463 2184 275 66 3543
internal_value=3.32692e-05 -0.000276044 0.00175752 0.00786589 0.0172932 -0.00158431
internal_weight=6811 6581 2575 391 116 4006
internal_count=6811 6581 2575 391 116 4006
is_linear=0
shrinkage=0.01


Tree=310
num_leaves=7
num_cat=0
split_feature=0 14 4 8 0 14
split_gain=175.977 144.462 110.408 71.8605 118.881 66.6077
threshold=1.2673108119294263 2.6415040341048548 -1.0000000180025095e-35 1421.0000000000002 1.0043020516136354 0.17021881020370608
decision_type=2 2 2 2 2 2
left_child=1 2 -1 4 -4 -5
right_child=-2 -3 3 5 -6 -7
leaf_value=-0.0007396905406677561 0.0084446754792006692 -0.0048590775633341604 0.0012282130772140992 0.0044519855553115176 0.010668180958997129 -0.00040041193834033521
leaf_weight=4027 230 612 321 381 222 1018
leaf_count=4027 230 612 321 381 222 1018
internal_value=3.35588e-05 -0.000272769 0.000204805 0.0021571 0.00521077 0.000943295
internal_weight=6811 6581 5969 1942 543 1399
internal_count=6811 6581 5969 1942 543 1399
is_linear=0
shrinkage=0.01


Tree=311
num_leaves=7
num_cat=0
split_feature=12 9 2 13 1 1
split_gain=165.5 129.807 110.594 158.875 97.1159 86.3143
threshold=2.9727379293480429 0.005083562788753682 0.29809015747477707 37.065115862870677 1.4176819274761803 1.2385254754724679
decision_type=2 2 2 2 2 2
left_child=1 2 3 -1 -3 -4
right_child=-2 4 5 -5 -6 -7
leaf_value=0.0081061061034130907 -0.0032749597174950512 0.00032287942105904222 -0.0020056628616338039 -0.0045291703708952285 0.0087969711050105443 0.00083403026579809971
leaf_weight=358 1228 230 1704 129 321 2841
leaf_count=358 1228 230 1704 129 321 2841
internal_value=3.34987e-05 0.00076576 0.000256566 0.0047354 0.0053285 -0.000232686
internal_weight=6811 5583 5032 487 551 4545
internal_count=6811 5583 5032 487 551 4545
is_linear=0
shrinkage=0.01


Tree=312
num_leaves=7
num_cat=0
split_feature=5 8 8 21 8 8
split_gain=139.038 98.9082 173.314 84.5943 119.79 224.244
threshold=1.049013132425564 1421.0000000000002 1127.0000000000002 17.650833333333328 1139.0000000000002 1123.0000000000002
decision_type=2 2 2 8 2 2
left_child=3 2 -2 4 5 -1
right_child=1 -3 -4 -5 -6 -7
leaf_value=-0.00043007076654716261 0.0030655784017860929 0.00090825912761804397 0.01732339275966991 -0.002199434783475241 -0.00036486371695098593 0.016665370177868153
leaf_weight=200 408 1191 100 2317 2481 114
leaf_count=200 408 1191 100 2317 2481 114
internal_value=3.32847e-05 0.0025031 0.00615248 -0.000790857 0.000380505 0.00609936
internal_weight=6811 1699 508 5112 2795 314
internal_count=6811 1699 508 5112 2795 314
is_linear=0
shrinkage=0.01


Tree=313
num_leaves=7
num_cat=0
split_feature=1 9 2 15 2 20
split_gain=162.422 142.922 91.276 82.4447 72.9352 70.6232
threshold=1.1123947530099836 0.005083562788753682 0.29809015747477707 1.6392701621403785 0.2448637316561845 34.10000000000003
decision_type=2 2 2 2 2 10
left_child=4 2 3 -2 -1 -4
right_child=1 -3 5 -5 -6 -7
leaf_value=0.0028443289876530142 0.0088116177245629607 0.0057295889041472413 0.00082635722144334999 -0.0043810097442474214 -0.0031609334048323403 -0.0020859306924397346
leaf_weight=222 206 554 2954 54 1673 1148
leaf_count=222 206 554 2954 54 1673 1148
internal_value=3.34645e-05 0.000992332 0.000378943 0.00601083 -0.00244618 8.22351e-06
internal_weight=6811 4916 4362 260 1895 4102
internal_count=6811 4916 4362 260 1895 4102
is_linear=0
shrinkage=0.01


Tree=314
num_leaves=7
num_cat=0
split_feature=0 2 8 20 8 20
split_gain=170.563 167.143 171.376 168.43 199.968 133.008
threshold=1.2673108119294263 0.51691794760825449 1338.0000000000002 38.000000000000036 1123.0000000000002 31.300000000000015
decision_type=2 2 2 10 2 10
left_child=1 2 3 4 -1 -6
right_child=-2 -3 -4 -5 5 -7
leaf_value=0.0032761560008305337 0.0083139663654146715 -0.0015445949324159474 0.00042752160758143822 -0.0050979580583050844 0.026265227920686206 0.0081407381269942829
leaf_weight=238 230 4006 2069 90 80 98
leaf_count=238 230 4006 2069 90 80 98
internal_value=3.32557e-05 -0.000268323 0.0017155 0.00687163 0.00952009 0.0172504
internal_weight=6811 6581 2575 506 416 178
internal_count=6811 6581 2575 506 416 178
is_linear=0
shrinkage=0.01


Tree=315
num_leaves=7
num_cat=0
split_feature=0 12 4 12 8 0
split_gain=167.286 132.471 100.385 81.8026 76.8438 95.4946
threshold=1.2673108119294263 2.9727379293480429 -1.0000000180025095e-35 1.1839263696174613 1470.5000000000002 1.0043020516136354
decision_type=2 2 2 2 2 2
left_child=1 2 -1 -2 5 -4
right_child=3 -3 4 -5 -6 -7
leaf_value=-0.00054663601376141505 0.015693778903324806 -0.0032133241020980319 0.0018915694465623857 0.0033696339974405329 0.00091893252996125567 0.010263552100366075
leaf_weight=3584 82 1228 336 148 1207 226
leaf_count=3584 82 1228 336 148 1207 226
internal_value=3.35064e-05 -0.000265162 0.000415889 0.00823429 0.00235808 0.00537881
internal_weight=6811 6581 5353 230 1769 562
internal_count=6811 6581 5353 230 1769 562
is_linear=0
shrinkage=0.01


Tree=316
num_leaves=7
num_cat=0
split_feature=1 2 20 8 1 8
split_gain=157.262 107.302 140.609 150.979 110.045 87.4896
threshold=1.1123947530099836 0.41917404857942125 38.200000000000024 1413.5000000000002 2.7106729477819109 1123.0000000000002
decision_type=2 2 10 2 2 2
left_child=-1 2 3 5 -3 -2
right_child=1 4 -4 -5 -6 -7
leaf_value=-0.0024063504274917419 0.0062017459297397486 -0.00027523214939255018 -0.011201943192631006 0.002746193338632851 0.0061700284977319773 0.020835262519045501
leaf_weight=1895 110 3583 50 827 276 70
leaf_count=1895 110 3583 50 827 276 70
internal_value=3.35873e-05 0.0009771 0.00378395 0.00463087 0.000200496 0.0126896
internal_weight=6811 4916 1057 1007 3859 180
internal_count=6811 4916 1057 1007 3859 180
is_linear=0
shrinkage=0.01


Tree=317
num_leaves=7
num_cat=0
split_feature=12 9 1 8 21 12
split_gain=155.274 119.96 93.679 78.986 120.786 127.699
threshold=2.9727379293480429 0.005083562788753682 1.4176819274761803 2393.0000000000005 17.425000000000029 0.0079365820836721519
decision_type=2 2 2 2 8 2
left_child=1 3 -3 4 5 -1
right_child=-2 2 -4 -5 -6 -7
leaf_value=0.0035760063805115078 -0.0031710432599937532 0.00021735786561233303 0.0085355665775584313 -0.0030127933961606006 -0.0010906405346822526 -0.0016792216812446714
leaf_weight=1794 1228 230 321 636 1987 615
leaf_count=1794 1228 230 321 636 1987 615
internal_value=3.3575e-05 0.000742851 0.00512912 0.000253338 0.000731637 0.00223299
internal_weight=6811 5583 551 5032 4396 2409
internal_count=6811 5583 551 5032 4396 2409
is_linear=0
shrinkage=0.01


Tree=318
num_leaves=7
num_cat=0
split_feature=12 7 10 8 8 15
split_gain=152.213 184.146 142.65 85.2997 91.4066 76.0168
threshold=2.9727379293480429 26.538750000000004 0.021234974916484069 1440.5000000000002 924.00000000000011 4.2457952378220734
decision_type=2 2 2 2 2 2
left_child=1 -1 3 4 -3 -4
right_child=-2 2 5 -5 -6 -7
leaf_value=-0.0013406780729173383 -0.0031395889898964847 0.0068495941088481792 0.0020991346183424665 0.0037871530528367204 0.021702827086815465 -0.0021578815259228634
leaf_weight=2416 1228 161 1963 464 55 524
leaf_count=2416 1228 161 1963 464 55 524
internal_value=3.32888e-05 0.00073554 0.00231865 0.00634359 0.0114246 0.00119715
internal_weight=6811 5583 3167 680 216 2487
internal_count=6811 5583 3167 680 216 2487
is_linear=0
shrinkage=0.01


Tree=319
num_leaves=7
num_cat=0
split_feature=14 10 14 2 14 11
split_gain=153.329 147.826 155.648 127.386 84.3547 113.082
threshold=2.6415040341048548 0.019955804785169399 0.17021881020370608 0.51691794760825449 0.084800791438325959 0.021801059045829203
decision_type=2 2 2 2 2 2
left_child=1 2 -1 4 5 -3
right_child=-2 3 -4 -5 -6 -7
leaf_value=0.010891025668767039 -0.004687707759589539 0.012815188632673578 0.0013635491427669945 -0.0013343342930914907 0.00092741492330666007 0.0012542815261090603
leaf_weight=251 615 141 510 3233 1863 198
leaf_count=251 615 141 510 3233 1863 198
internal_value=3.33634e-05 0.000508764 0.00460649 -7.23993e-05 0.00177804 0.00629222
internal_weight=6811 6196 761 5435 2202 339
internal_count=6811 6196 761 5435 2202 339
is_linear=0
shrinkage=0.01


Tree=320
num_leaves=7
num_cat=0
split_feature=14 10 14 2 14 11
split_gain=150.346 144.968 152.677 124.909 82.8003 110.985
threshold=2.6415040341048548 0.019955804785169399 0.17021881020370608 0.51691794760825449 0.084800791438325959 0.021801059045829203
decision_type=2 2 2 2 2 2
left_child=1 2 -1 4 5 -3
right_child=-2 3 -4 -5 -6 -7
leaf_value=0.01078628828527827 -0.0046415807032957673 0.012695523520302496 0.0013501758385592931 -0.0013210320958979202 0.00091819029966147005 0.0012423416114268968
leaf_weight=251 615 141 510 3233 1863 198
leaf_count=251 615 141 510 3233 1863 198
internal_value=3.3341e-05 0.000504094 0.00456201 -7.14243e-05 0.00176094 0.00623333
internal_weight=6811 6196 761 5435 2202 339
internal_count=6811 6196 761 5435 2202 339
is_linear=0
shrinkage=0.01


Tree=321
num_leaves=7
num_cat=0
split_feature=1 15 21 15 15 1
split_gain=149.235 84.3803 94.2549 128.66 186.531 75.9692
threshold=1.1123947530099836 0.64209147581209891 17.613333333333362 1.0477024586221126 1.028211211583139 2.7106729477819109
decision_type=2 2 10 2 2 2
left_child=-1 5 3 4 -3 -2
right_child=1 2 -4 -5 -6 -7
leaf_value=-0.0023435319179664132 0.0021486162280465329 0.0023264458914523697 -0.0021616493813329659 5.6016355201617617e-05 0.018895442137058745 0.011806862831418945
leaf_weight=1895 1829 258 1264 1405 84 76
leaf_count=1895 1829 258 1264 1405 84 76
internal_value=3.33159e-05 0.000952431 -9.10358e-05 0.00141088 0.00681721 0.00259357
internal_weight=6811 4916 3011 1747 342 1905
internal_count=6811 4916 3011 1747 342 1905
is_linear=0
shrinkage=0.01


Tree=322
num_leaves=7
num_cat=0
split_feature=12 7 2 7 17 13
split_gain=144.919 176.958 166.811 212.707 161.127 130.04
threshold=2.9727379293480429 26.538750000000004 0.52273094494268624 565.2225000000002 194.36166666666725 16.265073570448624
decision_type=2 2 2 2 10 2
left_child=1 -1 3 -3 -5 -4
right_child=-2 2 5 4 -6 -7
leaf_value=-0.0013166366613361047 -0.0030624821302543061 0.0027525635281182436 -0.0014692177980610405 0.024796490764654261 0.0076208050205028282 0.0036897976030094265
leaf_weight=2416 1228 850 1241 72 212 792
leaf_count=2416 1228 850 1241 72 212 792
internal_value=3.34333e-05 0.000718649 0.00227056 0.00532547 0.0126705 0.000548814
internal_weight=6811 5583 3167 1134 284 2033
internal_count=6811 5583 3167 1134 284 2033
is_linear=0
shrinkage=0.01


Tree=323
num_leaves=7
num_cat=0
split_feature=12 7 10 4 16 10
split_gain=142.102 173.557 133.133 93.861 78.3278 66.9361
threshold=2.9727379293480429 26.538750000000004 0.021234974916484069 0.28227252034324135 326.9500000000001 0.069283449343102183
decision_type=2 2 2 2 10 2
left_child=1 -1 3 4 -3 -4
right_child=-2 2 5 -5 -6 -7
leaf_value=-0.0013035245684074174 -0.0030321046787856508 0.0059854274969214803 0.001638547339664623 0.018243353101812926 -0.0059242351264471105 -0.0044400986429625356
leaf_weight=2416 1228 577 2300 50 53 187
leaf_count=2416 1228 577 2300 50 53 187
internal_value=3.35829e-05 0.000712107 0.00224903 0.00613742 0.00490659 0.00116554
internal_weight=6811 5583 3167 680 630 2487
internal_count=6811 5583 3167 680 630 2487
is_linear=0
shrinkage=0.01


Tree=324
num_leaves=7
num_cat=0
split_feature=1 4 8 8 7 8
split_gain=143.345 91.0069 85.997 237.309 119.445 64.6594
threshold=1.1123947530099836 0.029950221409949018 1421.0000000000002 1127.0000000000002 38.272050000000007 1173.0000000000002
decision_type=2 2 2 2 2 2
left_child=5 -2 3 4 -3 -1
right_child=1 2 -4 -5 -6 -7
leaf_value=0.0018739781733897942 5.6593913129836127e-05 -0.0047568058191488193 0.001328406278015649 0.021930414262979505 0.0068432598214817619 -0.0031026949224637061
leaf_weight=305 3477 122 976 73 268 1590
leaf_count=305 3477 122 976 73 268 1590
internal_value=3.34108e-05 0.000934207 0.00303972 0.00654282 0.00318632 -0.00229607
internal_weight=6811 4916 1439 463 390 1895
internal_count=6811 4916 1439 463 390 1895
is_linear=0
shrinkage=0.01


Tree=325
num_leaves=7
num_cat=0
split_feature=12 9 2 11 2 6
split_gain=138.323 113.486 103.39 71.6219 50.5758 46.4576
threshold=2.9727379293480429 0.005083562788753682 0.29809015747477707 0.011130594959556159 0.66658905693297787 1.0000000180025095e-35
decision_type=2 2 2 2 2 2
left_child=1 2 5 4 -4 -1
right_child=-2 -3 3 -5 -6 -7
leaf_value=0.0062741145351532081 -0.0029912135327462052 0.0049691268310296131 0.0057349329628758258 -0.00083268570710829694 0.00055541216586924979 -0.00082665250629417649
leaf_weight=368 1228 551 286 3733 526 119
leaf_count=368 1228 551 286 3733 526 119
internal_value=3.34311e-05 0.000702871 0.00022679 -0.000246213 0.0024273 0.0045573
internal_weight=6811 5583 5032 4545 812 487
internal_count=6811 5583 5032 4545 812 487
is_linear=0
shrinkage=0.01


Tree=326
num_leaves=7
num_cat=0
split_feature=2 17 13 9 3 3
split_gain=125.148 220.604 94.2016 79.3163 88.74 69.2137
threshold=0.41917404857942125 179.3900000000003 16.265073570448624 0.0069403480282166615 0.17966604237841516 0.013847587174118903
decision_type=2 8 2 2 2 2
left_child=1 -1 -2 4 -4 -5
right_child=2 -3 3 5 -6 -7
leaf_value=0.018382876729031643 -0.0016945859078226785 0.0016118102172341883 -0.002440868467489833 -0.00031816583339657102 0.0022408658850800482 0.013406027753121391
leaf_weight=73 3397 1492 639 60 1067 83
leaf_count=73 3397 1492 639 60 1067 83
internal_value=3.32857e-05 0.00250585 -0.000707701 0.00110478 0.000483269 0.0080032
internal_weight=6811 1565 5246 1849 1706 143
internal_count=6811 1565 5246 1849 1706 143
is_linear=0
shrinkage=0.01


Tree=327
num_leaves=7
num_cat=0
split_feature=12 7 2 7 20 7
split_gain=134.595 168.454 160.641 207.143 283.384 109.246
threshold=2.9727379293480429 26.538750000000004 0.52273094494268624 565.2225000000002 38.200000000000024 1697.5800000000002
decision_type=2 2 2 2 10 2
left_child=1 -1 3 -3 -5 -4
right_child=-2 2 5 4 -6 -7
leaf_value=-0.0012919937628198504 -0.0029502024876630097 0.0026675038967439958 0.0018128656621273153 0.017914503150681656 -0.0046756572433146112 -0.0035880178935130641
leaf_weight=2416 1228 850 1550 215 69 483
leaf_count=2416 1228 850 1550 215 69 483
internal_value=3.341e-05 0.000693767 0.00220794 0.0052058 0.0124537 0.000518442
internal_weight=6811 5583 3167 1134 284 2033
internal_count=6811 5583 3167 1134 284 2033
is_linear=0
shrinkage=0.01


Tree=328
num_leaves=7
num_cat=0
split_feature=14 2 7 20 4 15
split_gain=140.831 110.32 172.425 335.013 84.2375 51.6687
threshold=2.6415040341048548 0.41917404857942125 666.19845000000009 38.200000000000024 0.34664810813682873 0.3531559894771617
decision_type=2 2 2 10 2 2
left_child=1 2 -1 -4 5 -3
right_child=-2 4 3 -5 -6 -7
leaf_value=0.0015867572905827823 -0.0044913518765680492 0.0014129100398643443 0.021294528576395206 -0.0071602180504211875 0.010474525776614126 -0.0010265937574445575
leaf_weight=1311 615 1143 114 56 62 3510
leaf_count=1311 615 1143 114 56 62 3510
internal_value=3.32209e-05 0.000488833 0.00285986 0.0120442 -0.000260393 -0.00042559
internal_weight=6811 6196 1481 170 4715 4653
internal_count=6811 6196 1481 170 4715 4653
is_linear=0
shrinkage=0.01


Tree=329
num_leaves=7
num_cat=0
split_feature=0 14 1 13 17 14
split_gain=155.604 121.024 117.101 74.9247 72.2994 371.373
threshold=1.2673108119294263 2.6415040341048548 0.89035637348639429 11.795512369064053 194.36166666666725 0.11628642233052551
decision_type=2 2 2 2 10 2
left_child=1 2 -1 -2 5 -4
right_child=3 -3 4 -5 -6 -7
leaf_value=-0.0045768532337718193 0.0033190863313586833 -0.0044526408306641918 0.018127709351104797 0.015147907415834756 0.00022519423437714214 -0.00098513322253409143
leaf_weight=466 149 612 129 81 4999 375
leaf_count=466 149 612 129 81 4999 375
internal_value=3.32125e-05 -0.00025484 0.000182287 0.00794248 0.000592867 0.00416435
internal_weight=6811 6581 5969 230 5503 504
internal_count=6811 6581 5969 230 5503 504
is_linear=0
shrinkage=0.01


Tree=330
num_leaves=7
num_cat=0
split_feature=1 2 1 15 2 8
split_gain=135.833 95.473 100.791 80.1039 65.2263 63.0503
threshold=1.1123947530099836 0.41917404857942125 2.7106729477819109 0.3531559894771617 0.2448637316561845 2344.0000000000005
decision_type=2 2 2 2 2 2
left_child=4 -2 -3 -4 5 -1
right_child=1 2 3 -5 -6 -7
leaf_value=0.0058620953857470518 0.0035577668689306774 -0.00027761903600121189 0.016222558712586762 0.0030143241431974505 -0.0029104997201614192 -0.0055597305823774906
leaf_weight=164 1057 3583 50 226 1673 58
leaf_count=164 1057 3583 50 226 1673 58
internal_value=3.32734e-05 0.000910147 0.00017763 0.00589068 -0.00223435 0.002767
internal_weight=6811 4916 3859 276 1895 222
internal_count=6811 4916 3859 276 1895 222
is_linear=0
shrinkage=0.01


Tree=331
num_leaves=7
num_cat=0
split_feature=14 12 7 9 17 14
split_gain=134.781 107.249 109.154 116.732 110.457 213.539
threshold=2.6415040341048548 2.9727379293480429 15.556050000000001 0.0061645734911028221 194.36166666666725 0.17021881020370608
decision_type=2 2 2 2 8 2
left_child=1 2 -1 4 5 -4
right_child=-2 -3 3 -5 -6 -7
leaf_value=-0.0013101983221051453 -0.0043930887456182389 -0.0026051491649787266 0.014110892286034007 0.0083025106144040024 0.00078460218806746332 -8.8784811947210484e-05
leaf_weight=1432 615 945 180 257 3143 239
leaf_count=1432 615 945 180 257 3143 239
internal_value=3.32326e-05 0.000478949 0.00103788 0.00191945 0.00143696 0.00619805
internal_weight=6811 6196 5251 3819 3562 419
internal_count=6811 6196 5251 3819 3562 419
is_linear=0
shrinkage=0.01


Tree=332
num_leaves=7
num_cat=0
split_feature=14 1 7 12 20 14
split_gain=132.154 129.93 77.5741 134.381 198.01 157.412
threshold=2.6415040341048548 0.89035637348639429 26.538750000000004 0.0079365820836721519 38.500000000000036 0.14493040109192143
decision_type=2 2 2 2 10 2
left_child=1 -1 -3 4 5 -4
right_child=-2 2 3 -5 -6 -7
leaf_value=-0.004535893735787091 -0.0043498607526160776 -0.00054871101924017294 0.0098964428775016808 -0.00038904599318285662 -0.0057779243792884238 0.002902702178404294
leaf_weight=468 615 2261 422 1528 195 1322
leaf_count=468 615 2261 422 1528 195 1322
internal_value=3.31172e-05 0.000474469 0.000891027 0.00182883 0.00356962 0.00464177
internal_weight=6811 6196 5728 3467 1939 1744
internal_count=6811 6196 5728 3467 1939 1744
is_linear=0
shrinkage=0.01


Tree=333
num_leaves=7
num_cat=0
split_feature=1 9 14 2 14 15
split_gain=130.197 124.245 91.9447 88.3111 69.0571 58.6949
threshold=1.1123947530099836 0.005083562788753682 2.6415040341048548 0.29809015747477707 0.084800791438325959 1.7245124024971086
decision_type=2 2 2 2 2 2
left_child=4 2 3 -2 -1 -3
right_child=1 5 -4 -5 -6 -7
leaf_value=0.0037219851050340671 0.0064022935739200173 0.0076085563141972149 -0.0047994623121733852 0.0003440629996957008 -0.0027915425894869494 0.00074082308490760627
leaf_weight=171 247 364 315 3800 1724 190
leaf_count=171 247 364 315 3800 1724 190
internal_value=3.2745e-05 0.000891232 0.000319406 0.000728684 -0.00218733 0.00530809
internal_weight=6811 4916 4362 4047 1895 554
internal_count=6811 4916 4362 4047 1895 554
is_linear=0
shrinkage=0.01


Tree=334
num_leaves=7
num_cat=0
split_feature=14 10 14 10 21 8
split_gain=127.412 126.051 142.788 91.967 73.2344 66.8461
threshold=2.6415040341048548 0.019955804785169399 0.17021881020370608 0.068025517173600877 11.235833333333344 2305.5000000000005
decision_type=2 2 2 2 10 2
left_child=1 2 5 -3 -4 -1
right_child=-2 3 4 -5 -6 -7
leaf_value=0.019885500624775888 -0.0042710456345528367 0.00034143157232922682 -0.0065893566029146316 -0.0041625717468023165 0.0029198429526133074 0.0070469557000456548
leaf_weight=50 615 4946 90 489 420 201
leaf_count=50 615 4946 90 489 420 201
internal_value=3.25821e-05 0.000465944 0.00424985 -7.07049e-05 0.0011473 0.0102683
internal_weight=6811 6196 761 5435 510 251
internal_count=6811 6196 761 5435 510 251
is_linear=0
shrinkage=0.01


Tree=335
num_leaves=7
num_cat=0
split_feature=15 7 17 7 2 13
split_gain=123.103 151.787 150.99 218.12 144.094 124.904
threshold=3.9907509541349477 26.538750000000004 202.11166666666676 357.75855000000007 0.68058377164761319 1.068350460955837
decision_type=2 2 10 2 2 2
left_child=1 -1 3 -3 -5 -4
right_child=-2 2 5 4 -6 -7
leaf_value=-0.0012178491861209314 -0.0026600690931689532 0.0011907012617533527 -0.0031339596158132155 0.02115010972104809 0.0016474487861761681 0.0023070993972213643
leaf_weight=2344 1350 236 513 126 55 2187
leaf_count=2344 1350 236 513 126 55 2187
internal_value=3.24787e-05 0.000701742 0.00214456 0.0076731 0.0156204 0.00126555
internal_weight=6811 5461 3117 417 181 2700
internal_count=6811 5461 3117 417 181 2700
is_linear=0
shrinkage=0.01


Tree=336
num_leaves=7
num_cat=0
split_feature=14 10 13 2 14 2
split_gain=123.715 122.519 148.604 109.594 90.3128 76.6147
threshold=2.6415040341048548 0.019955804785169399 46.681621175590799 0.51691794760825449 2.315718638934555 0.6507983648385578
decision_type=2 2 2 2 2 2
left_child=1 2 4 -3 5 -1
right_child=-2 3 -4 -5 -6 -7
leaf_value=0.010862459405229763 -0.0042082876921892163 0.0016467569284778927 -0.0042127908766269682 -0.0012401073661559893 -0.0024064102362009506 0.0025861434957065244
leaf_weight=331 615 2202 159 3233 93 178
leaf_count=331 615 2202 159 3233 93 178
internal_value=3.24366e-05 0.000459463 0.00418998 -6.96128e-05 0.00644188 0.00807378
internal_weight=6811 6196 761 5435 602 509
internal_count=6811 6196 761 5435 602 509
is_linear=0
shrinkage=0.01


Tree=337
num_leaves=7
num_cat=0
split_feature=10 13 2 7 5 19
split_gain=114.607 129.321 118.827 210.533 106.131 76.7039
threshold=0.019796903093877095 46.681621175590799 0.51691794760825449 666.19845000000009 1.8143995640943189 289.39533580144013
decision_type=2 2 2 2 2 10
left_child=1 4 3 -2 -1 -5
right_child=2 -3 -4 5 -6 -7
leaf_value=0.0041602047794710908 0.00040485023251211189 -0.0045163774367751952 -0.0015438417336147675 0.019638748459360551 0.017752637256600076 0.0059950443901694737
leaf_weight=560 2148 148 3705 61 56 133
leaf_count=560 2148 148 3705 61 56 133
internal_value=3.21566e-05 0.00365556 -0.000430917 0.00132879 0.00565973 0.0110375
internal_weight=6811 764 6047 2342 616 194
internal_count=6811 764 6047 2342 616 194
is_linear=0
shrinkage=0.01


Tree=338
num_leaves=7
num_cat=0
split_feature=0 2 17 10 1 2
split_gain=147.913 134.012 155.859 69.0228 56.3766 56.3075
threshold=1.2673108119294263 0.51691794760825449 175.8866666666672 0.023116111152882968 1.5977846757459158 0.28385749713381719
decision_type=2 2 10 2 2 2
left_child=1 2 -1 -2 -3 -4
right_child=3 4 5 -5 -6 -7
leaf_value=0.012424307265728712 0.014479652271615935 -0.0020791334353960755 0.003814738392748426 0.0031885773537513348 0.00064452942621273602 0.00016799028710967961
leaf_weight=115 84 2994 533 146 1012 1927
leaf_count=115 84 2994 533 146 1012 1927
internal_value=3.24492e-05 -0.000248395 0.00152798 0.00774377 -0.00139119 0.000970364
internal_weight=6811 6581 2575 230 4006 2460
internal_count=6811 6581 2575 230 4006 2460
is_linear=0
shrinkage=0.01


Tree=339
num_leaves=7
num_cat=0
split_feature=0 2 7 21 15 15
split_gain=145.231 131.406 332.205 146.547 84.3675 75.1652
threshold=1.2673108119294263 0.51691794760825449 357.75855000000007 18.640000000000033 1.028211211583139 0.74691187563582562
decision_type=2 2 2 10 2 2
left_child=1 2 5 -4 -2 -1
right_child=4 -3 3 -5 -6 -7
leaf_value=0.0017251451742043473 0.016801803506354594 -0.0013773110573813926 0.016786588805224649 0.0027164624580847362 0.0035503218625410555 -0.0019431190931125783
leaf_weight=1309 62 4006 177 130 168 959
leaf_count=1309 62 4006 177 130 168 959
internal_value=3.26033e-05 -0.000245684 0.00151334 0.0111022 0.0076737 0.000172337
internal_weight=6811 6581 2575 307 230 2268
internal_count=6811 6581 2575 307 230 2268
is_linear=0
shrinkage=0.01


Tree=340
num_leaves=7
num_cat=0
split_feature=1 9 2 1 12 2
split_gain=122.688 118.822 93.5329 63.4745 68.7374 60.0624
threshold=1.1123947530099836 0.0069403480282166615 0.41917404857942125 2.7106729477819109 0.69736379633180234 0.2448637316561845
decision_type=2 2 2 2 2 2
left_child=5 2 -2 -4 -5 -1
right_child=1 -3 3 4 -6 -7
leaf_value=0.0026765370771493604 0.0032597251518158986 0.0071694568196205913 -0.00058986870244208379 0.01187637890104291 0.00076278003430817025 -0.0027711655290317033
leaf_weight=222 952 272 3454 76 162 1673
leaf_count=222 952 272 3454 76 162 1673
internal_value=3.28381e-05 0.000866201 0.000482406 -0.00024061 0.00464745 -0.00212227
internal_weight=6811 4916 4644 3692 238 1895
internal_count=6811 4916 4644 3692 238 1895
is_linear=0
shrinkage=0.01


Tree=341
num_leaves=7
num_cat=0
split_feature=1 20 2 17 6 1
split_gain=120.284 85.7413 115.483 101.66 90.895 81.9056
threshold=1.1123947530099836 38.300000000000018 0.41917404857942125 196.67000000000004 1.0000000180025095e-35 2.7106729477819109
decision_type=2 10 2 8 2 2
left_child=-1 2 3 -2 -5 -4
right_child=1 -3 5 4 -6 -7
leaf_value=-0.0021010473753115422 0.014186943498670414 -0.0042372319602197216 -8.1605548013142883e-05 0.0046418444516428048 -0.0031999288447782078 0.0055125166040937033
leaf_weight=1895 83 300 3334 749 176 274
leaf_count=1895 83 300 3334 749 176 274
internal_value=3.28379e-05 0.000857995 0.00119758 0.00417226 0.00313152 0.000357287
internal_weight=6811 4916 4616 1008 925 3608
internal_count=6811 4916 4616 1008 925 3608
is_linear=0
shrinkage=0.01


Tree=342
num_leaves=7
num_cat=0
split_feature=0 15 20 8 13 18
split_gain=140.493 91.7585 88.5771 144.808 102.727 102.866
threshold=1.2673108119294263 3.3574653292706143 38.500000000000036 1344.5000000000002 0.17926856918715153 0.0040460381213941543
decision_type=2 2 10 2 2 2
left_child=1 2 3 4 -1 -6
right_child=-2 -3 -4 -5 5 -7
leaf_value=-0.0050459151846115238 0.0075481293115299197 -0.0023880437881203991 -0.0049223416149109401 -0.00012439870857158762 -0.0021555787970783651 0.0070034208239618144
leaf_weight=98 230 1519 284 3851 144 685
leaf_count=98 230 1519 284 3851 144 685
internal_value=3.27254e-05 -0.000240985 0.00040674 0.000733115 0.00425876 0.00540574
internal_weight=6811 6581 5062 4778 927 829
internal_count=6811 6581 5062 4778 927 829
is_linear=0
shrinkage=0.01


Tree=343
num_leaves=7
num_cat=0
split_feature=14 12 4 15 16 20
split_gain=117.524 97.1706 76.8199 74.214 65.9956 86.9466
threshold=2.6415040341048548 2.9727379293480429 -1.0000000180025095e-35 4.1400076127623953 319.9500000000001 26.200000000000021
decision_type=2 2 2 2 10 10
left_child=1 2 -1 4 -4 -6
right_child=-2 -3 3 -5 5 -7
leaf_value=0.00010298873743651551 -0.0041008608155809348 -0.002486993007659327 0.0041774219292347514 -0.0054083005436311631 -0.00992502678232857 0.0018061739553883818
leaf_weight=3445 615 945 1332 99 69 306
leaf_count=3445 615 945 1332 99 69 306
internal_value=3.23969e-05 0.000448601 0.00098063 0.00264497 0.00314081 -0.000554094
internal_weight=6811 6196 5251 1806 1707 375
internal_count=6811 6196 5251 1806 1707 375
is_linear=0
shrinkage=0.01


Tree=344
num_leaves=7
num_cat=0
split_feature=0 14 0 3 3 8
split_gain=137.492 100.461 70.3934 48.3549 47.5325 80.1936
threshold=1.2673108119294263 2.6415040341048548 0.87034476625818791 0.53743015800773397 0.33341954202628349 1413.5000000000002
decision_type=2 2 2 2 2 2
left_child=1 2 -1 -2 5 -4
right_child=3 -3 4 -5 -6 -7
leaf_value=-0.0010045707682525772 0.012189738880842925 -0.0040635102618915417 0.0046701534471541772 0.0028900370827910529 -0.0011093950057051057 0.00068827678250971223
leaf_weight=2773 105 612 697 125 706 1793
leaf_count=2773 105 612 697 125 706 1793
internal_value=3.18408e-05 -0.00023893 0.000159343 0.00746656 0.00116919 0.0018171
internal_weight=6811 6581 5969 230 3196 2490
internal_count=6811 6581 5969 230 3196 2490
is_linear=0
shrinkage=0.01


Tree=345
num_leaves=7
num_cat=0
split_feature=0 1 7 3 7 20
split_gain=134.979 96.7238 73.3773 73.1497 140.976 265.506
threshold=1.2673108119294263 0.89035637348639429 36.914400000000008 0.36845372503541823 357.75855000000007 38.200000000000024
decision_type=2 2 2 2 2 10
left_child=1 -1 -3 4 -4 -6
right_child=-2 2 3 -5 5 -7
leaf_value=-0.0043374084774316741 0.007398180086864159 -0.0010742037886662971 0.00077736957945246917 -0.0013721376886918076 0.010966128887776188 -0.0052880791293989336
leaf_weight=519 230 2775 1933 856 368 130
leaf_count=519 230 2775 1933 856 368 130
internal_value=3.17314e-05 -0.000236553 0.000121108 0.00113043 0.00201364 0.00670249
internal_weight=6811 6581 6062 3287 2431 498
internal_count=6811 6581 6062 3287 2431 498
is_linear=0
shrinkage=0.01


Tree=346
num_leaves=7
num_cat=0
split_feature=1 20 8 6 17 10
split_gain=113.342 81.7857 79.394 87.0567 73.2193 106.826
threshold=1.1123947530099836 38.300000000000018 1240.5000000000002 1.0000000180025095e-35 202.11166666666676 0.032605189010684155
decision_type=2 10 2 2 8 2
left_child=-1 2 4 -4 5 -2
right_child=1 -3 3 -5 -6 -7
leaf_value=-0.0020398757717204879 0.013690531494930901 -0.004143757325236596 0.0011514133412300384 -0.003211705251977625 0.0022836104371158563 -0.0027778499039510887
leaf_weight=1895 135 300 3255 522 654 50
leaf_count=1895 135 300 3255 522 654 50
internal_value=3.15178e-05 0.00083251 0.00116418 0.00054152 0.00392788 0.00932542
internal_weight=6811 4916 4616 3777 839 185
internal_count=6811 4916 4616 3777 839 185
is_linear=0
shrinkage=0.01


Tree=347
num_leaves=7
num_cat=0
split_feature=0 2 7 21 7 12
split_gain=132.037 122.047 317.052 139.303 72.7694 70.1819
threshold=1.2673108119294263 0.51691794760825449 357.75855000000007 17.72916666666676 1697.5800000000002 1.1839263696174613
decision_type=2 2 2 10 2 2
left_child=1 2 -1 4 -4 -2
right_child=5 -3 3 -5 -6 -7
leaf_value=0.0001511651369688061 0.014217563897938185 -0.0013246564793432962 0.00950100324974925 0.0033907580757752444 0.024489265767079368 0.0028358597188150583
leaf_weight=2268 82 4006 92 146 69 148
leaf_count=2268 82 4006 92 146 69 148
internal_value=3.12752e-05 -0.00023407 0.00146115 0.0108287 0.016981 0.00731701
internal_weight=6811 6581 2575 307 161 230
internal_count=6811 6581 2575 307 161 230
is_linear=0
shrinkage=0.01


Tree=348
num_leaves=7
num_cat=0
split_feature=14 12 13 4 8 8
split_gain=111.451 92.9221 92.4303 100.001 88.9384 142.926
threshold=2.6415040341048548 2.9727379293480429 56.144846009606745 0.029950221409949018 1422.5000000000002 810.50000000000011
decision_type=2 2 2 2 2 2
left_child=1 2 3 -1 5 -5
right_child=-2 -3 -4 4 -6 -7
leaf_value=0.00054854501077816959 -0.0039933083749134094 -0.0024336462408214008 -0.0033704771543956007 0.0002032894919972 0.0019468152183025195 0.012747214413526605
leaf_weight=3659 615 945 442 149 777 224
leaf_count=3659 615 945 442 149 777 224
internal_value=3.17433e-05 0.000437051 0.000957322 0.00136126 0.0039201 0.00787251
internal_weight=6811 6196 5251 4809 1150 373
internal_count=6811 6196 5251 4809 1150 373
is_linear=0
shrinkage=0.01


Tree=349
num_leaves=7
num_cat=0
split_feature=14 10 14 10 18 20
split_gain=109.273 108.847 135 82.3358 71.4798 67.3959
threshold=2.6415040341048548 0.019955804785169399 0.17021881020370608 0.068025517173600877 0.003195015521825707 26.700000000000021
decision_type=2 2 2 2 2 10
left_child=1 2 4 -3 -1 -4
right_child=-2 3 5 -5 -6 -7
leaf_value=0.0016984883869687716 -0.0039540142330750823 0.00032410857843870203 -0.0057854738092830036 -0.0039375325038708102 0.01328736629259891 0.0028177944932822998
leaf_weight=80 615 4946 107 489 171 403
leaf_count=80 615 4946 107 489 171 403
internal_value=3.15086e-05 0.000432836 0.00394906 -6.58488e-05 0.0098003 0.000936247
internal_weight=6811 6196 761 5435 251 510
internal_count=6811 6196 761 5435 251 510
is_linear=0
shrinkage=0.01


Tree=350
num_leaves=7
num_cat=0
split_feature=14 10 13 16 2 7
split_gain=107.136 106.769 139.25 126.903 94.3521 182.07
threshold=2.6415040341048548 0.019955804785169399 46.681621175590799 330.25000000000006 0.51691794760825449 666.19845000000009
decision_type=2 2 2 10 2 2
left_child=1 2 3 -1 5 -3
right_child=-2 4 -4 -5 -6 -7
leaf_value=0.0077288173704180424 -0.0039151067313253881 0.00060971195359630801 -0.0042177556016476901 -0.0061050701505229931 -0.0011513085852182122 0.01052927747181635
leaf_weight=534 615 2008 159 68 3233 194
leaf_count=534 615 2008 159 68 3233 194
internal_value=3.12588e-05 0.000428643 0.00391113 0.00609196 -6.52566e-05 0.00152729
internal_weight=6811 6196 761 602 5435 2202
internal_count=6811 6196 761 602 5435 2202
is_linear=0
shrinkage=0.01


Tree=351
num_leaves=7
num_cat=0
split_feature=1 15 12 8 22 5
split_gain=108.535 73.1251 69.1056 73.2 69.7189 56.7639
threshold=1.0001537726444767 10.619077735791935 2.9727379293480429 2393.0000000000005 10.700000000000019 0.76386452666084381
decision_type=2 2 2 2 10 2
left_child=-1 2 3 4 5 -2
right_child=1 -3 -4 -5 -6 -7
leaf_value=-0.0028618791887062441 0.00015696015077613671 -0.0056073456469268815 -0.0018874230096500718 -0.0019686115507230851 -0.0025460923189265568 0.0028790007331878226
leaf_weight=1080 1066 175 816 608 342 2724
leaf_count=1080 1066 175 816 608 342 2724
internal_value=3.09972e-05 0.000580192 0.000784808 0.00124784 0.00172474 0.00211581
internal_weight=6811 5731 5556 4740 4132 3790
internal_count=6811 5731 5556 4740 4132 3790
is_linear=0
shrinkage=0.01


Tree=352
num_leaves=7
num_cat=0
split_feature=14 9 15 17 14 21
split_gain=103.999 85.2282 72.8463 63.0846 258.646 55.7213
threshold=2.6415040341048548 0.0045037110188720494 3.9907509541349477 194.36166666666725 0.11628642233052551 8.7483333333333704
decision_type=2 2 2 8 2 8
left_child=1 3 -3 4 -1 -5
right_child=-2 2 -4 5 -6 -7
leaf_value=0.014325197966004543 -0.0038576419366374609 0.0044095682601575665 -0.0055507665859108948 -0.0048174983425045108 -0.00103907231942831 -0.0001346553002159392
leaf_weight=141 615 728 73 259 395 4600
leaf_count=141 615 728 73 259 395 4600
internal_value=3.05137e-05 0.000422037 0.00344457 -3.22641e-05 0.00319099 -0.000393647
internal_weight=6811 6196 801 5395 536 4859
internal_count=6811 6196 801 5395 536 4859
is_linear=0
shrinkage=0.01


Tree=353
num_leaves=7
num_cat=0
split_feature=1 14 15 20 14 13
split_gain=105.979 98.0581 69.1536 64.784 109.314 87.3786
threshold=1.0001537726444767 2.6415040341048548 10.696579570763875 38.500000000000036 0.084800791438325959 51.565230159841271
decision_type=2 2 2 10 2 2
left_child=-1 2 3 4 5 -2
right_child=1 -3 -4 -5 -6 -7
leaf_value=-0.0028283568056088814 0.0073581464761406368 -0.0038783871011681889 -0.0056986915027741102 -0.0032441438386095925 0.00087238370970048481 -0.0022237797357862995
leaf_weight=1080 466 446 142 306 4257 114
leaf_count=1080 466 446 142 306 4257 114
internal_value=3.02575e-05 0.000572948 0.000955211 0.00114963 0.00143371 0.00546903
internal_weight=6811 5731 5285 5143 4837 580
internal_count=6811 5731 5285 5143 4837 580
is_linear=0
shrinkage=0.01


Tree=354
num_leaves=7
num_cat=0
split_feature=0 14 4 7 13 4
split_gain=126.699 86.8112 68.2167 73.5876 66.8263 60.0808
threshold=1.2673108119294263 2.6415040341048548 0.013413265923295671 15.556050000000001 11.795512369064053 0.28227252034324135
decision_type=2 2 2 2 2 2
left_child=1 2 -1 -4 -2 -5
right_child=4 -3 3 5 -6 -7
leaf_value=-0.00051989983292597504 0.0028270206469222436 -0.0037853828676611486 -0.0015004191839986683 0.0025753563686113827 0.013961841905346285 0.011953213639255311
leaf_weight=4323 149 612 461 1121 81 64
leaf_count=4323 149 612 461 1121 81 64
internal_value=2.98135e-05 -0.000230112 0.000140131 0.00186629 0.00716677 0.00317763
internal_weight=6811 6581 5969 1646 230 1185
internal_count=6811 6581 5969 1646 230 1185
is_linear=0
shrinkage=0.01


Tree=355
num_leaves=7
num_cat=0
split_feature=0 14 15 4 17 0
split_gain=124.411 85.1195 79.1823 66.9044 85.0947 47.1335
threshold=1.2673108119294263 2.6415040341048548 1.028211211583139 0.013413265923295671 184.29833333333315 0.7396842927330779
decision_type=2 2 2 2 10 2
left_child=1 3 -2 5 -5 -1
right_child=2 -3 -4 4 -6 -7
leaf_value=-0.0025851288582288919 0.015933430576696991 -0.0037481376204461492 0.0031308738874229651 0.012900124861122067 0.0013737693517444115 1.064838219880875e-05
leaf_weight=867 62 612 168 57 1589 3456
leaf_count=867 62 612 168 57 1589 3456
internal_value=2.98894e-05 -0.000227678 0.00710209 0.000138939 0.00184841 -0.000514713
internal_weight=6811 6581 230 5969 1646 4323
internal_count=6811 6581 230 5969 1646 4323
is_linear=0
shrinkage=0.01


Tree=356
num_leaves=7
num_cat=0
split_feature=1 9 6 1 1 18
split_gain=102.118 82.3081 86.3077 53.7798 53.4433 62.4023
threshold=1.0001537726444767 0.0045037110188720494 1.0000000180025095e-35 1.1175703497623757 2.7106729477819109 0.0099415844050596003
decision_type=2 2 2 2 2 2
left_child=-1 2 4 -3 5 -2
right_child=1 3 -4 -5 -6 -7
leaf_value=-0.0027760656122139595 -0.00062330927532868298 -0.0045717723481357095 -0.0035370365885790062 0.0043752512222358124 0.005738102010602414 0.0018823094609197212
leaf_weight=1080 2610 66 571 711 181 1592
leaf_count=1080 2610 66 571 711 181 1592
internal_value=2.99866e-05 0.000562698 8.52838e-05 0.00356684 0.000564163 0.000328203
internal_weight=6811 5731 4954 777 4383 4202
internal_count=6811 5731 4954 777 4383 4202
is_linear=0
shrinkage=0.01


Tree=357
num_leaves=7
num_cat=0
split_feature=0 2 13 21 14 14
split_gain=120.995 112.605 80.2746 89.8142 187.813 81.7487
threshold=1.2673108119294263 0.41917404857942125 29.189515306662237 17.498333333333356 0.084800791438325959 0.083224359763866371
decision_type=2 2 2 8 2 2
left_child=1 2 3 4 5 -1
right_child=-2 -3 -4 -5 -6 -7
leaf_value=0.0070625785646373273 0.0070041244142630601 -0.00094689936582591618 -0.0014055963118934766 9.57097947399262e-05 0.0032012868070668546 0.024543706623508649
leaf_weight=63 230 5043 448 441 528 58
leaf_count=63 230 5043 448 441 528 58
internal_value=2.96939e-05 -0.000224313 0.00213581 0.00359091 0.00592843 0.0166759
internal_weight=6811 6581 1538 1090 649 121
internal_count=6811 6581 1538 1090 649 121
is_linear=0
shrinkage=0.01


Tree=358
num_leaves=7
num_cat=0
split_feature=12 9 13 16 10 13
split_gain=97.8559 87.4682 90.8829 86.6143 64.5641 60.3984
threshold=2.9727379293480429 0.005083562788753682 56.144846009606745 228.00000000000003 0.019796903093877095 37.446588971228628
decision_type=2 2 2 10 2 2
left_child=1 2 4 -3 -1 -5
right_child=-2 3 -4 5 -6 -7
leaf_value=0.0036764021964953405 -0.0025140465332194411 0.011659521521734341 -0.004890688415166565 -0.0012805759320493604 9.5053583097855481e-05 0.006053218394297206
leaf_weight=563 1228 116 321 234 4148 201
leaf_count=563 1228 116 321 234 4148 201
internal_value=2.99768e-05 0.000593038 0.000175128 0.00433845 0.000529932 0.00216802
internal_weight=6811 5583 5032 551 4711 435
internal_count=6811 5583 5032 551 4711 435
is_linear=0
shrinkage=0.01


Tree=359
num_leaves=7
num_cat=0
split_feature=0 2 7 20 7 1
split_gain=118.219 110.897 296.412 233.75 73.1007 56.278
threshold=1.2673108119294263 0.51691794760825449 357.75855000000007 38.000000000000036 666.19845000000009 1.0295897279408155
decision_type=2 2 2 10 2 2
left_child=1 2 5 4 -4 -1
right_child=-2 -3 3 -5 -6 -7
leaf_value=-0.0034722981493256685 0.0069238367544797565 -0.0012607926361262972 0.0069786640595644713 -0.004688467366777989 0.019510663575069472 0.000810895807076356
leaf_weight=355 230 4006 90 73 144 1913
leaf_count=355 230 4006 90 73 144 1913
internal_value=2.98647e-05 -0.000221213 0.00139471 0.0104523 0.0151742 0.000128167
internal_weight=6811 6581 2575 307 234 2268
internal_count=6811 6581 2575 307 234 2268
is_linear=0
shrinkage=0.01


Tree=360
num_leaves=7
num_cat=0
split_feature=1 15 20 8 12 13
split_gain=99.1992 83.5755 96.1286 160.491 163.965 125.639
threshold=0.89035637348639429 3.9907509541349477 38.500000000000036 1344.5000000000002 0.0044231809480558505 55.969718817591925
decision_type=2 2 10 2 2 2
left_child=-1 2 3 4 5 -2
right_child=1 -3 -4 -5 -6 -7
leaf_value=-0.0041209450535995363 0.011425606619108037 -0.0020421649207808886 -0.0046917731851176042 0.00035948095878906504 0.00056198569698577051 -0.00088418458843916913
leaf_weight=521 388 1153 278 3915 453 103
leaf_count=521 388 1153 278 3915 453 103
internal_value=2.99297e-05 0.000379742 0.00092625 0.00125665 0.00493467 0.0088772
internal_weight=6811 6290 5137 4859 944 491
internal_count=6811 6290 5137 4859 944 491
is_linear=0
shrinkage=0.01


Tree=361
num_leaves=7
num_cat=0
split_feature=0 1 12 7 12 16
split_gain=115.489 84.2047 65.3454 64.3785 118.183 117.536
threshold=1.2673108119294263 0.89035637348639429 1.1839263696174613 36.914400000000008 0.043168965606746455 321.25000000000006
decision_type=2 2 2 2 2 10
left_child=1 -1 -2 -3 5 -5
right_child=2 3 -4 4 -6 -7
leaf_value=-0.0040447953459033757 0.013496409618174252 -0.0010044361963927498 0.0025365701160994891 0.003797188625662406 -0.0010922090454289738 -0.0030819373807371266
leaf_weight=519 82 2775 148 1567 1433 287
leaf_count=519 82 2775 148 1567 1433 287
internal_value=2.96393e-05 -0.000218522 0.00684353 0.000115188 0.00106059 0.00272148
internal_weight=6811 6581 230 6062 3287 1854
internal_count=6811 6581 230 6062 3287 1854
is_linear=0
shrinkage=0.01


Tree=362
num_leaves=7
num_cat=0
split_feature=15 17 21 5 3 15
split_gain=89.7697 96.7494 96.3321 98.5007 85.5806 81.8372
threshold=3.9907509541349477 202.11166666666676 8.7483333333333704 1.2572490756060206 0.11351921274601691 0.27958651828945164
decision_type=2 10 10 2 2 2
left_child=1 4 -3 -4 -1 -5
right_child=-2 2 3 5 -6 -7
leaf_value=0.013627997651781845 -0.0022697988214906003 -0.0056678442024901791 -0.00010134183046984154 0.008994066023536855 0.0027800519089987573 0.0014273475725652583
leaf_weight=77 1350 260 4002 215 502 405
leaf_count=77 1350 260 4002 215 502 405
internal_value=2.94984e-05 0.000601012 0.000138821 0.000476993 0.00442958 0.0041524
internal_weight=6811 5461 4882 4622 579 620
internal_count=6811 5461 4882 4622 579 620
is_linear=0
shrinkage=0.01


Tree=363
num_leaves=7
num_cat=0
split_feature=1 2 17 1 15 20
split_gain=95.0364 84.528 163.105 88.1055 73.3492 68.7874
threshold=0.89035637348639429 0.41917404857942125 179.3900000000003 2.7106729477819109 0.3531559894771617 38.200000000000024
decision_type=2 2 8 2 2 10
left_child=-1 2 -2 -3 -5 -4
right_child=1 3 5 4 -6 -7
leaf_value=-0.00403336909803055 0.016073127425758237 -0.00061801570974961333 0.0021741877135004069 0.014973545394837858 0.0023801593741370462 -0.0069660862613554033
leaf_weight=521 73 4513 1350 50 226 78
leaf_count=521 73 4513 1350 50 226 78
internal_value=2.94789e-05 0.000371872 0.00243412 -0.000278215 0.00510535 0.00162996
internal_weight=6811 6290 1501 4789 276 1428
internal_count=6811 6290 1501 4789 276 1428
is_linear=0
shrinkage=0.01


Tree=364
num_leaves=7
num_cat=0
split_feature=0 2 17 14 12 2
split_gain=112.242 105.773 131.457 80.8717 63.7881 53.8065
threshold=1.2673108119294263 0.51691794760825449 175.8866666666672 0.14493040109192143 1.1839263696174613 0.28385749713381719
decision_type=2 2 10 2 2 2
left_child=1 2 3 -1 -2 -4
right_child=4 -3 5 -5 -6 -7
leaf_value=0.019393057863390635 0.013319734661313504 -0.0012303958149212384 0.0036315337211139326 0.002770370751515859 0.0024927722983345202 6.7272585158336813e-05
leaf_weight=53 82 4006 533 62 148 1927
leaf_count=53 82 4006 533 62 148 1927
internal_value=2.95357e-05 -0.000215113 0.00136304 0.0113698 0.00674697 0.000851105
internal_weight=6811 6581 2575 115 230 2460
internal_count=6811 6581 2575 115 230 2460
is_linear=0
shrinkage=0.01


Tree=365
num_leaves=7
num_cat=0
split_feature=1 14 5 6 14 17
split_gain=93.5811 86.9558 58.7568 71.1984 57.0605 56.0594
threshold=1.1123947530099836 2.816474906729789 1.4542691557386822 1.0000000180025095e-35 0.084800791438325959 257.42666666666622
decision_type=2 2 2 2 2 10
left_child=4 2 3 -2 5 -1
right_child=1 -3 -4 -5 -6 -7
leaf_value=0.011134481263302623 0.0012070232006610921 -0.0046275433091703452 0.0050135365683077419 -0.0029174396010868725 -0.0024020395671048218 -0.00050830081760068425
leaf_weight=53 3841 273 342 460 1724 118
leaf_count=53 3841 273 342 460 1724 118
internal_value=2.98333e-05 0.000757657 0.00108356 0.00076016 -0.00185235 0.00351608
internal_weight=6811 4916 4643 4301 1895 171
internal_count=6811 4916 4643 4301 1895 171
is_linear=0
shrinkage=0.01


Tree=366
num_leaves=7
num_cat=0
split_feature=10 13 16 10 15 6
split_gain=86.6243 118.618 107.794 63.3706 61.4678 58.937
threshold=0.019796903093877095 46.681621175590799 330.25000000000006 0.068025517173600877 10.619077735791935 1.0000000180025095e-35
decision_type=2 2 10 2 2 2
left_child=1 2 -1 4 5 -2
right_child=3 -3 -4 -5 -6 -7
leaf_value=0.0065787612785431675 0.00060243404651850541 -0.004635691102122582 -0.0061200011307851248 -0.0035526723218966983 -0.0051986128679132682 -0.0024148966609839574
leaf_weight=548 4532 148 68 558 212 745
leaf_count=548 4532 148 68 558 212 745
internal_value=2.96361e-05 0.00317978 0.00510158 -0.000372957 -4.38414e-05 0.000172689
internal_weight=6811 764 616 6047 5489 5277
internal_count=6811 764 616 6047 5489 5277
is_linear=0
shrinkage=0.01


Tree=367
num_leaves=7
num_cat=0
split_feature=0 2 7 20 7 13
split_gain=109.097 103.447 284.23 223.811 68.8823 61.6175
threshold=1.2673108119294263 0.51691794760825449 357.75855000000007 38.000000000000036 666.19845000000009 11.795512369064053
decision_type=2 2 2 10 2 2
left_child=1 2 -1 4 -4 -2
right_child=5 -3 3 -5 -6 -7
leaf_value=0.00010845395153093204 0.0025025766577173331 -0.0012161262836285873 0.0068661283991765234 -0.0045963832188442525 0.01905209407948151 0.013170465504402642
leaf_weight=2268 149 4006 90 73 144 81
leaf_count=2268 149 4006 90 73 144 81
internal_value=2.91237e-05 -0.000212072 0.00134862 0.0102181 0.0148387 0.00665176
internal_weight=6811 6581 2575 307 234 230
internal_count=6811 6581 2575 307 234 230
is_linear=0
shrinkage=0.01


Tree=368
num_leaves=7
num_cat=0
split_feature=0 15 15 17 9 3
split_gain=107.121 74.0344 67.8236 93.913 76.8704 73.5135
threshold=1.2673108119294263 1.028211211583139 3.3574653292706143 194.36166666666725 0.0045037110188720494 0.11351921274601691
decision_type=2 2 2 8 2 2
left_child=2 -2 3 5 -5 -1
right_child=1 -3 -4 4 -6 -7
leaf_value=0.014084244003253324 0.015122232141180173 0.0027709236353886928 -0.0020555563129609918 -0.00062020391300743739 0.0030618582022681642 0.0028609872232124582
leaf_weight=60 62 168 1519 3941 652 409
leaf_count=60 62 168 1519 3941 652 409
internal_value=2.93586e-05 0.00659177 -0.000209645 0.000347235 -9.19999e-05 0.00456086
internal_weight=6811 230 6581 5062 4593 469
internal_count=6811 230 6581 5062 4593 469
is_linear=0
shrinkage=0.01


Tree=369
num_leaves=7
num_cat=0
split_feature=0 2 14 16 1 19
split_gain=105.214 101.192 72.3275 139.678 58.5679 55.3195
threshold=1.2673108119294263 0.41917404857942125 0.084800791438325959 224.65000000000006 1.2055387038653034 282.82416389198437
decision_type=2 2 2 10 2 10
left_child=1 2 3 -1 -3 -6
right_child=-2 4 -4 -5 5 -7
leaf_value=0.015965352337807416 0.0065333091708210615 -0.0022710181207979021 0.00099025588420884329 0.0013097635740653064 -0.0043887592650054983 0.000352456828210121
leaf_weight=92 230 1904 1261 185 259 2880
leaf_count=92 230 1904 1261 185 259 2880
internal_value=2.95814e-05 -0.000207286 0.00203003 0.00656401 -0.000892283 -5.14373e-05
internal_weight=6811 6581 1538 277 5043 3139
internal_count=6811 6581 1538 277 5043 3139
is_linear=0
shrinkage=0.01


Tree=370
num_leaves=7
num_cat=0
split_feature=14 10 13 14 2 2
split_gain=88.8686 89.1856 129.663 83.4358 81.3531 72.7453
threshold=2.6415040341048548 0.019955804785169399 46.681621175590799 2.315718638934555 0.33400476270902918 0.6507983648385578
decision_type=2 2 2 2 2 2
left_child=1 2 3 5 -3 -1
right_child=-2 4 -4 -5 -6 -7
leaf_value=0.0099634737692653168 -0.0035646523422598842 0.0028752600471460212 -0.0042628773905821803 -0.0027875595740539934 -0.0005679292547412627 0.0019457483030063043
leaf_weight=331 615 795 159 93 4640 178
leaf_count=331 615 795 159 93 4640 178
internal_value=2.95567e-05 0.000391478 0.00357432 0.00568011 -5.99241e-05 0.00725115
internal_weight=6811 6196 761 602 5435 509
internal_count=6811 6196 761 602 5435 509
is_linear=0
shrinkage=0.01


Tree=371
num_leaves=7
num_cat=0
split_feature=0 2 17 14 13 2
split_gain=102.949 98.4429 124.667 76.3727 69.3936 87.7143
threshold=1.2673108119294263 0.51691794760825449 175.8866666666672 0.14493040109192143 29.189515306662237 0.28385749713381719
decision_type=2 2 10 2 2 2
left_child=1 2 3 -1 5 -4
right_child=-2 -3 4 -5 -6 -7
leaf_value=0.018859542814334707 0.0064626414736267184 -0.0011844621085648863 0.0062242466395073179 0.0027033338545718127 -0.0017407179899233325 0.00073368975670500241
leaf_weight=53 230 4006 361 62 734 1365
leaf_count=53 230 4006 361 62 734 1365
internal_value=2.93139e-05 -0.000204989 0.00131749 0.0110623 0.000818998 0.0019113
internal_weight=6811 6581 2575 115 2460 1726
internal_count=6811 6581 2575 115 2460 1726
is_linear=0
shrinkage=0.01


Tree=372
num_leaves=7
num_cat=0
split_feature=1 14 12 17 14 19
split_gain=89.1209 92.6838 53.267 67.8065 248.114 84.9547
threshold=0.89035637348639429 2.6415040341048548 2.9727379293480429 194.36166666666725 0.14493040109192143 282.82416389198437
decision_type=2 2 2 10 2 10
left_child=-1 2 3 4 -2 -5
right_child=1 -3 -4 5 -6 -7
leaf_value=-0.0039048831419415926 0.015740861859745707 -0.0034783560072842797 -0.0016727776281153181 -0.0059765817961547505 5.9742087487754005e-05 0.0010189748733196152
leaf_weight=521 133 562 779 171 343 4302
leaf_count=521 133 562 779 171 343 4302
internal_value=2.94908e-05 0.000361055 0.000743163 0.00112605 0.00467496 0.000738804
internal_weight=6811 6290 5728 4949 476 4473
internal_count=6811 6290 5728 4949 476 4473
is_linear=0
shrinkage=0.01


Tree=373
num_leaves=7
num_cat=0
split_feature=0 14 4 17 7 18
split_gain=100.728 73.8722 57.1763 78.7591 50.7864 44.3884
threshold=1.2673108119294263 2.6415040341048548 0.013413265923295671 184.29833333333315 15.556050000000001 0.017279430977436085
decision_type=2 2 2 10 2 2
left_child=1 2 -1 -4 5 -5
right_child=-2 -3 3 4 -6 -7
leaf_value=-0.00046530250011617759 0.0063927925870909041 -0.0034821796373159463 0.012350591095303422 -0.0032615555788640077 0.002396529027832705 0.0037622231660672458
leaf_weight=4323 230 612 57 348 1130 111
leaf_count=4323 230 612 57 348 1130 111
internal_value=2.9222e-05 -0.000202541 0.000138981 0.00171928 0.00126306 -0.00151899
internal_weight=6811 6581 5969 1646 1589 459
internal_count=6811 6581 5969 1646 1589 459
is_linear=0
shrinkage=0.01


Tree=374
num_leaves=7
num_cat=0
split_feature=0 14 9 21 14 8
split_gain=98.7992 72.4347 57.094 47.4149 165.315 127.201
threshold=1.2673108119294263 2.6415040341048548 0.0045037110188720494 17.650833333333328 0.17021881020370608 1173.0000000000002
decision_type=2 2 2 8 2 2
left_child=1 2 3 4 5 -1
right_child=-2 -3 -4 -5 -6 -7
leaf_value=0.013128931863207578 0.0063315283490034445 -0.0034479176611197856 0.0027162335144099194 -0.001329775174550876 -0.00076096088763115736 0.0026019255971054507
leaf_weight=134 230 612 741 2238 2250 606
leaf_count=134 230 612 741 2238 2250 606
internal_value=2.91892e-05 -0.000200344 0.000137839 -0.000232103 0.000591194 0.0046578
internal_weight=6811 6581 5969 5228 2990 740
internal_count=6811 6581 5969 5228 2990 740
is_linear=0
shrinkage=0.01


Tree=375
num_leaves=7
num_cat=0
split_feature=14 13 13 5 14 7
split_gain=81.8055 69.0291 83.1116 83.7977 70.9953 61.7564
threshold=2.6415040341048548 56.144846009606745 16.265073570448624 1.5483452222046556 0.39558454641884161 79.123500000000021
decision_type=2 2 2 2 2 2
left_child=1 2 -1 5 -3 -4
right_child=-2 4 3 -5 -6 -7
leaf_value=-0.0001993407898527047 -0.0034192445745468143 -0.0065733218512921167 5.137661629898267e-05 0.0097710237807944311 0.0014630278884532285 0.0037096760876538419
leaf_weight=3776 615 265 995 131 178 851
leaf_count=3776 615 265 995 131 178 851
internal_value=2.91794e-05 0.00037642 0.000671295 0.00232681 -0.00338325 0.00174874
internal_weight=6811 6196 5753 1977 443 1846
internal_count=6811 6196 5753 1977 443 1846
is_linear=0
shrinkage=0.01


Tree=376
num_leaves=7
num_cat=0
split_feature=14 10 14 18 10 8
split_gain=80.2066 84.7995 121.468 67.8314 67.4942 48.9828
threshold=2.6415040341048548 0.019955804785169399 0.17021881020370608 0.003195015521825707 0.068025517173600877 1471.5000000000002
decision_type=2 2 2 2 2 2
left_child=1 2 3 -1 -3 -4
right_child=-2 4 5 -5 -6 -7
leaf_value=0.0011986227014826403 -0.0033855991986449807 0.00028572208744385459 0.0040724678135535463 0.012418971002637023 -0.0035727562894718071 -0.0020607391634276978
leaf_weight=80 615 4946 221 171 489 289
leaf_count=80 615 4946 221 171 489 289
internal_value=2.8958e-05 0.000372788 0.00347638 0.00902571 -6.73584e-05 0.00062419
internal_weight=6811 6196 761 251 5435 510
internal_count=6811 6196 761 251 5435 510
is_linear=0
shrinkage=0.01


Tree=377
num_leaves=7
num_cat=0
split_feature=12 7 17 5 7 7
split_gain=82.4908 115.661 93.9735 125.118 129.681 78.7669
threshold=2.9727379293480429 26.538750000000004 194.36166666666725 0.66198996225196161 357.75855000000007 1697.5800000000002
decision_type=2 2 10 2 2 2
left_child=1 -1 3 -3 -5 -4
right_child=-2 2 5 4 -6 -7
leaf_value=-0.00109958990250841 -0.0023069744953922913 -0.0011824427613847594 0.0019243528609715647 0.0028720477148278679 0.017198559267391614 -0.0024428826070178561
leaf_weight=2416 1228 142 2277 127 126 495
leaf_count=2416 1228 142 2277 127 126 495
internal_value=2.87997e-05 0.000545767 0.00180047 0.00630307 0.0103896 0.00113851
internal_weight=6811 5583 3167 395 253 2772
internal_count=6811 5583 3167 395 253 2772
is_linear=0
shrinkage=0.01


Tree=378
num_leaves=7
num_cat=0
split_feature=1 14 2 5 15 15
split_gain=85.1587 83.6382 75.7166 57.8604 62.1724 51.4605
threshold=0.89035637348639429 2.6415040341048548 0.28385749713381719 1.8143995640943189 1.4779804499338713 10.696579570763875
decision_type=2 2 2 2 2 2
left_child=-1 2 -2 5 -5 -4
right_child=1 -3 3 4 -6 -7
leaf_value=-0.0038171902538751642 0.0043704522928302431 -0.0032944359616689884 0.00035568072007454116 0.012111297403188313 -0.00072176200974928702 -0.005321693494319775
leaf_weight=521 506 562 4926 75 66 155
leaf_count=521 506 562 4926 75 66 155
internal_value=2.87311e-05 0.000352842 0.00071581 0.000354007 0.00645435 0.000172375
internal_weight=6811 6290 5728 5222 141 5081
internal_count=6811 6290 5728 5222 141 5081
is_linear=0
shrinkage=0.01


Tree=379
num_leaves=7
num_cat=0
split_feature=12 9 16 21 6 8
split_gain=80.2 75.125 81.8782 61.3322 59.8546 57.4438
threshold=2.9727379293480429 0.005083562788753682 228.00000000000003 11.601666666666683 1.0000000180025095e-35 1756.0000000000002
decision_type=2 2 10 8 2 2
left_child=1 4 -3 -4 -1 -6
right_child=-2 2 3 -5 5 -7
leaf_value=0.00054113219034590879 -0.0022746155947343007 0.011123818300760513 -0.0071562546973045066 0.0033661168981343509 -0.00070965790232555676 -0.007513596716634624
leaf_weight=4466 1228 116 55 380 393 173
leaf_count=4466 1228 116 55 380 393 173
internal_value=2.84978e-05 0.000538237 0.00400932 0.00190478 0.000150957 -0.00288365
internal_weight=6811 5583 551 435 5032 566
internal_count=6811 5583 551 435 5032 566
is_linear=0
shrinkage=0.01


Tree=380
num_leaves=7
num_cat=0
split_feature=12 8 2 5 8 17
split_gain=78.6141 74.8069 115.146 71.5443 66.4187 66.2235
threshold=2.9727379293480429 2393.0000000000005 0.28385749713381719 1.8143995640943189 2435.5000000000005 207.78500000000108
decision_type=2 2 2 2 2 10
left_child=1 2 -1 5 -3 -4
right_child=-2 4 3 -5 -6 -7
leaf_value=0.0061980765862582419 -0.0022520531750636202 -0.011561735361202124 0.0035069137181731442 0.0076899212982367579 -0.0014474255289659399 -0.0001712213532682914
leaf_weight=378 1228 63 551 125 631 3835
leaf_count=378 1228 63 551 125 631 3835
internal_value=2.81744e-05 0.000532848 0.000969999 0.000519171 -0.00251677 0.000297778
internal_weight=6811 5583 4889 4511 694 4386
internal_count=6811 5583 4889 4511 694 4386
is_linear=0
shrinkage=0.01


Tree=381
num_leaves=7
num_cat=0
split_feature=1 2 20 13 11 1
split_gain=82.7227 72.8143 78.5858 99.253 95.4632 75.1512
threshold=0.89035637348639429 0.41917404857942125 38.200000000000024 29.189515306662237 0.019029298680714544 2.7106729477819109
decision_type=2 2 10 2 2 2
left_child=-1 2 3 4 -2 -3
right_child=1 5 -4 -5 -6 -7
leaf_value=-0.0037625916084763991 0.011364448074045656 -0.0005698346150261927 -0.0069556086904115303 -0.0011445396298578117 0.0030956075087323516 0.004716051608107604
leaf_weight=521 162 4513 78 436 825 276
leaf_count=521 162 4513 78 436 825 276
internal_value=2.79214e-05 0.000347363 0.00226139 0.00281162 0.00455318 -0.000256006
internal_weight=6811 6290 1501 1423 987 4789
internal_count=6811 6290 1501 1423 987 4789
is_linear=0
shrinkage=0.01


Tree=382
num_leaves=7
num_cat=0
split_feature=1 14 13 21 14 13
split_gain=81.1114 80.7137 71.4373 70.5823 260.595 161.492
threshold=0.89035637348639429 2.6415040341048548 56.144846009606745 17.498333333333356 0.14493040109192143 17.877604077128598
decision_type=2 2 2 10 2 2
left_child=-1 2 3 4 -2 -5
right_child=1 -3 -4 5 -6 -7
leaf_value=-0.0037256742728213744 0.0094565709309162756 -0.0032388808628115999 -0.0031980215997659957 -0.001399534373924076 0.00086146174597206526 0.0063502237185811966
leaf_weight=521 397 562 425 1937 2667 302
leaf_count=521 397 562 425 1937 2667 302
internal_value=2.7741e-05 0.000344056 0.000700626 0.00101851 0.00200226 -0.000330646
internal_weight=6811 6290 5728 5303 3064 2239
internal_count=6811 6290 5728 5303 3064 2239
is_linear=0
shrinkage=0.01


Tree=383
num_leaves=7
num_cat=0
split_feature=1 2 17 9 1 11
split_gain=79.5305 71.0432 140.824 73.4672 72.0227 50.9711
threshold=0.89035637348639429 0.41917404857942125 179.3900000000003 0.0069403480282166615 1.2273937772658743 0.011130594959556159
decision_type=2 2 8 2 2 2
left_child=-1 2 -2 5 -5 -3
right_child=1 3 -4 4 -6 -7
leaf_value=-0.0036891191746125773 0.014904194778078292 0.0016779514264543278 0.001484381826566036 -0.0038122738418443236 0.0085776574209288897 -0.0010331691834996777
leaf_weight=521 73 842 1428 58 161 3728
leaf_count=521 73 842 1428 58 161 3728
internal_value=2.75385e-05 0.000340756 0.00223136 -0.000255225 0.00527312 -0.000531086
internal_weight=6811 6290 1501 4789 219 4570
internal_count=6811 6290 1501 4789 219 4570
is_linear=0
shrinkage=0.01


Tree=384
num_leaves=7
num_cat=0
split_feature=0 2 8 13 21 0
split_gain=92.6778 89.2585 110 100.477 74.7227 96.7979
threshold=1.2673108119294263 0.51691794760825449 1338.0000000000002 0.17926856918715153 8.0933333333333284 1.0347645279323363
decision_type=2 2 2 2 10 2
left_child=1 2 3 -1 -5 -6
right_child=-2 -3 -4 4 5 -7
leaf_value=-0.0044716592215829423 0.0061315092231816384 -0.0011274430968173572 0.00022366293985167041 0.017291195518866351 0.0020236921784503171 0.013193487434010812
leaf_weight=80 230 4006 2069 56 268 102
leaf_count=80 230 4006 2069 56 268 102
internal_value=2.75286e-05 -0.000194779 0.00125494 0.00538571 0.00729696 0.0053691
internal_weight=6811 6581 2575 506 426 370
internal_count=6811 6581 2575 506 426 370
is_linear=0
shrinkage=0.01


Tree=385
num_leaves=7
num_cat=0
split_feature=0 2 7 20 7 12
split_gain=90.8957 87.5655 258.162 208.306 62.9995 59.3147
threshold=1.2673108119294263 0.51691794760825449 357.75855000000007 38.000000000000036 666.19845000000009 1.1839263696174613
decision_type=2 2 2 10 2 2
left_child=1 2 -1 4 -4 -2
right_child=5 -3 3 -5 -6 -7
leaf_value=6.1738755459111444e-05 0.012400884538403023 -0.0011161967436785914 0.006536667067930102 -0.0045809079414929257 0.018183865985960106 0.0020036605938302376
leaf_weight=2268 82 4006 90 73 144 148
leaf_count=2268 82 4006 90 73 144 148
internal_value=2.7741e-05 -0.00019242 0.00124348 0.00969642 0.0141557 0.00607275
internal_weight=6811 6581 2575 307 234 230
internal_count=6811 6581 2575 307 234 230
is_linear=0
shrinkage=0.01


Tree=386
num_leaves=7
num_cat=0
split_feature=12 7 4 14 19 7
split_gain=73.9457 108.932 66.0291 79.1019 92.5123 55.0558
threshold=2.9727379293480429 26.538750000000004 0.029950221409949018 0.14493040109192143 287.67617530298065 39.540150000000004
decision_type=2 2 2 2 10 2
left_child=1 -1 -3 -4 -5 -6
right_child=-2 2 3 4 5 -7
leaf_value=-0.0010793332186723118 -0.0021835345641641407 0.00085261194402516866 0.013255019383504986 -0.0027873644385107079 0.011416487482243352 0.0034649114290165135
leaf_weight=2416 1228 2317 76 196 102 476
leaf_count=2416 1228 2317 76 196 102 476
internal_value=2.79545e-05 0.000517414 0.00173508 0.00410271 0.00304642 0.00503842
internal_weight=6811 5583 3167 850 774 578
internal_count=6811 5583 3167 850 774 578
is_linear=0
shrinkage=0.01


Tree=387
num_leaves=7
num_cat=0
split_feature=0 12 17 13 10 21
split_gain=88.803 59.2867 61.87 119.352 164.597 66.8642
threshold=1.2673108119294263 2.9727379293480429 194.36166666666725 1.124460628904701 0.032930148913952288 8.7483333333333704
decision_type=2 2 10 2 2 10
left_child=1 2 3 4 -1 -4
right_child=-2 -3 5 -5 -6 -7
leaf_value=0.019326907008565881 0.0060030258635136611 -0.0021618755920876178 -0.0048853743171496109 0.00039376586596382427 -0.0013167533064512788 0.00020002505264993996
leaf_weight=83 230 1228 264 366 64 4576
leaf_count=83 230 1228 264 366 64 4576
internal_value=2.80113e-05 -0.000189601 0.000266034 0.0035335 0.0108278 -8.68614e-05
internal_weight=6811 6581 5353 513 147 4840
internal_count=6811 6581 5353 513 147 4840
is_linear=0
shrinkage=0.01


Tree=388
num_leaves=7
num_cat=0
split_feature=1 15 8 10 8 19
split_gain=76.6678 66.4785 62.0435 96.1511 57.9294 49.3359
threshold=0.89035637348639429 10.619077735791935 2393.0000000000005 0.019955804785169399 2435.5000000000005 293.80265986576279
decision_type=2 2 2 2 2 10
left_child=-1 2 3 5 -4 -2
right_child=1 -3 4 -5 -6 -7
leaf_value=-0.0036211681721921439 0.0054724139671847418 -0.0049309171326619725 -0.011308829251963359 0.00038962490300875212 -0.0013428718959695898 -0.0024836895020401224
leaf_weight=521 576 221 55 4741 613 84
leaf_count=521 576 221 55 4741 613 84
internal_value=2.79886e-05 0.000335516 0.000535087 0.000891605 -0.00231812 0.00443786
internal_weight=6811 6290 6069 5401 668 660
internal_count=6811 6290 6069 5401 668 660
is_linear=0
shrinkage=0.01


Tree=389
num_leaves=7
num_cat=0
split_feature=12 8 10 8 18 10
split_gain=70.8769 70.424 88.9987 63.8258 61.501 69.5899
threshold=2.9727379293480429 2393.0000000000005 0.022009118257899463 2435.5000000000005 0.0092476956614456745 0.025593909851723873
decision_type=2 2 2 2 2 2
left_child=1 2 -1 -3 -4 -6
right_child=-2 3 4 -5 5 -7
leaf_value=0.0037662937266314828 -0.0021376653530398725 -0.01131861486663557 -0.001014165208443359 -0.0014042506844852143 0.0076030642202617052 0.00092185170890458847
leaf_weight=893 1228 63 1895 631 160 1941
leaf_count=893 1228 63 1895 631 160 1941
internal_value=2.74474e-05 0.000506642 0.000930809 -0.00245225 0.000289333 0.00146426
internal_weight=6811 5583 4889 694 3996 2101
internal_count=6811 5583 4889 694 3996 2101
is_linear=0
shrinkage=0.01


Tree=390
num_leaves=7
num_cat=0
split_feature=0 2 17 20 7 12
split_gain=86.4399 84.7727 141.924 59.0587 147.819 57.6155
threshold=1.2673108119294263 0.41917404857942125 179.3900000000003 38.200000000000024 666.19845000000009 1.1839263696174613
decision_type=2 2 8 8 2 2
left_child=1 2 -1 4 -4 -2
right_child=5 -3 3 -5 -6 -7
leaf_value=0.014923215876038693 0.012157636263266044 -0.00081454533988223961 0.00087925437244221725 -0.0064952769271637272 0.015322268250336252 0.0019164646214723023
leaf_weight=69 82 5043 1319 85 65 148
leaf_count=69 82 5043 1319 85 65 148
internal_value=2.71204e-05 -0.000187576 0.0018602 0.00114986 0.00166262 0.0059221
internal_weight=6811 6581 1538 1469 1384 230
internal_count=6811 6581 1538 1469 1384 230
is_linear=0
shrinkage=0.01


Tree=391
num_leaves=7
num_cat=0
split_feature=2 7 7 12 17 7
split_gain=71.7844 70.6831 59.2069 116.964 159.893 117.391
threshold=0.28385749713381719 666.19845000000009 24.973650000000003 0.0079365820836721519 215.2983333333332 1697.5800000000002
decision_type=2 2 2 2 8 2
left_child=1 -1 -2 4 -4 -6
right_child=2 -3 3 -5 5 -7
leaf_value=0.001938138180138296 -0.001571784295814869 0.012040694714410277 0.0085638367017731067 -0.0012825825099680994 0.0020496264966685536 -0.0050051193338230991
leaf_weight=487 2259 72 315 1968 1438 272
leaf_count=487 2259 72 315 1968 1438 272
internal_value=2.74047e-05 0.0034281 -0.000281646 0.000450341 0.00213251 0.000904893
internal_weight=6811 559 6252 3993 2025 1710
internal_count=6811 559 6252 3993 2025 1710
is_linear=0
shrinkage=0.01


Tree=392
num_leaves=7
num_cat=0
split_feature=0 1 13 13 13 18
split_gain=84.8773 64.1762 55.9251 46.1587 52.2456 44.9608
threshold=1.2673108119294263 0.89035637348639429 11.795512369064053 56.144846009606745 57.105286346109096 0.0092476956614456745
decision_type=2 2 2 2 2 2
left_child=1 -1 -2 5 -5 -3
right_child=2 3 -4 4 -6 -7
leaf_value=-0.0035257477840672873 0.00195169350677082 -0.00046139224612248608 0.012068132819444105 -0.011410275967791676 -0.0015494471891845266 0.0013297831124854365
leaf_weight=519 149 3103 81 54 365 2540
leaf_count=519 149 3103 81 54 365 2540
internal_value=2.73759e-05 -0.000185372 0.00586883 0.000105951 -0.00305664 0.000345769
internal_weight=6811 6581 230 6062 419 5643
internal_count=6811 6581 230 6062 419 5643
is_linear=0
shrinkage=0.01


Tree=393
num_leaves=7
num_cat=0
split_feature=0 15 14 9 15 21
split_gain=83.3571 68.7051 60.4432 50.4437 57.4561 40.7389
threshold=1.2673108119294263 1.028211211583139 2.6415040341048548 0.0045037110188720494 3.9907509541349477 17.650833333333328
decision_type=2 2 2 2 2 8
left_child=2 -2 3 5 -5 -1
right_child=1 -3 -4 4 -6 -7
leaf_value=0.00054060373263045529 0.014018559736303157 0.002171347419406926 -0.0031503567494615952 0.003482002206476389 -0.0053817147635910889 -0.0012400072755970873
leaf_weight=2990 62 168 612 668 73 2238
leaf_count=2990 62 168 612 668 73 2238
internal_value=2.70788e-05 0.00581598 -0.000183755 0.00012517 0.00254876 -0.000222552
internal_weight=6811 230 6581 5969 741 5228
internal_count=6811 230 6581 5969 741 5228
is_linear=0
shrinkage=0.01


Tree=394
num_leaves=7
num_cat=0
split_feature=0 1 14 22 0 20
split_gain=81.8864 62.7098 64.2327 46.3795 48.4898 43.8715
threshold=1.2673108119294263 0.89035637348639429 2.6415040341048548 -0.89999999999997715 1.4838035527690703 38.500000000000036
decision_type=2 2 2 10 2 10
left_child=1 -1 5 -2 -5 -3
right_child=3 2 -4 4 -6 -7
leaf_value=-0.0034839964081860987 0.00046951754608217186 0.00066774679764196527 -0.0030930769311670078 0.013804621823787033 0.0012683128872886301 -0.0029815890648486939
leaf_weight=519 99 5161 559 81 50 342
leaf_count=519 99 5161 559 81 50 342
internal_value=2.6961e-05 -0.000182005 0.000105968 0.00576457 0.00944907 0.000435951
internal_weight=6811 6581 6062 230 131 5503
internal_count=6811 6581 6062 230 131 5503
is_linear=0
shrinkage=0.01


Tree=395
num_leaves=7
num_cat=0
split_feature=0 2 17 20 2 22
split_gain=80.4372 81.5737 105.974 53.3618 58.9702 45.5616
threshold=1.2673108119294263 0.51691794760825449 175.8866666666672 24.800000000000015 0.28385749713381719 -0.89999999999997715
decision_type=2 2 10 10 2 10
left_child=1 2 -1 -4 -5 -2
right_child=5 -3 3 4 -6 -7
leaf_value=0.010190119009837508 0.0004652531271578249 -0.0010719387263130754 -0.0032588937437893557 0.0044942450279649559 0.00043882623903813484 0.0093652726802314432
leaf_weight=115 99 4006 284 443 1733 131
leaf_count=115 99 4006 284 443 1733 131
internal_value=2.67889e-05 -0.00018032 0.00120558 0.000746013 0.00128123 0.0057134
internal_weight=6811 6581 2575 2460 2176 230
internal_count=6811 6581 2575 2460 2176 230
is_linear=0
shrinkage=0.01


Tree=396
num_leaves=7
num_cat=0
split_feature=14 15 7 20 14 20
split_gain=66.8845 51.018 61.0059 62.1921 134.764 129.394
threshold=2.6415040341048548 10.696579570763875 26.538750000000004 38.500000000000036 0.098293964855324462 31.600000000000026
decision_type=2 2 2 10 2 10
left_child=1 2 -1 4 5 -4
right_child=-2 -3 3 -5 -6 -7
leaf_value=-0.00072639470311501662 -0.0030912928431928162 -0.0048474768813922195 0.010654368940032209 -0.0030079872119698494 0.00088823996947610983 -0.0001264874417618674
leaf_weight=2423 615 174 289 295 2838 177
leaf_count=2423 615 174 289 295 2838 177
internal_value=2.68234e-05 0.000340803 0.000498501 0.00132288 0.00171747 0.00664286
internal_weight=6811 6196 6022 3599 3304 466
internal_count=6811 6196 6022 3599 3304 466
is_linear=0
shrinkage=0.01


Tree=397
num_leaves=7
num_cat=0
split_feature=12 7 15 5 13 14
split_gain=66.2086 99.7283 70.3441 71.5724 47.573 50.1229
threshold=2.9727379293480429 26.538750000000004 10.696579570763875 0.79078578119480514 56.144846009606745 0.39558454641884161
decision_type=2 2 2 2 2 2
left_child=1 4 3 -3 -1 -6
right_child=-2 2 -4 -5 5 -7
leaf_value=-0.00044649204324649508 -0.0020660455248477346 1.2497848820876916e-05 -0.00509565313110707 0.0031763379620716185 -0.0065562966735724258 0.0017599362656339787
leaf_weight=2061 1228 1151 138 1878 261 94
leaf_count=2061 1228 1151 138 1878 261 94
internal_value=2.65514e-05 0.000489696 0.00165479 0.0019781 -0.00103809 -0.00436636
internal_weight=6811 5583 3167 3029 2416 355
internal_count=6811 5583 3167 3029 2416 355
is_linear=0
shrinkage=0.01


Tree=398
num_leaves=7
num_cat=0
split_feature=12 7 10 18 16 8
split_gain=64.8931 97.7552 81.2382 68.0138 82.4912 64.5869
threshold=2.9727379293480429 26.538750000000004 0.021234974916484069 0.0069743967105340169 229.65000000000006 1440.5000000000002
decision_type=2 2 2 2 10 2
left_child=1 -1 5 -4 -5 -3
right_child=-2 2 3 4 -6 -7
leaf_value=-0.0010279259061000932 -0.002045551960134423 0.0090802695495447363 -0.001245512751543994 0.0064714492523114155 0.00086208397957112228 0.0024763258788361359
leaf_weight=2416 1228 216 983 329 1175 464
leaf_count=2416 1228 216 983 329 1175 464
internal_value=2.61508e-05 0.000484672 0.00163819 0.00079239 0.00212377 0.00467525
internal_weight=6811 5583 3167 2487 1504 680
internal_count=6811 5583 3167 2487 1504 680
is_linear=0
shrinkage=0.01


Tree=399
num_leaves=7
num_cat=0
split_feature=2 13 10 14 10 8
split_gain=68.4522 82.6629 60.7117 80.8834 58.3222 57.8972
threshold=0.28385749713381719 18.64550968658374 0.022009118257899463 0.17021881020370608 0.03529871864335387 1470.5000000000002
decision_type=2 2 2 2 2 2
left_child=1 4 3 -2 -1 -5
right_child=2 -3 -4 5 -6 -7
leaf_value=0.010275813149935049 0.0059279651130610235 -0.0016598988473198789 -0.00073025989339857509 0.0035672505612510453 0.0021218540805113531 -0.0020396165828018417
leaf_weight=170 328 205 5157 284 184 483
leaf_count=170 328 205 5157 284 184 483
internal_value=2.61029e-05 0.00334694 -0.000275688 0.00185239 0.00621232 5.56508e-05
internal_weight=6811 559 6252 1095 354 767
internal_count=6811 559 6252 1095 354 767
is_linear=0
shrinkage=0.01


Tree=400
num_leaves=7
num_cat=0
split_feature=2 7 7 12 4 17
split_gain=67.1567 67.5634 53.9421 109.497 160.058 166.863
threshold=0.28385749713381719 666.19845000000009 24.973650000000003 0.0079365820836721519 0.18656624285611448 215.2983333333332
decision_type=2 2 2 2 2 8
left_child=1 -1 -2 4 5 -4
right_child=2 -3 3 -5 -6 -7
leaf_value=0.0018595095425052474 -0.0015042635633877191 0.01173489366907899 0.0079488440666716752 -0.0012507958132575664 0.013069302482049792 1.8907846084031975e-05
leaf_weight=487 2259 72 308 1968 114 1603
leaf_count=487 2259 72 308 1968 114 1603
internal_value=2.60979e-05 0.00331536 -0.000272824 0.000425868 0.00205348 0.00133172
internal_weight=6811 559 6252 3993 2025 1911
internal_count=6811 559 6252 3993 2025 1911
is_linear=0
shrinkage=0.01


Tree=401
num_leaves=7
num_cat=0
split_feature=0 1 12 7 12 17
split_gain=77.4772 60.159 52.9506 47.1887 114.71 182.678
threshold=1.2673108119294263 0.89035637348639429 1.1839263696174613 24.973650000000003 0.0079365820836721519 215.2983333333332
decision_type=2 2 2 2 2 8
left_child=1 -1 -2 -3 5 -5
right_child=2 3 -4 4 -6 -7
leaf_value=-0.0034110987799459164 0.011583683474657491 -0.0010078143040320843 0.0017724966098071088 0.0092032089653229596 -0.001159565634168137 0.0010752404089666337
leaf_weight=519 82 2333 148 319 1653 1757
leaf_count=519 82 2333 148 319 1653 1757
internal_value=2.63042e-05 -0.000176958 0.00560731 0.000105095 0.000802206 0.00236232
internal_weight=6811 6581 230 6062 3729 2076
internal_count=6811 6581 230 6062 3729 2076
is_linear=0
shrinkage=0.01


Tree=402
num_leaves=7
num_cat=0
split_feature=14 15 5 14 21 8
split_gain=63.1362 48.6577 52.7442 42.875 150.481 109.683
threshold=2.6415040341048548 10.696579570763875 0.79434813992096942 0.17021881020370608 17.613333333333362 1440.5000000000002
decision_type=2 2 2 2 8 2
left_child=1 2 -1 4 5 -4
right_child=-2 -3 3 -5 -6 -7
leaf_value=-0.0006900643102618054 -0.0030031778456193858 -0.0047354752325285835 0.014786912551234392 0.0005956414057771758 -0.003176385762317361 0.0037375130735421815
leaf_weight=2332 615 174 100 2756 268 566
leaf_count=2332 615 174 100 2756 268 566
internal_value=2.63059e-05 0.00033136 0.000485369 0.00122807 0.00306815 0.00559078
internal_weight=6811 6196 6022 3690 934 666
internal_count=6811 6196 6022 3690 934 666
is_linear=0
shrinkage=0.01


Tree=403
num_leaves=7
num_cat=0
split_feature=10 13 10 8 8 13
split_gain=59.9207 62.49 79.5864 95.9562 145.504 94.3946
threshold=0.068025517173600877 56.144846009606745 0.019796903093877095 1471.5000000000002 936.00000000000011 35.931460387583243
decision_type=2 2 2 2 2 2
left_child=1 2 3 4 -1 -5
right_child=-2 -3 -4 5 -6 -7
leaf_value=0.0031497045587324962 -0.0030839080686154647 -0.0032829296960598894 0.00015445684133533893 0.0054674436419077646 0.021263630990471159 -0.0031334649800862134
leaf_weight=133 558 440 5128 255 60 237
leaf_count=133 558 440 5128 255 60 237
internal_value=2.6153e-05 0.000308167 0.000585157 0.00376082 0.00955104 0.00134444
internal_weight=6811 6253 5813 685 193 492
internal_count=6811 6253 5813 685 193 492
is_linear=0
shrinkage=0.01


Tree=404
num_leaves=7
num_cat=0
split_feature=2 7 7 12 20 8
split_gain=65.3216 65.4271 51.3695 103.706 136.537 104.838
threshold=0.28385749713381719 666.19845000000009 24.973650000000003 0.0079365820836721519 38.500000000000036 1305.0000000000002
decision_type=2 2 2 2 10 2
left_child=1 -1 -2 4 5 -4
right_child=2 -3 3 -5 -6 -7
leaf_value=0.0018373702545120929 -0.0014703305966104092 0.011555735360740163 0.0075133681843106296 -0.0012185114300230372 -0.0060055891051835966 0.0016031843839420929
leaf_weight=487 2259 72 370 1968 184 1471
leaf_count=487 2259 72 370 1968 184 1471
internal_value=2.61925e-05 0.0032702 -0.000268618 0.000413214 0.0019972 0.00282517
internal_weight=6811 559 6252 3993 2025 1841
internal_count=6811 559 6252 3993 2025 1841
is_linear=0
shrinkage=0.01


Tree=405
num_leaves=7
num_cat=0
split_feature=14 10 7 9 21 12
split_gain=61.2564 68.7618 57.0031 78.2423 68.2253 65.4106
threshold=2.6415040341048548 0.068025517173600877 15.556050000000001 0.0069403480282166615 12.582500000000048 0.0044231809480558505
decision_type=2 2 2 2 8 2
left_child=1 2 -1 -4 -5 -6
right_child=-2 -3 3 4 5 -7
leaf_value=-0.00096644245957616009 -0.0029579106409326197 -0.0032342047871599996 0.00092336970055937326 -0.0025242962510812852 0.016437516496738507 0.0035959056899365449
leaf_weight=1591 615 489 3900 53 74 89
leaf_count=1591 615 489 3900 53 74 89
internal_value=2.61331e-05 0.000326611 0.00063684 0.00125741 0.00698104 0.010039
internal_weight=6811 6196 5707 4116 216 163
internal_count=6811 6196 5707 4116 216 163
is_linear=0
shrinkage=0.01


Tree=406
num_leaves=7
num_cat=0
split_feature=14 10 15 7 9 17
split_gain=60.0633 67.4269 58.8294 67.8755 73.8046 75.7136
threshold=2.6415040341048548 0.068025517173600877 10.696579570763875 15.556050000000001 0.0069403480282166615 194.36166666666725
decision_type=2 2 2 2 2 8
left_child=1 2 3 -1 5 -5
right_child=-2 -3 -4 4 -6 -7
leaf_value=-0.00094035174613627068 -0.0029288047812255098 -0.0032025108679117477 -0.0050642203327151952 0.0050959537503163701 0.0071016430816792722 0.0006562918818683181
leaf_weight=1577 615 489 166 425 213 3326
leaf_count=1577 615 489 166 425 213 3326
internal_value=2.60371e-05 0.000323574 0.000630778 0.000810207 0.00150725 0.00117153
internal_weight=6811 6196 5707 5541 3964 3751
internal_count=6811 6196 5707 5541 3964 3751
is_linear=0
shrinkage=0.01


Tree=407
num_leaves=7
num_cat=0
split_feature=14 9 16 21 22 8
split_gain=58.8873 56.3664 51.6827 85.25 51.0726 43.2378
threshold=2.6415040341048548 0.0045037110188720494 228.00000000000003 11.601666666666683 1.7000000000000173 2393.0000000000005
decision_type=2 2 10 10 10 2
left_child=1 5 4 -4 -3 -1
right_child=-2 2 3 -5 -6 -7
leaf_value=0.00021780291351511811 -0.0028999853330226619 0.011301097256247885 -0.0078011052348566324 0.0028019938407644724 0.00030230352802104076 -0.0030425515762923399
leaf_weight=4962 615 110 78 547 66 433
leaf_count=4962 615 110 78 547 66 433
internal_value=2.57873e-05 0.000320397 0.00277845 0.00137671 0.00741455 -4.90165e-05
internal_weight=6811 6196 801 625 176 5395
internal_count=6811 6196 801 625 176 5395
is_linear=0
shrinkage=0.01


Tree=408
num_leaves=7
num_cat=0
split_feature=0 2 17 10 2 17
split_gain=74.4025 75.8673 97.3584 50.4562 42.9907 40.0727
threshold=1.2673108119294263 0.51691794760825449 175.8866666666672 0.017332036676623436 0.28385749713381719 247.03833333333344
decision_type=2 2 10 2 2 10
left_child=1 2 -1 -2 5 -4
right_child=3 -3 4 -5 -6 -7
leaf_value=0.0097745377714652578 0.012682925094351439 -0.0010335134693248771 0.0090593735914624579 0.0023939905630993761 2.1942080535914388e-05 0.0018925717674771973
leaf_weight=115 60 4006 87 170 1927 446
leaf_count=115 60 4006 87 170 1927 446
internal_value=2.55423e-05 -0.000173646 0.0011629 0.00549468 0.000722378 0.00320768
internal_weight=6811 6581 2575 230 2460 533
internal_count=6811 6581 2575 230 2460 533
is_linear=0
shrinkage=0.01


Tree=409
num_leaves=7
num_cat=0
split_feature=2 13 18 14 13 13
split_gain=62.6482 78.9459 44.324 39.7935 46.2151 72.0683
threshold=0.28385749713381719 18.64550968658374 0.031860725130852537 2.6415040341048548 56.144846009606745 16.265073570448624
decision_type=2 2 2 2 2 2
left_child=1 2 -1 4 5 -2
right_child=3 -3 -4 -5 -6 -7
leaf_value=0.0077231483526349889 -0.00060748525404409148 -0.0016877612397128846 -0.0009587983796258032 -0.0027253901869547003 -0.003402552698006764 0.001842896438243328
leaf_weight=283 3486 205 71 584 364 1818
leaf_count=283 3486 205 71 584 364 1818
internal_value=2.57969e-05 0.00320273 0.00600335 -0.000262918 -4.84475e-06 0.000234295
internal_weight=6811 559 354 6252 5668 5304
internal_count=6811 559 354 6252 5668 5304
is_linear=0
shrinkage=0.01


Tree=410
num_leaves=7
num_cat=0
split_feature=0 2 17 8 2 8
split_gain=73.0664 73.8145 95.6781 68.1497 74.1182 54.6379
threshold=1.2673108119294263 0.51691794760825449 175.8866666666672 2393.0000000000005 0.28385749713381719 2435.5000000000005
decision_type=2 2 10 2 2 2
left_child=1 2 -1 4 -4 -5
right_child=-2 -3 3 5 -6 -7
leaf_value=0.0096834520283900199 0.0054453508321506286 -0.0010200043192701586 0.0052375287302788322 -0.011760998153295675 0.00049824410272701343 -0.0014460212327215829
leaf_weight=115 230 4006 403 51 1655 351
leaf_count=115 230 4006 403 51 1655 351
internal_value=2.55417e-05 -0.00017185 0.00114649 0.000709814 0.00144714 -0.00300834
internal_weight=6811 6581 2575 2460 2058 402
internal_count=6811 6581 2575 2460 2058 402
is_linear=0
shrinkage=0.01


Tree=411
num_leaves=7
num_cat=0
split_feature=0 2 7 16 19 1
split_gain=71.6704 72.3531 226.25 147.691 57.9903 46.3193
threshold=1.2673108119294263 0.51691794760825449 357.75855000000007 286.35000000000008 290.49358602699147 1.0295897279408155
decision_type=2 2 2 10 10 2
left_child=1 2 5 -4 -5 -1
right_child=-2 -3 3 4 -6 -7
leaf_value=-0.0032370392254056179 0.0053931662080188595 -0.0010098296617857467 0.015320607706103041 -0.0057697336631479549 0.0063240951499236491 0.00064869623787488519
leaf_weight=355 230 4006 162 57 88 1913
leaf_count=355 230 4006 162 57 88 1913
internal_value=2.53836e-05 -0.000170114 0.00113511 0.00904837 0.00150445 2.89392e-05
internal_weight=6811 6581 2575 307 145 2268
internal_count=6811 6581 2575 307 145 2268
is_linear=0
shrinkage=0.01


Tree=412
num_leaves=7
num_cat=0
split_feature=2 8 20 9 8 8
split_gain=59.6602 61.7741 51.1985 47.5956 52.192 83.1649
threshold=0.28385749713381719 2393.0000000000005 24.400000000000038 0.005083562788753682 1354.0000000000002 705.00000000000011
decision_type=2 2 10 2 2 2
left_child=1 2 -1 -2 5 -5
right_child=3 -3 -4 4 -6 -7
leaf_value=-0.0035382102596072051 -0.00054137863252923777 -0.00264941083074114 0.0062894282155719237 -0.0027838087148773366 0.00010677450932730808 0.010042189210196215
leaf_weight=55 5654 134 370 68 377 153
leaf_count=55 5654 134 370 68 377 153
internal_value=2.53888e-05 0.00312563 0.00496552 -0.000256357 0.00240306 0.00614606
internal_weight=6811 559 425 6252 598 221
internal_count=6811 559 425 6252 598 221
is_linear=0
shrinkage=0.01


Tree=413
num_leaves=7
num_cat=0
split_feature=0 12 12 7 17 5
split_gain=70.2853 50.192 47.1501 69.6607 82.8087 117.163
threshold=1.2673108119294263 1.1839263696174613 2.9727379293480429 24.973650000000003 194.36166666666725 0.66198996225196161
decision_type=2 2 2 2 10 2
left_child=2 -2 3 -1 5 -5
right_child=1 -3 -4 4 -6 -7
leaf_value=-0.0011305004980592137 0.0111572604490768 0.0016161230848689529 -0.0019272185424035258 -0.0019128362309764808 0.00058740762385294594 0.0096238752491321529
leaf_weight=2189 82 148 1228 132 2794 238
leaf_count=2189 82 148 1228 132 2794 238
internal_value=2.52364e-05 0.0053409 -0.000168363 0.000237967 0.00118531 0.00556605
internal_weight=6811 230 6581 5353 3164 370
internal_count=6811 230 6581 5353 3164 370
is_linear=0
shrinkage=0.01


Tree=414
num_leaves=7
num_cat=0
split_feature=0 2 17 22 0 19
split_gain=69.0191 70.3075 122.819 44.5364 46.6058 42.3002
threshold=1.2673108119294263 0.41917404857942125 179.3900000000003 -0.89999999999997715 1.4838035527690703 282.82416389198437
decision_type=2 2 8 10 2 10
left_child=1 2 -1 -2 -5 -3
right_child=3 5 -4 4 -6 -7
leaf_value=0.013849979182646339 0.00013781434213400845 -0.0038214263473216143 0.0010377279453123135 0.01316904713225725 0.00094782589003443722 -0.00046498530370493062
leaf_weight=69 99 399 1469 81 50 4644
leaf_count=69 99 399 1469 81 50 4644
internal_value=2.52481e-05 -0.000166599 0.00169829 0.00529281 0.0089025 -0.000737583
internal_weight=6811 6581 1538 230 131 5043
internal_count=6811 6581 1538 230 131 5043
is_linear=0
shrinkage=0.01


Tree=415
num_leaves=7
num_cat=0
split_feature=2 15 5 15 6 9
split_gain=57.8472 60.4569 50.6338 60.559 53.0112 44.5369
threshold=0.28385749713381719 1.6392701621403785 1.8143995640943189 1.4779804499338713 1.0000000180025095e-35 0.0063965529412258497
decision_type=2 2 2 2 2 2
left_child=1 -1 4 -4 -2 -6
right_child=2 -3 3 -5 5 -7
leaf_value=0.0048464443971922453 -5.2153721388826279e-05 -0.0027958262767777708 0.011068545125315295 -0.0014091067961775339 -0.0036766146913754455 0.0049559526551348062
leaf_weight=431 5393 128 75 68 659 57
leaf_count=431 5393 128 75 68 659 57
internal_value=2.53601e-05 0.00307813 -0.000252072 0.00543082 -0.000393756 -0.00293059
internal_weight=6811 559 6252 143 6109 716
internal_count=6811 559 6252 143 6109 716
is_linear=0
shrinkage=0.01


Tree=416
num_leaves=7
num_cat=0
split_feature=0 2 17 8 2 1
split_gain=67.6937 68.8317 90.4036 65.8466 69.4293 61.7535
threshold=1.2673108119294263 0.51691794760825449 175.8866666666672 2393.0000000000005 0.28385749713381719 1.3516777233208377
decision_type=2 2 10 2 2 2
left_child=1 2 -1 4 -4 -5
right_child=-2 -3 3 5 -6 -7
leaf_value=0.0094066370777785777 0.0052420339803793473 -0.00098372955767381037 0.005077283297514331 -0.005385128282613727 0.00049028118811379957 0.0030711059131839826
leaf_weight=115 230 4006 403 288 1655 114
leaf_count=115 230 4006 403 288 1655 114
internal_value=2.52961e-05 -0.000164701 0.00110836 0.000683921 0.00140872 -0.00297076
internal_weight=6811 6581 2575 2460 2058 402
internal_count=6811 6581 2575 2460 2058 402
is_linear=0
shrinkage=0.01


Tree=417
num_leaves=7
num_cat=0
split_feature=1 14 2 1 20 8
split_gain=63.5998 59.8607 57.3639 42.7056 48.9056 39.0143
threshold=0.89035637348639429 2.816474906729789 0.28385749713381719 1.2407890502375698 40.300000000000018 2393.0000000000005
decision_type=2 2 2 2 10 2
left_child=-1 2 5 -4 -5 -2
right_child=1 -3 3 4 -6 -7
leaf_value=-0.0032983477258696986 0.0051831409529409849 -0.0033016070136898104 -0.00095091206831247768 0.0011392181210932203 -0.0052605590624584539 -0.0013975187891339962
leaf_weight=521 397 419 1880 3369 114 111
leaf_count=521 397 419 1880 3369 114 111
internal_value=2.52912e-05 0.000305386 0.000567986 0.000260541 0.00091529 0.00374602
internal_weight=6811 6290 5871 5363 3483 508
internal_count=6811 6290 5871 5363 3483 508
is_linear=0
shrinkage=0.01


Tree=418
num_leaves=7
num_cat=0
split_feature=0 15 11 15 9 6
split_gain=66.1476 62.3428 48.0414 49.642 48.5249 51.9665
threshold=1.2673108119294263 1.028211211583139 0.047872774178131787 10.619077735791935 0.0045037110188720494 1.0000000180025095e-35
decision_type=2 2 2 2 2 2
left_child=2 -2 3 4 5 -1
right_child=1 -3 -4 -5 -6 -7
leaf_value=0.00018392432964829293 0.012986906294503973 0.0017334883833523798 -0.0056825714691409049 -0.0045128434768510091 0.0025012052226208235 -0.0027337247056354371
leaf_weight=4765 62 168 144 228 754 690
leaf_count=4765 62 168 144 228 754 690
internal_value=2.49227e-05 0.00518174 -0.000162892 -3.07902e-05 0.000140787 -0.000189454
internal_weight=6811 230 6581 6437 6209 5455
internal_count=6811 230 6581 6437 6209 5455
is_linear=0
shrinkage=0.01


Tree=419
num_leaves=7
num_cat=0
split_feature=0 15 1 15 5 6
split_gain=64.9854 61.2912 53.472 51.9757 38.4183 73.179
threshold=1.2673108119294263 1.028211211583139 0.89035637348639429 10.619077735791935 1.6836912700184239 1.0000000180025095e-35
decision_type=2 2 2 2 2 2
left_child=2 -2 -1 4 5 -4
right_child=1 -3 3 -5 -6 -7
leaf_value=-0.0032105220518988649 0.012875074530020356 0.0017171273929108813 0.00058408052672122724 -0.0045482258880470616 0.0052498680228171384 -0.0028279345768788973
leaf_weight=519 62 168 4990 221 142 709
leaf_count=519 62 168 4990 221 142 709
internal_value=2.47391e-05 0.00513606 -0.000161418 0.000104489 0.000288002 0.000155389
internal_weight=6811 230 6581 6062 5841 5699
internal_count=6811 230 6581 6062 5841 5699
is_linear=0
shrinkage=0.01


Tree=420
num_leaves=7
num_cat=0
split_feature=0 1 19 10 22 19
split_gain=63.8469 51.9945 44.8281 41.1346 39.2123 37.148
threshold=1.2320819950650408 0.89035637348639429 282.82416389198437 0.023116111152882968 1.7000000000000173 290.01942554806743
decision_type=2 2 10 2 10 10
left_child=1 -1 -3 -2 -4 -6
right_child=3 2 4 -5 5 -7
leaf_value=-0.0031790237152853908 0.0091193439219577985 -0.0027405099419593173 0.0012494528313669031 0.0012217997242777825 -0.0035098690167297986 -2.6887567640190754e-05
leaf_weight=519 111 502 2582 153 337 2607
leaf_count=519 111 502 2582 153 337 2607
internal_value=2.46359e-05 -0.000173029 9.0618e-05 0.00475399 0.000352293 -0.000436117
internal_weight=6811 6547 6028 264 5526 2944
internal_count=6811 6547 6028 264 5526 2944
is_linear=0
shrinkage=0.01


Tree=421
num_leaves=7
num_cat=0
split_feature=0 22 3 5 17 6
split_gain=62.8592 43.7163 53.8445 40.7386 57.6548 32.4259
threshold=1.2673108119294263 -0.89999999999997715 0.53743015800773397 1.049013132425564 184.29833333333315 1.0000000180025095e-35
decision_type=2 10 2 2 10 2
left_child=3 -2 -3 5 -5 -1
right_child=1 2 -4 4 -6 -7
leaf_value=-0.00032610196409645 -3.8132900073099027e-05 0.014973459008649208 0.0022357373197971868 0.01076533705912164 0.00084261673880638448 -0.0029414751327823735
leaf_weight=4457 99 59 72 51 1552 521
leaf_count=4457 99 59 72 51 1552 521
internal_value=2.44209e-05 0.00505143 0.00862765 -0.000158666 0.0012231 -0.000605177
internal_weight=6811 230 131 6581 1603 4978
internal_count=6811 230 131 6581 1603 4978
is_linear=0
shrinkage=0.01


Tree=422
num_leaves=7
num_cat=0
split_feature=1 9 20 2 19 19
split_gain=59.5864 82.782 52.3706 70.8958 55.1789 45.802
threshold=1.1123947530099836 0.007223061039521291 38.500000000000036 0.33400476270902918 297.31500000000005 291.37522290765156
decision_type=2 2 10 2 10 10
left_child=-1 2 3 -2 -4 -3
right_child=1 5 4 -5 -6 -7
leaf_value=-0.0014773515311571734 0.0043250639634288945 0.010691183924998258 -0.0066956430681437105 0.00015292596116819936 0.0026296573144403129 0.0017181644949411589
leaf_weight=1895 444 111 192 3967 86 116
leaf_count=1895 444 111 192 3967 86 116
internal_value=2.45507e-05 0.000605322 0.000313193 0.000581716 -0.0038197 0.00637182
internal_weight=6811 4916 4689 4411 278 227
internal_count=6811 4916 4689 4411 278 227
is_linear=0
shrinkage=0.01


Tree=423
num_leaves=7
num_cat=0
split_feature=1 9 1 3 1 10
split_gain=58.7555 44.2049 57.4558 35.1286 40.7102 47.4439
threshold=0.89035637348639429 0.0045037110188720494 1.1175703497623757 0.32200396273190862 2.2869931879760914 0.018754143899312303
decision_type=2 2 2 2 2 2
left_child=-1 -2 -3 4 5 -4
right_child=1 2 3 -5 -6 -7
leaf_value=-0.0031700835520622589 -3.682799650246772e-05 -0.0035530500756104249 -0.0032162999890578709 -0.0039138188735261311 0.010786347248288522 0.0043675799039928718
leaf_weight=521 5451 128 91 51 73 496
leaf_count=521 5451 128 91 51 73 496
internal_value=2.44715e-05 0.000293688 0.0024162 0.00352521 0.00414987 0.0031577
internal_weight=6811 6290 839 711 660 587
internal_count=6811 6290 839 711 660 587
is_linear=0
shrinkage=0.01


Tree=424
num_leaves=7
num_cat=0
split_feature=1 15 20 8 8 10
split_gain=57.7276 52.4193 40.9724 55.9602 59.428 56.5134
threshold=1.0001537726444767 10.619077735791935 38.500000000000036 1240.5000000000002 810.50000000000011 0.031227525781335946
decision_type=2 2 10 2 2 2
left_child=-1 2 3 4 -2 -6
right_child=1 -3 -4 -5 5 -7
leaf_value=-0.0020855367340109048 -0.0013744189176207581 -0.004813592758633801 -0.0027895960686977824 0.00032896521301547984 0.0068393740910617186 0.001107428455590987
leaf_weight=1080 228 175 326 4296 404 302
leaf_count=1080 228 175 326 4296 404 302
internal_value=2.42453e-05 0.000424771 0.000598118 0.000814204 0.00301897 0.00443718
internal_weight=6811 5731 5556 5230 934 706
internal_count=6811 5731 5556 5230 934 706
is_linear=0
shrinkage=0.01


Tree=425
num_leaves=7
num_cat=0
split_feature=1 14 2 7 10 14
split_gain=56.8556 57.4538 56.0478 47.7469 41.8451 79.742
threshold=0.89035637348639429 2.816474906729789 0.28385749713381719 666.19845000000009 0.019955804785169399 0.17021881020370608
decision_type=2 2 2 2 2 2
left_child=-1 2 3 -2 5 -4
right_child=1 -3 4 -5 -6 -7
leaf_value=-0.0031185171152412427 0.0023673853012156237 -0.0032449061014214078 0.0070183949512549653 0.011052930401638151 -0.00011053334863390773 9.1826389275420314e-05
leaf_weight=521 442 419 242 66 4632 489
leaf_count=521 442 419 242 66 4632 489
internal_value=2.3962e-05 0.00028879 0.000546071 0.00368741 0.000242204 0.00244866
internal_weight=6811 6290 5871 508 5363 731
internal_count=6811 6290 5871 508 5363 731
is_linear=0
shrinkage=0.01


Tree=426
num_leaves=7
num_cat=0
split_feature=2 17 6 15 19 13
split_gain=53.5614 114.153 53.8225 46.4542 46.0535 36.6476
threshold=0.41917404857942125 179.3900000000003 1.0000000180025095e-35 0.27958651828945164 284.76860208686395 54.295463496489269
decision_type=2 8 2 2 10 2
left_child=1 -1 4 -2 -3 -6
right_child=3 2 -4 -5 5 -7
leaf_value=0.013060820698738098 0.0014047777216368675 -0.0031334480962250384 -0.0029085885092797804 -0.00093324551674353043 0.0034035528788498377 -0.0017496547078523024
leaf_weight=73 1056 150 277 4190 909 156
leaf_count=73 1056 150 277 4190 909 156
internal_value=2.39284e-05 0.00164149 0.000999538 -0.000460833 0.001907 0.00263946
internal_weight=6811 1565 1492 5246 1215 1065
internal_count=6811 1565 1492 5246 1215 1065
is_linear=0
shrinkage=0.01


Tree=427
num_leaves=7
num_cat=0
split_feature=0 14 22 3 20 14
split_gain=61.1916 45.1382 43.076 52.3758 30.9984 81.0241
threshold=1.2673108119294263 2.6816638682833962 -0.89999999999997715 0.53743015800773397 38.500000000000036 0.084800791438325959
decision_type=2 2 10 2 10 2
left_child=1 4 -2 -4 5 -1
right_child=2 -3 3 -5 -6 -7
leaf_value=0.0035646510853140109 -6.5659179625639683e-05 -0.0031536204903236963 0.014792937410563447 0.0022260081323954026 -0.0026059213917100765 -0.00016690224993602939
leaf_weight=647 99 457 59 72 394 5083
leaf_count=647 99 457 59 72 394 5083
internal_value=2.38232e-05 -0.000156818 0.0049837 0.00853365 7.15928e-05 0.00025992
internal_weight=6811 6581 230 131 6124 5730
internal_count=6811 6581 230 131 6124 5730
is_linear=0
shrinkage=0.01


Tree=428
num_leaves=7
num_cat=0
split_feature=0 11 12 9 8 21
split_gain=60.1414 45.551 45.5037 44.4634 41.9484 60.5915
threshold=1.2673108119294263 0.047872774178131787 1.1839263696174613 0.0045037110188720494 2393.0000000000005 17.650833333333328
decision_type=2 2 2 2 2 8
left_child=1 3 -2 4 5 -1
right_child=2 -3 -4 -5 -6 -7
leaf_value=0.00099747245976826741 0.010476443086214282 -0.0055299943397668274 0.0014050010654815955 0.0022202945933804939 -0.0028573008170706556 -0.0011824254817125119
leaf_weight=2668 82 144 148 765 580 2424
leaf_count=2668 82 144 148 765 580 2424
internal_value=2.37989e-05 -0.000155286 0.00494093 -2.66592e-05 -0.000333087 -4.05316e-05
internal_weight=6811 6581 230 6437 5672 5092
internal_count=6811 6581 230 6437 5672 5092
is_linear=0
shrinkage=0.01


Tree=429
num_leaves=7
num_cat=0
split_feature=0 2 7 20 21 7
split_gain=59.0625 63.0158 213.778 186.375 54.4934 54.2275
threshold=1.2673108119294263 0.51691794760825449 357.75855000000007 38.000000000000036 9.8600000000000083 666.19845000000009
decision_type=2 2 2 10 8 2
left_child=1 2 4 5 -1 -4
right_child=-2 -3 3 -5 -6 -7
leaf_value=-0.0039090851514690349 0.0048964701883863508 -0.00093749763870539351 0.0059340028000995516 -0.004711267526250288 0.00060018361263153449 0.01671030935618192
leaf_weight=300 230 4006 90 73 1968 144
leaf_count=300 230 4006 90 73 1968 144
internal_value=2.3642e-05 -0.00015383 0.00106426 0.00875632 -1.08223e-05 0.0129786
internal_weight=6811 6581 2575 307 2268 234
internal_count=6811 6581 2575 307 2268 234
is_linear=0
shrinkage=0.01


Tree=430
num_leaves=7
num_cat=0
split_feature=0 1 10 13 5 6
split_gain=57.9296 47.3281 45.49 44.4717 52.3514 62.0387
threshold=1.2673108119294263 0.89035637348639429 0.017332036676623436 56.144846009606745 1.8143995640943189 1.0000000180025095e-35
decision_type=2 2 2 2 2 2
left_child=1 -1 -2 4 5 -3
right_child=2 3 -4 -5 -6 -7
leaf_value=-0.0030206738954448686 0.011663558297125357 0.00062356205714687602 0.001930232812753982 -0.0030061678779756519 0.0084696546376038049 -0.0025212485817480935
leaf_weight=519 60 4865 170 419 68 710
leaf_count=519 60 4865 170 419 68 710
internal_value=2.3678e-05 -0.000152084 0.00484955 9.80819e-05 0.000333486 0.00021926
internal_weight=6811 6581 230 6062 5643 5575
internal_count=6811 6581 230 6062 5643 5575
is_linear=0
shrinkage=0.01


Tree=431
num_leaves=7
num_cat=0
split_feature=0 15 1 15 7 12
split_gain=56.9066 57.2105 46.4052 49.2471 45.1562 75.3507
threshold=1.2673108119294263 1.028211211583139 0.89035637348639429 10.619077735791935 24.973650000000003 0.0023971633962816502
decision_type=2 2 2 2 2 2
left_child=2 -2 -1 4 -4 -6
right_child=1 -3 3 -5 5 -7
leaf_value=-0.0029910381787873822 0.012280487887975242 0.0015135748284670076 -0.00083194435718758565 -0.0044317728716747034 0.0022258707717330095 -0.00069408790326650578
leaf_weight=519 62 168 2252 221 2045 1544
leaf_count=519 62 168 2252 221 2045 1544
internal_value=2.36485e-05 0.00480671 -0.000150555 9.71598e-05 0.000275798 0.000971256
internal_weight=6811 230 6581 6062 5841 3589
internal_count=6811 230 6581 6062 5841 3589
is_linear=0
shrinkage=0.01


Tree=432
num_leaves=7
num_cat=0
split_feature=0 15 11 13 15 17
split_gain=55.9355 66.0194 43.9761 48.0757 57.4834 113.773
threshold=1.2320819950650408 0.74691187563582562 0.047872774178131787 56.144846009606745 1.0477024586221126 207.78500000000108
decision_type=2 2 2 2 2 8
left_child=2 -2 3 4 5 -1
right_child=1 -3 -4 -5 -6 -7
leaf_value=0.0064064291983364332 0.012532307172848567 0.0013902690603974318 -0.0054421509995863041 -0.0032246548770662317 -0.00082862457287990034 0.00044444472328849198
leaf_weight=352 64 200 144 430 2840 2781
leaf_count=352 64 200 144 430 2840 2781
internal_value=2.35157e-05 0.00445017 -0.000161499 -3.44387e-05 0.000200233 0.00113254
internal_weight=6811 264 6547 6403 5973 3133
internal_count=6811 264 6547 6403 5973 3133
is_linear=0
shrinkage=0.01


Tree=433
num_leaves=7
num_cat=0
split_feature=1 9 6 19 21 19
split_gain=52.845 78.5962 106.074 57.771 50.9625 90.9648
threshold=1.1123947530099836 0.007223061039521291 1.0000000180025095e-35 281.22579192383324 17.498333333333356 290.18842251883024
decision_type=2 2 2 10 8 10
left_child=-1 2 3 -2 -5 -6
right_child=1 -3 -4 4 5 -7
leaf_value=-0.0013909477815768386 -0.0036529786025937226 0.0061891579775744856 -0.0036388798592807397 0.002103361161206302 -0.0074350528564168543 0.00057134064919178902
leaf_weight=1895 256 227 591 2310 148 1384
leaf_count=1895 256 227 591 2310 148 1384
internal_value=2.34459e-05 0.000570378 0.000285773 0.000859254 0.00116862 -0.000245324
internal_weight=6811 4916 4689 4098 3842 1532
internal_count=6811 4916 4689 4098 3842 1532
is_linear=0
shrinkage=0.01


Tree=434
num_leaves=7
num_cat=0
split_feature=12 7 17 10 7 19
split_gain=50.2896 76.9316 68.4614 124.616 148.011 86.3085
threshold=2.9727379293480429 26.538750000000004 207.78500000000108 0.032605189010684155 464.52510000000007 282.82416389198437
decision_type=2 2 10 2 2 8
left_child=1 -1 3 4 -3 -4
right_child=-2 2 5 -5 -6 -7
leaf_value=-0.00091509842112258671 -0.0018006540654088529 0.002474091836678175 -0.0068327883978241254 -0.0019347159270093673 0.016344161202072455 0.0012333645316757102
leaf_weight=2416 1228 182 130 170 129 2556
leaf_count=2416 1228 182 130 170 129 2556
internal_value=2.31051e-05 0.000426749 0.00145006 0.00488516 0.00855721 0.000819074
internal_weight=6811 5583 3167 481 311 2686
internal_count=6811 5583 3167 481 311 2686
is_linear=0
shrinkage=0.01


Tree=435
num_leaves=7
num_cat=0
split_feature=2 1 9 6 7 7
split_gain=52.4428 64.7734 87.5243 95.3397 56.6453 54.0885
threshold=0.28385749713381719 1.2183779978204947 0.0069403480282166615 1.0000000180025095e-35 666.19845000000009 13.320000000000002
decision_type=2 2 2 2 2 2
left_child=4 -2 3 -3 -1 -4
right_child=1 2 5 -5 -6 -7
leaf_value=0.0015991602856391793 -0.0015088317980324567 0.00081543353118957622 -0.0012030533032670412 -0.0040229395070535126 0.010636607594106619 0.0094791306528819383
leaf_weight=487 2443 3129 63 458 72 159
leaf_count=487 2443 3129 63 458 72 159
internal_value=2.29996e-05 -0.000241154 0.000573726 0.000188187 0.00292967 0.00652651
internal_weight=6811 6252 3809 3587 559 222
internal_count=6811 6252 3809 3587 559 222
is_linear=0
shrinkage=0.01


Tree=436
num_leaves=7
num_cat=0
split_feature=1 15 8 12 20 19
split_gain=51.2977 51.7462 49.4476 58.1227 54.1182 64.3654
threshold=0.89035637348639429 10.619077735791935 2393.0000000000005 2.9727379293480429 38.300000000000018 297.70676354639807
decision_type=2 2 2 2 10 10
left_child=-1 2 3 4 -2 -6
right_child=1 -3 -4 -5 5 -7
leaf_value=-0.0029619332579694157 0.0015721014508576399 -0.0043717427590702664 -0.0020963995508914181 -0.0013843821159335123 -0.0052837956285061828 0.0048879310631412352
leaf_weight=521 4084 221 668 1010 232 75
leaf_count=521 4084 221 668 1010 232 75
internal_value=2.30012e-05 0.000274552 0.000450658 0.000768972 0.0012663 -0.00272304
internal_weight=6811 6290 6069 5401 4391 307
internal_count=6811 6290 6069 5401 4391 307
is_linear=0
shrinkage=0.01


Tree=437
num_leaves=7
num_cat=0
split_feature=0 12 13 5 13 12
split_gain=54.1248 42.6497 41.6595 53.7512 52.3363 42.0372
threshold=1.2673108119294263 1.1839263696174613 56.144846009606745 1.8143995640943189 57.105286346109096 0.0079365820836721519
decision_type=2 2 2 2 2 2
left_child=2 -2 3 5 -4 -1
right_child=1 -3 4 -5 -6 -7
leaf_value=0.00064692077018099769 0.010044867161651263 0.0012710773735012434 -0.010922198252972319 0.0083156181074296818 -0.0015505588733675804 -0.0010444929524139176
leaf_weight=3615 82 148 62 68 375 2461
leaf_count=3615 82 148 62 68 375 2461
internal_value=2.26299e-05 0.00468733 -0.000147261 6.70725e-05 -0.00309477 -3.87536e-05
internal_weight=6811 230 6581 6144 437 6076
internal_count=6811 230 6581 6144 437 6076
is_linear=0
shrinkage=0.01


Tree=438
num_leaves=7
num_cat=0
split_feature=2 15 10 7 5 15
split_gain=51.5841 56.36 41.6733 78.0679 48.365 38.7778
threshold=0.28385749713381719 1.6392701621403785 0.019955804785169399 27.407250000000005 1.6655135911373871 0.27958651828945164
decision_type=2 2 2 2 2 2
left_child=1 -1 3 5 -5 -2
right_child=2 -3 -4 4 -6 -7
leaf_value=0.0046131854946355501 0.0026732939230157183 -0.0027631144052492861 -0.00054877723208742997 0.002623050462518664 0.011384552906493884 -0.0062035509936359465
leaf_weight=431 67 128 5471 513 64 137
leaf_count=431 67 128 5471 513 64 137
internal_value=2.25027e-05 0.00290528 -0.000239478 0.00190674 0.00377225 -0.00329943
internal_weight=6811 559 6252 781 577 204
internal_count=6811 559 6252 781 577 204
is_linear=0
shrinkage=0.01


Tree=439
num_leaves=7
num_cat=0
split_feature=2 13 10 9 3 3
split_gain=50.7489 57.7917 118.369 50.3939 90.7234 57.2042
threshold=0.41917404857942125 29.189515306662237 0.024475109035076954 0.0069403480282166615 0.013847587174118903 0.17966604237841516
decision_type=2 2 2 2 2 2
left_child=1 2 -1 5 -5 -2
right_child=3 -3 -4 4 -6 -7
leaf_value=0.010668421982398552 -0.0023353431040607779 -0.0014104040188445193 0.0014536955922528471 -0.0018799124578483231 0.010340611671662739 1.8190530334386744e-05
leaf_weight=154 1442 449 962 121 107 3576
leaf_count=154 1442 449 962 121 107 3576
internal_value=2.24504e-05 0.00159698 0.00280872 -0.000449411 0.00404867 -0.000661433
internal_weight=6811 1565 1116 5246 228 5018
internal_count=6811 1565 1116 5246 228 5018
is_linear=0
shrinkage=0.01


Tree=440
num_leaves=7
num_cat=0
split_feature=2 8 20 9 19 19
split_gain=50.1946 55.1451 51.5716 37.9926 58.6285 49.2806
threshold=0.28385749713381719 2393.0000000000005 24.400000000000038 0.0069403480282166615 291.37522290765156 287.67617530298065
decision_type=2 2 10 2 10 10
left_child=1 2 -1 -2 5 -5
right_child=3 -3 -4 4 -6 -7
leaf_value=-0.0038932206040391553 -0.00042017991176679977 -0.0025863208774373763 0.0059377243834621233 -0.00041768862307071686 -0.00074357094673966164 0.011620564724446511
leaf_weight=55 5928 134 370 50 182 92
leaf_count=55 5928 134 370 50 182 92
internal_value=2.2473e-05 0.00286616 0.00460523 -0.000235956 0.00304632 0.00763313
internal_weight=6811 559 425 6252 324 142
internal_count=6811 559 425 6252 324 142
is_linear=0
shrinkage=0.01


Tree=441
num_leaves=7
num_cat=0
split_feature=1 15 7 2 7 17
split_gain=49.6869 50.3175 51.9478 91.2635 103.948 98.4673
threshold=0.89035637348639429 10.619077735791935 26.538750000000004 0.51691794760825449 565.2225000000002 279.6650000000003
decision_type=2 2 2 2 2 10
left_child=-1 2 -2 4 -4 -6
right_child=1 -3 3 -5 5 -7
leaf_value=-0.0029153076781215049 -0.00066176371774718439 -0.0043117459376395004 0.0017677675309490846 8.8253843426960025e-05 0.014180722742147938 0.0023657527239680691
leaf_weight=521 2496 221 899 2391 144 139
leaf_count=521 2496 221 899 2391 144 139
internal_value=2.23875e-05 0.000269958 0.000443617 0.0012155 0.00347586 0.00865641
internal_weight=6811 6290 6069 3573 1182 283
internal_count=6811 6290 6069 3573 1182 283
is_linear=0
shrinkage=0.01


Tree=442
num_leaves=7
num_cat=0
split_feature=13 1 13 13 9 20
split_gain=49.5468 50.7559 49.5098 42.7214 107.328 43.2156
threshold=56.144846009606745 0.89035637348639429 57.105286346109096 37.446588971228628 0.005083562788753682 34.10000000000003
decision_type=2 2 2 2 2 10
left_child=1 -1 -2 5 -5 -3
right_child=2 3 -4 4 -6 -7
leaf_value=-0.0027678370834137611 -0.010800668797197028 0.0008551931635044774 -0.0016876877306203077 0.00085221727898496453 0.011243771038476439 -0.0010688036968096912
leaf_weight=503 62 3539 381 480 116 1730
leaf_count=503 62 3539 381 480 116 1730
internal_value=2.23177e-05 0.000249257 -0.00317336 0.000512283 0.0030269 0.000222649
internal_weight=6811 6368 443 5865 596 5269
internal_count=6811 6368 443 5865 596 5269
is_linear=0
shrinkage=0.01


Tree=443
num_leaves=7
num_cat=0
split_feature=0 12 12 7 20 12
split_gain=52.413 41.4293 38.2117 59.422 51.658 74.6734
threshold=1.2673108119294263 1.1839263696174613 2.9727379293480429 29.165400000000002 38.500000000000036 0.0023971633962816502
decision_type=2 2 2 2 10 2
left_child=2 -2 3 -1 5 -5
right_child=1 -3 -4 4 -6 -7
leaf_value=-0.00092633373112962613 0.0098925987371931909 0.0012459012688007913 -0.0017285288811755232 0.002817475474601231 -0.0029338485909926803 -0.00071720138174580629
leaf_weight=2445 82 148 1228 1738 267 903
leaf_count=2445 82 148 1228 1738 267 903
internal_value=2.20451e-05 0.00461238 -0.000145138 0.000220645 0.00118488 0.00161077
internal_weight=6811 230 6581 5353 2908 2641
internal_count=6811 230 6581 5353 2908 2641
is_linear=0
shrinkage=0.01


Tree=444
num_leaves=7
num_cat=0
split_feature=13 10 8 8 13 13
split_gain=48.5871 73.3026 85.832 138.011 87.1848 48.6024
threshold=56.144846009606745 0.019796903093877095 1471.5000000000002 936.00000000000011 35.931460387583243 57.105286346109096
decision_type=2 2 2 2 2 2
left_child=1 2 3 -1 -4 -2
right_child=5 -3 4 -5 -6 -7
leaf_value=0.0025942278844857968 -0.010699686298353805 -0.0001280156591093412 0.0049986731919618149 0.020181956538132258 -0.0032644474662478396 -0.0016706904381245035
leaf_weight=133 62 5683 255 60 237 381
leaf_count=133 62 5683 255 60 237 381
internal_value=2.19368e-05 0.000246668 0.00331229 0.00878676 0.00103253 -0.00314264
internal_weight=6811 6368 685 193 492 443
internal_count=6811 6368 685 193 492 443
is_linear=0
shrinkage=0.01


Tree=445
num_leaves=7
num_cat=0
split_feature=13 15 5 21 15 13
split_gain=47.7086 53.983 99.1953 61.3341 141.882 135.178
threshold=56.144846009606745 1.0477024586221126 1.8143995640943189 17.779166666666665 0.85583513349562701 17.877604077128598
decision_type=2 2 2 8 2 2
left_child=1 2 3 4 -1 -5
right_child=-2 -3 -4 5 -6 -7
leaf_value=0.0011132575931623991 -0.0031139475292275365 -0.00070318628993035507 0.013004586617799773 -0.0022533756682219415 0.010212239306907692 0.0059044219978363153
leaf_weight=1706 443 3088 59 1095 181 239
leaf_count=1706 443 3088 59 1095 181 239
internal_value=2.18935e-05 0.000244584 0.0011363 0.000879328 0.00203526 -0.000758764
internal_weight=6811 6368 3280 3221 1887 1334
internal_count=6811 6368 3280 3221 1887 1334
is_linear=0
shrinkage=0.01


Tree=446
num_leaves=7
num_cat=0
split_feature=15 9 6 15 16 21
split_gain=40.9818 39.9615 51.34 49.9206 51.359 48.4301
threshold=10.619077735791935 0.0045037110188720494 1.0000000180025095e-35 1.6392701621403785 320.4500000000001 17.650833333333328
decision_type=2 2 2 2 8 8
left_child=1 2 5 4 -3 -1
right_child=-2 3 -4 -5 -6 -7
leaf_value=0.00102711992345831 -0.0040283116576826025 0.0053211317782174365 -0.0026344852973137125 -0.0011264243172895236 -0.0024152306163119615 -0.00097225687063010502
leaf_weight=3011 231 456 707 294 99 2013
leaf_count=3011 231 456 707 294 99 2013
internal_value=2.20289e-05 0.000170119 -0.00013114 0.00218155 0.00392281 0.000225676
internal_weight=6811 6580 5731 849 555 5024
internal_count=6811 6580 5731 849 555 5024
is_linear=0
shrinkage=0.01


Tree=447
num_leaves=7
num_cat=0
split_feature=2 7 5 6 19 19
split_gain=48.6748 53.6494 38.1664 44.8376 38.9034 32.8693
threshold=0.28385749713381719 666.19845000000009 1.8143995640943189 1.0000000180025095e-35 291.82505567448464 282.82416389198437
decision_type=2 2 2 2 10 10
left_child=1 -1 3 5 -4 -2
right_child=2 -3 4 -5 -6 -7
leaf_value=0.0015278823157562546 -0.0025424803820261748 0.010321779117306196 0.0093353085551994407 -0.0026888126712908186 -0.0006943228687159717 0.00020129132654491603
leaf_weight=487 469 72 73 716 70 4924
leaf_count=487 469 72 73 716 70 4924
internal_value=2.17378e-05 0.00282204 -0.000232748 -0.000355737 0.00470121 -4.15837e-05
internal_weight=6811 559 6252 6109 143 5393
internal_count=6811 559 6252 6109 143 5393
is_linear=0
shrinkage=0.01


Tree=448
num_leaves=7
num_cat=0
split_feature=0 22 3 1 19 17
split_gain=50.679 42.1318 48.915 40.3341 40.0621 88.2349
threshold=1.2673108119294263 -0.89999999999997715 0.53743015800773397 0.89035637348639429 280.71217252866825 151.80999999999963
decision_type=2 10 2 2 10 10
left_child=3 -2 -3 -1 -5 -6
right_child=1 2 -4 4 5 -7
leaf_value=-0.0027908095633826747 -0.00042315723887140596 0.01409117338207105 0.0019799596866274752 -0.0034938109297970128 0.010446431579600488 0.00012192489750615184
leaf_weight=519 99 59 72 287 74 5701
leaf_count=519 99 59 72 287 74 5701
internal_value=2.17471e-05 0.00453551 0.00804715 -0.000142647 8.8299e-05 0.000272051
internal_weight=6811 230 131 6581 6062 5775
internal_count=6811 230 131 6581 6062 5775
is_linear=0
shrinkage=0.01


Tree=449
num_leaves=7
num_cat=0
split_feature=2 1 8 6 3 19
split_gain=47.7866 57.6827 52.9506 42.0114 91.1515 45.5363
threshold=0.28385749713381719 1.2183779978204947 2393.0000000000005 1.0000000180025095e-35 0.043200720703640026 282.82416389198437
decision_type=2 2 2 2 2 10
left_child=2 -2 -1 5 -5 -3
right_child=1 3 -4 4 -6 -7
leaf_value=0.0045006789817426613 -0.0014266112800537108 -0.0027923796331307212 -0.0025458921541252899 0.0097132731787860395 -0.0033493452914760869 0.0013364853996778354
leaf_weight=425 2443 284 134 50 497 2978
leaf_count=425 2443 284 134 50 497 2978
internal_value=2.18218e-05 -0.000230332 0.00279646 0.000538659 -0.00200237 0.000969578
internal_weight=6811 6252 559 3809 547 3262
internal_count=6811 6252 559 3809 547 3262
is_linear=0
shrinkage=0.01


Tree=450
num_leaves=7
num_cat=0
split_feature=13 2 7 2 7 15
split_gain=47.3174 68.8644 91.2382 74.0818 97.6149 61.578
threshold=56.144846009606745 0.68058377164761319 357.75855000000007 0.52961400599152586 1697.5800000000002 0.92919222506915333
decision_type=2 2 2 2 2 2
left_child=1 2 5 -4 -5 -1
right_child=-2 -3 3 4 -6 -7
leaf_value=0.0014559195070364378 -0.0031012752559652786 -0.0012668132563542637 0.0074842341670411996 0.0071811825410998242 -0.0044086953236940592 -0.0011474795890532687
leaf_weight=2140 443 2041 346 117 160 1564
leaf_count=2140 443 2041 346 117 160 1564
internal_value=2.16833e-05 0.000243459 0.000957116 0.00446591 0.000566314 0.000356514
internal_weight=6811 6368 4327 623 277 3704
internal_count=6811 6368 4327 623 277 3704
is_linear=0
shrinkage=0.01


Tree=451
num_leaves=7
num_cat=0
split_feature=13 10 5 22 6 5
split_gain=46.3991 69.5594 77.4068 48.0166 46.2565 50.9703
threshold=56.144846009606745 0.019796903093877095 1.8143995640943189 -1.5999999999999657 1.0000000180025095e-35 1.0442599867353703
decision_type=2 2 2 10 2 2
left_child=1 2 -1 -2 5 -3
right_child=3 4 -4 -5 -6 -7
leaf_value=0.0021008184042008928 -0.0079428981957691061 -0.0002171807917456262 0.013474426190577336 -0.00086418979445143651 -0.0023260651759671063 0.0025009722289546349
leaf_weight=628 130 4055 57 313 807 821
leaf_count=628 130 4055 57 313 807 821
internal_value=2.15573e-05 0.00024117 0.00322749 -0.00307095 -0.000123824 0.000244672
internal_weight=6811 6368 685 443 5683 4876
internal_count=6811 6368 685 443 5683 4876
is_linear=0
shrinkage=0.01


Tree=452
num_leaves=7
num_cat=0
split_feature=2 15 11 19 11 15
split_gain=46.6131 53.3152 39.4891 40.1215 36.6526 37.9529
threshold=0.28385749713381719 1.6392701621403785 0.034200894312222958 295.21514624881968 0.047872774178131787 10.619077735791935
decision_type=2 2 2 10 2 2
left_child=1 2 3 -1 5 -2
right_child=4 -3 -4 -5 -6 -7
leaf_value=0.0084805024818355307 4.2265529037224533e-05 -0.0027484794989552186 0.00029797791037708524 -0.00071076166911927211 -0.0053242081214768299 -0.0041068967402578174
leaf_weight=220 5905 128 153 58 128 219
leaf_count=220 5905 128 153 58 128 219
internal_value=2.14403e-05 0.0027618 0.00442348 0.0066048 -0.000227598 -0.000112566
internal_weight=6811 559 431 278 6252 6124
internal_count=6811 559 431 278 6252 6124
is_linear=0
shrinkage=0.01


Tree=453
num_leaves=7
num_cat=0
split_feature=2 20 14 14 15 9
split_gain=45.8674 67.0861 124.277 81.1407 61.8802 46.4099
threshold=0.41917404857942125 38.200000000000024 0.084800791438325959 0.083224359763866371 0.74691187563582562 0.0069403480282166615
decision_type=2 8 2 2 2 2
left_child=1 2 3 -1 -4 -2
right_child=5 -3 4 -5 -6 -7
leaf_value=0.003580234647290596 -0.00063090235285290621 -0.0066530834193292421 0.0026425917570947399 0.015891364346993599 -0.001823793993743724 0.0038891635260333408
leaf_weight=141 5018 85 728 85 526 228
leaf_count=141 5018 85 728 85 526 228
internal_value=2.11663e-05 0.00151805 0.00202884 0.00868769 0.000769525 -0.000427427
internal_weight=6811 1565 1480 226 1254 5246
internal_count=6811 1565 1480 226 1254 5246
is_linear=0
shrinkage=0.01


Tree=454
num_leaves=7
num_cat=0
split_feature=0 2 7 1 1 22
split_gain=49.3159 54.6968 190.238 59.5042 43.6806 41.2194
threshold=1.2673108119294263 0.51691794760825449 357.75855000000007 1.2183779978204947 1.1144388563189176 -0.89999999999997715
decision_type=2 2 2 2 2 10
left_child=1 2 -1 4 -4 -2
right_child=5 -3 3 -5 -6 -7
leaf_value=-2.0249060335541182e-05 -0.00042976768789898366 -0.00087107906643752082 0.0070805880985388191 0.012035844597440646 -0.0038666565768176414 0.0079472970485139037
leaf_weight=2268 99 4006 85 171 51 131
leaf_count=2268 99 4006 85 171 51 131
internal_value=2.12023e-05 -0.000140965 0.000993869 0.00825009 0.00299171 0.00447385
internal_weight=6811 6581 2575 307 136 230
internal_count=6811 6581 2575 307 136 230
is_linear=0
shrinkage=0.01


Tree=455
num_leaves=7
num_cat=0
split_feature=19 17 17 16 6 20
split_gain=37.9082 49.5713 48.4348 49.923 39.2909 56.018
threshold=282.82416389198437 151.80999999999963 203.4066666666665 161.15000000000006 1.0000000180025095e-35 34.10000000000003
decision_type=10 10 10 10 2 10
left_child=2 -2 3 -1 5 -3
right_child=1 4 -4 -5 -6 -7
leaf_value=-0.0031480074140534525 0.0092183857432520788 0.0011864669874667247 -0.0061631322147599355 0.0042428811388759832 -0.0017672935195031797 -0.0010185971860883452
leaf_weight=217 51 3619 207 143 895 1679
leaf_count=217 51 3619 207 143 895 1679
internal_value=2.1311e-05 0.000247553 -0.00243126 -0.000176856 0.000158936 0.000487053
internal_weight=6811 6244 567 360 6193 5298
internal_count=6811 6244 567 360 6193 5298
is_linear=0
shrinkage=0.01


Tree=456
num_leaves=7
num_cat=0
split_feature=10 8 10 8 18 10
split_gain=40.4409 44.107 61.477 54.0756 45.8652 66.7458
threshold=0.068025517173600877 2393.0000000000005 0.019955804785169399 2435.5000000000005 0.0092476956614456745 0.025593909851723873
decision_type=2 2 2 2 2 2
left_child=1 2 -1 -3 -4 -6
right_child=-2 3 4 -5 5 -7
leaf_value=0.0033510606583096688 -0.0025338632849960848 -0.010266939633787444 -0.00080575098804838848 -0.0011450595743167148 0.006463941910465152 0.00061213757830332158
leaf_weight=677 558 63 2457 629 204 2223
leaf_count=677 558 63 2457 629 204 2223
internal_value=2.11353e-05 0.000252818 0.000550095 -0.00210994 0.000155782 0.00112851
internal_weight=6811 6253 5561 692 4884 2427
internal_count=6811 6253 5561 692 4884 2427
is_linear=0
shrinkage=0.01


Tree=457
num_leaves=7
num_cat=0
split_feature=0 2 1 19 19 0
split_gain=48.273 52.998 45.5886 33.9744 31.5728 40.1317
threshold=1.2673108119294263 0.51691794760825449 1.4176819274761803 293.93089609402108 287.12422302897789 1.4838035527690703
decision_type=2 2 2 10 10 2
left_child=1 2 -1 -4 -2 -6
right_child=4 -3 3 -5 5 -7
leaf_value=0.00022086932344718682 -0.00093970267247992108 -0.00085826814837213546 0.0044662810888240591 -0.0012678495262301078 0.010309949864356502 -6.2512557840708536e-05
leaf_weight=1953 73 4006 497 125 101 56
leaf_count=1953 73 4006 497 125 101 56
internal_value=2.08605e-05 -0.000139583 0.00097749 0.0033121 0.00442618 0.00682802
internal_weight=6811 6581 2575 622 230 157
internal_count=6811 6581 2575 622 230 157
is_linear=0
shrinkage=0.01


Tree=458
num_leaves=7
num_cat=0
split_feature=0 2 17 15 6 21
split_gain=47.3928 52.1557 103.162 51.6006 43.4994 63.5166
threshold=1.2673108119294263 0.41917404857942125 179.3900000000003 1.028211211583139 1.0000000180025095e-35 8.7483333333333704
decision_type=2 2 8 2 2 10
left_child=1 2 -1 -2 5 -4
right_child=3 -3 4 -5 -6 -7
leaf_value=0.01260404694259544 0.011480392846796248 -0.00062993873451683041 -0.005024395420041401 0.0012696794307466303 -0.0027447673179469257 0.0024357447951454574
leaf_weight=69 62 5043 118 168 264 1087
leaf_count=69 62 5043 118 168 264 1087
internal_value=2.08259e-05 -0.000138149 0.00146805 0.0043858 0.000863302 0.00166987
internal_weight=6811 6581 1538 230 1469 1205
internal_count=6811 6581 1538 230 1469 1205
is_linear=0
shrinkage=0.01


Tree=459
num_leaves=7
num_cat=0
split_feature=0 10 14 10 17 14
split_gain=46.5579 40.1009 38.9218 41.857 30.6108 214.379
threshold=1.2673108119294263 0.017332036676623436 2.6816638682833962 0.068025517173600877 202.11166666666676 0.14493040109192143
decision_type=2 2 2 2 10 2
left_child=2 -2 3 4 5 -1
right_child=1 -3 -4 -5 -6 -7
leaf_value=0.013337710229344935 0.010739391077309849 0.0016199053227384059 -0.0029194743117358442 -0.0026888151131903614 6.9625607035431102e-05 -0.00084663830290082848
leaf_weight=129 60 170 457 493 5050 452
leaf_count=129 60 170 457 493 5050 452
internal_value=2.0902e-05 0.00434725 -0.000136666 7.542e-05 0.000321769 0.00247512
internal_weight=6811 230 6581 6124 5631 581
internal_count=6811 230 6581 6124 5631 581
is_linear=0
shrinkage=0.01


Tree=460
num_leaves=7
num_cat=0
split_feature=13 10 14 8 14 20
split_gain=45.962 65.3126 119.304 119.905 58.9839 56.449
threshold=56.144846009606745 0.019796903093877095 0.79906939789846632 1440.5000000000002 0.39558454641884161 28.500000000000032
decision_type=2 2 2 2 2 10
left_child=1 2 3 -1 -2 -4
right_child=4 -3 5 -5 -6 -7
leaf_value=0.020207871004939079 -0.0059648209207945248 -0.00011413331200042871 -0.0052595800156926822 0.0044064395683694217 0.0013592446672710333 0.0026565067655383015
leaf_weight=50 265 5683 158 292 178 185
leaf_count=50 265 5683 158 292 178 185
internal_value=2.09761e-05 0.000239552 0.00313328 0.00722505 -0.00305693 -0.00103567
internal_weight=6811 6368 685 342 443 343
internal_count=6811 6368 685 342 443 343
is_linear=0
shrinkage=0.01


Tree=461
num_leaves=7
num_cat=0
split_feature=19 17 17 16 6 20
split_gain=37.2857 48.2011 46.9473 48.8498 38.3345 53.9132
threshold=282.82416389198437 151.80999999999963 203.4066666666665 161.15000000000006 1.0000000180025095e-35 34.10000000000003
decision_type=10 10 10 10 2 10
left_child=2 -2 3 -1 5 -3
right_child=1 4 -4 -5 -6 -7
leaf_value=-0.0031299515644966375 0.0090913866593914684 0.0011682515061499188 -0.006085471874076126 0.0041811113487442144 -0.0017446328219880469 -0.0009949995123501702
leaf_weight=217 51 3619 207 143 895 1679
leaf_count=217 51 3619 207 143 895 1679
internal_value=2.10198e-05 0.000245397 -0.00241133 -0.000191322 0.00015801 0.000482108
internal_weight=6811 6244 567 360 6193 5298
internal_count=6811 6244 567 360 6193 5298
is_linear=0
shrinkage=0.01


Tree=462
num_leaves=7
num_cat=0
split_feature=13 2 11 14 14 20
split_gain=45.251 63.8989 71.5048 57.8258 48.3056 98.5824
threshold=56.144846009606745 0.68058377164761319 0.0088032195105652248 0.39558454641884161 0.60584244387253006 31.600000000000026
decision_type=2 2 2 2 2 10
left_child=1 2 -1 -2 5 -4
right_child=3 -3 4 -5 -6 -7
leaf_value=0.0083507387981161529 -0.0059123189421185418 -0.0012170856198820089 0.0038968656838425484 0.0013397192726149522 -0.00028549874233723115 -0.00062473689281726855
leaf_weight=116 265 2041 1059 178 2278 874
leaf_count=116 265 2041 1059 178 2278 874
internal_value=2.0846e-05 0.000237725 0.000925168 -0.00303316 0.000701317 0.00185974
internal_weight=6811 6368 4327 443 4211 1933
internal_count=6811 6368 4327 443 4211 1933
is_linear=0
shrinkage=0.01


Tree=463
num_leaves=7
num_cat=0
split_feature=13 14 14 5 14 13
split_gain=44.3825 56.7204 50.3751 58.3805 37.063 33.2148
threshold=56.144846009606745 0.39558454641884161 2.415901222075028 1.6836912700184239 0.073789056536327155 73.32112829862551
decision_type=2 2 2 2 2 2
left_child=2 5 3 4 -1 -2
right_child=1 -3 -4 -5 -6 -7
leaf_value=0.003816042019974715 -0.0081612492497786099 0.0013270346807474469 -0.00216366658894067 0.0066571765211623866 0.00019447357731486461 -0.00054703675839614047
leaf_weight=289 181 178 760 143 5176 84
leaf_count=289 181 178 760 143 5176 84
internal_value=2.07189e-05 -0.00300384 0.000235507 0.000563917 0.000392609 -0.00585535
internal_weight=6811 443 6368 5608 5465 265
internal_count=6811 443 6368 5608 5465 265
is_linear=0
shrinkage=0.01


Tree=464
num_leaves=7
num_cat=0
split_feature=0 15 14 1 15 7
split_gain=45.1933 50.1162 37.2141 40.8567 41.3544 30.3854
threshold=1.2673108119294263 1.028211211583139 2.6816638682833962 0.89035637348639429 10.696579570763875 15.556050000000001
decision_type=2 2 2 2 2 2
left_child=2 -2 3 -1 5 -5
right_child=1 -3 -4 4 -6 -7
leaf_value=-0.002703666197640352 0.011274145028760865 0.0012145088661169067 -0.002855788513437727 -0.00072108223888210404 -0.004488721587788849 0.00092959596065201515
leaf_weight=478 62 168 457 1546 164 3936
leaf_count=478 62 168 457 1546 164 3936
internal_value=2.05282e-05 0.004283 -0.000134714 7.26696e-05 0.000312083 0.000463616
internal_weight=6811 230 6581 6124 5646 5482
internal_count=6811 230 6581 6124 5646 5482
is_linear=0
shrinkage=0.01


Tree=465
num_leaves=7
num_cat=0
split_feature=0 2 17 15 15 15
split_gain=44.4024 50.7583 99.0097 49.2677 39.7102 45.8487
threshold=1.2673108119294263 0.41917404857942125 179.3900000000003 1.028211211583139 0.74691187563582562 0.78881454077650603
decision_type=2 2 8 2 2 2
left_child=1 2 -1 -2 -4 -6
right_child=3 -3 4 -5 5 -7
leaf_value=0.012360731695507523 0.011177061951926186 -0.00061867723055118392 0.0022894698520706568 0.0012030460994711585 -0.0089739540540255038 -0.00011813572594705462
leaf_weight=69 62 5043 830 168 55 584
leaf_count=69 62 5043 830 168 55 584
internal_value=2.03617e-05 -0.000133516 0.00145102 0.00424538 0.000858469 -0.0010069
internal_weight=6811 6581 1538 230 1469 639
internal_count=6811 6581 1538 230 1469 639
is_linear=0
shrinkage=0.01


Tree=466
num_leaves=7
num_cat=0
split_feature=13 14 14 21 14 13
split_gain=43.3409 55.4743 48.6805 53.987 167.831 118.816
threshold=56.144846009606745 0.39558454641884161 2.415901222075028 17.498333333333356 0.084800791438325959 17.877604077128598
decision_type=2 2 2 10 2 2
left_child=2 -2 3 4 -1 -5
right_child=1 -3 -4 5 -6 -7
leaf_value=0.0076388937439275809 -0.0057884679518809372 0.0013144986282419811 -0.0021258127784277857 -0.0013618694999591192 0.0005640078480464712 0.0052820275793783369
leaf_weight=372 265 178 760 2179 2760 297
leaf_count=372 265 178 760 2179 2760 297
internal_value=2.0412e-05 -0.00296844 0.000232664 0.000555502 0.00142596 -0.000546882
internal_weight=6811 443 6368 5608 3132 2476
internal_count=6811 443 6368 5608 3132 2476
is_linear=0
shrinkage=0.01


Tree=467
num_leaves=7
num_cat=0
split_feature=0 22 3 1 14 7
split_gain=43.481 39.558 45.9993 35.9237 39.7786 24.4665
threshold=1.2673108119294263 -0.89999999999997715 0.53743015800773397 0.89035637348639429 2.816474906729789 3.8781000000000003
decision_type=2 10 2 2 2 2
left_child=3 -2 -3 -1 5 -5
right_child=1 2 -4 4 -6 -7
leaf_value=-0.0026311748918094839 -0.00058691099918353447 0.013461366620229429 0.0017492226474895712 -0.0020807253298895869 -0.0028610079480606205 0.0004881305461381451
leaf_weight=519 99 59 72 389 416 5257
leaf_count=519 99 59 72 389 416 5257
internal_value=2.02889e-05 0.00420124 0.00760476 -0.000131984 8.59659e-05 0.000307775
internal_weight=6811 230 131 6581 6062 5646
internal_count=6811 230 131 6581 6062 5646
is_linear=0
shrinkage=0.01


Tree=468
num_leaves=7
num_cat=0
split_feature=1 14 12 17 14 21
split_gain=41.117 44.0667 30.4887 36.7246 174.396 71.1183
threshold=0.89035637348639429 2.816474906729789 2.9727379293480429 194.36166666666725 0.17021881020370608 11.006666666666732
decision_type=2 2 2 10 2 10
left_child=-1 2 3 4 -2 -5
right_child=1 -3 -4 5 -6 -7
leaf_value=-0.0026521719836764979 0.010874513907456085 -0.002849315994040333 -0.0011901116514572341 -0.0028732646388594401 -0.0013623995678438468 0.00096592356570991147
leaf_weight=521 180 419 922 540 296 3933
leaf_count=521 180 419 922 540 296 3933
internal_value=2.01965e-05 0.000245407 0.00047074 0.000781933 0.00339355 0.000497065
internal_weight=6811 6290 5871 4949 476 4473
internal_count=6811 6290 5871 4949 476 4473
is_linear=0
shrinkage=0.01


Tree=469
num_leaves=7
num_cat=0
split_feature=2 13 1 9 6 20
split_gain=43.6883 63.9216 49.8203 77.8209 88.0686 47.7217
threshold=0.28385749713381719 18.64550968658374 1.2183779978204947 0.0069403480282166615 1.0000000180025095e-35 40.10000000000003
decision_type=2 2 2 2 2 10
left_child=1 -1 -2 4 5 -4
right_child=2 -3 3 -5 -6 -7
leaf_value=0.0051944225239132502 -0.0013328465448123037 -0.0017201491778196638 0.0009985087275623378 0.0061066490052878088 -0.0039170036566593984 -0.0049372641508742959
leaf_weight=354 2443 205 2997 222 458 132
leaf_count=354 2443 205 2997 222 458 132
internal_value=2.0008e-05 0.002673 -0.00022109 0.000493587 0.000130183 0.000733171
internal_weight=6811 559 6252 3809 3587 3129
internal_count=6811 559 6252 3809 3587 3129
is_linear=0
shrinkage=0.01


Tree=470
num_leaves=7
num_cat=0
split_feature=11 14 1 8 14 17
split_gain=41.4646 42.126 28.8498 42.5724 42.1991 138.703
threshold=0.047872774178131787 2.6816638682833962 1.4445118306166871 2393.0000000000005 0.084800791438325959 246.29999999999984
decision_type=2 2 2 2 2 10
left_child=1 2 3 4 5 -1
right_child=-2 -3 -4 -5 -6 -7
leaf_value=0.012022961328414478 -0.0051103292108065903 -0.0027588173045143107 0.0012676822731653369 -0.0033843381733230844 -0.00019769816297480645 -0.00073584936769498926
leaf_weight=114 144 457 2216 360 3251 269
leaf_count=114 144 457 2216 360 3251 269
internal_value=1.98136e-05 0.000138107 0.000355387 -0.000152686 0.000175865 0.00327111
internal_weight=6811 6667 6210 3994 3634 383
internal_count=6811 6667 6210 3994 3634 383
is_linear=0
shrinkage=0.01


Tree=471
num_leaves=7
num_cat=0
split_feature=13 10 16 4 22 12
split_gain=42.3981 60.292 72.1155 57.0566 44.8076 34.4056
threshold=56.144846009606745 0.019796903093877095 334.85000000000008 0.20436381276110185 -1.5999999999999657 2.9727379293480429
decision_type=2 2 10 2 10 2
left_child=1 2 3 -1 -2 -3
right_child=4 5 -4 -5 -6 -7
leaf_value=0.0025709238645155843 -0.0076426117972337769 0.00029428950197840496 -0.0073056691329157547 0.010606300504280066 -0.00080583240452652158 -0.0016021061723164932
leaf_weight=533 130 4477 53 99 313 1206
leaf_count=533 130 4477 53 99 313 1206
internal_value=1.96317e-05 0.000229564 0.00300984 0.00397523 -0.00293653 -0.000110255
internal_weight=6811 6368 685 632 443 5683
internal_count=6811 6368 685 632 443 5683
is_linear=0
shrinkage=0.01


Tree=472
num_leaves=7
num_cat=0
split_feature=12 7 17 12 7 19
split_gain=38.0778 59.6184 59.7351 113.463 72.2798 72.0071
threshold=2.9727379293480429 26.538750000000004 215.2983333333332 0.0079365820836721519 464.52510000000007 286.56922833666732
decision_type=2 2 10 2 2 10
left_child=1 -1 3 4 -3 -4
right_child=-2 2 5 -5 -6 -7
leaf_value=-0.00081062240771513237 -0.0015675738361193565 0.0033107387058193766 -0.0034498787039286783 -0.0018984331603801689 0.012617148065401578 0.0013069175809877476
leaf_weight=2416 1228 194 360 188 151 2274
leaf_count=2416 1228 194 360 188 151 2274
internal_value=1.93784e-05 0.000370613 0.00127145 0.00429256 0.00762465 0.000646197
internal_weight=6811 5583 3167 533 345 2634
internal_count=6811 5583 3167 533 345 2634
is_linear=0
shrinkage=0.01


Tree=473
num_leaves=7
num_cat=0
split_feature=13 12 9 13 13 7
split_gain=41.4311 47.8514 43.5832 87.6143 43.3819 37.8482
threshold=56.144846009606745 2.9727379293480429 0.005083562788753682 37.446588971228628 57.105286346109096 49.075650000000003
decision_type=2 2 2 2 2 2
left_child=1 2 -1 5 -2 -4
right_child=4 -3 3 -5 -6 -7
leaf_value=0.00036870931394501684 -0.010040927756991651 -0.0015397438923246698 -0.0032818585712983107 0.010708015777821106 -0.0015142769389904921 0.003575492103141968
leaf_weight=4711 62 1227 126 116 381 188
leaf_count=4711 62 1227 126 116 381 188
internal_value=1.9324e-05 0.000226848 0.000650651 0.00366097 -0.00290293 0.000807453
internal_weight=6811 6368 5141 430 443 314
internal_count=6811 6368 5141 430 443 314
is_linear=0
shrinkage=0.01


Tree=474
num_leaves=7
num_cat=0
split_feature=1 14 20 14 20 20
split_gain=39.1862 41.863 34.8956 77.148 88.4926 53.025
threshold=0.89035637348639429 2.816474906729789 38.500000000000036 0.084800791438325959 24.800000000000015 31.600000000000026
decision_type=2 2 10 2 8 10
left_child=-1 2 3 5 -5 -2
right_child=1 -3 -4 4 -6 -7
leaf_value=-0.0025897621983877539 0.0057348406182386024 -0.0027773822030695136 -0.002550966805696117 -0.0035309253977024342 0.00070858793302821859 -0.0007268148087362042
leaf_weight=521 447 419 352 545 4354 173
leaf_count=521 447 419 352 545 4354 173
internal_value=1.91055e-05 0.000238965 0.000458592 0.000654807 0.000230722 0.00394891
internal_weight=6811 6290 5871 5519 4899 620
internal_count=6811 6290 5871 5519 4899 620
is_linear=0
shrinkage=0.01


Tree=475
num_leaves=7
num_cat=0
split_feature=0 12 14 12 5 8
split_gain=41.4697 35.7692 32.5056 32.2426 40.4705 61.2468
threshold=1.2673108119294263 1.1839263696174613 2.6816638682833962 2.9727379293480429 1.6836912700184239 1127.0000000000002
decision_type=2 2 2 2 2 2
left_child=2 -2 3 4 -1 -6
right_child=1 -3 -4 -5 5 -7
leaf_value=0.00025520842792989089 0.0090055538966249595 0.00098705036150102936 -0.0026729878405511893 -0.0014788768917184767 -0.00081657633227719508 0.012591326679311581
leaf_weight=4900 82 148 457 1100 67 57
leaf_count=4900 82 148 457 1100 67 57
internal_value=1.88304e-05 0.00410194 -0.000129878 6.39489e-05 0.000404016 0.00582644
internal_weight=6811 230 6581 6124 5024 124
internal_count=6811 230 6581 6124 5024 124
is_linear=0
shrinkage=0.01


Tree=476
num_leaves=7
num_cat=0
split_feature=2 13 1 20 14 17
split_gain=42.8884 61.7193 45.962 37.4831 38.4406 70.8197
threshold=0.28385749713381719 18.64550968658374 1.2183779978204947 40.300000000000018 0.78060461047799456 215.2983333333332
decision_type=2 2 2 10 2 10
left_child=1 -1 -2 4 5 -4
right_child=2 -3 3 -5 -6 -7
leaf_value=0.005124963203977261 -0.0012878057484752685 -0.0016700427646986968 0.0061425969426959961 -0.0049000156489718292 -0.00052384359812808728 0.00079999381000663298
leaf_weight=354 2443 205 278 116 1590 1825
leaf_count=354 2443 205 278 116 1590 1825
internal_value=1.89041e-05 0.0026475 -0.000219975 0.000466485 0.000647828 0.00153197
internal_weight=6811 559 6252 3809 3693 2103
internal_count=6811 559 6252 3809 3693 2103
is_linear=0
shrinkage=0.01


Tree=477
num_leaves=7
num_cat=0
split_feature=2 13 0 8 18 4
split_gain=42.0528 60.5305 52.5024 51.646 43.33 30.0895
threshold=0.28385749713381719 18.64550968658374 1.1539983609574738 1519.0000000000002 0.031860725130852537 0.28227252034324135
decision_type=2 2 2 2 2 2
left_child=1 4 5 -4 -1 -2
right_child=2 -3 3 -5 -6 -7
leaf_value=0.0067801114904484476 -0.00054477885144082691 -0.0016541190719188644 0.0088601394966086842 0.00091165603793700006 -0.0017188696662125027 0.005131005533431706
leaf_weight=283 5784 205 108 275 71 85
leaf_count=283 5784 205 108 275 71 85
internal_value=1.87691e-05 0.00262163 -0.000217771 0.00332142 0.00507512 -0.000453989
internal_weight=6811 559 6252 383 354 5869
internal_count=6811 559 6252 383 354 5869
is_linear=0
shrinkage=0.01


Tree=478
num_leaves=7
num_cat=0
split_feature=13 14 14 17 14 5
split_gain=41.0349 53.5707 44.0356 85.6059 112.672 72.3938
threshold=56.144846009606745 0.39558454641884161 0.78060461047799456 213.6766666666667 0.18460237908121882 1.0604978732345531
decision_type=2 2 2 10 2 2
left_child=2 -2 3 4 -1 -5
right_child=1 -3 -4 5 -6 -7
leaf_value=0.0099012132645343795 -0.0056608202542009003 0.0013182055401278936 -0.00066264710416248402 -0.00046759673503939353 -0.00036484250558117305 0.0031897658304155681
leaf_weight=222 265 178 2971 2279 197 699
leaf_count=222 265 178 2971 2279 197 699
internal_value=1.88418e-05 -0.00288941 0.000225372 0.00100169 0.00517846 0.000398666
internal_weight=6811 443 6368 3397 419 2978
internal_count=6811 443 6368 3397 419 2978
is_linear=0
shrinkage=0.01


Tree=479
num_leaves=7
num_cat=0
split_feature=2 13 11 11 15 13
split_gain=41.1755 58.9982 41.0997 33.0761 34.6336 34.8617
threshold=0.28385749713381719 18.64550968658374 0.034200894312222958 0.047872774178131787 10.619077735791935 56.144846009606745
decision_type=2 2 2 2 2 2
left_child=1 2 -1 4 5 -2
right_child=3 -3 -4 -5 -6 -7
leaf_value=0.0074173480334896518 0.00023977236023492749 -0.0016271724000486523 0.00028897471338400226 -0.005056871232320217 -0.0039216922173490945 -0.0029303564096398249
leaf_weight=231 5545 205 123 128 219 360
leaf_count=231 5545 205 123 128 219 360
internal_value=1.87598e-05 0.00259433 0.00501652 -0.000215301 -0.000106026 4.18772e-05
internal_weight=6811 559 354 6252 6124 5905
internal_count=6811 559 354 6252 6124 5905
is_linear=0
shrinkage=0.01


Tree=480
num_leaves=7
num_cat=0
split_feature=15 10 7 12 20 20
split_gain=35.6301 40.7559 51.4496 61.8086 56.184 64.9666
threshold=10.619077735791935 0.068025517173600877 24.973650000000003 2.9727379293480429 38.500000000000036 35.800000000000018
decision_type=2 2 2 2 10 8
left_child=1 2 -1 4 5 -4
right_child=-2 -3 3 -5 -6 -7
leaf_value=-0.00077942529879186336 -0.0037581374038675513 -0.0024245010405866195 0.0017097818861555765 -0.0014933052021533614 -0.0028001678407199655 0.0075271353136489626
leaf_weight=2298 231 550 2570 722 241 199
leaf_count=2298 231 550 2570 722 241 199
internal_value=1.84902e-05 0.000156576 0.000395621 0.00111931 0.00174886 0.00215344
internal_weight=6811 6580 6030 3732 3010 2769
internal_count=6811 6580 6030 3732 3010 2769
is_linear=0
shrinkage=0.01


Tree=481
num_leaves=7
num_cat=0
split_feature=0 22 21 19 7 10
split_gain=39.604 38.5628 48.1782 34.0677 37.7496 83.8397
threshold=1.2673108119294263 -0.89999999999997715 16.391666666666669 282.39706669555795 357.75855000000007 0.025593909851723873
decision_type=2 10 10 10 2 2
left_child=3 -2 -3 4 -1 -6
right_child=1 2 -4 -5 5 -7
leaf_value=-0.0043501733613511033 -0.00070727474034823685 0.01362082383059191 0.0016488524666603873 7.7918178025373003e-05 0.010910351507365704 -0.0041835876499923567
leaf_weight=350 99 56 75 6095 50 86
leaf_count=350 99 56 75 6095 50 86
internal_value=1.82757e-05 0.00400847 0.00736969 -0.000127048 -0.00264731 0.00173285
internal_weight=6811 230 131 6581 486 136
internal_count=6811 230 131 6581 486 136
is_linear=0
shrinkage=0.01


Tree=482
num_leaves=7
num_cat=0
split_feature=2 13 0 18 13 13
split_gain=40.4186 57.843 50.27 41.9745 38.8453 50.9901
threshold=0.28385749713381719 18.64550968658374 1.1539983609574738 0.031860725130852537 11.795512369064053 43.268962397563705
decision_type=2 2 2 2 2 2
left_child=1 3 -2 -1 -4 -6
right_child=2 -3 4 -5 5 -7
leaf_value=0.0066467800194162357 -0.00044469703407375974 -0.0016098836220281069 -3.1739807913474967e-05 -0.0017157713334467032 0.0097760276617754223 -0.00071728055950445247
leaf_weight=283 5869 205 188 71 127 68
leaf_count=283 5869 205 188 71 127 68
internal_value=1.83424e-05 0.00257013 -0.000213556 0.00496849 0.00324958 0.00626033
internal_weight=6811 559 6252 354 383 195
internal_count=6811 559 6252 354 383 195
is_linear=0
shrinkage=0.01


Tree=483
num_leaves=7
num_cat=0
split_feature=13 13 13 9 21 19
split_gain=39.2162 41.9708 41.7035 97.3155 44.2213 69.1831
threshold=56.144846009606745 57.105286346109096 37.446588971228628 0.005083562788753682 17.650833333333328 290.18842251883024
decision_type=2 2 2 2 10 10
left_child=2 -2 4 -4 -1 -6
right_child=1 -3 3 -5 5 -7
leaf_value=0.00076347782667868073 -0.0098449345429738374 -0.0014597746508006634 0.00066525908671282309 0.010532712294158364 -0.0067909286090255721 -0.0005406209063005536
leaf_weight=3110 62 381 491 116 181 2470
leaf_count=3110 62 381 491 116 181 2470
internal_value=1.83335e-05 -0.00282474 0.000220235 0.00269111 -4.43175e-05 -0.000991284
internal_weight=6811 443 6368 607 5761 2651
internal_count=6811 443 6368 607 5761 2651
is_linear=0
shrinkage=0.01


Tree=484
num_leaves=7
num_cat=0
split_feature=2 15 1 9 6 1
split_gain=39.6757 48.3195 42.8988 73.9149 86.3338 40.4532
threshold=0.28385749713381719 1.6392701621403785 1.2183779978204947 0.0069403480282166615 1.0000000180025095e-35 1.0400363698057971
decision_type=2 2 2 2 2 2
left_child=1 5 -2 4 -4 -1
right_child=2 -3 3 -5 -6 -7
leaf_value=-0.00056507794011006324 -0.0012433402426716448 -0.0026958195184883867 0.00069450544890177599 0.0059218387379198628 -0.0039096228428817806 0.0060665709929341397
leaf_weight=128 2443 128 3129 222 458 303
leaf_count=128 2443 128 3129 222 458 303
internal_value=1.80523e-05 0.00254628 -0.000211705 0.000451484 9.74004e-05 0.00412893
internal_weight=6811 559 6252 3809 3587 431
internal_count=6811 559 6252 3809 3587 431
is_linear=0
shrinkage=0.01


Tree=485
num_leaves=7
num_cat=0
split_feature=2 7 21 8 19 19
split_gain=39.2164 100.41 214.289 109.591 112.456 74.7127
threshold=0.66365799073798881 357.75855000000007 17.498333333333356 1127.0000000000002 292.3191319780048 286.31629673688263
decision_type=2 2 10 2 10 10
left_child=1 5 -3 -4 -5 -1
right_child=-2 2 3 4 -6 -7
leaf_value=-0.0032141309591076201 -0.0010420859026724122 0.010117274822173313 0.010368463031707272 -0.013332654990701248 0.00039863676131634938 0.00056629937249373186
leaf_weight=611 2300 303 52 82 168 3295
leaf_count=611 2300 303 52 82 168 3295
internal_value=1.79344e-05 0.000559511 0.00431529 -0.0016436 -0.0044448 -3.17558e-05
internal_weight=6811 4511 605 302 250 3906
internal_count=6811 4511 605 302 250 3906
is_linear=0
shrinkage=0.01


Tree=486
num_leaves=7
num_cat=0
split_feature=13 2 7 20 3 13
split_gain=38.7804 57.7623 72.6294 179.103 79.5953 72.8975
threshold=56.144846009606745 0.68058377164761319 357.75855000000007 31.700000000000021 0.1427985528246217 2.4090117190252536
decision_type=2 2 2 10 2 2
left_child=1 2 -1 4 -4 -5
right_child=-2 -3 3 5 -6 -7
leaf_value=0.00033628133573335151 -0.0028094194203930768 -0.0011645862236852849 0.019530314554770788 -0.0033076760365118338 0.006524553740242571 0.006887626502504374
leaf_weight=3704 443 2041 59 267 213 84
leaf_count=3704 443 2041 59 267 213 84
internal_value=1.78117e-05 0.000218589 0.000872199 0.00400281 0.00993818 -0.000744569
internal_weight=6811 6368 4327 623 272 351
internal_count=6811 6368 4327 623 272 351
is_linear=0
shrinkage=0.01


Tree=487
num_leaves=7
num_cat=0
split_feature=2 13 10 13 13 4
split_gain=38.4983 55.9566 49.1589 30.0956 59.1655 116.55
threshold=0.28385749713381719 18.64550968658374 0.03529871864335387 56.144846009606745 37.446588971228628 0.10138302541176226
decision_type=2 2 2 2 2 2
left_child=1 2 -1 4 -2 -6
right_child=3 -3 -4 -5 5 -7
leaf_value=0.0085884452265583815 -0.00035953062049719285 -0.0016021599489329168 0.0011641725503177065 -0.0029590104920553034 0.00040745490768003738 0.010882063442824776
leaf_weight=170 5331 205 184 364 425 132
leaf_count=170 5331 205 184 364 425 132
internal_value=1.80147e-05 0.00250845 0.0048675 -0.000208308 -3.35295e-05 0.00303791
internal_weight=6811 559 354 6252 5888 557
internal_count=6811 559 354 6252 5888 557
is_linear=0
shrinkage=0.01


Tree=488
num_leaves=7
num_cat=0
split_feature=2 13 13 9 19 6
split_gain=37.7983 54.2397 34.1445 32.8829 59.4361 49.256
threshold=0.29809015747477707 18.64550968658374 0.2319236207670258 0.0069403480282166615 291.37522290765156 1.0000000180025095e-35
decision_type=2 2 2 2 10 2
left_child=1 2 -1 5 -5 -2
right_child=3 -3 -4 4 -6 -7
leaf_value=-0.00059283409328027455 -5.3630047678497848e-05 -0.001447989175789933 0.0061092613463009163 0.0076133272738980566 -0.00092826869309340656 -0.0028580824840685869
leaf_weight=98 5152 237 305 136 180 703
leaf_count=98 5152 237 305 136 180 703
internal_value=1.80709e-05 0.0023119 0.00450458 -0.00022318 0.00286863 -0.000394655
internal_weight=6811 640 403 6171 316 5855
internal_count=6811 640 403 6171 316 5855
is_linear=0
shrinkage=0.01


Tree=489
num_leaves=7
num_cat=0
split_feature=2 7 2 7 1 13
split_gain=37.2908 96.3888 53.9915 100.319 44.1409 39.7633
threshold=0.66365799073798881 357.75855000000007 0.52961400599152586 1697.5800000000002 2.5534950783118453 54.674105900413132
decision_type=2 2 2 2 2 2
left_child=1 4 -3 -4 5 -1
right_child=-2 2 3 -5 -6 -7
leaf_value=0.00018448449038653274 -0.0010156635319706615 0.006754452315938405 0.0078592419838127876 -0.0043259463898224259 0.0084071635725129334 -0.0030948904999486817
leaf_weight=3451 2300 346 105 154 51 404
leaf_count=3451 2300 346 105 154 51 404
internal_value=1.80051e-05 0.000546117 0.00422592 0.000722519 -3.31836e-05 -0.000166309
internal_weight=6811 4511 605 259 3906 3855
internal_count=6811 4511 605 259 3906 3855
is_linear=0
shrinkage=0.01


Tree=490
num_leaves=7
num_cat=0
split_feature=19 14 2 13 0 0
split_gain=37.5596 47.2986 43.9254 61.2779 48.5745 37.4005
threshold=282.82416389198437 0.11628642233052551 0.29809015747477707 37.065115862870677 1.1811784885855248 1.0479481311524712
decision_type=10 2 2 2 2 2
left_child=1 -1 3 5 -4 -2
right_child=2 -3 4 -5 -6 -7
leaf_value=0.0035985922812133892 0.0033726240491658383 -0.0037456991347371285 -0.00024524994470077904 -0.0025295443052891641 0.0038761963190153143 0.011611512124916351
leaf_weight=99 368 468 5375 150 292 59
leaf_count=99 368 468 5375 150 292 59
internal_value=1.80416e-05 -0.00242322 0.000243246 0.00284722 -2.64329e-05 0.00475068
internal_weight=6811 567 6244 577 5667 427
internal_count=6811 567 6244 577 5667 427
is_linear=0
shrinkage=0.01


Tree=491
num_leaves=7
num_cat=0
split_feature=19 14 21 14 13 19
split_gain=36.82 46.4101 45.7738 95.0442 92.1376 91.1384
threshold=282.82416389198437 0.11628642233052551 17.498333333333356 0.084800791438325959 17.877604077128598 290.18842251883024
decision_type=10 2 10 2 2 10
left_child=1 -1 3 -2 5 -4
right_child=2 -3 4 -5 -6 -7
leaf_value=0.0035659077579428982 0.005739646751660942 -0.0037090257129380596 -0.0080337983516108307 0.00043277940729430261 0.0037335362654252382 -0.00084094040870692484
leaf_weight=99 371 468 181 2974 398 2320
leaf_count=99 371 468 181 2974 398 2320
internal_value=1.80949e-05 -0.00239901 0.000241071 0.00103673 -0.000677402 -0.00139142
internal_weight=6811 567 6244 3345 2899 2501
internal_count=6811 567 6244 3345 2899 2501
is_linear=0
shrinkage=0.01


Tree=492
num_leaves=7
num_cat=0
split_feature=11 13 10 15 13 20
split_gain=38.5381 40.5666 47.6466 67.2343 54.9885 43.6797
threshold=0.047872774178131787 56.144846009606745 0.019796903093877095 0.16141001749377407 11.795512369064053 28.500000000000032
decision_type=2 2 2 2 2 10
left_child=1 2 3 -1 -5 -6
right_child=-2 -3 -4 4 5 -7
leaf_value=0.0092105461954650348 -0.004927866846019124 -0.0027679700028927375 3.1414370843215952e-05 0.010164431255430944 -0.002655290629360269 0.0030868912712166104
leaf_weight=123 144 440 5542 52 258 252
leaf_count=123 144 440 5542 52 258 252
internal_value=1.79269e-05 0.000131971 0.00034099 0.00280913 0.00127158 0.000186822
internal_weight=6811 6667 6227 685 562 510
internal_count=6811 6667 6227 685 562 510
is_linear=0
shrinkage=0.01


Tree=493
num_leaves=7
num_cat=0
split_feature=13 13 13 8 8 21
split_gain=36.296 40.8185 40.0047 131.424 87.8178 40.843
threshold=56.144846009606745 57.105286346109096 37.446588971228628 1618.5000000000002 916.50000000000011 17.650833333333328
decision_type=2 2 2 2 2 10
left_child=2 -2 5 4 -4 -1
right_child=1 -3 3 -5 -6 -7
leaf_value=0.00072939695999771055 -0.009638788534535302 -0.0013731961991564107 0.0027716448381543157 -0.00062063379168970565 0.016174508995221305 -0.00095700805217518699
leaf_weight=3110 62 381 110 411 86 2651
leaf_count=3110 62 381 110 411 86 2651
internal_value=1.79257e-05 -0.00271725 0.000212164 0.00263219 0.00915219 -4.69381e-05
internal_weight=6811 443 6368 607 196 5761
internal_count=6811 443 6368 607 196 5761
is_linear=0
shrinkage=0.01


Tree=494
num_leaves=7
num_cat=0
split_feature=11 15 19 21 8 0
split_gain=37.753 38.7337 37.395 38.5708 50.6887 59.8963
threshold=0.047872774178131787 10.619077735791935 282.82416389198437 17.498333333333356 2393.0000000000005 0.99551592517699206
decision_type=2 2 10 10 2 2
left_child=1 2 -1 4 5 -4
right_child=-2 -3 3 -5 -6 -7
leaf_value=-0.0021983382212095431 -0.0048773026462136347 -0.0038313031560514407 0.00091291698644633212 -0.00038083070180246306 -0.0014085550506208187 0.0043037173602534602
leaf_weight=548 144 228 1942 2660 583 706
leaf_count=548 144 228 1942 2660 583 706
internal_value=1.78503e-05 0.000130727 0.000276742 0.000510318 0.00124289 0.00182975
internal_weight=6811 6667 6439 5891 3231 2648
internal_count=6811 6667 6439 5891 3231 2648
is_linear=0
shrinkage=0.01


Tree=495
num_leaves=7
num_cat=0
split_feature=11 15 2 17 14 11
split_gain=37.0484 37.9934 38.0997 59.2933 93.7559 50.4011
threshold=0.047872774178131787 10.619077735791935 0.66365799073798881 175.8866666666672 0.14493040109192143 0.0088032195105652248
decision_type=2 2 2 10 2 2
left_child=1 2 3 4 -1 -5
right_child=-2 -3 -4 5 -6 -7
leaf_value=0.013872511167904699 -0.0048316966927332153 -0.0037945999031761242 -0.00080929824036056486 0.0074468410729421576 0.00063335430369268627 0.00035979804363928949
leaf_weight=78 144 228 2152 93 139 3977
leaf_count=78 144 228 2152 93 139 3977
internal_value=1.75621e-05 0.00012938 0.000273994 0.000818406 0.00579362 0.000539593
internal_weight=6811 6667 6439 4287 217 4070
internal_count=6811 6667 6439 4287 217 4070
is_linear=0
shrinkage=0.01


Tree=496
num_leaves=7
num_cat=0
split_feature=11 15 8 8 21 0
split_gain=36.3615 37.2729 34.1222 45.8173 39.4722 52.0255
threshold=0.047872774178131787 10.619077735791935 2393.0000000000005 2435.5000000000005 17.498333333333356 0.99551592517699206
decision_type=2 2 2 2 10 2
left_child=1 2 4 -4 5 -1
right_child=-2 -3 3 -5 -6 -7
leaf_value=0.00047288633561403396 -0.0047865171971210796 -0.0037582483266268957 -0.0093241047887259159 -0.00092688852516621873 -0.00037191764336936265 0.0033454968602772222
leaf_weight=2232 144 228 63 622 2651 871
leaf_count=2232 144 228 63 622 2651 871
internal_value=1.75753e-05 0.000128352 0.000271588 -0.00182223 0.000523581 0.00128737
internal_weight=6811 6667 6439 685 5754 3103
internal_count=6811 6667 6439 685 5754 3103
is_linear=0
shrinkage=0.01


Tree=497
num_leaves=7
num_cat=0
split_feature=19 17 17 9 6 9
split_gain=35.931 43.3557 42.731 39.1556 38.0705 103.386
threshold=282.82416389198437 203.4066666666665 151.80999999999963 4.9076848588677092e-05 1.0000000180025095e-35 0.0073922268566882395
decision_type=10 10 10 2 2 2
left_child=1 3 -2 -1 -4 -6
right_child=2 -3 4 -5 5 -7
leaf_value=-0.0019526666888840876 0.0085663981252487326 -0.0059014695848261592 0.00047813710009528488 0.0057510143798940325 -0.0028268729065909128 0.0085332781913575167
leaf_weight=285 51 207 5298 75 816 79
leaf_count=285 51 207 5298 75 816 79
internal_value=1.71745e-05 -0.00237057 0.000237443 -0.000235677 0.000155153 -0.00174092
internal_weight=6811 567 6244 360 6193 895
internal_count=6811 567 6244 360 6193 895
is_linear=0
shrinkage=0.01


Tree=498
num_leaves=7
num_cat=0
split_feature=0 22 0 19 17 20
split_gain=35.5717 37.6151 38.7609 31.8595 53.4108 34.3165
threshold=1.2673108119294263 -0.89999999999997715 1.4838035527690703 282.39706669555795 151.80999999999963 16.900000000000038
decision_type=2 10 2 10 10 10
left_child=3 -2 -3 5 -5 -1
right_child=1 2 -4 4 -6 -7
leaf_value=0.0038942585757946314 -0.00084537152752041009 0.011006008670767667 3.852619230747223e-05 0.0090247681927443906 -2.0079481228273588e-05 -0.0035864364548519635
leaf_weight=63 99 81 50 56 6039 423
leaf_count=63 99 81 50 56 6039 423
internal_value=1.71882e-05 0.0037988 0.00711956 -0.000120539 7.76698e-05 -0.00255775
internal_weight=6811 230 131 6581 6095 486
internal_count=6811 230 131 6581 6095 486
is_linear=0
shrinkage=0.01


Tree=499
num_leaves=7
num_cat=0
split_feature=2 13 13 13 5 15
split_gain=36.3847 52.1721 28.4835 56.1907 106.796 36.93
threshold=0.28385749713381719 18.64550968658374 56.144846009606745 37.446588971228628 1.2200724688705546 0.78266686851158951
decision_type=2 2 2 2 2 2
left_child=1 -1 3 -2 -5 -4
right_child=2 -3 5 4 -6 -7
leaf_value=0.0047161793483326544 -0.00035038634143298351 -0.0015313311282458694 -0.0055978379263455563 0.00041824804866034753 0.010399495409639914 0.00071346116204307794
leaf_weight=354 5331 205 204 423 134 160
leaf_count=354 5331 205 204 423 134 160
internal_value=1.73024e-05 0.00243841 -0.00020272 -3.26865e-05 0.00296054 -0.00287874
internal_weight=6811 559 6252 5888 557 364
internal_count=6811 559 6252 5888 557 364
is_linear=0
shrinkage=0.01


Tree=500
num_leaves=7
num_cat=0
split_feature=2 7 20 3 1 1
split_gain=35.7144 67.8964 200.725 54.0725 40.6362 37.4328
threshold=0.41917404857942125 666.19845000000009 38.200000000000024 0.14971264367816098 1.0295897279408155 2.7106729477819109
decision_type=2 2 10 2 2 2
left_child=1 4 3 -3 -1 -2
right_child=5 2 -4 -5 -6 -7
leaf_value=-0.0030064513598200542 -0.00057994986558110957 0.020219772507921913 -0.0075110009323918463 0.0054232639841188387 0.0013843269794671497 0.0031409829357065835
leaf_weight=248 4970 61 56 53 1147 276
leaf_count=248 4970 61 56 53 1147 276
internal_value=1.72579e-05 0.00133812 0.00711969 0.0143328 0.000587902 -0.000378582
internal_weight=6811 1565 170 114 1395 5246
internal_count=6811 1565 170 114 1395 5246
is_linear=0
shrinkage=0.01


Tree=501
num_leaves=7
num_cat=0
split_feature=0 22 0 14 12 7
split_gain=34.5 36.9117 38.1075 29.0245 28.1869 38.4983
threshold=1.2673108119294263 -0.89999999999997715 1.4838035527690703 2.6816638682833962 2.9727379293480429 13.320000000000002
decision_type=2 10 2 2 2 2
left_child=3 -2 -3 4 5 -1
right_child=1 2 -4 -5 -6 -7
leaf_value=-0.0014716707987614602 -0.00085720123349338634 0.010884847679472232 1.4879866192738215e-05 -0.0025213557208713234 -0.0013776665018265227 0.00079395980199811137
leaf_weight=907 99 81 50 457 1100 4117
leaf_count=907 99 81 50 457 1100 4117
internal_value=1.73649e-05 0.00374158 0.0070313 -0.000118272 6.48745e-05 0.000382827
internal_weight=6811 230 131 6581 6124 5024
internal_count=6811 230 131 6581 6124 5024
is_linear=0
shrinkage=0.01


Tree=502
num_leaves=7
num_cat=0
split_feature=2 13 18 13 13 4
split_gain=35.2785 50.7638 40.4576 27.8991 54.905 109.248
threshold=0.28385749713381719 18.64550968658374 0.031860725130852537 56.144846009606745 37.446588971228628 0.10138302541176226
decision_type=2 2 2 2 2 2
left_child=1 2 -1 4 -2 -6
right_child=3 -3 -4 -5 5 -7
leaf_value=0.0062975310101316849 -0.00034514897079866133 -0.0015143687227351028 -0.0018920549998105859 -0.0028478022863251719 0.00038127891572015685 0.010522109913954539
leaf_weight=283 5331 205 71 364 425 132
leaf_count=283 5331 205 71 364 425 132
internal_value=1.72714e-05 0.00240128 0.00464813 -0.000199381 -3.11029e-05 0.00292768
internal_weight=6811 559 354 6252 5888 557
internal_count=6811 559 354 6252 5888 557
is_linear=0
shrinkage=0.01


Tree=503
num_leaves=7
num_cat=0
split_feature=11 13 10 16 5 18
split_gain=35.4281 37.4295 44.2624 67.6409 70.2613 42.0854
threshold=0.047872774178131787 56.144846009606745 0.019796903093877095 334.85000000000008 1.8143995640943189 0.0078375534055355033
decision_type=2 2 2 10 2 2
left_child=1 2 3 4 -1 -4
right_child=-2 -3 5 -5 -6 -7
leaf_value=0.0025134545657310194 -0.0047247766558226054 -0.0026589548850768354 -0.0010443573172194693 -0.0072727482281033954 0.013807837709544166 0.00073392980806903012
leaf_weight=580 144 440 2195 53 52 3347
leaf_count=580 144 440 2195 53 52 3347
internal_value=1.72541e-05 0.0001266 0.000327375 0.00270625 0.00364334 2.89976e-05
internal_weight=6811 6667 6227 685 632 5542
internal_count=6811 6667 6227 685 632 5542
is_linear=0
shrinkage=0.01


Tree=504
num_leaves=7
num_cat=0
split_feature=2 13 22 2 13 6
split_gain=34.8014 53.0011 39.092 48.6893 41.4157 40.3591
threshold=0.66365799073798881 54.674105900413132 2.7000000000000175 0.3307484506735332 0.2319236207670258 1.0000000180025095e-35
decision_type=2 2 10 2 2 2
left_child=1 2 5 4 -4 -1
right_child=-2 -3 3 -5 -6 -7
leaf_value=0.0021698687424951003 -0.00098146861153353311 -0.002832113567886201 -0.0032494625783874654 -0.00098525156012975674 0.0062902589878795776 -0.0016674103266309818
leaf_weight=2124 2300 416 54 1441 169 307
leaf_count=2124 2300 416 54 1441 169 307
internal_value=1.71014e-05 0.000527282 0.000874622 -0.000305621 0.00393987 0.00168043
internal_weight=6811 4511 4095 1664 223 2431
internal_count=6811 4511 4095 1664 223 2431
is_linear=0
shrinkage=0.01


Tree=505
num_leaves=7
num_cat=0
split_feature=19 14 21 14 14 19
split_gain=34.9071 44.2924 41.2668 91.2785 78.1071 59.6314
threshold=282.82416389198437 0.11628642233052551 17.498333333333356 0.084800791438325959 0.083224359763866371 287.67617530298065
decision_type=10 2 10 2 2 10
left_child=1 -1 3 4 -2 -5
right_child=2 -3 -4 5 -6 -7
leaf_value=0.0034903417835268407 0.0029278389747210941 -0.0036164168655803174 -0.00063807536030368434 -0.0018922200221871733 0.013668533863459269 0.0012668835839056501
leaf_weight=99 289 468 2899 815 82 2159
leaf_count=99 289 468 2899 815 82 2159
internal_value=1.6912e-05 -0.00233657 0.000234019 0.000989484 0.00559824 0.000397717
internal_weight=6811 567 6244 3345 371 2974
internal_count=6811 567 6244 3345 371 2974
is_linear=0
shrinkage=0.01


Tree=506
num_leaves=7
num_cat=0
split_feature=11 13 10 8 8 13
split_gain=34.717 36.183 43.1483 72.3612 125.116 73.6921
threshold=0.047872774178131787 56.144846009606745 0.019796903093877095 1471.5000000000002 936.00000000000011 35.931460387583243
decision_type=2 2 2 2 2 2
left_child=1 2 3 4 -1 -5
right_child=-2 -3 -4 5 -6 -7
leaf_value=0.0018527370257550605 -0.0046772378340194168 -0.0026135724784288974 2.8014401302963766e-05 0.0042383686393007358 0.018533343683396066 -0.0033556805937532109
leaf_weight=133 144 440 5542 255 60 237
leaf_count=133 144 440 5542 255 60 237
internal_value=1.69658e-05 0.000125209 0.000322611 0.00267135 0.00769594 0.000586284
internal_weight=6811 6667 6227 685 193 492
internal_count=6811 6667 6227 685 193 492
is_linear=0
shrinkage=0.01


Tree=507
num_leaves=7
num_cat=0
split_feature=0 22 21 6 9 0
split_gain=33.5347 35.9526 44.8784 27.0323 110.86 49.6809
threshold=1.2673108119294263 -0.89999999999997715 16.391666666666669 1.0000000180025095e-35 0.008567912871042218 0.93609175630598929
decision_type=2 10 10 2 2 2
left_child=3 -2 -3 -1 5 -5
right_child=1 2 -4 4 -6 -7
leaf_value=0.00013837483671628458 -0.00084957573400519862 0.012965219743888487 0.0014376295296584861 -0.0010996529225843789 0.011223229121777319 -0.0064724631496770272
leaf_weight=5687 99 56 75 609 52 233
leaf_count=5687 99 56 75 609 52 233
internal_value=1.70015e-05 0.00368875 0.00693548 -0.000116725 -0.00172307 -0.00264495
internal_weight=6811 230 131 6581 894 842
internal_count=6811 230 131 6581 894 842
is_linear=0
shrinkage=0.01


Tree=508
num_leaves=7
num_cat=0
split_feature=2 1 6 3 19 22
split_gain=34.1904 36.9397 38.1165 81.5352 39.6372 34.2424
threshold=0.28385749713381719 1.2183779978204947 1.0000000180025095e-35 0.043200720703640026 282.82416389198437 2.7000000000000175
decision_type=2 2 2 2 10 8
left_child=-1 -2 4 -4 -3 -6
right_child=1 2 3 -5 5 -7
leaf_value=0.0023640463435355414 -0.001153504119160651 -0.0026791731932328789 0.0090844266364971792 -0.0032730311407001334 0.0020548759965152577 -0.00012521843883377774
leaf_weight=559 2443 284 50 497 1769 1209
leaf_count=559 2443 284 50 497 1769 1209
internal_value=1.70857e-05 -0.000196199 0.000419205 -0.00200065 0.000829861 0.00117235
internal_weight=6811 6252 3809 547 3262 2978
internal_count=6811 6252 3809 547 3262 2978
is_linear=0
shrinkage=0.01


Tree=509
num_leaves=7
num_cat=0
split_feature=11 13 10 16 4 13
split_gain=33.959 35.7138 41.9338 65.9048 50.7986 40.141
threshold=0.047872774178131787 56.144846009606745 0.019796903093877095 334.85000000000008 0.20436381276110185 57.105286346109096
decision_type=2 2 2 10 2 2
left_child=1 2 3 4 -1 -3
right_child=-2 5 -4 -5 -6 -7
leaf_value=0.0022405067077322484 -0.0046256669767067897 -0.0095115392980441235 2.9754942583677367e-05 -0.0072125868156315788 0.0098124836221200606 -0.0012680894674153898
leaf_weight=533 144 61 5542 53 99 379
leaf_count=533 144 61 5542 53 99 379
internal_value=1.70068e-05 0.000124061 0.00032018 0.00263563 0.00356099 -0.0025969
internal_weight=6811 6667 6227 685 632 440
internal_count=6811 6667 6227 685 632 440
is_linear=0
shrinkage=0.01


Tree=510
num_leaves=7
num_cat=0
split_feature=2 17 10 19 21 19
split_gain=33.8489 58.4077 64.4437 46.2827 54.0876 104.039
threshold=0.66365799073798881 175.8866666666672 0.024788927380572149 286.4215225630237 17.72916666666676 290.74192586483599
decision_type=2 10 2 10 10 10
left_child=1 2 -1 -3 -5 -6
right_child=-2 3 -4 4 5 -7
leaf_value=0.011574948278074012 -0.00096812748770769134 -0.0022733637906532105 0.00082023800223727118 0.001795443092110774 -0.0080058544852532627 0.00019540449193475033
leaf_weight=88 2300 610 133 1986 162 1532
leaf_count=88 2300 610 133 1986 162 1532
internal_value=1.66823e-05 0.000519833 0.00541835 0.000255471 0.000679678 -0.000631275
internal_weight=6811 4511 221 4290 3680 1694
internal_count=6811 4511 221 4290 3680 1694
is_linear=0
shrinkage=0.01


Tree=511
num_leaves=7
num_cat=0
split_feature=2 7 0 8 21 4
split_gain=33.534 45.1006 42.1938 48.3917 30.0063 27.3361
threshold=0.29809015747477707 666.19845000000009 1.1539983609574738 1519.0000000000002 8.601666666666679 0.28227252034324135
decision_type=2 2 2 2 10 2
left_child=1 4 5 -4 -1 -2
right_child=2 -3 3 -5 -6 -7
leaf_value=-0.0049192799865395752 -0.00051256590475320615 0.0087996076107197813 0.0083200100720938995 0.00063796199521605381 0.0019509404003766812 0.0049260838817250224
leaf_weight=63 5704 79 108 275 498 84
leaf_count=63 5704 79 108 275 498 84
internal_value=1.65615e-05 0.00217713 -0.000210673 0.00296076 0.00110678 -0.000425276
internal_weight=6811 640 6171 383 561 5788
internal_count=6811 640 6171 383 561 5788
is_linear=0
shrinkage=0.01


Tree=512
num_leaves=7
num_cat=0
split_feature=1 6 5 3 0 18
split_gain=32.4551 33.5776 57.1292 52.8575 36.9854 42.048
threshold=0.89035637348639429 1.0000000180025095e-35 1.6836912700184239 0.22120082247869521 1.1811784885855248 0.01599244711026793
decision_type=2 2 2 2 2 2
left_child=-1 4 -3 -4 5 -2
right_child=1 2 3 -5 -6 -7
leaf_value=-0.0023575740695006711 -0.00010449611654774477 -0.0026136377506754773 0.011269063789757989 -0.0020137825903911439 0.003974548729514236 0.0022724921110455158
leaf_weight=521 4272 741 52 53 281 891
leaf_count=521 4272 741 52 53 281 891
internal_value=1.66774e-05 0.000216766 -0.00162503 0.00497229 0.000505438 0.00030931
internal_weight=6811 6290 846 105 5444 5163
internal_count=6811 6290 846 105 5444 5163
is_linear=0
shrinkage=0.01


Tree=513
num_leaves=7
num_cat=0
split_feature=11 2 17 21 1 14
split_gain=33.1562 34.4348 75.4893 38.5129 32.4485 48.3789
threshold=0.047872774178131787 0.41917404857942125 179.3900000000003 8.7483333333333704 2.7106729477819109 0.58728695636357042
decision_type=2 2 8 10 2 2
left_child=1 2 -1 -4 -3 -6
right_child=-2 4 3 -5 5 -7
leaf_value=0.010716607680218855 -0.0045708035592098616 -0.00046136635271619593 -0.0041815758140086581 0.0014096552310323535 0.0099053499857584635 0.00052697257977400431
leaf_weight=73 144 4864 126 1328 65 211
leaf_count=73 144 4864 126 1328 65 211
internal_value=1.66635e-05 0.000122445 0.00143585 0.00089988 -0.000269774 0.00300476
internal_weight=6811 6667 1527 1454 5140 276
internal_count=6811 6667 1527 1454 5140 276
is_linear=0
shrinkage=0.01


Tree=514
num_leaves=7
num_cat=0
split_feature=2 7 22 0 13 22
split_gain=32.6635 87.6495 90.0159 91.7474 74.557 49.1015
threshold=0.66365799073798881 224.16165000000004 -2.8999999999999768 1.1129112724152928 17.877604077128598 3.2000000000000175
decision_type=2 2 10 2 2 10
left_child=1 -1 3 -3 5 -4
right_child=-2 2 4 -5 -6 -7
leaf_value=-0.00010078309006522238 -0.00095071930030435901 0.014111353439633359 -0.0052795177355541715 -0.00088748491278835653 0.0085353983136395375 0.0018531218401404918
leaf_weight=3789 2300 124 130 57 110 301
leaf_count=3789 2300 124 130 57 110 301
internal_value=1.66925e-05 0.000510954 0.00367882 0.0095888 0.00156341 -0.000369187
internal_weight=6811 4511 722 181 541 431
internal_count=6811 4511 722 181 541 431
is_linear=0
shrinkage=0.01


Tree=515
num_leaves=7
num_cat=0
split_feature=11 13 22 13 8 8
split_gain=32.5134 35.5003 42.6875 33.5797 121.026 85.3106
threshold=0.047872774178131787 56.144846009606745 -1.5999999999999657 37.446588971228628 1618.5000000000002 916.50000000000011
decision_type=2 2 10 2 2 2
left_child=1 3 -3 -1 5 -5
right_child=-2 2 -4 4 -6 -7
leaf_value=7.4245579151837861e-05 -0.0045260019686720158 -0.0072482876137007759 -0.00053579906791725396 0.0025217501232400537 -0.00059854193950385336 0.015703748753294351
leaf_weight=5622 144 127 313 110 409 86
leaf_count=5622 144 127 313 110 409 86
internal_value=1.67789e-05 0.00012153 -0.00259129 0.000317065 0.00253558 0.00878723
internal_weight=6811 6667 440 6227 605 196
internal_count=6811 6667 440 6227 605 196
is_linear=0
shrinkage=0.01


Tree=516
num_leaves=7
num_cat=0
split_feature=19 16 1 12 7 7
split_gain=33.9408 37.5794 35.9818 34.5824 47.5631 33.9856
threshold=282.82416389198437 309.85000000000008 0.89035637348639429 0.0079365820836721519 464.52510000000007 26.538750000000004
decision_type=10 10 2 2 2 2
left_child=1 3 -2 4 -1 -4
right_child=2 -3 5 -5 -6 -7
leaf_value=-0.0013536251433177199 -0.0023375242644855087 -0.0082913048954659629 -0.00044330145193331895 -0.0042660144629548371 0.0075873288809071024 0.0011104114732766706
leaf_weight=216 492 79 2431 201 71 3321
leaf_count=216 492 79 2431 201 71 3321
internal_value=1.66902e-05 -0.00230399 0.000230771 -0.0011877 0.00103924 0.000454127
internal_weight=6811 567 6244 488 287 5752
internal_count=6811 567 6244 488 287 5752
is_linear=0
shrinkage=0.01


Tree=517
num_leaves=7
num_cat=0
split_feature=11 9 1 3 1 17
split_gain=31.7351 31.8455 34.1231 36.4211 29.2206 41.2086
threshold=0.047872774178131787 0.0045037110188720494 1.1144388563189176 0.32200396273190862 2.2869931879760914 222.59333333333396
decision_type=2 2 2 2 2 10
left_child=1 -1 -3 4 5 -4
right_child=-2 2 3 -5 -6 -7
leaf_value=-0.00014096435321714083 -0.0044716762435054042 -0.0028806274854688073 0.010388419463864117 -0.0047375200505627964 0.009034510997225003 0.0016514508289192386
leaf_weight=5842 144 117 51 51 73 533
leaf_count=5842 144 117 51 51 73 533
internal_value=1.64061e-05 0.000119896 0.00194667 0.00277341 0.00341873 0.00257648
internal_weight=6811 6667 825 708 657 584
internal_count=6811 6667 825 708 657 584
is_linear=0
shrinkage=0.01


Tree=518
num_leaves=7
num_cat=0
split_feature=13 14 14 20 14 14
split_gain=31.8268 50.1313 37.4851 95.0584 90.2747 59.6289
threshold=56.144846009606745 0.39558454641884161 0.78060461047799456 31.600000000000026 0.090480928079361561 0.066364498601762814
decision_type=2 2 2 10 2 2
left_child=2 -2 3 4 5 -1
right_child=1 -3 -4 -5 -6 -7
leaf_value=0.003701098882824121 -0.0052277261815287844 0.0015148728675743999 -0.0006210329804617478 -0.00079282703185178636 0.0013623528378606453 0.012339044411131529
leaf_weight=232 265 178 2971 1662 1379 124
leaf_count=232 265 178 2971 1662 1379 124
internal_value=1.63717e-05 -0.00254488 0.00019826 0.000914529 0.00254522 0.00696475
internal_weight=6811 443 6368 3397 1735 356
internal_count=6811 443 6368 3397 1735 356
is_linear=0
shrinkage=0.01


Tree=519
num_leaves=7
num_cat=0
split_feature=19 14 2 8 3 10
split_gain=33.5764 40.421 39.262 51.3339 29.5296 37.4876
threshold=282.82416389198437 0.11628642233052551 0.28385749713381719 2393.0000000000005 0.17705038676554372 0.018754143899312303
decision_type=10 2 2 2 2 2
left_child=1 -1 3 -2 -4 -6
right_child=2 -3 4 -5 5 -7
leaf_value=0.0032774515930187264 0.0046645080673215376 -0.0035138263523595203 -0.00088488334344270292 -0.0025638974451029036 0.0037454005775735535 0.00023352291561895235
leaf_weight=99 381 468 2294 124 327 3118
leaf_count=99 381 468 2294 124 327 3118
internal_value=1.63879e-05 -0.0022918 0.000229317 0.00287429 -8.02079e-06 0.000576747
internal_weight=6811 567 6244 505 5739 3445
internal_count=6811 567 6244 505 5739 3445
is_linear=0
shrinkage=0.01


Tree=520
num_leaves=7
num_cat=0
split_feature=14 11 9 1 16 20
split_gain=31.0949 33.8578 31.7754 34.5309 42.3523 95.353
threshold=2.6816638682833962 0.047872774178131787 0.0045037110188720494 1.1175703497623757 316.75000000000006 28.600000000000026
decision_type=2 2 2 2 10 10
left_child=1 2 -1 -4 -5 -6
right_child=-2 -3 3 4 5 -7
leaf_value=3.6707350767201112e-05 -0.0024658119245088645 -0.004479699486200482 -0.0027336500269174576 0.0044649897872690511 -0.011362822135129283 0.0036278928739053237
leaf_weight=5412 460 141 115 506 52 125
leaf_count=5412 460 141 115 506 52 125
internal_value=1.62967e-05 0.000199669 0.000312946 0.00216275 0.00301473 -0.00114829
internal_weight=6811 6351 6210 798 683 177
internal_count=6811 6351 6210 798 683 177
is_linear=0
shrinkage=0.01


Tree=521
num_leaves=7
num_cat=0
split_feature=13 14 14 5 6 16
split_gain=31.4229 48.9767 36.3249 61.4354 53.8127 34.0286
threshold=56.144846009606745 0.39558454641884161 0.78060461047799456 1.6836912700184239 1.0000000180025095e-35 316.75000000000006
decision_type=2 2 2 2 2 10
left_child=2 -2 3 -1 5 -4
right_child=1 -3 4 -5 -6 -7
leaf_value=0.00065672989717490348 -0.0051806624691594725 0.0014842866532048804 -0.00068458213935881766 0.0083260675961220713 -0.0041790228488200621 0.0021217171211167316
leaf_weight=3299 265 178 2076 98 360 535
leaf_count=3299 265 178 2076 98 360 535
internal_value=1.59445e-05 -0.002529 0.000196675 0.000901771 -0.000609843 -0.000103664
internal_weight=6811 443 6368 3397 2971 2611
internal_count=6811 443 6368 3397 2971 2611
is_linear=0
shrinkage=0.01


Tree=522
num_leaves=7
num_cat=0
split_feature=0 22 0 11 9 11
split_gain=31.0554 34.9358 36.478 28.7938 31.7551 26.1899
threshold=1.2673108119294263 -0.89999999999997715 1.4838035527690703 0.047872774178131787 0.0093764659380542667 0.033052102000217673
decision_type=2 10 2 2 2 2
left_child=3 -2 -3 4 -1 -6
right_child=1 2 -4 -5 5 -7
leaf_value=-0.00011499816751619823 -0.0009173896919867587 0.010520731229539757 -9.2939190566539761e-05 -0.0043860876815115376 0.0089645820688193951 0.0002724688574141245
leaf_weight=6307 99 81 50 144 61 69
leaf_count=6307 99 81 50 144 61 69
internal_value=1.58223e-05 0.00354923 0.00675043 -0.000112865 -1.06147e-05 0.00470007
internal_weight=6811 230 131 6581 6437 130
internal_count=6811 230 131 6581 6437 130
is_linear=0
shrinkage=0.01


Tree=523
num_leaves=7
num_cat=0
split_feature=2 17 13 12 13 20
split_gain=31.9383 54.9689 40.1203 36.6457 36.2224 34.522
threshold=0.66365799073798881 175.8866666666672 54.674105900413132 0.45113871635610775 1.124460628904701 38.200000000000024
decision_type=2 10 2 2 2 10
left_child=1 3 5 4 -1 -3
right_child=-2 2 -4 -5 -6 -7
leaf_value=0.012828728119150186 -0.0009407386824930111 0.0008121049673098813 -0.0026850322645706193 -0.00074367926880434339 0.0028980679260418212 -0.0030025854973694472
leaf_weight=68 2300 3635 411 69 84 244
leaf_count=68 2300 3635 411 69 84 244
internal_value=1.5873e-05 0.000504618 0.000248155 0.00525675 0.00785839 0.000565047
internal_weight=6811 4511 4290 221 152 3879
internal_count=6811 4511 4290 221 152 3879
is_linear=0
shrinkage=0.01


Tree=524
num_leaves=7
num_cat=0
split_feature=2 0 12 22 20 16
split_gain=31.7345 38.555 33.1863 33.0921 30.5774 27.6238
threshold=0.28385749713381719 1.1539983609574738 1.1839263696174613 -0.69999999999998852 24.800000000000015 328.35000000000008
decision_type=2 2 2 10 10 10
left_child=4 -2 3 -3 -1 -4
right_child=1 2 5 -5 -6 -7
leaf_value=-0.0022009616731966455 -0.00039205299484930449 0.0011490921438339033 -0.0029921280518742915 0.0090715599887900879 0.0034472596242123253 0.0050682082452944343
leaf_weight=114 5869 102 121 107 445 53
leaf_count=114 5869 102 121 107 445 53
internal_value=1.58486e-05 -0.000189633 0.00284325 0.00543411 0.00227695 -0.000394955
internal_weight=6811 6252 383 209 559 174
internal_count=6811 6252 383 209 559 174
is_linear=0
shrinkage=0.01


Tree=525
num_leaves=7
num_cat=0
split_feature=19 20 15 12 9 19
split_gain=32.8103 35.5453 30.2626 33.8296 44.0139 64.3382
threshold=282.82416389198437 16.900000000000038 10.619077735791935 2.9727379293480429 0.0069403480282166615 291.21086527797667
decision_type=10 10 2 2 2 8
left_child=1 -1 3 4 -2 -6
right_child=2 -3 -4 -5 5 -7
leaf_value=0.0038795229822890949 0.00049475756149746719 -0.0032328914835038415 -0.0033344222473223571 -0.001180885417176493 0.00942135506754984 -0.00035601415857672693
leaf_weight=73 4624 494 220 1142 128 130
leaf_count=73 4624 494 220 1142 128 130
internal_value=1.58829e-05 -0.00226582 0.000226369 0.000361722 0.000724246 0.00466532
internal_weight=6811 567 6244 6024 4882 258
internal_count=6811 567 6244 6024 4882 258
is_linear=0
shrinkage=0.01


Tree=526
num_leaves=7
num_cat=0
split_feature=19 2 7 13 9 19
split_gain=32.1566 37.8123 61.1674 32.621 32.5974 73.7526
threshold=282.82416389198437 0.29809015747477707 666.19845000000009 37.065115862870677 0.0069403480282166615 291.37522290765156
decision_type=10 2 2 2 2 10
left_child=-1 2 3 -2 -3 -6
right_child=1 4 -4 -5 5 -7
leaf_value=-0.0022430476405136484 0.0029786128821715175 -0.00020838134758233303 0.011087704723079999 -0.0024364815963781438 0.0087979964560575118 -0.00099478299396210603
leaf_weight=567 362 5365 65 150 122 180
leaf_count=567 362 5365 65 150 122 180
internal_value=1.58076e-05 0.000224186 0.00264018 0.00137588 -2.60213e-05 0.00311643
internal_weight=6811 6244 577 512 5667 302
internal_count=6811 6244 577 512 5667 302
is_linear=0
shrinkage=0.01


Tree=527
num_leaves=7
num_cat=0
split_feature=19 6 21 19 19 0
split_gain=31.5346 37.0098 54.2442 66.1337 60.0332 57.6765
threshold=282.82416389198437 1.0000000180025095e-35 17.498333333333356 290.18842251883024 289.4540326951323 1.0247366566955172
decision_type=10 2 8 10 10 2
left_child=-1 2 5 4 -4 -2
right_child=1 -3 3 -5 -6 -7
leaf_value=-0.0022210059188160257 0.00076013017888347425 -0.0016426775840110758 -0.00092916197619985713 -4.8821564335641727e-05 -0.011526437560655176 0.0043059788117488611
leaf_weight=567 2367 900 119 2207 90 561
leaf_count=567 2367 900 119 2207 90 561
internal_value=1.58984e-05 0.000222252 0.000538812 -0.000569144 -0.00581053 0.00145185
internal_weight=6811 6244 5344 2416 209 2928
internal_count=6811 6244 5344 2416 209 2928
is_linear=0
shrinkage=0.01


Tree=528
num_leaves=7
num_cat=0
split_feature=19 17 14 17 0 12
split_gain=30.9132 40.097 50.16 38.8385 35.8446 41.0037
threshold=282.82416389198437 203.4066666666665 0.11628642233052551 151.80999999999963 1.2673108119294263 1.1839263696174613
decision_type=10 10 2 10 2 2
left_child=1 2 -1 -2 -5 -6
right_child=3 -3 -4 4 5 -7
leaf_value=0.0070628622007350636 0.0081604110153361414 -0.005594666356495517 -0.0019759904116810156 -1.5522560224014168e-06 0.010387973724536493 0.00098768082354834552
leaf_weight=67 51 207 293 5991 61 141
leaf_count=67 51 207 293 5991 61 141
internal_value=1.55738e-05 -0.00219918 -0.000148337 0.000219884 0.000141443 0.00418248
internal_weight=6811 567 360 6244 6193 202
internal_count=6811 567 360 6244 6193 202
is_linear=0
shrinkage=0.01


Tree=529
num_leaves=7
num_cat=0
split_feature=13 14 10 14 8 8
split_gain=30.5665 47.7452 41.1148 100.445 103.85 38.1371
threshold=56.144846009606745 0.39558454641884161 0.019796903093877095 0.79906939789846632 1440.5000000000002 1489.0000000000002
decision_type=2 2 2 2 2 2
left_child=2 -2 3 4 -1 -5
right_child=1 -3 -4 5 -6 -7
leaf_value=0.01830738838793089 -0.0051124667459929527 0.0014680689878444723 -8.6678226519029715e-05 0.0025815060683215658 0.0036428627334473447 -0.0040157475644949951
leaf_weight=50 265 178 5683 140 292 203
leaf_count=50 265 178 5683 140 292 203
internal_value=1.5697e-05 -0.00249433 0.000193948 0.00248987 0.00624599 -0.00132614
internal_weight=6811 443 6368 685 342 343
internal_count=6811 443 6368 685 342 343
is_linear=0
shrinkage=0.01


Tree=530
num_leaves=7
num_cat=0
split_feature=2 0 15 5 13 21
split_gain=30.8972 43.1812 62.5116 45.9726 36.9737 61.0258
threshold=0.41917404857942125 1.1811784885855248 0.3531559894771617 1.1932563169751484 29.189515306662237 17.498333333333356
decision_type=2 2 2 2 2 8
left_child=4 -2 -3 -4 5 -1
right_child=1 2 3 -5 -6 -7
leaf_value=0.0041032102082486348 -0.00058247088350349028 0.011720457978765754 0.0035846937700081123 -0.0053137010138570549 -0.0011606601624564959 -0.00064220732028537006
leaf_weight=669 4935 58 179 74 449 447
leaf_count=669 4935 58 179 74 449 447
internal_value=1.57861e-05 -0.000352392 0.00320295 0.000878921 0.00124435 0.00221367
internal_weight=6811 5246 311 253 1565 1116
internal_count=6811 5246 311 253 1565 1116
is_linear=0
shrinkage=0.01


Tree=531
num_leaves=7
num_cat=0
split_feature=15 1 19 6 20 19
split_gain=30.6459 34.3802 35.4739 42.6212 47.9612 55.6827
threshold=10.619077735791935 0.89035637348639429 282.82416389198437 1.0000000180025095e-35 38.300000000000018 295.84505890650922
decision_type=2 2 10 2 10 10
left_child=1 -1 -3 4 -4 -6
right_child=-2 2 3 -5 5 -7
leaf_value=-0.0023217815916802944 -0.0034867272211462881 -0.0021003233587102241 0.0012120223237400507 -0.0015600383138506615 -0.0066259580997926797 0.0017159304329145112
leaf_weight=511 231 527 4455 781 164 142
leaf_count=511 231 527 4455 781 164 142
internal_value=1.57999e-05 0.000143865 0.000354947 0.000591786 0.000947303 -0.00282309
internal_weight=6811 6580 6069 5542 4761 306
internal_count=6811 6580 6069 5542 4761 306
is_linear=0
shrinkage=0.01


Tree=532
num_leaves=7
num_cat=0
split_feature=2 7 20 12 22 1
split_gain=30.5311 82.2921 134.211 88.4676 92.1046 63.6637
threshold=0.66365799073798881 224.16165000000004 31.800000000000015 1.0915986397280018 3.4000000000000346 1.8762320912710326
decision_type=2 2 10 2 10 2
left_child=1 -1 5 4 -4 -3
right_child=-2 2 3 -5 -6 -7
leaf_value=-9.9436713520197111e-05 -0.0009198509360506356 0.011388705688072409 -0.012099380427527996 0.0059537366502860813 0.00028580733192191547 0.00055630150554050891
leaf_weight=3789 2300 214 74 152 209 73
leaf_count=3789 2300 214 74 152 209 73
internal_value=1.54488e-05 0.000493305 0.00356283 2.41555e-05 -0.00325514 0.00874493
internal_weight=6811 4511 722 435 283 287
internal_count=6811 4511 722 435 283 287
is_linear=0
shrinkage=0.01


Tree=533
num_leaves=7
num_cat=0
split_feature=19 6 21 19 19 19
split_gain=30.1767 35.6241 51.8914 64.4747 58.152 42.2321
threshold=282.82416389198437 1.0000000180025095e-35 17.498333333333356 290.18842251883024 289.4540326951323 289.17918836131184
decision_type=10 2 8 10 10 10
left_child=-1 2 5 4 -4 -2
right_child=1 -3 3 -5 -6 -7
leaf_value=-0.002172842038682064 0.0001790577052288185 -0.0016124504895471126 -0.00092576126651044272 -4.2128112082536151e-05 -0.011356827281205914 0.0025796706785705097
leaf_weight=567 1419 900 119 2207 90 1509
leaf_count=567 1419 900 119 2207 90 1509
internal_value=1.53686e-05 0.00021723 0.000527809 -0.000555855 -0.00573108 0.00142083
internal_weight=6811 6244 5344 2416 209 2928
internal_count=6811 6244 5344 2416 209 2928
is_linear=0
shrinkage=0.01


Tree=534
num_leaves=7
num_cat=0
split_feature=2 13 18 13 13 9
split_gain=30.2143 46.1366 39.3407 24.4377 48.913 80.9636
threshold=0.28385749713381719 18.64550968658374 0.031860725130852537 56.144846009606745 37.446588971228628 0.0069403480282166615
decision_type=2 2 2 2 2 2
left_child=1 2 -1 4 -2 -6
right_child=3 -3 -4 -5 5 -7
leaf_value=0.0059920655890866956 -0.00032440481641334603 -0.0015092681945236617 -0.0020649969316789028 -0.0026641689654175733 0.0012510480806268679 0.012378926075210697
leaf_weight=283 5331 205 71 364 491 66
leaf_count=283 5331 205 71 364 491 66
internal_value=1.50192e-05 0.0022213 0.00436377 -0.000185479 -2.79879e-05 0.00276468
internal_weight=6811 559 354 6252 5888 557
internal_count=6811 559 354 6252 5888 557
is_linear=0
shrinkage=0.01


Tree=535
num_leaves=7
num_cat=0
split_feature=19 16 6 9 12 3
split_gain=29.6048 36.689 35.0818 106.976 32.8956 32.6127
threshold=282.82416389198437 309.85000000000008 1.0000000180025095e-35 0.008567912871042218 0.0079365820836721519 -0.034055633690714328
decision_type=10 10 2 2 2 2
left_child=1 4 5 -4 -1 -2
right_child=2 -3 3 -5 -6 -7
leaf_value=0.0011168907387088044 -0.0031632528500631454 -0.0080660589899491063 -0.0024930716262251025 0.011228043726477467 -0.0040555632448980314 0.00068733930308255008
leaf_weight=287 220 79 849 51 201 5124
leaf_count=287 220 79 849 51 201 5124
internal_value=1.50605e-05 -0.00215232 0.000215001 -0.0016007 -0.00105222 0.000523207
internal_weight=6811 567 6244 900 488 5344
internal_count=6811 567 6244 900 488 5344
is_linear=0
shrinkage=0.01


Tree=536
num_leaves=7
num_cat=0
split_feature=2 13 18 1 6 3
split_gain=29.8405 45.2867 38.6095 31.2686 35.763 76.3695
threshold=0.28385749713381719 18.64550968658374 0.031860725130852537 1.2183779978204947 1.0000000180025095e-35 0.043200720703640026
decision_type=2 2 2 2 2 2
left_child=1 2 -1 -2 -5 -6
right_child=3 -3 -4 4 5 -7
leaf_value=0.0059430636488435207 -0.0010651707390167712 -0.0014888459888048645 -0.0020393539767390419 0.00077962042908180944 0.0087672859715918709 -0.0031930845708551142
leaf_weight=283 2443 205 71 3262 50 497
leaf_count=283 2443 205 71 3262 50 497
internal_value=1.48403e-05 0.00220743 0.00433003 -0.000184414 0.000381791 -0.00196204
internal_weight=6811 559 354 6252 3809 547
internal_count=6811 559 354 6252 3809 547
is_linear=0
shrinkage=0.01


Tree=537
num_leaves=7
num_cat=0
split_feature=15 1 7 6 13 20
split_gain=29.9344 33.1105 32.1887 43.097 35.6321 34.6851
threshold=10.619077735791935 0.89035637348639429 26.538750000000004 1.0000000180025095e-35 56.144846009606745 38.500000000000036
decision_type=2 2 2 2 2 10
left_child=1 -1 3 4 -3 -4
right_child=-2 2 5 -5 -6 -7
leaf_value=-0.0022783131869563446 -0.0034468220931736758 0.00051211849012519877 0.0012466124348986232 -0.0038657786366829519 -0.0031369716333350742 -0.002348223847544469
leaf_weight=511 231 1870 3290 324 302 283
leaf_count=511 231 1870 3290 324 302 283
internal_value=1.48048e-05 0.000141376 0.000348523 -0.000521597 -7.3109e-06 0.000956124
internal_weight=6811 6580 6069 2496 2172 3573
internal_count=6811 6580 6069 2496 2172 3573
is_linear=0
shrinkage=0.01


Tree=538
num_leaves=7
num_cat=0
split_feature=11 13 14 14 13 0
split_gain=29.2656 31.8718 45.9832 36.3763 30.8666 28.0135
threshold=0.047872774178131787 56.144846009606745 0.39558454641884161 2.6816638682833962 73.32112829862551 1.2673108119294263
decision_type=2 2 2 2 2 2
left_child=1 3 4 5 -3 -1
right_child=-2 2 -4 -5 -6 -7
leaf_value=0.0003728220815638018 -0.004295460197087317 -0.0072565036637365424 0.0014587887066106 -0.002386286889086789 2.0584271665900311e-05 0.0039285156883105835
leaf_weight=5549 144 180 176 457 84 221
leaf_count=5549 144 180 176 457 84 221
internal_value=1.44615e-05 0.000113845 -0.00245659 0.00029912 -0.00502482 0.000515572
internal_weight=6811 6667 440 6227 264 5770
internal_count=6811 6667 440 6227 264 5770
is_linear=0
shrinkage=0.01


Tree=539
num_leaves=7
num_cat=0
split_feature=15 11 19 7 12 6
split_gain=29.2786 33.4304 30.3699 37.5018 54.4029 39.9401
threshold=10.619077735791935 0.047872774178131787 280.71217252866825 26.538750000000004 2.9727379293480429 1.0000000180025095e-35
decision_type=2 2 8 2 2 2
left_child=1 2 -1 5 -5 -4
right_child=-2 -3 3 4 -6 -7
leaf_value=-0.0028221954658767057 -0.0034093011328680018 -0.004512078218896016 -1.5641219498069983e-05 0.0017000674173967528 -0.0012886882267540273 -0.0035877705378177232
leaf_weight=297 231 141 2198 2821 768 355
leaf_count=297 231 141 2198 2821 768 355
internal_value=1.41973e-05 0.000139375 0.00024807 0.000400881 0.00105871 -0.000524414
internal_weight=6811 6580 6439 6142 3589 2553
internal_count=6811 6580 6439 6142 3589 2553
is_linear=0
shrinkage=0.01


Tree=540
num_leaves=7
num_cat=0
split_feature=15 10 14 13 22 10
split_gain=28.7165 29.7421 35.3448 40.3936 50.2542 49.7631
threshold=10.619077735791935 0.068025517173600877 2.6816638682833962 46.681621175590799 -1.5999999999999657 0.019955804785169399
decision_type=2 2 2 2 8 2
left_child=1 2 3 5 -5 -1
right_child=-2 -3 -4 4 -6 -7
leaf_value=0.003536888182024391 -0.0033766227561779537 -0.0020671014874845111 -0.0027529730642583735 -0.0056121507729403677 0.00015566337231952087 0.00047089350681965916
leaf_weight=592 231 550 338 216 454 4430
leaf_count=592 231 550 338 216 454 4430
internal_value=1.38511e-05 0.000137822 0.000342023 0.000530315 -0.001759 0.000838628
internal_weight=6811 6580 6030 5692 670 5022
internal_count=6811 6580 6030 5692 670 5022
is_linear=0
shrinkage=0.01


Tree=541
num_leaves=7
num_cat=0
split_feature=19 20 6 9 21 19
split_gain=28.7988 34.5715 33.1849 104.522 50.0348 63.7733
threshold=282.82416389198437 16.900000000000038 1.0000000180025095e-35 0.008567912871042218 17.498333333333356 290.18842251883024
decision_type=10 10 2 2 8 10
left_child=1 -1 4 -4 -2 -6
right_child=2 -3 3 -5 5 -7
leaf_value=0.0039305278728435557 0.0013874347464227536 -0.0030790443714344986 -0.002437499181603913 0.011124811312947116 -0.0057005445448230939 -4.2621798060319182e-05
leaf_weight=73 2928 494 849 51 209 2207
leaf_count=73 2928 494 849 51 209 2207
internal_value=1.35711e-05 -0.0021241 0.000210773 -0.00155516 0.000510529 -0.00055355
internal_weight=6811 567 6244 900 5344 2416
internal_count=6811 567 6244 900 5344 2416
is_linear=0
shrinkage=0.01


Tree=542
num_leaves=7
num_cat=0
split_feature=2 17 20 8 0 22
split_gain=29.7962 71.0925 53.8003 46.4386 40.989 42.0086
threshold=0.41917404857942125 179.3900000000003 38.200000000000024 2393.0000000000005 1.1811784885855248 -0.89999999999997715
decision_type=2 8 8 2 2 10
left_child=1 -1 3 -3 -2 -6
right_child=4 2 -4 -5 5 -7
leaf_value=0.010231001377105713 -0.00057219875092822748 0.0020880671693875061 -0.0065793987669442834 -0.0024431061302887624 -0.00088730419753119355 0.0063411973672008459
leaf_weight=73 4935 1134 85 273 142 169
leaf_count=73 4935 1134 85 273 142 169
internal_value=1.35114e-05 0.00121999 0.000713919 0.00119785 -0.000348044 0.0031159
internal_weight=6811 1565 1492 1407 5246 311
internal_count=6811 1565 1492 1407 5246 311
is_linear=0
shrinkage=0.01


Tree=543
num_leaves=7
num_cat=0
split_feature=19 14 6 1 20 19
split_gain=28.3346 36.9507 32.5538 45.1957 59.3993 51.4102
threshold=282.82416389198437 0.11628642233052551 1.0000000180025095e-35 1.0400363698057971 38.300000000000018 298.1037900150838
decision_type=10 2 2 2 8 10
left_child=1 -1 3 -2 -5 -6
right_child=2 -3 -4 4 5 -7
leaf_value=0.0032139879167763464 -0.0013451141750461693 -0.0032761295174909017 -0.0015399602764685238 0.0012684603871309754 -0.0056727746172135487 0.0044785026291554626
leaf_weight=99 1050 468 900 4023 215 56
leaf_count=99 1050 468 900 4023 215 56
internal_value=1.34962e-05 -0.00210687 0.000209102 0.000505993 0.000960713 -0.00349037
internal_weight=6811 567 6244 5344 4294 271
internal_count=6811 567 6244 5344 4294 271
is_linear=0
shrinkage=0.01


Tree=544
num_leaves=7
num_cat=0
split_feature=2 13 18 1 9 6
split_gain=29.5912 43.7802 37.8612 28.5578 62.6648 66.4996
threshold=0.28385749713381719 18.64550968658374 0.031860725130852537 1.2183779978204947 0.0093764659380542667 1.0000000180025095e-35
decision_type=2 2 2 2 2 2
left_child=1 2 -1 -2 5 -5
right_child=3 -3 -4 4 -6 -7
leaf_value=0.0058809045375461467 -0.0010268028642840654 -0.0014384558224660713 -0.0020234140526664292 0.00069797255529493356 0.0088463367854847638 -0.0031426211347903893
leaf_weight=283 2443 205 71 3220 75 514
leaf_count=283 2443 205 71 3220 75 514
internal_value=1.33191e-05 0.00219673 0.00428354 -0.000185099 0.000356024 0.000162318
internal_weight=6811 559 354 6252 3809 3734
internal_count=6811 559 354 6252 3809 3734
is_linear=0
shrinkage=0.01


Tree=545
num_leaves=7
num_cat=0
split_feature=13 10 16 6 20 0
split_gain=28.3491 37.3898 61.8041 36.0924 51.512 54.7308
threshold=56.144846009606745 0.019796903093877095 334.85000000000008 1.0000000180025095e-35 35.300000000000018 0.78900495589032138
decision_type=2 2 10 2 8 2
left_child=1 2 -1 -3 5 -5
right_child=-2 3 -4 4 -6 -7
leaf_value=0.0032724015264245288 -0.0024039664142546666 0.00024280760394892927 -0.0071534002247074296 0.0010706410356884047 0.0012490326185958679 -0.0060161235026981045
leaf_weight=632 443 4876 53 151 298 358
leaf_count=632 443 4876 53 151 298 358
internal_value=1.33002e-05 0.000184967 0.00237441 -8.26454e-05 -0.00202798 -0.00393364
internal_weight=6811 6368 685 5683 807 509
internal_count=6811 6368 685 5683 807 509
is_linear=0
shrinkage=0.01


Tree=546
num_leaves=7
num_cat=0
split_feature=2 11 13 22 20 2
split_gain=29.2058 55.7271 36.9031 37.2384 32.3881 39.5339
threshold=0.66365799073798881 0.0088032195105652248 54.674105900413132 -1.5999999999999657 38.200000000000024 0.33400476270902918
decision_type=2 2 2 8 10 2
left_child=1 -1 4 -4 5 -3
right_child=-2 2 3 -5 -6 -7
leaf_value=0.0073839183259967779 -0.00090174751531106449 0.0028991911853097278 -0.0068979870399138088 -0.00047128551478608182 -0.0028642693944422042 0.00031917428170811059
leaf_weight=104 2300 730 123 285 244 3025
leaf_count=104 2300 730 123 285 244 3025
internal_value=1.30244e-05 0.000480397 0.000301134 -0.00252742 0.000595303 0.000827117
internal_weight=6811 4511 4407 408 3999 3755
internal_count=6811 4511 4407 408 3999 3755
is_linear=0
shrinkage=0.01


Tree=547
num_leaves=7
num_cat=0
split_feature=15 1 7 12 17 12
split_gain=28.0201 30.7265 30.1117 45.4552 43.7864 94.5027
threshold=10.619077735791935 0.89035637348639429 26.538750000000004 2.9727379293480429 215.2983333333332 0.0079365820836721519
decision_type=2 2 2 2 10 2
left_child=1 -1 -3 4 5 -4
right_child=-2 2 3 -5 -6 -7
leaf_value=-0.0021956044090724052 -0.0033362251195160064 -0.00050667641829235297 0.007205146325621044 -0.0013191763807345054 0.00090087338998622014 -0.0017028898870612079
leaf_weight=511 231 2496 331 715 2349 178
leaf_count=511 231 2496 331 715 2349 178
internal_value=1.28864e-05 0.000135346 0.000334897 0.00092257 0.00148604 0.00411717
internal_weight=6811 6580 6069 3573 2858 509
internal_count=6811 6580 6069 3573 2858 509
is_linear=0
shrinkage=0.01


Tree=548
num_leaves=7
num_cat=0
split_feature=2 8 10 16 9 3
split_gain=28.6841 35.6985 32.2103 26.8041 23.2494 73.3952
threshold=0.28385749713381719 2393.0000000000005 0.036708440947002513 330.65000000000009 0.0069403480282166615 0.013847587174118903
decision_type=2 2 2 10 2 2
left_child=1 2 -1 -4 -2 -6
right_child=4 -3 3 -5 5 -7
leaf_value=0.0061098899903450285 -0.00032672460101621002 -0.0022182829614353573 -0.0015593837738407323 0.0061842214026969046 -0.001833977907632736 0.0074959548675984731
leaf_weight=222 5928 134 151 52 181 143
leaf_count=222 5928 134 151 52 181 143
internal_value=1.27435e-05 0.00216243 0.00356289 0.000621413 -0.000182609 0.002385
internal_weight=6811 559 425 203 6252 324
internal_count=6811 559 425 203 6252 324
is_linear=0
shrinkage=0.01


Tree=549
num_leaves=7
num_cat=0
split_feature=19 17 17 4 6 5
split_gain=28.017 38.3653 37.1438 31.9404 30.7262 41.694
threshold=282.82416389198437 203.4066666666665 151.80999999999963 -0.024708789047101377 1.0000000180025095e-35 2.0611757723501487
decision_type=10 10 10 2 2 2
left_child=1 3 -2 -1 -4 -6
right_child=2 -3 4 -5 5 -7
leaf_value=-0.0015383171329372807 0.0079726566861146979 -0.0054169296682168499 0.00042080344184174237 0.0057097743707709018 -0.0021621706660830335 0.006000299813116298
leaf_weight=294 51 207 5298 66 837 58
leaf_count=294 51 207 5298 66 837 58
internal_value=1.28191e-05 -0.00209563 0.000207326 -9.10961e-05 0.000130628 -0.00157275
internal_weight=6811 567 6244 360 6193 895
internal_count=6811 567 6244 360 6193 895
is_linear=0
shrinkage=0.01


Tree=550
num_leaves=7
num_cat=0
split_feature=13 22 13 5 22 20
split_gain=27.3628 36.8901 31.2622 92.3784 22.7814 39.3092
threshold=56.144846009606745 -1.5999999999999657 37.446588971228628 1.3317014928892028 1.8000000000000116 36.60000000000003
decision_type=2 10 2 2 10 10
left_child=2 -2 4 -4 5 -1
right_child=1 -3 3 -5 -6 -7
leaf_value=0.00077602453928449363 -0.0066300577335059643 -0.00043892792085814216 0.00049843241539021218 0.010583408953168907 -0.00066411839936924655 -0.0068148588890076748
leaf_weight=2769 130 313 506 101 2932 60
leaf_count=2769 130 313 506 101 2932 60
internal_value=1.2852e-05 -0.00236199 0.000181506 0.00232083 -4.75315e-05 0.000591593
internal_weight=6811 443 6368 607 5761 2829
internal_count=6811 443 6368 607 5761 2829
is_linear=0
shrinkage=0.01


Tree=551
num_leaves=7
num_cat=0
split_feature=2 20 7 19 15 15
split_gain=28.4027 59.201 184.891 30.9199 28.1473 31.4174
threshold=0.41917404857942125 38.200000000000024 666.19845000000009 282.82416389198437 0.74691187563582562 0.78881454077650603
decision_type=2 8 2 8 2 2
left_child=1 2 4 -2 -1 -6
right_child=3 -3 -4 -5 5 -7
leaf_value=0.0018200867805449315 -0.0029396229372923915 -0.0064798762935556866 0.013364596067394522 -0.00011374890591916906 -0.0075663513125795315 -0.00023614267420528953
leaf_weight=791 411 85 114 4835 56 519
leaf_count=791 411 85 114 4835 56 519
internal_value=1.2684e-05 0.00119061 0.00167168 -0.000340315 0.000605807 -0.00106718
internal_weight=6811 1565 1480 5246 1366 575
internal_count=6811 1565 1480 5246 1366 575
is_linear=0
shrinkage=0.01


Tree=552
num_leaves=7
num_cat=0
split_feature=19 17 6 9 3 9
split_gain=27.532 48.9748 28.0105 100.985 32.7761 51.7349
threshold=280.71217252866825 151.80999999999963 1.0000000180025095e-35 0.008567912871042218 -0.034055633690714328 0.0045037110188720494
decision_type=8 8 2 2 2 2
left_child=-1 -2 4 -4 -3 -6
right_child=1 2 3 -5 5 -7
leaf_value=-0.0028749269628786439 0.0073965504167237042 -0.0032714483834833763 -0.0023878304314522204 0.010928940069480021 0.00018096865795430673 0.0037126217981275286
leaf_weight=305 82 233 878 51 4818 444
leaf_count=305 82 233 878 51 4818 444
internal_value=1.25257e-05 0.000152093 4.82681e-05 -0.00154817 0.000320488 0.000485441
internal_weight=6811 6506 6424 929 5495 5262
internal_count=6811 6506 6424 929 5495 5262
is_linear=0
shrinkage=0.01


Tree=553
num_leaves=7
num_cat=0
split_feature=11 13 14 10 14 13
split_gain=27.2338 29.6219 43.6235 33.8334 32.3669 29.8692
threshold=0.047872774178131787 56.144846009606745 0.39558454641884161 0.012912422760932447 2.6816638682833962 73.32112829862551
decision_type=2 2 2 2 2 2
left_child=1 3 5 -1 -5 -3
right_child=-2 2 -4 4 -6 -7
leaf_value=0.007102825515774183 -0.0041450164982952276 -0.0070665838812771983 0.0014430630383312063 0.00041164933268767438 -0.0023484020116069397 8.440874259364098e-05
leaf_weight=62 144 180 176 5716 449 84
leaf_count=62 144 180 176 5716 449 84
internal_value=1.2601e-05 0.000108474 -0.00236957 0.000287092 0.000207156 -0.00487123
internal_weight=6811 6667 440 6227 6165 264
internal_count=6811 6667 440 6227 6165 264
is_linear=0
shrinkage=0.01


Tree=554
num_leaves=7
num_cat=0
split_feature=15 11 9 21 0 10
split_gain=27.2625 31.2447 28.0022 41.453 43.0876 21.2855
threshold=10.619077735791935 0.047872774178131787 0.0069403480282166615 11.601666666666683 0.91155415192284306 0.035850298631648535
decision_type=2 2 2 10 2 2
left_child=1 2 -1 -4 5 -5
right_child=-2 -3 3 4 -6 -7
leaf_value=8.2453166548840371e-05 -0.0032911169446178294 -0.0043636233118418237 -0.0046321761595909715 -0.0040013609901070595 0.0076812349408115635 0.0039148683264625794
leaf_weight=6108 231 141 51 60 164 56
leaf_count=6108 231 141 51 60 164 56
internal_value=1.24088e-05 0.000133202 0.000238286 0.00302715 0.00453387 -0.000172333
internal_weight=6811 6580 6439 331 280 116
internal_count=6811 6580 6439 331 280 116
is_linear=0
shrinkage=0.01


Tree=555
num_leaves=7
num_cat=0
split_feature=15 7 12 17 5 13
split_gain=26.7412 28.64 47.0992 101.118 107.034 58.8495
threshold=10.619077735791935 26.538750000000004 0.0023971633962816502 215.2983333333332 1.4811187686848777 45.90701329119306
decision_type=2 2 2 8 2 2
left_child=1 -1 3 5 -5 -3
right_child=-2 2 -4 4 -6 -7
leaf_value=-0.00065785317740915108 -0.003259571396211487 0.0087281770361891092 -0.00045849322517937496 3.9630209916577778e-05 0.0099544981523202025 -0.0016254957693318526
leaf_weight=2699 231 266 1873 1570 107 65
leaf_count=2699 231 266 1873 1570 107 65
internal_value=1.22171e-05 0.00013185 0.000681319 0.0017415 0.0007275 0.00670693
internal_weight=6811 6580 3881 2008 1677 331
internal_count=6811 6580 3881 2008 1677 331
is_linear=0
shrinkage=0.01


Tree=556
num_leaves=7
num_cat=0
split_feature=13 14 14 12 9 8
split_gain=26.4613 43.0173 32.4397 57.0323 52.0063 90.5464
threshold=56.144846009606745 0.39558454641884161 0.78060461047799456 0.0023971633962816502 0.0023169817709954546 1520.5000000000002
decision_type=2 2 2 2 2 2
left_child=2 -2 3 4 -1 -6
right_child=1 -3 -4 -5 5 -7
leaf_value=0.0009052361961762569 -0.0048086108778095382 0.0014361560677346636 -0.00058401617087994434 -0.0010856870047589939 0.013234382901609559 0.0024477512200094774
leaf_weight=1829 265 178 2971 1050 87 431
leaf_count=1829 265 178 2971 1050 87 431
internal_value=1.22814e-05 -0.00232311 0.000178135 0.000844466 0.00170892 0.00447575
internal_weight=6811 443 6368 3397 2347 518
internal_count=6811 443 6368 3397 2347 518
is_linear=0
shrinkage=0.01


Tree=557
num_leaves=7
num_cat=0
split_feature=19 6 1 18 1 4
split_gain=27.0379 30.3251 41.443 53.5146 42.8395 33.8572
threshold=282.82416389198437 1.0000000180025095e-35 1.0400363698057971 0.01599244711026793 1.2183779978204947 0.34664810813682873
decision_type=10 2 2 2 2 2
left_child=-1 2 -2 4 -4 -3
right_child=1 5 3 -5 -6 -7
leaf_value=-0.0020589559787629733 -0.0012826597828776048 -0.0020208776800386499 -0.0015001581997372889 0.0036414643817363028 0.001053918558144074 0.0052377603171127182
leaf_weight=567 1050 840 844 611 2839 60
leaf_count=567 1050 840 844 611 2839 60
internal_value=1.23279e-05 0.000203407 0.000489953 0.000925378 0.000466146 -0.00148473
internal_weight=6811 6244 5344 4294 3683 900
internal_count=6811 6244 5344 4294 3683 900
is_linear=0
shrinkage=0.01


Tree=558
num_leaves=7
num_cat=0
split_feature=2 13 10 0 14 16
split_gain=28.1448 41.2539 43.415 32.801 55.8496 27.8674
threshold=0.28385749713381719 18.64550968658374 0.03529871864335387 1.1539983609574738 0.14493040109192143 305.55000000000007
decision_type=2 2 2 2 2 10
left_child=1 2 -1 -2 -5 -4
right_child=3 -3 5 4 -6 -7
leaf_value=0.007661158121372056 -0.00036795372020616062 -0.0013874361342209023 -0.0039295799108222127 0.010937560409752292 0.00087901237625850448 0.0036471497462761981
leaf_weight=170 5869 205 70 57 326 114
leaf_count=170 5869 205 70 57 326 114
internal_value=1.22496e-05 0.00214163 0.00416728 -0.000181258 0.0026162 0.000710723
internal_weight=6811 559 354 6252 383 184
internal_count=6811 559 354 6252 383 184
is_linear=0
shrinkage=0.01


Tree=559
num_leaves=7
num_cat=0
split_feature=2 13 11 17 13 13
split_gain=27.6056 40.4723 35.4729 23.1772 21.7701 43.7039
threshold=0.28385749713381719 18.64550968658374 0.024058915639974789 300.09333333333336 56.144846009606745 37.446588971228628
decision_type=2 2 2 10 2 2
left_child=1 2 -1 -4 5 -2
right_child=4 -3 3 -5 -6 -7
leaf_value=0.0085457583972955217 -0.0003107895693104915 -0.0013742070566689552 -0.0005786599828490267 0.0055979463181486631 -0.0025187590714222823 0.0026091763387044902
leaf_weight=112 5331 205 153 89 364 557
leaf_count=112 5331 205 153 89 364 557
internal_value=1.23828e-05 0.00212127 0.00412763 0.0018249 -0.000179262 -3.06077e-05
internal_weight=6811 559 354 242 6252 5888
internal_count=6811 559 354 242 6252 5888
is_linear=0
shrinkage=0.01


Tree=560
num_leaves=7
num_cat=0
split_feature=19 17 21 1 15 19
split_gain=26.5855 47.6126 27.1302 25.1511 30.0151 28.7579
threshold=280.71217252866825 151.80999999999963 5.2666666666667092 0.89035637348639429 9.8750780850906139 286.4215225630237
decision_type=8 8 10 2 2 10
left_child=2 -2 -1 -3 5 -5
right_child=1 3 -4 4 -6 -7
leaf_value=-5.8656095633662104e-05 0.0072925794040486882 -0.0020726357601465457 -0.005942415779934743 -0.0013616346477543497 -0.0031396306434594711 0.00067018244113826412
leaf_weight=167 82 505 138 803 243 4873
leaf_count=167 82 505 138 803 243 4873
internal_value=1.24345e-05 0.000149582 -0.00282495 4.72114e-05 0.000231264 0.000380846
internal_weight=6811 6506 305 6424 5919 5676
internal_count=6811 6506 305 6424 5919 5676
is_linear=0
shrinkage=0.01


Tree=561
num_leaves=7
num_cat=0
split_feature=13 14 14 20 8 16
split_gain=25.4873 42.0638 31.5584 82.1868 179.06 55.2644
threshold=56.144846009606745 0.39558454641884161 0.78060461047799456 31.600000000000026 1338.0000000000002 166.15000000000006
decision_type=2 2 2 10 2 10
left_child=2 -2 3 4 5 -1
right_child=1 -3 -4 -5 -6 -7
leaf_value=0.0035491311742361026 -0.0047377091820521109 0.0014368922912089668 -0.00057671118229792994 -0.00075524365049831424 0.001146172426631777 0.014785114709597189
leaf_weight=76 265 178 2971 1662 1532 127
leaf_count=76 265 178 2971 1662 1532 127
internal_value=1.22425e-05 -0.00227977 0.000175014 0.000832233 0.00234853 0.0109427
internal_weight=6811 443 6368 3397 1735 203
internal_count=6811 443 6368 3397 1735 203
is_linear=0
shrinkage=0.01


Tree=562
num_leaves=7
num_cat=0
split_feature=6 9 1 8 7 21
split_gain=23.9832 92.2861 34.0295 26.7162 33.8742 25.3391
threshold=1.0000000180025095e-35 0.008567912871042218 1.0099417707255904 1474.5000000000002 136.64475000000002 28.365833333333345
decision_type=2 2 2 2 2 10
left_child=2 3 -1 4 -2 -4
right_child=1 -3 5 -5 -6 -7
leaf_value=-0.001485149946470882 -0.0028345230895056835 0.010378073285664282 0.00070430745580169472 -0.0036942703452857457 0.0030393490469438978 -0.0036601329144144794
leaf_weight=937 209 52 4798 520 168 127
leaf_count=937 209 52 4798 520 168 127
internal_value=1.23378e-05 -0.00145389 0.000251777 -0.00224666 -0.000206089 0.000584574
internal_weight=6811 949 5862 897 377 4925
internal_count=6811 949 5862 897 377 4925
is_linear=0
shrinkage=0.01


Tree=563
num_leaves=7
num_cat=0
split_feature=19 14 6 9 20 1
split_gain=26.3322 34.1706 29.3393 95.5597 41.426 39.3692
threshold=282.82416389198437 0.11628642233052551 1.0000000180025095e-35 0.008567912871042218 35.300000000000018 1.0400363698057971
decision_type=10 2 2 2 10 2
left_child=1 -1 5 4 -4 -2
right_child=2 -3 3 -5 -6 -7
leaf_value=0.003085224086914314 -0.0012450447009062561 -0.0031561737101540657 -0.0039050575359118522 0.010663687159292033 0.00068821160778911275 0.00090705187023417126
leaf_weight=99 1050 468 551 51 298 4294
leaf_count=99 1050 468 551 51 298 4294
internal_value=1.22503e-05 -0.00203182 0.000200819 -0.00145965 -0.00230357 0.000482668
internal_weight=6811 567 6244 900 849 5344
internal_count=6811 567 6244 900 849 5344
is_linear=0
shrinkage=0.01


Tree=564
num_leaves=7
num_cat=0
split_feature=2 8 20 20 1 20
split_gain=27.3491 29.8502 37.8525 27.7221 25.2326 31.7662
threshold=0.29809015747477707 2393.0000000000005 24.300000000000015 27.200000000000021 1.2385254754724679 40.300000000000018
decision_type=2 2 10 10 2 10
left_child=1 2 -1 -4 -2 -6
right_child=4 -3 3 -5 5 -7
leaf_value=-0.0039458824759897064 -0.00095786874753534651 -0.0018340940046650562 0.010537923601318578 0.0030692724341240068 0.00051433141859693026 -0.0046160817228257656
leaf_weight=58 2531 151 51 380 3525 115
leaf_count=58 2531 151 51 380 3525 115
internal_value=1.22309e-05 0.00196342 0.00314932 0.00417195 -0.000192977 0.000340041
internal_weight=6811 640 489 431 6171 3640
internal_count=6811 640 489 431 6171 3640
is_linear=0
shrinkage=0.01


Tree=565
num_leaves=7
num_cat=0
split_feature=19 21 11 9 3 21
split_gain=25.7775 26.7127 26.4662 31.2372 62.2463 21.3496
threshold=280.71217252866825 5.2666666666667092 0.047872774178131787 0.0093764659380542667 -0.034055633690714328 17.613333333333362
decision_type=8 10 2 2 2 8
left_child=1 -1 3 5 -5 -2
right_child=2 -3 -4 4 -6 -7
leaf_value=-3.8074713074049706e-05 0.00065250056562370724 -0.0058751577951920196 -0.0039910411537433703 -0.0011904464319075752 0.012272752090578987 -0.0005259964043541239
leaf_weight=167 3536 138 141 72 53 2704
leaf_count=167 3536 138 141 72 53 2704
internal_value=1.21492e-05 -0.00278179 0.000147196 0.000244985 0.0050042 0.000141794
internal_weight=6811 305 6506 6365 125 6240
internal_count=6811 305 6506 6365 125 6240
is_linear=0
shrinkage=0.01


Tree=566
num_leaves=7
num_cat=0
split_feature=19 17 10 7 17 21
split_gain=25.4662 36.9124 36.0671 95.6654 34.9874 23.1333
threshold=282.82416389198437 203.4066666666665 0.037067825216728453 464.52510000000007 151.80999999999963 17.498333333333356
decision_type=10 10 2 2 10 10
left_child=1 2 3 -1 -2 -6
right_child=4 -3 -4 -5 5 -7
leaf_value=-0.0014419539082387584 0.007734026511802842 -0.0052559004858547123 -0.0036647443379035352 0.013128918844815944 0.00069543530086161307 -0.00052746658943423502
leaf_weight=159 51 207 149 52 3294 2899
leaf_count=159 51 207 149 52 3294 2899
internal_value=1.20468e-05 -0.00199813 -3.34908e-05 0.00258056 0.000197489 0.000123056
internal_weight=6811 567 360 211 6244 6193
internal_count=6811 567 360 211 6244 6193
is_linear=0
shrinkage=0.01


Tree=567
num_leaves=7
num_cat=0
split_feature=15 10 6 9 19 21
split_gain=25.2509 25.5031 24.4983 89.2406 35.5018 76.0974
threshold=10.619077735791935 0.068025517173600877 1.0000000180025095e-35 0.008567912871042218 287.89105921502636 17.650833333333328
decision_type=2 2 2 2 10 8
left_child=1 2 4 -4 -1 -6
right_child=-2 -3 3 -5 5 -7
leaf_value=-0.00077363749006767197 -0.0031672312440427942 -0.0019134237512225811 -0.002102683445381468 0.010546927466988563 0.0025248332356060908 -0.00031221006158238941
leaf_weight=1410 231 550 801 50 1848 1921
leaf_count=1410 231 550 801 50 1848 1921
internal_value=1.20828e-05 0.000128334 0.000317423 -0.0012456 0.000576161 0.00108184
internal_weight=6811 6580 6030 851 5179 3769
internal_count=6811 6580 6030 851 5179 3769
is_linear=0
shrinkage=0.01


Tree=568
num_leaves=7
num_cat=0
split_feature=15 8 12 17 14 19
split_gain=24.7702 26.9816 35.8777 36.5486 125.687 63.1695
threshold=10.619077735791935 2393.0000000000005 2.9727379293480429 207.78500000000108 0.17021881020370608 286.4215225630237
decision_type=2 2 2 10 2 10
left_child=1 2 3 4 -1 -5
right_child=-2 -3 -4 5 -6 -7
leaf_value=0.0089396341570315112 -0.0031368731573432748 -0.0017263757372941646 -0.0011777123641470955 -0.0030008960590482904 -0.00048913374279516857 0.00085667725483172758
leaf_weight=216 231 692 1214 471 375 3612
leaf_count=216 231 692 1214 471 375 3612
internal_value=1.20324e-05 0.000127171 0.000347571 0.000745409 0.00304832 0.000405437
internal_weight=6811 6580 5888 4674 591 4083
internal_count=6811 6580 5888 4674 591 4083
is_linear=0
shrinkage=0.01


Tree=569
num_leaves=7
num_cat=0
split_feature=0 22 0 11 18 7
split_gain=25.8474 32.7579 33.505 23.3329 26.2963 57.3934
threshold=1.2673108119294263 -0.89999999999997715 1.4838035527690703 0.047872774178131787 0.0092476956614456745 224.16165000000004
decision_type=2 10 2 2 2 2
left_child=3 -2 -3 4 -1 -6
right_child=1 2 -4 -5 5 -7
leaf_value=-0.00059815821775080675 -0.0010736576124273855 0.0099507713530744817 -0.00019965883841117224 -0.0039522034260021013 8.2531629717705714e-05 0.0039279560689806795
leaf_weight=3500 99 81 50 144 2487 450
leaf_count=3500 99 81 50 144 2487 450
internal_value=1.19159e-05 0.00323547 0.00633717 -0.000105482 -1.34317e-05 0.000683048
internal_weight=6811 230 131 6581 6437 2937
internal_count=6811 230 131 6581 6437 2937
is_linear=0
shrinkage=0.01


Tree=570
num_leaves=7
num_cat=0
split_feature=13 22 13 8 8 21
split_gain=25.5823 34.5252 28.0543 109.401 79.9747 32.7659
threshold=56.144846009606745 -1.5999999999999657 37.446588971228628 1618.5000000000002 916.50000000000011 15.667500000000048
decision_type=2 10 2 2 2 10
left_child=2 -2 -1 4 5 -4
right_child=1 -3 3 -5 -6 -7
leaf_value=-4.1982270849241214e-05 -0.0064133517414863622 -0.00042397993854636286 -0.0027935591733515047 -0.00076182732012370637 0.014841050713075675 0.0073298030358846071
leaf_weight=5761 130 313 59 411 86 51
leaf_count=5761 130 313 59 411 86 51
internal_value=1.19161e-05 -0.00228436 0.000174991 0.00220158 0.00815099 0.00211969
internal_weight=6811 443 6368 607 196 110
internal_count=6811 443 6368 607 196 110
is_linear=0
shrinkage=0.01


Tree=571
num_leaves=7
num_cat=0
split_feature=2 7 0 14 1 17
split_gain=26.7694 32.0938 31.1066 54.1537 30.1792 33.6494
threshold=0.28385749713381719 666.19845000000009 1.1539983609574738 0.14493040109192143 1.0295897279408155 297.00833333333316
decision_type=2 2 2 2 2 10
left_child=1 4 -2 -4 -1 -6
right_child=2 -3 3 -5 5 -7
leaf_value=-0.0030307549740979101 -0.00035856034487784813 0.0078873721569231378 0.010741171566630476 0.00083781410371773838 0.00028572505024592002 0.0065643720590698538
leaf_weight=123 5869 72 57 326 241 123
leaf_count=123 5869 72 57 326 241 123
internal_value=1.1969e-05 0.00208867 -0.000176751 0.00254749 0.00108992 0.00252615
internal_weight=6811 559 6252 383 487 364
internal_count=6811 559 6252 383 487 364
is_linear=0
shrinkage=0.01


Tree=572
num_leaves=7
num_cat=0
split_feature=2 11 15 1 2 15
split_gain=26.5235 52.7377 23.3181 23.8901 25.1644 45.9724
threshold=0.66365799073798881 0.0088032195105652248 9.8750780850906139 1.0001537726444767 0.28385749713381719 1.6392701621403785
decision_type=2 2 2 2 2 2
left_child=1 -1 3 -3 5 -5
right_child=-2 2 -4 4 -6 -7
leaf_value=0.0071733452793080032 -0.00085956759289742624 -0.0014658907463398901 -0.0034300524748838933 0.0047081558577683766 0.00041399485355150432 -0.0028161187305909782
leaf_weight=104 2300 569 153 333 3253 99
leaf_count=104 2300 569 153 333 3253 99
internal_value=1.21854e-05 0.00045758 0.000283214 0.000424497 0.000719569 0.00295914
internal_weight=6811 4511 4407 4254 3685 432
internal_count=6811 4511 4407 4254 3685 432
is_linear=0
shrinkage=0.01


Tree=573
num_leaves=7
num_cat=0
split_feature=14 1 20 14 17 20
split_gain=24.1319 24.666 25.0055 52.9681 98.9534 66.0486
threshold=2.6816638682833962 0.89035637348639429 38.500000000000036 0.084800791438325959 202.11166666666676 24.800000000000015
decision_type=2 2 10 2 10 8
left_child=1 -1 3 4 -3 -5
right_child=-2 2 -4 5 -6 -7
leaf_value=-0.0019823643070721658 -0.0021744889579044576 0.010468634757123989 -0.0021944274396239393 -0.0030818974842644624 0.0010490178794181539 0.00058071184065197612
leaf_weight=480 460 136 352 545 484 4354
leaf_count=480 460 136 352 545 484 4354
internal_value=1.21181e-05 0.000173663 0.000353006 0.000519155 0.00324863 0.000167809
internal_weight=6811 6351 5871 5519 620 4899
internal_count=6811 6351 5871 5519 620 4899
is_linear=0
shrinkage=0.01


Tree=574
num_leaves=7
num_cat=0
split_feature=0 15 9 11 9 3
split_gain=24.9806 39.4383 24.6114 22.6305 26.4033 64.4498
threshold=1.2673108119294263 1.028211211583139 0.00055046107697721673 0.047872774178131787 0.0093764659380542667 -0.034055633690714328
decision_type=2 2 2 2 2 2
left_child=3 -2 -3 4 -1 -6
right_child=1 2 -4 -5 5 -7
leaf_value=-0.00010790072501786426 0.0093752838940256173 0.0040140848166386909 -0.0032273405571670638 -0.0038917558483005346 -0.0017320611243417791 0.011695891553536057
leaf_weight=6307 62 86 82 144 76 54
leaf_count=6307 62 86 82 144 76 54
internal_value=1.2036e-05 0.00318107 0.000496836 -0.000103377 -1.27236e-05 0.00428271
internal_weight=6811 230 168 6581 6437 130
internal_count=6811 230 168 6581 6437 130
is_linear=0
shrinkage=0.01


Tree=575
num_leaves=7
num_cat=0
split_feature=2 0 22 12 13 18
split_gain=26.0159 35.9871 40.1436 32.674 31.2803 44.3599
threshold=0.41917404857942125 1.1811784885855248 -0.89999999999997715 1.1839263696174613 29.189515306662237 0.012515057981334069
decision_type=2 2 10 2 2 2
left_child=4 -2 -3 -4 5 -1
right_child=1 2 3 -5 -6 -7
leaf_value=0.0062691081819936561 -0.00053572354119425705 -0.00098610904352665926 0.010340514050900109 0.001581521633297506 -0.0010725316024422929 0.0010872208712754037
leaf_weight=193 4935 142 80 89 449 923
leaf_count=193 4935 142 80 89 449 923
internal_value=1.21521e-05 -0.00032569 0.00292003 0.00607384 0.0011395 0.00203109
internal_weight=6811 5246 311 169 1565 1116
internal_count=6811 5246 311 169 1565 1116
is_linear=0
shrinkage=0.01


Tree=576
num_leaves=7
num_cat=0
split_feature=0 11 18 7 11 4
split_gain=24.1684 22.2045 25.3237 55.3582 86.2558 38.2683
threshold=1.2673108119294263 0.047872774178131787 0.0092476956614456745 224.16165000000004 0.020056327164541598 -0.14957092204106512
decision_type=2 2 2 2 2 2
left_child=1 2 -1 -4 5 -5
right_child=-2 -3 3 4 -6 -7
leaf_value=-0.00058526675122376037 0.0031293648465070874 -0.0038537997682276488 8.2245699997134309e-05 0.002433749733803173 0.00083354652939782105 0.013752443281689076
leaf_weight=3500 230 144 2487 50 311 89
leaf_count=3500 230 144 2487 50 311 89
internal_value=1.22752e-05 -0.000101247 -1.14524e-05 0.000672023 0.00385888 0.0101176
internal_weight=6811 6581 6437 2937 450 139
internal_count=6811 6581 6437 2937 450 139
is_linear=0
shrinkage=0.01


Tree=577
num_leaves=7
num_cat=0
split_feature=2 13 10 17 13 13
split_gain=25.5215 38.2911 41.1323 24.6554 21.3334 41.8296
threshold=0.28385749713381719 18.64550968658374 0.03529871864335387 301.89833333333337 55.119286135364227 37.446588971228628
decision_type=2 2 2 10 2 2
left_child=1 2 -1 -4 5 -2
right_child=4 -3 3 -5 -6 -7
leaf_value=0.0073922491684142088 -0.00029458419264445716 -0.0013590721306932527 -0.002194461230481524 0.0049315823148936037 -0.0024555045255783624 0.0025851724335536714
leaf_weight=170 5331 205 114 70 374 547
leaf_count=170 5331 205 114 70 374 547
internal_value=1.23839e-05 0.0020401 0.00399181 0.000630997 -0.000171885 -2.26619e-05
internal_weight=6811 559 354 184 6252 5878
internal_count=6811 559 354 184 6252 5878
is_linear=0
shrinkage=0.01


Tree=578
num_leaves=7
num_cat=0
split_feature=2 13 18 6 9 13
split_gain=25.3755 39.9465 36.8948 30.3414 65.1193 39.8969
threshold=0.66365799073798881 54.674105900413132 0.0039007225144013914 1.0000000180025095e-35 0.0073922268566882395 8.0523082490069005
decision_type=2 2 2 2 2 2
left_child=1 2 -1 -4 5 -5
right_child=-2 -3 3 4 -6 -7
leaf_value=0.0075650243647396569 -0.00084029272872638617 -0.0024683885544264129 0.00097989130708894638 -0.00065824196418412984 0.0082355201882975439 -0.0064157603824679336
leaf_weight=68 2300 416 3426 380 53 168
leaf_count=68 2300 416 3426 380 53 168
internal_value=1.23863e-05 0.000448034 0.000749597 0.000616058 -0.00144007 -0.00250667
internal_weight=6811 4511 4095 4027 601 548
internal_count=6811 4511 4095 4027 601 548
is_linear=0
shrinkage=0.01


Tree=579
num_leaves=7
num_cat=0
split_feature=15 8 8 10 15 17
split_gain=23.7007 25.4826 34.335 32.322 41.4168 74.2995
threshold=10.619077735791935 2393.0000000000005 2435.5000000000005 0.019955804785169399 0.16141001749377407 219.57166666666674
decision_type=2 2 2 2 2 10
left_child=1 3 -3 4 -1 -6
right_child=-2 2 -4 -5 5 -7
leaf_value=0.0071394686751902617 -0.0030678193145566835 -0.0081760376111336373 -0.00090758294645035178 7.2456900922493724e-05 0.0085064645394406935 -0.00074892089540675821
leaf_weight=135 231 63 629 5221 98 434
leaf_count=135 231 63 629 5221 98 434
internal_value=1.23562e-05 0.000124981 -0.00167635 0.00033917 0.00239498 0.00108151
internal_weight=6811 6580 692 5888 667 532
internal_count=6811 6580 692 5888 667 532
is_linear=0
shrinkage=0.01


Tree=580
num_leaves=7
num_cat=0
split_feature=13 14 10 13 14 10
split_gain=23.9187 40.3772 31.8169 28.5486 26.5063 67.8234
threshold=56.144846009606745 0.39558454641884161 0.012912422760932447 73.32112829862551 0.78060461047799456 0.019796903093877095
decision_type=2 2 2 2 2 2
left_child=2 3 -1 -2 5 -4
right_child=1 -3 4 -5 -6 -7
leaf_value=0.0067799855000339453 -0.0067533886342562967 0.0014322603470645846 0.0049826500021122599 0.00021669379792156371 -0.0006009387910912179 0.00022908987484182586
leaf_weight=62 181 178 323 84 2928 3055
leaf_count=62 181 178 323 84 2928 3055
internal_value=1.2274e-05 -0.00220809 0.000169957 -0.00461647 9.43358e-05 0.000696984
internal_weight=6811 443 6368 265 6306 3378
internal_count=6811 443 6368 265 6306 3378
is_linear=0
shrinkage=0.01


Tree=581
num_leaves=7
num_cat=0
split_feature=2 7 0 22 17 17
split_gain=25.3213 35.4698 28.8395 30.3185 34.3166 26.0034
threshold=0.29809015747477707 666.19845000000009 1.1539983609574738 -0.69999999999998852 309.09333333333342 151.80999999999963
decision_type=2 2 2 10 10 10
left_child=1 -1 5 -4 -5 -2
right_child=2 -3 3 4 -6 -7
leaf_value=0.00094129985717456347 0.0032098985849146919 0.0077620301318218864 -0.00061445293369733042 0.0071579541093164901 -0.0019061886653548383 -0.00048739894844428058
leaf_weight=561 187 79 176 156 51 5601
leaf_count=561 187 79 176 156 51 5601
internal_value=1.22434e-05 0.0018897 -0.000185211 0.00243678 0.00493983 -0.000362616
internal_weight=6811 640 6171 383 207 5788
internal_count=6811 640 6171 383 207 5788
is_linear=0
shrinkage=0.01


Tree=582
num_leaves=7
num_cat=0
split_feature=2 8 17 0 0 13
split_gain=25.0978 49.9398 63.6586 67.5795 38.1323 36.794
threshold=0.51691794760825449 1338.0000000000002 221.81166666666664 1.0402524014431747 1.1811784885855248 29.189515306662237
decision_type=2 2 10 2 2 2
left_child=1 2 -1 -4 -2 -3
right_child=4 5 3 -5 -6 -7
leaf_value=0.0089766781698049532 -0.0007259750568967871 0.00098097067794472017 -0.00080217547271962443 0.0097721654812494927 0.0030210288390612916 -0.0018527785081536268
leaf_weight=143 3909 1449 305 65 282 658
leaf_count=143 3909 1449 305 65 282 658
internal_value=1.23564e-05 0.000778418 0.00354428 0.00126376 -0.000467259 9.14408e-05
internal_weight=6811 2620 513 370 4191 2107
internal_count=6811 2620 513 370 4191 2107
is_linear=0
shrinkage=0.01


Tree=583
num_leaves=7
num_cat=0
split_feature=19 20 21 14 8 19
split_gain=24.8675 32.7557 26.593 74.5264 82.3874 55.6231
threshold=282.82416389198437 16.900000000000038 17.498333333333356 0.084800791438325959 1440.5000000000002 287.67617530298065
decision_type=10 10 10 2 2 10
left_child=1 -1 3 4 -2 -5
right_child=2 -3 -4 5 -6 -7
leaf_value=0.0039147028265554594 0.012143594807228155 -0.0029044794746894494 -0.00050433023248850923 -0.0019432747829226588 0.0018704977130480514 0.0011076018926370603
leaf_weight=73 103 494 2899 815 268 2159
leaf_count=73 103 494 2899 815 268 2159
internal_value=1.25168e-05 -0.00197389 0.000195765 0.000802209 0.00496647 0.000267824
internal_weight=6811 567 6244 3345 371 2974
internal_count=6811 567 6244 3345 371 2974
is_linear=0
shrinkage=0.01


Tree=584
num_leaves=7
num_cat=0
split_feature=19 21 7 10 14 8
split_gain=24.4299 26.2969 25.6272 35.9528 66.744 50.3543
threshold=280.71217252866825 5.2666666666667092 26.538750000000004 0.021234974916484069 0.67252002315899861 2292.5000000000005
decision_type=8 10 2 2 2 2
left_child=1 -1 -2 4 5 -4
right_child=2 -3 3 -5 -6 -7
leaf_value=1.1954893664546354e-05 -0.0005958271080837357 -0.0057765245961176387 0.011747489811826217 0.00022591754086723681 -0.00029288630358452917 0.0031175728867712778
leaf_weight=167 2717 138 96 3134 341 218
leaf_count=167 2717 138 96 3134 341 218
internal_value=1.25923e-05 -0.00270733 0.000144061 0.000674789 0.00278682 0.00603716
internal_weight=6811 305 6506 3789 655 314
internal_count=6811 305 6506 3789 655 314
is_linear=0
shrinkage=0.01


Tree=585
num_leaves=7
num_cat=0
split_feature=6 10 20 0 0 22
split_gain=23.097 40.8912 54.7526 46.9229 28.9939 54.2633
threshold=1.0000000180025095e-35 0.018067442480031854 35.700000000000024 0.78900495589032138 1.1811784885855248 -0.59999999999996578
decision_type=2 2 8 2 2 10
left_child=4 -2 3 -3 -1 -6
right_child=1 2 -4 -5 5 -7
leaf_value=8.6951216766048146e-05 0.0063322214782238007 0.00061954466919154688 0.0017779050470855785 -0.0053097416712436828 -0.00091914747980459096 0.0076616093606270601
leaf_weight=5581 54 187 268 440 146 135
leaf_count=5581 54 187 268 440 146 135
internal_value=1.25901e-05 -0.00142629 -0.0019592 -0.00355939 0.000247563 0.0033249
internal_weight=6811 949 895 627 5862 281
internal_count=6811 949 895 627 5862 281
is_linear=0
shrinkage=0.01


Tree=586
num_leaves=7
num_cat=0
split_feature=13 22 13 4 21 21
split_gain=23.409 32.9426 26.7251 83.8261 24.7868 24.7608
threshold=56.144846009606745 -1.5999999999999657 37.446588971228628 0.10138302541176226 15.876666666666717 17.650833333333328
decision_type=2 10 2 2 10 10
left_child=2 -2 5 -4 -5 -1
right_child=1 -3 3 4 -6 -7
leaf_value=0.00056131961851347927 -0.0062169757378952844 -0.00036828877647614958 2.9390722705750775e-05 0.0034945264838258678 0.012314928354518044 -0.00075174484043240145
leaf_weight=3110 130 313 464 69 74 2651
leaf_count=3110 130 313 464 69 74 2651
internal_value=1.26144e-05 -0.00218396 0.000168607 0.0021466 0.0085655 -4.31599e-05
internal_weight=6811 443 6368 607 143 5761
internal_count=6811 443 6368 607 143 5761
is_linear=0
shrinkage=0.01


Tree=587
num_leaves=7
num_cat=0
split_feature=19 16 17 12 6 16
split_gain=24.0778 35.003 32.7171 29.7104 27.8249 37.3315
threshold=282.82416389198437 309.85000000000008 151.80999999999963 0.0079365820836721519 1.0000000180025095e-35 253.85000000000005
decision_type=10 10 10 2 2 10
left_child=1 3 -2 -1 5 -4
right_child=2 -3 4 -5 -6 -7
leaf_value=0.001186936124361603 0.0074808619771397009 -0.0077157674905101075 -0.00076641553889787674 -0.0037267729184497591 -0.0014999979018640206 0.0010003229484707948
leaf_weight=287 51 79 1808 201 895 3490
leaf_count=287 51 79 1808 201 895 3490
internal_value=1.26212e-05 -0.001942 0.000192936 -0.000871143 0.000120956 0.000397096
internal_weight=6811 567 6244 488 6193 5298
internal_count=6811 567 6244 488 6193 5298
is_linear=0
shrinkage=0.01


Tree=588
num_leaves=7
num_cat=0
split_feature=2 15 21 3 3 21
split_gain=24.8764 38.5969 28.053 32.6325 20.1896 40.5486
threshold=0.28385749713381719 1.6392701621403785 8.601666666666679 0.043200720703640026 0.17705038676554372 6.6425000000000098
decision_type=2 2 10 2 2 10
left_child=1 2 -1 -4 5 -2
right_child=4 -3 3 -5 -6 -7
leaf_value=-0.0027907792907772644 0.0054632566659951328 -0.0026596858502919043 0.0012417363029714498 0.0071579868859136669 0.0002823316035945188 -0.0011409117960508096
leaf_weight=56 87 128 181 194 3830 2335
leaf_count=56 87 128 181 194 3830 2335
internal_value=1.24357e-05 0.00201436 0.00343131 0.00440883 -0.00016949 -0.000882197
internal_weight=6811 559 431 375 6252 2422
internal_count=6811 559 431 375 6252 2422
is_linear=0
shrinkage=0.01


Tree=589
num_leaves=7
num_cat=0
split_feature=19 17 14 17 0 15
split_gain=23.7686 34.4474 39.4213 32.1415 27.3067 41.6927
threshold=282.82416389198437 203.4066666666665 0.11628642233052551 151.80999999999963 1.2673108119294263 2.0941320979079201
decision_type=10 10 2 10 2 2
left_child=1 2 -1 -2 -5 -6
right_child=3 -3 -4 4 5 -7
leaf_value=0.0063583759523250837 0.0074151034824183728 -0.0050767155908679048 -0.0016545479073536524 -4.5726211571412796e-06 0.010711599662899971 0.00080576859343794093
leaf_weight=67 51 207 293 5991 50 152
leaf_count=67 51 207 293 5991 50 152
internal_value=1.24221e-05 -0.0019296 -3.1711e-05 0.000191575 0.000120231 0.00364731
internal_weight=6811 567 360 6244 6193 202
internal_count=6811 567 360 6244 6193 202
is_linear=0
shrinkage=0.01


Tree=590
num_leaves=7
num_cat=0
split_feature=19 21 6 9 14 1
split_gain=23.4393 25.6984 24.9564 87.2902 40.7664 35.1651
threshold=280.71217252866825 5.2666666666667092 1.0000000180025095e-35 0.008567912871042218 1.4536073979408093 1.0156054788490729
decision_type=8 10 2 2 2 2
left_child=1 -1 5 4 -4 -2
right_child=2 -3 3 -5 -6 -7
leaf_value=3.5134278896191067e-05 -0.0013729774698628214 -0.0056857159597377572 -0.0010092198911871107 0.010238704163520063 -0.0062400258789862949 0.00075082598997190219
leaf_weight=167 927 138 703 51 181 4644
leaf_count=167 927 138 703 51 181 4644
internal_value=1.25699e-05 -0.00265164 0.000141345 -0.00136175 -0.00213805 0.000395604
internal_weight=6811 305 6506 935 884 5571
internal_count=6811 305 6506 935 884 5571
is_linear=0
shrinkage=0.01


Tree=591
num_leaves=7
num_cat=0
split_feature=2 14 18 14 18 19
split_gain=24.7318 46.614 69.8954 54.3099 41.1917 32.6733
threshold=0.51691794760825449 0.084800791438325959 0.013351589572752924 0.083224359763866371 0.01599244711026793 286.4215225630237
decision_type=2 2 2 2 2 10
left_child=1 2 3 -1 -4 -3
right_child=-2 5 4 -5 -6 -7
leaf_value=0.0034598383198441692 -0.00046371048835074162 -0.002406052525925175 -0.0062342558125654856 0.014492106604631301 0.0028128673438153236 0.00075970686498912348
leaf_weight=119 4191 386 65 71 143 1836
leaf_count=119 4191 386 65 71 143 1836
internal_value=1.23961e-05 0.000772852 0.00387985 0.0081009 -0.000170644 0.000201444
internal_weight=6811 2620 398 190 208 2222
internal_count=6811 2620 398 190 208 2222
is_linear=0
shrinkage=0.01


Tree=592
num_leaves=7
num_cat=0
split_feature=14 10 20 20 20 9
split_gain=22.3551 24.205 25.2007 21.2163 21.4643 45.5514
threshold=2.6816638682833962 0.073220280486056707 16.900000000000038 19.400000000000038 38.500000000000036 -0.0021019715232548221
decision_type=2 2 10 10 10 2
left_child=1 2 -1 -4 -5 -6
right_child=-2 -3 3 4 5 -7
leaf_value=0.0060080062701100747 -0.0020921186704301285 -0.0022730535760714494 -0.004342726120405426 0.00048414718092323336 0.0011178042482541397 -0.005861590658979756
leaf_weight=67 460 372 89 5460 205 158
leaf_count=67 460 372 89 5460 205 158
internal_value=1.24542e-05 0.000167937 0.000323352 0.000248892 0.000326396 -0.00199576
internal_weight=6811 6351 5979 5912 5823 363
internal_count=6811 6351 5979 5912 5823 363
is_linear=0
shrinkage=0.01


Tree=593
num_leaves=7
num_cat=0
split_feature=2 15 20 20 15 1
split_gain=24.4465 36.399 34.828 34.2323 40.0145 32.3645
threshold=0.29809015747477707 1.2020718893160192 23.000000000000032 26.600000000000026 0.3631629955415252 1.0267571530496451
decision_type=2 2 10 10 2 2
left_child=1 2 -1 -4 -5 -6
right_child=-2 -3 3 4 5 -7
leaf_value=-0.002853353191391531 -0.00018178656705889983 -0.0021926563388954563 0.011099898190452501 -0.0015704253179248679 -0.00042319031700921743 0.0076531943268057
leaf_weight=73 6171 159 55 121 68 164
leaf_count=73 6171 159 55 121 68 164
internal_value=1.22276e-05 0.00185697 0.00321301 0.0043407 0.0030108 0.00536631
internal_weight=6811 640 481 408 353 232
internal_count=6811 640 481 408 353 232
is_linear=0
shrinkage=0.01


Tree=594
num_leaves=7
num_cat=0
split_feature=2 7 17 13 18 3
split_gain=24.1563 66.862 141.209 63.0149 83.1096 58.9667
threshold=0.66365799073798881 224.16165000000004 194.36166666666725 1.4411054310015825 0.0087146209951968479 0.18256550193483634
decision_type=2 2 10 2 2 2
left_child=1 -1 -3 4 -4 -6
right_child=-2 2 3 -5 5 -7
leaf_value=-9.6942407146334518e-05 -0.00081966860009205142 0.012239512465894222 -0.01139873123003377 0.0045877645372667097 -0.003677270936329643 0.0054330700708498415
leaf_weight=3789 2300 130 62 265 139 126
leaf_count=3789 2300 130 62 265 139 126
internal_value=1.22744e-05 0.000437328 0.00320416 0.00104969 -0.00186862 0.000694488
internal_weight=6811 4511 722 592 327 265
internal_count=6811 4511 722 592 327 265
is_linear=0
shrinkage=0.01


Tree=595
num_leaves=7
num_cat=0
split_feature=13 13 13 8 8 20
split_gain=23.1851 30.9972 26.1903 103.454 76.9928 30.1176
threshold=56.144846009606745 57.105286346109096 37.446588971228628 1618.5000000000002 916.50000000000011 32.400000000000041
decision_type=2 2 2 2 2 10
left_child=2 -2 -1 4 5 -4
right_child=1 -3 3 -5 -6 -7
leaf_value=-4.2149892160305972e-05 -0.0082013088506129057 -0.0010082787553460607 -0.002705609940694294 -0.00075580750409549109 0.014473781506724966 0.0069982063395856711
leaf_weight=5761 62 381 59 411 86 51
leaf_count=5761 62 381 59 411 86 51
internal_value=1.22436e-05 -0.0021738 0.000167489 0.00212559 0.0079111 0.0020017
internal_weight=6811 443 6368 607 196 110
internal_count=6811 443 6368 607 196 110
is_linear=0
shrinkage=0.01


Tree=596
num_leaves=7
num_cat=0
split_feature=2 21 19 9 19 21
split_gain=24.0128 23.8672 24.415 20.8515 50.0534 69.821
threshold=0.29809015747477707 7.7808333333333559 297.65091341269414 0.0069403480282166615 291.37522290765156 13.263333333333351
decision_type=2 10 10 2 10 8
left_child=1 -1 -3 -2 5 -5
right_child=3 2 -4 4 -6 -7
leaf_value=-0.0034954781122628208 -0.00031658020970674205 0.0031494036536338504 -0.0036627984289079908 -0.0024950882949245474 -0.0011862766577028915 0.011656641463923733
leaf_weight=66 5855 524 50 50 180 86
leaf_count=66 5855 524 50 50 180 86
internal_value=1.22495e-05 0.00184055 0.00250345 -0.000180036 0.00228202 0.00663926
internal_weight=6811 640 574 6171 316 136
internal_count=6811 640 574 6171 316 136
is_linear=0
shrinkage=0.01


Tree=597
num_leaves=7
num_cat=0
split_feature=0 22 0 17 7 17
split_gain=21.404 30.1714 31.5311 18.7193 25.303 39.2164
threshold=1.2673108119294263 -0.89999999999997715 1.4838035527690703 301.62666666666661 29.165400000000002 213.6766666666667
decision_type=2 10 2 8 2 10
left_child=3 -2 -3 4 -1 -6
right_child=1 2 -4 -5 5 -7
leaf_value=-0.0012802784959931885 -0.0011775550725517385 0.0094303431701692909 -0.00038110087066888811 0.00075253527251431431 0.0024033999832550343 -0.00045092423782798838
leaf_weight=2000 99 81 50 1860 613 2108
leaf_count=2000 99 81 50 1860 613 2108
internal_value=1.21805e-05 0.00294559 0.00592408 -9.4653e-05 -0.000429317 0.000198558
internal_weight=6811 230 131 6581 4721 2721
internal_count=6811 230 131 6581 4721 2721
is_linear=0
shrinkage=0.01


Tree=598
num_leaves=7
num_cat=0
split_feature=19 17 17 4 6 5
split_gain=22.9796 33.1898 30.8751 29.2002 27.0019 34.7723
threshold=282.82416389198437 203.4066666666665 151.80999999999963 -0.024708789047101377 1.0000000180025095e-35 2.0611757723501487
decision_type=10 10 10 2 2 2
left_child=1 3 -2 -1 -4 -6
right_child=2 -3 4 -5 5 -7
leaf_value=-0.0014194392301004354 0.0072681406766298366 -0.0049864582303902867 0.00039045099990776908 0.0055107016492279637 -0.0020162895212715234 0.0054392161833889344
leaf_weight=294 51 207 5298 66 837 58
leaf_count=294 51 207 5298 66 837 58
internal_value=1.2195e-05 -0.00189733 0.00018835 -3.43141e-05 0.000118424 -0.00147838
internal_weight=6811 567 6244 360 6193 895
internal_count=6811 567 6244 360 6193 895
is_linear=0
shrinkage=0.01


Tree=599
num_leaves=7
num_cat=0
split_feature=11 9 1 6 10 1
split_gain=22.5536 23.6159 44.849 42.9856 40.7831 41.0146
threshold=0.047872774178131787 0.0093764659380542667 1.4176819274761803 1.0000000180025095e-35 0.018067442480031854 1.8893972871633211
decision_type=2 2 2 2 2 2
left_child=1 3 -3 -1 -5 -6
right_child=-2 2 -4 4 5 -7
leaf_value=0.00033763251688346863 -0.0037713213330255704 -0.001533520817030947 0.0096019853090178481 0.0059580618851497527 -0.0014687540777005245 -0.0070898041454500252
leaf_weight=5636 144 67 63 51 698 152
leaf_count=5636 144 67 63 51 698 152
internal_value=1.22224e-05 9.94687e-05 0.00416331 1.24162e-05 -0.00200328 -0.00254468
internal_weight=6811 6667 130 6537 901 850
internal_count=6811 6667 130 6537 901 850
is_linear=0
shrinkage=0.01


Tree=600
num_leaves=7
num_cat=0
split_feature=2 17 6 22 0 0
split_gain=23.8413 58.362 46.4183 46.2901 39.9141 44.0127
threshold=0.41917404857942125 179.3900000000003 1.0000000180025095e-35 -2.7999999999999825 1.0247366566955172 1.0002375396795216
decision_type=2 8 2 10 2 2
left_child=1 -1 3 -3 5 -5
right_child=-2 2 -4 4 -6 -7
leaf_value=0.0092556560628609848 -0.00031128473719627369 -0.0013752092500679367 -0.0029927186366131703 0.0026153442389691022 0.0081292453226594879 -0.005916138136787201
leaf_weight=73 5246 383 277 664 111 57
leaf_count=73 5246 383 277 664 111 57
internal_value=1.213e-05 0.00109133 0.000632911 0.00147718 0.00279097 0.00186917
internal_weight=6811 1565 1492 1215 832 721
internal_count=6811 1565 1492 1215 832 721
is_linear=0
shrinkage=0.01


Tree=601
num_leaves=7
num_cat=0
split_feature=2 15 1 18 3 9
split_gain=23.5317 36.9531 30.8904 21.392 20.0762 43.1993
threshold=0.28385749713381719 1.6392701621403785 1.0400363698057971 0.030647232772075459 0.17705038676554372 0.0045037110188720494
decision_type=2 2 2 2 2 2
left_child=1 2 -1 -4 5 -2
right_child=4 -3 3 -5 -6 -7
leaf_value=-0.00073907906054375709 -0.0016610613380764691 -0.0026137401505062978 0.0063132747880407713 -0.00028251453382628302 0.00028574964074543156 0.0013737286692631879
leaf_weight=128 1797 128 243 60 3830 625
leaf_count=128 1797 128 243 60 3830 625
internal_value=1.21466e-05 0.00195922 0.00334578 0.00503988 -0.000164794 -0.000875502
internal_weight=6811 559 431 303 6252 2422
internal_count=6811 559 431 303 6252 2422
is_linear=0
shrinkage=0.01


Tree=602
num_leaves=7
num_cat=0
split_feature=13 14 13 14 20 7
split_gain=22.9868 38.9383 27.4137 26.8665 74.2471 102.156
threshold=56.144846009606745 0.39558454641884161 73.32112829862551 0.78060461047799456 31.600000000000026 1697.5800000000002
decision_type=2 2 2 2 10 2
left_child=3 2 -2 4 5 -1
right_child=1 -3 -4 -5 -6 -7
leaf_value=0.0015552999780994003 -0.0066237305639633495 0.0014101265313226402 0.00020700627601051582 -0.00052696333376336772 -0.00073573177750591403 0.011250436857788482
leaf_weight=1628 181 178 84 2971 1662 107
leaf_count=1628 181 178 84 2971 1662 107
internal_value=1.20644e-05 -0.00216461 -0.00452972 0.000166645 0.000773038 0.00221426
internal_weight=6811 443 265 6368 3397 1735
internal_count=6811 443 265 6368 3397 1735
is_linear=0
shrinkage=0.01


Tree=603
num_leaves=7
num_cat=0
split_feature=2 7 17 7 19 19
split_gain=23.4851 64.1023 135.135 56.1482 93.2864 52.7245
threshold=0.66365799073798881 224.16165000000004 194.36166666666725 1697.5800000000002 290.18842251883024 286.4215225630237
decision_type=2 2 10 2 10 10
left_child=1 5 -3 -4 -5 -1
right_child=-2 2 3 4 -6 -7
leaf_value=-0.0027472743050437421 -0.0008082645087902539 0.01197920817429466 0.0035608020964439202 -0.013489877867201966 0.00075199306935640837 0.00042951641612897092
leaf_weight=615 2300 130 349 50 193 3174
leaf_count=615 2300 130 349 50 193 3174
internal_value=1.20396e-05 0.000431146 0.00314027 0.00103254 -0.0025958 -9.1989e-05
internal_weight=6811 4511 722 592 243 3789
internal_count=6811 4511 722 592 243 3789
is_linear=0
shrinkage=0.01


Tree=604
num_leaves=7
num_cat=0
split_feature=15 8 8 10 16 16
split_gain=22.6615 23.117 31.7873 28.1689 70.3135 47.0802
threshold=10.619077735791935 2393.0000000000005 2435.5000000000005 0.019955804785169399 320.4500000000001 309.35000000000008
decision_type=2 2 2 2 10 10
left_child=1 3 -3 4 5 -1
right_child=-2 2 -4 -5 -6 -7
leaf_value=0.0025410826898094219 -0.0029999736786135993 -0.00784721888193529 -0.00085429150212180103 7.7035537499507058e-05 -0.0041909246389632638 0.010910349431114248
leaf_weight=468 231 63 629 5221 128 71
leaf_count=468 231 63 629 5221 128 71
internal_value=1.19144e-05 0.000122043 -0.00159365 0.000326043 0.00224524 0.00382218
internal_weight=6811 6580 692 5888 667 539
internal_count=6811 6580 692 5888 667 539
is_linear=0
shrinkage=0.01


Tree=605
num_leaves=7
num_cat=0
split_feature=19 22 7 13 20 0
split_gain=22.8404 25.6703 23.4134 42.7756 72.6966 35.0396
threshold=280.71217252866825 -7.4999999999999707 26.538750000000004 16.265073570448624 33.700000000000024 1.2320819950650408
decision_type=8 10 2 2 10 2
left_child=1 -1 -2 -4 5 -5
right_child=2 -3 3 4 -6 -7
leaf_value=-0.00051550105905065458 -0.00056833030329173019 -0.006544787222498156 -0.00010715208681235072 0.00071805286211689345 0.0082963718223792622 0.0078070769156018899
leaf_weight=206 2717 99 2525 1042 157 65
leaf_count=206 2717 99 2525 1042 157 65
internal_value=1.17606e-05 -0.00261819 0.000138881 0.000646166 0.00214004 0.00120047
internal_weight=6811 305 6506 3789 1264 1107
internal_count=6811 305 6506 3789 1264 1107
is_linear=0
shrinkage=0.01


Tree=606
num_leaves=7
num_cat=0
split_feature=2 7 11 7 4 8
split_gain=23.1741 103.348 72.4108 31.2931 44.6283 30.1138
threshold=0.51691794760825449 565.2225000000002 0.022393982368161893 599.97555000000011 -0.15243348026987638 1128.5000000000002
decision_type=2 2 2 2 2 2
left_child=1 -1 5 -2 -5 -3
right_child=3 2 -4 4 -6 -7
leaf_value=2.7138855417352576e-05 -0.00010926151449223798 0.015150637326785078 0.00056473808445062646 -0.00046604275938499576 -0.0063081975620792527 0.0057332210411102725
leaf_weight=2323 3638 71 132 354 199 94
leaf_count=2323 3638 71 132 354 199 94
internal_value=1.17762e-05 0.000747895 0.00620081 -0.000449093 -0.00264308 0.0104198
internal_weight=6811 2620 297 4191 553 165
internal_count=6811 2620 297 4191 553 165
is_linear=0
shrinkage=0.01


Tree=607
num_leaves=7
num_cat=0
split_feature=2 15 20 20 15 1
split_gain=22.9634 34.7117 34.4594 33.2005 39.2752 30.9585
threshold=0.29809015747477707 1.2020718893160192 23.000000000000032 26.600000000000026 0.3631629955415252 1.0267571530496451
decision_type=2 2 10 10 2 2
left_child=1 2 -1 -4 -5 -6
right_child=-2 -3 3 4 5 -7
leaf_value=-0.002904869105262929 -0.00017616457233691135 -0.0021543925646527189 0.010901467539370061 -0.0015981725264049157 -0.00039323943914869466 0.0075085580742639624
leaf_weight=73 6171 159 55 121 68 164
leaf_count=73 6171 159 55 121 68 164
internal_value=1.18724e-05 0.00179978 0.00312413 0.00424653 0.00293789 0.00527197
internal_weight=6811 640 481 408 353 232
internal_count=6811 640 481 408 353 232
is_linear=0
shrinkage=0.01


Tree=608
num_leaves=7
num_cat=0
split_feature=2 7 21 22 0 21
split_gain=22.7817 61.9197 129.17 106.463 65.4051 40.897
threshold=0.66365799073798881 224.16165000000004 17.498333333333356 3.3000000000000118 1.1270494569862775 8.7483333333333704
decision_type=2 2 10 10 2 8
left_child=1 5 4 -4 -3 -1
right_child=-2 2 3 -5 -6 -7
leaf_value=-0.003383131086807318 -0.00079600876353459846 0.010308808441978038 -0.010081211587708248 0.0019954643942875481 0.00048656135478190014 0.00023675036472308228
leaf_weight=333 2300 236 85 306 95 3456
leaf_count=333 2300 236 85 306 95 3456
internal_value=1.19176e-05 0.0004247 0.00308731 -0.000815831 0.00758667 -8.94544e-05
internal_weight=6811 4511 722 391 331 3789
internal_count=6811 4511 722 391 331 3789
is_linear=0
shrinkage=0.01


Tree=609
num_leaves=7
num_cat=0
split_feature=2 8 18 1 6 4
split_gain=22.477 28.836 28.1355 18.749 28.3525 46.3124
threshold=0.28385749713381719 2393.0000000000005 0.031860725130852537 1.2183779978204947 1.0000000180025095e-35 0.25158832791683078
decision_type=2 2 2 2 2 2
left_child=1 2 -1 -2 -5 -6
right_child=3 -3 -4 4 5 -7
leaf_value=0.0043993067692793117 -0.0008431403417550002 -0.0020212593572472948 -0.0019430923375945825 0.00063168640590524183 -0.0031923190002245911 0.0040353585987746177
leaf_weight=344 2443 134 81 3262 446 101
leaf_count=344 2443 134 81 3262 446 101
internal_value=1.17804e-05 0.00191471 0.00317364 -0.000161149 0.000277325 -0.00180929
internal_weight=6811 559 425 6252 3809 547
internal_count=6811 559 425 6252 3809 547
is_linear=0
shrinkage=0.01


Tree=610
num_leaves=7
num_cat=0
split_feature=13 2 7 17 13 18
split_gain=22.2418 35.2961 42.3171 134.647 52.7361 75.091
threshold=56.144846009606745 0.68058377164761319 224.16165000000004 194.36166666666725 1.4203290870641927 0.0087146209951968479
decision_type=2 2 2 10 2 2
left_child=1 2 -1 -4 5 -5
right_child=-2 -3 3 4 -6 -7
leaf_value=0.00021944485938511348 -0.0021294341912204257 -0.00091748225112476634 0.011639774364835405 -0.010530312802547064 0.0038512666657529522 0.0006307669414050114
leaf_weight=3579 443 2041 131 68 288 261
leaf_count=3579 443 2041 131 68 288 261
internal_value=1.16782e-05 0.000163733 0.000674671 0.00282119 0.000793064 -0.00191866
internal_weight=6811 6368 4327 748 617 329
internal_count=6811 6368 4327 748 617 329
is_linear=0
shrinkage=0.01


Tree=611
num_leaves=7
num_cat=0
split_feature=19 20 21 14 7 19
split_gain=22.6056 30.4641 23.7724 65.4133 57.4629 53.9267
threshold=282.82416389198437 16.900000000000038 17.498333333333356 0.084800791438325959 1697.5800000000002 287.67617530298065
decision_type=10 10 10 2 2 10
left_child=1 -1 3 4 -2 -5
right_child=2 -3 -4 5 -6 -7
leaf_value=0.0037954798780089937 0.0023765497839305688 -0.0027800028133418576 -0.00047561135249132028 -0.0019180773868472457 0.011579108085969221 0.0010859079029668813
leaf_weight=73 289 494 2899 815 82 2159
leaf_count=73 289 494 2899 815 82 2159
internal_value=1.16019e-05 -0.00188232 0.000186318 0.000759698 0.00466107 0.000259022
internal_weight=6811 567 6244 3345 371 2974
internal_count=6811 567 6244 3345 371 2974
is_linear=0
shrinkage=0.01


Tree=612
num_leaves=7
num_cat=0
split_feature=15 11 14 20 0 14
split_gain=21.9463 25.9374 23.1057 20.6298 46.8389 40.5234
threshold=10.619077735791935 0.047872774178131787 2.6816638682833962 38.500000000000036 1.0002375396795216 0.084800791438325959
decision_type=2 2 2 10 2 2
left_child=1 2 3 5 -5 -1
right_child=-2 -3 -4 4 -6 -7
leaf_value=0.0028450095726613961 -0.0029522916461153658 -0.00397706921933996 -0.002082104256859322 0.00040191341540352869 -0.0072499162171101366 0.00021387250924954777
leaf_weight=653 231 141 400 265 104 5017
leaf_count=653 231 141 400 265 104 5017
internal_value=1.16862e-05 0.000120063 0.000215809 0.000371204 -0.00188909 0.000521369
internal_weight=6811 6580 6439 6039 369 5670
internal_count=6811 6580 6439 6039 369 5670
is_linear=0
shrinkage=0.01


Tree=613
num_leaves=7
num_cat=0
split_feature=6 14 4 1 17 14
split_gain=20.9029 41.664 32.0249 32.5086 28.5527 88.0451
threshold=1.0000000180025095e-35 0.74076415414800711 0.25158832791683078 1.9208653276909027 274.71499999999952 0.090480928079361561
decision_type=2 2 2 2 10 2
left_child=4 2 3 -2 5 -1
right_child=1 -3 -4 -5 -6 -7
leaf_value=0.0043763822629373592 0.00048641110572581646 -0.0038219668779493079 0.0058043285102947892 -0.0065488910168791424 0.00088899734931942071 -0.0011574711161699003
leaf_weight=316 409 390 82 68 3115 2431
leaf_count=316 409 390 82 68 3115 2431
internal_value=1.13817e-05 -0.00135745 0.00039893 -0.000630405 0.000234917 -0.000507322
internal_weight=6811 949 559 477 5862 2747
internal_count=6811 949 559 477 5862 2747
is_linear=0
shrinkage=0.01


Tree=614
num_leaves=7
num_cat=0
split_feature=19 17 6 9 14 17
split_gain=22.1409 38.2378 23.3764 83.9432 35.3456 27.676
threshold=280.71217252866825 151.80999999999963 1.0000000180025095e-35 0.008567912871042218 1.4536073979408093 274.71499999999952
decision_type=8 8 2 2 2 10
left_child=-1 -2 5 4 -4 -3
right_child=1 2 3 -5 -6 -7
leaf_value=-0.0025780991663683266 0.0065376968479350858 -0.00051226405387943912 -0.0011204209775857279 0.0099620593229278187 -0.0060100825317204003 0.00091634549324624078
leaf_weight=305 82 2397 698 51 180 3098
leaf_count=305 82 2397 698 51 180 3098
internal_value=1.12683e-05 0.000136428 4.46836e-05 -0.00141373 -0.00217925 0.000293366
internal_weight=6811 6506 6424 929 878 5495
internal_count=6811 6506 6424 929 878 5495
is_linear=0
shrinkage=0.01


Tree=615
num_leaves=7
num_cat=0
split_feature=19 17 9 17 0 12
split_gain=21.8634 31.3916 30.3395 28.0783 25.2595 33.2271
threshold=282.82416389198437 203.4066666666665 4.9076848588677092e-05 151.80999999999963 1.2673108119294263 1.1839263696174613
decision_type=10 10 2 10 2 2
left_child=1 2 -1 -2 -5 -6
right_child=3 -3 -4 4 5 -7
leaf_value=-0.0015550062989843694 0.0069346183059034788 -0.0048555936325289963 0.0052257255974828319 -3.6388809110070506e-06 0.009091524384705953 0.00065127765528151516
leaf_weight=285 51 207 75 5991 61 141
leaf_count=285 51 207 75 5991 61 141
internal_value=1.12611e-05 -0.00185131 -3.92978e-05 0.000183085 0.000116396 0.00350868
internal_weight=6811 567 360 6244 6193 202
internal_count=6811 567 360 6244 6193 202
is_linear=0
shrinkage=0.01


Tree=616
num_leaves=7
num_cat=0
split_feature=13 13 13 8 8 21
split_gain=22.2195 28.9431 25.3339 99.4263 74.8573 30.2813
threshold=56.144846009606745 57.105286346109096 37.446588971228628 1618.5000000000002 916.50000000000011 15.667500000000048
decision_type=2 2 2 2 2 10
left_child=2 -2 -1 4 5 -4
right_child=1 -3 3 -5 -6 -7
leaf_value=-4.2825658577447748e-05 -0.0079535950782398373 -0.0010015982937245944 -0.0027750002358621663 -0.00073569242801017302 0.014231292972593413 0.0069511579329789176
leaf_weight=5761 62 381 59 411 86 51
leaf_count=5761 62 381 59 411 86 51
internal_value=1.13755e-05 -0.00212866 0.000163355 0.00208918 0.00776092 0.00193788
internal_weight=6811 443 6368 607 196 110
internal_count=6811 443 6368 607 196 110
is_linear=0
shrinkage=0.01


Tree=617
num_leaves=7
num_cat=0
split_feature=15 1 14 0 0 15
split_gain=21.5649 22.4746 23.6523 52.3649 24.8078 61.2256
threshold=10.619077735791935 0.89035637348639429 2.415901222075028 1.0909617178346769 1.2673108119294263 1.028211211583139
decision_type=2 2 2 2 2 2
left_child=1 -1 4 -4 -3 -6
right_child=-2 2 3 -5 5 -7
leaf_value=-0.0018747169097962355 -0.0029267228441795961 0.00036570600661238939 -0.00051955307259098245 -0.0096785695664584632 0.012412101322474578 0.00055916127248554809
leaf_weight=511 231 5206 590 60 50 163
leaf_count=511 231 5206 590 60 50 163
internal_value=1.1389e-05 0.00011882 0.00028948 -0.00149884 0.000506352 0.00377337
internal_weight=6811 6580 6069 650 5419 213
internal_count=6811 6580 6069 650 5419 213
is_linear=0
shrinkage=0.01


Tree=618
num_leaves=7
num_cat=0
split_feature=13 22 13 8 8 21
split_gain=21.8852 30.6839 24.6905 97.3685 73.5167 29.8206
threshold=56.144846009606745 -1.5999999999999657 37.446588971228628 1618.5000000000002 916.50000000000011 15.667500000000048
decision_type=2 10 2 2 2 10
left_child=2 -2 -1 4 5 -4
right_child=1 -3 3 -5 -6 -7
leaf_value=-4.1464327608735944e-05 -0.0060049520255997784 -0.00036014981239337776 -0.0027683659105737141 -0.00073209952391327902 0.014087979941881107 0.0068825974732973291
leaf_weight=5761 130 313 59 411 86 51
leaf_count=5761 130 313 59 411 86 51
internal_value=1.12507e-05 -0.00211263 0.000162083 0.0020633 0.00767605 0.00190684
internal_weight=6811 443 6368 607 196 110
internal_count=6811 443 6368 607 196 110
is_linear=0
shrinkage=0.01


Tree=619
num_leaves=7
num_cat=0
split_feature=2 13 10 7 13 13
split_gain=21.9633 33.5991 31.4261 19.3484 19.0643 37.7285
threshold=0.29809015747477707 18.64550968658374 0.03529871864335387 37.578600000000002 55.119286135364227 37.446588971228628
decision_type=2 2 2 2 2 2
left_child=1 2 -1 -4 5 -2
right_child=4 -3 3 -5 -6 -7
leaf_value=0.0062668920220670899 -0.00029071175552677735 -0.0011975881890940521 0.0028035869035438555 -0.0033259111845017047 -0.0023486131689173699 0.0024616050327715294
leaf_weight=195 5263 237 139 69 368 540
leaf_count=195 5263 237 139 69 368 540
internal_value=1.13004e-05 0.00175984 0.00348596 0.000710952 -0.000172596 -3.08e-05
internal_weight=6811 640 403 208 6171 5803
internal_count=6811 640 403 208 6171 5803
is_linear=0
shrinkage=0.01


Tree=620
num_leaves=7
num_cat=0
split_feature=2 20 7 6 0 0
split_gain=21.6731 57.3235 148.146 36.4698 29.1239 27.8643
threshold=0.41917404857942125 38.000000000000036 666.19845000000009 1.0000000180025095e-35 1.1811784885855248 0.95632576600707908
decision_type=2 8 2 2 2 2
left_child=1 2 3 5 -2 -1
right_child=4 -3 -4 -5 -6 -7
leaf_value=0.00031883671009446345 -0.00048604582222812082 -0.0063811770407720568 0.011988157090700922 -0.0028385991355266557 0.0026227699003914572 0.0037764768272053081
leaf_weight=795 4935 88 114 247 311 321
leaf_count=795 4935 88 114 247 311 321
internal_value=1.12514e-05 0.00104021 0.00152232 0.000566029 -0.000297106 0.00133808
internal_weight=6811 1565 1477 1363 5246 1116
internal_count=6811 1565 1477 1363 5246 1116
is_linear=0
shrinkage=0.01


Tree=621
num_leaves=7
num_cat=0
split_feature=15 1 8 8 18 21
split_gain=21.0571 21.8473 22.15 28.0566 22.62 45.742
threshold=10.619077735791935 0.89035637348639429 2393.0000000000005 2435.5000000000005 0.0092476956614456745 28.365833333333345
decision_type=2 2 2 2 2 10
left_child=1 -1 4 -4 5 -3
right_child=-2 2 3 -5 -6 -7
leaf_value=-0.0018480896240707142 -0.0028920432346722274 0.00012221561575863753 -0.0076722936713351656 -0.00074375755172516225 0.0012167627632840548 -0.0074958697550090748
leaf_weight=511 231 2917 55 613 2413 71
leaf_count=511 231 2917 55 613 2413 71
internal_value=1.12709e-05 0.00011743 0.000285691 -0.00141897 0.000498757 -8.32022e-05
internal_weight=6811 6580 6069 668 5401 2988
internal_count=6811 6580 6069 668 5401 2988
is_linear=0
shrinkage=0.01


Tree=622
num_leaves=7
num_cat=0
split_feature=19 17 22 6 16 19
split_gain=21.4746 36.9367 25.5384 22.8302 33.2999 48.298
threshold=280.71217252866825 151.80999999999963 -7.4999999999999707 1.0000000180025095e-35 253.85000000000005 286.4215225630237
decision_type=8 8 10 2 10 10
left_child=2 -2 -1 4 -3 -6
right_child=1 3 -4 -5 5 -7
leaf_value=-0.00044556429886681684 0.006425555126194883 -0.00076325715085383131 -0.0064551956438963567 -0.0013973020645473657 -0.0029415102894387508 0.0012161175943253594
leaf_weight=206 82 1936 99 929 296 3263
leaf_count=206 82 1936 99 929 296 3263
internal_value=1.0875e-05 0.000134137 -0.00253923 4.39673e-05 0.000289728 0.000863057
internal_weight=6811 6506 305 6424 5495 3559
internal_count=6811 6506 305 6424 5495 3559
is_linear=0
shrinkage=0.01


Tree=623
num_leaves=7
num_cat=0
split_feature=11 13 22 10 19 6
split_gain=21.2142 23.23 31.555 27.2498 29.8724 30.1165
threshold=0.047872774178131787 55.969718817591925 -1.5999999999999657 0.012912422760932447 280.89500000000004 1.0000000180025095e-35
decision_type=2 2 8 2 8 2
left_child=1 3 -3 -1 -5 -6
right_child=-2 2 -4 4 5 -7
leaf_value=0.0063717020021027164 -0.0036587714161361003 -0.0060971563162594816 -0.00035238337098023633 -0.0027730041879508072 0.00064696035602814829 -0.0013610452029414884
leaf_weight=62 144 127 321 314 4974 869
leaf_count=62 144 127 321 314 4974 869
internal_value=1.07024e-05 9.532e-05 -0.00207849 0.000255001 0.000183175 0.000346505
internal_weight=6811 6667 448 6219 6157 5843
internal_count=6811 6667 448 6219 6157 5843
is_linear=0
shrinkage=0.01


Tree=624
num_leaves=7
num_cat=0
split_feature=11 14 17 20 0 14
split_gain=20.8181 21.0048 17.2142 24.1589 48.8283 31.9655
threshold=0.047872774178131787 2.6816638682833962 323.28999999999974 38.500000000000036 0.99209874336538217 0.084800791438325959
decision_type=2 2 8 10 2 2
left_child=1 2 3 5 -5 -1
right_child=-2 -3 -4 4 -6 -7
leaf_value=0.002395490045632154 -0.0036245595270997617 -0.0019512810503849083 0.0025726126631497189 0.0003081080020002728 -0.0076583581825055312 1.4289292355514965e-05
leaf_weight=626 144 457 293 219 108 4964
leaf_count=626 144 457 293 219 108 4964
internal_value=1.04894e-05 9.43134e-05 0.000247746 0.000128476 -0.00247219 0.000284751
internal_weight=6811 6667 6210 5917 327 5590
internal_count=6811 6667 6210 5917 327 5590
is_linear=0
shrinkage=0.01


Tree=625
num_leaves=7
num_cat=0
split_feature=19 17 14 17 6 9
split_gain=20.7896 30.563 33.7029 27.161 23.5858 69.4353
threshold=282.82416389198437 203.4066666666665 0.11628642233052551 151.80999999999963 1.0000000180025095e-35 0.0073922268566882395
decision_type=10 10 2 10 2 2
left_child=1 2 -1 -2 -5 -6
right_child=3 -3 -4 4 5 -7
leaf_value=0.0058895752012923163 0.0068181527566286869 -0.0047703479915805818 -0.0015194150114185316 0.00036646902385758764 -0.0022705336545309905 0.0070384867646302394
leaf_weight=67 51 207 293 5298 816 79
leaf_count=67 51 207 293 5298 816 79
internal_value=1.02681e-05 -0.00180598 -1.86093e-05 0.000177821 0.000112233 -0.00138015
internal_weight=6811 567 360 6244 6193 895
internal_count=6811 567 360 6244 6193 895
is_linear=0
shrinkage=0.01


Tree=626
num_leaves=7
num_cat=0
split_feature=11 19 17 21 6 20
split_gain=20.4388 21.3248 36.0725 24.787 24.4531 34.1625
threshold=0.047872774178131787 280.71217252866825 151.80999999999963 5.2666666666667092 1.0000000180025095e-35 35.300000000000018
decision_type=2 8 10 10 2 10
left_child=1 3 -3 -1 -4 -6
right_child=-2 2 4 -5 5 -7
leaf_value=0.0001576539019443684 -0.0035914546148942228 0.0061174058511638653 0.0003804803835491641 -0.0054844894031512324 -0.0027636780461342244 0.0012654090829676502
leaf_weight=167 144 92 5359 135 600 314
leaf_count=167 144 92 5359 135 600 314
internal_value=1.03347e-05 9.33918e-05 0.000218184 -0.00245944 0.000122067 -0.00138079
internal_weight=6811 6667 6365 302 6273 914
internal_count=6811 6667 6365 302 6273 914
is_linear=0
shrinkage=0.01


Tree=627
num_leaves=7
num_cat=0
split_feature=2 8 11 19 19 14
split_gain=21.5806 27.4603 26.6455 21.9278 18.9655 107.12
threshold=0.28385749713381719 2393.0000000000005 0.034200894312222958 295.21514624881968 287.67617530298065 0.099838843299926511
decision_type=2 2 2 10 10 2
left_child=1 2 3 -1 5 -2
right_child=4 -3 -4 -5 -6 -7
leaf_value=0.0063163286649964056 0.0046835773087626036 -0.0019664288003049379 -0.00025732848740809449 -0.00053566129047618205 0.00014484589533291024 -0.0023920017401416133
leaf_weight=216 250 134 152 57 4795 1207
leaf_count=216 250 134 152 57 4795 1207
internal_value=1.0174e-05 0.00187478 0.00310325 0.00491732 -0.00015927 -0.00115428
internal_weight=6811 559 425 273 6252 1457
internal_count=6811 559 425 273 6252 1457
is_linear=0
shrinkage=0.01


Tree=628
num_leaves=7
num_cat=0
split_feature=15 11 19 12 6 22
split_gain=20.7366 23.923 21.1385 43.3557 35.1369 42.1549
threshold=10.619077735791935 0.048140424150012469 287.67617530298065 0.026915447250859852 1.0000000180025095e-35 2.9000000000000346
decision_type=2 2 10 2 2 8
left_child=1 2 3 -1 5 -4
right_child=-2 -3 4 -5 -6 -7
leaf_value=0.00030474447584556778 -0.0028709700287810505 -0.0039894473622385544 0.0019643995798584446 -0.0032731303153654603 -0.0014165567929449771 -6.2027842307870134e-05
leaf_weight=1092 231 129 1938 480 772 2169
leaf_count=1092 231 129 1938 480 772 2169
internal_value=1.01601e-05 0.000115509 0.000203643 -0.000801521 0.000528481 0.000896646
internal_weight=6811 6580 6451 1572 4879 4107
internal_count=6811 6580 6451 1572 4879 4107
is_linear=0
shrinkage=0.01


Tree=629
num_leaves=7
num_cat=0
split_feature=13 10 19 15 15 6
split_gain=20.9535 27.4594 26.7723 26.3692 29.991 26.2936
threshold=55.969718817591925 0.012912422760932447 280.89500000000004 0.78266686851158951 2.3022249031044097 1.0000000180025095e-35
decision_type=2 2 10 2 2 2
left_child=1 -1 -3 -2 -5 -4
right_child=3 2 5 4 -6 -7
leaf_value=0.0062995939991540382 -0.003948839097069873 -0.0026454258800013685 0.00051968661150505579 0.0044313085845782618 -0.0033953477773401475 -0.0013441811851389483
leaf_weight=62 273 329 5090 98 80 879
leaf_count=62 273 329 5090 98 80 879
internal_value=9.92151e-06 0.0001589 8.85582e-05 -0.00204885 0.000920213 0.000243423
internal_weight=6811 6360 6298 451 178 5969
internal_count=6811 6360 6298 451 178 5969
is_linear=0
shrinkage=0.01


Tree=630
num_leaves=7
num_cat=0
split_feature=19 17 9 17 6 9
split_gain=19.4166 30.0752 29.2509 26.3418 21.8448 67.9805
threshold=282.82416389198437 203.4066666666665 4.9076848588677092e-05 151.80999999999963 1.0000000180025095e-35 0.0073922268566882395
decision_type=10 10 2 10 2 2
left_child=1 2 -1 -2 -5 -6
right_child=3 -3 -4 4 5 -7
leaf_value=-0.0014636021737340773 0.0067111670719001626 -0.0046860442237289029 0.0051943635729360671 0.00035183522486669064 -0.0022104253137701802 0.0069999053695479806
leaf_weight=285 51 207 75 5298 816 79
leaf_count=285 51 207 75 5298 816 79
internal_value=9.82107e-06 -0.00174543 2.63737e-05 0.000171747 0.000107161 -0.00132908
internal_weight=6811 567 360 6244 6193 895
internal_count=6811 567 360 6244 6193 895
is_linear=0
shrinkage=0.01


Tree=631
num_leaves=7
num_cat=0
split_feature=12 8 17 12 21 9
split_gain=17.5247 23.9193 32.1285 59.8856 40.2981 48.3412
threshold=2.9727379293480429 2393.0000000000005 207.78500000000108 0.026915447250859852 11.088333333333368 0.0069403480282166615
decision_type=2 2 10 2 10 2
left_child=1 2 3 -1 -4 -6
right_child=-2 -3 4 -5 5 -7
leaf_value=0.0046840314907705665 -0.0010667095232631007 -0.0014760790328595744 -0.0026322025439504608 -0.0020983535274870903 0.00023692432710656862 0.0049463828844178853
leaf_weight=419 1228 694 443 180 3625 222
leaf_count=419 1228 694 443 180 3625 222
internal_value=9.88261e-06 0.000248167 0.000495439 0.00264493 0.000189859 0.000520814
internal_weight=6811 5583 4889 599 4290 3847
internal_count=6811 5583 4889 599 4290 3847
is_linear=0
shrinkage=0.01


Tree=632
num_leaves=7
num_cat=0
split_feature=13 13 13 5 17 12
split_gain=20.6515 24.1551 23.9497 74.7488 20.1807 75.9548
threshold=55.969718817591925 57.105286346109096 37.446588971228628 1.3317014928892028 194.36166666666725 0.45113871635610775
decision_type=2 2 2 2 10 2
left_child=2 -2 4 -4 5 -1
right_child=1 -3 3 -5 -6 -7
leaf_value=0.0048423040618689088 -0.0070392080005258319 -0.00095797046269153194 0.00038178991541948436 0.0094651077635720515 -0.00023955515723387129 -0.00238255695015566
leaf_weight=325 70 381 498 101 5187 249
leaf_count=325 70 381 498 101 5187 249
internal_value=9.82182e-06 -0.00203406 0.000157723 0.00204364 -4.15662e-05 0.00172104
internal_weight=6811 451 6360 599 5761 574
internal_count=6811 451 6360 599 5761 574
is_linear=0
shrinkage=0.01


Tree=633
num_leaves=7
num_cat=0
split_feature=13 13 13 4 21 21
split_gain=20.2843 26.9133 22.9191 74.9786 23.361 21.9193
threshold=56.144846009606745 57.105286346109096 37.446588971228628 0.10138302541176226 15.876666666666717 17.650833333333328
decision_type=2 2 2 2 10 10
left_child=2 -2 5 -4 -5 -1
right_child=1 -3 3 4 -6 -7
leaf_value=0.00052762648133250132 -0.0076515488316201497 -0.00094863576803218264 -1.4708613562260122e-05 0.0031797189307929598 0.011685613981403766 -0.00070779869785774375
leaf_weight=3110 62 381 464 69 74 2651
leaf_count=3110 62 381 464 69 74 2651
internal_value=9.78327e-06 -0.00203494 0.000154995 0.00198674 0.00805745 -4.11121e-05
internal_weight=6811 443 6368 607 143 5761
internal_count=6811 443 6368 607 143 5761
is_linear=0
shrinkage=0.01


Tree=634
num_leaves=7
num_cat=0
split_feature=2 15 20 0 0 15
split_gain=21.4724 34.2274 36.5121 26.4005 22.5378 57.516
threshold=0.28385749713381719 1.6392701621403785 23.000000000000032 0.9064236617031034 1.1539983609574738 0.3531559894771617
decision_type=2 2 10 2 2 2
left_child=1 2 -1 -4 -2 -6
right_child=4 -3 3 -5 5 -7
leaf_value=-0.002984987439633143 -0.00031398672876569632 -0.002530728595072329 0.0015430567246261231 0.0070178001905240274 0.0096101411479729698 0.00018912473658674233
leaf_weight=72 5869 128 173 186 72 311
leaf_count=72 5869 128 173 186 72 311
internal_value=9.77442e-06 0.0018697 0.00320431 0.00449287 -0.000159244 0.00215965
internal_weight=6811 559 431 359 6252 383
internal_count=6811 559 431 359 6252 383
is_linear=0
shrinkage=0.01


Tree=635
num_leaves=7
num_cat=0
split_feature=2 7 20 8 7 4
split_gain=21.0779 93.2946 119.129 55.5838 31.2616 43.9356
threshold=0.51691794760825449 565.2225000000002 38.000000000000036 1129.5000000000002 599.97555000000011 -0.15243348026987638
decision_type=2 2 10 2 2 2
left_child=1 -1 3 -3 -2 -6
right_child=4 2 -4 -5 5 -7
leaf_value=2.7090166152947022e-05 -9.0062785457320664e-05 0.013942010058420088 -0.004730510026572766 0.0036845197541983481 -0.0004624585607210635 -0.0062590979336890167
leaf_weight=2323 3638 117 73 107 354 199
leaf_count=2323 3638 117 73 107 354 199
internal_value=9.86039e-06 0.000711899 0.00589281 0.00940908 -0.000429668 -0.00262253
internal_weight=6811 2620 297 224 4191 553
internal_count=6811 2620 297 224 4191 553
is_linear=0
shrinkage=0.01


Tree=636
num_leaves=7
num_cat=0
split_feature=1 6 9 8 1 18
split_gain=18.3255 18.0482 72.8312 28.4278 32.6401 24.5304
threshold=0.77558191576323687 1.0000000180025095e-35 0.008567912871042218 1470.5000000000002 1.7222732026928798 0.0069743967105340169
decision_type=2 2 2 2 2 2
left_child=-1 5 3 4 -3 -2
right_child=1 2 -4 -5 -6 -7
leaf_value=-0.0027525260495945233 -0.0005118087769205704 0.0020340768973890707 0.0092926705712752956 -0.0033553434531299968 -0.0053208214549634314 0.00083533941698319585
leaf_weight=222 2192 257 52 526 68 3494
leaf_count=222 2192 257 52 526 68 3494
internal_value=9.85138e-06 0.000106953 -0.00119851 -0.00194006 0.000382312 0.000316016
internal_weight=6811 6589 903 851 325 5686
internal_count=6811 6589 903 851 325 5686
is_linear=0
shrinkage=0.01


Tree=637
num_leaves=7
num_cat=0
split_feature=2 20 8 19 17 20
split_gain=20.7955 26.0033 42.2257 31.3087 19.1221 17.9247
threshold=0.28385749713381719 24.800000000000015 2403.5000000000005 296.93752413327417 325.3450000000002 38.500000000000036
decision_type=2 10 2 10 8 10
left_child=1 -1 3 -3 5 -2
right_child=4 2 -4 -5 -6 -7
leaf_value=-0.0022770222868008028 -0.00012539136096586989 0.0054499766548879716 -0.0037178058482751977 -0.0023592077439221052 0.0027196296203710274 -0.0024296188472788314
leaf_weight=114 5690 318 72 55 213 349
leaf_count=114 5690 318 72 55 213 349
internal_value=9.75612e-06 0.00184013 0.00292172 0.00426696 -0.000156577 -0.000262351
internal_weight=6811 559 445 373 6252 6039
internal_count=6811 559 445 373 6252 6039
is_linear=0
shrinkage=0.01


Tree=638
num_leaves=7
num_cat=0
split_feature=2 15 11 19 19 3
split_gain=20.3889 31.7448 28.3206 26.7353 20.4755 20.0202
threshold=0.29809015747477707 1.2020718893160192 0.034200894312222958 296.29067474754942 290.49358602699147 0.17705038676554372
decision_type=2 2 2 10 10 2
left_child=1 2 3 -1 -3 -2
right_child=5 4 -4 -5 -6 -7
leaf_value=0.0058945805219671145 -0.00089311020076089502 -0.0050751324140048603 -0.00048064491369888274 -0.0015030615391353004 0.0017876951279187645 0.00027830302651904329
leaf_weight=267 2345 88 159 55 71 3826
leaf_count=267 2345 88 159 55 71 3826
internal_value=9.61839e-06 0.00169432 0.00296104 0.00462379 -0.00208615 -0.000167563
internal_weight=6811 640 481 322 159 6171
internal_count=6811 640 481 322 159 6171
is_linear=0
shrinkage=0.01


Tree=639
num_leaves=7
num_cat=0
split_feature=0 22 21 17 21 1
split_gain=18.7578 28.5176 38.6917 17.4134 20.644 19.0602
threshold=1.2673108119294263 -0.89999999999997715 16.105000000000022 301.62666666666661 11.601666666666683 1.8570023986559181
decision_type=2 10 10 8 8 2
left_child=3 -2 -3 -1 -5 -6
right_child=1 2 -4 4 5 -7
leaf_value=-0.00041326674494529509 -0.0012447273143387715 0.011748199636737507 0.0010124609377849235 -0.0033317040196043776 0.00067015791023678276 0.0043832328598517436
leaf_weight=4721 99 50 81 108 1610 142
leaf_count=4721 99 50 81 108 1610 142
internal_value=9.52233e-06 0.00275563 0.00565267 -9.04869e-05 0.000726613 0.000994272
internal_weight=6811 230 131 6581 1860 1752
internal_count=6811 230 131 6581 1860 1752
is_linear=0
shrinkage=0.01


Tree=640
num_leaves=7
num_cat=0
split_feature=2 17 20 20 8 2
split_gain=20.3531 39.5915 34.4397 36.4032 39.3726 42.1516
threshold=0.51691794760825449 175.8866666666672 24.800000000000015 38.000000000000036 2393.0000000000005 0.33400476270902918
decision_type=2 10 10 10 2 2
left_child=1 -1 -3 4 5 -4
right_child=-2 2 3 -5 -6 -7
leaf_value=0.0060169027045568714 -0.00042229100182027645 -0.0027798183396382059 0.0039675405706345503 -0.0041033524028025571 -0.0023118733202130088 0.00067267757584784705
leaf_weight=123 4191 288 557 130 273 1249
leaf_count=123 4191 288 557 130 273 1249
internal_value=9.61513e-06 0.000699479 0.000414592 0.000841716 0.00116909 0.00170512
internal_weight=6811 2620 2497 2209 2079 1806
internal_count=6811 2620 2497 2209 2079 1806
is_linear=0
shrinkage=0.01


Tree=641
num_leaves=7
num_cat=0
split_feature=2 8 8 8 1 2
split_gain=19.9519 26.2389 35.152 29.0087 24.5648 22.4674
threshold=0.66365799073798881 2393.0000000000005 2311.0000000000005 2452.5000000000005 1.399950018062023 0.28385749713381719
decision_type=2 2 2 2 2 2
left_child=1 2 5 -3 -4 -1
right_child=-2 3 4 -5 -6 -7
leaf_value=0.0026688772590988015 -0.00074654939538686853 -0.0067258272812013402 0.00059047428000232451 -0.00060549090356952257 0.0078581859883481413 0.00020068462879496989
leaf_weight=405 2300 82 82 506 103 3333
leaf_count=405 2300 82 82 506 103 3333
internal_value=9.53422e-06 0.000395833 0.00069178 -0.00155721 0.0048323 0.000474512
internal_weight=6811 4511 3923 588 185 3738
internal_count=6811 4511 3923 588 185 3738
is_linear=0
shrinkage=0.01


Tree=642
num_leaves=7
num_cat=0
split_feature=13 2 11 7 16 2
split_gain=19.8264 31.5604 51.2506 26.8673 66.605 59.4564
threshold=56.144846009606745 0.68058377164761319 0.0088032195105652248 224.16165000000004 302.9500000000001 0.5488414357110406
decision_type=2 2 2 2 10 2
left_child=1 2 -1 -4 5 -5
right_child=-2 -3 3 4 -6 -7
leaf_value=0.0069217999155322708 -0.0020120257514356235 -0.00086934434314710944 8.3797497849329616e-05 0.008139839010205617 -0.001174448121564858 0.00033551013997096696
leaf_weight=116 443 2041 3497 226 320 168
leaf_count=116 443 2041 3497 226 320 168
internal_value=9.48639e-06 0.00015305 0.000636195 0.000447058 0.00220049 0.00490278
internal_weight=6811 6368 4327 4211 714 394
internal_count=6811 6368 4327 4211 714 394
is_linear=0
shrinkage=0.01


Tree=643
num_leaves=7
num_cat=0
split_feature=13 2 17 13 13 19
split_gain=19.4438 30.9478 34.3058 55.3181 35.7509 32.4011
threshold=56.144846009606745 0.68058377164761319 192.90000000000009 0.2319236207670258 1.124460628904701 286.4215225630237
decision_type=2 2 10 2 2 10
left_child=1 2 3 -1 -5 -4
right_child=-2 -3 5 4 -6 -7
leaf_value=-0.0044322352020632633 -0.0019923496620177557 -0.00086069328635924778 -0.0020028589834024755 0.010485906898975373 0.0028317277654056052 0.00070512502372454145
leaf_weight=62 443 2041 496 87 196 3486
leaf_count=62 443 2041 496 87 196 3486
internal_value=9.55902e-06 0.00015173 0.000630163 0.00360943 0.00546235 0.000363645
internal_weight=6811 6368 4327 345 283 3982
internal_count=6811 6368 4327 345 283 3982
is_linear=0
shrinkage=0.01


Tree=644
num_leaves=7
num_cat=0
split_feature=19 16 14 21 14 8
split_gain=19.3341 31.6847 28.8791 22.0416 58.594 48.4371
threshold=282.82416389198437 309.85000000000008 0.11628642233052551 17.498333333333356 0.17021881020370608 1440.5000000000002
decision_type=10 10 2 10 2 2
left_child=1 2 -1 4 5 -2
right_child=3 -3 -4 -5 -6 -7
leaf_value=0.0045022722646932715 0.0086325045072830706 -0.0072338422467367039 -0.0018035997551743919 -0.00046624561364094232 -8.9308442799173667e-06 0.0019569135982179103
leaf_weight=78 123 79 410 2899 2567 655
leaf_count=78 123 79 410 2899 2567 655
internal_value=9.53284e-06 -0.00174198 -0.000725526 0.000171114 0.000723236 0.00310847
internal_weight=6811 567 488 6244 3345 778
internal_count=6811 567 488 6244 3345 778
is_linear=0
shrinkage=0.01


Tree=645
num_leaves=7
num_cat=0
split_feature=2 7 20 18 0 7
split_gain=19.1817 88.1516 114.374 36.7789 31.3689 37.7061
threshold=0.51691794760825449 565.2225000000002 38.000000000000036 0.017821110889073882 1.1811784885855248 227.92545000000004
decision_type=2 2 10 2 2 2
left_child=1 -1 3 -3 5 -2
right_child=4 2 -4 -5 -6 -7
leaf_value=1.3624610811744713e-05 -0.00015342979298960802 0.011341918703789514 -0.0046891434182671004 0.0015977499953078224 0.0027539790908276576 -0.0026059728413728943
leaf_weight=2323 3135 170 73 54 282 774
leaf_count=2323 3135 170 73 54 282 774
internal_value=9.5193e-06 0.000679235 0.00571532 0.00916154 -0.000409773 -0.000644455
internal_weight=6811 2620 297 224 4191 3909
internal_count=6811 2620 297 224 4191 3909
is_linear=0
shrinkage=0.01


Tree=646
num_leaves=7
num_cat=0
split_feature=15 11 19 7 3 6
split_gain=20.0905 23.2268 21.0301 49.8147 82.9 33.666
threshold=10.619077735791935 0.047872774178131787 287.67617530298065 464.52510000000007 0.36845372503541823 1.0000000180025095e-35
decision_type=2 2 10 2 2 2
left_child=1 2 3 -1 -5 -4
right_child=-2 -3 5 4 -6 -7
leaf_value=-0.0017513440852549955 -0.0028263487382424817 -0.0037638985292850345 0.0008896616776050305 0.006721997246469642 -0.0028242805531014225 -0.0013751285251639689
leaf_weight=1221 231 141 4096 193 157 772
leaf_count=1221 231 141 4096 193 157 772
internal_value=9.54517e-06 0.000113241 0.000203847 -0.000798858 0.00248031 0.000528413
internal_weight=6811 6580 6439 1571 350 4868
internal_count=6811 6580 6439 1571 350 4868
is_linear=0
shrinkage=0.01


Tree=647
num_leaves=7
num_cat=0
split_feature=15 7 6 8 8 7
split_gain=19.7062 20.8946 29.1157 27.9185 27.83 40.2226
threshold=10.619077735791935 26.538750000000004 1.0000000180025095e-35 916.50000000000011 1470.5000000000002 17.654400000000006
decision_type=2 2 2 2 2 2
left_child=1 2 3 -1 5 -5
right_child=-2 -3 -4 4 -6 -7
leaf_value=-0.0064108495164554623 -0.0027992579996821577 0.00058140322866981429 -0.0031369836547623865 0.0031947391390362246 -0.00055208745676122784 -0.0045797705386258379
leaf_weight=59 231 3881 368 442 1761 69
leaf_count=59 231 3881 368 442 1761 69
internal_value=9.37746e-06 0.000112077 -0.000562442 -0.000144329 4.57815e-05 0.0020772
internal_weight=6811 6580 2699 2331 2272 511
internal_count=6811 6580 2699 2331 2272 511
is_linear=0
shrinkage=0.01


Tree=648
num_leaves=7
num_cat=0
split_feature=19 16 17 20 16 16
split_gain=18.939 31.2673 24.4534 23.9227 25.4117 28.3698
threshold=282.82416389198437 309.85000000000008 151.80999999999963 16.900000000000038 161.15000000000006 183.60000000000005
decision_type=10 10 10 10 10 10
left_child=1 3 -2 -1 -5 -6
right_child=2 -3 -4 4 5 -7
leaf_value=0.0043238672020306694 0.0064696741500319763 -0.0071799352030489554 0.00010677220753454819 -0.0043177472516959152 0.0057494834689675155 -0.0016095458326550822
leaf_weight=70 51 79 6193 184 64 170
leaf_count=70 51 79 6193 184 64 170
internal_value=9.08281e-06 -0.00172444 0.000169005 -0.000714839 -0.00163995 0.000556326
internal_weight=6811 567 6244 488 418 234
internal_count=6811 567 6244 488 418 234
is_linear=0
shrinkage=0.01


Tree=649
num_leaves=7
num_cat=0
split_feature=15 2 20 14 20 14
split_gain=19.3192 19.9295 28.3178 35.7934 51.2373 72.1445
threshold=10.619077735791935 0.66365799073798881 38.200000000000024 0.084800791438325959 31.600000000000026 0.064630894425084309
decision_type=2 2 10 2 10 2
left_child=1 2 3 4 5 -1
right_child=-2 -3 -4 -5 -6 -7
leaf_value=0.00011169073567312409 -0.0027718803559234791 -0.00066473668364645344 -0.0028352530408434231 0.00033828647229873493 -0.0015265591859062527 0.0090663546353775583
leaf_weight=159 231 2197 231 3636 159 198
leaf_count=159 231 2197 231 3636 159 198
internal_value=9.0439e-06 0.00011073 0.000500065 0.000691995 0.00313059 0.00518986
internal_weight=6811 6580 4383 4152 516 357
internal_count=6811 6580 4383 4152 516 357
is_linear=0
shrinkage=0.01


Tree=650
num_leaves=7
num_cat=0
split_feature=13 2 11 17 13 13
split_gain=19.101 29.6405 49.8142 27.6656 50.858 37.0562
threshold=55.969718817591925 0.68058377164761319 0.0088032195105652248 192.90000000000009 0.2319236207670258 1.124460628904701
decision_type=2 2 2 10 2 2
left_child=1 2 -1 4 -4 -6
right_child=-2 -3 3 -5 5 -7
leaf_value=0.0068162505436570398 -0.0019566788683810076 -0.00084072588628191424 -0.0043670935044065121 0.00019905989453386833 0.010153438101724251 0.0021713109097595733
leaf_weight=116 451 2037 62 3894 87 164
leaf_count=116 451 2037 62 3894 87 164
internal_value=8.97866e-06 0.00015122 0.000619487 0.000432865 0.00324539 0.00522104
internal_weight=6811 6360 4323 4207 313 251
internal_count=6811 6360 4323 4207 313 251
is_linear=0
shrinkage=0.01


Tree=651
num_leaves=7
num_cat=0
split_feature=2 20 8 19 0 8
split_gain=18.9785 25.1664 40.0247 30.1475 21.2681 36.801
threshold=0.28385749713381719 24.800000000000015 2403.5000000000005 296.93752413327417 1.1539983609574738 1519.0000000000002
decision_type=2 10 2 10 2 2
left_child=1 -1 3 -3 -2 -6
right_child=4 2 -4 -5 5 -7
leaf_value=-0.002290339089043799 -0.00030016072510191081 0.0052935708425484789 -0.0036405112530763558 -0.0023640724006467142 0.0067743598395106144 9.4794242642819886e-05
leaf_weight=114 5869 318 72 55 108 275
leaf_count=114 5869 318 72 55 108 275
internal_value=9.06736e-06 0.00175765 0.00282221 0.00413218 -0.000149833 0.00210278
internal_weight=6811 559 445 373 6252 383
internal_count=6811 559 445 373 6252 383
is_linear=0
shrinkage=0.01


Tree=652
num_leaves=7
num_cat=0
split_feature=11 2 20 8 11 4
split_gain=18.9609 20.2159 51.9088 46.5 31.9637 29.5864
threshold=0.047872774178131787 0.33400476270902918 38.000000000000036 2393.0000000000005 0.034200894312222958 0.079811780481893399
decision_type=2 2 8 2 2 2
left_child=1 2 3 4 5 -1
right_child=-2 -3 -4 -5 -6 -7
leaf_value=0.0063438476335879995 -0.0034600949018903366 -0.00012318472345817206 -0.0074200615993716195 -0.0020793634773639499 -0.00022857801402720174 0.00045580096826020131
leaf_weight=331 144 5811 51 190 168 116
leaf_count=331 144 5811 51 190 168 116
internal_value=9.02899e-06 8.90282e-05 0.00151443 0.00216457 0.00348799 0.00485926
internal_weight=6811 6667 856 805 615 447
internal_count=6811 6667 856 805 615 447
is_linear=0
shrinkage=0.01


Tree=653
num_leaves=7
num_cat=0
split_feature=19 16 14 0 22 0
split_gain=18.887 30.7123 27.0191 20.6171 23.2829 33.7306
threshold=282.82416389198437 309.85000000000008 0.11628642233052551 1.2673108119294263 -3.0999999999999654 1.4838035527690703
decision_type=10 10 2 2 10 2
left_child=1 2 -1 -2 -5 -6
right_child=3 -3 -4 4 5 -7
leaf_value=0.0043358876357193696 6.0632502596291359e-05 -0.0071293284850760122 -0.0017638520876644178 -0.002356695055340727 0.0083805200678218044 -0.0010319908471270042
leaf_weight=78 6041 79 410 50 97 56
leaf_count=78 6041 79 410 50 97 56
internal_value=8.84325e-06 -0.00172231 -0.000721405 0.000168547 0.0032263 0.00508346
internal_weight=6811 567 488 6244 203 153
internal_count=6811 567 488 6244 203 153
is_linear=0
shrinkage=0.01


Tree=654
num_leaves=7
num_cat=0
split_feature=11 6 20 4 0 20
split_gain=18.6062 18.0835 34.4109 44.201 26.4866 22.977
threshold=0.047872774178131787 1.0000000180025095e-35 35.300000000000018 0.25158832791683078 0.78900495589032138 38.300000000000018
decision_type=2 2 8 2 2 8
left_child=1 5 3 4 -3 -1
right_child=-2 2 -4 -5 -6 -7
leaf_value=0.0004620632558301667 -0.0034277560114981489 -0.00028075700734070565 0.0014481617965506203 0.0034988967708956737 -0.0051394838859566199 -0.0021512301131780716
leaf_weight=5379 144 162 319 94 364 349
leaf_count=5379 144 162 319 94 364 349
internal_value=8.76208e-06 8.80097e-05 -0.00119086 -0.00255011 -0.00367623 0.000299367
internal_weight=6811 6667 939 620 526 5728
internal_count=6811 6667 939 620 526 5728
is_linear=0
shrinkage=0.01


Tree=655
num_leaves=7
num_cat=0
split_feature=13 13 5 13 21 12
split_gain=18.8188 22.9725 71.1166 22.7082 19.9753 50.4121
threshold=55.969718817591925 37.446588971228628 1.3317014928892028 57.105286346109096 17.650833333333328 0.026915447250859852
decision_type=2 2 2 2 10 2
left_child=1 4 -3 -2 5 -1
right_child=3 2 -4 -5 -6 -7
leaf_value=0.0015186858014327046 -0.0067948392045218495 0.00037578049264334906 0.0092357451562677419 -0.00090000598533863572 -0.00068182048214482155 -0.0010796319617449107
leaf_weight=1888 70 498 101 381 2651 1222
leaf_count=1888 70 498 101 381 2651 1222
internal_value=8.59251e-06 0.00014978 0.00199682 -0.00194249 -4.53934e-05 0.000497551
internal_weight=6811 6360 599 451 5761 3110
internal_count=6811 6360 599 451 5761 3110
is_linear=0
shrinkage=0.01


Tree=656
num_leaves=7
num_cat=0
split_feature=15 7 10 1 7 16
split_gain=18.8165 20.2285 30.8311 48.3679 33.2185 42.5693
threshold=10.619077735791935 26.538750000000004 0.025593909851723873 1.3169833125892032 38.722500000000004 323.25000000000006
decision_type=2 2 2 2 2 10
left_child=1 -1 3 -3 -5 -6
right_child=-2 2 -4 4 5 -7
leaf_value=-0.00055479119426718492 -0.0027359713370480898 0.0070646610405038371 -1.0851902849125397e-05 0.0067098582294420339 0.0014205868598835181 -0.0044903001200873403
leaf_weight=2699 231 149 2727 86 785 134
leaf_count=2699 231 149 2727 86 785 134
internal_value=8.53112e-06 0.000108886 0.000570673 0.00193315 0.00111026 0.000519659
internal_weight=6811 6580 3881 1154 1005 919
internal_count=6811 6580 3881 1154 1005 919
is_linear=0
shrinkage=0.01


Tree=657
num_leaves=7
num_cat=0
split_feature=13 14 13 14 5 11
split_gain=18.44 36.15 25.4061 21.8294 46.9799 38.4177
threshold=56.144846009606745 0.39558454641884161 73.32112829862551 0.78060461047799456 1.6836912700184239 0.019029298680714544
decision_type=2 2 2 2 2 2
left_child=3 2 -2 4 5 -1
right_child=1 -3 -4 -5 -6 -7
leaf_value=0.0015809833201124732 -0.0062373266681292495 0.0014976016019391729 0.00032457618939472319 -0.00047820061082712409 0.007185273898972405 -0.00057205075217669436
leaf_weight=1609 181 178 84 2971 98 1690
leaf_count=1609 181 178 84 2971 98 1690
internal_value=8.55434e-06 -0.00194099 -0.00422116 0.000147008 0.000693612 0.000479639
internal_weight=6811 443 265 6368 3397 3299
internal_count=6811 443 265 6368 3397 3299
is_linear=0
shrinkage=0.01


Tree=658
num_leaves=7
num_cat=0
split_feature=11 9 3 6 20 3
split_gain=18.1606 20.9791 58.198 34.8517 39.8896 30.0282
threshold=0.047872774178131787 0.0093764659380542667 -0.034055633690714328 1.0000000180025095e-35 35.300000000000018 -0.026321841150423058
decision_type=2 2 2 2 10 2
left_child=1 3 -3 -1 5 -5
right_child=-2 2 -4 4 -6 -7
leaf_value=0.00029761658121639728 -0.0033866028136924492 -0.0017831739713979322 0.010964734446606599 0.0033097598266143063 0.0011288111062887577 -0.0040007655688272352
leaf_weight=5636 144 76 54 55 302 544
leaf_count=5636 144 76 54 55 302 544
internal_value=8.51719e-06 8.68103e-05 0.00391707 4.77204e-06 -0.00181021 -0.00328619
internal_weight=6811 6667 130 6537 901 599
internal_count=6811 6667 130 6537 901 599
is_linear=0
shrinkage=0.01


Tree=659
num_leaves=7
num_cat=0
split_feature=11 14 16 0 7 7
split_gain=17.8235 18.8832 17.5782 16.7809 15.0517 32.6753
threshold=0.047872774178131787 2.6816638682833962 344.00000000000006 0.89244645100123021 3.8781000000000003 3.5775000000000001
decision_type=2 2 8 2 2 2
left_child=1 2 4 -3 5 -1
right_child=-2 3 -4 -5 -6 -7
leaf_value=-0.0003410642751675498 -0.003354935865704115 -0.00045608277853193978 0.0038008844589607583 -0.0044561068557869687 0.00028354955204115857 -0.0076734020387132966
leaf_weight=326 144 305 125 152 5694 65
leaf_count=326 144 305 125 152 5694 65
internal_value=8.52775e-06 8.60907e-05 0.000231573 -0.00185344 0.000152135 -0.00172095
internal_weight=6811 6667 6210 457 6085 391
internal_count=6811 6667 6210 457 6085 391
is_linear=0
shrinkage=0.01


Tree=660
num_leaves=7
num_cat=0
split_feature=11 14 16 12 17 14
split_gain=17.4899 18.4627 17.1258 16.5988 20.0591 89.2647
threshold=0.048140424150012469 2.6816638682833962 344.00000000000006 2.9727379293480429 194.36166666666725 0.17021881020370608
decision_type=2 2 8 2 8 2
left_child=1 2 3 4 5 -1
right_child=-2 -3 -4 -5 -6 -7
leaf_value=0.0075275148588308336 -0.0034646160540525136 -0.0018359551417598467 0.0037354456687085881 -0.0010156894259802079 0.00017259417170117764 -0.0010841915050408784
leaf_weight=187 132 457 126 1013 4592 304
leaf_count=187 132 457 126 1013 4592 304
internal_value=8.26367e-06 8.19767e-05 0.000225567 0.000147021 0.000380279 0.00228041
internal_weight=6811 6679 6222 6096 5083 491
internal_count=6811 6679 6222 6096 5083 491
is_linear=0
shrinkage=0.01


Tree=661
num_leaves=7
num_cat=0
split_feature=15 1 6 20 5 20
split_gain=18.4466 18.7866 19.6077 38.8463 45.2073 29.4527
threshold=10.619077735791935 0.89035637348639429 1.0000000180025095e-35 35.300000000000018 1.6836912700184239 38.300000000000018
decision_type=2 2 2 8 2 8
left_child=1 -1 5 4 -4 -3
right_child=-2 2 3 -5 -6 -7
leaf_value=-0.0017150392505964141 -0.0027091547986685736 0.00067954874322608634 -0.0039272248486586572 0.0019205475946982131 0.0034100787993520498 -0.002443058741776423
leaf_weight=511 231 4932 463 268 94 312
leaf_count=511 231 4932 463 268 94 312
internal_value=8.24018e-06 0.000107604 0.000263637 -0.0011605 -0.00265067 0.000489468
internal_weight=6811 6580 6069 825 557 5244
internal_count=6811 6580 6069 825 557 5244
is_linear=0
shrinkage=0.01


Tree=662
num_leaves=7
num_cat=0
split_feature=15 11 14 0 16 0
split_gain=18.0937 20.7101 19.1692 16.0434 15.8543 14.8962
threshold=10.619077735791935 0.048140424150012469 2.6816638682833962 0.89244645100123021 344.00000000000006 0.79832772052381296
decision_type=2 2 2 2 8 2
left_child=1 2 4 -4 -1 -2
right_child=5 -3 3 -5 -6 -7
leaf_value=0.00025243826313894126 -0.00015282300799045453 -0.0037128760403888168 -0.00030142947114486263 -0.0043654073913066841 0.0037319296814063425 -0.0051388032212624415
leaf_weight=5927 119 129 249 151 124 112
leaf_count=5927 119 129 249 151 124 112
internal_value=8.08764e-06 0.000106497 0.000188501 -0.00190464 0.000329781 -0.00268319
internal_weight=6811 6580 6451 400 6051 231
internal_count=6811 6580 6451 400 6051 231
is_linear=0
shrinkage=0.01


Tree=663
num_leaves=7
num_cat=0
split_feature=2 8 0 14 22 4
split_gain=18.6925 22.3696 20.0035 45.7842 40.1011 32.417
threshold=0.28385749713381719 2393.0000000000005 1.1539983609574738 0.14493040109192143 2.4000000000000346 1.0000000180025095e-35
decision_type=2 2 2 2 10 2
left_child=1 -1 -2 -4 -5 -6
right_child=2 -3 3 4 5 -7
leaf_value=0.0028515437549815098 -0.00029561534410340673 -0.0017258944421903127 0.0095656144974836672 -0.0020861253086141905 0.01004671527279748 -0.00015555088552580753
leaf_weight=425 5869 134 57 212 53 61
leaf_count=425 5869 134 57 212 53 61
internal_value=7.86475e-06 0.00174322 -0.000149832 0.0020348 0.000472557 0.00501531
internal_weight=6811 559 6252 383 326 114
internal_count=6811 559 6252 383 326 114
is_linear=0
shrinkage=0.01


Tree=664
num_leaves=7
num_cat=0
split_feature=2 11 3 9 1 8
split_gain=18.328 29.1697 19.2531 42.6764 36.7546 25.8973
threshold=0.29809015747477707 0.019214730906488866 0.17705038676554372 0.0045037110188720494 1.1601536392964873 705.00000000000011
decision_type=2 2 2 2 2 2
left_child=1 -1 3 -2 -5 -6
right_child=2 -3 -4 4 5 -7
leaf_value=0.0081383965963557851 -0.0016630553032161795 0.00090116354879801687 0.00027729844431030734 -0.0032041730519628874 -0.0030439901971061468 0.003568244067354895
leaf_weight=52 1742 588 3826 127 61 415
leaf_count=52 1742 588 3826 127 61 415
internal_value=8.05293e-06 0.00160535 -0.000159933 -0.00087145 0.00140523 0.00267568
internal_weight=6811 640 6171 2345 603 476
internal_count=6811 640 6171 2345 603 476
is_linear=0
shrinkage=0.01


Tree=665
num_leaves=7
num_cat=0
split_feature=19 20 6 14 20 20
split_gain=18.6856 28.2863 20.1171 35.4934 33.2631 33.1604
threshold=282.82416389198437 16.900000000000038 1.0000000180025095e-35 0.74076415414800711 32.500000000000036 35.700000000000024
decision_type=10 10 2 2 8 8
left_child=1 -1 -2 5 -5 -4
right_child=2 -3 3 4 -6 -7
leaf_value=0.003752240409334022 0.00040028064198942601 -0.0025800093804580339 -0.0011109867744305791 -0.0072464159307088962 -0.0011337549777663484 0.0043232706195344755
leaf_weight=73 5344 494 379 138 235 148
leaf_count=73 5344 494 379 138 235 148
internal_value=8.04532e-06 -0.00171385 0.000166896 -0.00120806 -0.00352543 0.000467231
internal_weight=6811 567 6244 900 373 527
internal_count=6811 567 6244 900 373 527
is_linear=0
shrinkage=0.01


Tree=666
num_leaves=7
num_cat=0
split_feature=19 16 2 13 13 16
split_gain=18.3083 30.3698 23.9431 37.89 27.5209 22.8323
threshold=282.82416389198437 309.85000000000008 0.28385749713381719 18.64550968658374 0.2319236207670258 161.15000000000006
decision_type=10 10 2 2 2 10
left_child=1 5 3 4 -2 -1
right_child=2 -3 -4 -5 -6 -7
leaf_value=-0.0029661496553024459 -0.00087343542684995847 -0.0070730928091981109 -2.0166278283675776e-05 -0.0012864204212985556 0.0058908929085856182 0.0012890952681054307
leaf_weight=226 76 79 5739 188 241 262
leaf_count=226 76 79 5739 188 241 262
internal_value=7.91216e-06 -0.0016965 0.000165151 0.00223066 0.00429204 -0.000701561
internal_weight=6811 567 6244 505 317 488
internal_count=6811 567 6244 505 317 488
is_linear=0
shrinkage=0.01


Tree=667
num_leaves=7
num_cat=0
split_feature=13 14 2 11 17 14
split_gain=18.2296 34.7351 28.6618 48.0892 26.4762 89.8313
threshold=55.119286135364227 0.39558454641884161 0.68058377164761319 0.0088032195105652248 192.90000000000009 0.21358941671279211
decision_type=2 2 2 2 10 2
left_child=2 -2 3 -1 5 -5
right_child=1 -3 -4 4 -6 -7
leaf_value=0.0066964073550133474 -0.0041802152449180461 0.0013328400708678828 -0.00082811721295933188 0.010318322483646242 0.00019556047496191429 -0.00068727085677285982
leaf_weight=116 265 189 2037 104 3891 209
leaf_count=116 265 189 2037 104 3891 209
internal_value=7.75916e-06 -0.00190587 0.000147204 0.000607946 0.000424456 0.00317578
internal_weight=6811 454 6357 4320 4204 313
internal_count=6811 454 6357 4320 4204 313
is_linear=0
shrinkage=0.01


Tree=668
num_leaves=7
num_cat=0
split_feature=2 14 11 14 20 18
split_gain=17.9886 32.6337 69.8232 39.5146 37.6382 36.5141
threshold=0.51691794760825449 0.084800791438325959 0.021801059045829203 0.083224359763866371 27.600000000000026 0.01599244711026793
decision_type=2 2 2 2 8 2
left_child=1 2 3 -1 -3 -4
right_child=-2 4 5 -5 -6 -7
leaf_value=0.0028636493506298088 -0.00039817172066134311 -0.0019300369896388392 -0.0062846955955028544 0.011930395983009026 0.00097411532069272499 0.0022051495466156859
leaf_weight=110 4191 605 70 89 1617 129
leaf_count=110 4191 605 70 89 1617 129
internal_value=7.86992e-06 0.000656426 0.0032561 0.00729544 0.000178276 -0.000939042
internal_weight=6811 2620 398 199 2222 199
internal_count=6811 2620 398 199 2222 199
is_linear=0
shrinkage=0.01


Tree=669
num_leaves=7
num_cat=0
split_feature=14 6 17 21 14 14
split_gain=16.1125 16.0248 14.2905 16.0401 58.7395 57.9096
threshold=2.6816638682833962 1.0000000180025095e-35 325.3450000000002 17.498333333333356 0.33193211189511446 0.17021881020370608
decision_type=2 2 8 10 2 2
left_child=2 -2 3 5 -5 -1
right_child=1 -3 -4 4 -6 -7
leaf_value=0.0026821498687442679 -0.00094161941099331001 -0.0059949484403784342 0.0024981166329046314 -0.0029632643052049153 0.00039807425154159387 -0.00025456259884365989
leaf_weight=883 394 66 237 718 1812 2701
leaf_count=883 394 66 237 718 1812 2701
internal_value=7.92845e-06 -0.00177879 0.000139932 4.4591e-05 -0.000563766 0.000474413
internal_weight=6811 460 6351 6114 2530 3584
internal_count=6811 460 6351 6114 2530 3584
is_linear=0
shrinkage=0.01


Tree=670
num_leaves=7
num_cat=0
split_feature=19 20 17 0 15 4
split_gain=18.0437 27.6917 22.6819 21.6674 36.0386 19.7709
threshold=282.82416389198437 16.900000000000038 151.80999999999963 1.2673108119294263 2.0941320979079201 0.088976781497044355
decision_type=10 10 10 2 2 2
left_child=1 -1 -2 -4 -5 -3
right_child=2 5 3 4 -6 -7
leaf_value=0.0037234952153795096 0.0062320411588508082 -0.0017540647597690895 -7.2242813794675003e-06 0.0098118265920008226 0.00061356251737401809 -0.0078716060360743394
leaf_weight=73 51 442 5991 50 152 52
leaf_count=73 51 442 5991 50 152 52
internal_value=7.78208e-06 -0.00168428 0.00016388 0.000103942 0.00324579 -0.00254142
internal_weight=6811 567 6244 6193 202 494
internal_count=6811 567 6244 6193 202 494
is_linear=0
shrinkage=0.01


Tree=671
num_leaves=7
num_cat=0
split_feature=13 14 2 11 13 5
split_gain=17.927 34.185 27.9575 47.1333 24.67 20.1525
threshold=55.119286135364227 0.39558454641884161 0.68058377164761319 0.0088032195105652248 73.32112829862551 1.8143995640943189
decision_type=2 2 2 2 2 2
left_child=2 4 3 -1 -2 -5
right_child=1 -3 -4 5 -6 -7
leaf_value=0.0066288286852946004 -0.0061328696385416059 0.0013231079041227773 -0.00081712091742705887 0.00031093549195403901 0.00033195597867659749 0.0048561743229627611
leaf_weight=116 181 189 2037 4114 84 90
leaf_count=116 181 189 2037 4114 84 90
internal_value=7.86183e-06 -0.00188982 0.000146144 0.000601189 -0.00414609 0.000419534
internal_weight=6811 454 6357 4320 265 4204
internal_count=6811 454 6357 4320 265 4204
is_linear=0
shrinkage=0.01


Tree=672
num_leaves=7
num_cat=0
split_feature=19 16 14 2 15 1
split_gain=17.7166 29.7598 24.544 23.2764 36.4156 34.3312
threshold=282.82416389198437 309.85000000000008 0.11628642233052551 0.28385749713381719 1.6392701621403785 1.0400363698057971
decision_type=10 10 2 2 2 2
left_child=1 2 -1 4 5 -2
right_child=3 -3 -4 -5 -6 -7
leaf_value=0.0041358621035363866 -0.00077491080063874982 -0.0069909569579752143 -0.0016777190909765306 -2.016273743102761e-05 -0.0027125901550364988 0.0055135523102019159
leaf_weight=78 122 79 410 5739 110 273
leaf_count=78 122 79 410 5739 110 273
internal_value=7.87852e-06 -0.00166877 -0.000684109 0.000162555 0.0021991 0.00360012
internal_weight=6811 567 488 6244 505 395
internal_count=6811 567 488 6244 505 395
is_linear=0
shrinkage=0.01


Tree=673
num_leaves=7
num_cat=0
split_feature=13 14 13 13 8 8
split_gain=17.6614 33.5664 24.1268 22.2628 93.8044 85.7683
threshold=55.119286135364227 0.39558454641884161 73.32112829862551 37.446588971228628 1618.5000000000002 916.50000000000011
decision_type=2 2 2 2 2 2
left_child=3 2 -2 -1 5 -5
right_child=1 -3 -4 4 -6 -7
leaf_value=-4.6685604489721263e-05 -0.0060762969495579888 0.0013080401432199692 0.00031807399008106042 0.001650950023283561 -0.00073491578495729008 0.015154608644241856
leaf_weight=5761 181 189 84 110 410 76
leaf_count=5761 181 189 84 110 410 76
internal_value=7.76269e-06 -0.00187581 -0.00411154 0.000145017 0.00196823 0.00766026
internal_weight=6811 454 265 6357 596 186
internal_count=6811 454 265 6357 596 186
is_linear=0
shrinkage=0.01


Tree=674
num_leaves=7
num_cat=0
split_feature=19 17 7 10 1 7
split_gain=17.473 69.3049 58.3027 179.853 34.6349 32.686
threshold=286.4215225630237 246.29999999999984 464.52510000000007 0.032605189010684155 1.6154083604804546 38.272050000000007
decision_type=10 10 2 2 2 2
left_child=1 2 -1 4 -4 -3
right_child=-2 5 3 -5 -6 -7
leaf_value=-0.0010534162334469627 0.0002474316690863898 -0.00057845773418614666 0.017904014297596672 -0.0046351343622888655 0.0059018687126891961 -0.0069790571153912151
leaf_weight=672 5569 124 58 104 60 224
leaf_count=672 5569 124 58 104 60 224
internal_value=7.85474e-06 -0.00105978 0.000424523 0.00475086 0.0127391 -0.00477825
internal_weight=6811 1242 894 222 118 348
internal_count=6811 1242 894 222 118 348
is_linear=0
shrinkage=0.01


Tree=675
num_leaves=7
num_cat=0
split_feature=15 19 7 10 1 15
split_gain=17.5917 18.9586 44.1457 119.163 60.6012 48.4385
threshold=10.619077735791935 286.4215225630237 464.52510000000007 0.032605189010684155 1.7729989964175219 2.9954271467386042
decision_type=2 10 2 2 2 2
left_child=1 2 -1 4 5 -4
right_child=-2 -3 3 -5 -6 -7
leaf_value=-0.0020772354804236997 -0.0026457415737406861 0.00036183506193242286 0.016932346297670965 -0.0051068239700264089 -0.001455415649219386 0.0039524827999611427
leaf_weight=930 231 5356 59 120 52 63
leaf_count=930 231 5356 59 120 52 63
internal_value=7.93463e-06 0.000104969 -0.00101285 0.00231165 0.00742732 0.0110368
internal_weight=6811 6580 1224 294 174 122
internal_count=6811 6580 1224 294 174 122
is_linear=0
shrinkage=0.01


Tree=676
num_leaves=7
num_cat=0
split_feature=2 6 1 14 0 8
split_gain=17.405 36.5466 50.3863 25.879 24.4169 31.5382
threshold=0.41917404857942125 1.0000000180025095e-35 1.4176819274761803 1.2763381930657378 1.1811784885855248 1519.0000000000002
decision_type=2 2 2 2 2 2
left_child=1 2 -1 -3 -2 -6
right_child=4 3 -4 -5 5 -7
leaf_value=0.00082524399409707866 -0.00044133347555391956 -0.00054609961545667356 0.006436999568646338 -0.0074780877406657158 0.0070655510831624272 0.00028359145087339144
leaf_weight=1104 4935 221 178 62 90 221
leaf_count=1104 4935 221 178 62 90 221
internal_value=8.00133e-06 0.000930099 0.0016482 -0.00226816 -0.000268327 0.00240519
internal_weight=6811 1565 1282 283 5246 311
internal_count=6811 1565 1282 283 5246 311
is_linear=0
shrinkage=0.01


Tree=677
num_leaves=7
num_cat=0
split_feature=13 13 4 13 18 11
split_gain=17.3872 21.8507 68.6301 20.0418 18.3558 63.492
threshold=55.119286135364227 37.446588971228628 0.10138302541176226 57.105286346109096 0.0069743967105340169 0.019029298680714544
decision_type=2 2 2 2 2 2
left_child=1 4 -3 -2 -1 -6
right_child=3 2 -4 -5 5 -7
leaf_value=-0.0007875169919006721 -0.0063222164174833572 1.1530270485798278e-05 0.0077921416144201292 -0.00086624964235631553 0.0026914103579312744 -0.0003665325787125451
leaf_weight=2105 73 455 141 381 889 2767
leaf_count=2105 73 455 141 381 889 2767
internal_value=8.01142e-06 0.000144196 0.00195045 -0.00186088 -4.57254e-05 0.000382356
internal_weight=6811 6357 596 454 5761 3656
internal_count=6811 6357 596 454 5761 3656
is_linear=0
shrinkage=0.01


Tree=678
num_leaves=7
num_cat=0
split_feature=19 21 3 7 6 16
split_gain=16.9769 23.9455 18.9393 18.1202 28.9761 34.6937
threshold=280.71217252866825 5.2666666666667092 0.29038267802642476 26.538750000000004 1.0000000180025095e-35 197.80000000000004
decision_type=8 10 2 2 2 8
left_child=1 2 -1 4 5 -2
right_child=3 -3 -4 -5 -6 -7
leaf_value=0.0033999482986594859 -0.0035732824818965037 -0.00518883670497736 -0.002968835202506283 0.00056384128333667187 -0.0030664031301183919 0.00033163760945702355
leaf_weight=86 245 138 81 3789 370 2102
leaf_count=86 245 138 81 3789 370 2102
internal_value=7.96286e-06 -0.00225942 0.000317689 0.000117562 -0.000504584 -8.94223e-05
internal_weight=6811 305 167 6506 2717 2347
internal_count=6811 305 167 6506 2717 2347
is_linear=0
shrinkage=0.01


Tree=679
num_leaves=7
num_cat=0
split_feature=15 19 8 8 21 19
split_gain=17.2483 18.5133 31.2542 56.149 30.2565 52.2748
threshold=10.696579570763875 286.4215225630237 1152.0000000000002 1123.0000000000002 17.650833333333328 290.18842251883024
decision_type=2 10 2 2 10 10
left_child=1 2 3 -1 -3 -6
right_child=-2 4 -4 -5 5 -7
leaf_value=-0.0014718349406234266 -0.0029874774362433723 0.0010948554007925832 -0.0018138839934289342 0.0080266727756231442 -0.0053206428878707817 -9.6683409301555664e-06
leaf_weight=161 177 2687 980 89 190 2527
leaf_count=161 177 2687 980 89 190 2527
internal_value=7.72926e-06 9.20198e-05 -0.00101031 0.0020883 0.000344324 -0.000399214
internal_weight=6811 6634 1230 250 5404 2717
internal_count=6811 6634 1230 250 5404 2717
is_linear=0
shrinkage=0.01


Tree=680
num_leaves=7
num_cat=0
split_feature=2 11 8 11 16 16
split_gain=17.1073 27.9298 17.6993 13.5529 14.6937 13.1162
threshold=0.29809015747477707 0.019214730906488866 2205.5000000000005 0.048140424150012469 344.00000000000006 321.25000000000006
decision_type=2 2 2 2 8 10
left_child=1 -1 -3 4 5 -2
right_child=3 2 -4 -5 -6 -7
leaf_value=0.0079430971854749406 6.1325036654213396e-05 0.0021307682429121898 -0.0014306885109508418 -0.0033748500423280347 0.0033068648383114485 -0.0011642873817301327
leaf_weight=52 4885 379 209 118 115 1053
leaf_count=52 4885 379 209 118 115 1053
internal_value=7.61559e-06 0.0015508 0.000862121 -0.00015468 -8.64413e-05 -0.000157608
internal_weight=6811 640 588 6171 6053 5938
internal_count=6811 640 588 6171 6053 5938
is_linear=0
shrinkage=0.01


Tree=681
num_leaves=7
num_cat=0
split_feature=13 14 2 11 20 14
split_gain=17.0663 32.8649 26.5325 46.0955 24.3616 38.3312
threshold=55.119286135364227 0.39558454641884161 0.68058377164761319 0.0088032195105652248 38.200000000000024 0.084800791438325959
decision_type=2 2 2 2 10 2
left_child=2 -2 3 -1 5 -5
right_child=1 -3 -4 4 -6 -7
leaf_value=0.0065467321263193825 -0.004056273522041738 0.0013060214286482888 -0.00079582480594508854 0.0035046241321605538 -0.0025369926528638286 0.00026720807593870986
leaf_weight=116 265 189 2037 398 254 3552
leaf_count=116 265 189 2037 398 254 3552
internal_value=7.64898e-06 -0.00184392 0.000142571 0.000585867 0.000406245 0.000601435
internal_weight=6811 454 6357 4320 4204 3950
internal_count=6811 454 6357 4320 4204 3950
is_linear=0
shrinkage=0.01


Tree=682
num_leaves=7
num_cat=0
split_feature=19 17 22 4 6 16
split_gain=16.5055 29.2072 25.4549 17.9965 17.8919 33.4118
threshold=280.71217252866825 151.80999999999963 -7.4999999999999707 -0.14957092204106512 1.0000000180025095e-35 253.85000000000005
decision_type=8 8 10 2 2 10
left_child=2 -2 3 -1 5 -3
right_child=1 4 -4 -5 -6 -7
leaf_value=-0.0029431620846388112 0.0057102380346749793 -0.00080155948532933616 -0.0061362043138456727 0.0027011785952241289 -0.0012403733264635039 0.00082743447083852891
leaf_weight=104 82 1936 99 102 929 3559
leaf_count=104 82 1936 99 102 929 3559
internal_value=7.63458e-06 0.000115701 -0.00222805 -0.000152724 3.55251e-05 0.000253093
internal_weight=6811 6506 305 206 6424 5495
internal_count=6811 6506 305 206 6424 5495
is_linear=0
shrinkage=0.01


Tree=683
num_leaves=7
num_cat=0
split_feature=13 10 10 19 13 6
split_gain=16.759 23.7369 23.0185 22.5243 22.3546 22.1288
threshold=55.119286135364227 0.012912422760932447 0.019127469374742578 280.89500000000004 57.988932715106976 1.0000000180025095e-35
decision_type=2 2 2 8 2 2
left_child=1 -1 -2 -3 -4 -5
right_child=2 3 4 5 -6 -7
leaf_value=0.0058505129079437926 -0.0065706771785127259 -0.0024800175621775221 -0.0038450827286103553 0.00046829622270370833 0.0010644341669166866 -0.0012413587738760864
leaf_weight=62 74 317 137 5099 243 879
leaf_count=62 74 317 137 5099 243 879
internal_value=7.53063e-06 0.000141233 -0.00182729 7.58115e-05 -0.000758783 0.000215257
internal_weight=6811 6357 454 6295 380 5978
internal_count=6811 6357 454 6295 380 5978
is_linear=0
shrinkage=0.01


Tree=684
num_leaves=7
num_cat=0
split_feature=2 13 18 17 13 17
split_gain=16.8895 27.6592 32.2533 18.6323 16.827 15.0144
threshold=0.28385749713381719 18.64550968658374 0.031860725130852537 325.3450000000002 0.2319236207670258 151.80999999999963
decision_type=2 2 2 8 2 10
left_child=1 2 4 5 -1 -2
right_child=3 -3 -4 -5 -6 -7
leaf_value=0.00030501058937883695 0.00234304050233698 -0.0012294369314385708 -0.0024496152616439409 0.0026965384604618154 0.0060896203217059696 -0.00034229405791456961
leaf_weight=66 206 205 71 213 217 5833
leaf_count=66 206 205 71 213 217 5833
internal_value=7.35632e-06 0.0016569 0.00331622 -0.000142542 0.00479701 -0.000246971
internal_weight=6811 559 354 6252 283 6039
internal_count=6811 559 354 6252 283 6039
is_linear=0
shrinkage=0.01


Tree=685
num_leaves=7
num_cat=0
split_feature=19 7 10 1 7 4
split_gain=16.1817 42.83 115.646 58.7819 29.4743 22.9306
threshold=286.4215225630237 464.52510000000007 0.032605189010684155 1.7729989964175219 666.19845000000009 0.10138302541176226
decision_type=10 2 2 2 2 2
left_child=1 5 3 4 -3 -1
right_child=-2 2 -4 -5 -6 -7
leaf_value=-0.0015026484678251548 0.0002379460170600446 0.0050492674889663861 -0.0050451956115877975 -0.0014443163913224013 0.015738346034021519 -0.0066052623420953752
leaf_weight=858 5569 65 120 52 57 90
leaf_count=858 5569 65 120 52 57 90
internal_value=7.39143e-06 -0.00102004 0.00226231 0.00730226 0.0108573 -0.00205097
internal_weight=6811 1242 294 174 122 948
internal_count=6811 1242 294 174 122 948
is_linear=0
shrinkage=0.01


Tree=686
num_leaves=7
num_cat=0
split_feature=0 19 20 18 11 21
split_gain=16.4457 20.1822 44.8568 15.7586 47.7086 36.9961
threshold=1.2673108119294263 287.12422302897789 30.700000000000021 0.0092476956614456745 0.020056327164541598 28.365833333333345
decision_type=2 10 10 2 2 10
left_child=3 -2 -3 5 -5 -1
right_child=1 2 -4 4 -6 -7
leaf_value=-0.00038436571995535478 -0.0016179469972848893 0.01143389071027438 0.00057390519903383703 0.0027594262200476821 -0.00022987057437115558 -0.0072241578539718448
leaf_weight=3443 73 50 107 677 2390 71
leaf_count=3443 73 50 107 677 2390 71
internal_value=7.41175e-06 0.00257871 0.00451006 -8.6229e-05 0.000436801 -0.000542671
internal_weight=6811 230 157 6581 3067 3514
internal_count=6811 230 157 6581 3067 3514
is_linear=0
shrinkage=0.01


Tree=687
num_leaves=7
num_cat=0
split_feature=2 20 8 19 3 20
split_gain=16.5041 23.9169 40.6263 29.3904 19.3468 28.5241
threshold=0.28385749713381719 24.200000000000021 2403.5000000000005 296.93752413327417 0.17705038676554372 38.300000000000018
decision_type=2 10 2 10 2 10
left_child=1 -1 3 -3 5 -2
right_child=4 2 -4 -5 -6 -7
leaf_value=-0.0025632160143244883 -0.00059228522569762282 0.0051096269895367511 -0.0035454032498722279 -0.0024336933999752198 0.00030147931462302799 -0.0056587691804887656
leaf_weight=102 2315 322 80 55 3830 107
leaf_count=102 2315 322 80 55 3830 107
internal_value=7.41549e-06 0.00163803 0.00261053 0.00397469 -0.000140763 -0.000838462
internal_weight=6811 559 457 377 6252 2422
internal_count=6811 559 457 377 6252 2422
is_linear=0
shrinkage=0.01


Tree=688
num_leaves=7
num_cat=0
split_feature=2 7 11 7 9 22
split_gain=16.4067 75.2826 59.9414 30.2258 47.3964 29.2206
threshold=0.51691794760825449 565.2225000000002 0.022393982368161893 599.97555000000011 -0.0032154820170045557 1.100000000000023
decision_type=2 2 2 2 2 10
left_child=1 -1 -3 -2 -5 -4
right_child=3 2 5 4 -6 -7
leaf_value=1.1483145818039233e-05 -4.6759507207126631e-05 0.009118306259598051 -0.0049054827873523422 -0.00020693094813906016 -0.0061598352068738841 0.0039573421350468868
leaf_weight=2323 3638 165 55 343 210 77
leaf_count=2323 3638 165 55 343 210 77
internal_value=7.2038e-06 0.000626588 0.00528057 -0.000380573 -0.00253679 0.000179101
internal_weight=6811 2620 297 4191 553 132
internal_count=6811 2620 297 4191 553 132
is_linear=0
shrinkage=0.01


Tree=689
num_leaves=7
num_cat=0
split_feature=15 14 10 20 20 20
split_gain=16.8745 17.3434 20.6112 22.6611 23.9862 19.8316
threshold=10.696579570763875 2.6816638682833962 0.068025517173600877 16.900000000000038 19.400000000000038 38.500000000000036
decision_type=2 2 2 10 10 10
left_child=1 2 3 -1 -5 -6
right_child=-2 -3 -4 4 5 -7
leaf_value=0.0059373588840898172 -0.0029554166506358327 -0.0017679129487380427 -0.0017273271412146514 -0.0046036901926026523 0.00056794304893529419 -0.0018855817329643866
leaf_weight=63 177 457 485 87 5200 342
leaf_count=63 177 457 485 87 5200 342
internal_value=7.15768e-06 9.05306e-05 0.000230661 0.000400233 0.000327842 0.000413411
internal_weight=6811 6634 6177 5692 5629 5542
internal_count=6811 6634 6177 5692 5629 5542
is_linear=0
shrinkage=0.01


Tree=690
num_leaves=7
num_cat=0
split_feature=15 11 19 7 3 22
split_gain=16.5555 19.5375 19.524 41.3769 73.0792 29.6818
threshold=10.696579570763875 0.048140424150012469 287.67617530298065 464.52510000000007 0.36845372503541823 0.80000000000001148
decision_type=2 2 10 2 2 10
left_child=1 2 3 -1 -5 -4
right_child=-2 -3 5 4 -6 -7
leaf_value=-0.0016596388331443668 -0.0029274429252899108 -0.0036203701584432407 0.0016562347958678143 0.0061795440588027165 -0.0027798762358167395 -3.1841254890715721e-05
leaf_weight=1228 177 129 1483 193 157 3444
leaf_count=1228 177 129 1483 193 157 3444
internal_value=6.99176e-06 8.95729e-05 0.000168589 -0.000796237 0.00219502 0.000478586
internal_weight=6811 6634 6505 1578 350 4927
internal_count=6811 6634 6505 1578 350 4927
is_linear=0
shrinkage=0.01


Tree=691
num_leaves=7
num_cat=0
split_feature=2 21 3 8 21 10
split_gain=16.0171 21.563 23.1852 23.5271 27.3561 20.1091
threshold=0.29809015747477707 7.7808333333333559 0.079359495695651872 2344.0000000000005 19.168333333333365 0.032605189010684155
decision_type=2 10 2 2 10 2
left_child=1 -1 3 4 -3 -4
right_child=-2 2 5 -5 -6 -7
leaf_value=-0.0035588473167368455 -0.00015016285156756333 0.0038444203644090137 0.0080959538848595792 -0.0031458239817792285 -0.002769984963328339 0.00099192234043629819
leaf_weight=66 6171 234 91 102 76 71
leaf_count=66 6171 234 91 102 76 71
internal_value=6.87519e-06 0.00150008 0.00213275 0.00082343 0.00218694 0.00522115
internal_weight=6811 640 574 412 310 162
internal_count=6811 640 574 412 310 162
is_linear=0
shrinkage=0.01


Tree=692
num_leaves=7
num_cat=0
split_feature=13 14 13 13 8 8
split_gain=16.3936 32.1956 23.466 21.3167 91.2072 83.5882
threshold=55.119286135364227 0.39558454641884161 73.32112829862551 37.446588971228628 1618.5000000000002 916.50000000000011
decision_type=2 2 2 2 2 2
left_child=3 2 -2 -1 5 -5
right_child=1 -3 -4 4 -6 -7
leaf_value=-4.8488452244364245e-05 -0.0059355409488237969 0.0013091948392084946 0.00036506472908435985 0.0016059287561414144 -0.00074193026099930563 0.014934021867811681
leaf_weight=5761 181 189 84 110 410 76
leaf_count=5761 181 189 84 110 410 76
internal_value=6.8549e-06 -0.00180785 -0.00399772 0.000139092 0.00192315 0.0075359
internal_weight=6811 454 265 6357 596 186
internal_count=6811 454 265 6357 596 186
is_linear=0
shrinkage=0.01


Tree=693
num_leaves=7
num_cat=0
split_feature=0 10 17 11 9 18
split_gain=16.067 22.6139 16.8918 20.5326 50.4265 22.2106
threshold=1.2673108119294263 0.017332036676623436 301.62666666666661 0.037261299201895401 0.0093764659380542667 0.0092476956614456745
decision_type=2 2 8 2 2 2
left_child=2 -2 3 4 5 -1
right_child=1 -3 -4 -5 -6 -7
leaf_value=-0.00093039373304842161 0.007335433256812394 0.0005452975857382019 0.00071916340000882 -0.0030506438864529996 0.0087919889451538932 0.00052203250905152984
leaf_weight=2684 60 170 1860 266 51 1720
leaf_count=2684 60 170 1860 266 51 1720
internal_value=6.95478e-06 0.00254847 -8.56009e-05 -0.000403515 -0.000238982 -0.000363245
internal_weight=6811 230 6581 4721 4455 4404
internal_count=6811 230 6581 4721 4455 4404
is_linear=0
shrinkage=0.01


Tree=694
num_leaves=7
num_cat=0
split_feature=13 22 10 13 8 8
split_gain=16.1321 26.0301 23.0355 19.3607 84.8952 72.4216
threshold=55.119286135364227 -1.5999999999999657 0.012912422760932447 37.446588971228628 1618.5000000000002 916.50000000000011
decision_type=2 8 2 2 2 2
left_child=2 -2 -1 -4 5 -5
right_child=1 -3 3 4 -6 -7
leaf_value=0.0057625578273372315 -0.0053600735095998562 -0.00021343764360904336 -0.00010504391017720974 0.0016266242221969626 -0.00076508648874465944 0.014263934248260089
leaf_weight=62 132 322 5709 105 407 74
leaf_count=62 132 322 5709 105 407 74
internal_value=7.0895e-06 -0.00179309 0.000138268 7.38216e-05 0.00178891 0.00732927
internal_weight=6811 454 6357 6295 586 179
internal_count=6811 454 6357 6295 586 179
is_linear=0
shrinkage=0.01


Tree=695
num_leaves=7
num_cat=0
split_feature=0 19 20 4 19 21
split_gain=15.6624 19.6164 43.9128 23.801 14.1351 19.1849
threshold=1.2673108119294263 287.12422302897789 30.700000000000021 0.0041888280748728123 280.33494572565115 5.2666666666667092
decision_type=2 10 10 2 8 10
left_child=4 -2 -3 -4 5 -1
right_child=1 2 3 -5 -6 -7
leaf_value=0.00017518587118270352 -0.0016185752975653453 0.011271291986107825 0.0046526285447533048 -0.0040169683758352623 1.155117579943859e-05 -0.0051536473655325226
leaf_weight=143 73 50 56 51 6321 117
leaf_count=143 73 50 56 51 6321 117
internal_value=7.24159e-06 0.00251656 0.00442105 0.000530243 -8.41419e-05 -0.00232485
internal_weight=6811 230 157 107 6581 260
internal_count=6811 230 157 107 6581 260
is_linear=0
shrinkage=0.01


Tree=696
num_leaves=7
num_cat=0
split_feature=13 2 21 19 13 12
split_gain=15.8332 24.8858 34.4539 97.1251 50.3268 55.7227
threshold=55.119286135364227 0.68058377164761319 17.650833333333328 290.74192586483599 4.6467518420687952 1.7970476720112285
decision_type=2 2 10 10 2 2
left_child=1 2 4 -4 5 -1
right_child=-2 -3 3 -5 -6 -7
leaf_value=0.0055379265629124479 -0.0017761723635390057 -0.00077160360955450501 -0.0075690924651412809 0.00026623752121881855 0.00044353027230967327 -0.00043417733214811045
leaf_weight=464 454 2037 166 1559 1900 231
leaf_count=464 454 2037 166 1559 1900 231
internal_value=7.24719e-06 0.000137204 0.000566524 -0.000527051 0.0012927 0.00357495
internal_weight=6811 6357 4320 1725 2595 695
internal_count=6811 6357 4320 1725 2595 695
is_linear=0
shrinkage=0.01


Tree=697
num_leaves=7
num_cat=0
split_feature=6 14 20 20 5 3
split_gain=15.6114 37.2219 31.9654 31.2889 39.7569 29.1887
threshold=1.0000000180025095e-35 0.74076415414800711 32.500000000000036 35.700000000000024 1.6836912700184239 -0.034055633690714328
decision_type=2 2 8 8 2 2
left_child=5 3 -3 4 -2 -1
right_child=1 2 -4 -5 -6 -7
leaf_value=-0.003164953388997659 -0.002435346132943762 -0.0068857094967229807 -0.0010860487762030823 0.0042702676632877766 0.0052061526486102275 0.0003474499499274221
leaf_weight=237 336 155 235 148 75 5625
leaf_count=237 336 155 235 148 75 5625
internal_value=7.11164e-06 -0.00117584 -0.00350556 0.000482593 -0.000950372 0.000200296
internal_weight=6811 949 390 559 411 5862
internal_count=6811 949 390 559 411 5862
is_linear=0
shrinkage=0.01


Tree=698
num_leaves=7
num_cat=0
split_feature=15 19 21 19 19 0
split_gain=16.2496 17.3363 33.594 51.8911 52.2052 27.7734
threshold=10.696579570763875 287.67617530298065 17.650833333333328 290.18842251883024 289.4540326951323 0.95632576600707908
decision_type=2 10 10 10 10 2
left_child=1 5 -3 4 -4 -1
right_child=-2 2 3 -5 -6 -7
leaf_value=-0.0019383171876198963 -0.002900209822467862 0.001252171535220313 -3.4471588338365652e-05 -5.9445156161908318e-06 -0.010609402300906368 0.00071943542922776177
leaf_weight=920 177 2336 91 2527 86 674
leaf_count=920 177 2336 91 2527 86 674
internal_value=6.98557e-06 8.88001e-05 0.000376342 -0.000382117 -0.00546516 -0.000817046
internal_weight=6811 6634 5040 2704 177 1594
internal_count=6811 6634 5040 2704 177 1594
is_linear=0
shrinkage=0.01


Tree=699
num_leaves=7
num_cat=0
split_feature=11 13 14 13 10 10
split_gain=15.624 17.4039 30.9576 23.1737 22.6651 21.7986
threshold=0.047872774178131787 55.119286135364227 0.39558454641884161 73.32112829862551 0.025207744200995402 0.012912422760932447
decision_type=2 2 2 2 2 2
left_child=1 5 3 4 -3 -1
right_child=-2 2 -4 -5 -6 -7
leaf_value=0.0056887827942328937 -0.0031423786049255159 -0.010087540832778009 0.0012813889374720111 0.00038689804357535984 -0.0027029972808954657 0.00015378749663538718
leaf_weight=62 144 68 187 84 112 6154
leaf_count=62 144 68 187 84 112 6154
internal_value=6.71754e-06 7.9339e-05 -0.00179564 -0.00394243 -0.00587681 0.000218043
internal_weight=6811 6667 451 264 180 6216
internal_count=6811 6667 451 264 180 6216
is_linear=0
shrinkage=0.01


Tree=700
num_leaves=7
num_cat=0
split_feature=15 7 12 8 8 7
split_gain=15.946 17.3837 28.1805 25.5037 29.4766 33.7862
threshold=10.619077735791935 26.538750000000004 2.9727379293480429 916.50000000000011 1470.5000000000002 17.654400000000006
decision_type=2 2 2 2 2 2
left_child=1 3 -3 -1 5 -5
right_child=-2 2 -4 4 -6 -7
leaf_value=-0.0057516055808713041 -0.0025199713707801065 0.00097853540789390983 -0.0010710071185742842 0.0025912086863736721 -0.00091717224431859938 -0.0036975349022925481
leaf_weight=80 231 3029 852 513 2013 93
leaf_count=80 231 3029 852 513 2013 93
internal_value=6.5269e-06 9.89125e-05 0.000527001 -0.000516326 -0.00033514 0.00158175
internal_weight=6811 6580 3881 2699 2619 606
internal_count=6811 6580 3881 2699 2619 606
is_linear=0
shrinkage=0.01


Tree=701
num_leaves=7
num_cat=0
split_feature=11 9 1 17 20 0
split_gain=15.2641 20.2131 38.753 19.745 17.1309 47.6004
threshold=0.047872774178131787 0.0093764659380542667 1.4176819274761803 323.28999999999974 38.500000000000036 0.99209874336538217
decision_type=2 2 2 10 8 2
left_child=1 3 -3 4 -1 -6
right_child=-2 2 -4 -5 5 -7
leaf_value=6.1256124235436072e-06 -0.0031063072674366488 -0.0014541604403745046 0.0088939450613034852 0.0024949650595636132 0.00035412421855351582 -0.0073197240061813693
leaf_weight=5896 144 67 63 292 237 112
leaf_count=5896 144 67 63 292 237 112
internal_value=6.30934e-06 7.80901e-05 0.00383777 -2.42559e-06 -0.000122999 -0.00224384
internal_weight=6811 6667 130 6537 6245 349
internal_count=6811 6667 130 6537 6245 349
is_linear=0
shrinkage=0.01


Tree=702
num_leaves=7
num_cat=0
split_feature=2 13 11 17 21 11
split_gain=15.878 26.2063 27.707 20.6182 18.5478 26.3971
threshold=0.28385749713381719 18.64550968658374 0.023918504225043997 300.09333333333336 14.898333333333371 0.029864533198835991
decision_type=2 2 2 10 10 2
left_child=1 2 -1 -4 5 -3
right_child=-2 4 3 -5 -6 -7
leaf_value=0.007141529193286561 -0.00013909489787764477 -0.0066939141775813251 -0.0010108490648293277 0.0047882820595516783 0.0035751319481212586 0.0012127189130533016
leaf_weight=111 6252 77 154 89 51 77
leaf_count=111 6252 77 154 89 51 77
internal_value=6.24432e-06 0.00160563 0.00322084 0.00121842 -0.00120363 -0.00290771
internal_weight=6811 559 354 243 205 154
internal_count=6811 559 354 243 205 154
is_linear=0
shrinkage=0.01


Tree=703
num_leaves=7
num_cat=0
split_feature=2 20 7 19 0 0
split_gain=15.673 51.5487 114.367 23.2271 29.7002 36.5935
threshold=0.41917404857942125 38.200000000000024 666.19845000000009 287.89105921502636 1.1424885948420769 1.0736245078108024
decision_type=2 8 2 10 2 2
left_child=1 2 -1 -2 5 -5
right_child=3 -3 -4 4 -6 -7
leaf_value=0.00049305371112495777 -0.0014257535456032987 -0.0062716719535620595 0.010527903405243471 0.00014549047276518468 0.0034872681662587953 -0.0040759450894750551
leaf_weight=1366 1273 85 114 3529 236 208
leaf_count=1366 1273 85 114 3529 236 208
internal_value=6.31198e-06 0.000881329 0.00133148 -0.000255905 0.000121567 -9.97238e-05
internal_weight=6811 1565 1480 5246 3973 3737
internal_count=6811 1565 1480 5246 3973 3737
is_linear=0
shrinkage=0.01


Tree=704
num_leaves=7
num_cat=0
split_feature=6 9 0 19 1 0
split_gain=15.4795 67.2189 41.4032 25.5298 40.1308 32.682
threshold=1.0000000180025095e-35 0.008567912871042218 0.93609175630598929 287.89105921502636 1.8762320912710326 0.95632576600707908
decision_type=2 2 2 10 2 2
left_child=3 2 -2 5 -5 -1
right_child=1 -3 -4 4 -6 -7
leaf_value=-0.0021426249974173129 -0.00034836724444152559 0.0089243768696342738 -0.0049036383940314803 0.00026471993936884683 0.0034323767815077587 0.0008018716861876113
leaf_weight=887 609 52 288 3896 436 643
leaf_count=887 609 52 288 3896 436 643
internal_value=6.29109e-06 -0.00117165 -0.00184887 0.000198659 0.000590704 -0.000907995
internal_weight=6811 949 897 5862 4332 1530
internal_count=6811 949 897 5862 4332 1530
is_linear=0
shrinkage=0.01


Tree=705
num_leaves=7
num_cat=0
split_feature=2 11 21 3 21 1
split_gain=15.5216 26.0976 20.7993 18.7442 40.6258 27.9412
threshold=0.29809015747477707 0.019214730906488866 7.7808333333333559 0.17705038676554372 6.6425000000000098 2.1687151289713564
decision_type=2 2 10 2 10 2
left_child=1 -1 -3 4 -2 -6
right_child=3 2 -4 -5 5 -7
leaf_value=0.0076548712154955517 0.005637105734798537 -0.0041786194122018843 0.0014872206170578428 0.00028312256239297238 -0.0012986517322522045 0.0053186141428622335
leaf_weight=52 83 64 524 3826 2206 56
leaf_count=52 83 64 524 3826 2206 56
internal_value=6.31656e-06 0.00147625 0.000810967 -0.000148273 -0.000850332 -0.00111214
internal_weight=6811 640 588 6171 2345 2262
internal_count=6811 640 588 6171 2345 2262
is_linear=0
shrinkage=0.01


Tree=706
num_leaves=7
num_cat=0
split_feature=2 7 20 8 7 19
split_gain=15.4548 71.8577 99.291 52.485 29.126 49.6021
threshold=0.51691794760825449 565.2225000000002 38.000000000000036 1129.5000000000002 599.97555000000011 295.84505890650922
decision_type=2 2 10 2 2 8
left_child=1 -1 3 -3 -2 -6
right_child=4 2 -4 -5 5 -7
leaf_value=6.6894888039059587e-06 -4.2213206032604494e-05 0.012752821460131585 -0.0045261848109763069 0.0028931526995749557 -0.0039987306517107052 0.0031897436382789766
leaf_weight=2323 3638 117 73 107 439 114
leaf_count=2323 3638 117 73 107 439 114
internal_value=6.4719e-06 0.00060762 0.00515451 0.00836798 -0.000369887 -0.0024865
internal_weight=6811 2620 297 224 4191 553
internal_count=6811 2620 297 224 4191 553
is_linear=0
shrinkage=0.01


Tree=707
num_leaves=7
num_cat=0
split_feature=13 22 19 13 4 20
split_gain=15.3699 25.0473 20.3442 20.2512 65.2515 19.7466
threshold=55.119286135364227 -1.5999999999999657 290.80257989940793 37.446588971228628 0.10138302541176226 32.200000000000024
decision_type=2 8 10 2 2 10
left_child=3 -2 -3 -1 -5 -6
right_child=1 2 -4 4 5 -7
leaf_value=-4.8230860163553114e-05 -0.0052495522930636898 0.0025806834409638443 -0.0023386143802283962 -1.6489705446386532e-05 0.0035466010516948913 0.011491090422754899
leaf_weight=5761 132 139 183 455 79 62
leaf_count=5761 132 139 183 455 79 62
internal_value=6.55781e-06 -0.00175058 -0.000201297 0.0001346 0.0018735 0.00756958
internal_weight=6811 454 322 6357 596 141
internal_count=6811 454 322 6357 596 141
is_linear=0
shrinkage=0.01


Tree=708
num_leaves=7
num_cat=0
split_feature=2 20 14 11 20 19
split_gain=15.2584 50.1675 54.3664 59.6113 35.6126 27.5801
threshold=0.41917404857942125 38.000000000000036 0.084800791438325959 0.018102288832127649 28.200000000000021 297.70676354639807
decision_type=2 8 2 2 10 10
left_child=1 2 3 -1 -4 -6
right_child=-2 -3 4 -5 5 -7
leaf_value=0.01410038271593669 -0.00025208826781186261 -0.0060707718746413532 -0.001766912704436458 0.0025286718535292995 0.002316694125559945 -0.0038258746270908089
leaf_weight=53 5246 88 443 173 736 72
leaf_count=53 5246 88 443 173 736 72
internal_value=6.63834e-06 0.000870004 0.00132158 0.00572488 0.000487011 0.00172926
internal_weight=6811 1565 1477 226 1251 808
internal_count=6811 1565 1477 226 1251 808
is_linear=0
shrinkage=0.01


Tree=709
num_leaves=7
num_cat=0
split_feature=15 11 9 1 18 11
split_gain=15.6154 18.1269 18.5432 37.9176 13.7254 29.5296
threshold=10.696579570763875 0.048140424150012469 0.0093764659380542667 1.4176819274761803 0.01599244711026793 0.022172092927509827
decision_type=2 2 2 2 2 2
left_child=1 2 4 -4 5 -1
right_child=-2 -3 3 -5 -6 -7
leaf_value=0.00027525023475718195 -0.0028432277475488694 -0.0034866330548852897 -0.0015474625423550607 0.0087539306698902839 0.001099616516408546 -0.0015112668144422268
leaf_weight=4101 177 129 65 63 1092 1184
leaf_count=4101 177 129 65 63 1092 1184
internal_value=6.675e-06 8.68775e-05 0.000162986 0.00378969 8.43712e-05 -0.000127082
internal_weight=6811 6634 6505 128 6377 5285
internal_count=6811 6634 6505 128 6377 5285
is_linear=0
shrinkage=0.01


Tree=710
num_leaves=7
num_cat=0
split_feature=15 11 19 16 10 8
split_gain=15.3213 17.7919 18.2117 95.9165 41.0443 50.7003
threshold=10.696579570763875 0.048140424150012469 287.67617530298065 321.25000000000006 0.03225325646719001 1489.0000000000002
decision_type=2 2 10 10 2 2
left_child=1 2 3 4 5 -1
right_child=-2 -3 -4 -5 -6 -7
leaf_value=0.0056604277936691816 -0.0028163159278067041 -0.00345427509343667 0.00046086433492816442 -0.0071361083991246903 -0.0018882384053480383 9.2291271037043247e-05
leaf_weight=214 177 129 4927 196 561 607
leaf_count=214 177 129 4927 196 561 607
internal_value=6.61912e-06 8.60626e-05 0.000161465 -0.000770367 0.000177224 0.00159432
internal_weight=6811 6634 6505 1578 1382 821
internal_count=6811 6634 6505 1578 1382 821
is_linear=0
shrinkage=0.01


Tree=711
num_leaves=7
num_cat=0
split_feature=2 20 3 9 1 18
split_gain=14.8957 22.7057 18.6552 35.3113 31.4345 37.9027
threshold=0.28385749713381719 24.200000000000021 0.17705038676554372 0.0045037110188720494 1.1601536392964873 0.0044101085204270064
decision_type=2 10 2 2 2 2
left_child=1 -1 3 -2 -5 -6
right_child=2 -3 -4 4 5 -7
leaf_value=-0.0025361258203962017 -0.0015296300048305944 0.0025035364575967255 0.00029990592335760391 -0.0029690277796815818 -0.0046789297746384845 0.0033951815410014868
leaf_weight=102 1797 457 3830 132 58 435
leaf_count=102 1797 457 3830 132 58 435
internal_value=6.41979e-06 0.00155555 -0.000134353 -0.000819472 0.00121431 0.00237115
internal_weight=6811 559 6252 2422 625 493
internal_count=6811 559 6252 2422 625 493
is_linear=0
shrinkage=0.01


Tree=712
num_leaves=7
num_cat=0
split_feature=15 2 8 10 14 8
split_gain=15.0062 15.708 23.6957 34.5744 70.1295 24.6037
threshold=10.619077735791935 0.66365799073798881 2393.0000000000005 0.020229433464281226 0.17021881020370608 2452.5000000000005
decision_type=2 2 2 2 2 2
left_child=1 2 3 4 -1 -4
right_child=-2 -3 5 -5 -6 -7
leaf_value=0.0081760077845926087 -0.0024446430677657707 -0.00059255413529300642 -0.0061726417772107476 0.00035539649994189058 0.00039915350155910384 -0.00053509150736816659
leaf_weight=170 231 2197 82 3298 329 504
leaf_count=170 231 2197 82 3298 329 504
internal_value=6.27474e-06 9.58967e-05 0.000441549 0.000730929 0.00315716 -0.0014143
internal_weight=6811 6580 4383 3797 499 586
internal_count=6811 6580 4383 3797 499 586
is_linear=0
shrinkage=0.01


Tree=713
num_leaves=7
num_cat=0
split_feature=6 9 14 3 9 22
split_gain=15.6031 64.908 34.8898 28.0138 36.9519 55.0042
threshold=1.0000000180025095e-35 0.008567912871042218 1.4536073979408093 -0.034055633690714328 0.0045037110188720494 -1.6999999999999884
decision_type=2 2 2 2 2 10
left_child=3 2 -2 -1 -5 -6
right_child=1 -3 -4 4 5 -7
leaf_value=-0.0030975038773919405 -0.0008129853514384414 0.00874522698804691 -0.0056301617592544066 0.00010015184974495151 -0.0034654890690885838 0.0047999063899082876
leaf_weight=237 715 52 182 5169 95 361
leaf_count=237 715 52 182 5169 95 361
internal_value=6.20005e-06 -0.00117644 -0.00184168 0.000199334 0.000343492 0.00304053
internal_weight=6811 949 897 5862 5625 456
internal_count=6811 949 897 5862 5625 456
is_linear=0
shrinkage=0.01


Tree=714
num_leaves=7
num_cat=0
split_feature=19 0 0 14 0 12
split_gain=14.927 18.5754 22.3023 15.9479 16.4582 15.7013
threshold=280.71217252866825 1.1178622654195449 0.95632576600707908 2.6816638682833962 0.89244645100123021 2.9727379293480429
decision_type=8 2 2 2 2 2
left_child=1 2 -1 5 -5 -2
right_child=3 -3 -4 4 -6 -7
leaf_value=-0.0030928760331436368 0.00047573048037106069 -0.0069388804765185344 0.002815559000636523 -0.00037770029273078646 -0.0044819813540109017 -0.00086632390075773707
leaf_weight=157 5020 54 94 306 135 1045
leaf_count=157 5020 54 94 306 135 1045
internal_value=6.14741e-06 -0.00211994 -0.000857058 0.000108918 -0.00170563 0.000243449
internal_weight=6811 305 251 6506 441 6065
internal_count=6811 305 251 6506 441 6065
is_linear=0
shrinkage=0.01


Tree=715
num_leaves=7
num_cat=0
split_feature=6 9 20 2 20 3
split_gain=15.2741 63.7595 35.5958 30.7303 41.0303 40.1557
threshold=1.0000000180025095e-35 0.008567912871042218 35.300000000000018 0.41917404857942125 38.200000000000024 0.17966604237841516
decision_type=2 2 10 2 10 2
left_child=3 2 -2 4 -1 -5
right_child=1 -3 -4 5 -6 -7
leaf_value=0.0019778976007724346 -0.0032112569666416188 0.0086692493740138741 0.0009795448667817301 -0.001564300325920894 -0.0058116479571779364 0.00044716710910641167
leaf_weight=1220 599 52 298 1439 62 3141
leaf_count=1220 599 52 298 1439 62 3141
internal_value=5.90318e-06 -0.00116419 -0.00182355 0.00019699 0.00155911 -0.000186851
internal_weight=6811 949 897 5862 1282 4580
internal_count=6811 949 897 5862 1282 4580
is_linear=0
shrinkage=0.01


Tree=716
num_leaves=7
num_cat=0
split_feature=6 9 0 7 14 0
split_gain=14.9533 62.6625 40.7806 36.1922 31.5683 29.0429
threshold=1.0000000180025095e-35 0.008567912871042218 0.93609175630598929 136.64475000000002 0.58728695636357042 1.0736245078108024
decision_type=2 2 2 2 2 2
left_child=-1 2 3 -2 5 -4
right_child=1 -3 4 -5 -6 -7
leaf_value=0.00019493621448941605 -0.0017542287383381745 0.0085965394643285585 -0.0047290087710288196 0.003678438931948946 -0.0078060807060290338 0.0040819694292440548
leaf_weight=5862 452 52 81 157 153 54
leaf_count=5862 452 52 81 157 153 54
internal_value=5.86595e-06 -0.00115188 -0.00180556 -0.000316889 -0.0048372 -0.00116616
internal_weight=6811 949 897 609 288 135
internal_count=6811 949 897 609 288 135
is_linear=0
shrinkage=0.01


Tree=717
num_leaves=7
num_cat=0
split_feature=17 21 12 17 4 6
split_gain=14.864 16.975 36.1213 35.5608 22.9758 46.328
threshold=323.28999999999974 17.498333333333356 0.0079365820836721519 293.90833333333347 0.17693188672186863 1.0000000180025095e-35
decision_type=8 10 2 10 2 2
left_child=1 2 4 -4 5 -1
right_child=-2 -3 3 -5 -6 -7
leaf_value=0.0011593431483792446 0.0020664311016790216 -0.0007088496066745911 -0.0021621042966349286 0.0017277814085730828 0.0044837036752275053 -0.0035542247953075589
leaf_weight=2250 323 2676 864 313 165 220
leaf_count=2250 323 2676 864 313 165 220
internal_value=5.84045e-06 -9.97667e-05 0.000328542 -0.00112182 0.000978182 0.000726873
internal_weight=6811 6488 3812 1177 2635 2470
internal_count=6811 6488 3812 1177 2635 2470
is_linear=0
shrinkage=0.01


Tree=718
num_leaves=7
num_cat=0
split_feature=13 10 10 13 19 17
split_gain=15.6769 23.2639 21.3853 21.0826 20.6874 25.1864
threshold=55.119286135364227 0.019127469374742578 0.012912422760932447 57.988932715106976 280.89500000000004 194.36166666666725
decision_type=2 2 2 2 8 10
left_child=2 -2 -1 -3 -4 -6
right_child=1 3 4 -5 5 -7
leaf_value=0.0055542415868775506 -0.0065363531229307957 -0.003694364399946973 -0.0023763525749426599 0.0010728004047271644 0.0025894977067558878 3.0106831127924126e-05
leaf_weight=62 74 137 317 243 403 5575
leaf_count=62 74 137 317 243 403 5575
internal_value=5.82621e-06 -0.00176876 0.000135142 -0.000696546 7.30439e-05 0.000206682
internal_weight=6811 454 6357 380 6295 5978
internal_count=6811 454 6357 380 6295 5978
is_linear=0
shrinkage=0.01


Tree=719
num_leaves=7
num_cat=0
split_feature=19 10 20 5 21 19
split_gain=14.6176 25.6806 24.5817 29.6921 24.5557 51.9326
threshold=286.4215225630237 0.037067825216728453 16.900000000000038 1.2842582620038743 17.650833333333328 290.18842251883024
decision_type=10 2 8 2 10 10
left_child=1 2 -1 -4 -2 -6
right_child=4 -3 3 -5 5 -7
leaf_value=0.006221486842414985 0.00089439185938281504 -0.002975768010072087 0.00022126172550717541 -0.006275624165741297 -0.005304252146665819 -5.3893393936920506e-05
leaf_weight=50 2755 413 711 68 193 2621
leaf_count=50 2755 413 711 68 193 2621
internal_value=5.71868e-06 -0.00097079 5.16332e-05 -0.000418212 0.00022485 -0.0004315
internal_weight=6811 1242 829 779 5569 2814
internal_count=6811 1242 829 779 5569 2814
is_linear=0
shrinkage=0.01


Tree=720
num_leaves=7
num_cat=0
split_feature=13 22 13 4 21 13
split_gain=15.4369 23.9869 19.0497 62.953 22.3817 17.3547
threshold=55.119286135364227 -1.5999999999999657 37.446588971228628 0.10138302541176226 16.575833333333374 28.547001821846425
decision_type=2 8 2 2 10 2
left_child=2 -2 5 -4 -5 -1
right_child=1 -3 3 4 -6 -7
leaf_value=0.00011310941024720824 -0.0051796471603660719 -0.0002379386615027752 -3.5576238840197524e-05 0.0031403814917751426 0.011439071061291002 -0.0019617797401701655
leaf_weight=5335 132 322 455 77 64 426
leaf_count=5335 132 322 455 77 64 426
internal_value=5.55487e-06 -0.0017554 0.000133877 0.0018204 0.00741526 -4.34528e-05
internal_weight=6811 454 6357 596 141 5761
internal_count=6811 454 6357 596 141 5761
is_linear=0
shrinkage=0.01


Tree=721
num_leaves=7
num_cat=0
split_feature=13 14 13 10 10 19
split_gain=15.1518 30.045 21.9285 22.4898 20.9846 20.1671
threshold=55.119286135364227 0.39558454641884161 73.32112829862551 0.023408933514362257 0.012912422760932447 280.89500000000004
decision_type=2 2 2 2 2 8
left_child=4 2 3 -2 -1 -6
right_child=1 -3 -4 -5 5 -7
leaf_value=0.0055008237355246414 -0.010605816176304451 0.0012718425752435948 0.00036189602003086039 -0.0029752873871064581 -0.0023471738100593015 0.00020317425856701302
leaf_weight=62 55 189 84 126 317 5978
leaf_count=62 55 189 84 126 317 5978
internal_value=5.60602e-06 -0.00173901 -0.00385454 -0.00572784 0.000132738 7.12263e-05
internal_weight=6811 454 265 181 6357 6295
internal_count=6811 454 265 181 6357 6295
is_linear=0
shrinkage=0.01


Tree=722
num_leaves=7
num_cat=0
split_feature=19 16 12 9 21 14
split_gain=14.0814 28.716 22.1643 24.2455 17.293 46.1243
threshold=282.82416389198437 309.85000000000008 0.0079365820836721519 4.9076848588677092e-05 17.498333333333356 0.17021881020370608
decision_type=10 10 2 2 10 2
left_child=1 2 3 -1 5 -2
right_child=4 -3 -4 -5 -6 -7
leaf_value=-0.00091540305188628939 0.002748636635413942 -0.006715732807649321 -0.0029947497759243891 0.004951889424559635 -0.00042120355622525643 -1.7188812605494567e-05
leaf_weight=186 778 79 201 101 2899 2567
leaf_count=186 778 79 201 101 2899 2567
internal_value=5.42402e-06 -0.00148934 -0.000525405 0.0012466 0.000143324 0.000632379
internal_weight=6811 567 488 287 6244 3345
internal_count=6811 567 488 287 6244 3345
is_linear=0
shrinkage=0.01


Tree=723
num_leaves=7
num_cat=0
split_feature=13 15 15 15 10 13
split_gain=14.9774 23.4594 27.5725 20.9906 20.5605 17.277
threshold=55.119286135364227 0.78266686851158951 2.3022249031044097 0.27958651828945164 0.012912422760932447 37.446588971228628
decision_type=2 2 2 2 2 2
left_child=4 3 -3 -2 -1 -6
right_child=1 2 -4 -5 5 -7
leaf_value=0.0054452826778934749 -0.0013409514424819599 0.004356674943119288 -0.0031206992631778118 -0.0070625974355652092 -9.8136631272767767e-05 0.0016910013493321189
leaf_weight=62 178 100 80 96 5709 586
leaf_count=62 178 100 80 96 5709 586
internal_value=5.32046e-06 -0.00172923 0.00104406 -0.00352371 0.000131719 7.08316e-05
internal_weight=6811 454 180 274 6357 6295
internal_count=6811 454 180 274 6357 6295
is_linear=0
shrinkage=0.01


Tree=724
num_leaves=7
num_cat=0
split_feature=2 20 6 1 17 0
split_gain=14.7384 22.1646 30.9722 32.6068 17.7256 18.6457
threshold=0.28385749713381719 24.200000000000021 1.0000000180025095e-35 1.0400363698057971 325.3450000000002 1.1539983609574738
decision_type=2 10 2 2 8 2
left_child=1 -1 3 -3 5 -2
right_child=4 2 -4 -5 -6 -7
leaf_value=-0.0024968501225313441 -0.00038135641051740627 -0.00066984189363817378 -0.0015014124677314624 0.0061291287913140336 0.0026343640857564095 0.001884901407364541
leaf_weight=102 5661 98 133 226 213 378
leaf_count=102 5661 98 133 226 213 378
internal_value=5.26536e-06 0.00154619 0.00248272 0.00411417 -0.00013476 -0.000236623
internal_weight=6811 559 457 324 6252 6039
internal_count=6811 559 457 324 6252 6039
is_linear=0
shrinkage=0.01


Tree=725
num_leaves=7
num_cat=0
split_feature=6 9 2 21 10 17
split_gain=14.4965 61.0055 29.9427 22.424 32.5489 21.8919
threshold=1.0000000180025095e-35 0.008567912871042218 0.41917404857942125 19.096666666666707 0.018754143899312303 307.00500000000005
decision_type=2 2 2 10 2 10
left_child=2 3 -1 4 -2 -4
right_child=1 -3 5 -5 -6 -7
leaf_value=0.0015360141307396323 0.0036656480482709941 0.0084839842098975368 -0.00052564182141815851 0.00020293559624831657 -0.0038574274918278251 0.0012186468896383841
leaf_weight=1282 57 52 3697 349 491 883
leaf_count=1282 57 52 3697 349 491 883
internal_value=5.2948e-06 -0.00113463 0.000191456 -0.00177962 -0.00302325 -0.00018743
internal_weight=6811 949 5862 897 548 4580
internal_count=6811 949 5862 897 548 4580
is_linear=0
shrinkage=0.01


Tree=726
num_leaves=7
num_cat=0
split_feature=2 20 6 20 16 22
split_gain=14.3425 21.8064 29.9891 25.0637 17.183 13.4808
threshold=0.28385749713381719 24.200000000000021 1.0000000180025095e-35 26.800000000000015 256.65000000000003 -4.6999999999999877
decision_type=2 10 2 10 8 10
left_child=1 4 3 -3 -1 -5
right_child=-2 2 -4 5 -6 -7
leaf_value=0.0014715228253795254 -0.00013273316890241157 0.0099384258913456421 -0.0014664756457184577 -0.0017731566472599905 -0.0061580940705413621 0.0036742695656509132
leaf_weight=52 6252 51 133 50 50 223
leaf_count=52 6252 51 133 50 50 223
internal_value=5.39907e-06 0.00152549 0.0024545 0.00405976 -0.00248439 0.00264917
internal_weight=6811 559 457 324 102 273
internal_count=6811 559 457 324 102 273
is_linear=0
shrinkage=0.01


Tree=727
num_leaves=7
num_cat=0
split_feature=0 2 0 0 8 17
split_gain=14.3852 18.4705 38.5646 48.5313 68.6183 36.4366
threshold=1.2673108119294263 0.51691794760825449 1.1270494569862775 1.043542462574236 1421.0000000000002 169.87666666666658
decision_type=2 2 2 2 2 10
left_child=1 2 3 5 -5 -1
right_child=-2 -3 -4 4 -6 -7
leaf_value=0.0070011460718233144 0.0024102576294293006 -0.0005064260556118318 -0.0052215916715371846 0.012202903542282253 0.0010055017764708655 0.00012864684679564641
leaf_weight=70 230 4006 100 77 153 2175
leaf_count=70 230 4006 100 77 153 2175
internal_value=5.4265e-06 -8.21495e-05 0.000577315 0.000831684 0.00510646 0.000373031
internal_weight=6811 6581 2575 2475 230 2245
internal_count=6811 6581 2575 2475 230 2245
is_linear=0
shrinkage=0.01


Tree=728
num_leaves=7
num_cat=0
split_feature=17 21 12 7 16 16
split_gain=14.2356 16.3202 34.8159 66.0396 48.7253 51.4619
threshold=323.28999999999974 17.498333333333356 0.0079365820836721519 1697.5800000000002 321.25000000000006 296.9500000000001
decision_type=8 10 2 2 10 10
left_child=1 2 3 4 5 -1
right_child=-2 -3 -4 -5 -6 -7
leaf_value=0.00036698461782584907 0.0020221837633184517 -0.00069494853649028018 -0.0011016801772275786 0.007828973293080365 -0.0025113983645205389 0.0041061321316148008
leaf_weight=1634 323 2676 1177 123 412 466
leaf_count=1634 323 2676 1177 123 412 466
internal_value=5.62176e-06 -9.77287e-05 0.000322237 0.000960032 0.000593986 0.00121225
internal_weight=6811 6488 3812 2635 2512 2100
internal_count=6811 6488 3812 2635 2512 2100
is_linear=0
shrinkage=0.01


Tree=729
num_leaves=7
num_cat=0
split_feature=15 19 17 18 22 2
split_gain=14.614 15.9123 33.9358 45.6846 28.4162 27.675
threshold=10.696579570763875 287.67617530298065 246.66500000000019 0.0058271341894281297 0.80000000000001148 0.41917404857942125
decision_type=2 10 10 2 10 2
left_child=1 2 5 -4 -3 -1
right_child=-2 4 3 -5 -6 -7
leaf_value=0.0034969778249157226 -0.0027512929599513027 0.0015057455095624389 -0.0077712135983908429 -0.0010252353392030684 -0.00013147224872345475 -0.00055268125070683882
leaf_weight=197 177 1503 131 362 3537 904
leaf_count=197 177 1503 131 362 3537 904
internal_value=5.71239e-06 8.33016e-05 -0.000784542 -0.00293664 0.000358784 0.000196871
internal_weight=6811 6634 1594 493 5040 1101
internal_count=6811 6634 1594 493 5040 1101
is_linear=0
shrinkage=0.01


Tree=730
num_leaves=7
num_cat=0
split_feature=0 19 3 18 21 7
split_gain=14.2095 18.2908 27.6894 14.1988 35.0246 32.1516
threshold=1.2673108119294263 287.12422302897789 0.53743015800773397 0.0092476956614456745 28.365833333333345 224.16165000000004
decision_type=2 10 2 2 10 2
left_child=3 -2 -3 4 -1 -5
right_child=1 2 -4 5 -6 -7
leaf_value=-0.00036076593654246216 -0.0015943021327257157 0.0085338099923314929 0.0003378679690768524 -2.1685230625969121e-05 -0.0070156837524458148 0.0028074394101227978
leaf_weight=3443 73 69 88 2602 71 465
leaf_count=3443 73 69 88 2602 71 465
internal_value=5.54929e-06 0.00239565 0.00423522 -8.14904e-05 -0.000514755 0.000414979
internal_weight=6811 230 157 6581 3514 3067
internal_count=6811 230 157 6581 3514 3067
is_linear=0
shrinkage=0.01


Tree=731
num_leaves=7
num_cat=0
split_feature=0 22 20 19 16 4
split_gain=13.962 24.4419 28.8292 12.9936 66.0747 49.9819
threshold=1.2673108119294263 -0.89999999999997715 31.600000000000026 291.0591658293489 321.25000000000006 0.17693188672186863
decision_type=2 10 10 10 10 2
left_child=3 -2 -3 4 5 -1
right_child=1 2 -4 -5 -6 -7
leaf_value=-0.00025124873032704692 -0.0013157003495944751 0.0096153413993971693 0.00049716794196470282 0.00032199977758030283 -0.0041425681874037732 0.0065227755182014225
leaf_weight=2436 99 60 71 3610 431 104
leaf_count=2436 99 60 71 3610 431 104
internal_value=5.53318e-06 0.00237472 0.00505918 -8.07452e-05 -0.000569551 5.06047e-05
internal_weight=6811 230 131 6581 2971 2540
internal_count=6811 230 131 6581 2971 2540
is_linear=0
shrinkage=0.01


Tree=732
num_leaves=7
num_cat=0
split_feature=13 10 2 21 7 0
split_gain=14.9446 22.8414 22.2641 31.909 99.0521 68.341
threshold=55.119286135364227 0.019127469374742578 0.68058377164761319 17.650833333333328 357.75855000000007 1.1178622654195449
decision_type=2 2 2 10 2 2
left_child=2 -2 3 4 -1 -6
right_child=1 -3 -4 -5 5 -7
leaf_value=0.00049190480599925739 -0.0064507387632814555 -0.00066530205893258645 -0.0007277060109397085 -0.00051440758907262329 0.0096856294776811163 0.00012414057046175004
leaf_weight=2275 74 380 2037 1725 205 115
leaf_count=2275 74 380 2037 1725 205 115
internal_value=5.64274e-06 -0.001727 0.000131902 0.000537975 0.00123683 0.00635736
internal_weight=6811 454 6357 4320 2595 320
internal_count=6811 454 6357 4320 2595 320
is_linear=0
shrinkage=0.01


Tree=733
num_leaves=7
num_cat=0
split_feature=13 2 17 13 16 16
split_gain=14.6739 21.8301 26.2259 44.8145 34.5296 30.599
threshold=55.119286135364227 0.68058377164761319 192.90000000000009 0.2319236207670258 173.35000000000005 198.95000000000002
decision_type=2 2 10 2 8 10
left_child=1 2 3 -1 -5 -4
right_child=-2 -3 5 4 -6 -7
leaf_value=-0.004086254482261009 -0.0017112675539183015 -0.00072046449285861143 -0.0028296000815903901 0.0021830648164362161 0.0095791973524016905 0.0005438793778186578
leaf_weight=62 454 2037 280 191 91 3696
leaf_count=62 454 2037 280 191 91 3696
internal_value=5.61481e-06 0.000130725 0.000532822 0.00314148 0.00481608 0.000299808
internal_weight=6811 6357 4320 344 282 3976
internal_count=6811 6357 4320 344 282 3976
is_linear=0
shrinkage=0.01


Tree=734
num_leaves=7
num_cat=0
split_feature=13 22 2 11 19 16
split_gain=14.3888 23.1226 21.4012 43.1246 28.3564 26.926
threshold=55.119286135364227 -1.5999999999999657 0.68058377164761319 0.0088032195105652248 289.17918836131184 288.05000000000007
decision_type=2 8 2 2 8 10
left_child=2 -2 3 -1 5 -4
right_child=1 -3 4 -5 -6 -7
leaf_value=0.0062929954872437055 -0.0050564145422737359 -0.00020556669091070854 -0.0013900371494607253 0.00035397912082698278 9.3407605462057628e-05 -0.0065184809534738842
leaf_weight=116 132 322 525 4204 1392 120
leaf_count=116 132 322 525 4204 1392 120
internal_value=5.60204e-06 -0.00169452 0.000129491 0.000527618 -0.000713295 -0.00242912
internal_weight=6811 454 6357 4320 2037 645
internal_count=6811 454 6357 4320 2037 645
is_linear=0
shrinkage=0.01


Tree=735
num_leaves=7
num_cat=0
split_feature=15 7 4 20 15 1
split_gain=14.3579 16.9375 21.3211 48.036 30.4101 29.8291
threshold=10.696579570763875 26.538750000000004 0.029950221409949018 35.800000000000018 0.34110923134333676 2.2272165950955309
decision_type=2 2 2 8 2 2
left_child=1 -1 -3 4 5 -4
right_child=-2 2 3 -5 -6 -7
leaf_value=-0.00051649689592998902 -0.0027272887747077381 7.7034878751017991e-05 0.0018005519874150985 0.0075513562820260487 -0.00037465862211142584 0.0097799173814635126
leaf_weight=2753 177 2909 220 116 584 52
leaf_count=2753 177 2909 220 116 584 52
internal_value=5.45175e-06 8.23584e-05 0.000507394 0.00178147 0.000921403 0.00361873
internal_weight=6811 6634 3881 972 856 272
internal_count=6811 6634 3881 972 856 272
is_linear=0
shrinkage=0.01


Tree=736
num_leaves=7
num_cat=0
split_feature=1 17 15 15 22 3
split_gain=14.0904 16.6743 16.1356 20.737 17.1131 17.3444
threshold=0.77558191576323687 325.3450000000002 9.8750780850906139 9.6445144440292427 10.00000000000003 0.41307027549009689
decision_type=2 8 2 2 10 2
left_child=-1 2 3 4 -2 -6
right_child=1 -3 -4 -5 5 -7
leaf_value=-0.0024166070340313657 0.0001694459214030774 0.0026671127285611091 -0.0024520587533848129 0.004111062814111984 -0.0026936891353736172 0.0020671010608832858
leaf_weight=222 5519 232 249 116 386 87
leaf_count=222 5519 232 249 116 386 87
internal_value=5.6258e-06 9.07753e-05 -7.28992e-06 9.62191e-05 1.17751e-05 -0.00179336
internal_weight=6811 6589 6357 6108 5992 473
internal_count=6811 6589 6357 6108 5992 473
is_linear=0
shrinkage=0.01


Tree=737
num_leaves=7
num_cat=0
split_feature=6 16 5 20 16 20
split_gain=14.3437 34.6539 49.3442 31.5779 25.5321 48.5644
threshold=1.0000000180025095e-35 254.65000000000006 1.4290195941402677 35.200000000000024 253.85000000000005 25.900000000000038
decision_type=2 10 2 10 10 8
left_child=4 2 -2 -3 5 -1
right_child=1 3 -4 -5 -6 -7
leaf_value=0.0017560458923867111 -0.00041116341124678145 -0.0042496561050490876 0.0091392612279351092 0.00038735555192409468 0.00070754808727088953 -0.0015446906199614427
leaf_weight=603 277 383 57 232 3630 1629
leaf_count=603 277 383 57 232 3630 1629
internal_value=5.59083e-06 -0.00112831 0.001437 -0.0025222 0.000190767 -0.000649104
internal_weight=6811 949 334 615 5862 2232
internal_count=6811 949 334 615 5862 2232
is_linear=0
shrinkage=0.01


Tree=738
num_leaves=7
num_cat=0
split_feature=13 14 13 13 13 14
split_gain=14.1497 29.2128 21.1191 17.731 44.0112 19.6701
threshold=55.119286135364227 0.39558454641884161 73.32112829862551 37.446588971228628 43.268962397563705 1.9542323377052797
decision_type=2 2 2 2 2 2
left_child=3 2 -2 -1 -5 -6
right_child=1 -3 -4 4 5 -7
leaf_value=-4.2605977551640441e-05 -0.0056051073608802951 0.0012872550488056511 0.00036962013991371275 0.007678220813126805 -0.00040201221699347699 0.004653245291098001
leaf_weight=5761 181 189 84 94 418 84
leaf_count=5761 181 189 84 94 418 84
internal_value=5.61974e-06 -0.00168032 -0.00376666 0.000128475 0.00175558 0.00051825
internal_weight=6811 454 265 6357 596 502
internal_count=6811 454 265 6357 596 502
is_linear=0
shrinkage=0.01


Tree=739
num_leaves=7
num_cat=0
split_feature=15 7 12 17 14 16
split_gain=13.8686 16.4232 24.7626 29.555 87.9141 39.1312
threshold=10.696579570763875 26.538750000000004 2.9727379293480429 215.2983333333332 0.73190518525404902 198.95000000000002
decision_type=2 2 2 10 2 10
left_child=1 -1 3 4 -3 -5
right_child=-2 2 -4 5 -6 -7
leaf_value=-0.00050842903935285758 -0.0026800904461845038 0.0065820837940174627 -0.00099820448455439676 -0.005066246053539827 -0.0014884295633793394 0.00074124398978965631
leaf_weight=2753 177 296 852 112 236 2385
leaf_count=2753 177 296 852 112 236 2385
internal_value=5.67991e-06 8.12642e-05 0.000499797 0.000923054 0.00304052 0.000461586
internal_weight=6811 6634 3881 3029 532 2497
internal_count=6811 6634 3881 3029 532 2497
is_linear=0
shrinkage=0.01


Tree=740
num_leaves=7
num_cat=0
split_feature=19 12 8 15 15 8
split_gain=14.2221 24.7258 56.5847 21.6082 19.0235 58.5505
threshold=286.4215225630237 0.026915447250859852 1470.5000000000002 0.89318623938128072 0.3531559894771617 705.00000000000011
decision_type=10 2 2 2 2 2
left_child=1 2 3 -1 -2 -6
right_child=4 -3 -4 -5 5 -7
leaf_value=0.00018003514711407648 0.0012393657771321944 -0.0029214767619466652 -0.0012656176631977625 0.0076552539824953549 -0.00945769458331845 3.5744059581554787e-05
leaf_weight=59 1372 414 664 105 56 4141
leaf_count=59 1372 414 664 105 56 4141
internal_value=5.573e-06 -0.000957632 4.74348e-05 0.0051309 0.000221719 -0.000113105
internal_weight=6811 1242 828 164 5569 4197
internal_count=6811 1242 828 164 5569 4197
is_linear=0
shrinkage=0.01


Tree=741
num_leaves=7
num_cat=0
split_feature=0 15 2 0 0 8
split_gain=13.6391 29.0292 17.1215 37.939 46.9862 66.8474
threshold=1.2673108119294263 1.028211211583139 0.51691794760825449 1.1270494569862775 1.043542462574236 1421.0000000000002
decision_type=2 2 2 2 2 2
left_child=2 -2 3 4 -1 -6
right_child=1 -3 -4 -5 5 -7
leaf_value=0.00035621919074382824 0.0076596423171253671 6.6326911550726789e-05 -0.00048831138964288475 -0.0051963635341645302 0.012017604512558587 0.00096768174249396027
leaf_weight=2245 62 168 4006 100 77 153
leaf_count=2245 62 168 4006 100 77 153
internal_value=5.4508e-06 0.00234709 -7.98241e-05 0.000555102 0.00080746 0.0050136
internal_weight=6811 230 6581 2575 2475 230
internal_count=6811 230 6581 2575 2475 230
is_linear=0
shrinkage=0.01


Tree=742
num_leaves=7
num_cat=0
split_feature=6 0 2 20 0 13
split_gain=14.1283 32.2681 27.3421 40.1059 46.6894 46.2725
threshold=1.0000000180025095e-35 0.93609175630598929 0.41917404857942125 38.000000000000036 0.95632576600707908 35.931460387583243
decision_type=2 2 2 8 2 2
left_child=2 -2 3 4 -1 -6
right_child=1 -3 -4 -5 5 -7
leaf_value=0.00053279547391432681 0.00020572872191859944 -0.0036523792698739494 -0.00017266834082821494 -0.0057058862589198997 0.007142358973170772 -3.5008013707725975e-05
leaf_weight=828 629 320 4580 64 254 136
leaf_count=828 629 320 4580 64 254 136
internal_value=5.62182e-06 -0.00111973 0.000189402 0.00147424 0.00189491 0.00470118
internal_weight=6811 949 5862 1282 1218 390
internal_count=6811 949 5862 1282 1218 390
is_linear=0
shrinkage=0.01


Tree=743
num_leaves=7
num_cat=0
split_feature=19 16 16 0 0 0
split_gain=14.018 78.7391 32.6081 38.9617 24.1947 23.0686
threshold=286.4215225630237 287.55000000000007 204.85000000000005 0.95632576600707908 1.2673108119294263 1.4838035527690703
decision_type=10 10 8 2 2 2
left_child=1 2 -1 -4 -2 -6
right_child=4 -3 3 -5 5 -7
leaf_value=-0.0008403627903429212 0.00010178275587605201 -0.0054089118288272991 3.8733041974879115e-05 0.0070699306711068622 0.0064729235194430782 -0.0010868391033042879
leaf_weight=639 5405 291 184 128 106 58
leaf_count=639 5405 291 184 128 106 58
internal_value=5.54089e-06 -0.000950729 0.000455535 0.00305331 0.00022013 0.00389054
internal_weight=6811 1242 951 312 5569 164
internal_count=6811 1242 951 312 5569 164
is_linear=0
shrinkage=0.01


Tree=744
num_leaves=7
num_cat=0
split_feature=6 14 0 2 0 19
split_gain=13.8882 34.8718 28.5919 26.843 22.2252 29.1829
threshold=1.0000000180025095e-35 0.74076415414800711 0.98339015127623275 0.41917404857942125 0.95632576600707908 288.22355715672603
decision_type=2 2 2 2 2 10
left_child=3 -2 -3 4 5 -1
right_child=1 2 -4 -5 -6 -7
leaf_value=-0.0025967087136209662 0.00049461906475484739 -0.0019993592673789957 -0.008925107117546233 -0.00017096026691176711 0.0032901846321091773 0.0015853133559066022
leaf_weight=215 559 324 66 4580 429 638
leaf_count=215 559 324 66 4580 429 638
internal_value=5.57853e-06 -0.00111017 -0.00336524 0.000187791 0.00146085 0.000513353
internal_weight=6811 949 390 5862 1282 853
internal_count=6811 949 390 5862 1282 853
is_linear=0
shrinkage=0.01


Tree=745
num_leaves=7
num_cat=0
split_feature=13 15 15 2 19 17
split_gain=13.8843 23.008 26.7578 20.6019 27.7549 24.9022
threshold=55.119286135364227 0.78266686851158951 2.3022249031044097 0.68058377164761319 289.17918836131184 192.90000000000009
decision_type=2 2 2 2 8 10
left_child=3 -2 -3 5 -5 -1
right_child=1 2 -4 4 -6 -7
leaf_value=0.003059687997415263 -0.003442176258376747 0.0043412714918906036 -0.0030262179064383318 -0.0023973307499825557 9.8260183680882974e-05 0.00029066673684358221
leaf_weight=344 274 100 80 645 1392 3976
leaf_count=344 274 100 80 645 1392 3976
internal_value=5.40075e-06 -0.00166465 0.0010799 0.000127099 -0.0006998 0.00051772
internal_weight=6811 454 180 6357 2037 4320
internal_count=6811 454 180 6357 2037 4320
is_linear=0
shrinkage=0.01


Tree=746
num_leaves=7
num_cat=0
split_feature=19 16 16 10 16 6
split_gain=13.8177 27.1751 22.5258 23.217 21.0975 16.5896
threshold=282.82416389198437 305.55000000000007 161.15000000000006 0.0226820338665405 183.60000000000005 1.0000000180025095e-35
decision_type=10 10 10 2 10 2
left_child=1 2 3 -1 -4 -2
right_child=5 -3 4 -5 -6 -7
leaf_value=0.0022195583467125996 0.0003538849615593861 -0.0063659949899209957 0.0055127003537993671 -0.0046364180387356378 -0.00045059584249603624 -0.0011066430106318997
leaf_weight=62 5344 85 78 164 178 900
leaf_count=62 5344 85 78 164 178 900
internal_value=5.33096e-06 -0.00147538 -0.000501063 -0.00274122 0.00150528 0.000141934
internal_weight=6811 567 482 226 256 6244
internal_count=6811 567 482 226 256 6244
is_linear=0
shrinkage=0.01


Tree=747
num_leaves=7
num_cat=0
split_feature=11 9 2 20 7 15
split_gain=13.9525 17.4339 18.941 43.9202 68.393 33.2372
threshold=0.047872774178131787 0.0093764659380542667 0.33400476270902918 37.800000000000018 666.19845000000009 0.77488544750160993
decision_type=2 2 2 8 2 2
left_child=1 2 3 4 5 -1
right_child=-2 -3 -4 -5 -6 -7
leaf_value=0.0027449741638349836 -0.0029706702190269896 0.0035654958159263644 -0.00020737476338320116 -0.0068122873836212227 0.010910903773246668 -0.0016095028950335228
leaf_weight=432 144 130 5704 51 68 282
leaf_count=432 144 130 5704 51 68 282
internal_value=5.21207e-06 7.38408e-05 -9.37024e-07 0.00139834 0.00201307 0.00102666
internal_weight=6811 6667 6537 833 782 714
internal_count=6811 6667 6537 833 782 714
is_linear=0
shrinkage=0.01


Tree=748
num_leaves=7
num_cat=0
split_feature=17 21 8 8 0 10
split_gain=13.7291 15.5185 35.7068 64.9976 62.1796 35.6543
threshold=323.28999999999974 17.498333333333356 914.50000000000011 810.50000000000011 1.0002375396795216 0.028505233500555203
decision_type=8 10 2 2 2 2
left_child=1 -1 3 -3 -4 -6
right_child=-2 2 4 -5 5 -7
leaf_value=0.00031327017425387184 0.001985606102822782 -0.0015263234420369069 -0.0003199776220352743 0.0099622060527461906 -0.0084165211685242186 -0.0021029706330030974
leaf_weight=3812 323 110 2111 76 145 234
leaf_count=3812 323 110 2111 76 145 234
internal_value=5.24237e-06 -9.62525e-05 -0.000678618 0.00343669 -0.000998543 -0.00467271
internal_weight=6811 6488 2676 186 2490 379
internal_count=6811 6488 2676 186 2490 379
is_linear=0
shrinkage=0.01


Tree=749
num_leaves=7
num_cat=0
split_feature=13 15 15 8 7 13
split_gain=13.6828 22.6032 26.3012 20.2657 22.2101 17.4117
threshold=55.119286135364227 0.78266686851158951 2.3022249031044097 2509.5000000000005 21.071700000000003 37.446588971228628
decision_type=2 2 2 2 2 2
left_child=5 3 -3 4 -2 -1
right_child=1 2 -4 -5 -6 -7
leaf_value=-4.3530962367456475e-05 -0.0072163734058184282 0.0043012432930144397 -0.0030030351627307636 0.0018152278738853057 -0.00075599859170615686 0.0017383849311915071
leaf_weight=5761 130 100 80 54 90 596
leaf_count=5761 130 100 80 54 90 596
internal_value=5.18841e-06 -0.0016527 0.0010677 -0.0034145 -0.00472127 0.000126
internal_weight=6811 454 180 274 220 6357
internal_count=6811 454 180 274 220 6357
is_linear=0
shrinkage=0.01


Tree=750
num_leaves=7
num_cat=0
split_feature=11 15 2 20 8 11
split_gain=13.7023 16.3282 14.2121 48.353 42.3144 30.6209
threshold=0.047872774178131787 10.696579570763875 0.33400476270902918 38.000000000000036 2393.0000000000005 0.034200894312222958
decision_type=2 2 2 8 2 2
left_child=1 2 3 4 5 -1
right_child=-2 -3 -4 -5 -6 -7
leaf_value=0.0046321926687128969 -0.0029439873791408618 -0.0028647151308984539 -2.5364976385898686e-05 -0.0073310824326908918 -0.002056290501419773 -0.00038493154679558107
leaf_weight=438 144 174 5651 50 189 165
leaf_count=438 144 174 5651 50 189 165
internal_value=5.09013e-06 7.31008e-05 0.000156113 0.00136009 0.00199334 0.00327546
internal_weight=6811 6667 6493 842 792 603
internal_count=6811 6667 6493 842 792 603
is_linear=0
shrinkage=0.01


Tree=751
num_leaves=7
num_cat=0
split_feature=19 14 3 3 0 21
split_gain=13.735 55.9843 35.937 25.251 23.7932 26.6263
threshold=286.4215225630237 0.099838843299926511 0.14323512238150543 0.30826476554667698 1.2673108119294263 15.259166666666662
decision_type=10 2 2 2 2 10
left_child=1 2 -1 -4 -2 -6
right_child=4 -3 3 -5 5 -7
leaf_value=0.01019647033760945 9.9931761880950461e-05 -0.0019293307430109066 -0.0026385261160024303 0.0046698768798402552 0.0091228357399062762 0.00086494472488516663
leaf_weight=50 5405 1022 84 86 52 112
leaf_count=50 5405 1022 84 86 52 112
internal_value=4.87834e-06 -0.000941689 0.00353076 0.0011127 0.000217292 0.00385712
internal_weight=6811 1242 220 170 5569 164
internal_count=6811 1242 220 170 5569 164
is_linear=0
shrinkage=0.01


Tree=752
num_leaves=7
num_cat=0
split_feature=17 20 0 22 13 13
split_gain=13.5403 15.1866 43.2593 18.8472 15.891 38.2898
threshold=323.28999999999974 38.500000000000036 0.99209874336538217 15.850000000000025 46.681621175590799 37.446588971228628
decision_type=8 10 2 10 2 2
left_child=1 4 -3 -4 5 -1
right_child=-2 2 3 -5 -6 -7
leaf_value=-2.6266546653020297e-05 0.0019718278858421915 0.00032115544378943001 -0.010652414454203663 -0.0020900968085944415 -0.0014563265199717221 0.0033255282596506381
leaf_weight=5143 323 241 56 52 641 355
leaf_count=5143 323 241 56 52 641 355
internal_value=5.12844e-06 -9.5666e-05 -0.00209481 -0.00705632 2.12063e-05 0.0001958
internal_weight=6811 6488 349 108 6139 5498
internal_count=6811 6488 349 108 6139 5498
is_linear=0
shrinkage=0.01


Tree=753
num_leaves=7
num_cat=0
split_feature=1 17 20 10 19 14
split_gain=13.5472 15.9506 16.106 34.0766 21.0875 20.3286
threshold=0.77558191576323687 325.3450000000002 38.500000000000036 0.043010777781441654 296.99500000000006 0.084800791438325959
decision_type=2 8 10 2 10 2
left_child=-1 2 5 4 -4 -2
right_child=1 -3 3 -5 -6 -7
leaf_value=-0.0023701293405510712 0.0018245510138273238 0.0026082561522470173 -0.0063664098107397973 0.0014840687508978767 0.00075806215789819527 -8.0681829263581938e-05
leaf_weight=222 615 232 154 154 53 5381
leaf_count=222 615 232 154 154 53 5381
internal_value=4.95098e-06 8.84438e-05 -7.46935e-06 -0.0020295 -0.0045914 0.000117447
internal_weight=6811 6589 6357 361 207 5996
internal_count=6811 6589 6357 361 207 5996
is_linear=0
shrinkage=0.01


Tree=754
num_leaves=7
num_cat=0
split_feature=19 16 16 16 2 7
split_gain=13.5147 26.7631 22.1259 20.6008 17.7971 33.1453
threshold=282.82416389198437 305.55000000000007 161.15000000000006 183.60000000000005 0.28385749713381719 666.19845000000009
decision_type=10 10 10 10 2 2
left_child=1 2 -1 -4 5 -2
right_child=4 -3 3 -5 -6 -7
leaf_value=-0.0027129612664269854 0.0009096521680820041 -0.0063128744788761987 0.005455535965738818 -0.00043746638694930416 -1.9799512175925011e-05 0.0084334336340372625
leaf_weight=226 447 85 78 178 5739 58
leaf_count=226 447 85 78 178 5739 58
internal_value=4.87006e-06 -0.00145951 -0.000492714 0.00149565 0.000139968 0.00192075
internal_weight=6811 567 482 256 6244 505
internal_count=6811 567 482 256 6244 505
is_linear=0
shrinkage=0.01


Tree=755
num_leaves=7
num_cat=0
split_feature=13 14 13 13 21 14
split_gain=13.3482 28.2735 20.3103 16.8157 44.6755 74.0184
threshold=55.119286135364227 0.39558454641884161 73.32112829862551 37.446588971228628 15.819166666666655 0.46893308827239982
decision_type=2 2 2 2 8 2
left_child=3 2 -2 -1 -5 -6
right_child=1 -3 -4 4 5 -7
leaf_value=-4.2380047042501185e-05 -0.0054882363378221458 0.0012861125829194359 0.00037014158036401297 -0.00027606844715313009 0.0004000215349135114 0.012425516214848772
leaf_weight=5761 181 189 84 394 124 78
leaf_count=5761 181 189 84 394 124 78
internal_value=4.89928e-06 -0.00163259 -0.00368531 0.000124225 0.00170877 0.00541061
internal_weight=6811 454 265 6357 596 202
internal_count=6811 454 265 6357 596 202
is_linear=0
shrinkage=0.01


Tree=756
num_leaves=7
num_cat=0
split_feature=1 14 2 3 21 7
split_gain=13.28 14.42 15.8092 15.5409 37.1961 41.1568
threshold=0.77558191576323687 2.6816638682833962 0.2448637316561845 0.17705038676554372 6.6425000000000098 1697.5800000000002
decision_type=2 2 2 2 10 2
left_child=-1 2 -2 4 -4 -6
right_child=1 -3 3 -5 5 -7
leaf_value=-0.0023465638522636788 0.0022022850488862418 -0.0016183498108942227 0.00575887747357289 0.00050837176246188549 -0.00052021330830548179 -0.0074277073605399993
leaf_weight=222 366 451 80 3467 2145 80
leaf_count=222 366 451 80 3467 2145 80
internal_value=4.97747e-06 8.76427e-05 0.000215422 8.58447e-05 -0.000549138 -0.000800695
internal_weight=6811 6589 6138 5772 2305 2225
internal_count=6811 6589 6138 5772 2305 2225
is_linear=0
shrinkage=0.01


Tree=757
num_leaves=7
num_cat=0
split_feature=11 9 13 2 0 0
split_gain=13.2928 16.9507 19.9537 17.9919 37.9262 36.3511
threshold=0.047872774178131787 0.0093764659380542667 34.142921061825412 0.33400476270902918 1.1074712685774857 1.0285039011068855
decision_type=2 2 2 2 2 2
left_child=1 3 -3 4 5 -1
right_child=-2 2 -4 -5 -6 -7
leaf_value=0.0011258203219422806 -0.002899793161823136 0.00021766803827550675 0.0078746756277978426 -0.00020306655904863983 -0.00601356127514289 0.0076621900696535496
leaf_weight=690 144 80 50 5704 55 88
leaf_count=690 144 80 50 5704 55 88
internal_value=4.87723e-06 7.1864e-05 0.00351479 -1.86879e-06 0.00136191 0.00195301
internal_weight=6811 6667 130 6537 833 778
internal_count=6811 6667 130 6537 833 778
is_linear=0
shrinkage=0.01


Tree=758
num_leaves=7
num_cat=0
split_feature=6 9 20 10 7 17
split_gain=13.5896 57.417 34.2954 32.0455 30.2389 24.839
threshold=1.0000000180025095e-35 0.008567912871042218 35.300000000000018 0.020229433464281226 18.968400000000006 274.71499999999952
decision_type=2 2 10 2 2 10
left_child=5 2 3 -2 -4 -1
right_child=1 -3 4 -5 -6 -7
leaf_value=-0.00050702462302813322 0.0024877126263859479 0.008232624762421174 -0.0036010812185328419 -0.0040014903771584329 0.0030698560736222898 0.00079528954750560229
leaf_weight=2747 82 52 89 517 209 3115
leaf_count=2747 82 52 89 517 209 3115
internal_value=4.94228e-06 -0.00109875 -0.0017245 -0.00308689 0.0010253 0.000185186
internal_weight=6811 949 897 599 298 5862
internal_count=6811 949 897 599 298 5862
is_linear=0
shrinkage=0.01


Tree=759
num_leaves=7
num_cat=0
split_feature=19 2 15 1 3 1
split_gain=13.318 17.6095 33.4214 33.7303 21.6121 21.9603
threshold=280.33494572565115 0.28385749713381719 1.6392701621403785 1.0400363698057971 0.17705038676554372 2.1687151289713564
decision_type=8 2 2 2 2 2
left_child=-1 2 3 -2 5 -3
right_child=1 4 -4 -5 -6 -7
leaf_value=-0.0021034466046762883 -0.0011121468721302572 -0.00096013233870011433 -0.002644794477640388 0.0050031569444571279 0.00042481456334459371 0.0048982457545670597
leaf_weight=277 125 2307 121 287 3638 56
leaf_count=277 125 2307 121 287 3638 56
internal_value=4.98778e-06 9.74497e-05 0.00182197 0.0031654 -5.84959e-05 -0.00080124
internal_weight=6811 6534 533 412 6001 2363
internal_count=6811 6534 533 412 6001 2363
is_linear=0
shrinkage=0.01


Tree=760
num_leaves=7
num_cat=0
split_feature=15 11 14 13 14 17
split_gain=13.2324 16.055 15.9427 17.1009 25.6339 21.5119
threshold=10.696579570763875 0.048140424150012469 2.6816638682833962 55.119286135364227 0.39558454641884161 307.99833333333316
decision_type=2 2 2 2 2 10
left_child=1 2 3 -1 5 -5
right_child=-2 -3 -4 4 -6 -7
leaf_value=0.00043834520821303262 -0.0026184569379902461 -0.0032842581981136431 -0.0016364110670273758 -0.0052585263610958602 0.0012237241774145041 0.00094775488799703981
leaf_weight=5602 177 129 454 188 187 74
leaf_count=5602 177 129 454 188 187 74
internal_value=4.98931e-06 7.88205e-05 0.000150452 0.000286997 -0.00156972 -0.00353521
internal_weight=6811 6634 6505 6051 449 262
internal_count=6811 6634 6505 6051 449 262
is_linear=0
shrinkage=0.01


Tree=761
num_leaves=7
num_cat=0
split_feature=0 15 2 0 0 15
split_gain=12.9988 28.0929 15.8003 36.7748 44.6915 45.3911
threshold=1.2673108119294263 1.028211211583139 0.51691794760825449 1.1270494569862775 1.043542462574236 1.6392701621403785
decision_type=2 2 2 2 2 2
left_child=2 -2 3 4 -1 -6
right_child=1 -3 -4 -5 5 -7
leaf_value=0.00033994306777366444 0.0075169698712933396 4.815199475191282e-05 -0.00047086718502007817 -0.0051308640995147555 0.0078773383750505976 -0.0012908044490085421
leaf_weight=2245 62 168 4006 100 153 77
leaf_count=2245 62 168 4006 100 153 77
internal_value=4.79006e-06 0.0022908 -7.84585e-05 0.000531483 0.000779991 0.00488211
internal_weight=6811 230 6581 2575 2475 230
internal_count=6811 230 6581 2575 2475 230
is_linear=0
shrinkage=0.01


Tree=762
num_leaves=7
num_cat=0
split_feature=6 14 2 16 22 22
split_gain=13.424 34.0587 25.1312 22.3327 20.7378 20.7222
threshold=1.0000000180025095e-35 0.74076415414800711 0.41917404857942125 254.65000000000006 6.6000000000000236 -2.6999999999999882
decision_type=2 2 2 10 10 10
left_child=2 3 5 -2 -5 -1
right_child=1 -3 -4 4 -6 -7
leaf_value=-0.00029859779056378414 0.0027959230733813085 -0.0033207102337619288 -0.000163112884933689 -0.0028396107223122679 0.0024223680919254419 0.0023481779911517565
leaf_weight=454 233 390 4580 225 101 828
leaf_count=454 233 390 4580 225 101 828
internal_value=4.87248e-06 -0.00109208 0.000184015 0.00049382 -0.00118579 0.00141581
internal_weight=6811 949 5862 559 326 1282
internal_count=6811 949 5862 559 326 1282
is_linear=0
shrinkage=0.01


Tree=763
num_leaves=7
num_cat=0
split_feature=13 14 13 13 4 20
split_gain=13.0723 27.1728 19.7702 16.2852 59.0036 19.013
threshold=55.119286135364227 0.39558454641884161 73.32112829862551 37.446588971228628 0.10138302541176226 32.200000000000024
decision_type=2 2 2 2 2 10
left_child=3 2 -2 -1 -5 -6
right_child=1 -3 -4 4 5 -7
leaf_value=-4.1033564915436077e-05 -0.0054066866875201935 0.0012462540429516054 0.00037249823021603392 -0.00011283269356335363 0.0032041668067320011 0.010927168123501663
leaf_weight=5761 181 189 84 455 79 62
leaf_count=5761 181 189 84 455 79 62
internal_value=4.8376e-06 -0.00161564 -0.00362786 0.000122924 0.00168228 0.00709885
internal_weight=6811 454 265 6357 596 141
internal_count=6811 454 265 6357 596 141
is_linear=0
shrinkage=0.01


Tree=764
num_leaves=7
num_cat=0
split_feature=6 16 20 3 16 20
split_gain=13.2119 33.3629 30.3515 27.0685 26.5708 45.3612
threshold=1.0000000180025095e-35 254.65000000000006 35.200000000000024 -0.034055633690714328 253.85000000000005 25.900000000000038
decision_type=2 10 10 2 10 8
left_child=3 -2 -3 -1 5 -5
right_child=1 2 -4 4 -6 -7
leaf_value=-0.0030580224939301486 0.0014333204682349979 -0.0041447501410860526 0.00040055106388220239 0.0017786652940691861 0.00086830683688858448 -0.00143256907515077
leaf_weight=237 334 383 232 600 3454 1571
leaf_count=237 334 383 232 600 3454 1571
internal_value=4.93861e-06 -0.00108331 -0.00245113 0.00018266 0.000324385 -0.000540993
internal_weight=6811 949 615 5862 5625 2171
internal_count=6811 949 615 5862 5625 2171
is_linear=0
shrinkage=0.01


Tree=765
num_leaves=7
num_cat=0
split_feature=15 11 7 10 15 12
split_gain=13.0018 15.6928 15.7256 26.1769 35.8685 22.9061
threshold=10.696579570763875 0.048140424150012469 26.538750000000004 0.025207744200995402 0.16728313194481684 2.9727379293480429
decision_type=2 2 2 2 2 2
left_child=1 2 3 4 -1 -4
right_child=-2 -3 5 -5 -6 -7
leaf_value=0.0040590877985008638 -0.002595664276143805 -0.0032469155904401442 0.00096538556731408463 7.4101395226201756e-05 -0.0032833635934006429 -0.00090792046232472461
leaf_weight=68 177 129 2999 2120 493 825
leaf_count=68 177 129 2999 2120 493 825
internal_value=4.82833e-06 7.80137e-05 0.000148833 -0.000437416 -0.00233787 0.00055992
internal_weight=6811 6634 6505 2681 561 3824
internal_count=6811 6634 6505 2681 561 3824
is_linear=0
shrinkage=0.01


Tree=766
num_leaves=7
num_cat=0
split_feature=19 16 14 16 7 16
split_gain=13.2622 76.6259 49.4461 26.8231 26.2364 23.1868
threshold=286.4215225630237 287.55000000000007 0.099838843299926511 203.35000000000005 38.722500000000004 296.15000000000003
decision_type=10 10 2 8 2 8
left_child=1 2 -1 -4 -3 -2
right_child=5 4 3 -5 -6 -7
leaf_value=0.0050938603563374409 -0.00035769753558202776 -0.0010833090808176037 -0.0019593036258112404 0.0019153379258247749 -0.0074422905558717894 0.00094007091600298428
leaf_weight=176 3121 102 513 262 189 2448
leaf_count=176 3121 102 513 262 189 2448
internal_value=4.70767e-06 -0.000925425 0.000461721 -0.000641712 -0.00532341 0.000213433
internal_weight=6811 1242 951 775 291 5569
internal_count=6811 1242 951 775 291 5569
is_linear=0
shrinkage=0.01


Tree=767
num_leaves=7
num_cat=0
split_feature=6 9 13 2 16 17
split_gain=12.9774 55.7943 25.6929 24.6032 23.0971 20.203
threshold=1.0000000180025095e-35 0.008567912871042218 0.022145088114527204 0.41917404857942125 258.25000000000006 307.00500000000005
decision_type=2 2 2 2 8 10
left_child=3 2 -2 -1 -4 -5
right_child=1 -3 4 5 -6 -7
leaf_value=0.0013995413987424469 0.0012363752453871395 0.0081243848980915162 -0.00031292333192851424 -0.00048764083003179179 -0.0040951163061106266 0.0011879896190916846
leaf_weight=1282 220 52 264 3697 413 883
leaf_count=1282 220 52 264 3697 413 883
internal_value=4.61818e-06 -0.00107393 -0.00169086 0.000180756 -0.00264625 -0.000162704
internal_weight=6811 949 897 5862 677 4580
internal_count=6811 949 897 5862 677 4580
is_linear=0
shrinkage=0.01


Tree=768
num_leaves=7
num_cat=0
split_feature=19 22 14 7 15 1
split_gain=13.0431 27.6273 19.6084 15.4536 29.1298 30.1344
threshold=280.33494572565115 -5.8999999999999764 1.3281187770089848 26.538750000000004 0.4604358559964794 2.4146074702349396
decision_type=8 10 2 2 2 2
left_child=1 2 -1 -2 5 -5
right_child=3 -3 -4 4 -6 -7
leaf_value=-0.0027493292133679943 -0.00047688189571651964 -0.007494340375275679 0.0030850711097940805 0.0014031977790372871 -9.2819431836184006e-05 0.0085940302956488829
leaf_weight=126 2730 61 90 1162 2590 52
leaf_count=126 2730 61 90 1162 2590 52
internal_value=4.6754e-06 -0.00208188 -0.000289388 9.61783e-05 0.000507616 0.0017789
internal_weight=6811 277 216 6534 3804 1214
internal_count=6811 277 216 6534 3804 1214
is_linear=0
shrinkage=0.01


Tree=769
num_leaves=7
num_cat=0
split_feature=0 10 16 7 10 1
split_gain=12.783 19.3105 11.5758 14.0737 24.8173 27.695
threshold=1.2673108119294263 0.017332036676623436 344.00000000000006 3.8781000000000003 0.02508054577502072 1.1929280397022335
decision_type=2 2 8 2 2 2
left_child=2 -2 3 4 -1 -6
right_child=1 -3 -4 -5 5 -7
leaf_value=-0.0060375855513201612 0.0066942646665764704 0.00042550272184113663 0.0026139506546762558 -1.7025077191661649e-05 -0.0029352874758493421 0.0027636913127886751
leaf_weight=98 60 170 146 6009 188 140
leaf_count=98 60 170 146 6009 188 140
internal_value=4.66191e-06 0.00227162 -7.78926e-05 -0.000142927 -0.00187774 -0.000492998
internal_weight=6811 230 6581 6435 426 328
internal_count=6811 230 6581 6435 426 328
is_linear=0
shrinkage=0.01


Tree=770
num_leaves=7
num_cat=0
split_feature=15 9 14 13 22 13
split_gain=12.7617 14.0475 13.9523 14.8485 33.4454 27.9118
threshold=10.696579570763875 -0.00028282828282828303 2.6816638682833962 46.681621175590799 -1.5999999999999657 37.446588971228628
decision_type=2 2 2 2 8 2
left_child=2 -2 3 5 -5 -1
right_child=1 -3 -4 4 -6 -7
leaf_value=0.00018160458712355946 0.00011365883067871135 -0.0053569745353382568 -0.0015897016009695755 -0.0043049305997073127 0.00036853405189776051 0.0029943423063339453
leaf_weight=5131 95 82 457 219 458 369
leaf_count=5131 95 82 457 219 458 369
internal_value=4.66671e-06 -0.0025717 7.71733e-05 0.000202866 -0.00118392 0.000375406
internal_weight=6811 177 6634 6177 677 5500
internal_count=6811 177 6634 6177 677 5500
is_linear=0
shrinkage=0.01


Tree=771
num_leaves=7
num_cat=0
split_feature=19 16 7 4 21 16
split_gain=12.8478 86.4058 37.9661 75.8525 30.0248 33.7123
threshold=287.67617530298065 321.25000000000006 464.52510000000007 -0.20953634728556197 11.333333333333352 171.00000000000003
decision_type=10 10 2 2 10 10
left_child=1 2 -1 -4 5 -5
right_child=-2 -3 3 4 -6 -7
leaf_value=-0.00077956515971106812 0.00024591753278296283 -0.0067907911715044001 -0.0027071239134604979 0.0031158226117736004 0.0018073105371032639 0.014534858456592904
leaf_weight=1089 5205 198 129 51 77 62
leaf_count=1089 5205 198 129 51 77 62
internal_value=4.50873e-06 -0.00077457 0.000113384 0.00309277 0.00696906 0.0100535
internal_weight=6811 1606 1408 319 190 113
internal_count=6811 1606 1408 319 190 113
is_linear=0
shrinkage=0.01


Tree=772
num_leaves=7
num_cat=0
split_feature=19 21 3 0 13 18
split_gain=12.7561 19.6307 13.7836 13.692 22.3636 12.5642
threshold=280.33494572565115 5.2666666666667092 0.29038267802642476 1.2673108119294263 11.795512369064053 0.0078375534055355033
decision_type=8 10 2 2 2 2
left_child=1 2 -1 5 -5 -2
right_child=3 -3 -4 4 -6 -7
leaf_value=0.00299891038347486 -0.00051195518833516542 -0.004933702974795149 -0.0025862297786096501 0.00021558415598403187 0.0068915139886175656 0.00038938564834347706
leaf_weight=81 2665 120 76 146 67 3656
leaf_count=81 2665 120 76 146 67 3656
internal_value=4.60183e-06 -0.00205887 0.000302306 9.50925e-05 0.00253039 9.16248e-06
internal_weight=6811 277 157 6534 213 6321
internal_count=6811 277 157 6534 213 6321
is_linear=0
shrinkage=0.01


Tree=773
num_leaves=7
num_cat=0
split_feature=1 7 5 18 9 7
split_gain=12.6243 11.8421 20.8268 19.1974 18.9534 17.4741
threshold=0.77558191576323687 26.538750000000004 1.8143995640943189 0.0047635579390820611 0.0013153640054704614 38.722500000000004
decision_type=2 2 2 2 2 2
left_child=-1 3 5 4 -2 -3
right_child=1 2 -4 -5 -6 -7
leaf_value=-0.0022881670531933198 -0.00076408517452129614 0.0019535532948405793 0.0047692098222776418 -0.00018813981001486156 -0.007191347803687677 3.3291312835423192e-05
leaf_weight=222 114 545 98 2517 70 3245
leaf_count=222 114 545 98 2517 70 3245
internal_value=4.59193e-06 8.51911e-05 0.000438086 -0.000422532 -0.00345389 0.000313838
internal_weight=6811 6589 3888 2701 184 3790
internal_count=6811 6589 3888 2701 184 3790
is_linear=0
shrinkage=0.01


Tree=774
num_leaves=7
num_cat=0
split_feature=6 14 20 20 3 3
split_gain=12.8805 33.0239 29.5357 28.1486 28.3414 26.3465
threshold=1.0000000180025095e-35 0.74076415414800711 32.500000000000036 35.700000000000024 0.041648177021901066 -0.034055633690714328
decision_type=2 2 8 8 2 2
left_child=5 3 -3 4 -2 -1
right_child=1 2 -4 -5 -6 -7
leaf_value=-0.0030171957193131029 0.0049828054532408718 -0.0065125598558224739 -0.000943871557940634 0.0040837077723957504 -0.0019788069226275976 0.00031979344791917421
leaf_weight=237 60 155 235 148 351 5625
leaf_count=237 60 155 235 148 351 5625
internal_value=4.49212e-06 -0.00107002 -0.00326455 0.000491517 -0.000868297 0.000179971
internal_weight=6811 949 390 559 411 5862
internal_count=6811 949 390 559 411 5862
is_linear=0
shrinkage=0.01


Tree=775
num_leaves=7
num_cat=0
split_feature=19 16 16 16 2 3
split_gain=12.564 25.8567 21.27 20.042 16.5839 25.4714
threshold=282.82416389198437 305.55000000000007 161.15000000000006 183.60000000000005 0.28385749713381719 0.17705038676554372
decision_type=10 10 10 10 2 2
left_child=1 2 -1 -4 -2 -6
right_child=4 -3 3 -5 5 -7
leaf_value=-0.0026351047107965636 0.0018536745519083428 -0.006177775105069342 0.0053967605814316567 -0.00041642841422296267 -0.00083392593395981542 0.00052355936550459116
leaf_weight=226 505 85 78 178 2294 3445
leaf_count=226 505 85 78 178 2294 3445
internal_value=4.40224e-06 -0.00140753 -0.000457842 0.00149108 0.000134662 -1.9563e-05
internal_weight=6811 567 482 256 6244 5739
internal_count=6811 567 482 256 6244 5739
is_linear=0
shrinkage=0.01


Tree=776
num_leaves=7
num_cat=0
split_feature=8 17 17 9 1 8
split_gain=12.7989 45.0925 34.6632 31.1407 59.0802 17.9788
threshold=705.00000000000011 233.23666666666693 293.14166666666705 0.0093764659380542667 1.1901595048039599 963.50000000000011
decision_type=2 10 10 2 2 2
left_child=1 -1 -3 5 -5 -2
right_child=3 2 -4 4 -6 -7
leaf_value=0.0027565231303385692 0.0024090608924927114 -0.0098805578347555423 0.00028965893201529983 -0.0023672144193674477 0.010346846368025851 -0.00013023317495754636
leaf_weight=96 282 76 54 61 71 6171
leaf_count=96 282 76 54 61 71 6171
internal_value=4.32466e-06 -0.00228389 -0.00593707 8.62012e-05 0.00471847 -1.57087e-05
internal_weight=6811 226 130 6585 132 6453
internal_count=6811 226 130 6585 132 6453
is_linear=0
shrinkage=0.01


Tree=777
num_leaves=7
num_cat=0
split_feature=8 5 8 20 19 3
split_gain=12.5769 42.9882 24.3972 60.2397 38.1802 23.6139
threshold=705.00000000000011 1.3779761904761907 963.50000000000011 32.000000000000036 295.21514624881968 0.2561606334961804
decision_type=2 2 2 10 10 2
left_child=1 -1 3 -2 5 -5
right_child=2 -3 -4 4 -6 -7
leaf_value=0.00037381308406798377 -0.0022866954072211071 -0.0091148206298098423 -5.0417609063054374e-05 0.01273167356394413 -0.00066257118972228664 0.0032122584478547949
leaf_weight=170 129 56 6281 72 52 51
leaf_count=170 129 56 6281 72 52 51
internal_value=4.33161e-06 -0.00226395 8.54947e-05 0.00280578 0.00648035 0.00932289
internal_weight=6811 226 6585 304 175 123
internal_count=6811 226 6585 304 175 123
is_linear=0
shrinkage=0.01


Tree=778
num_leaves=7
num_cat=0
split_feature=17 20 0 22 7 19
split_gain=12.7506 15.7894 37.8782 17.1677 17.1538 24.5051
threshold=325.3450000000002 38.500000000000036 0.99209874336538217 15.600000000000025 26.538750000000004 289.59808584018509
decision_type=8 10 2 10 2 10
left_child=1 4 -3 -4 -1 -6
right_child=-2 2 3 -5 5 -7
leaf_value=-0.00057912127837176264 0.002171972863183453 7.7979483043829552e-05 -0.010050114362555391 -0.0019816844929970564 -0.00043580809961332159 0.0012215080900544249
leaf_weight=2589 251 263 58 53 1597 2000
leaf_count=2589 251 263 58 53 1597 2000
internal_value=4.34993e-06 -8.17677e-05 -0.00204939 -0.00667978 4.03085e-05 0.000486523
internal_weight=6811 6560 374 111 6186 3597
internal_count=6811 6560 374 111 6186 3597
is_linear=0
shrinkage=0.01


Tree=779
num_leaves=7
num_cat=0
split_feature=6 0 7 2 20 7
split_gain=12.7962 32.3564 45.7229 24.1974 37.4745 62.9227
threshold=1.0000000180025095e-35 0.93609175630598929 136.64475000000002 0.41917404857942125 38.200000000000024 666.19845000000009
decision_type=2 2 2 2 10 2
left_child=3 2 -2 4 5 -1
right_child=1 -3 -4 -5 -6 -7
leaf_value=0.0010625848123451134 -0.0013698639366104884 -0.0036030314696924482 0.004590370441171325 -0.00016154537133721347 -0.005652861376293004 0.0089410790568217637
leaf_weight=1118 462 320 167 4580 62 102
leaf_count=1118 462 320 167 4580 62 102
internal_value=4.16605e-06 -0.00106682 0.000259655 0.00017907 0.00138776 0.00178862
internal_weight=6811 949 629 5862 1282 1220
internal_count=6811 949 629 5862 1282 1220
is_linear=0
shrinkage=0.01


Tree=780
num_leaves=7
num_cat=0
split_feature=6 0 7 21 19 21
split_gain=12.5438 31.7391 44.8568 25.0157 23.1122 63.8402
threshold=1.0000000180025095e-35 0.93609175630598929 136.64475000000002 19.096666666666707 291.0591658293489 17.72916666666676
decision_type=2 2 2 10 10 10
left_child=4 2 -2 -3 5 -1
right_child=1 3 -4 -5 -6 -7
leaf_value=3.1926742674511007e-05 -0.0013564555146839961 -0.0053077274592202633 0.0045470600941423644 0.00072262498263556227 0.00077742253447519094 -0.0049296382450495424
leaf_weight=2525 462 226 167 94 3058 279
leaf_count=2525 462 226 167 94 3058 279
internal_value=4.1802e-06 -0.00105619 0.000257563 -0.00356809 0.00017735 -0.000477516
internal_weight=6811 949 629 320 5862 2804
internal_count=6811 949 629 320 5862 2804
is_linear=0
shrinkage=0.01


Tree=781
num_leaves=7
num_cat=0
split_feature=13 10 22 10 6 9
split_gain=12.4364 22.1637 20.263 18.0508 17.0179 55.5843
threshold=55.119286135364227 0.019127469374742578 -1.5999999999999657 0.012912422760932447 1.0000000180025095e-35 0.0073922268566882395
decision_type=2 2 8 2 2 2
left_child=3 -2 -3 -1 -5 -6
right_child=1 2 -4 4 5 -7
leaf_value=0.0050979459147816267 -0.0062281052666782804 -0.0038421663941652887 0.0010064608391619078 0.00027469129778225884 -0.0018955691742194565 0.0074498553417515073
leaf_weight=62 74 116 264 5398 838 59
leaf_count=62 74 116 264 5398 838 59
internal_value=4.05754e-06 -0.00157652 -0.000534212 0.000119237 6.21932e-05 -0.00120552
internal_weight=6811 454 380 6357 6295 897
internal_count=6811 454 380 6357 6295 897
is_linear=0
shrinkage=0.01


Tree=782
num_leaves=7
num_cat=0
split_feature=15 11 14 0 16 7
split_gain=12.6901 15.2849 14.7689 14.3901 13.6637 15.7428
threshold=10.696579570763875 0.048140424150012469 2.6816638682833962 0.89244645100123021 344.00000000000006 3.8781000000000003
decision_type=2 2 2 2 8 2
left_child=1 2 4 -4 5 -1
right_child=-2 -3 3 -5 -6 -7
leaf_value=-0.0017341739468185989 -0.0025650810404371886 -0.0032050801967350236 -0.00028027128118027846 -0.0039901813790954137 0.0034358965018903144 0.00034207314579140025
leaf_weight=381 177 129 303 151 124 5546
leaf_count=381 177 129 303 151 124 5546
internal_value=4.04429e-06 7.6348e-05 0.000146241 -0.00157359 0.000277662 0.000205911
internal_weight=6811 6634 6505 454 6051 5927
internal_count=6811 6634 6505 454 6051 5927
is_linear=0
shrinkage=0.01


Tree=783
num_leaves=7
num_cat=0
split_feature=19 21 2 7 1 11
split_gain=12.3642 19.2973 16.9254 27.8603 21.272 14.4801
threshold=280.33494572565115 5.2666666666667092 0.28385749713381719 666.19845000000009 1.0295897279408155 0.019029298680714544
decision_type=8 10 2 2 2 2
left_child=1 -1 3 4 -2 -4
right_child=2 -3 5 -5 -6 -7
leaf_value=0.00031263500164140264 -0.0025797195341580241 -0.0048780162469842115 0.0004138641564213758 0.0077293285890819808 0.0021298961083856273 -0.00056754198897393136
leaf_weight=157 121 120 3105 59 353 2896
leaf_count=157 121 120 3105 59 353 2896
internal_value=3.88659e-06 -0.00202764 9.29772e-05 0.00178367 0.000899192 -5.99052e-05
internal_weight=6811 277 6534 533 474 6001
internal_count=6811 277 6534 533 474 6001
is_linear=0
shrinkage=0.01


Tree=784
num_leaves=7
num_cat=0
split_feature=17 21 13 19 10 7
split_gain=12.4486 15.7285 62.6728 74.078 80.8058 51.3201
threshold=323.28999999999974 17.613333333333362 17.877604077128598 291.0591658293489 0.033984869715062073 25.233750000000004
decision_type=8 10 2 10 2 2
left_child=1 -1 3 4 -3 -4
right_child=-2 2 5 -5 -6 -7
leaf_value=0.00031250212374949593 0.0018896378302183171 -0.011737025065430956 -0.0014875807772615766 -0.0006266244212898679 -0.00094744783504925004 0.0060613421742971097
leaf_weight=3866 323 124 143 1988 148 219
leaf_count=3866 323 124 143 1988 148 219
internal_value=3.88527e-06 -9.2759e-05 -0.000689212 -0.00131033 -0.00610801 0.00311948
internal_weight=6811 6488 2622 2260 272 362
internal_count=6811 6488 2622 2260 272 362
is_linear=0
shrinkage=0.01


Tree=785
num_leaves=7
num_cat=0
split_feature=13 14 13 13 13 14
split_gain=12.2252 26.3858 19.0909 15.442 42.4112 17.2735
threshold=55.119286135364227 0.39558454641884161 73.32112829862551 37.446588971228628 43.268962397563705 1.9542323377052797
decision_type=2 2 2 2 2 2
left_child=3 2 -2 -1 -5 -6
right_child=1 -3 -4 4 5 -7
leaf_value=-4.1704645774363751e-05 -0.005294545738828608 0.0012557253278745104 0.00038271169455603084 0.0074498312762723519 -0.00043747668103537974 0.0042990631990610286
leaf_weight=5761 181 189 84 94 418 84
leaf_count=5761 181 189 84 94 418 84
internal_value=3.7506e-06 -0.00156335 -0.00354648 0.000117948 0.00163639 0.000423578
internal_weight=6811 454 265 6357 596 502
internal_count=6811 454 265 6357 596 502
is_linear=0
shrinkage=0.01


Tree=786
num_leaves=7
num_cat=0
split_feature=15 7 6 17 5 14
split_gain=12.4004 14.0304 22.0404 28.8592 21.7864 36.1665
threshold=10.696579570763875 26.538750000000004 1.0000000180025095e-35 245.16333333333273 1.0650186649798916 0.58728695636357042
decision_type=2 2 2 8 2 2
left_child=1 2 3 -1 -3 -6
right_child=-2 4 -4 -5 5 -7
leaf_value=-0.0020140059963103855 -0.0025358057175769179 2.9947295931771526e-05 -0.0027064192937196869 0.00051935492618148641 0.0041102524243873994 0.00017466623762015229
leaf_weight=589 177 2918 370 1794 381 582
leaf_count=589 177 2918 370 1794 381 582
internal_value=3.82473e-06 7.52986e-05 -0.000469748 -0.000112609 0.000462143 0.00175798
internal_weight=6811 6634 2753 2383 3881 963
internal_count=6811 6634 2753 2383 3881 963
is_linear=0
shrinkage=0.01


Tree=787
num_leaves=7
num_cat=0
split_feature=0 22 21 2 0 0
split_gain=12.2907 22.8104 34.6965 14.9963 36.0253 43.3808
threshold=1.2673108119294263 -0.89999999999997715 16.105000000000022 0.51691794760825449 1.1270494569862775 1.043542462574236
decision_type=2 10 10 2 2 2
left_child=3 -2 -3 4 5 -1
right_child=1 2 -4 -5 -6 -7
leaf_value=0.00032949596054663189 -0.0013336159550977889 0.010586881862332425 0.00048947621802134173 -0.00045948958411314613 -0.0050872175417501818 0.0048045206786725128
leaf_weight=2245 99 50 81 4006 100 230
leaf_count=2245 99 50 81 4006 100 230
internal_value=3.75097e-06 0.00222663 0.00482096 -7.7197e-05 0.000517023 0.000763017
internal_weight=6811 230 131 6581 2575 2475
internal_count=6811 230 131 6581 2575 2475
is_linear=0
shrinkage=0.01


Tree=788
num_leaves=7
num_cat=0
split_feature=19 14 10 13 21 13
split_gain=12.2259 51.9701 44.101 52.3219 22.0296 48.7467
threshold=286.4215225630237 0.099838843299926511 0.032930148913952288 23.820062898718355 17.650833333333328 17.877604077128598
decision_type=10 2 2 2 10 2
left_child=1 2 3 -1 -2 -6
right_child=4 -3 -4 -5 5 -7
leaf_value=0.013201675041327401 0.00083843537027758984 -0.0018408921031247397 -0.0039986981078982357 0.0016671846746917694 -0.00093289227040365406 0.0029124819990638596
leaf_weight=53 2755 1022 53 114 2443 371
leaf_count=53 2755 1022 53 114 2443 371
internal_value=3.85024e-06 -0.000889203 0.00341965 0.00586687 0.000204256 -0.000417397
internal_weight=6811 1242 220 167 5569 2814
internal_count=6811 1242 220 167 5569 2814
is_linear=0
shrinkage=0.01


Tree=789
num_leaves=7
num_cat=0
split_feature=0 19 21 19 16 9
split_gain=12.0824 16.0576 25.3954 11.8101 63.0524 56.2821
threshold=1.2673108119294263 287.12422302897789 15.929166666666687 291.0591658293489 321.25000000000006 0.0061645734911028221
decision_type=2 10 10 10 10 2
left_child=3 -2 -3 4 5 -1
right_child=1 2 -4 -5 -6 -7
leaf_value=-0.00031962586501980847 -0.0015273076385618693 0.0079504799223389985 0.00013212853935935223 0.00030768875253120844 -0.0040326350673060667 0.0058058675290085368
leaf_weight=2390 73 71 86 3610 431 150
leaf_count=2390 73 71 86 3610 431 150
internal_value=3.98543e-06 0.00220794 0.00393217 -7.6274e-05 -0.000542286 6.34654e-05
internal_weight=6811 230 157 6581 2971 2540
internal_count=6811 230 157 6581 2971 2540
is_linear=0
shrinkage=0.01


Tree=790
num_leaves=7
num_cat=0
split_feature=17 1 7 12 5 17
split_gain=12.2363 11.6024 11.1266 32.5097 70.0986 67.6073
threshold=323.28999999999974 1.0295897279408155 24.973650000000003 0.0023971633962816502 1.4811187686848777 215.2983333333332
decision_type=8 2 2 2 2 10
left_child=2 -2 -1 4 5 -4
right_child=1 -3 3 -5 -6 -7
leaf_value=-0.00062744970046275527 -0.0010693732437926649 0.003024545079289574 0.0046773243219760518 -0.00070336684254509129 0.008349358958154916 -0.00020085275073760691
leaf_weight=2419 91 232 332 1948 115 1674
leaf_count=2419 91 232 332 1948 115 1674
internal_value=4.06749e-06 0.00187367 -9.17496e-05 0.000227479 0.00108169 0.000625699
internal_weight=6811 323 6488 4069 2121 2006
internal_count=6811 323 6488 4069 2121 2006
is_linear=0
shrinkage=0.01


Tree=791
num_leaves=7
num_cat=0
split_feature=1 16 14 0 19 22
split_gain=12.0433 17.3552 12.0292 14.4136 13.6052 27.2824
threshold=0.77558191576323687 344.00000000000006 2.6816638682833962 0.89244645100123021 280.33494572565115 -5.8999999999999764
decision_type=2 8 2 2 8 10
left_child=-1 2 4 -4 5 -2
right_child=1 -3 3 -5 -6 -7
leaf_value=-0.0022351498145947299 -0.00019233814633374546 0.003541118292397046 -0.00022452207410711197 -0.0039689354012757885 0.00022579180394607362 -0.0075539123190238198
leaf_weight=222 196 132 288 151 5764 58
leaf_count=222 196 132 288 151 5764 58
internal_value=4.22402e-06 8.29469e-05 6.88542e-06 -0.00157217 0.000124491 -0.00209579
internal_weight=6811 6589 6457 439 6018 254
internal_count=6811 6589 6457 439 6018 254
is_linear=0
shrinkage=0.01


Tree=792
num_leaves=7
num_cat=0
split_feature=8 7 8 20 7 3
split_gain=12.774 47.2434 22.9508 59.0142 54.7949 29.0877
threshold=705.00000000000011 188.69580000000005 963.50000000000011 32.000000000000036 27.660150000000005 0.26934519566472664
decision_type=2 2 2 10 2 2
left_child=1 -1 3 -2 -5 -6
right_child=2 -3 -4 4 5 -7
leaf_value=-0.0099457328766584391 -0.00231337004749895 0.00031291825211136252 -4.6000279700754752e-05 -0.0012919332581971374 0.014171284933884937 0.0034093245381955056
leaf_weight=50 129 176 6281 60 65 50
leaf_count=50 129 176 6281 60 65 50
internal_value=4.0292e-06 -0.00228195 8.58263e-05 0.00272424 0.006362 0.0101392
internal_weight=6811 226 6585 304 175 115
internal_count=6811 226 6585 304 175 115
is_linear=0
shrinkage=0.01


Tree=793
num_leaves=7
num_cat=0
split_feature=8 7 9 19 6 20
split_gain=12.5656 46.4559 29.8152 46.7937 26.3311 33.6225
threshold=705.00000000000011 188.69580000000005 0.0093764659380542667 292.91001890927907 1.0000000180025095e-35 35.300000000000018
decision_type=2 2 2 10 2 10
left_child=1 -1 4 -4 -2 -6
right_child=2 -3 3 -5 5 -7
leaf_value=-0.0098628518804907798 0.00024508727631015114 0.00030995728713410195 0.010780975712519703 -0.00064905002626568773 -0.0029236871593520857 0.0011149399439557292
leaf_weight=50 5543 176 56 76 607 303
leaf_count=50 5543 176 56 76 607 303
internal_value=4.05189e-06 -0.00226322 8.51792e-05 0.00461779 -1.45396e-05 -0.00158146
internal_weight=6811 226 6585 132 6453 910
internal_count=6811 226 6585 132 6453 910
is_linear=0
shrinkage=0.01


Tree=794
num_leaves=7
num_cat=0
split_feature=8 17 17 8 21 0
split_gain=12.3599 44.2789 33.8755 22.516 44.221 47.4521
threshold=705.00000000000011 233.23666666666693 293.14166666666705 963.50000000000011 16.294166666666687 1.0043020516136354
decision_type=2 10 10 2 10 2
left_child=1 -1 -3 4 -2 -6
right_child=3 2 -4 -5 5 -7
leaf_value=0.0027489099569864713 -0.0009516607659191069 -0.0097635598766595815 0.00028982088668271899 -4.611355232220678e-05 0.00055970292403755418 0.011725267472097695
leaf_weight=96 159 76 54 6281 73 72
leaf_count=96 159 76 54 6281 73 72
internal_value=3.99693e-06 -0.00224463 -0.00586513 8.44574e-05 0.00269776 0.00650276
internal_weight=6811 226 130 6585 304 145
internal_count=6811 226 130 6585 304 145
is_linear=0
shrinkage=0.01


Tree=795
num_leaves=7
num_cat=0
split_feature=15 11 19 21 19 19
split_gain=12.0969 14.7763 15.0507 27.6167 46.5721 49.2291
threshold=10.696579570763875 0.048140424150012469 287.67617530298065 17.650833333333328 290.18842251883024 289.4540326951323
decision_type=2 2 10 10 10 10
left_child=1 2 -1 -4 5 -5
right_child=-2 -3 3 4 -6 -7
leaf_value=-0.00070376485241135716 -0.0025043336130469479 -0.0031517565390932634 0.0012116078144112333 0.00015830540768802166 7.9170473543570773e-05 -0.010145206835733628
leaf_weight=1578 177 129 2305 90 2447 85
leaf_count=1578 177 129 2305 90 2447 85
internal_value=4.02385e-06 7.46173e-05 0.000143339 0.000415522 -0.000286262 -0.00512413
internal_weight=6811 6634 6505 4927 2622 175
internal_count=6811 6634 6505 4927 2622 175
is_linear=0
shrinkage=0.01


Tree=796
num_leaves=7
num_cat=0
split_feature=8 5 0 8 20 0
split_gain=12.1498 41.8603 40.5271 22.1059 57.2819 43.4659
threshold=705.00000000000011 1.3779761904761907 0.9045054571356631 963.50000000000011 32.000000000000036 1.0043020516136354
decision_type=2 2 2 2 10 2
left_child=1 2 -1 4 -2 -6
right_child=3 -3 -4 -5 5 -7
leaf_value=-0.006124343260598835 -0.0022896101317710156 -0.0089861273404323698 0.0036490705904979556 -4.5839302230666796e-05 0.001287423083468259 0.011140786657798225
leaf_weight=54 129 56 116 6281 93 82
leaf_count=54 129 56 116 6281 93 82
internal_value=3.76288e-06 -0.00222568 0.000376805 8.35369e-05 0.00267293 0.00625706
internal_weight=6811 226 170 6585 304 175
internal_count=6811 226 170 6585 304 175
is_linear=0
shrinkage=0.01


Tree=797
num_leaves=7
num_cat=0
split_feature=13 14 13 13 8 8
split_gain=12.2448 25.6026 18.5956 14.567 75.995 80.0094
threshold=55.119286135364227 0.39558454641884161 73.32112829862551 37.446588971228628 1618.5000000000002 916.50000000000011
decision_type=2 2 2 2 2 2
left_child=3 2 -2 -1 5 -5
right_child=1 -3 -4 4 -6 -7
leaf_value=-3.7075146581368639e-05 -0.005243069990714817 0.0012131899197693522 0.00036174590191605715 0.00097533589042723176 -0.00083641928181584391 0.013947523119751105
leaf_weight=5761 181 189 84 110 410 76
leaf_count=5761 181 189 84 110 410 76
internal_value=3.70518e-06 -0.00156465 -0.0035179 0.000117994 0.00159279 0.00671698
internal_weight=6811 454 265 6357 596 186
internal_count=6811 454 265 6357 596 186
is_linear=0
shrinkage=0.01


Tree=798
num_leaves=7
num_cat=0
split_feature=8 5 0 5 16 19
split_gain=11.9616 41.1341 39.8345 21.783 58.3744 46.0992
threshold=705.00000000000011 1.3779761904761907 0.9045054571356631 1.4290195941402677 319.05000000000007 291.21086527797667
decision_type=2 2 2 2 10 10
left_child=1 2 -1 -2 5 -5
right_child=3 -3 -4 4 -6 -7
leaf_value=-0.0060736139593063855 -5.5035929333709553e-05 -0.0089098207906565894 0.0036159090745070629 0.0094711373570920306 -0.0036513480717050178 0.0009304404778662941
leaf_weight=54 6235 56 116 113 102 135
leaf_count=54 6235 56 116 113 102 135
internal_value=3.82033e-06 -0.00220828 0.000371629 8.2974e-05 0.00247476 0.00503823
internal_weight=6811 226 170 6585 350 248
internal_count=6811 226 170 6585 350 248
is_linear=0
shrinkage=0.01


Tree=799
num_leaves=7
num_cat=0
split_feature=17 0 19 3 11 17
split_gain=11.9621 11.8028 14.2166 25.5424 10.6222 10.5939
threshold=323.28999999999974 1.2673108119294263 285.85936517312086 0.53743015800773397 0.005461940290605218 194.36166666666725
decision_type=8 2 10 2 2 10
left_child=1 4 -3 -4 -1 -6
right_child=-2 2 3 -5 5 -7
leaf_value=-0.0041340212882565921 0.0018522491903035893 -0.0018811923481416013 0.0074514495250010901 -0.00015301729291677477 0.0011342651535113978 -0.00026472976683086373
leaf_weight=57 323 59 76 90 589 5617
leaf_count=57 323 59 76 90 589 5617
internal_value=3.71363e-06 -9.10231e-05 0.00210945 0.00355411 -0.000173312 -0.000130343
internal_weight=6811 6488 225 166 6263 6206
internal_count=6811 6488 225 166 6263 6206
is_linear=0
shrinkage=0.01


Tree=800
num_leaves=7
num_cat=0
split_feature=8 14 8 20 14 5
split_gain=11.7922 44.2791 21.5137 56.453 35.9592 19.1285
threshold=705.00000000000011 1.3281187770089848 963.50000000000011 32.000000000000036 0.85204589336869108 1.2900506216947416
decision_type=2 2 2 10 2 2
left_child=1 -1 3 -2 -5 -3
right_child=2 5 -4 4 -6 -7
leaf_value=-0.0096121809358398133 -0.0022888247138090271 0.0024782122482164678 -4.5305110482866136e-05 0.00011497221698330061 0.0094016067477420348 -0.0041852605296298865
leaf_weight=50 129 122 6281 64 111 54
leaf_count=50 129 122 6281 64 111 54
internal_value=3.73519e-06 -0.00219264 8.23262e-05 0.0026368 0.00619515 0.000318642
internal_weight=6811 226 6585 304 175 176
internal_count=6811 226 6585 304 175 176
is_linear=0
shrinkage=0.01


Tree=801
num_leaves=7
num_cat=0
split_feature=13 10 2 11 20 0
split_gain=12.0081 21.8053 19.0473 40.7464 19.9832 32.1943
threshold=55.119286135364227 0.019127469374742578 0.68058377164761319 0.0088032195105652248 38.200000000000024 0.99209874336538217
decision_type=2 2 2 2 10 2
left_child=2 -2 3 -1 -5 -6
right_child=1 -3 -4 4 5 -7
leaf_value=0.006096480083788121 -0.0061631476772683004 -0.00051603991178462126 -0.00067826037902006682 0.00050055832394402863 -5.659366293081966e-05 -0.0076856125994950912
leaf_weight=116 74 380 2037 3950 185 69
leaf_count=116 74 380 2037 3950 185 69
internal_value=3.6372e-06 -0.00154948 0.000116816 0.000492418 0.000323686 -0.00234166
internal_weight=6811 454 6357 4320 4204 254
internal_count=6811 454 6357 4320 4204 254
is_linear=0
shrinkage=0.01


Tree=802
num_leaves=7
num_cat=0
split_feature=13 14 13 10 10 19
split_gain=11.7893 25.145 18.1779 21.268 16.769 16.7047
threshold=55.119286135364227 0.39558454641884161 73.32112829862551 0.025207744200995402 0.012912422760932447 280.89500000000004
decision_type=2 2 2 2 2 8
left_child=4 2 3 -2 -1 -6
right_child=1 -3 -4 -5 5 -7
leaf_value=0.0049143084485937533 -0.0092418953015779466 0.0012169108524931428 0.00036386030691457869 -0.0021783625070626537 -0.0021403820434432487 0.00018073213214192242
leaf_weight=62 68 189 84 113 317 5978
leaf_count=62 68 189 84 113 317 5978
internal_value=3.47618e-06 -0.00153543 -0.00347129 -0.005177 0.000115619 6.06374e-05
internal_weight=6811 454 265 181 6357 6295
internal_count=6811 454 265 181 6357 6295
is_linear=0
shrinkage=0.01


Tree=803
num_leaves=7
num_cat=0
split_feature=6 0 14 5 0 2
split_gain=11.9675 32.1911 41.3871 32.3296 24.0316 23.3286
threshold=1.0000000180025095e-35 0.93609175630598929 0.58728695636357042 1.4290195941402677 1.0736245078108024 0.41917404857942125
decision_type=2 2 2 2 2 2
left_child=5 3 4 -2 -3 -1
right_child=1 2 -4 -5 -6 -7
leaf_value=0.0013592876171977578 -0.00043320762420779566 -0.0029942012638646633 -0.0068952305333954949 0.0072161446084253126 0.0045075778760695576 -0.00016195077264388139
leaf_weight=1282 578 91 165 51 64 4580
leaf_count=1282 578 91 165 51 64 4580
internal_value=3.34048e-06 -0.00103239 -0.00356218 0.000290233 0.000188766 0.000172487
internal_weight=6811 949 320 629 155 5862
internal_count=6811 949 320 629 155 5862
is_linear=0
shrinkage=0.01


Tree=804
num_leaves=7
num_cat=0
split_feature=15 11 19 16 7 12
split_gain=11.8342 14.5156 14.6096 85.8537 36.7066 57.3688
threshold=10.696579570763875 0.048140424150012469 287.67617530298065 321.25000000000006 464.52510000000007 0.45113871635610775
decision_type=2 2 10 10 2 2
left_child=1 2 3 4 -1 -6
right_child=-2 -3 -4 -5 5 -7
leaf_value=-0.00068919014543352027 -0.0024776307236462993 -0.0031246119739300159 0.00040944679744174929 -0.0067159313003722467 0.0063784079376789857 -0.0021641724024906413
leaf_weight=1066 177 129 4927 196 195 121
leaf_count=1066 177 129 4927 196 195 121
internal_value=3.34517e-06 7.31689e-05 0.000141282 -0.000693314 0.000202944 0.00314131
internal_weight=6811 6634 6505 1578 1382 316
internal_count=6811 6634 6505 1578 1382 316
is_linear=0
shrinkage=0.01


Tree=805
num_leaves=7
num_cat=0
split_feature=13 22 2 21 7 13
split_gain=11.6204 20.3808 18.5112 29.4341 86.8795 58.6727
threshold=55.119286135364227 -1.5999999999999657 0.68058377164761319 17.650833333333328 357.75855000000007 17.877604077128598
decision_type=2 8 2 10 2 2
left_child=2 -2 3 4 -1 -5
right_child=1 -3 -4 5 -6 -7
leaf_value=0.00045840585325168003 -0.0046807693488712257 -0.00012882309679309445 -0.00066927988147899369 -0.0012284548920538088 0.0059516258511099632 0.0042442792964478334
leaf_weight=2275 132 322 2037 1510 320 215
leaf_count=2275 132 322 2037 1510 320 215
internal_value=3.18881e-06 -0.00152465 0.000114526 0.000484805 0.00115604 -0.000525815
internal_weight=6811 454 6357 4320 2595 1725
internal_count=6811 454 6357 4320 2595 1725
is_linear=0
shrinkage=0.01


Tree=806
num_leaves=7
num_cat=0
split_feature=17 15 15 6 16 5
split_gain=11.853 14.4451 19.8248 14.9975 31.7369 51.0036
threshold=323.28999999999974 9.8750780850906139 9.6445144440292427 1.0000000180025095e-35 253.85000000000005 1.4290195941402677
decision_type=8 2 2 2 10 2
left_child=1 2 3 -1 5 -5
right_child=-2 -3 -4 4 -6 -7
leaf_value=0.00011802873723117372 0.0018433036139604074 -0.0024287671946157797 0.0038683597048601282 -0.00083808801842853427 -0.0027752110764678447 0.0090603187567356858
leaf_weight=5300 323 244 120 240 528 56
leaf_count=5300 323 244 120 240 528 56
internal_value=3.21479e-06 -9.10883e-05 3.99981e-06 -7.79054e-05 -0.00132447 0.00126947
internal_weight=6811 6488 6244 6124 824 296
internal_count=6811 6488 6244 6124 824 296
is_linear=0
shrinkage=0.01


Tree=807
num_leaves=7
num_cat=0
split_feature=17 22 21 13 0 10
split_gain=11.6445 14.2223 13.1014 55.9829 74.5643 80.3341
threshold=325.3450000000002 7.6000000000000236 17.498333333333356 17.877604077128598 1.0002375396795216 0.028505233500555203
decision_type=8 10 10 2 2 2
left_child=2 -2 -1 4 -4 -6
right_child=1 -3 3 -5 5 -7
leaf_value=0.00029830604860601692 0.00067955748205323046 0.0060940872217443856 -0.00046878038997523366 0.002890946435875084 -0.012405966498088419 -0.0019083283275779751
leaf_weight=3828 195 56 2030 383 104 215
leaf_count=3828 195 56 2030 383 104 215
internal_value=3.31235e-06 0.00207479 -7.89841e-05 -0.000606792 -0.00118693 -0.00560381
internal_weight=6811 251 6560 2732 2349 319
internal_count=6811 251 6560 2732 2349 319
is_linear=0
shrinkage=0.01


Tree=808
num_leaves=7
num_cat=0
split_feature=8 7 5 15 21 8
split_gain=11.9699 43.778 21.0968 50.4811 18.5322 17.0196
threshold=705.00000000000011 188.69580000000005 1.4290195941402677 3.3574653292706143 16.460000000000001 1127.0000000000002
decision_type=2 2 2 2 10 2
left_child=1 -1 -2 5 -3 -4
right_child=2 4 3 -5 -6 -7
leaf_value=-0.0095869447290897365 -5.3429082481453782e-05 -0.0032772189346585603 0.0011594905554598014 -0.0039499511589345176 0.0029377081887131291 0.0064573100719054963
leaf_weight=50 6235 74 101 85 102 164
leaf_count=50 6235 74 101 85 102 164
internal_value=3.20857e-06 -0.00220966 8.23905e-05 0.00243619 0.000288908 0.00455373
internal_weight=6811 226 6585 350 176 265
internal_count=6811 226 6585 350 176 265
is_linear=0
shrinkage=0.01


Tree=809
num_leaves=7
num_cat=0
split_feature=1 13 10 13 10 18
split_gain=11.605 12.5821 21.4685 17.5935 15.5529 16.7129
threshold=0.77558191576323687 55.119286135364227 0.019127469374742578 57.988932715106976 0.012912422760932447 0.0069743967105340169
decision_type=2 2 2 2 2 2
left_child=-1 4 -3 -4 -2 -6
right_child=1 2 3 -5 5 -7
leaf_value=-0.0021951615547857665 0.0048200497505927666 -0.0060897145675317876 -0.0032685845724626122 0.001128811922236958 -0.00052264649234222893 0.00055514364401098085
leaf_weight=222 62 74 133 241 2316 3763
leaf_count=222 62 74 133 241 2316 3763
internal_value=3.08393e-06 8.03626e-05 -0.0015188 -0.000479364 0.000199305 0.000144339
internal_weight=6811 6589 448 374 6141 6079
internal_count=6811 6589 448 374 6141 6079
is_linear=0
shrinkage=0.01


Tree=810
num_leaves=7
num_cat=0
split_feature=16 12 7 2 17 7
split_gain=11.6274 11.3895 22.0318 25.7033 35.8106 61.0184
threshold=344.00000000000006 2.9727379293480429 13.320000000000002 0.68058377164761319 192.90000000000009 464.52510000000007
decision_type=8 2 2 2 8 2
left_child=1 2 -1 4 5 -4
right_child=-2 -3 3 -5 -6 -7
leaf_value=-0.001190429551475391 0.0026841779292525749 -0.00094784178368030928 5.2090490069531374e-05 -0.00069400126781309611 0.00060191365587240829 0.0094749734467115456
leaf_weight=1016 148 1179 150 1385 2816 117
leaf_count=1016 148 1179 150 1385 2816 117
internal_value=2.97139e-06 -6.05173e-05 0.000131626 0.000434241 0.000941695 0.00437421
internal_weight=6811 6663 5484 4468 3083 267
internal_count=6811 6663 5484 4468 3083 267
is_linear=0
shrinkage=0.01


Tree=811
num_leaves=7
num_cat=0
split_feature=11 9 1 2 20 7
split_gain=11.369 15.067 30.8734 16.223 40.1721 60.7763
threshold=0.047872774178131787 0.0093764659380542667 1.4176819274761803 0.33400476270902918 37.800000000000018 666.19845000000009
decision_type=2 2 2 2 8 2
left_child=1 3 -3 4 5 -1
right_child=-2 2 -4 -5 -6 -7
leaf_value=0.00094933055578255048 -0.0026831867634742098 -0.001399661475768337 0.0078262859603313549 -0.00019551853028000588 -0.0065602158611548734 0.010266409154312732
leaf_weight=714 144 67 63 5704 51 68
leaf_count=714 144 67 63 5704 51 68
internal_value=3.08802e-06 6.50403e-05 0.00331104 -4.47087e-06 0.00129054 0.00187891
internal_weight=6811 6667 130 6537 833 782
internal_count=6811 6667 130 6537 833 782
is_linear=0
shrinkage=0.01


Tree=812
num_leaves=7
num_cat=0
split_feature=19 14 10 17 14 1
split_gain=11.6345 75.6413 51.6475 55.9611 24.984 26.1392
threshold=287.67617530298065 0.099838843299926511 0.032930148913952288 220.55833333333359 0.13434486914831603 1.4445118306166871
decision_type=10 2 2 10 2 2
left_child=1 2 3 -1 -2 -6
right_child=4 -3 -4 -5 5 -7
leaf_value=0.011152662915442516 -0.0015464449280624499 -0.0017745917626297199 -0.0041313382405517756 0.0014575465577310765 -1.0427679650644704e-05 0.0016265729957534534
leaf_weight=99 676 1309 59 139 3120 1409
leaf_count=99 676 1309 59 139 3120 1409
internal_value=3.1774e-06 -0.000738202 0.00373861 0.00577748 0.000232906 0.000501315
internal_weight=6811 1606 297 238 5205 4529
internal_count=6811 1606 297 238 5205 4529
is_linear=0
shrinkage=0.01


Tree=813
num_leaves=7
num_cat=0
split_feature=17 19 20 13 19 10
split_gain=11.598 27.9394 21.4676 38.298 31.1205 27.5627
threshold=301.62666666666661 287.01071866945534 31.800000000000015 19.042494407911693 290.07848529368482 0.024788927380572149
decision_type=8 10 8 2 10 2
left_child=-1 -2 3 5 -4 -3
right_child=1 2 4 -5 -6 -7
leaf_value=-0.00025654795607995634 -0.0053363133601844314 0.011127957850403618 -0.006339253029128647 -0.00033827024888571195 0.00059481434536002643 0.0032526517691072623
leaf_weight=4878 65 54 58 220 1340 196
leaf_count=4878 65 54 58 220 1340 196
internal_value=3.24493e-06 0.000656789 0.000892632 0.00271757 0.000264155 0.00531629
internal_weight=6811 1933 1868 470 1398 250
internal_count=6811 1933 1868 470 1398 250
is_linear=0
shrinkage=0.01


Tree=814
num_leaves=7
num_cat=0
split_feature=0 13 4 0 13 7
split_gain=11.438 15.8375 12.6197 11.51 73.7645 30.7194
threshold=1.2673108119294263 11.795512369064053 -0.045687510667665805 1.0662755758996676 0.91672123951966511 565.2225000000002
decision_type=2 2 2 2 2 2
left_child=3 2 -2 -1 -5 -6
right_child=1 -3 -4 4 5 -7
leaf_value=6.9444412087630967e-05 0.0033733595237135888 0.0054348993911356716 -0.0021745441761808564 -0.0083185393548744734 -0.0011581676150619342 0.003969187349807354
leaf_weight=5888 60 81 89 113 431 149
leaf_count=5888 60 81 89 113 431 149
internal_value=3.25213e-06 0.00214763 0.000131165 -7.48366e-05 -0.00128426 0.000203981
internal_weight=6811 230 149 6581 693 580
internal_count=6811 230 149 6581 693 580
is_linear=0
shrinkage=0.01


Tree=815
num_leaves=7
num_cat=0
split_feature=6 9 0 15 0 19
split_gain=11.5849 49.5647 39.3069 29.5757 25.7998 21.9488
threshold=1.0000000180025095e-35 0.008567912871042218 0.93609175630598929 0.91306081359354441 1.0736245078108024 291.0591658293489
decision_type=2 2 2 2 2 10
left_child=5 2 -2 4 -4 -1
right_child=1 -3 3 -5 -6 -7
leaf_value=-0.00046850803580393509 -0.00013869185967337768 0.0076539108112844969 -0.0043608819607775223 -0.0073106993997798242 0.0041130855733588819 0.00075443722115141885
leaf_weight=2804 609 52 76 160 52 3058
leaf_count=2804 609 52 76 160 52 3058
internal_value=3.23714e-06 -0.0010158 -0.00159724 -0.0045733 -0.000869743 0.000169658
internal_weight=6811 949 897 288 128 5862
internal_count=6811 949 897 288 128 5862
is_linear=0
shrinkage=0.01


Tree=816
num_leaves=7
num_cat=0
split_feature=17 13 13 14 17 22
split_gain=11.3877 11.6183 35.2108 47.999 48.5304 29.4851
threshold=323.28999999999974 46.681621175590799 37.446588971228628 0.46893308827239982 264.23666666666696 -1.5999999999999657
decision_type=8 2 2 2 10 10
left_child=1 2 -1 -4 -5 -3
right_child=-2 5 3 4 -6 -7
leaf_value=-0.00014784184024086604 0.0018068194260132742 -0.0044844553083053093 0.00015853021006087889 0.0014527699267491698 0.013382601859048009 8.9517234410108108e-05
leaf_weight=5492 323 196 223 70 62 445
leaf_count=5492 323 196 223 70 62 445
internal_value=3.20834e-06 -8.92254e-05 5.17809e-05 0.00305947 0.00760401 -0.00135648
internal_weight=6811 6488 5847 355 132 641
internal_count=6811 6488 5847 355 132 641
is_linear=0
shrinkage=0.01


Tree=817
num_leaves=7
num_cat=0
split_feature=6 14 5 22 2 22
split_gain=11.3879 31.1395 23.8748 26.292 22.2986 19.4477
threshold=1.0000000180025095e-35 0.74076415414800711 1.6836912700184239 6.8000000000000123 0.41917404857942125 -2.7999999999999825
decision_type=2 2 2 8 2 10
left_child=4 2 3 -2 5 -1
right_child=1 -3 -4 -5 -6 -7
leaf_value=-0.00036220699575961984 -0.0019998420374833744 -0.0031380920347059142 0.0052358881843586761 0.0028586882512900047 -0.00015861528583364519 0.0022152060541780656
leaf_weight=443 321 390 80 158 4580 839
leaf_count=443 321 390 80 158 4580 839
internal_value=3.35597e-06 -0.00100698 0.000508861 -0.00037155 0.000168356 0.00132866
internal_weight=6811 949 559 479 5862 1282
internal_count=6811 949 559 479 5862 1282
is_linear=0
shrinkage=0.01


Tree=818
num_leaves=7
num_cat=0
split_feature=0 10 2 0 0 17
split_gain=11.2696 16.7561 13.5184 36.0504 41.4756 30.5344
threshold=1.2673108119294263 0.017332036676623436 0.51691794760825449 1.1270494569862775 1.043542462574236 169.87666666666658
decision_type=2 2 2 2 2 10
left_child=2 -2 3 4 5 -1
right_child=1 -3 -4 -5 -6 -7
leaf_value=0.0063799198293127126 0.0062518482633999416 0.00041129729105159643 -0.00043708785812976789 -0.0051158164898780258 0.0046879630655360721 8.8807418078061068e-05
leaf_weight=70 60 170 4006 100 230 2175
leaf_count=70 60 170 4006 100 230 2175
internal_value=3.39058e-06 0.00213193 -7.41216e-05 0.000490062 0.000736237 0.000312389
internal_weight=6811 230 6581 2575 2475 2245
internal_count=6811 230 6581 2575 2475 2245
is_linear=0
shrinkage=0.01


Tree=819
num_leaves=7
num_cat=0
split_feature=15 9 7 15 15 2
split_gain=11.3926 14.0211 13.3261 22.6721 21.7725 21.5407
threshold=10.696579570763875 -0.00028282828282828303 3.8781000000000003 1.2902181844785909 2.323547636242187 0.66658905693297787
decision_type=2 2 2 2 2 2
left_child=2 -2 3 -1 -5 -4
right_child=1 -3 5 4 -6 -7
leaf_value=-0.0029954905951707035 0.00023935843757741775 -0.0052138518374739888 0.00062628709183988412 0.0064277095234720038 -0.0016073449687100947 -0.00060472661268691106
leaf_weight=313 95 82 4012 50 70 2189
leaf_count=313 95 82 4012 50 70 2189
internal_value=3.53653e-06 -0.0024307 7.20446e-05 -0.00160377 0.0019775 0.000191456
internal_weight=6811 177 6634 433 120 6201
internal_count=6811 177 6634 433 120 6201
is_linear=0
shrinkage=0.01


Tree=820
num_leaves=7
num_cat=0
split_feature=16 13 14 14 20 7
split_gain=11.2989 14.2155 28.9456 15.5971 50.8484 51.2653
threshold=344.00000000000006 55.119286135364227 0.39558454641884161 0.78060461047799456 31.600000000000026 1697.5800000000002
decision_type=8 2 2 2 8 2
left_child=1 3 -3 4 5 -1
right_child=-2 2 -4 -5 -6 -7
leaf_value=0.0012549719700910822 0.0026465132079216873 -0.0039182821471738091 0.0011855717931579495 -0.00047085894084173362 -0.00073585149357659587 0.0081305612439019053
leaf_weight=1600 148 253 186 2897 1620 107
leaf_count=1600 148 253 186 2897 1620 107
internal_value=3.4553e-06 -5.91309e-05 -0.00177759 6.47346e-05 0.000531119 0.0017308
internal_weight=6811 6663 439 6224 3327 1707
internal_count=6811 6663 439 6224 3327 1707
is_linear=0
shrinkage=0.01


Tree=821
num_leaves=7
num_cat=0
split_feature=17 11 18 21 17 15
split_gain=11.2389 18.3252 28.878 28.4613 20.2885 18.3175
threshold=301.62666666666661 0.024351395750452469 0.0092476956614456745 27.549166666666693 299.60666666666691 0.13462323613906763
decision_type=8 2 2 10 10 2
left_child=1 2 3 5 -3 -1
right_child=-2 4 -4 -5 -6 -7
leaf_value=0.0028181497950506753 0.00064688743561248582 -0.0016672763877527807 0.0015054016105141149 -0.006942474940001513 0.0041952713457719679 -0.00051143582395038207
leaf_weight=167 1933 1082 1028 56 53 2492
leaf_count=167 1933 1082 1028 56 53 2492
internal_value=3.53939e-06 -0.000252201 8.62253e-05 -0.00045468 -0.00135927 -0.000292544
internal_weight=6811 4878 3743 2715 1135 2659
internal_count=6811 4878 3743 2715 1135 2659
is_linear=0
shrinkage=0.01


Tree=822
num_leaves=7
num_cat=0
split_feature=8 7 8 20 7 17
split_gain=11.7934 42.9753 20.1877 54.7687 51.1588 19.5172
threshold=705.00000000000011 188.69580000000005 963.50000000000011 32.000000000000036 27.660150000000005 233.23666666666693
decision_type=2 2 2 10 2 10
left_child=1 -1 3 -2 -5 -3
right_child=2 5 -4 4 -6 -7
leaf_value=-0.009502307921648025 -0.0022928669347206678 0.0033924996623263173 -4.1539075021231974e-05 -0.0013228124530453766 0.0097126200638711462 -0.0029202437208792598
leaf_weight=50 129 89 6281 60 115 87
leaf_count=50 129 89 6281 60 115 87
internal_value=3.50464e-06 -0.00219299 8.21e-05 0.0025566 0.00606206 0.000282763
internal_weight=6811 226 6585 304 175 176
internal_count=6811 226 6585 304 175 176
is_linear=0
shrinkage=0.01


Tree=823
num_leaves=7
num_cat=0
split_feature=6 0 15 7 16 0
split_gain=11.226 31.6682 50.1151 42.6041 28.5712 25.0235
threshold=1.0000000180025095e-35 0.93609175630598929 0.98669152895064438 136.64475000000002 254.65000000000006 1.0736245078108024
decision_type=2 2 2 2 10 2
left_child=-1 3 5 -2 -5 -3
right_child=1 2 -4 4 -6 -7
leaf_value=0.00016724820920415974 -0.0012621813130928045 -0.0025510242504557384 -0.0070039258668799708 0.0092402388651326699 0.00098409092507069622 0.0053032087853976664
leaf_weight=5862 462 87 173 64 103 60
leaf_count=5862 462 87 173 64 103 60
internal_value=3.42599e-06 -0.000999701 -0.00350892 0.000311785 0.00449141 0.000788377
internal_weight=6811 949 320 629 167 147
internal_count=6811 949 320 629 167 147
is_linear=0
shrinkage=0.01


Tree=824
num_leaves=7
num_cat=0
split_feature=8 9 19 19 6 19
split_gain=11.6119 27.6924 44.2914 27.3938 24.1226 31.3318
threshold=705.00000000000011 0.0093764659380542667 292.91001890927907 292.37290799096024 1.0000000180025095e-35 291.0591658293489
decision_type=2 2 10 10 2 10
left_child=3 4 -3 -1 5 -2
right_child=1 2 -4 -5 -6 -7
leaf_value=0.00011929198979064389 -0.00054979985872394786 0.010446239382480129 -0.00066965993147256766 -0.0072171364966276529 -0.0015144136987434215 0.0009526514543519468
leaf_weight=162 2653 56 76 64 910 2890
leaf_count=162 2653 56 76 64 910 2890
internal_value=3.46324e-06 8.14515e-05 0.00444973 -0.00217606 -1.46508e-05 0.000233851
internal_weight=6811 6585 132 226 6453 5543
internal_count=6811 6585 132 226 6453 5543
is_linear=0
shrinkage=0.01


Tree=825
num_leaves=7
num_cat=0
split_feature=0 22 21 0 16 3
split_gain=11.166 21.3133 33.321 11.3639 48.9895 50.4875
threshold=1.2673108119294263 -0.89999999999997715 16.105000000000022 1.0662755758996676 330.25000000000006 0.36845372503541823
decision_type=2 10 10 2 10 2
left_child=3 -2 -3 -1 5 -5
right_child=1 2 -4 4 -6 -7
leaf_value=6.9657786899576912e-05 -0.001317086643496648 0.010280174244816104 0.00039643593214370396 0.0014365101999666947 -0.009690936160170369 -0.0045257594428308639
leaf_weight=5888 99 50 81 443 53 197
leaf_count=5888 99 50 81 443 53 197
internal_value=3.45158e-06 0.00212218 0.0046304 -7.37036e-05 -0.00127542 -0.000440143
internal_weight=6811 230 131 6581 693 640
internal_count=6811 230 131 6581 693 640
is_linear=0
shrinkage=0.01


Tree=826
num_leaves=7
num_cat=0
split_feature=1 16 19 17 2 3
split_gain=11.1433 16.1663 11.1047 24.8049 15.7849 24.2276
threshold=0.77558191576323687 344.00000000000006 280.33494572565115 151.80999999999963 0.28385749713381719 0.071941024337263224
decision_type=2 8 8 10 2 2
left_child=-1 2 -2 -4 5 -5
right_child=1 -3 3 4 -6 -7
leaf_value=-0.0021507102941516146 -0.0019459182447186375 0.0034167218259798077 0.0051371621798413491 0.00013357505429832434 -0.00014008646181542703 0.0047124161109328277
leaf_weight=222 269 132 86 342 5595 165
leaf_count=222 269 132 86 342 5595 165
internal_value=3.36794e-06 7.90934e-05 5.68471e-06 9.3526e-05 1.41536e-05 0.00168606
internal_weight=6811 6589 6457 6188 6102 507
internal_count=6811 6589 6457 6188 6102 507
is_linear=0
shrinkage=0.01


Tree=827
num_leaves=7
num_cat=0
split_feature=8 14 8 21 0 21
split_gain=11.4031 41.4521 19.7506 40.8985 44.335 21.1966
threshold=705.00000000000011 1.3281187770089848 963.50000000000011 16.294166666666687 1.0043020516136354 15.106666666666674
decision_type=2 2 2 10 2 10
left_child=1 -1 3 5 -5 -2
right_child=2 -3 -4 4 -6 -7
leaf_value=-0.0093349714527527494 0.0015870427838566468 0.00027523988779003342 -4.1540227331860597e-05 0.00045588511334036493 0.011235663761134917 -0.005660553993056378
leaf_weight=50 107 176 6281 73 72 52
leaf_count=50 107 176 6281 73 72 52
internal_value=3.4686e-06 -0.00215637 8.07525e-05 0.00252832 0.00618815 -0.000977931
internal_weight=6811 226 6585 304 145 159
internal_count=6811 226 6585 304 145 159
is_linear=0
shrinkage=0.01


Tree=828
num_leaves=7
num_cat=0
split_feature=17 21 14 17 0 3
split_gain=11.011 14.4349 45.6313 46.4793 60.4679 52.6444
threshold=323.28999999999974 17.613333333333362 0.17021881020370608 217.47500000000068 0.99978550113948206 0.15255959774962982
decision_type=8 10 2 10 2 2
left_child=1 2 3 5 -5 -1
right_child=-2 -3 -4 4 -6 -7
leaf_value=0.014068449170130198 0.0017769418113108785 -0.00065888177945939747 -0.00029241232471134362 -0.0014798463224533385 0.0048353618700076838 0.0031635502479672073
leaf_weight=51 323 2622 2982 409 228 196
leaf_count=51 323 2622 2982 409 228 196
internal_value=3.41216e-06 -8.74803e-05 0.000300756 0.00228258 0.000820341 0.00587497
internal_weight=6811 6488 3866 884 637 247
internal_count=6811 6488 3866 884 637 247
is_linear=0
shrinkage=0.01


Tree=829
num_leaves=7
num_cat=0
split_feature=8 17 17 8 17 10
split_gain=11.1774 41.3574 33.1388 19.4347 39.9332 41.3159
threshold=705.00000000000011 233.23666666666693 293.14166666666705 963.50000000000011 275.50999999999937 0.029067438789956265
decision_type=2 10 10 2 10 2
left_child=1 -1 -3 4 -2 -6
right_child=3 2 -4 -5 5 -7
leaf_value=0.0026891009413795371 -0.00046500594086330577 -0.0094909904342751171 0.00042809044243767856 -4.110367790428501e-05 0.011892765616657029 0.00048367713470065938
leaf_weight=96 184 76 54 6281 61 59
leaf_count=96 184 76 54 6281 61 59
internal_value=3.69198e-06 -0.00213467 -0.00563448 8.02071e-05 0.00250812 0.006752
internal_weight=6811 226 130 6585 304 120
internal_count=6811 226 130 6585 304 120
is_linear=0
shrinkage=0.01


Tree=830
num_leaves=7
num_cat=0
split_feature=15 0 20 0 2 0
split_gain=11.1367 13.1865 11.1465 34.9423 19.5855 36.1013
threshold=10.696579570763875 0.79832772052381296 38.500000000000036 1.0002375396795216 0.33400476270902918 1.1178622654195449
decision_type=2 2 10 2 2 2
left_child=2 -2 4 -4 5 -1
right_child=1 -3 3 -5 -6 -7
leaf_value=0.0021656185659562344 0.00081345717151262188 -0.0045340392265107339 0.00029546142596906672 -0.0062297361824465427 -4.3862789800076964e-05 -0.0058502472155406828
leaf_weight=771 73 104 290 104 5418 51
leaf_count=771 73 104 290 104 5418 51
internal_value=3.73564e-06 -0.00240301 7.14696e-05 -0.00153849 0.000175423 0.00160395
internal_weight=6811 177 6634 394 6240 822
internal_count=6811 177 6634 394 6240 822
is_linear=0
shrinkage=0.01


Tree=831
num_leaves=7
num_cat=0
split_feature=13 14 13 10 10 6
split_gain=11.0552 23.9558 17.5128 20.5528 15.0046 14.9666
threshold=55.119286135364227 0.39558454641884161 73.32112829862551 0.025207744200995402 0.012912422760932447 1.0000000180025095e-35
decision_type=2 2 2 2 2 2
left_child=4 2 3 -2 -1 -6
right_child=1 -3 -4 -5 5 -7
leaf_value=0.0046513251913711433 -0.0090451321704313158 0.0011993007662111715 0.00038491032383543381 -0.0021069968647770281 0.00025936158800015199 -0.0011287725588952139
leaf_weight=62 68 189 84 113 5398 897
leaf_count=62 68 189 84 113 5398 897
internal_value=3.50208e-06 -0.00148672 -0.00337636 -0.00505069 0.000112098 6.00842e-05
internal_weight=6811 454 265 181 6357 6295
internal_count=6811 454 265 181 6357 6295
is_linear=0
shrinkage=0.01


Tree=832
num_leaves=7
num_cat=0
split_feature=11 16 7 7 20 0
split_gain=11.1571 13.4803 11.0276 21.1257 12.8171 36.8296
threshold=0.047872774178131787 344.00000000000006 3.8781000000000003 3.5775000000000001 38.500000000000036 0.99209874336538217
decision_type=2 8 2 2 10 2
left_child=1 2 3 -1 -4 -6
right_child=-2 -3 4 -5 5 -7
leaf_value=-0.00051369716487812019 -0.0026577334791760554 0.0030594842308074182 0.00022483485891081564 -0.0063789949089288712 0.00041362981133598591 -0.0061781969590763734
leaf_weight=351 144 137 5732 65 269 113
leaf_count=351 144 137 5732 65 269 113
internal_value=3.38223e-06 6.47538e-05 -2.65796e-06 -0.00155838 0.000105566 -0.00164417
internal_weight=6811 6667 6530 416 6114 382
internal_count=6811 6667 6530 416 6114 382
is_linear=0
shrinkage=0.01


Tree=833
num_leaves=7
num_cat=0
split_feature=19 16 10 8 8 0
split_gain=11.2704 80.9735 35.1664 40.6818 110.204 24.6602
threshold=287.67617530298065 321.25000000000006 0.03225325646719001 1471.5000000000002 1123.0000000000002 1.0371555275104967
decision_type=10 10 2 2 2 2
left_child=1 2 3 4 5 -1
right_child=-2 -3 -4 -5 -6 -7
leaf_value=-0.0060596459789476432 0.00022927818947209047 -0.006550567597397066 -0.001730220820613419 0.00011608301856496556 0.012574122554134756 0.0024584310310773361
leaf_weight=51 5205 198 583 611 95 68
leaf_count=51 5205 198 583 611 95 68
internal_value=3.17203e-06 -0.000726516 0.000132912 0.00145448 0.00510001 -0.00137892
internal_weight=6811 1606 1408 825 214 119
internal_count=6811 1606 1408 825 214 119
is_linear=0
shrinkage=0.01


Tree=834
num_leaves=7
num_cat=0
split_feature=8 17 17 9 3 17
split_gain=10.94 40.5827 32.5239 27.1558 42.8895 14.3064
threshold=705.00000000000011 233.23666666666693 293.14166666666705 0.0093764659380542667 -0.034055633690714328 301.62666666666661
decision_type=2 10 10 2 2 10
left_child=1 -1 -3 5 -5 -2
right_child=3 2 -4 4 -6 -7
leaf_value=0.0026658713080940049 -0.0003154830706572405 -0.0093998793417284648 0.00042636568192392591 -0.00032520301803782745 0.010738462006948033 0.0007224123531234482
leaf_weight=96 4597 76 54 81 51 1856
leaf_count=96 4597 76 54 81 51 1856
internal_value=3.15552e-06 -0.00211237 -0.0055793 7.88542e-05 0.0044046 -1.63096e-05
internal_weight=6811 226 130 6585 132 6453
internal_count=6811 226 130 6585 132 6453
is_linear=0
shrinkage=0.01


Tree=835
num_leaves=7
num_cat=0
split_feature=19 16 14 16 16 20
split_gain=11.018 69.5977 39.6341 25.9004 20.7761 23.4245
threshold=286.4215225630237 287.55000000000007 0.099838843299926511 203.35000000000005 296.15000000000003 38.200000000000024
decision_type=10 10 2 8 8 10
left_child=1 2 -1 -4 -2 -6
right_child=4 -3 3 -5 5 -7
leaf_value=0.0046238416725749611 -0.00034716730864036289 -0.0050361435225177746 -0.0018074732548316824 0.0019989552911754481 0.0011791573652881456 -0.002281226168646542
leaf_weight=176 3121 291 513 262 2243 205
leaf_count=176 3121 291 513 262 2243 205
internal_value=3.19011e-06 -0.000844599 0.000477047 -0.000511583 0.000193439 0.000881277
internal_weight=6811 1242 951 775 5569 2448
internal_count=6811 1242 951 775 5569 2448
is_linear=0
shrinkage=0.01


Tree=836
num_leaves=7
num_cat=0
split_feature=1 16 13 22 2 22
split_gain=10.8727 15.4523 14.6075 21.0454 17.3402 18.5373
threshold=0.77558191576323687 344.00000000000006 55.119286135364227 -1.5999999999999657 0.69461205487053912 2.7000000000000175
decision_type=2 8 2 10 2 10
left_child=-1 2 4 -4 5 -2
right_child=1 -3 3 -5 -6 -7
leaf_value=-0.002124623182020953 0.0010162259636055978 0.00334102539699787 -0.0051110954882705026 -0.00032346455571212755 -0.00070989654027314958 -0.00031799719546483441
leaf_weight=222 2552 132 121 312 1724 1748
leaf_count=222 2552 132 121 312 1724 1748
internal_value=3.13373e-06 7.79342e-05 6.16393e-06 -0.00174652 0.000134831 0.000474369
internal_weight=6811 6589 6457 433 6024 4300
internal_count=6811 6589 6457 433 6024 4300
is_linear=0
shrinkage=0.01


Tree=837
num_leaves=7
num_cat=0
split_feature=19 16 7 2 7 16
split_gain=10.8467 68.2251 31.3279 65.3716 24.7935 23.2993
threshold=286.4215225630237 287.55000000000007 357.75855000000007 0.66948815685658136 38.722500000000004 166.15000000000006
decision_type=10 10 2 2 2 10
left_child=1 2 -1 5 -3 -4
right_child=-2 4 3 -5 -6 -7
leaf_value=-0.00065814152598463768 0.00019180532746068896 -0.00088558148492925938 0.0024171887595644771 -0.0018527705034723989 -0.0070464489217753994 0.011080254995988475
leaf_weight=688 5569 102 58 125 189 80
leaf_count=688 5569 102 58 125 189 80
internal_value=3.04038e-06 -0.000838134 0.000470432 0.00333871 -0.00498813 0.00784859
internal_weight=6811 1242 951 263 291 138
internal_count=6811 1242 951 263 291 138
is_linear=0
shrinkage=0.01


Tree=838
num_leaves=7
num_cat=0
split_feature=15 9 11 9 8 2
split_gain=10.9917 13.7295 13.677 13.3098 29.5178 14.8325
threshold=10.696579570763875 -0.00028282828282828303 0.048140424150012469 0.0093764659380542667 1181.5000000000002 0.33400476270902918
decision_type=2 2 2 2 2 2
left_child=2 -2 3 5 -5 -1
right_child=1 -3 -4 4 -6 -7
leaf_value=0.0013151247982806616 0.00025260258876230745 -0.0051421142451252549 -0.0030336869388765141 -0.0017980485984257289 0.0072911997191990032 -0.00011643209103252219
leaf_weight=822 95 82 129 60 68 5555
leaf_count=822 95 82 129 60 68 5555
internal_value=3.05757e-06 -0.00238797 7.03502e-05 0.000136468 0.00320906 6.98668e-05
internal_weight=6811 177 6634 6505 128 6377
internal_count=6811 177 6634 6505 128 6377
is_linear=0
shrinkage=0.01


Tree=839
num_leaves=7
num_cat=0
split_feature=11 14 19 20 20 14
split_gain=10.717 11.5273 13.3568 30.205 21.9078 14.1423
threshold=0.047872774178131787 2.6816638682833962 282.82416389198437 16.900000000000038 19.000000000000032 1.7186105258616651
decision_type=2 2 8 10 10 2
left_child=1 2 3 -1 -5 -4
right_child=-2 -3 5 4 -6 -7
leaf_value=0.0044852737555323222 -0.0026050936851602095 -0.0014522140835685061 0.00013251989547936958 -0.0075593245188719117 -0.0013597329092038468 0.0016760475684045903
leaf_weight=66 144 457 5051 59 371 663
leaf_count=66 144 457 5051 59 371 663
internal_value=3.00894e-06 6.31584e-05 0.000176832 -0.00138097 -0.00236284 0.000314232
internal_weight=6811 6667 6210 496 430 5714
internal_count=6811 6667 6210 496 430 5714
is_linear=0
shrinkage=0.01


Tree=840
num_leaves=7
num_cat=0
split_feature=0 10 17 11 19 0
split_gain=11.0234 15.7736 12.577 30.6431 18.764 20.3696
threshold=1.2673108119294263 0.017332036676623436 307.00500000000005 0.0090468196496948042 290.07848529368482 0.89895066888903263
decision_type=2 2 8 2 10 2
left_child=2 -2 -1 -4 5 -5
right_child=1 -3 3 4 -6 -7
leaf_value=-0.0002974671566063023 0.0061057572598968235 0.00043625773580020506 0.0076498028629970165 0.0018507489565139017 0.0008579978510236902 -0.0057732285286790589
leaf_weight=5217 60 170 52 50 1179 83
leaf_count=5217 60 170 52 50 1179 83
internal_value=2.88088e-06 0.00210804 -7.37792e-05 0.000777716 0.000449542 -0.00297808
internal_weight=6811 230 6581 1364 1312 133
internal_count=6811 230 6581 1364 1312 133
is_linear=0
shrinkage=0.01


Tree=841
num_leaves=7
num_cat=0
split_feature=15 9 14 17 17 14
split_gain=10.8179 13.485 12.4818 34.8202 34.719 45.9483
threshold=10.696579570763875 -0.00028282828282828303 0.78060461047799456 308.16500000000008 215.2983333333332 0.36538071247805609
decision_type=2 2 2 10 10 2
left_child=2 -2 4 -4 -1 -6
right_child=1 -3 3 -5 5 -7
leaf_value=0.0029993726487687611 0.00024814179842360317 -0.0050985333299183319 -0.00088879860305387766 0.0019923637640414881 -0.00091036204546877139 0.0015257759487245222
leaf_weight=460 95 82 2498 494 1881 1301
leaf_count=460 95 82 2498 494 1881 1301
internal_value=3.01086e-06 -0.00236904 6.97693e-05 -0.000408046 0.00046235 8.73426e-05
internal_weight=6811 177 6634 2992 3642 3182
internal_count=6811 177 6634 2992 3642 3182
is_linear=0
shrinkage=0.01


Tree=842
num_leaves=7
num_cat=0
split_feature=16 16 7 12 19 1
split_gain=10.6892 21.5955 23.6051 29.7168 15.583 19.3151
threshold=198.95000000000002 183.60000000000005 28.099350000000005 1.0000000180025095e-35 289.59808584018509 1.3885651404588744
decision_type=8 10 2 2 10 2
left_child=1 2 -1 -4 5 -3
right_child=-2 4 3 -5 -6 -7
leaf_value=-0.0027005992049204289 0.00016186628531323914 -0.0016552803259795516 0.0036310721237046519 -0.0013062162483455958 0.00043348428086344018 -0.0082897908445242995
leaf_weight=218 5872 97 237 233 73 81
leaf_count=218 5872 97 237 233 73 81
internal_value=2.9788e-06 -0.000981854 -5.19661e-05 0.00120722 -0.00343106 -0.00495471
internal_weight=6811 939 688 470 251 178
internal_count=6811 939 688 470 251 178
is_linear=0
shrinkage=0.01


Tree=843
num_leaves=7
num_cat=0
split_feature=6 16 5 16 19 16
split_gain=10.9194 30.5631 40.2036 22.7894 43.6042 57.1076
threshold=1.0000000180025095e-35 254.65000000000006 1.4290195941402677 253.85000000000005 286.4215225630237 287.55000000000007
decision_type=2 10 2 10 8 10
left_child=3 2 -2 -1 5 -5
right_child=1 -3 -4 4 -6 -7
leaf_value=-0.00062906505076558829 -0.00025111692525991579 -0.0022960010257093238 0.0083729768989246282 0.0036645411474442264 0.0010219768436968194 -0.0049236578716085758
leaf_weight=2232 277 615 57 99 3263 268
leaf_count=2232 277 615 57 99 3263 268
internal_value=2.80644e-06 -0.000986529 0.00142128 0.000164377 0.000652634 -0.0025712
internal_weight=6811 949 334 5862 3630 367
internal_count=6811 949 334 5862 3630 367
is_linear=0
shrinkage=0.01


Tree=844
num_leaves=7
num_cat=0
split_feature=0 22 21 18 0 21
split_gain=10.7205 20.3888 32.713 12.4661 10.3031 38.0752
threshold=1.2673108119294263 -0.89999999999997715 16.105000000000022 0.0020002507799486355 1.1178622654195449 15.431666666666681
decision_type=2 10 10 2 2 10
left_child=3 -2 -3 -1 -5 -6
right_child=1 2 -4 4 5 -7
leaf_value=-0.002624820605451141 -0.0012851963012795384 0.010129694708312551 0.0003432616648765711 8.8423182326966733e-05 -0.0046000184200301365 0.0027587738617363832
leaf_weight=176 99 50 81 6125 175 105
leaf_count=176 99 50 81 6125 175 105
internal_value=2.85109e-06 0.00207888 0.00453205 -7.27484e-05 1.36116e-06 -0.0018405
internal_weight=6811 230 131 6581 6405 280
internal_count=6811 230 131 6581 6405 280
is_linear=0
shrinkage=0.01


Tree=845
num_leaves=7
num_cat=0
split_feature=13 22 13 4 13 4
split_gain=10.5609 18.5374 13.6175 50.3608 15.9177 38.4206
threshold=55.119286135364227 -1.5999999999999657 37.446588971228628 0.10138302541176226 28.547001821846425 0.131043719725499
decision_type=2 8 2 2 2 2
left_child=2 -2 4 -4 -1 -6
right_child=1 -3 3 -5 5 -7
leaf_value=0.00010905094472978916 -0.0044636368801371316 -0.00012243311230867473 -0.00012306741863909749 0.0065391516460981593 -0.00052105524619839086 -0.008446112111512874
leaf_weight=5335 132 322 455 141 362 64
leaf_count=5335 132 322 455 141 362 64
internal_value=2.89309e-06 -0.00145363 0.000109034 0.00153496 -4.08885e-05 -0.00187808
internal_weight=6811 454 6357 596 5761 426
internal_count=6811 454 6357 596 5761 426
is_linear=0
shrinkage=0.01


Tree=846
num_leaves=7
num_cat=0
split_feature=6 14 5 22 17 12
split_gain=10.7796 29.7565 22.4295 25.7177 20.8384 57.0446
threshold=1.0000000180025095e-35 0.74076415414800711 1.6836912700184239 6.8000000000000123 274.71499999999952 0.0079365820836721519
decision_type=2 2 2 8 10 2
left_child=4 2 3 -2 5 -1
right_child=1 -3 -4 -5 -6 -7
leaf_value=0.00056524454115239016 -0.0019626762306886049 -0.0030634853102732454 0.0050831758163662425 0.0028423960281846422 0.00072211916537303484 -0.0024631033650656087
leaf_weight=1812 321 390 80 158 3115 935
leaf_count=1812 321 390 80 158 3115 935
internal_value=2.76113e-06 -0.000980221 0.000501516 -0.00035199 0.000163294 -0.000470714
internal_weight=6811 949 559 479 5862 2747
internal_count=6811 949 559 479 5862 2747
is_linear=0
shrinkage=0.01


Tree=847
num_leaves=7
num_cat=0
split_feature=15 7 15 15 8 2
split_gain=10.6499 12.6431 22.1828 21.1057 21.1022 19.879
threshold=10.696579570763875 3.8781000000000003 1.2902181844785909 2.323547636242187 2753.5000000000005 0.66658905693297787
decision_type=2 2 2 2 2 2
left_child=1 2 4 -4 -1 -3
right_child=-2 5 3 -5 -6 -7
leaf_value=-0.004259681050598374 -0.0023507978675821935 0.00060303142314335463 0.0063585503605815274 -0.0015545936233829708 0.0018284224960711097 -0.00057955034336388807
leaf_weight=246 177 4012 50 70 67 2189
leaf_count=246 177 4012 50 70 67 2189
internal_value=2.75879e-06 6.89971e-05 -0.00156331 0.00197804 -0.00294022 0.00018531
internal_weight=6811 6634 433 120 313 6201
internal_count=6811 6634 433 120 313 6201
is_linear=0
shrinkage=0.01


Tree=848
num_leaves=7
num_cat=0
split_feature=8 14 8 21 0 21
split_gain=10.5198 40.5667 18.9023 39.4331 42.796 20.9841
threshold=705.00000000000011 1.3281187770089848 963.50000000000011 16.294166666666687 1.0043020516136354 15.106666666666674
decision_type=2 2 2 10 2 10
left_child=1 -1 3 5 -5 -2
right_child=2 -3 -4 4 -6 -7
leaf_value=-0.0091736181552211447 0.001581043612339303 0.00033052898069683425 -4.2671088545395989e-05 0.00043510127520884374 0.01102421234429973 -0.0056300705412943523
leaf_weight=50 107 176 6281 73 72 52
leaf_count=50 107 176 6281 73 72 52
internal_value=2.73186e-06 -0.00207177 7.69633e-05 0.00247139 0.00606515 -0.000970901
internal_weight=6811 226 6585 304 145 159
internal_count=6811 226 6585 304 145 159
is_linear=0
shrinkage=0.01


Tree=849
num_leaves=7
num_cat=0
split_feature=3 0 0 18 9 1
split_gain=10.6314 37.353 44.814 26.308 23.1442 24.8699
threshold=0.17705038676554372 1.1356397006848404 1.0510011678469582 0.017600541866509965 0.0045037110188720494 1.4947250035363717
decision_type=2 2 2 2 2 2
left_child=1 2 3 4 -1 -6
right_child=-2 -3 -4 -5 5 -7
leaf_value=-0.0018257749382554771 0.00034837434608505545 -0.0068285577566352456 0.0044731736258464931 0.001006440158479994 -0.00092192542697491417 0.003690465904909086
leaf_weight=1447 3854 79 178 750 336 167
leaf_count=1447 3854 79 178 750 336 167
internal_value=2.68292e-06 -0.000447529 -0.000249334 -0.000576027 -0.0011867 0.000651513
internal_weight=6811 2957 2878 2700 1950 503
internal_count=6811 2957 2878 2700 1950 503
is_linear=0
shrinkage=0.01


Tree=850
num_leaves=7
num_cat=0
split_feature=1 16 13 10 13 2
split_gain=10.5342 15.103 14.1388 18.8573 17.1342 16.5456
threshold=0.77558191576323687 344.00000000000006 55.119286135364227 0.019127469374742578 57.988932715106976 0.69461205487053912
decision_type=2 8 2 2 2 2
left_child=-1 2 5 -4 -5 -2
right_child=1 -3 3 4 -6 -7
leaf_value=-0.0020917170410494098 0.00046358410292710213 0.0033022738741973132 -0.0059899629295493166 -0.0035441922598207993 0.0009020615541605187 -0.0006932300256240674
leaf_weight=222 4300 132 74 125 234 1724
leaf_count=222 4300 132 74 125 234 1724
internal_value=2.65523e-06 7.62827e-05 5.32964e-06 -0.00171901 -0.000700171 0.000131917
internal_weight=6811 6589 6457 433 359 6024
internal_count=6811 6589 6457 433 359 6024
is_linear=0
shrinkage=0.01


Tree=851
num_leaves=7
num_cat=0
split_feature=3 18 1 3 8 16
split_gain=10.4697 24.3927 28.6716 35.4893 23.5039 21.4514
threshold=0.17705038676554372 0.0044101085204270064 1.4176819274761803 0.068658787542549879 1127.0000000000002 316.75000000000006
decision_type=2 2 2 2 2 10
left_child=1 -1 -3 4 -4 -5
right_child=-2 2 3 5 -6 -7
leaf_value=-0.0046976779097359081 0.00034556901380725834 -0.0007020252192437294 0.0014036996624408624 0.0016517480507362561 0.0095780036077801004 -0.003867725198416366
leaf_weight=119 3854 2363 68 247 73 87
leaf_count=119 3854 2363 68 247 73 87
internal_value=2.51652e-06 -0.000444258 -0.00025004 0.00196658 0.00598982 0.000143401
internal_weight=6811 2957 2838 475 141 334
internal_count=6811 2957 2838 475 141 334
is_linear=0
shrinkage=0.01


Tree=852
num_leaves=7
num_cat=0
split_feature=11 15 14 15 22 22
split_gain=10.4858 12.7717 12.7286 11.9354 11.6733 16.8811
threshold=0.047872774178131787 10.696579570763875 2.6816638682833962 9.6445144440292427 10.600000000000025 8.5000000000000302
decision_type=2 2 2 2 10 8
left_child=1 2 3 4 5 -1
right_child=-2 -3 -4 -5 -6 -7
leaf_value=0.00018371466952786476 -0.0025772707083250405 -0.0025361913588890081 -0.0014610391796480238 0.0029616497802612543 -0.0014087175926961338 0.0027903088758489069
leaf_weight=5222 144 174 454 149 417 251
leaf_count=5222 144 174 454 149 417 251
internal_value=2.54575e-06 6.20435e-05 0.000135464 0.000257703 0.000184397 0.000308128
internal_weight=6811 6667 6493 6039 5890 5473
internal_count=6811 6667 6493 6039 5890 5473
is_linear=0
shrinkage=0.01


Tree=853
num_leaves=7
num_cat=0
split_feature=0 15 4 0 15 13
split_gain=10.4124 23.0997 13.9631 11.7385 77.6569 49.3689
threshold=1.2673108119294263 1.028211211583139 -0.045687510667665805 1.0662755758996676 0.98669152895064438 11.795512369064053
decision_type=2 2 2 2 2 2
left_child=3 -2 -3 -1 -5 -6
right_child=1 2 -4 4 5 -7
leaf_value=7.368568277942238e-05 0.0067874755389574501 0.003147910386208951 -0.0023555503285133113 0.0020054117653487786 -0.0084253325670785289 -0.00089846764076793699
leaf_weight=5888 62 71 97 349 163 181
leaf_count=5888 62 71 97 349 163 181
internal_value=2.49028e-06 0.00204848 1.64992e-05 -7.20147e-05 -0.00129338 -0.00460223
internal_weight=6811 230 168 6581 693 344
internal_count=6811 230 168 6581 693 344
is_linear=0
shrinkage=0.01


Tree=854
num_leaves=7
num_cat=0
split_feature=17 22 20 2 2 7
split_gain=10.3851 13.901 13.4856 24.1264 17.6192 48.8403
threshold=325.3450000000002 7.6000000000000236 38.500000000000036 0.35792028887633581 0.33400476270902918 666.19845000000009
decision_type=8 10 10 2 2 2
left_child=2 -2 4 -4 5 -1
right_child=1 -3 3 -5 -6 -7
leaf_value=0.00061917529726057251 0.00058439006854314355 0.005930706599840161 -0.0075586199281471112 -0.00075823676191394157 -0.00016775559804731762 0.0091068233966827405
leaf_weight=727 195 56 53 321 5394 65
leaf_count=727 195 56 53 321 5394 65
internal_value=2.47029e-06 0.00195872 -7.52476e-05 -0.00189367 3.75714e-05 0.00142063
internal_weight=6811 251 6560 374 6186 792
internal_count=6811 251 6560 374 6186 792
is_linear=0
shrinkage=0.01


Tree=855
num_leaves=7
num_cat=0
split_feature=1 16 20 19 17 22
split_gain=10.2488 14.7616 10.6134 24.1375 21.3059 19.1901
threshold=0.77558191576323687 344.00000000000006 16.900000000000038 280.89500000000004 151.80999999999963 -7.4999999999999707
decision_type=2 8 10 8 10 10
left_child=-1 2 -2 5 -5 -4
right_child=1 -3 3 4 -6 -7
leaf_value=-0.0020632492116620317 0.0035364790133843643 0.0032645076055663413 -0.0007536926637129748 0.005494330236170855 2.2283231675454296e-05 -0.0062955484574414647
leaf_weight=222 74 132 160 62 6065 96
leaf_count=222 74 132 160 62 6065 96
internal_value=2.55931e-06 7.51827e-05 5.03646e-06 -4.13724e-05 8.65182e-05 -0.00299044
internal_weight=6811 6589 6457 6383 6127 256
internal_count=6811 6589 6457 6383 6127 256
is_linear=0
shrinkage=0.01


Tree=856
num_leaves=7
num_cat=0
split_feature=8 4 9 1 19 8
split_gain=10.3756 38.8276 25.9677 51.7942 16.361 24.5896
threshold=705.00000000000011 0.15653429825065382 0.0093764659380542667 1.1901595048039599 291.0591658293489 914.50000000000011
decision_type=2 2 2 2 10 2
left_child=1 -1 4 -4 -2 -6
right_child=2 -3 3 -5 5 -7
leaf_value=0.00044422189953426518 -0.00056341253180332816 -0.0085691923072392304 -0.0023153135810099856 0.0095788856034661526 0.0051666140459721609 0.00029617628072575237
leaf_weight=170 2956 56 61 71 97 3400
leaf_count=170 2956 56 61 71 97 3400
internal_value=2.5807e-06 -0.00205766 7.63017e-05 0.00430636 -1.67558e-05 0.00044562
internal_weight=6811 226 6585 132 6453 3497
internal_count=6811 226 6585 132 6453 3497
is_linear=0
shrinkage=0.01


Tree=857
num_leaves=7
num_cat=0
split_feature=6 16 5 14 16 8
split_gain=10.785 29.8343 38.6645 21.9207 21.863 25.0628
threshold=1.0000000180025095e-35 254.65000000000006 1.4290195941402677 1.4536073979408093 253.85000000000005 705.00000000000011
decision_type=2 10 2 2 10 2
left_child=4 2 -2 -3 -1 -6
right_child=1 3 -4 -5 5 -7
leaf_value=-0.00061396607768837784 -0.00024180667650097341 -0.0011659663473596188 0.0082157373817554162 -0.0055318207327180943 -0.0040872115050570677 0.00078516091548352191
leaf_weight=2232 277 469 57 146 99 3531
leaf_count=2232 277 469 57 146 99 3531
internal_value=2.6141e-06 -0.000980611 0.00139842 -0.00227434 0.000163187 0.000641414
internal_weight=6811 949 334 615 5862 3630
internal_count=6811 949 334 615 5862 3630
is_linear=0
shrinkage=0.01


Tree=858
num_leaves=7
num_cat=0
split_feature=13 2 21 13 0 8
split_gain=10.2987 15.3992 28.1121 53.9985 54.094 44.5612
threshold=55.119286135364227 0.68058377164761319 17.650833333333328 17.877604077128598 1.0002375396795216 1471.5000000000002
decision_type=2 2 10 2 2 2
left_child=1 2 5 4 -4 -1
right_child=-2 -3 3 -5 -6 -7
leaf_value=0.0035080278446421227 -0.0014357785960500819 -0.00060753511659805335 -0.00043474622095335274 0.0040340655530492469 -0.0057907804084849036 0.00038823655659825032
leaf_weight=584 454 2037 1299 215 211 2011
leaf_count=584 454 2037 1299 215 211 2011
internal_value=2.54925e-06 0.000107364 0.000445084 -0.000542467 -0.00121635 0.00110111
internal_weight=6811 6357 4320 1725 1510 2595
internal_count=6811 6357 4320 1725 1510 2595
is_linear=0
shrinkage=0.01


Tree=859
num_leaves=7
num_cat=0
split_feature=6 9 14 3 9 14
split_gain=10.52 44.6742 29.2765 24.0159 28.2012 24.7176
threshold=1.0000000180025095e-35 0.008567912871042218 1.4536073979408093 -0.034055633690714328 0.0045037110188720494 2.2110839337315658
decision_type=2 2 2 2 2 2
left_child=3 2 -2 -1 -5 -6
right_child=1 -3 -4 4 5 -7
leaf_value=-0.0028913389466446544 -0.00058084575436880882 0.0072624524416882667 -0.0049895839818539876 8.2047702572475277e-05 0.0035056240270388973 -0.0032665543223265557
leaf_weight=237 715 52 182 5169 402 54
leaf_count=237 715 52 182 5169 402 54
internal_value=2.5188e-06 -0.000968552 -0.00152052 0.000161107 0.00029462 0.00265077
internal_weight=6811 949 897 5862 5625 456
internal_count=6811 949 897 5862 5625 456
is_linear=0
shrinkage=0.01


Tree=860
num_leaves=7
num_cat=0
split_feature=20 19 17 19 20 19
split_gain=10.1739 20.629 12.1351 27.3225 34.091 28.8607
threshold=40.300000000000018 296.86057055703469 294.74333333333328 288.15288746118097 30.400000000000038 290.07848529368482
decision_type=10 10 8 10 8 10
left_child=2 -2 -1 -4 -5 -6
right_child=1 -3 3 4 5 -7
leaf_value=-0.00025350789712291148 -0.0050799006740217681 0.0019219143572263421 -0.0030382377358980201 0.0036583017670961614 -0.0051528428040134413 0.00065523446428036327
leaf_weight=4282 98 62 177 373 80 1739
leaf_count=4282 98 62 177 373 80 1739
internal_value=2.48072e-06 -0.00241324 6.41304e-05 0.000636918 0.00094613 0.000373018
internal_weight=6811 160 6651 2369 2192 1819
internal_count=6811 160 6651 2369 2192 1819
is_linear=0
shrinkage=0.01


Tree=861
num_leaves=7
num_cat=0
split_feature=3 9 1 19 20 19
split_gain=10.6 23.9034 25.446 17.5339 23.267 18.7484
threshold=0.17705038676554372 0.0045037110188720494 1.1144388563189176 300.43603110659177 40.10000000000003 287.82760065531824
decision_type=2 2 2 10 8 10
left_child=1 -1 -3 4 5 -2
right_child=3 2 -4 -5 -6 -7
leaf_value=-0.00097287570617120018 -0.00070917459506012099 -0.0025528585381461876 0.001976436394861932 0.0050725262904805805 -0.0033775089665993873 0.00087408396719567641
leaf_weight=2202 1042 146 609 67 159 2586
leaf_count=2202 1042 146 609 67 159 2586
internal_value=2.34906e-06 -0.000447197 0.00107865 0.00034753 0.000250796 0.000418656
internal_weight=6811 2957 755 3854 3787 3628
internal_count=6811 2957 755 3854 3787 3628
is_linear=0
shrinkage=0.01


Tree=862
num_leaves=7
num_cat=0
split_feature=6 9 13 9 2 22
split_gain=10.4145 43.8444 24.8525 25.7096 20.1314 18.3944
threshold=1.0000000180025095e-35 0.008567912871042218 8.0523082490069005 0.006228311935579032 0.41917404857942125 -2.7999999999999825
decision_type=2 2 2 2 2 10
left_child=4 2 -2 -4 5 -1
right_child=1 -3 3 -5 -6 -7
leaf_value=-0.00038128490315875651 -0.00042586444605032485 0.0071904646235728458 -0.0056260421464956077 0.0017689941101349316 -0.00015055427121923358 0.0021248526167858377
leaf_weight=443 637 52 205 55 4580 839
leaf_count=443 637 52 205 55 4580 839
internal_value=2.33012e-06 -0.000963858 -0.00151064 -0.00405413 0.000160122 0.0012626
internal_weight=6811 949 897 260 5862 1282
internal_count=6811 949 897 260 5862 1282
is_linear=0
shrinkage=0.01


Tree=863
num_leaves=7
num_cat=0
split_feature=8 14 9 19 6 19
split_gain=10.3202 39.4789 25.0148 41.9211 22.1973 28.2138
threshold=705.00000000000011 1.3281187770089848 0.0093764659380542667 292.91001890927907 1.0000000180025095e-35 291.0591658293489
decision_type=2 2 2 10 2 10
left_child=1 -1 4 -4 5 -2
right_child=2 -3 3 -5 -6 -7
leaf_value=-0.0090582893813649819 -0.00052069614424537743 0.0003179640198747317 0.010062461016756116 -0.00074186692404192554 -0.0014541064505165591 0.00090503822639454075
leaf_weight=50 2653 176 56 76 910 2890
leaf_count=50 2653 176 56 76 910 2890
internal_value=2.37281e-06 -0.00205236 7.5897e-05 0.00422762 -1.54388e-05 0.000222942
internal_weight=6811 226 6585 132 6453 5543
internal_count=6811 226 6585 132 6453 5543
is_linear=0
shrinkage=0.01


Tree=864
num_leaves=7
num_cat=0
split_feature=3 9 1 19 21 19
split_gain=10.5264 23.2147 24.9081 17.2447 25.4432 17.7127
threshold=0.17705038676554372 0.0045037110188720494 1.1144388563189176 300.43603110659177 28.365833333333345 287.82760065531824
decision_type=2 2 2 10 8 10
left_child=1 -1 -3 4 5 -2
right_child=3 2 -4 -5 -6 -7
leaf_value=-0.00096367856609073184 -0.00069375751250354441 -0.0025345752408089213 0.0019464255455164433 0.0050321919329512823 -0.004064364759039811 0.000842019632074733
leaf_weight=2202 1042 146 609 67 122 2623
leaf_count=2202 1042 146 609 67 122 2623
internal_value=2.3419e-06 -0.00044564 0.0010581 0.000346322 0.000250384 0.000404682
internal_weight=6811 2957 755 3854 3787 3665
internal_count=6811 2957 755 3854 3787 3665
is_linear=0
shrinkage=0.01


Tree=865
num_leaves=7
num_cat=0
split_feature=15 7 15 15 8 14
split_gain=10.1879 12.4848 21.5819 20.4476 20.3487 15.4558
threshold=10.696579570763875 3.8781000000000003 1.2902181844785909 2.323547636242187 2753.5000000000005 0.7884743464677626
decision_type=2 2 2 2 2 2
left_child=1 2 4 -4 -1 -3
right_child=-2 5 3 -5 -6 -7
leaf_value=-0.0042083163933057223 -0.0022996291281147437 0.00064912234166627223 0.006250650016746173 -0.0015375890131108464 0.0017721474555308942 -0.00035003350045656093
leaf_weight=246 177 3305 50 70 67 2896
leaf_count=246 177 3305 50 70 67 2896
internal_value=2.3121e-06 6.70984e-05 -0.00155495 0.00193871 -0.00291292 0.000182683
internal_weight=6811 6634 433 120 313 6201
internal_count=6811 6634 433 120 313 6201
is_linear=0
shrinkage=0.01


Tree=866
num_leaves=7
num_cat=0
split_feature=3 2 11 19 19 21
split_gain=10.2685 25.0669 27.2871 18.9246 30.0724 37.4718
threshold=0.17705038676554372 0.40801796184670064 0.016743634544630823 297.70676354639807 293.42649985392137 19.291666666666682
decision_type=2 2 2 10 10 8
left_child=1 2 -1 4 5 -4
right_child=-2 -3 3 -5 -6 -7
leaf_value=0.0059673450711403 0.00034203385184192404 -0.0012288559432888991 0.00027239443968444946 -0.0040383006956350685 0.0032035999727243231 -0.0069402001556009051
leaf_weight=79 3854 1700 717 86 305 70
leaf_count=79 3854 1700 717 86 305 70
internal_value=2.29302e-06 -0.000440168 0.000627755 0.000222451 0.000591605 -0.000448162
internal_weight=6811 2957 1257 1178 1092 787
internal_count=6811 2957 1257 1178 1092 787
is_linear=0
shrinkage=0.01


end of trees

feature_importances:
BG=467
pct_impervious_2006=392
pct_forest_2006=366
catchment_area_sqkm=352
BR=349
MNDWI=322
green_corr7=305
elevation_m=286
pct_wetland_2006=276
srad_Wm2_prev30=249
tmax_degC_prev30=219
temp_corr7=214
fai=204
pct_cropland_2006=179
tmean_degC_prev30=175
NDVI=127
nir_corr7=125
srad_Wm2_prev1=124
NR=123
atm_corr_LaSRC=119
tmin_degC_prev30=100
NDSSI=73
swir1_corr7=56

parameters:
[boosting: gbdt]
[objective: regression]
[metric: rmse]
[tree_learner: serial]
[device_type: cpu]
[data_sample_strategy: bagging]
[data: ]
[valid: ]
[num_iterations: 5000]
[learning_rate: 0.01]
[num_leaves: 7]
[num_threads: 0]
[seed: 0]
[deterministic: 0]
[force_col_wise: 0]
[force_row_wise: 0]
[histogram_pool_size: -1]
[max_depth: -1]
[min_data_in_leaf: 50]
[min_sum_hessian_in_leaf: 0.001]
[bagging_fraction: 0.8]
[pos_bagging_fraction: 1]
[neg_bagging_fraction: 1]
[bagging_freq: 0]
[bagging_seed: 3]
[bagging_by_query: 0]
[feature_fraction: 0.4]
[feature_fraction_bynode: 1]
[feature_fraction_seed: 2]
[extra_trees: 0]
[extra_seed: 6]
[early_stopping_round: 0]
[early_stopping_min_delta: 0]
[first_metric_only: 0]
[max_delta_step: 0]
[lambda_l1: 0]
[lambda_l2: 10]
[linear_lambda: 0]
[min_gain_to_split: 0]
[drop_rate: 0.1]
[max_drop: 50]
[skip_drop: 0.5]
[xgboost_dart_mode: 0]
[uniform_drop: 0]
[drop_seed: 4]
[top_rate: 0.2]
[other_rate: 0.1]
[min_data_per_group: 100]
[max_cat_threshold: 32]
[cat_l2: 10]
[cat_smooth: 10]
[max_cat_to_onehot: 4]
[top_k: 20]
[monotone_constraints: ]
[monotone_constraints_method: basic]
[monotone_penalty: 0]
[feature_contri: ]
[forcedsplits_filename: ]
[refit_decay_rate: 0.9]
[cegb_tradeoff: 1]
[cegb_penalty_split: 0]
[cegb_penalty_feature_lazy: ]
[cegb_penalty_feature_coupled: ]
[path_smooth: 0]
[interaction_constraints: ]
[verbosity: -1]
[saved_feature_importance_type: 0]
[use_quantized_grad: 0]
[num_grad_quant_bins: 4]
[quant_train_renew_leaf: 0]
[stochastic_rounding: 1]
[linear_tree: 0]
[max_bin: 255]
[max_bin_by_feature: ]
[min_data_in_bin: 3]
[bin_construct_sample_cnt: 200000]
[data_random_seed: 1]
[is_enable_sparse: 1]
[enable_bundle: 1]
[use_missing: 1]
[zero_as_missing: 0]
[feature_pre_filter: 1]
[pre_partition: 0]
[two_round: 0]
[header: 0]
[label_column: ]
[weight_column: ]
[group_column: ]
[ignore_column: ]
[categorical_feature: ]
[forcedbins_filename: ]
[precise_float_parser: 0]
[parser_config_file: ]
[objective_seed: 5]
[num_class: 1]
[is_unbalance: 0]
[scale_pos_weight: 1]
[sigmoid: 1]
[boost_from_average: 1]
[reg_sqrt: 0]
[alpha: 0.9]
[fair_c: 1]
[poisson_max_delta_step: 0.7]
[tweedie_variance_power: 1.5]
[lambdarank_truncation_level: 30]
[lambdarank_norm: 1]
[label_gain: ]
[lambdarank_position_bias_regularization: 0]
[eval_at: ]
[multi_error_top_k: 1]
[auc_mu_weights: ]
[num_machines: 1]
[local_listen_port: 12400]
[time_out: 120]
[machine_list_filename: ]
[machines: ]
[gpu_platform_id: -1]
[gpu_device_id: -1]
[gpu_device_id_list: ]
[gpu_use_dp: 0]
[num_gpu: 1]

end of parameters

pandas_categorical:[]
