tree
version=v4
num_class=1
num_tree_per_iteration=1
label_index=0
max_feature_idx=23
objective=regression
feature_names=BG BR MNDWI NDSSI NDVI NDWI NR atm_corr_LaSRC catchment_area_sqkm elevation_m fai green_corr7 nir_corr7 pct_cropland_2006 pct_forest_2006 pct_impervious_2006 pct_wetland_2006 srad_Wm2_prev1 srad_Wm2_prev30 swir1_corr7 temp_corr7 tmax_degC_prev30 tmean_degC_prev30 tmean_degC_prev7
feature_infos=[0.0012370235446707079:2.2033088716179861] [-105.87161617224014:92.127279903956847] [0.048059001255785445:1.6666666666666667] [-0.99111252421617468:1] [-1:1.0917556111650639] [-0.22345183879546426:1] [-22.797032079074647:14.055159328485072] [0:1] [0.16289999999999999:8426.6694000000007] [586:3506] [-0.096525252525252514:0.063646464646464646] [0.0070000000000000001:0.20000000000000001] [0:0.13300000000000001] [0:76.178382012400093] [0:94.2222222222222] [0:43.09341660161332] [0:33.866154426645622] [18.400000000000002:362.20000000000005] [56.006666666666028:344.96666666666692] [-0.002:0.060136068068232663] [272.50441569690122:306.76999999999998] [8.3500000000000227:44.550000000000011] [-5.3849999999999767:31.364999999999917] [-7.0499999999999785:31.871428571428599]
tree_sizes=730 768 780 779 773 769 776 783 777 776 779 779 777 778 778 771 773 777 779 776 781 775 773 782 774 778 772 778 780 780 772 779 774 779 769 776 777 781 778 768 775 778 787 785 775 780 775 771 774 779 773 786 778 773 777 777 771 773 770 774 767 771 767 772 783 778 777 773 772 778 775 773 773 776 768 777 772 769 774 773 772 775 776 777 777 777 782 773 778 772 776 768 772 782 780 778 779 774 773 776 777 777 781 774 785 785 780 778 777 777 778 775 782 777 777 773 785 780 775 779 777 781 776 774 780 779 781 783 781 779 781 770 775 786 773 776 787 785 778 775 779 786 784 785 774 785 782 774 775 772 777 775 771 780 769 782 776 782 781 780 769 771 778 789 783 780 772 792 783 777 779 779 774 770 777 778 775 762 783 776 777 780 778 774 783 785 773 779 779 781 781 783 774 775 777 778 776 780 776 784 778 778 781 786 775 773 782 775 781 780 777 776 767 782 770 777 776 769 773 785 780 783 784 777 779 764 768 774 774 778 773 778 774 780 775 775 774 778 777 789 784 782 769 784 782 785 766 779 775 785 775 768 767 774 771 775 770 760 775 768 778 764 770 777 774 770 770 782 774 766 771 777 775 775 759 772 768 792 766 777 767 791 784 785 769 781 763 786 774 773 777 780 779 776 784 776 770 769 770 792 764 780 772 774 771 784 781 782 772 764 780 776 758 769 777 784 762 761 777 775 771 761 785 777 777 773 772 783 775 767 758 781 776 774 771 789 777 778 768 759 772 782 767 778 772 776 787 765 783 784 780 758 789 777 769 761 773 776 756 775 781 773 775 763 761 773 775 761 776 776 784 765 772 775 766 766 767 747 775 776 788 763 772 778 779 771 777 775 769 760 764 780 773 770 787 782 772 763 774 764 772 778 777 777 757 781 769 763 779 766 778 778 777 783 772 776 774 767 776 762 781 781 776 767 762 784 779 779 772 777 777 776 770 773 778 768 779 771 777 765 779 776 771 771 778 780 768 770 775 772 776 786 780 772 780 784 756 784 769 788 770 778 784 779 778 782 765 778 780 769 771 774 763 785 789 783 785 791 782 775 772 773 780 774 778 775 780 779 785 787 777 778 784 772 771 783 767 788 779 778 783 781 761 777 784 783 777 767 781 766 779 780 775 783 778 778 771 794 785 788 776 779 764 768 766 770 774 764 765 768 768 772 781 782 768 767 778 774 770 771 777 790 768 770 768 781 774 781 766 780 777 789 774 771 779 769 779 777 780 773 768 772 787 778 785 779 783 771 767 771 781 794 789 763 774 774 775 774 766 775 767 778 766 776 784 782 775 784 789 789 777 777 780 783 778 775 769 772 778 771 772 773 778 790 778 785 778 778 771 771 775 783 777 779 771 783 775 771 784 790 783 777 762 768 766 777 785 776 772 778 770 770 777 777 768 775 786 784 763 770 787 786 791 762 777 775 781 780 779 774 783 775 787 786 777 786 780 765 775 766 771 781 769 774 782 764 774 783 786 779 770 779 780 775 780 777 775 780 782 786 775 767 772 769 766 784 784 775 782 781 770 775 777 769 778 779 768 774 780 787 775 771 782 779 777 783 786 760 787 758 779 781 764 786 781 774 768 780 776 775 780 766 760 778 770 771 775 785 767 768 771 775 763 770 762 780 772 774 776 781 766 772 776 781 756

Tree=0
num_leaves=7
num_cat=0
split_feature=0 11 0 11 14 9
split_gain=16688.2 4403.43 1857.63 1067.34 740.55 666.646
threshold=0.93879673972230593 0.047108201820321056 1.0315790815419019 0.031771632528802378 16.265073570448624 2479.5000000000005
decision_type=2 2 2 2 2 2
left_child=1 3 -2 -1 -4 -6
right_child=2 -3 4 -5 5 -7
leaf_value=3.174211505241896 3.1831085547427462 3.1480307417225797 3.1911524605724928 3.1614997284765147 3.2154058874288061 3.1877816500737968
leaf_weight=1210 985 2136 400 1431 471 131
leaf_count=1210 985 2136 400 1431 471 131
internal_value=3.1688 3.15867 3.19308 3.16732 3.20265 3.2098
internal_weight=6764 4777 1987 2641 1002 602
internal_count=6764 4777 1987 2641 1002 602
is_linear=0
shrinkage=1


Tree=1
num_leaves=7
num_cat=0
split_feature=0 11 0 11 14 9
split_gain=16361.4 4316.2 1822.04 1046.26 726.232 653.069
threshold=0.93879673972230593 0.047108201820321056 1.0315790815419019 0.031771632528802378 16.265073570448624 2479.5000000000005
decision_type=2 2 2 2 2 2
left_child=1 3 -2 -1 -4 -6
right_child=2 -3 4 -5 5 -7
leaf_value=0.005356836775676577 0.014165910350898252 -0.02056353059126878 0.022133390044475478 -0.0072287724686736126 0.046148520496881063 0.018804298215776893
leaf_weight=1210 985 2136 400 1431 471 131
leaf_count=1210 985 2136 400 1431 471 131
internal_value=1.17482e-06 -0.0100294 0.0240454 -0.0014641 0.0335213 0.0406027
internal_weight=6764 4777 1987 2641 1002 602
internal_count=6764 4777 1987 2641 1002 602
is_linear=0
shrinkage=0.01


Tree=2
num_leaves=7
num_cat=0
split_feature=11 11 10 8 8 14
split_gain=14496.3 3151.33 2567.61 1230.46 1083.52 775.936
threshold=0.034137739864056486 0.021948262742681645 -0.0093686667263084382 390.01365000000004 216.20430000000002 0.25968510979177462
decision_type=2 2 2 2 2 2
left_child=1 4 -2 -3 -1 -4
right_child=2 3 5 -5 -6 -7
leaf_value=0.023574208199999887 -0.022624807607245407 0.0059727514802625234 -0.013200678190561196 0.027537506590671716 0.047507614383373309 -0.00086593991084577676
leaf_weight=667 1620 1780 849 303 286 1259
leaf_count=667 1620 1780 849 303 286 1259
internal_value=2.32666e-06 0.0161958 -0.0131933 0.00922621 0.0311755 -0.00587264
internal_weight=6764 3036 3728 2083 953 2108
internal_count=6764 3036 3728 2083 953 2108
is_linear=0
shrinkage=0.01


Tree=3
num_leaves=7
num_cat=0
split_feature=11 11 10 16 14 14
split_gain=14212.1 3093.04 2516.73 801.582 760.678 509.422
threshold=0.034137739864056486 0.019955804785169399 -0.0093686667263084382 4.232934429323862 0.25968510979177462 36.037860194726278
decision_type=2 2 2 2 2 2
left_child=1 5 -2 -3 -4 -1
right_child=2 3 4 -5 -6 -7
leaf_value=0.041934095243486451 -0.02239994778415828 0.012517848250713542 -0.013070208106788441 -0.0053364604208266352 -0.00085734877156694051 0.023441686864454209
leaf_weight=395 1620 2038 849 281 1259 322
leaf_count=395 1620 2038 849 281 1259 322
internal_value=3.30567e-06 0.0160373 -0.0130624 0.0103408 -0.00581458 0.034066
internal_weight=6764 3036 3728 2319 2108 717
internal_count=6764 3036 3728 2319 2108 717
is_linear=0
shrinkage=0.01


Tree=4
num_leaves=7
num_cat=0
split_feature=11 1 10 11 8 1
split_gain=13932.6 3273.31 2467 1338.57 1290.7 912.942
threshold=0.034137739864056486 1.4747468523983533 -0.0090375597601802787 0.019955804785169399 565.2225000000002 1.1601536392964873
decision_type=2 2 2 2 2 2
left_child=1 4 -2 -3 -1 -4
right_child=2 3 5 -5 -6 -7
leaf_value=0.0038398088588523327 -0.022042811896877366 0.039613214667695455 -0.01295634061818117 0.018972531429448349 0.036807269186012508 0.00032266921352129427
leaf_weight=1547 1647 536 931 834 119 1150
leaf_count=1547 1647 536 931 834 119 1150
internal_value=3.80754e-06 0.0158793 -0.0129327 0.0272765 0.00640019 -0.00565166
internal_weight=6764 3036 3728 1370 1666 2081
internal_count=6764 3036 3728 1370 1666 2081
is_linear=0
shrinkage=0.01


Tree=5
num_leaves=7
num_cat=0
split_feature=0 11 11 11 8 1
split_gain=15447.4 4381.2 1378.82 1057.02 502.119 578.614
threshold=0.95423748033819977 0.047108201820321056 0.022009118257899463 0.028168050531988353 216.20430000000002 1.8191357905801997
decision_type=2 2 2 2 2 2
left_child=1 3 4 -1 5 -2
right_child=2 -3 -4 -5 -6 -7
leaf_value=0.0079889567402709645 0.01789245391533276 -0.019719804721934353 0.018062652889638084 -0.0050207632930705437 0.04780239273797382 0.043196450086020514
leaf_weight=912 256 2154 1094 1926 265 157
leaf_count=912 256 2154 1094 1926 265 157
internal_value=4.72242e-06 -0.00900201 0.0252862 -0.000826678 0.03651 0.0283054
internal_weight=6764 4992 1772 2838 678 413
internal_count=6764 4992 1772 2838 678 413
is_linear=0
shrinkage=0.01


Tree=6
num_leaves=7
num_cat=0
split_feature=0 10 0 0 14 6
split_gain=15146.6 4279.66 1261.54 1219.4 666.135 466.464
threshold=0.95423748033819977 -0.0062370046183893137 0.82558336599042892 1.0315790815419019 16.265073570448624 1.0975513411512765
decision_type=2 2 2 2 2 2
left_child=1 -1 -3 -2 -5 -4
right_child=3 2 5 4 -6 -7
leaf_value=-0.020436113597839426 0.015267414712299331 -0.0093439125866470168 0.00091505119773754818 0.021407206861347686 0.039112064811679552 0.012701247840011849
leaf_weight=1950 770 1214 1395 400 602 433
leaf_count=1950 770 1214 1395 400 602 433
internal_value=6.30204e-06 -0.00891232 -0.00148252 0.0250405 0.0323256 0.00376077
internal_weight=6764 4992 3042 1772 1002 1828
internal_count=6764 4992 3042 1772 1002 1828
is_linear=0
shrinkage=0.01


Tree=7
num_leaves=7
num_cat=0
split_feature=0 11 11 11 0 11
split_gain=14849.3 4229.69 1340.58 1025.97 478.491 477.038
threshold=0.95423748033819977 0.047108201820321056 0.022009118257899463 0.028168050531988353 1.0285039011068855 0.070196237650822613
decision_type=2 2 2 2 2 2
left_child=1 3 -2 -1 -4 -3
right_child=2 5 4 -5 -6 -7
leaf_value=0.0078942194669416529 0.035859374725584717 -0.014662856561409468 0.010630444619341513 -0.0049229717951098147 0.024157630195693364 -0.024405603419822487
leaf_weight=912 678 1137 537 1926 557 1017
leaf_count=912 678 1137 537 1926 557 1017
internal_value=7.11915e-06 -0.00882352 0.0247943 -0.000790872 0.0176741 -0.0193544
internal_weight=6764 4992 1772 2838 1094 2154
internal_count=6764 4992 1772 2838 1094 2154
is_linear=0
shrinkage=0.01


Tree=8
num_leaves=7
num_cat=0
split_feature=0 0 11 11 11 14
split_gain=14575.7 2864.47 2749.45 832.334 653.974 648.624
threshold=0.90188618595086767 1.0315790815419019 0.047108201820321056 0.025593909851723873 0.031227525781335946 16.265073570448624
decision_type=2 2 2 2 2 2
left_child=2 3 4 -2 -1 -3
right_child=1 5 -4 -5 -6 -7
leaf_value=0.0030710157994412956 0.019617609064721146 0.020951255594357482 -0.019789987641963866 0.0046253864740123307 -0.0082003151317570182 0.038408443459060068
leaf_weight=873 578 400 2057 1024 1230 602
leaf_count=873 578 400 2057 1024 1230 602
internal_value=7.55797e-06 0.018521 -0.0115977 0.0101227 -0.00352896 0.0317154
internal_weight=6764 2604 4160 1602 2103 1002
internal_count=6764 2604 4160 1602 2103 1002
is_linear=0
shrinkage=0.01


Tree=9
num_leaves=7
num_cat=0
split_feature=0 0 11 11 11 13
split_gain=14289.2 2808.62 2694.97 816.089 641.076 618.463
threshold=0.90188618595086767 1.0315790815419019 0.047108201820321056 0.025593909851723873 0.031227525781335946 11.765484519314397
decision_type=2 2 2 2 2 2
left_child=2 3 4 -2 -1 -3
right_child=1 5 -4 -5 -6 -7
leaf_value=0.003040653441928217 0.019424769310120313 0.032934695562622393 -0.019593045097020156 0.0045795799182535187 -0.0081189733181869801 -0.0070291413992960407
leaf_weight=873 578 965 2057 1024 1230 37
leaf_count=873 578 965 2057 1024 1230 37
internal_value=8.34874e-06 0.0183389 -0.0114824 0.010023 -0.00349391 0.0314041
internal_weight=6764 2604 4160 1602 2103 1002
internal_count=6764 2604 4160 1602 2103 1002
is_linear=0
shrinkage=0.01


Tree=10
num_leaves=7
num_cat=0
split_feature=11 11 10 9 9 13
split_gain=12516.1 2767.76 2228.85 832.776 737.819 644.553
threshold=0.034137739864056486 0.021948262742681645 -0.0093686667263084382 2393.0000000000005 1240.5000000000002 1.8640302924067356
decision_type=2 2 2 2 2 2
left_child=1 3 -2 -1 -3 -4
right_child=2 4 5 -5 -6 -7
leaf_value=0.034593779801246886 -0.021039872735005984 0.022908118999406417 -0.0014165359428225774 0.012551589564955066 0.0060279020878146097 -0.013032237544701029
leaf_weight=707 1620 296 1387 246 1787 721
leaf_count=707 1620 296 1387 246 1787 721
internal_value=8.63782e-06 0.0150555 -0.0122527 0.0290934 0.00852462 -0.00543223
internal_weight=6764 3036 3728 953 2083 2108
internal_count=6764 3036 3728 953 2083 2108
is_linear=0
shrinkage=0.01


Tree=11
num_leaves=7
num_cat=0
split_feature=0 11 11 11 9 16
split_gain=13860.4 3892.64 1247.88 947.753 621.693 493.007
threshold=0.95423748033819977 0.047108201820321056 0.022009118257899463 0.028168050531988353 2393.0000000000005 6.4399256874774879
decision_type=2 2 2 2 2 2
left_child=1 3 4 -1 -2 -3
right_child=2 5 -4 -5 -6 -7
leaf_value=0.0075314916441532225 0.039933441708215847 -0.014379310988805679 0.017086536790745371 -0.0047875198178197265 0.015849531185979555 -0.024372427024276548
leaf_weight=912 520 1259 1094 1926 158 895
leaf_count=912 520 1259 1094 1926 158 895
internal_value=9.15069e-06 -0.00852239 0.0239568 -0.000816223 0.0346329 -0.018625
internal_weight=6764 4992 1772 2838 678 2154
internal_count=6764 4992 1772 2838 678 2154
is_linear=0
shrinkage=0.01


Tree=12
num_leaves=7
num_cat=0
split_feature=0 0 11 11 13 11
split_gain=13593.9 2687.18 2520.3 764.951 601.808 601.066
threshold=0.90188618595086767 1.0315790815419019 0.047108201820321056 0.025593909851723873 11.765484519314397 0.031227525781335946
decision_type=2 2 2 2 2 2
left_child=2 3 5 -2 -3 -1
right_child=1 4 -4 -5 -6 -7
leaf_value=0.0028558541225296597 0.018857589454420204 0.032178389919616093 -0.019041573625327376 0.0044841289152710998 -0.0071900193387781208 -0.0079504712731791032
leaf_weight=873 578 965 2057 1024 37 1230
leaf_count=873 578 965 2057 1024 37 1230
internal_value=9.60338e-06 0.0178886 -0.011198 0.00975487 0.030668 -0.00347225
internal_weight=6764 2604 4160 1602 1002 2103
internal_count=6764 2604 4160 1602 1002 2103
is_linear=0
shrinkage=0.01


Tree=13
num_leaves=7
num_cat=0
split_feature=0 11 11 11 9 16
split_gain=13336.3 3740.13 1212.72 913.202 609.164 482.656
threshold=0.95423748033819977 0.047108201820321056 0.022009118257899463 0.028168050531988353 2393.0000000000005 6.4399256874774879
decision_type=2 2 2 2 2 2
left_child=1 3 4 -1 -2 -3
right_child=2 5 -4 -5 -6 -7
leaf_value=0.007389047068529591 0.039267058382777255 -0.014063864434926885 0.016729668860715575 -0.0047033308716440056 0.015455722245408521 -0.02394568345822826
leaf_weight=912 520 1259 1094 1926 158 895
leaf_count=912 520 1259 1094 1926 158 895
internal_value=9.86449e-06 -0.00835882 0.0235004 -0.000805108 0.0340234 -0.0182615
internal_weight=6764 4992 1772 2838 678 2154
internal_count=6764 4992 1772 2838 678 2154
is_linear=0
shrinkage=0.01


Tree=14
num_leaves=7
num_cat=0
split_feature=0 0 11 11 11 14
split_gain=13096.5 2593.84 2416.75 734.988 647.378 605.115
threshold=0.90188618595086767 1.0315790815419019 0.049367376820980059 0.025593909851723873 0.031227525781335946 16.265073570448624
decision_type=2 2 2 2 2 2
left_child=2 3 4 -2 -1 -3
right_child=1 5 -4 -5 -6 -7
leaf_value=0.0027898975406704303 0.018490797049099846 0.01974538429208645 -0.019218299287155207 0.0044015409247221277 -0.0081832499972265809 0.036569183204761324
leaf_weight=873 578 400 1914 1024 1373 602
leaf_count=873 578 400 1914 1024 1373 602
internal_value=1.02992e-05 0.0175592 -0.0109904 0.0095681 -0.00392463 0.0301146
internal_weight=6764 2604 4160 1602 2246 1002
internal_count=6764 2604 4160 1602 2246 1002
is_linear=0
shrinkage=0.01


Tree=15
num_leaves=7
num_cat=0
split_feature=0 0 11 11 14 9
split_gain=12839.2 2543.26 2369.39 720.643 593.135 605.093
threshold=0.90188618595086767 1.0315790815419019 0.047108201820321056 0.025593909851723873 16.265073570448624 2479.5000000000005
decision_type=2 2 2 2 2 2
left_child=2 3 -1 -2 -3 -6
right_child=1 4 -4 -5 5 -7
leaf_value=-0.0033900449191946198 0.018309033770402449 0.019552746601039318 -0.018486192304213871 0.0043579511891247077 0.041509234514474684 0.015562069605679272
leaf_weight=2103 578 400 2057 1024 471 131
leaf_count=2103 578 400 2057 1024 471 131
internal_value=1.10022e-05 0.0173866 -0.0108811 0.00947384 0.029819 0.0362095
internal_weight=6764 2604 4160 1602 1002 602
internal_count=6764 2604 4160 1602 1002 602
is_linear=0
shrinkage=0.01


Tree=16
num_leaves=7
num_cat=0
split_feature=1 4 14 15 14 1
split_gain=10063.3 3363.29 1766.52 1039.35 917.34 752.245
threshold=1.399950018062023 -0.14982122761397307 16.265073570448624 0.60749575603287143 0.25968510979177462 1.8019293024774827
decision_type=2 2 2 2 2 2
left_child=1 -1 3 -2 -3 -4
right_child=2 4 5 -5 -6 -7
leaf_value=-0.017902437321680814 0.018520306515165359 -0.010145639283925548 0.019053656666817416 -0.00091087451406268575 0.0034107490811539874 0.036183332687536582
leaf_weight=2094 491 696 751 609 1694 429
leaf_count=2094 491 696 751 609 1694 429
internal_value=1.2035e-05 -0.00868216 0.0170739 0.00785121 -0.000562877 0.025533
internal_weight=6764 4484 2280 1100 2390 1180
internal_count=6764 4484 2280 1100 2390 1180
is_linear=0
shrinkage=0.01


Tree=17
num_leaves=7
num_cat=0
split_feature=0 10 11 0 9 16
split_gain=12428.2 3546.6 1136.73 1103.26 585.754 470.467
threshold=0.95423748033819977 -0.0062370046183893137 0.022009118257899463 0.82558336599042892 2393.0000000000005 6.0379228356466532
decision_type=2 2 2 2 2 2
left_child=1 -1 4 -3 -2 -4
right_child=2 3 5 -5 -6 -7
leaf_value=-0.01855663140583546 0.038012432741458123 -0.0086545779733911751 0.017884177514897286 0.0036003494360102892 0.014716522798892887 -0.0075332875281617232
leaf_weight=1950 520 1214 1021 1828 158 73
leaf_count=1950 520 1214 1021 1828 158 73
internal_value=1.26263e-05 -0.00806613 0.0226893 -0.00130267 0.0328764 0.0161353
internal_weight=6764 4992 1772 3042 678 1094
internal_count=6764 4992 1772 3042 678 1094
is_linear=0
shrinkage=0.01


Tree=18
num_leaves=7
num_cat=0
split_feature=0 0 11 11 11 13
split_gain=12188.5 2428.32 2255.42 687.622 668.525 569.929
threshold=0.90188618595086767 1.0315790815419019 0.051132097672194635 0.025593909851723873 0.031227525781335946 11.765484519314397
decision_type=2 2 2 2 2 2
left_child=2 3 4 -2 -1 -3
right_child=1 5 -4 -5 -6 -7
leaf_value=0.0027746602587137132 0.017841371041235551 0.030561994922734224 -0.019025030316281114 0.0042144389113936412 -0.0082025621226701016 -0.0076212444711238779
leaf_weight=873 578 965 1794 1024 1493 37
leaf_count=873 578 965 1794 1024 1493 37
internal_value=1.30827e-05 0.0169427 -0.0105994 0.0092112 -0.00415759 0.0290907
internal_weight=6764 2604 4160 1602 2366 1002
internal_count=6764 2604 4160 1602 2366 1002
is_linear=0
shrinkage=0.01


Tree=19
num_leaves=7
num_cat=0
split_feature=0 10 11 0 9 16
split_gain=11957.7 3420.27 1104.8 1066.41 573.934 455.952
threshold=0.95423748033819977 -0.0062370046183893137 0.022009118257899463 0.82558336599042892 2393.0000000000005 6.0379228356466532
decision_type=2 2 2 2 2 2
left_child=1 -1 4 -3 -2 -4
right_child=2 3 5 -5 -6 -7
leaf_value=-0.018213066694279183 0.037378992180498144 -0.0084973490134785511 0.017519160537675146 0.003551188398505929 0.014345963401941671 -0.007496030960478876
leaf_weight=1950 520 1214 1021 1828 158 73
leaf_count=1950 520 1214 1021 1828 158 73
internal_value=1.32551e-05 -0.00791109 0.0222565 -0.00126922 0.0322979 0.0157972
internal_weight=6764 4992 1772 3042 678 1094
internal_count=6764 4992 1772 3042 678 1094
is_linear=0
shrinkage=0.01


Tree=20
num_leaves=7
num_cat=0
split_feature=0 0 11 11 11 14
split_gain=11728.3 2347.11 2181.27 665.144 571.101 557.249
threshold=0.90188618595086767 1.0315790815419019 0.040017781839351861 0.025593909851723873 0.070196237650822613 16.265073570448624
decision_type=2 2 2 2 2 2
left_child=2 3 -1 -2 -4 -3
right_child=1 5 4 -5 -6 -7
leaf_value=-0.0010915623879092923 0.017507612005697379 0.018630656533636061 -0.012143148556445202 0.0041059652300811838 -0.021953439205004078 0.034751252110718805
leaf_weight=1572 578 400 1583 1024 1005 602
leaf_count=1572 578 400 1583 1024 1005 602
internal_value=1.36922e-05 0.0166207 -0.0103966 0.00901988 -0.0160226 0.0285636
internal_weight=6764 2604 4160 1602 2588 1002
internal_count=6764 2604 4160 1602 2588 1002
is_linear=0
shrinkage=0.01


Tree=21
num_leaves=7
num_cat=0
split_feature=0 10 11 0 8 1
split_gain=11506.4 3297.13 1067.35 1032.33 476.868 541.875
threshold=0.95423748033819977 -0.0062370046183893137 0.022009118257899463 0.82558336599042892 216.20430000000002 1.8191357905801997
decision_type=2 2 2 2 2 2
left_child=1 -1 4 -3 5 -2
right_child=2 3 -4 -5 -6 -7
leaf_value=-0.017874046240920767 0.014061976863015304 -0.0083497385955511733 0.015485449981958705 0.0035046595734280236 0.042514409337802365 0.038200991691764961
leaf_weight=1950 256 1214 1094 1828 265 157
leaf_count=1950 256 1214 1094 1828 265 157
internal_value=1.4143e-05 -0.00775923 0.0218336 -0.00123805 0.0317028 0.0239245
internal_weight=6764 4992 1772 3042 678 413
internal_count=6764 4992 1772 3042 678 413
is_linear=0
shrinkage=0.01


Tree=22
num_leaves=7
num_cat=0
split_feature=0 0 1 4 4 13
split_gain=11288.3 2267.78 1792.76 888.252 584.072 547.834
threshold=0.90188618595086767 1.0315790815419019 1.0856070478418636 -0.13136126038979362 -0.021169713544232645 11.765484519314397
decision_type=2 2 2 2 2 2
left_child=2 4 -1 -4 -2 -3
right_child=1 5 3 -5 -6 -7
leaf_value=-0.01748381967407521 0.0030113710957798416 0.029490514248389849 -0.010786722529339718 0.0016111472056674723 0.015104995669080523 -0.0078660593926906594
leaf_weight=1857 838 965 1089 1214 764 37
leaf_count=1857 838 965 1089 1214 764 37
internal_value=1.52939e-05 0.0163077 -0.0101978 -0.00427262 0.00883679 0.028047
internal_weight=6764 2604 4160 2303 1602 1002
internal_count=6764 2604 4160 2303 1602 1002
is_linear=0
shrinkage=0.01


Tree=23
num_leaves=7
num_cat=0
split_feature=0 10 11 0 16 4
split_gain=11076.6 3186 1041.13 993.776 440.026 417.456
threshold=0.95423748033819977 -0.0062370046183893137 0.022009118257899463 0.82558336599042892 6.0379228356466532 0.043670562441908721
decision_type=2 2 2 2 2 2
left_child=1 -1 -2 -3 -4 -5
right_child=2 3 4 5 -6 -7
leaf_value=-0.017554370993391934 0.031168690123561459 -0.0081788892985432959 0.016848944313099263 0.00074887235567472571 -0.0076962633579071753 0.011872087767913587
leaf_weight=1950 678 1214 1021 1392 73 436
leaf_count=1950 678 1214 1021 1392 73 436
internal_value=1.53341e-05 -0.00761149 0.0214234 -0.00120121 0.0151562 0.00345205
internal_weight=6764 4992 1772 3042 1094 1828
internal_count=6764 4992 1772 3042 1094 1828
is_linear=0
shrinkage=0.01


Tree=24
num_leaves=7
num_cat=0
split_feature=0 0 10 1 6 8
split_gain=10860.8 2193.92 2023.24 719.151 565.352 541.467
threshold=0.90188618595086767 1.0315790815419019 -0.007133259976175135 1.1998836746149026 0.95853832657121496 467.50860000000006
decision_type=2 2 2 2 2 2
left_child=2 4 -1 -4 -2 -3
right_child=1 5 3 -5 -6 -7
leaf_value=-0.018060897635880674 0.0029180122349512288 0.02260741550914978 -0.0094809598630001251 0.0014659817468946235 0.014815440157315427 0.040203556219095236
leaf_weight=1774 838 741 1179 1207 764 261
leaf_count=1774 838 741 1179 1207 764 261
internal_value=1.55824e-05 0.0159965 -0.0100023 -0.00396025 0.00864865 0.0275428
internal_weight=6764 2604 4160 2386 1602 1002
internal_count=6764 2604 4160 2386 1602 1002
is_linear=0
shrinkage=0.01


Tree=25
num_leaves=7
num_cat=0
split_feature=0 10 11 0 9 8
split_gain=10661.6 3065.78 1013.55 936.051 551.027 410.804
threshold=0.95423748033819977 -0.0055896547002886746 0.022009118257899463 0.82558336599042892 2393.0000000000005 216.20430000000002
decision_type=2 2 2 2 2 2
left_child=1 -1 4 -3 -2 -4
right_child=2 3 5 -5 -6 -7
leaf_value=-0.016818543256401444 0.035600243265723003 -0.0078385492405755094 0.0099305766524595777 0.0036543202803189651 0.013139875810122161 0.022839200411622584
leaf_weight=2051 520 1165 692 1776 158 402
leaf_count=2051 520 1165 692 1776 158 402
internal_value=1.62307e-05 -0.00746635 0.0210194 -0.000909414 0.0306332 0.0148379
internal_weight=6764 4992 1772 2941 678 1094
internal_count=6764 4992 1772 2941 678 1094
is_linear=0
shrinkage=0.01


Tree=26
num_leaves=7
num_cat=0
split_feature=0 11 0 16 6 13
split_gain=10454.2 2756.52 1236.21 666.264 528.924 527.798
threshold=0.93879673972230593 0.040017781839351861 1.0315790815419019 6.4399256874774879 1.0975513411512765 11.765484519314397
decision_type=2 2 2 2 2 2
left_child=1 4 -2 -3 -1 -4
right_child=2 3 5 -5 -6 -7
leaf_value=-0.001993058509552482 0.01110870292579905 -0.010752751848428362 0.028455773407407105 -0.021159087229406622 0.0099532037315920845 -0.0081304333301043096
leaf_weight=1552 985 1774 965 975 476 37
leaf_count=1552 985 1774 965 975 476 37
internal_value=1.69615e-05 -0.00800094 0.0192366 -0.0145069 0.000845976 0.0270378
internal_weight=6764 4777 1987 2749 2028 1002
internal_count=6764 4777 1987 2749 2028 1002
is_linear=0
shrinkage=0.01


Tree=27
num_leaves=7
num_cat=0
split_feature=0 0 11 11 11 8
split_gain=10266.9 2069.68 1961.18 614.333 597.84 527.658
threshold=0.90188618595086767 1.0315790815419019 0.051132097672194635 0.025593909851723873 0.031227525781335946 467.50860000000006
decision_type=2 2 2 2 2 2
left_child=2 3 4 -2 -1 -3
right_child=1 5 -4 -5 -6 -7
leaf_value=0.0028366817480350278 0.016573598036264563 0.021910078040512957 -0.017579750557549602 0.003698411932312145 -0.0075425917396823184 0.039247934172046799
leaf_weight=873 578 741 1794 1024 1493 261
leaf_count=873 578 741 1794 1024 1493 261
internal_value=1.69024e-05 0.0155547 -0.00972316 0.00841776 -0.00371706 0.0267694
internal_weight=6764 2604 4160 1602 2366 1002
internal_count=6764 2604 4160 1602 2366 1002
is_linear=0
shrinkage=0.01


Tree=28
num_leaves=7
num_cat=0
split_feature=0 0 11 11 11 14
split_gain=10065.5 2029.57 1922.37 602.341 586.41 522.907
threshold=0.90188618595086767 1.0315790815419019 0.051132097672194635 0.025593909851723873 0.028168050531988353 16.265073570448624
decision_type=2 2 2 2 2 2
left_child=2 3 4 -2 -1 -3
right_child=1 5 -4 -5 -6 -7
leaf_value=0.0046664719841228797 0.016410680684992778 0.016945957465824196 -0.017404927640178647 0.0036617854470792415 -0.0066214785543743737 0.032480433585565065
leaf_weight=615 578 400 1794 1024 1751 602
leaf_count=615 578 400 1794 1024 1751 602
internal_value=1.76065e-05 0.0154023 -0.00962647 0.00833484 -0.00368008 0.0265078
internal_weight=6764 2604 4160 1602 2366 1002
internal_count=6764 2604 4160 1602 2366 1002
is_linear=0
shrinkage=0.01


Tree=29
num_leaves=7
num_cat=0
split_feature=1 10 10 14 14 9
split_gain=8182.24 2756.36 1543.89 794.687 794.409 558.273
threshold=1.399950018062023 -0.0055896547002886746 -0.0028524512026467017 16.265073570448624 0.25968510979177462 1162.0000000000002
decision_type=2 2 2 2 2 2
left_child=1 -1 -2 -4 -3 -6
right_child=2 4 3 -5 5 -7
leaf_value=-0.01693501871945156 -0.00046911619137028052 -0.0097277599462363504 0.011380428685360511 0.02515903773643146 0.01804967401293563 0.0005082220321121232
leaf_weight=1899 483 745 731 1066 194 1646
leaf_count=1899 483 745 731 1066 194 1646
internal_value=1.81706e-05 -0.00782146 0.0154029 0.019648 -0.00108698 0.00244527
internal_weight=6764 4484 2280 1797 2585 1840
internal_count=6764 4484 2280 1797 2585 1840
is_linear=0
shrinkage=0.01


Tree=30
num_leaves=7
num_cat=0
split_feature=11 8 10 1 1 11
split_gain=8964.37 2315.89 1559.1 1476.13 654.329 524.743
threshold=0.034137739864056486 216.20430000000002 -0.0093686667263084382 1.57220418330556 1.0633557550923742 0.025942626148776217
decision_type=2 2 2 2 2 2
left_child=1 3 -2 -1 -4 -3
right_child=2 5 4 -5 -6 -7
leaf_value=0.002869143360173266 -0.017707953405675072 0.035930433309991697 -0.013495090715556095 0.020160444596774386 -0.001150955611057287 0.016710112249053152
leaf_weight=1667 1620 418 590 694 1518 257
leaf_count=1667 1620 418 590 694 1518 257
internal_value=1.84017e-05 0.0127526 -0.0103584 0.0080154 -0.00465331 0.0289632
internal_weight=6764 3036 3728 2361 2108 675
internal_count=6764 3036 3728 2361 2108 675
is_linear=0
shrinkage=0.01


Tree=31
num_leaves=7
num_cat=0
split_feature=0 10 8 0 1 4
split_gain=9610.99 2742.61 947.015 895.307 573.683 394.636
threshold=0.95423748033819977 -0.0067373737373737363 467.50860000000006 0.82558336599042892 1.4389845166479056 0.043670562441908721
decision_type=2 2 2 2 2 2
left_child=1 -1 4 -3 -2 -5
right_child=2 3 -4 5 -6 -7
leaf_value=-0.016551181022121938 0.0068272202921713741 -0.0077825620678336066 0.034248478275010402 0.00053734642696970575 0.020537660231414651 0.011330080569550529
leaf_weight=1889 471 1253 366 1414 935 436
leaf_count=1889 471 1253 366 1414 935 436
internal_value=1.88571e-05 -0.0070855 0.0199604 -0.00128846 0.0160254 0.00312817
internal_weight=6764 4992 1772 3103 1406 1850
internal_count=6764 4992 1772 3103 1406 1850
is_linear=0
shrinkage=0.01


Tree=32
num_leaves=7
num_cat=0
split_feature=0 11 11 16 6 9
split_gain=9422.34 2697.26 931.663 659.021 533.585 523.403
threshold=0.95423748033819977 0.040017781839351861 0.022009118257899463 6.4399256874774879 1.0975513411512765 2393.0000000000005
decision_type=2 2 2 2 2 2
left_child=1 4 5 -3 -1 -2
right_child=2 3 -4 -5 -6 -7
leaf_value=-0.0015126732848279132 0.033807735798915599 -0.009860127048990015 0.013844429540527611 -0.020139444859340938 0.0099415158582269215 0.012009087242463247
leaf_weight=1678 520 1808 1094 980 526 158
leaf_count=1678 520 1808 1094 980 526 158
internal_value=1.93941e-05 -0.00701489 0.0197642 -0.0135324 0.0012535 0.0289762
internal_weight=6764 4992 1772 2788 2204 678
internal_count=6764 4992 1772 2788 2204 678
is_linear=0
shrinkage=0.01


Tree=33
num_leaves=7
num_cat=0
split_feature=0 0 11 11 11 13
split_gain=9256.12 1886.47 1748.34 553.473 537.673 503.26
threshold=0.90188618595086767 1.0315790815419019 0.051132097672194635 0.025593909851723873 0.028168050531988353 11.765484519314397
decision_type=2 2 2 2 2 2
left_child=2 3 4 -2 -1 -3
right_child=1 5 -4 -5 -6 -7
leaf_value=0.0044351434933319689 0.015701050194254346 0.026866258709458635 -0.016646531837799551 0.0034807667194574495 -0.0063737982831335296 -0.0087111476713672593
leaf_weight=615 578 965 1794 1024 1751 37
leaf_count=615 578 965 1794 1024 1751 37
internal_value=1.97625e-05 0.014773 -0.00922845 0.00795988 -0.00355736 0.0254794
internal_weight=6764 2604 4160 1602 2366 1002
internal_count=6764 2604 4160 1602 2366 1002
is_linear=0
shrinkage=0.01


Tree=34
num_leaves=7
num_cat=0
split_feature=0 11 0 11 14 9
split_gain=9074.24 1917.91 1609.02 492.506 489.774 542.554
threshold=0.91341633607617978 0.047108201820321056 1.0315790815419019 0.025593909851723873 16.265073570448624 2479.5000000000005
decision_type=2 2 2 2 2 2
left_child=1 -1 3 -2 -4 -6
right_child=2 -3 4 -5 5 -7
leaf_value=-0.0022201588312015007 0.016081285414768866 -0.01548818991186641 0.015994183180740151 0.003855048576274416 0.035980423717108981 0.011808106969573027
leaf_weight=2284 530 2080 400 868 471 131
leaf_count=2284 530 2080 400 868 471 131
internal_value=1.98417e-05 -0.00856501 0.0156007 0.00857147 0.0252264 0.0309992
internal_weight=6764 4364 2400 1398 1002 602
internal_count=6764 4364 2400 1398 1002 602
is_linear=0
shrinkage=0.01


Tree=35
num_leaves=7
num_cat=0
split_feature=0 0 11 11 11 8
split_gain=8902.1 1811.47 1682.91 532.207 525.128 491.71
threshold=0.90188618595086767 1.0315790815419019 0.051132097672194635 0.025593909851723873 0.028168050531988353 467.50860000000006
decision_type=2 2 2 2 2 2
left_child=2 3 4 -2 -1 -3
right_child=1 5 -4 -5 -6 -7
leaf_value=0.00441334804036282 0.015403571982840694 0.020315256744031653 -0.016326965939495175 0.0034202350327268327 -0.0062685313409309778 0.036986976839134614
leaf_weight=615 578 741 1794 1024 1751 261
leaf_count=615 578 741 1794 1024 1751 261
internal_value=2.06177e-05 0.0144889 -0.00904901 0.00781255 -0.00348508 0.0249805
internal_weight=6764 2604 4160 1602 2366 1002
internal_count=6764 2604 4160 1602 2366 1002
is_linear=0
shrinkage=0.01


Tree=36
num_leaves=7
num_cat=0
split_feature=0 10 8 0 9 11
split_gain=8731.48 2531.26 898.363 812.117 593.853 557.926
threshold=0.95423748033819977 -0.0055896547002886746 467.50860000000006 0.82558336599042892 1421.0000000000002 0.032605189010684155
decision_type=2 2 2 2 2 2
left_child=1 -1 4 -3 -2 -4
right_child=2 3 5 -5 -6 -7
leaf_value=-0.015248113766349655 0.030832894014124319 -0.0072466752171912729 0.038786041979127099 0.0034582985716295443 0.012346409542165402 0.006438788666506298
leaf_weight=2051 202 1165 296 1776 1204 70
leaf_count=2051 202 1165 296 1776 1204 70
internal_value=2.12669e-05 -0.00675024 0.0190285 -0.000792383 0.0152014 0.0329352
internal_weight=6764 4992 1772 2941 1406 366
internal_count=6764 4992 1772 2941 1406 366
is_linear=0
shrinkage=0.01


Tree=37
num_leaves=7
num_cat=0
split_feature=11 8 1 10 1 11
split_gain=7965.17 2117.92 1604.79 1377.68 600.747 487.132
threshold=0.034137739864056486 467.50860000000006 1.4747468523983533 -0.0093686667263084382 1.0633557550923742 0.019955804785169399
decision_type=2 2 2 2 2 2
left_child=1 2 -1 -2 -5 -4
right_child=3 -3 5 4 -6 -7
leaf_value=0.0021545449720480627 -0.016668123182326418 0.033794021946294689 0.027105000722210029 -0.012868212862728007 -0.0010408359452408888 0.012841011797095479
leaf_weight=1543 1620 381 378 590 1518 734
leaf_count=1543 1620 381 378 590 1518 734
internal_value=2.20783e-05 0.0120256 0.00878666 -0.00975933 -0.00439628 0.0178881
internal_weight=6764 3036 2655 3728 2108 1112
internal_count=6764 3036 2655 3728 2108 1112
is_linear=0
shrinkage=0.01


Tree=38
num_leaves=7
num_cat=0
split_feature=0 0 11 11 11 13
split_gain=8445.79 1731.06 1589.95 506.014 499.906 484.786
threshold=0.90188618595086767 1.0315790815419019 0.051132097672194635 0.025593909851723873 0.028168050531988353 11.765484519314397
decision_type=2 2 2 2 2 2
left_child=2 3 4 -2 -1 -3
right_child=1 5 -4 -5 -6 -7
leaf_value=0.0043030082786604763 0.014990786428081798 0.025733744346861466 -0.015885709109600604 0.003306554239250024 -0.0061192105319446237 -0.0090850400639341227
leaf_weight=615 578 965 1794 1024 1751 37
leaf_count=615 578 965 1794 1024 1751 37
internal_value=2.25265e-05 0.0141151 -0.0088116 0.00758906 -0.00340343 0.024371
internal_weight=6764 2604 4160 1602 2366 1002
internal_count=6764 2604 4160 1602 2366 1002
is_linear=0
shrinkage=0.01


Tree=39
num_leaves=7
num_cat=0
split_feature=0 11 8 16 11 16
split_gain=8285 2377.31 860.999 618.741 533.169 529.492
threshold=0.95423748033819977 0.040017781839351861 467.50860000000006 6.4399256874774879 0.032605189010684155 0.42483146227410934
decision_type=2 2 2 2 2 2
left_child=1 -1 5 -3 -4 -2
right_child=2 3 4 -5 -6 -7
leaf_value=0.0011889231081253229 0.023541257078858239 -0.009138505652352729 0.037869061653082278 -0.019090272826819934 0.0062548881992697718 0.010321920945402968
leaf_weight=2204 461 1808 296 980 70 945
leaf_count=2204 461 1808 296 980 70 945
internal_value=2.25558e-05 -0.00657355 0.0185374 -0.0126923 0.0321498 0.0147919
internal_weight=6764 4992 1772 2788 366 1406
internal_count=6764 4992 1772 2788 366 1406
is_linear=0
shrinkage=0.01


Tree=40
num_leaves=7
num_cat=0
split_feature=0 0 11 4 11 13
split_gain=8138.39 1673.1 1531.32 493.735 484.957 473.36
threshold=0.90188618595086767 1.0315790815419019 0.051132097672194635 -0.021169713544232645 0.028168050531988353 11.765484519314397
decision_type=2 2 2 2 2 2
left_child=2 3 4 -2 -1 -3
right_child=1 5 -4 -5 -6 -7
leaf_value=0.0042489676496600733 0.0020949450043197017 0.025286450767822759 -0.015591232705398765 0.013202308547281173 -0.006016163698178827 -0.009097589974073653
leaf_weight=615 838 965 1794 764 1751 37
leaf_count=615 838 965 1794 764 1751 37
internal_value=2.30823e-05 0.0138568 -0.00864879 0.00744113 -0.00334127 0.0239394
internal_weight=6764 2604 4160 1602 2366 1002
internal_count=6764 2604 4160 1602 2366 1002
is_linear=0
shrinkage=0.01


Tree=41
num_leaves=7
num_cat=0
split_feature=11 8 1 10 1 11
split_gain=7423.26 2012.72 1523.96 1286.5 569.535 468.901
threshold=0.034137739864056486 467.50860000000006 1.4747468523983533 -0.0093686667263084382 1.0633557550923742 0.019955804785169399
decision_type=2 2 2 2 2 2
left_child=1 2 -1 -2 -5 -4
right_child=3 -3 5 4 -6 -7
leaf_value=0.0019919989969091416 -0.016095967257681067 0.032830964245260608 0.026360865775159725 -0.01248615123735896 -0.00097049170617652327 0.012377338883024516
leaf_weight=1543 1620 381 378 590 1518 734
leaf_count=1543 1620 381 378 590 1518 734
internal_value=2.30601e-05 0.011611 0.00845416 -0.00941975 -0.0042373 0.0173233
internal_weight=6764 3036 2655 3728 2108 1112
internal_count=6764 3036 2655 3728 2108 1112
is_linear=0
shrinkage=0.01


Tree=42
num_leaves=7
num_cat=0
split_feature=11 8 11 6 16 4
split_gain=7277.78 1973.8 1173.96 1060.87 459.474 407.518
threshold=0.034137739864056486 467.50860000000006 0.059144850375991785 1.1976155987790402 0.92919222506915333 -0.10002961723203856
decision_type=2 2 2 2 2 2
left_child=1 3 5 4 -1 -2
right_child=2 -3 -4 -5 -6 -7
leaf_value=0.0092465153929123505 -0.0085533366203805767 0.032511051480212938 -0.016437085134178079 0.019204782034189873 -0.00034848656463683139 -8.5032066928520826e-05
leaf_weight=1035 1300 381 1424 666 954 1004
leaf_count=1035 1300 381 1424 666 954 1004
internal_value=2.34791e-05 0.0114973 -0.00932634 0.00837114 0.00466567 -0.00487947
internal_weight=6764 3036 3728 2655 1989 2304
internal_count=6764 3036 3728 2655 1989 2304
is_linear=0
shrinkage=0.01


Tree=43
num_leaves=7
num_cat=0
split_feature=10 13 8 4 10 8
split_gain=6320.8 2094.01 1902.07 927.826 540.345 492.786
threshold=-0.0039128470089687785 1.7580699840619169 216.20430000000002 0.084912984965560698 -0.016250254650552159 24.678000000000004
decision_type=2 2 2 2 2 2
left_child=4 2 3 5 -1 -2
right_child=1 -3 -4 -5 -6 -7
leaf_value=-0.017839847406747031 -0.00093155967704600486 -0.0069880959089890209 0.024646997072136939 0.018420914511530745 -0.0083975203288939905 0.0086857627942258393
leaf_weight=1069 1077 801 770 540 1466 1041
leaf_count=1069 1077 801 770 540 1466 1041
internal_value=2.3769e-05 0.00750294 0.0108994 0.00683944 -0.0124338 0.00381397
internal_weight=6764 4229 3428 2658 2535 2118
internal_count=6764 4229 3428 2658 2535 2118
is_linear=0
shrinkage=0.01


Tree=44
num_leaves=7
num_cat=0
split_feature=11 8 1 1 9 11
split_gain=7024.63 1913.15 1473.08 1208.78 590.972 455.874
threshold=0.034137739864056486 467.50860000000006 1.4747468523983533 1.0633557550923742 1693.0000000000002 0.021948262742681645
decision_type=2 2 2 2 2 2
left_child=1 2 -1 -2 -5 -4
right_child=3 -3 5 4 -6 -7
leaf_value=0.0018659704810816344 -0.015711636093307189 0.031984514172958292 0.024425837527027271 -0.0077839477088246277 0.0034675795983669117 0.01118665144406901
leaf_weight=1543 1598 381 469 1451 679 643
leaf_count=1543 1598 381 469 1451 679 643
internal_value=2.37911e-05 0.0112963 0.00821865 -0.00916198 -0.00419775 0.0169384
internal_weight=6764 3036 2655 3728 2130 1112
internal_count=6764 3036 2655 3728 2130 1112
is_linear=0
shrinkage=0.01


Tree=45
num_leaves=7
num_cat=0
split_feature=0 10 11 0 16 1
split_gain=7560.03 2133.06 786.366 715.812 379.517 347.467
threshold=0.95423748033819977 -0.0054299422888576922 0.022009118257899463 0.82558336599042892 6.0379228356466532 1.8019293024774827
decision_type=2 2 2 2 2 2
left_child=1 -1 5 -3 -4 -2
right_child=2 3 4 -5 -6 -7
leaf_value=-0.013997607825725638 0.018759959381809483 -0.0068580463745948408 0.013857742465745025 0.0032424806578565698 -0.0088031086993841344 0.034245966507844651
leaf_weight=2076 371 1150 1021 1766 73 307
leaf_count=2076 371 1150 1021 1766 73 307
internal_value=2.42829e-05 -0.00627663 0.0177105 -0.000750748 0.0122796 0.0261679
internal_weight=6764 4992 1772 2916 1094 678
internal_count=6764 4992 1772 2916 1094 678
is_linear=0
shrinkage=0.01


Tree=46
num_leaves=7
num_cat=0
split_feature=0 0 10 1 6 13
split_gain=7412.78 1484.04 1390.06 573.904 462.031 443.904
threshold=0.9045054571356631 1.0315790815419019 -0.007133259976175135 1.1998836746149026 0.99991965424749385 11.765484519314397
decision_type=2 2 2 2 2 2
left_child=2 4 -1 -4 -2 -3
right_child=1 5 3 -5 -6 -7
leaf_value=-0.014800295686429576 0.0025095858667833156 0.024217663869619942 -0.008107109477606924 0.0015503253977147643 0.013589734827965555 -0.0090380529552064048
leaf_weight=1776 889 965 1195 1252 650 37
leaf_count=1776 889 965 1195 1252 650 37
internal_value=2.46372e-05 0.0134899 -0.00809022 -0.00317971 0.00724683 0.0229125
internal_weight=6764 2541 4223 2447 1539 1002
internal_count=6764 2541 4223 2447 1539 1002
is_linear=0
shrinkage=0.01


Tree=47
num_leaves=7
num_cat=0
split_feature=0 11 8 16 9 11
split_gain=7275.38 2035.27 779.108 572.367 562.628 475.803
threshold=0.95423748033819977 0.040017781839351861 467.50860000000006 6.4399256874774879 1421.0000000000002 0.032605189010684155
decision_type=2 2 2 2 2 2
left_child=1 -1 4 -3 -2 -4
right_child=2 3 5 -5 -6 -7
leaf_value=0.0010260733272500677 0.029000419941115775 -0.0084041261433970022 0.035720155954701842 -0.01796809191008409 0.011049480961738892 0.0058634346213657408
leaf_weight=2204 202 1808 296 980 1204 70
leaf_count=2204 202 1808 296 980 1204 70
internal_value=2.45373e-05 -0.00615661 0.0173746 -0.0118181 0.0138151 0.0303177
internal_weight=6764 4992 1772 2788 1406 366
internal_count=6764 4992 1772 2788 1406 366
is_linear=0
shrinkage=0.01


Tree=48
num_leaves=7
num_cat=0
split_feature=0 0 11 6 13 11
split_gain=7143.88 1609.39 1246.14 460.416 434.41 433.282
threshold=0.89355330663029353 1.0315790815419019 0.051132097672194635 0.95853832657121496 11.765484519314397 0.028168050531988353
decision_type=2 2 2 2 2 2
left_child=2 3 5 -2 -3 -1
right_child=1 4 -4 -5 -6 -7
leaf_value=0.0039393207161877407 0.0016673555715134283 0.023792479488234489 -0.014670840997171841 0.01197472840539136 -0.0090806228556531542 -0.006042788857461007
leaf_weight=579 916 965 1779 819 37 1669
leaf_count=579 916 965 1779 819 37 1669
internal_value=2.51229e-05 0.0124652 -0.00843986 0.00657365 0.0225009 -0.00346571
internal_weight=6764 2737 4027 1735 1002 2248
internal_count=6764 2737 4027 1735 1002 2248
is_linear=0
shrinkage=0.01


Tree=49
num_leaves=7
num_cat=0
split_feature=0 0 11 16 4 13
split_gain=7004.76 1403.36 1338.23 454.771 442.425 426.394
threshold=0.9045054571356631 1.0315790815419019 0.040017781839351861 6.4399256874774879 -1.0000000180025095e-35 11.765484519314397
decision_type=2 2 2 2 2 2
left_child=2 4 -1 -4 -2 -3
right_child=1 5 3 -5 -6 -7
leaf_value=-0.00074968631837793746 0.0024085459927432611 0.023556994738334263 -0.0090094953996800228 -0.017787497497948945 0.013250236019054711 -0.0090091371409436495
leaf_weight=1629 889 965 1635 959 650 37
leaf_count=1629 889 965 1635 959 650 37
internal_value=2.50425e-05 0.0131145 -0.00786332 -0.0123106 0.00704354 0.0222773
internal_weight=6764 2541 4223 2594 1539 1002
internal_count=6764 2541 4223 2594 1539 1002
is_linear=0
shrinkage=0.01


Tree=50
num_leaves=7
num_cat=0
split_feature=0 0 8 9 1 15
split_gain=6875 1908.04 759.614 550.037 540.747 413.749
threshold=0.95423748033819977 0.81733759841628062 467.50860000000006 1421.0000000000002 1.1662456041777161 0.60749575603287143
decision_type=2 2 2 2 2 2
left_child=1 4 3 -2 -1 -3
right_child=2 5 -4 -5 -6 -7
leaf_value=-0.014576748685052758 0.028385873752874585 0.0052556744420966034 0.029664996445991413 0.010648681908486586 -0.0045872260297521936 -0.0031941468209426074
leaf_weight=1903 202 1056 366 1204 773 1260
leaf_count=1903 202 1056 366 1204 773 1260
internal_value=2.48314e-05 -0.00598383 0.0168908 0.0133795 -0.011719 0.000664653
internal_weight=6764 4992 1772 1406 2676 2316
internal_count=6764 4992 1772 1406 2676 2316
is_linear=0
shrinkage=0.01


Tree=51
num_leaves=7
num_cat=0
split_feature=11 8 10 6 14 8
split_gain=6266.32 1763.15 1082.57 962.567 441.321 402.203
threshold=0.034137739864056486 467.50860000000006 -0.0093686667263084382 1.1976155987790402 0.25968510979177462 43.000650000000007
decision_type=2 2 2 2 2 2
left_child=1 3 -2 5 -4 -1
right_child=2 -3 4 -5 -6 -7
leaf_value=-5.6319207560317635e-05 -0.014774753569459622 0.030531148182923726 -0.0094226865938577872 0.018036691399880813 -0.00012493541628970722 0.0089276252860109769
leaf_weight=1054 1620 381 849 666 1259 935
leaf_count=1054 1620 381 849 666 1259 935
internal_value=2.53448e-05 0.0106721 -0.00865048 0.00771838 -0.00389643 0.00419044
internal_weight=6764 3036 3728 2655 2108 1989
internal_count=6764 3036 3728 2655 2108 1989
is_linear=0
shrinkage=0.01


Tree=52
num_leaves=7
num_cat=0
split_feature=11 1 1 11 15 16
split_gain=6143.25 1701.19 1072.82 757.486 510.258 436.903
threshold=0.034137739864056486 1.4747468523983533 1.0633557550923742 0.019955804785169399 0.6357758844615965 1.0776568267759006
decision_type=2 2 2 2 2 2
left_child=1 5 -2 -3 -4 -1
right_child=2 3 4 -5 -6 -7
leaf_value=0.0084943133581456692 -0.014734792093441137 0.028034703926534663 0.0027955018650926652 0.012573553439741304 -0.0074411694035649168 -0.0017247260540403512
leaf_weight=888 1598 536 740 834 1390 778
leaf_count=888 1598 536 740 834 1390 778
internal_value=2.55802e-05 0.0105672 -0.00856462 0.0187819 -0.00388832 0.00374034
internal_weight=6764 3036 3728 1370 2130 1666
internal_count=6764 3036 3728 1370 2130 1666
is_linear=0
shrinkage=0.01


Tree=53
num_leaves=7
num_cat=0
split_feature=0 10 8 0 9 11
split_gain=6567.09 1865.85 725.835 589.601 534.347 447.809
threshold=0.95423748033819977 -0.0037372424621087501 467.50860000000006 0.82353906761129492 1421.0000000000002 0.032605189010684155
decision_type=2 2 2 2 2 2
left_child=1 -1 4 -3 -2 -4
right_child=2 3 5 -5 -6 -7
leaf_value=-0.012092692842038781 0.027865060825463174 -0.0060220114376760992 0.034235167265745561 0.0038468329095023446 0.01038722645406975 0.0053345307977870106
leaf_weight=2435 202 962 296 1595 1204 70
leaf_count=2435 202 962 296 1595 1204 70
internal_value=2.57377e-05 -0.00584683 0.0165097 0.00012496 0.0130773 0.0289966
internal_weight=6764 4992 1772 2557 1406 366
internal_count=6764 4992 1772 2557 1406 366
is_linear=0
shrinkage=0.01


Tree=54
num_leaves=7
num_cat=0
split_feature=0 0 11 11 14 11
split_gain=6445.22 1470.52 1125 424.116 397.366 394.08
threshold=0.89355330663029353 1.0315790815419019 0.051132097672194635 0.025593909851723873 16.265073570448624 0.028168050531988353
decision_type=2 2 2 2 2 2
left_child=2 3 5 -2 -3 -1
right_child=1 4 -4 -5 -6 -7
leaf_value=0.0037741089013289719 0.012924589045531534 0.013182874698822226 -0.013934365524309118 0.0025627332224982379 0.026613385784100198 -0.0057455832735253164
leaf_weight=579 602 400 1779 1133 602 1669
leaf_count=579 602 400 1779 1133 602 1669
internal_value=2.64185e-05 0.0118425 -0.00801399 0.00621149 0.0214351 -0.00328781
internal_weight=6764 2737 4027 1735 1002 2248
internal_count=6764 2737 4027 1735 1002 2248
is_linear=0
shrinkage=0.01


Tree=55
num_leaves=7
num_cat=0
split_feature=11 8 1 1 10 11
split_gain=5825.05 1674.84 1289 1027.76 514.401 408.53
threshold=0.034137739864056486 467.50860000000006 1.4747468523983533 1.0633557550923742 -0.0039128470089687785 0.021948262742681645
decision_type=2 2 2 2 2 2
left_child=1 2 -1 -2 -5 -4
right_child=3 -3 5 4 -6 -7
leaf_value=0.0014729900518971983 -0.014377158847851772 0.029646131039860295 0.022649948610020083 -0.0083670520364419916 0.0014454251792725922 0.010138108721601948
leaf_weight=1543 1598 381 469 1127 1003 643
leaf_count=1543 1598 381 469 1127 1003 643
internal_value=2.67356e-05 0.0102918 0.00741353 -0.00833804 -0.00376127 0.01557
internal_weight=6764 3036 2655 3728 2130 1112
internal_count=6764 3036 2655 3728 2130 1112
is_linear=0
shrinkage=0.01


Tree=56
num_leaves=7
num_cat=0
split_feature=0 11 8 16 4 9
split_gain=6230.73 1731.69 699.817 602.782 582.681 494.541
threshold=0.95423748033819977 0.049367376820980059 216.20430000000002 0.95731794723447783 0.043670562441908721 1422.5000000000002
decision_type=2 2 2 2 2 2
left_child=1 4 3 5 -1 -2
right_child=2 -3 -4 -5 -6 -7
leaf_value=-0.0030813177347548933 0.04102595464159281 -0.012877949808351557 0.024159489497585368 0.0017474956641277105 0.0078695648803478128 0.013548118140073815
leaf_weight=2395 68 1998 667 432 599 605
leaf_count=2395 68 1998 667 432 599 605
internal_value=2.70973e-05 -0.00569311 0.0160833 0.0110354 -0.000871506 0.0168845
internal_weight=6764 4992 1772 1105 2994 673
internal_count=6764 4992 1772 1105 2994 673
is_linear=0
shrinkage=0.01


Tree=57
num_leaves=7
num_cat=0
split_feature=11 8 1 1 9 11
split_gain=5627.37 1623.81 1248.92 995.009 497.069 400.326
threshold=0.034137739864056486 467.50860000000006 1.4747468523983533 1.0633557550923742 1712.5000000000002 0.019955804785169399
decision_type=2 2 2 2 2 2
left_child=1 2 -1 -2 -5 -4
right_child=3 -3 5 4 -6 -7
leaf_value=0.0014359171447720133 -0.014135813284323631 0.02917435434868421 0.023647102150950849 -0.0069692624334670231 0.0033604115706209348 0.01075924594531096
leaf_weight=1543 1598 381 378 1454 676 734
leaf_count=1543 1598 381 378 1454 676 734
internal_value=2.7895e-05 0.0101172 0.00728328 -0.00819373 -0.00369054 0.0153119
internal_weight=6764 3036 2655 3728 2130 1112
internal_count=6764 3036 2655 3728 2130 1112
is_linear=0
shrinkage=0.01


Tree=58
num_leaves=7
num_cat=0
split_feature=0 0 1 15 4 8
split_gain=6033.39 1400.31 1036.95 507.07 401.424 364.546
threshold=0.89274929014375581 1.0315790815419019 1.0856070478418636 0.60749575603287143 -0.021169713544232645 467.50860000000006
decision_type=2 2 2 2 2 2
left_child=2 4 -1 -4 -2 -3
right_child=1 5 3 -5 -6 -7
leaf_value=-0.013311819445554382 0.0013861498109208124 0.016763705093061403 0.00349492858878961 -0.0066192526989437605 0.010938719853654964 0.031063619474588286
leaf_weight=1839 927 741 754 1409 833 261
leaf_count=1839 927 741 754 1409 833 261
internal_value=2.83139e-05 0.0113737 -0.00781061 -0.00309369 0.0059436 0.0207587
internal_weight=6764 2762 4002 2163 1760 1002
internal_count=6764 2762 4002 2163 1760 1002
is_linear=0
shrinkage=0.01


Tree=59
num_leaves=7
num_cat=0
split_feature=0 0 11 6 1 14
split_gain=5917.48 1206.77 1123.5 396.997 381.637 376.786
threshold=0.9045054571356631 1.0315790815419019 0.051132097672194635 0.99991965424749385 1.1998836746149026 16.265073570448624
decision_type=2 2 2 2 2 2
left_child=2 3 4 -2 -1 -3
right_child=1 5 -4 -5 -6 -7
leaf_value=-0.0068702209248585732 0.0020433310642970562 0.012535314330149714 -0.013193086074862586 0.012309319805445602 0.0010442526837712474 0.025593152616163139
leaf_weight=1163 889 400 1797 650 1263 602
leaf_count=1163 889 400 1797 650 1263 602
internal_value=2.86761e-05 0.0120594 -0.00722167 0.00643067 -0.00276249 0.0205558
internal_weight=6764 2541 4223 1539 2426 1002
internal_count=6764 2541 4223 1539 2426 1002
is_linear=0
shrinkage=0.01


Tree=60
num_leaves=7
num_cat=0
split_feature=0 0 8 16 9 4
split_gain=5805.43 1635.49 665.623 587.168 484.193 477.196
threshold=0.95423748033819977 0.81733759841628062 216.20430000000002 0.95731794723447783 1422.5000000000002 -0.084435884551666104
decision_type=2 2 2 2 2 2
left_child=1 -1 3 4 -2 -3
right_child=2 5 -4 -5 -6 -7
leaf_value=-0.0108024077251117 0.040246454916703395 -0.0046337882562600746 0.023401868787258476 0.0014472803658683578 0.013086010132090953 0.0045191127490485563
leaf_weight=2676 68 975 667 432 605 1341
leaf_count=2676 68 975 667 432 605 1341
internal_value=2.88833e-05 -0.00549265 0.0155274 0.010607 0.0163794 0.000662528
internal_weight=6764 4992 1772 1105 673 2316
internal_count=6764 4992 1772 1105 673 2316
is_linear=0
shrinkage=0.01


Tree=61
num_leaves=7
num_cat=0
split_feature=0 0 11 6 14 9
split_gain=5695.63 1306.98 1000.18 394.963 370.523 440.875
threshold=0.89355330663029353 1.0315790815419019 0.051132097672194635 1.0383653447477823 16.265073570448624 2479.5000000000005
decision_type=2 2 2 2 2 2
left_child=2 3 -1 -2 -3 -6
right_child=1 4 -4 -5 5 -7
leaf_value=-0.0030726913892379628 0.0023357395654879805 0.012236858966033451 -0.013111071798863496 0.012355792181467999 0.029638064561001261 0.0081551352762848344
leaf_weight=2248 1139 400 1779 596 471 131
leaf_count=2248 1139 400 1779 596 471 131
internal_value=2.95875e-05 0.0111373 -0.00752882 0.00582887 0.0201807 0.0251728
internal_weight=6764 2737 4027 1735 1002 602
internal_count=6764 2737 4027 1735 1002 602
is_linear=0
shrinkage=0.01


Tree=62
num_leaves=7
num_cat=0
split_feature=0 10 8 16 1 9
split_gain=5590.4 1617.41 666.38 571.017 515.164 482.779
threshold=0.95202063675258441 -0.0037372424621087501 216.20430000000002 0.95731794723447783 1.1245389206919996 1422.5000000000002
decision_type=2 2 2 2 2 2
left_child=1 -1 3 5 -3 -2
right_child=2 4 -4 -5 -6 -7
leaf_value=-0.011261940325413227 0.039693958277885737 -0.0065745666879819444 0.02298084608481028 0.0012761689098821519 0.0031438916587384381 0.012664283349391396
leaf_weight=2428 68 779 668 439 1757 625
leaf_count=2428 68 779 668 439 1757 625
internal_value=3.00081e-05 -0.00544606 0.0150784 0.0102548 0.00014451 0.0158435
internal_weight=6764 4964 1800 1132 2536 693
internal_count=6764 4964 1800 1132 2536 693
is_linear=0
shrinkage=0.01


Tree=63
num_leaves=7
num_cat=0
split_feature=0 11 11 0 9 13
split_gain=5498.34 1551.42 793.635 638.424 529.743 250.486
threshold=0.87010863353451651 0.022009118257899463 0.040017781839351861 0.98988916509564495 2393.0000000000005 16.684921091342883
decision_type=2 2 2 2 2 2
left_child=2 4 -1 -3 -2 -5
right_child=1 3 -4 5 -6 -7
leaf_value=-0.0017872851149336067 0.025412709103362203 0.0013699602545189085 -0.01178454683109484 0.013667274891750042 0.0071669399319816175 -0.009675124602822157
leaf_weight=1194 648 1505 2385 767 223 42
leaf_count=1194 648 1505 2385 767 223 42
internal_value=3.06222e-05 0.00957224 -0.00846361 0.00524607 0.0208757 0.0123521
internal_weight=6764 3185 3579 2314 871 809
internal_count=6764 3185 3579 2314 871 809
is_linear=0
shrinkage=0.01


Tree=64
num_leaves=7
num_cat=0
split_feature=0 0 16 10 13 4
split_gain=5389.87 1529.27 702.356 477.269 381.637 355.391
threshold=0.87010863353451651 1.0315790815419019 6.4399256874774879 -0.0017357648141390241 11.765484519314397 0.041575920991468354
decision_type=2 2 2 2 2 2
left_child=2 3 5 -2 -3 -1
right_child=1 4 -4 -5 -6 -7
leaf_value=-0.0067721912876078771 -0.0020308814755362311 0.020861393997314362 -0.014982503404865885 0.0079444207480654505 -0.0097388573628941627 0.0048128647329576781
leaf_weight=2180 702 965 1105 1481 37 294
leaf_count=2180 702 965 1105 1481 37 294
internal_value=3.06757e-05 0.00947771 -0.00837935 0.00474197 0.0196464 -0.00538164
internal_weight=6764 3185 3579 2183 1002 2474
internal_count=6764 3185 3579 2183 1002 2474
is_linear=0
shrinkage=0.01


Tree=65
num_leaves=7
num_cat=0
split_feature=0 10 11 1 9 16
split_gain=5284.45 1548.57 637.77 498.574 383.999 339.94
threshold=0.95423748033819977 -0.0037372424621087501 0.022009118257899463 1.1245389206919996 2393.0000000000005 6.4399256874774879
decision_type=2 2 2 2 2 2
left_child=1 5 4 -3 -2 -1
right_child=2 3 -4 -5 -6 -7
leaf_value=-0.0080132433601287373 0.026535753766435004 -0.0064137288326665733 0.0099450568062752279 0.003126263656039401 0.0081004079131595241 -0.015876755743769795
leaf_weight=1549 520 780 1094 1777 158 886
leaf_count=1549 520 780 1094 1777 158 886
internal_value=3.03703e-05 -0.00523759 0.0148171 0.000202488 0.0224198 -0.0109277
internal_weight=6764 4992 1772 2557 678 2435
internal_count=6764 4992 1772 2557 678 2435
is_linear=0
shrinkage=0.01


Tree=66
num_leaves=7
num_cat=0
split_feature=0 11 11 0 9 16
split_gain=5196.46 1482.1 759.211 603.682 509.096 293.521
threshold=0.87010863353451651 0.022009118257899463 0.040017781839351861 0.98988916509564495 2393.0000000000005 6.4399256874774879
decision_type=2 2 2 2 2 2
left_child=2 4 -1 -3 -2 -4
right_child=1 3 5 -5 -6 -7
leaf_value=-0.0016980023709623482 0.024801205279359362 0.0013091841894655302 -0.008557582891907627 0.011988115011029553 0.0069218043336053206 -0.015869934857680887
leaf_weight=1194 648 1505 1451 809 223 934
leaf_count=1194 648 1505 1451 809 223 934
internal_value=3.03236e-05 0.00930631 -0.00822743 0.00507818 0.0203541 -0.0114755
internal_weight=6764 3185 3579 2314 871 2385
internal_count=6764 3185 3579 2314 871 2385
is_linear=0
shrinkage=0.01


Tree=67
num_leaves=7
num_cat=0
split_feature=0 0 11 11 14 15
split_gain=5094.3 1453.83 744.237 487.689 353.587 307.567
threshold=0.87010863353451651 1.0315790815419019 0.040017781839351861 0.025593909851723873 16.265073570448624 2.5069154200685726
decision_type=2 2 2 2 2 2
left_child=2 3 -1 -2 -3 -6
right_child=1 4 -4 -5 5 -7
leaf_value=-0.0016811633852237572 0.011536683740459172 0.011396511541338774 -0.011361775127766432 0.0013821881668817943 0.027099314065595851 0.0068231482520072816
leaf_weight=1194 683 400 2385 1500 505 97
leaf_count=1194 683 400 2385 1500 505 97
internal_value=3.02993e-05 0.00921465 -0.00814588 0.00459737 0.0191292 0.0239971
internal_weight=6764 3185 3579 2183 1002 602
internal_count=6764 3185 3579 2183 1002 602
is_linear=0
shrinkage=0.01


Tree=68
num_leaves=7
num_cat=0
split_feature=0 11 1 15 0 1
split_gain=4997.51 1049.08 1005.56 480.289 430.852 409.327
threshold=0.9045054571356631 0.022009118257899463 1.0856070478418636 0.60749575603287143 1.0810839539734429 1.8191357905801997
decision_type=2 2 2 2 2 2
left_child=2 5 -1 -4 -3 -2
right_child=1 4 3 -5 -6 -7
leaf_value=-0.012104732813246477 0.014141006580425986 0.0039754346708084738 0.0037055158363465696 -0.0056507491240964606 0.01605572766348172 0.029192530145370835
leaf_weight=1863 484 1363 850 1510 371 323
leaf_count=1863 484 1363 850 1510 371 323
internal_value=3.06635e-05 0.0110867 -0.00663231 -0.00227949 0.00663733 0.0204489
internal_weight=6764 2541 4223 2360 1734 807
internal_count=6764 2541 4223 2360 1734 807
is_linear=0
shrinkage=0.01


Tree=69
num_leaves=7
num_cat=0
split_feature=11 1 16 11 9 1
split_gain=4657.65 1322.77 818.626 617.908 482.756 401.812
threshold=0.034137739864056486 1.4747468523983533 6.4399256874774879 0.019796903093877095 1162.0000000000002 1.0294319590263481
decision_type=2 2 2 2 2 2
left_child=1 4 5 -3 -1 -2
right_child=2 3 -4 -5 -6 -7
leaf_value=0.016615598900848395 -0.010822502479815739 0.025104254454134861 -0.014780012944986445 0.011045253411608247 0.0010376564436542154 -0.0020621540228050821
leaf_weight=221 710 513 1074 857 1445 1944
leaf_count=221 710 513 1074 857 1445 1944
internal_value=3.10848e-05 0.00921003 -0.00744869 0.0164534 0.00319093 -0.00443756
internal_weight=6764 3036 3728 1370 1666 2654
internal_count=6764 3036 3728 1370 1666 2654
is_linear=0
shrinkage=0.01


Tree=70
num_leaves=7
num_cat=0
split_feature=0 10 8 9 0 11
split_gain=4837.05 1435.84 612.323 468.886 458.435 388.186
threshold=0.95423748033819977 -0.0037372424621087501 467.50860000000006 1421.0000000000002 0.82353906761129492 0.032605189010684155
decision_type=2 2 2 2 2 2
left_child=1 -1 3 -2 -3 -4
right_child=2 4 5 -5 -6 -7
leaf_value=-0.010487961459818729 0.024858494927790367 -0.0051914321793291316 0.030496566774798374 0.0085336823116211585 0.0035107486775163795 0.003795275530777872
leaf_weight=2435 202 962 296 1204 1595 70
leaf_count=2435 202 962 296 1204 1595 70
internal_value=3.11598e-05 -0.00500887 0.0141781 0.0110381 0.000229326 0.0256265
internal_weight=6764 4992 1772 1406 2557 366
internal_count=6764 4992 1772 1406 2557 366
is_linear=0
shrinkage=0.01


Tree=71
num_leaves=7
num_cat=0
split_feature=0 0 1 6 15 9
split_gain=4750.81 1362.81 690.479 436.897 334.789 450.534
threshold=0.87010863353451651 1.0315790815419019 1.1143516635742627 0.95853832657121496 0.24221502371693007 1268.0000000000002
decision_type=2 2 2 2 2 2
left_child=2 3 -1 -2 -3 -6
right_child=1 4 -4 -5 5 -7
leaf_value=-0.011894841203231673 0.00040790161767110297 0.027658805425643276 -0.0030658891050020444 0.0093874099764824984 0.027861185091197806 0.0095338065200057283
leaf_weight=1937 1211 289 1642 972 179 534
leaf_count=1937 1211 289 1642 972 179 534
internal_value=3.16678e-05 0.00890098 -0.00786406 0.00443068 0.0185001 0.0144566
internal_weight=6764 3185 3579 2183 1002 713
internal_count=6764 3185 3579 2183 1002 713
is_linear=0
shrinkage=0.01


Tree=72
num_leaves=7
num_cat=0
split_feature=1 2 10 8 14 1
split_gain=4215.02 1528.76 871.859 439.059 419.574 409.777
threshold=1.399950018062023 0.53859750447020771 -0.0015881810077747348 683.67465000000004 16.265073570448624 1.1601536392964873
decision_type=2 2 2 2 2 2
left_child=1 3 -2 -1 -4 -3
right_child=2 5 4 -5 -6 -7
leaf_value=0.00025560244768759897 0.0017954111782169636 -0.013460543393443427 0.0085072854559994342 0.022113213560630368 0.019306382917892856 -0.0052322975667891793
leaf_weight=1753 705 1667 612 87 963 977
leaf_count=1753 705 1667 612 87 963 977
internal_value=3.22352e-05 -0.00559457 0.0110744 0.00140303 0.0151903 -0.0104512
internal_weight=6764 4484 2280 1840 1575 2644
internal_count=6764 4484 2280 1840 1575 2644
is_linear=0
shrinkage=0.01


Tree=73
num_leaves=7
num_cat=0
split_feature=0 0 0 4 1 14
split_gain=4595.12 1311.1 569.449 415.07 405.216 299.751
threshold=0.95202063675258441 0.81733759841628062 1.0939888283275137 -0.084435884551666104 1.1662456041777161 16.265073570448624
decision_type=2 2 2 2 2 2
left_child=1 4 5 -3 -1 -2
right_child=2 3 -4 -5 -6 -7
leaf_value=-0.012143687859520325 0.0031780222868748056 -0.0043558350971275245 0.021235822037462208 0.0042359860130070301 -0.0035059135646879252 0.013563100050162464
leaf_weight=1903 476 960 639 1328 773 685
leaf_count=1903 476 960 639 1328 773 685
internal_value=3.24042e-05 -0.00493233 0.0136756 0.000627759 -0.00967089 0.00936881
internal_weight=6764 4964 1800 2288 2676 1161
internal_count=6764 4964 1800 2288 2676 1161
is_linear=0
shrinkage=0.01


Tree=74
num_leaves=7
num_cat=0
split_feature=1 2 14 15 8 8
split_gain=4067.93 1477.58 848.078 565.339 430.881 405.896
threshold=1.399950018062023 0.53859750447020771 16.265073570448624 0.60749575603287143 683.67465000000004 25.715700000000002
decision_type=2 2 2 2 2 2
left_child=1 4 3 -2 -1 -4
right_child=2 -3 5 -5 -6 -7
leaf_value=0.00024746104183410555 0.012373013380662113 -0.010270050979850493 0.0069386058796602028 -0.0019412637146728443 0.021900503335847067 0.020339830995903412
leaf_weight=1753 491 2644 325 609 87 855
leaf_count=1753 491 2644 325 609 87 855
internal_value=3.2408e-05 -0.00549535 0.0108802 0.00450202 0.00138412 0.0167381
internal_weight=6764 4484 2280 1100 1840 1180
internal_count=6764 4484 2280 1100 1840 1180
is_linear=0
shrinkage=0.01


Tree=75
num_leaves=7
num_cat=0
split_feature=1 16 14 4 15 8
split_gain=3987.66 1279.93 831.386 626.755 554.306 397.829
threshold=1.399950018062023 3.5036605065789885 16.265073570448624 -0.067980097112450261 0.60749575603287143 25.715700000000002
decision_type=2 2 2 2 2 2
left_child=1 3 4 -1 -2 -4
right_child=2 -3 5 -5 -6 -7
leaf_value=-0.0057416170955773005 0.012251752966498126 -0.012039457149083005 0.0068712910174578076 0.0038355215865736136 -0.0019221647006575386 0.020138784140065136
leaf_weight=1405 491 1767 325 1312 609 855
leaf_count=1405 491 1767 325 1312 609 855
internal_value=3.28159e-05 -0.00544013 0.010773 -0.00111985 0.00445794 0.0165731
internal_weight=6764 4484 2280 2717 1100 1180
internal_count=6764 4484 2280 2717 1100 1180
is_linear=0
shrinkage=0.01


Tree=76
num_leaves=7
num_cat=0
split_feature=0 10 16 15 9 23
split_gain=4375.24 1399.97 525.55 521.458 634.913 242.271
threshold=0.96622873835723955 -0.0055896547002886746 1.0776568267759006 0.23762733446519521 1268.0000000000002 18.46428571428574
decision_type=2 2 2 2 2 8
left_child=1 -1 -3 5 -5 -2
right_child=3 2 -4 4 -6 -7
leaf_value=-0.010826784883585879 0.02632492344500029 0.0037426282709145352 -0.0044999637065325946 0.024582941695352009 0.006669518791930249 0.0044197966523264369
leaf_weight=2066 388 1607 1473 247 920 63
leaf_count=2066 388 1607 1473 247 920 63
internal_value=3.28331e-05 -0.00447983 -0.00020117 0.0143246 0.0106376 0.0234273
internal_weight=6764 5146 3080 1618 1167 451
internal_count=6764 5146 3080 1618 1167 451
is_linear=0
shrinkage=0.01


Tree=77
num_leaves=7
num_cat=0
split_feature=0 11 11 0 8 1
split_gain=4304.18 1268.91 645.36 503.792 422.854 491.48
threshold=0.87010863353451651 0.022009118257899463 0.050249116269401366 0.98988916509564495 216.20430000000002 1.8191357905801997
decision_type=2 2 2 2 2 2
left_child=2 4 -1 -3 5 -2
right_child=1 3 -4 -5 -6 -7
leaf_value=-0.0033031964366164175 0.0069850613718378867 0.0011213698618084411 -0.011811058457822748 0.010876202602751078 0.028723529035467085 0.026620965198296861
leaf_weight=1830 404 1505 1749 809 283 184
leaf_count=1830 404 1505 1749 809 283 184
internal_value=3.3249e-05 0.00847536 -0.00748218 0.00456389 0.0186972 0.013472
internal_weight=6764 3185 3579 2314 871 588
internal_count=6764 3185 3579 2314 871 588
is_linear=0
shrinkage=0.01


Tree=78
num_leaves=7
num_cat=0
split_feature=0 11 11 0 8 15
split_gain=4219.99 1244.83 635.838 493.895 414.662 389.604
threshold=0.87010863353451651 0.022009118257899463 0.040017781839351861 0.98988916509564495 216.20430000000002 0.78292190679549989
decision_type=2 2 2 2 2 2
left_child=2 4 -1 -3 5 -2
right_child=1 3 -4 -5 -6 -7
leaf_value=-0.0014335528217951079 0.020196487199951325 0.0011102301922393195 -0.010380171887714626 0.010768768506749194 0.02844609714715516 0.0036565495562882952
leaf_weight=1194 338 1505 2385 809 283 250
leaf_count=1194 338 1505 2385 809 283 250
internal_value=3.37906e-05 0.00839293 -0.00740778 0.00451877 0.0185174 0.0133429
internal_weight=6764 3185 3579 2314 871 588
internal_count=6764 3185 3579 2314 871 588
is_linear=0
shrinkage=0.01


Tree=79
num_leaves=7
num_cat=0
split_feature=0 0 1 11 15 15
split_gain=4138.4 900.914 864.883 455.787 427.309 305.99
threshold=0.9045054571356631 1.0939888283275137 1.0856070478418636 0.025942626148776217 0.60749575603287143 0.59076950616564028
decision_type=2 2 2 2 2 2
left_child=2 3 -1 -2 -4 -3
right_child=1 5 4 -5 -6 -7
leaf_value=-0.011104124193083501 0.012242717698294048 0.029411890534874127 0.0036513588867657194 0.0023440234838529349 -0.0051731236765979131 0.014406735231539748
leaf_weight=1863 806 235 850 1096 1510 404
leaf_count=1863 806 235 850 1096 1510 404
internal_value=3.42257e-05 0.0100952 -0.00602906 0.00658083 -0.00199282 0.0202932
internal_weight=6764 2541 4223 1902 2360 639
internal_count=6764 2541 4223 1902 2360 639
is_linear=0
shrinkage=0.01


Tree=80
num_leaves=7
num_cat=0
split_feature=0 0 1 10 15 9
split_gain=4063.36 1183.27 615.573 399.302 310.97 415.708
threshold=0.87010863353451651 1.0315790815419019 1.0735853625068525 -0.0017357648141390241 0.24221502371693007 1268.0000000000002
decision_type=2 2 2 2 2 2
left_child=2 3 -1 -2 -3 -6
right_child=1 4 -4 -5 5 -7
leaf_value=-0.011578831957876878 -0.0021200736341693864 0.025985052956620167 -0.0032648024070678901 0.0070016065342907718 0.026163477936868001 0.0085904126377077134
leaf_weight=1714 702 289 1865 1481 179 534
leaf_count=1714 702 289 1865 1481 179 534
internal_value=3.45593e-05 0.00823709 -0.0072676 0.004072 0.0171814 0.013303
internal_weight=6764 3185 3579 2183 1002 713
internal_count=6764 3185 3579 2183 1002 713
is_linear=0
shrinkage=0.01


Tree=81
num_leaves=7
num_cat=0
split_feature=0 10 8 16 16 11
split_gain=3986.57 1215.8 560.635 411.389 393.335 351.329
threshold=0.95202063675258441 -0.0037372424621087501 467.50860000000006 0.42483146227410934 3.9907509541349477 0.032605189010684155
decision_type=2 2 2 2 2 2
left_child=1 -1 3 -2 -3 -4
right_child=2 4 5 -5 -6 -7
leaf_value=-0.00963174824326141 0.017343448869059485 0.0022792846034214646 0.028343981316714895 0.0059239540783874878 -0.0073503615232956296 0.0031668275778676258
leaf_weight=2428 474 2009 296 959 527 71
leaf_count=2428 474 2009 296 959 527 71
internal_value=3.49633e-05 -0.00458936 0.0127427 0.00979525 0.000257161 0.0236864
internal_weight=6764 4964 1800 1433 2536 367
internal_count=6764 4964 1800 1433 2536 367
is_linear=0
shrinkage=0.01


Tree=82
num_leaves=7
num_cat=0
split_feature=0 0 11 11 13 16
split_gain=3920.48 1253.09 520.224 448.705 345.826 232.653
threshold=0.8556133013727979 1.0285039011068855 0.040017781839351861 0.025593909851723873 11.765484519314397 6.4399256874774879
decision_type=2 2 2 2 2 2
left_child=2 3 -1 -2 -3 -4
right_child=1 4 5 -5 -6 -7
leaf_value=-0.0018126354238779427 0.010074786830211962 0.01788272710494419 -0.0076414582359841067 0.00069612569645080568 -0.01067719708972921 -0.01427017359113535
leaf_weight=1048 724 988 1376 1678 38 912
leaf_count=1048 724 988 1376 1678 38 912
internal_value=3.52053e-05 0.00753473 -0.00767063 0.00355305 0.0167321 -0.0103343
internal_weight=6764 3428 3336 2402 1026 2288
internal_count=6764 3428 3336 2402 1026 2288
is_linear=0
shrinkage=0.01


Tree=83
num_leaves=7
num_cat=0
split_feature=0 11 11 0 9 6
split_gain=3844.52 1163.49 595.203 447.846 444.313 237.667
threshold=0.87010863353451651 0.022009118257899463 0.050249116269401366 0.98988916509564495 2393.0000000000005 1.087652066995098
decision_type=2 2 2 2 2 2
left_child=2 4 5 -3 -2 -1
right_child=1 3 -4 -5 -6 -7
leaf_value=-0.0047031635969852171 0.021949061307996672 0.0010229919871974087 -0.011225044872524929 0.010219953348928374 0.0053229885220991311 0.0047112526146613851
leaf_weight=1513 648 1505 1749 809 223 317
leaf_count=1513 648 1505 1749 809 223 317
internal_value=3.47684e-05 0.00801337 -0.00706804 0.00426849 0.0178011 -0.00305562
internal_weight=6764 3185 3579 2314 871 1830
internal_count=6764 3185 3579 2314 871 1830
is_linear=0
shrinkage=0.01


Tree=84
num_leaves=7
num_cat=0
split_feature=0 11 11 0 9 16
split_gain=3770.47 1209.46 502.042 485.16 461.006 227.191
threshold=0.8556133013727979 0.022009118257899463 0.040017781839351861 0.98988916509564495 2393.0000000000005 6.4399256874774879
decision_type=2 2 2 2 2 2
left_child=2 4 -1 -3 -2 -4
right_child=1 3 5 -5 -6 -7
leaf_value=-0.0017675806306197356 0.021438004997643249 0.00075401618921801684 -0.0074789301669315814 0.010119001783313451 0.0050568645066558383 -0.014027330624060847
leaf_weight=1048 669 1710 1376 809 240 912
leaf_count=1048 669 1710 1376 809 240 912
internal_value=3.48237e-05 0.00738947 -0.00752214 0.00378979 0.017215 -0.0101388
internal_weight=6764 3428 3336 2519 909 2288
internal_count=6764 3428 3336 2519 909 2288
is_linear=0
shrinkage=0.01


Tree=85
num_leaves=7
num_cat=0
split_feature=11 1 15 11 9 1
split_gain=3630.3 1037.64 647.703 513.151 431.214 395.076
threshold=0.034137739864056486 1.4747468523983533 2.6415040341048548 0.019796903093877095 1162.0000000000002 1.0294319590263481
decision_type=2 2 2 2 2 2
left_child=1 4 5 -3 -1 -2
right_child=2 3 -4 -5 -6 -7
leaf_value=0.015494672843981816 -0.0099669119287227135 0.022430692778804103 -0.014031005328818654 0.0096342095599677349 0.00077385800498252892 -0.001807704863517882
leaf_weight=221 835 513 879 857 1445 2014
leaf_count=221 835 513 879 857 1445 2014
internal_value=3.46835e-05 0.00813833 -0.00656886 0.0145537 0.00280742 -0.00422555
internal_weight=6764 3036 3728 1370 1666 2849
internal_count=6764 3036 3728 1370 1666 2849
is_linear=0
shrinkage=0.01


Tree=86
num_leaves=7
num_cat=0
split_feature=0 10 16 15 9 11
split_gain=3647.67 1197 482.679 473.076 577.111 335.672
threshold=0.96622873835723955 -0.0055896547002886746 1.0776568267759006 0.23762733446519521 1268.0000000000002 0.024186181654504809
decision_type=2 2 2 2 2 2
left_child=1 -1 5 -2 -5 -3
right_child=3 2 -4 4 -6 -7
leaf_value=-0.0099545835430252319 0.021744412633382317 0.013199091290372113 -0.0042495054485206006 0.022868581132760368 0.0058059882060574591 0.0014633649811987327
leaf_weight=2066 451 290 1473 247 920 1317
leaf_count=2066 451 290 1473 247 920 1317
internal_value=3.46692e-05 -0.00408575 -0.000129581 0.0130841 0.00958096 0.00364973
internal_weight=6764 5146 3080 1618 1167 1607
internal_count=6764 5146 3080 1618 1167 1607
is_linear=0
shrinkage=0.01


Tree=87
num_leaves=7
num_cat=0
split_feature=0 0 11 4 13 15
split_gain=3584.81 1157.79 473.71 417.05 332.74 294.668
threshold=0.8556133013727979 1.0315790815419019 0.040017781839351861 0.043670562441908721 11.765484519314397 0.17301394803709064
decision_type=2 2 2 2 2 2
left_child=2 3 -1 5 -3 -2
right_child=1 4 -4 -5 -6 -7
leaf_value=-0.0017433553583662965 0.0087508672868775936 0.017338224481523803 -0.00987527932771738 0.01064132361221589 -0.010946281100524233 -0.0010165758525877374
leaf_weight=1048 382 965 2288 595 37 1449
leaf_count=1048 382 965 2288 595 37 1449
internal_value=3.50736e-05 0.00720636 -0.00733349 0.00344218 0.0161959 0.00105766
internal_weight=6764 3428 3336 2426 1002 1831
internal_count=6764 3428 3336 2426 1002 1831
is_linear=0
shrinkage=0.01


Tree=88
num_leaves=7
num_cat=0
split_feature=0 0 1 8 15 13
split_gain=3516.08 803.354 765.269 454.677 392.393 363.484
threshold=0.9045054571356631 1.0939888283275137 1.0856070478418636 25.715700000000002 0.60749575603287143 3.0955143270297065
decision_type=2 2 2 2 2 2
left_child=2 3 -1 -2 -4 -5
right_child=1 -3 4 5 -6 -7
leaf_value=-0.010327655425820688 -0.00016342390364801468 0.018937029373130326 0.0036498155230101264 0.011748886716165943 -0.0048058572896797829 -0.0061457494242500715
leaf_weight=1863 737 639 850 1044 1510 121
leaf_count=1863 737 639 850 1044 1510 121
internal_value=3.4917e-05 0.00930862 -0.00555392 0.00599171 -0.00175783 0.00985382
internal_weight=6764 2541 4223 1902 2360 1165
internal_count=6764 2541 4223 1902 2360 1165
is_linear=0
shrinkage=0.01


Tree=89
num_leaves=7
num_cat=0
split_feature=11 1 16 11 16 16
split_gain=3399.02 977.353 635.545 490.905 356.479 303.874
threshold=0.034137739864056486 1.4747468523983533 6.4399256874774879 0.019796903093877095 1.0776568267759006 1.028211211583139
decision_type=2 2 2 2 2 2
left_child=1 4 -2 -3 5 -1
right_child=2 3 -4 -5 -6 -7
leaf_value=0.0050962617273100095 -0.003702944397585191 0.021804655711985695 -0.012813881527527445 0.0092931919305390895 -0.0022272351259149392 0.02555263488363391
leaf_weight=817 2654 513 1074 857 778 71
leaf_count=817 2654 513 1074 857 778 71
internal_value=3.47581e-05 0.00787602 -0.00635497 0.0141022 0.00270245 0.00699819
internal_weight=6764 3036 3728 1370 1666 888
internal_count=6764 3036 3728 1370 1666 888
is_linear=0
shrinkage=0.01


Tree=90
num_leaves=7
num_cat=0
split_feature=11 8 1 16 9 1
split_gain=3332.51 1152.58 791.634 623.042 297.168 294.593
threshold=0.034137739864056486 467.50860000000006 1.4747468523983533 6.4399256874774879 1421.0000000000002 1.0294319590263481
decision_type=2 2 2 2 2 2
left_child=1 2 -1 5 -4 -2
right_child=3 -3 4 -5 -6 -7
leaf_value=0.0007624820158770399 -0.0091327279705437844 0.02384895288378305 0.023410278784416656 -0.012686924845774097 0.0093560696994314969 -0.0016329599101819192
leaf_weight=1543 710 381 179 1074 933 1944
leaf_count=1543 710 381 179 1074 933 1944
internal_value=3.50454e-05 0.00779921 0.00541518 -0.00629187 0.0118069 -0.00366605
internal_weight=6764 3036 2655 3728 1112 2654
internal_count=6764 3036 2655 3728 1112 2654
is_linear=0
shrinkage=0.01


Tree=91
num_leaves=7
num_cat=0
split_feature=0 11 1 16 1 8
split_gain=3357.78 1088.43 481.544 452.8 407.912 427.946
threshold=0.8556133013727979 0.022009118257899463 1.1662456041777161 4.2987666115004206 1.7312722399274849 216.20430000000002
decision_type=2 2 2 2 2 2
left_child=2 4 -1 -3 5 -2
right_child=1 3 -4 -5 -6 -7
leaf_value=-0.0099360867740807841 0.0048455018399970254 0.0051872027871754083 -0.002007500902331618 -0.0073563125253800887 0.023533680854055519 0.027500743185756384
leaf_weight=2135 394 2197 1201 322 417 98
leaf_count=2135 394 2197 1201 322 417 98
internal_value=3.51957e-05 0.00697569 -0.00709623 0.00356104 0.0162966 0.00981606
internal_weight=6764 3428 3336 2519 909 492
internal_count=6764 3428 3336 2519 909 492
is_linear=0
shrinkage=0.01


Tree=92
num_leaves=7
num_cat=0
split_feature=1 2 15 9 8 1
split_gain=3052.67 1175.46 648.087 499.719 386.83 300.479
threshold=1.399950018062023 0.53859750447020771 0.23762733446519521 1268.0000000000002 683.67465000000004 1.1601536392964873
decision_type=2 2 2 2 2 2
left_child=1 4 -2 -4 -1 -3
right_child=2 5 3 -5 -6 -7
leaf_value=0.00030478321867984402 0.018531769506820818 -0.011588956401831252 0.017465293045201696 0.0036301143217923322 0.020821665601670435 -0.0045417203220583973
leaf_weight=1753 576 1667 314 1390 87 977
leaf_count=1753 576 1667 314 1390 87 977
internal_value=3.54604e-05 -0.00475308 0.00943255 0.00626658 0.00138218 -0.00901182
internal_weight=6764 4484 2280 1704 1840 2644
internal_count=6764 4484 2280 1704 1840 2644
is_linear=0
shrinkage=0.01


Tree=93
num_leaves=7
num_cat=0
split_feature=1 4 10 14 13 9
split_gain=2992.61 971.675 678.001 349.098 343.375 238.292
threshold=1.399950018062023 -0.12010319772017995 -0.0015881810077747348 0.25968510979177462 11.765484519314397 1162.0000000000002
decision_type=2 2 2 2 2 2
left_child=1 -1 -2 -3 -4 -5
right_child=2 3 4 5 -6 -7
leaf_value=-0.0091667116281017261 0.0011639800156772761 -0.006147602547351627 0.014401834374441615 0.013581328996342052 -0.0020245754315840955 0.0012678536812548258
leaf_weight=2330 705 618 1438 168 137 1368
leaf_count=2330 705 618 1438 168 137 1368
internal_value=3.57645e-05 -0.00470543 0.00933995 0.000140427 0.0129692 0.00269378
internal_weight=6764 4484 2280 2154 1575 1536
internal_count=6764 4484 2280 2154 1575 1536
is_linear=0
shrinkage=0.01


Tree=94
num_leaves=7
num_cat=0
split_feature=0 16 4 15 9 13
split_gain=3213.92 1067.06 538.134 439.433 529.845 325.168
threshold=0.96622873835723955 3.9907509541349477 0.043670562441908721 0.23762733446519521 1268.0000000000002 0.97093427165592117
decision_type=2 2 2 2 2 2
left_child=1 2 5 -2 -5 -1
right_child=3 -3 -4 4 -6 -7
leaf_value=-0.00016754318373962373 0.020625816960667547 -0.0097528206049260283 0.0083631867210999487 0.021641649661534954 0.005299973747372547 -0.008117289967118033
leaf_weight=1983 451 1904 574 247 920 685
leaf_count=1983 451 1904 574 247 920 685
internal_value=3.55999e-05 -0.00383208 -0.000335587 0.0122846 0.00891324 -0.0022313
internal_weight=6764 5146 3242 1618 1167 2668
internal_count=6764 5146 3242 1618 1167 2668
is_linear=0
shrinkage=0.01


Tree=95
num_leaves=7
num_cat=0
split_feature=0 16 4 15 9 1
split_gain=3151.19 1045.94 527.6 430.849 519.809 290.183
threshold=0.96622873835723955 3.9907509541349477 0.043670562441908721 0.23762733446519521 1268.0000000000002 0.93618628435435258
decision_type=2 2 2 2 2 2
left_child=1 2 5 -2 -5 -1
right_child=3 -3 -4 4 -6 -7
leaf_value=-0.010536659951810596 0.020424032954159729 -0.0096558019215710143 0.0082809868711445564 0.021433653992017306 0.0052475439160461395 -0.00090379764777151267
leaf_weight=352 451 1904 574 247 920 2316
leaf_count=352 451 1904 574 247 920 2316
internal_value=3.58033e-05 -0.00379395 -0.000332229 0.0121647 0.00882639 -0.0022093
internal_weight=6764 5146 3242 1618 1167 2668
internal_count=6764 5146 3242 1618 1167 2668
is_linear=0
shrinkage=0.01


Tree=96
num_leaves=7
num_cat=0
split_feature=0 0 1 4 13 13
split_gain=3095.28 1015.78 448.437 371.418 310.475 236.53
threshold=0.8556133013727979 1.0315790815419019 1.1662456041777161 0.043670562441908721 11.765484519314397 0.0079365820836721519
decision_type=2 2 2 2 2 2
left_child=2 3 -1 5 -3 -2
right_child=1 4 -4 -5 -6 -7
leaf_value=-0.0095515007777959068 0.0033740125418596622 0.016225265899350125 -0.0019007496571192915 0.0099678667342378811 -0.011031169117765223 -0.0042882369301779728
leaf_weight=2135 1248 965 1201 595 37 583
leaf_count=2135 1248 965 1201 595 37 583
internal_value=3.59514e-05 0.00669963 -0.00681105 0.00317411 0.0151197 0.000924271
internal_weight=6764 3428 3336 2426 1002 1831
internal_count=6764 3428 3336 2426 1002 1831
is_linear=0
shrinkage=0.01


Tree=97
num_leaves=7
num_cat=0
split_feature=11 8 1 11 1 9
split_gain=2990.18 1064.3 711.21 561.054 305.595 278.1
threshold=0.034137739864056486 467.50860000000006 1.4747468523983533 0.070196237650822613 1.0294319590263481 1421.0000000000002
decision_type=2 2 2 2 2 2
left_child=1 2 -1 4 -2 -4
right_child=3 -3 5 -5 -6 -7
leaf_value=0.00068999044885151252 -0.0090612586494662091 0.022812309130464139 0.022373898795771376 -0.012233822245181459 -0.0014970755395898149 0.008791859725152942
leaf_weight=1543 724 381 179 1023 1981 933
leaf_count=1543 724 381 179 1023 1981 933
internal_value=3.56332e-05 0.0073902 0.00509979 -0.00595751 -0.00354757 0.0111581
internal_weight=6764 3036 2655 3728 2705 1112
internal_count=6764 3036 2655 3728 2705 1112
is_linear=0
shrinkage=0.01


Tree=98
num_leaves=7
num_cat=0
split_feature=0 16 6 15 8 22
split_gain=2990.16 1000.9 506.436 416.703 324.099 243.85
threshold=0.96622873835723955 3.9907509541349477 0.87443329793432023 0.23762733446519521 216.20430000000002 17.533333333333371
decision_type=2 2 2 2 2 8
left_child=1 2 -1 5 -5 -2
right_child=3 -3 -4 4 -6 -7
leaf_value=-0.0039611138791820731 0.023184182032209292 -0.0094291360137177399 0.0039418994063819979 0.0044566337642718721 0.015406554494325294 0.0030322920693194168
leaf_weight=1744 376 1904 1498 739 428 75
leaf_count=1744 376 1904 1498 739 428 75
internal_value=3.57474e-05 -0.00369488 -0.000308551 0.0118507 0.00856932 0.0199715
internal_weight=6764 5146 3242 1618 1167 451
internal_count=6764 5146 3242 1618 1167 451
is_linear=0
shrinkage=0.01


Tree=99
num_leaves=7
num_cat=0
split_feature=0 0 10 1 8 13
split_gain=2943.28 969.61 465.861 429.446 362.968 248.42
threshold=0.8556133013727979 1.0939888283275137 -0.0017357648141390241 1.1662456041777161 25.715700000000002 2.3603362701699271
decision_type=2 2 2 2 2 2
left_child=3 2 -2 -1 -4 -6
right_child=1 -3 4 -5 5 -7
leaf_value=-0.0093226089227948956 -0.0020481104182518937 0.017551832707435214 0.001289552808479866 -0.0018358868748687843 0.011803818899699043 -0.003007392615528035
leaf_weight=2135 880 639 753 1201 1033 123
leaf_count=2135 880 639 753 1201 1033 123
internal_value=3.59307e-05 0.00653393 0.00395588 -0.00664084 0.00671982 0.0102156
internal_weight=6764 3428 2789 3336 1909 1156
internal_count=6764 3428 2789 3336 1909 1156
is_linear=0
shrinkage=0.01


Tree=100
num_leaves=7
num_cat=0
split_feature=11 8 1 13 4 9
split_gain=2849.6 1023.44 680.615 542.441 285.674 271.718
threshold=0.034137739864056486 467.50860000000006 1.4747468523983533 1.8640302924067356 -0.03227186818470492 1421.0000000000002
decision_type=2 2 2 2 2 2
left_child=1 2 -1 4 -2 -4
right_child=3 -3 5 -5 -6 -7
leaf_value=0.00065576038719964477 -0.0041300660840315534 0.022338278159079957 0.021977917287577555 -0.010005897073004722 0.005353449463391672 0.0085594777220342616
leaf_weight=1543 1663 381 179 1682 383 933
leaf_count=1543 1663 381 179 1682 383 933
internal_value=3.57844e-05 0.00721539 0.00496953 -0.00581479 -0.0023374 0.0108961
internal_weight=6764 3036 2655 3728 2046 1112
internal_count=6764 3036 2655 3728 2046 1112
is_linear=0
shrinkage=0.01


Tree=101
num_leaves=7
num_cat=0
split_feature=11 8 1 16 9 1
split_gain=2793.76 1003.6 667.423 536.131 266.754 249.449
threshold=0.034137739864056486 467.50860000000006 1.4747468523983533 6.4399256874774879 1421.0000000000002 1.0294319590263481
decision_type=2 2 2 2 2 2
left_child=1 2 -1 5 -4 -2
right_child=3 -3 4 -5 -6 -7
leaf_value=0.00064924501936847656 -0.0083517518986740875 0.022120608356983765 0.021769766903226139 -0.011688856444554297 0.0084747906263783375 -0.0014509787615392207
leaf_weight=1543 710 381 179 1074 933 1944
leaf_count=1543 710 381 179 1074 933 1944
internal_value=3.60872e-05 0.00714499 0.00492101 -0.00575687 0.0107899 -0.0033215
internal_weight=6764 3036 2655 3728 1112 2654
internal_count=6764 3036 2655 3728 1112 2654
is_linear=0
shrinkage=0.01


Tree=102
num_leaves=7
num_cat=0
split_feature=0 11 11 16 15 0
split_gain=2802.83 894.608 453.665 367.681 325.349 295.597
threshold=0.87010863353451651 0.022009118257899463 0.067052536146172695 4.2987666115004206 0.60044948179098456 1.0285039011068855
decision_type=2 2 2 2 2 2
left_child=2 4 -1 5 -2 -3
right_child=1 3 -4 -5 -6 -7
leaf_value=-0.0036684647334563852 0.021649857144260785 0.0027438323549619022 -0.011434072496988648 -0.0071743629957014259 0.0091318392136676627 0.011407669405895157
leaf_weight=2503 426 1515 1076 272 445 527
leaf_count=2503 426 1515 1076 272 445 527
internal_value=3.61917e-05 0.00684864 -0.00602849 0.00356587 0.0154306 0.00502449
internal_weight=6764 3185 3579 2314 871 2042
internal_count=6764 3185 3579 2314 871 2042
is_linear=0
shrinkage=0.01


Tree=103
num_leaves=7
num_cat=0
split_feature=0 11 1 16 9 0
split_gain=2750.27 928.326 406.255 385.328 383.078 311.378
threshold=0.8556133013727979 0.022009118257899463 1.1662456041777161 4.2987666115004206 2393.0000000000005 1.0285039011068855
decision_type=2 2 2 2 2 2
left_child=2 4 -1 5 -2 -3
right_child=1 3 -4 -5 -6 -7
leaf_value=-0.0090262791167848074 0.018771527252024224 0.0025178147238177533 -0.001744979057241555 -0.0069050841389717644 0.0038816273380350322 0.01129571713324206
leaf_weight=2135 669 1670 1201 322 240 527
leaf_count=2135 669 1670 1201 322 240 527
internal_value=3.61642e-05 0.00631749 -0.00641797 0.00316459 0.0149252 0.00466503
internal_weight=6764 3428 3336 2519 909 2197
internal_count=6764 3428 3336 2519 909 2197
is_linear=0
shrinkage=0.01


Tree=104
num_leaves=7
num_cat=0
split_feature=0 16 4 15 13 15
split_gain=2700.28 919.538 479.392 392.264 293.673 257.887
threshold=0.96622873835723955 3.9907509541349477 0.043670562441908721 0.23762733446519521 0.97093427165592117 2.6190311519793492
decision_type=2 2 2 2 2 2
left_child=1 2 4 -2 -1 -5
right_child=3 -3 -4 5 -6 -7
leaf_value=-9.1936293826902854e-05 0.019138990359690439 -0.0090053424807507478 0.0079466463000775148 0.0094701256283225548 -0.0076465210843958608 -0.0072945631335227237
leaf_weight=1983 451 1904 574 1074 685 93
leaf_count=1983 451 1904 574 1074 685 93
internal_value=3.60799e-05 -0.0035091 -0.000263444 0.0112637 -0.00205286 0.0080835
internal_weight=6764 5146 3242 1618 2668 1167
internal_count=6764 5146 3242 1618 2668 1167
is_linear=0
shrinkage=0.01


Tree=105
num_leaves=7
num_cat=0
split_feature=11 10 8 16 14 6
split_gain=2627.26 795.235 746.079 523.51 348.532 295.113
threshold=0.028168050531988353 -0.0093686667263084382 216.20430000000002 0.95731794723447783 0.25968510979177462 1.4811187686848777
decision_type=2 2 2 2 2 2
left_child=2 -2 3 5 -3 -1
right_child=1 4 -4 -5 -6 -7
leaf_value=0.0086244852696862294 -0.0096906099575691639 -0.0057736277855840379 0.020218558067555938 -0.00080450865406656762 0.0012893598228383902 0.025920394609477055
leaf_weight=779 1621 1039 488 645 2084 108
leaf_count=779 1621 1039 488 645 2084 108
internal_value=3.59039e-05 -0.00403071 0.00955922 0.00605472 -0.00107137 0.0109959
internal_weight=6764 4744 2020 1532 3123 887
internal_count=6764 4744 2020 1532 3123 887
is_linear=0
shrinkage=0.01


Tree=106
num_leaves=7
num_cat=0
split_feature=1 10 2 8 1 8
split_gain=2447.28 770.392 767.507 424.587 373.622 261.025
threshold=1.2756370434012723 -0.0012851536717508447 0.47089837065387014 216.20430000000002 2.0738947952474622 683.67465000000004
decision_type=2 2 2 2 2 2
left_child=2 -2 5 4 -3 -1
right_child=1 3 -4 -5 -6 -7
leaf_value=-3.2275762098098561e-05 -0.00021991274269180373 0.0053241904357256477 -0.0086880023463622256 0.017711128186441449 0.02018738076045901 0.019267582658429941
leaf_weight=1067 1117 1316 2477 535 187 65
leaf_count=1067 1117 1316 2477 535 187 65
internal_value=3.61322e-05 0.00645861 -0.00558076 0.0101022 0.00729464 0.00123495
internal_weight=6764 3155 3609 2038 1503 1132
internal_count=6764 3155 3609 2038 1503 1132
is_linear=0
shrinkage=0.01


Tree=107
num_leaves=7
num_cat=0
split_feature=11 10 8 16 1 1
split_gain=2541.45 767.464 721.035 511.189 413.69 371.739
threshold=0.028168050531988353 -0.0093686667263084382 216.20430000000002 0.95731794723447783 1.8872454469149 1.0633557550923742
decision_type=2 2 2 2 2 2
left_child=2 -2 3 4 -1 -3
right_child=1 5 -4 -5 -6 -7
leaf_value=0.007278258315910128 -0.0095232904877497662 -0.0072344291149957444 0.019882023549904246 -0.00081984023544524139 0.024341540498547053 0.00086130055490915157
leaf_weight=714 1621 733 488 645 173 2390
leaf_count=714 1621 733 488 645 173 2390
internal_value=3.65614e-05 -0.00396309 0.00940306 0.00595782 0.0108405 -0.00105588
internal_weight=6764 4744 2020 1532 887 3123
internal_count=6764 4744 2020 1532 887 3123
is_linear=0
shrinkage=0.01


Tree=108
num_leaves=7
num_cat=0
split_feature=0 0 8 1 16 16
split_gain=2538.62 866.106 415.713 377.996 332.829 182.835
threshold=0.8556133013727979 1.0939888283275137 43.000650000000007 1.1662456041777161 7.7030650206812057 3.4097677133620552
decision_type=2 2 2 2 2 2
left_child=3 2 -2 -1 -4 -3
right_child=1 5 4 -5 -6 -7
leaf_value=-0.0086800363021696508 0.00012479686236928228 0.020212868031796956 0.0095223310657131209 -0.0016568513658533333 -0.0076319757607780049 0.0082403406378341055
leaf_weight=2135 1530 430 1141 1201 118 209
leaf_count=2135 1530 430 1141 1201 118 209
internal_value=3.67093e-05 0.00607149 0.0036354 -0.00616411 0.00786707 0.0164843
internal_weight=6764 3428 2789 3336 1259 639
internal_count=6764 3428 2789 3336 1259 639
is_linear=0
shrinkage=0.01


Tree=109
num_leaves=7
num_cat=0
split_feature=0 10 8 9 1 4
split_gain=2492.82 846.527 365.192 333.263 294.939 247.548
threshold=0.96622873835723955 -0.0037372424621087501 467.50860000000006 1421.0000000000002 1.061183586966677 0.090909090909090912
decision_type=2 2 2 2 2 2
left_child=1 -1 3 -2 -3 -6
right_child=2 4 -4 -5 5 -7
leaf_value=-0.0076016823675605074 0.020164643053989857 -0.006076857965809348 0.0198931026733533 0.0059844246041029694 0.00070700992496811358 0.010050026654418962
leaf_weight=2456 190 534 344 1084 1830 326
leaf_count=2456 190 534 344 1084 1830 326
internal_value=3.66394e-05 -0.00336964 0.0108244 0.00823979 0.00050811 0.00215961
internal_weight=6764 5146 1618 1274 2690 2156
internal_count=6764 5146 1618 1274 2690 2156
is_linear=0
shrinkage=0.01


Tree=110
num_leaves=7
num_cat=0
split_feature=11 16 8 16 4 9
split_gain=2421.69 738.127 689.058 497.1 359.766 302.912
threshold=0.028168050531988353 3.9907509541349477 216.20430000000002 0.95731794723447783 -0.035433718635285834 1442.0000000000002
decision_type=2 2 2 2 2 2
left_child=2 4 3 5 -2 -1
right_child=1 -3 -4 -5 -6 -7
leaf_value=0.029301676067213216 -0.0030537518800533106 -0.0088197041508057961 0.019423907113310143 -0.00087053198984447333 0.0045491327988069477 0.0086672595017600901
leaf_weight=71 2024 1833 488 645 887 816
leaf_count=71 2024 1833 488 645 887 816
internal_value=3.69096e-05 -0.00386737 0.00918005 0.00581219 -0.000729462 0.0106272
internal_weight=6764 4744 2020 1532 2911 887
internal_count=6764 4744 2020 1532 2911 887
is_linear=0
shrinkage=0.01


Tree=111
num_leaves=7
num_cat=0
split_feature=0 0 8 13 1 6
split_gain=2417.49 830.296 401.055 438.873 363.361 250.318
threshold=0.8556133013727979 1.0939888283275137 25.715700000000002 3.0955143270297065 1.1662456041777161 1.0617501376734091
decision_type=2 2 2 2 2 2
left_child=4 2 -2 5 -1 -4
right_child=1 -3 3 -5 -6 -7
leaf_value=-0.008480522791410542 -0.00090495975249231791 0.01612148120489907 0.0056611893020472558 -0.0063189686168399119 -0.0015949704574919393 0.01464511049511831
leaf_weight=2135 1174 639 924 215 1201 476
leaf_count=2135 1174 639 924 215 1201 476
internal_value=3.72667e-05 0.00592632 0.00354121 0.00675896 -0.00601382 0.00879793
internal_weight=6764 3428 2789 1615 3336 1400
internal_count=6764 3428 2789 1615 3336 1400
is_linear=0
shrinkage=0.01


Tree=112
num_leaves=7
num_cat=0
split_feature=0 0 13 8 13 1
split_gain=2372.21 598.545 552.083 360.747 285.092 234.656
threshold=0.9045054571356631 1.0939888283275137 0.043168965606746455 25.715700000000002 3.0955143270297065 1.205328684139269
decision_type=2 2 2 2 2 2
left_child=2 3 -1 -2 -5 -4
right_child=1 -3 5 4 -6 -7
leaf_value=-0.00052378590466159078 -0.00068140322299268337 0.015962750603472142 -0.009905277551017045 0.0099146064672423831 -0.005910910232888378 -0.0029984383301999004
leaf_weight=1887 737 639 1614 1044 121 722
leaf_count=1887 737 639 1614 1044 121 722
internal_value=3.71765e-05 0.00765444 -0.00455343 0.00479428 0.00823461 -0.00779242
internal_weight=6764 2541 4223 1902 1165 2336
internal_count=6764 2541 4223 1902 1165 2336
is_linear=0
shrinkage=0.01


Tree=113
num_leaves=7
num_cat=0
split_feature=0 11 11 16 15 8
split_gain=2329.29 813.606 341.602 340.077 315.16 282.386
threshold=0.8556133013727979 0.022009118257899463 0.064249104848438293 4.2987666115004206 0.60044948179098456 188.69580000000005
decision_type=2 2 2 2 2 2
left_child=2 4 -1 5 -2 -3
right_child=1 3 -4 -5 -6 -7
leaf_value=-0.003580686763773855 0.019821757938895228 0.0021903947284330361 -0.010347034134284337 -0.0065923247308679305 0.007824391991519606 0.010460269995174954
leaf_weight=2203 447 1653 1133 322 462 544
leaf_count=2203 447 1653 1133 322 462 544
internal_value=3.68912e-05 0.00581752 -0.00590279 0.00286634 0.0138756 0.00427622
internal_weight=6764 3428 3336 2519 909 2197
internal_count=6764 3428 3336 2519 909 2197
is_linear=0
shrinkage=0.01


Tree=114
num_leaves=7
num_cat=0
split_feature=0 4 15 9 1 4
split_gain=2288.38 770.275 359.261 428.812 275.273 212.068
threshold=0.96622873835723955 -0.12010319772017995 0.23762733446519521 1268.0000000000002 1.0294319590263481 0.090909090909090912
decision_type=2 2 2 2 2 2
left_child=1 -1 -2 -4 -3 -6
right_child=2 4 3 -5 5 -7
leaf_value=-0.0069047459946182631 0.017903110222757639 -0.0063527417277221424 0.0187778342777595 0.0040941233542166975 0.00090844844973526808 0.0095008418634493618
leaf_weight=2696 451 429 247 920 1684 337
leaf_count=2696 451 429 247 920 1684 337
internal_value=3.68142e-05 -0.0032268 0.0103727 0.00733512 0.000832053 0.00238095
internal_weight=6764 5146 1618 1167 2450 2021
internal_count=6764 5146 1618 1167 2450 2021
is_linear=0
shrinkage=0.01


Tree=115
num_leaves=7
num_cat=0
split_feature=0 11 1 16 1 0
split_gain=2247.9 787.393 346.735 331.061 327.985 260.446
threshold=0.8556133013727979 0.022009118257899463 1.1662456041777161 4.2987666115004206 1.7312722399274849 1.0939888283275137
decision_type=2 2 2 2 2 2
left_child=2 4 -1 5 -2 -3
right_child=1 3 -4 -5 -6 -7
leaf_value=-0.0082075065982644448 0.0078643252879770312 0.0027388403352552192 -0.0014821890378632361 -0.0065197353445748101 0.02011695972497592 0.012364729033508994
leaf_weight=2135 492 1874 1201 322 417 323
leaf_count=2135 492 1874 1201 322 417 323
internal_value=3.7006e-05 0.00571574 -0.00579798 0.00281253 0.0136429 0.00420364
internal_weight=6764 3428 3336 2519 909 2197
internal_count=6764 3428 3336 2519 909 2197
is_linear=0
shrinkage=0.01


Tree=116
num_leaves=7
num_cat=0
split_feature=11 0 0 16 10 16
split_gain=2210.86 743.593 499.299 287.682 275.835 167.762
threshold=0.028168050531988353 0.81733759841628062 1.0939888283275137 1.2020718893160192 -0.0012851536717508447 6.4399256874774879
decision_type=2 2 2 2 2 2
left_child=2 5 3 -1 -3 -2
right_child=1 4 -4 -5 -6 -7
leaf_value=0.0096850173905745005 -0.005375091324476694 -0.0029200170269904741 0.018263888393792421 0.0010633049298279863 0.0040236701881504596 -0.010803380862904711
leaf_weight=929 1532 1173 428 663 1098 941
leaf_count=929 1532 1173 428 663 1098 941
internal_value=3.70326e-05 -0.00369343 0.00877311 0.00612349 0.00044009 -0.0074758
internal_weight=6764 4744 2020 1592 2271 2473
internal_count=6764 4744 2020 1592 2271 2473
is_linear=0
shrinkage=0.01


Tree=117
num_leaves=7
num_cat=0
split_feature=0 16 4 15 13 16
split_gain=2173.24 834.431 456.129 296.436 270.025 255.279
threshold=0.98646333083565463 3.9907509541349477 0.043670562441908721 2.6190311519793492 0.97093427165592117 4.232934429323862
decision_type=2 2 2 2 2 2
left_child=1 2 4 5 -1 -2
right_child=3 -3 -4 -5 -6 -7
leaf_value=0.00014819087262728234 0.013042809615179564 -0.0081721870440719709 0.0076514516241104717 -0.0069044964274634496 -0.0069611945266779855 -0.0054436839434007797
leaf_weight=2061 1285 1918 633 82 711 74
leaf_count=2061 1285 1918 633 82 711 74
internal_value=3.6868e-05 -0.00291547 6.08391e-05 0.0108876 -0.00169379 0.0120038
internal_weight=6764 5323 3405 1441 2772 1359
internal_count=6764 5323 3405 1441 2772 1359
is_linear=0
shrinkage=0.01


Tree=118
num_leaves=7
num_cat=0
split_feature=11 0 8 1 15 15
split_gain=2137.52 717.846 632.124 429.931 277.581 244.217
threshold=0.028168050531988353 0.8556133013727979 216.20430000000002 1.7140332793741309 0.78292190679549989 1.7773734936358763
decision_type=2 2 2 2 2 2
left_child=2 5 3 -1 -5 -2
right_child=1 -3 -4 4 -6 -7
leaf_value=0.0021453712259410615 -0.0047499740363752428 0.0013639392664822466 0.018436478464200299 0.01933206843521142 0.001476149882244713 -0.011077798153205205
leaf_weight=1121 2082 1789 488 285 126 873
leaf_count=1121 2082 1789 488 285 126 873
internal_value=3.64014e-05 -0.00363166 0.00862635 0.00540216 0.0140231 -0.00665047
internal_weight=6764 4744 2020 1532 411 2955
internal_count=6764 4744 2020 1532 411 2955
is_linear=0
shrinkage=0.01


Tree=119
num_leaves=7
num_cat=0
split_feature=0 10 8 1 14 4
split_gain=2097.71 803.726 343.848 284.325 269.399 240.403
threshold=0.98646333083565463 -0.0037372424621087501 25.715700000000002 1.1245389206919996 16.265073570448624 0.090909090909090912
decision_type=2 2 2 2 2 2
left_child=1 -1 -2 -3 -4 -5
right_child=2 3 4 5 -6 -7
leaf_value=-0.0070109144666066553 0.0020950208679019716 -0.0042349130568078534 0.0070829263848929923 0.0011947636972940582 0.017500833643747396 0.010327158796817771
leaf_weight=2481 356 804 430 1700 655 338
leaf_count=2481 356 804 430 1700 655 338
internal_value=3.64348e-05 -0.00286415 0.010697 0.000767769 0.0134745 0.00275239
internal_weight=6764 5323 1441 2842 1085 2038
internal_count=6764 5323 1441 2842 1085 2038
is_linear=0
shrinkage=0.01


Tree=120
num_leaves=7
num_cat=0
split_feature=11 11 15 9 15 15
split_gain=2063.92 641.065 425.678 381.287 322.308 275.901
threshold=0.034137739864056486 0.019796903093877095 2.6415040341048548 1344.5000000000002 0.60044948179098456 0.60749575603287143
decision_type=2 2 2 2 2 2
left_child=1 4 -2 -3 -1 -5
right_child=2 3 -4 5 -6 -7
leaf_value=0.021913671250676555 -0.0030448545496692559 0.012445077858720453 -0.010990361213197993 0.005278111294306307 0.0077822312482186328 -0.002202232437134616
leaf_weight=318 2849 400 879 1058 352 908
leaf_count=318 2849 400 879 1058 352 908
internal_value=3.64684e-05 0.00614665 -0.00494266 0.00366913 0.014713 0.00182964
internal_weight=6764 3036 3728 2366 670 1966
internal_count=6764 3036 3728 2366 670 1966
is_linear=0
shrinkage=0.01


Tree=121
num_leaves=7
num_cat=0
split_feature=0 0 13 8 13 15
split_gain=2034.62 532.309 493.073 332.426 260.458 237.533
threshold=0.9045054571356631 1.0939888283275137 0.043168965606746455 25.715700000000002 3.0955143270297065 0.59076950616564028
decision_type=2 2 2 2 2 2
left_child=2 3 -1 -2 -5 -3
right_child=1 5 -4 4 -6 -7
leaf_value=-0.00040716044798977705 -0.00085911385850591902 0.022855629398582541 -0.0072758473603439754 0.0093037826596566852 -0.0058149534082111284 0.0098717560763538319
leaf_weight=1887 737 235 2336 1044 121 404
leaf_count=1887 737 235 2336 1044 121 404
internal_value=3.65641e-05 0.00709103 -0.00421486 0.0043947 0.00769739 0.0149253
internal_weight=6764 2541 4223 1902 1165 639
internal_count=6764 2541 4223 1902 1165 639
is_linear=0
shrinkage=0.01


Tree=122
num_leaves=7
num_cat=0
split_feature=1 2 14 8 15 16
split_gain=1926.46 850.599 450.093 359.165 321.581 219.715
threshold=1.4373126682584054 0.51723416522362686 16.265073570448624 683.67465000000004 0.60749575603287143 6.4399256874774879
decision_type=2 2 2 2 2 2
left_child=1 3 4 -1 -2 -3
right_child=2 5 -4 -5 -6 -7
leaf_value=0.00077722176008773909 0.0091302195280996094 -0.0047070678400776937 0.01250031621145006 0.020186123296175855 -0.0021949932740106346 -0.010459456305718049
leaf_weight=1722 463 1813 1078 91 527 1070
leaf_count=1722 463 1813 1078 91 527 1070
internal_value=3.6607e-05 -0.00350452 0.00805593 0.0018568 0.00313988 -0.00687079
internal_weight=6764 4696 2068 1813 990 2883
internal_count=6764 4696 2068 1813 990 2883
is_linear=0
shrinkage=0.01


Tree=123
num_leaves=7
num_cat=0
split_feature=1 2 14 8 15 1
split_gain=1888.4 833.996 441.179 352.749 315.313 217.581
threshold=1.4373126682584054 0.51723416522362686 16.265073570448624 683.67465000000004 0.60749575603287143 1.210969226383724
decision_type=2 2 2 2 2 2
left_child=1 3 4 -1 -2 -3
right_child=2 5 -4 -5 -6 -7
leaf_value=0.00076949441258356791 0.0090408474844476758 -0.0086665781849505387 0.01237646195526502 0.020004248227186428 -0.0021734520519460991 -0.0027239163060406922
leaf_weight=1722 463 1971 1078 91 527 912
leaf_count=1722 463 1971 1078 91 527 912
internal_value=3.66134e-05 -0.00346935 0.00797631 0.00183938 0.00310918 -0.00680261
internal_weight=6764 4696 2068 1813 990 2883
internal_count=6764 4696 2068 1813 990 2883
is_linear=0
shrinkage=0.01


Tree=124
num_leaves=7
num_cat=0
split_feature=0 0 10 1 15 13
split_gain=1936.48 688.221 351.348 311.423 232.233 201.565
threshold=0.8556133013727979 1.0939888283275137 -0.0017357648141390241 1.1662456041777161 0.59076950616564028 11.765484519314397
decision_type=2 2 2 2 2 2
left_child=3 2 -2 -1 -3 -4
right_child=1 4 5 -5 -6 -7
leaf_value=-0.0076624942280184962 -0.0020753103542237102 0.022425142163410784 0.0066190877013616927 -0.0012900987318943814 0.0095992829563188407 -0.0040410900934233296
leaf_weight=2135 880 235 1718 1201 404 191
leaf_count=2135 880 235 1718 1201 404 191
internal_value=3.66698e-05 0.00530738 0.0031363 -0.00537907 0.014589 0.00553701
internal_weight=6764 3428 2789 3336 639 1909
internal_count=6764 3428 2789 3336 639 1909
is_linear=0
shrinkage=0.01


Tree=125
num_leaves=7
num_cat=0
split_feature=11 0 0 6 15 15
split_gain=1922.42 640.261 438.712 238.816 220.462 199.549
threshold=0.028168050531988353 0.81733759841628062 1.0939888283275137 0.93208948946558179 1.4536073979408093 2.6415040341048548
decision_type=2 2 2 2 2 2
left_child=2 -2 5 -3 -4 -1
right_child=1 3 4 -5 -6 -7
leaf_value=0.0067835842266091252 -0.0069517042953150619 -0.0019844587875646382 0.020435447429291199 0.0047787237526177896 0.0018292374980972252 -0.0055744265828103039
leaf_weight=1456 2473 1476 348 795 80 136
leaf_count=1456 2473 1476 348 795 80 136
internal_value=3.66511e-05 -0.00344197 0.00818295 0.000393672 0.0170788 0.00569967
internal_weight=6764 4744 2020 2271 428 1592
internal_count=6764 4744 2020 2271 428 1592
is_linear=0
shrinkage=0.01


Tree=126
num_leaves=7
num_cat=0
split_feature=11 0 8 16 1 10
split_gain=1884.58 627.59 582.457 441.103 355.993 245.742
threshold=0.028168050531988353 0.81733759841628062 216.20430000000002 0.95731794723447783 1.8872454469149 -0.0012851536717508447
decision_type=2 2 2 2 2 2
left_child=2 -2 3 4 -1 -3
right_child=1 5 -4 -5 -6 -7
leaf_value=0.0062505956362316753 -0.0068824672249563649 -0.0027815445673684269 0.017517664074159302 -0.0012796926839518867 0.022057890720014038 0.0037724132450895941
leaf_weight=714 2473 1173 488 645 173 1098
leaf_count=714 2473 1173 488 645 173 1098
internal_value=3.65698e-05 -0.00340764 0.00810228 0.00500897 0.00954518 0.000389858
internal_weight=6764 4744 2020 1532 887 2271
internal_count=6764 4744 2020 1532 887 2271
is_linear=0
shrinkage=0.01


Tree=127
num_leaves=7
num_cat=0
split_feature=0 6 9 15 13 13
split_gain=1844.69 714.706 291.936 389.303 271.156 229.027
threshold=0.98646333083565463 0.84005093770925277 1421.0000000000002 0.60749575603287143 0.043168965606746455 1.2406205431207613
decision_type=2 2 2 2 2 2
left_child=1 4 -2 -4 -1 -3
right_child=2 5 3 -5 -6 -7
leaf_value=-0.0021696681402670441 0.017857024697024007 0.0035533620861188586 0.01177995690112609 -0.0006424584634546329 -0.0081952720172585539 -0.0037604517565210977
leaf_weight=1264 354 1641 696 391 1849 569
leaf_count=1264 354 1641 696 391 1849 569
internal_value=3.67747e-05 -0.00268327 0.0100338 0.00734642 -0.00576342 0.00166185
internal_weight=6764 5323 1441 1087 3113 2210
internal_count=6764 5323 1441 1087 3113 2210
is_linear=0
shrinkage=0.01


Tree=128
num_leaves=7
num_cat=0
split_feature=11 1 8 1 10 13
split_gain=1824.38 576.153 565.418 389.185 329.336 151.499
threshold=0.028168050531988353 1.0633557550923742 467.50860000000006 1.7140332793741309 -0.0012851536717508447 2.3603362701699271
decision_type=2 2 2 2 2 2
left_child=2 -2 3 -1 -3 -5
right_child=1 4 -4 5 -6 -7
leaf_value=0.0025700021765660496 -0.007909244607231216 -0.0034080887066086384 0.020322102114026037 0.014753565927182946 0.0033189910450041804 -0.0034456747678811091
leaf_weight=1215 1742 1790 305 453 1212 47
leaf_count=1215 1742 1790 305 453 1212 47
internal_value=3.6679e-05 -0.00335207 0.00797252 0.00567116 -0.000690157 0.0130088
internal_weight=6764 4744 2020 1715 3002 500
internal_count=6764 4744 2020 1715 3002 500
is_linear=0
shrinkage=0.01


Tree=129
num_leaves=7
num_cat=0
split_feature=11 0 8 16 0 10
split_gain=1788.66 597.23 554.6 451.613 244.35 232.33
threshold=0.028168050531988353 0.81733759841628062 467.50860000000006 0.95731794723447783 1.2249568725583673 -0.0012851536717508447
decision_type=2 2 2 2 2 2
left_child=2 -2 3 4 -1 -3
right_child=1 5 -4 -5 -6 -7
leaf_value=0.008538091705836106 -0.0067084627763427827 -0.0026979138601503617 0.02012533264202879 -0.00057577408492901438 0.030073803044084847 0.0036746873856111956
leaf_weight=968 2473 1173 305 699 48 1098
leaf_count=968 2473 1173 305 699 48 1098
internal_value=3.66989e-05 -0.00331872 0.00789448 0.00561525 0.00983873 0.000385761
internal_weight=6764 4744 2020 1715 1016 2271
internal_count=6764 4744 2020 1715 1016 2271
is_linear=0
shrinkage=0.01


Tree=130
num_leaves=7
num_cat=0
split_feature=11 8 16 13 1 4
split_gain=1754.87 737.197 491.431 442.769 351.159 254.312
threshold=0.03225325646719001 467.50860000000006 0.95731794723447783 1.2406205431207613 1.900803901073066 -0.035433718635285834
decision_type=2 2 2 2 2 2
left_child=1 2 4 5 -1 -2
right_child=3 -3 -4 -5 -6 -7
leaf_value=0.0057414854464613394 -0.0030698441093806755 0.01917129601722721 -0.0010703308818715822 -0.0079181409422330578 0.01956369480259517 0.0048298710238129858
leaf_weight=1129 1736 368 1036 1759 214 522
leaf_count=1129 1736 368 1036 1759 214 522
internal_value=3.71059e-05 0.0061839 0.00410308 -0.00417126 0.0080723 -0.00123036
internal_weight=6764 2747 2379 4017 1343 2258
internal_count=6764 2747 2379 4017 1343 2258
is_linear=0
shrinkage=0.01


Tree=131
num_leaves=7
num_cat=0
split_feature=1 2 14 8 16 20
split_gain=1678.65 748.729 392.15 335.981 200.654 188.399
threshold=1.4373126682584054 0.51723416522362686 16.265073570448624 683.67465000000004 6.4399256874774879 292.41911433751937
decision_type=2 2 2 2 2 10
left_child=1 3 -2 -1 -3 -5
right_child=2 4 -4 5 -6 -7
leaf_value=0.00071776427325360287 0.0029342961300723252 -0.004360167385125009 0.0116715226612338 0.032294703517799027 -0.0098549652228873495 0.0039389475697565726
leaf_weight=1722 990 1813 1078 44 1070 47
leaf_count=1722 990 1813 1078 44 1070 47
internal_value=3.72848e-05 -0.00326824 0.00752306 0.00176171 -0.00642653 0.0194894
internal_weight=6764 4696 2068 1813 2883 91
internal_count=6764 4696 2068 1813 2883 91
is_linear=0
shrinkage=0.01


Tree=132
num_leaves=7
num_cat=0
split_feature=0 16 4 13 9 8
split_gain=1708.33 624.663 357.583 293.847 275.318 272.651
threshold=0.96622873835723955 3.9907509541349477 0.043670562441908721 1.7580699840619169 1466.5000000000002 565.2225000000002
decision_type=2 2 2 2 2 2
left_child=1 2 -1 4 -2 -6
right_child=3 -3 -4 -5 5 -7
leaf_value=-0.0016534077325671549 0.017415453025123196 -0.0073124040382799415 0.006982722269827245 -0.0064937082226624934 0.0055473321178019976 0.020195410801910313
leaf_weight=2668 381 1904 574 108 990 139
leaf_count=2668 381 1904 574 108 990 139
internal_value=3.74632e-05 -0.00278236 -0.0001076 0.00896783 0.0101091 0.00751225
internal_weight=6764 5146 3242 1618 1510 1129
internal_count=6764 5146 3242 1618 1510 1129
is_linear=0
shrinkage=0.01


Tree=133
num_leaves=7
num_cat=0
split_feature=11 11 8 15 11 4
split_gain=1677.52 534.672 523.039 331.098 328.404 201.782
threshold=0.028168050531988353 0.049367376820980059 216.20430000000002 0.57332032640543285 0.018953767980624581 -0.035433718635285834
decision_type=2 2 2 2 2 2
left_child=2 5 3 4 -1 -2
right_child=1 -3 -4 -5 -6 -7
leaf_value=0.021462281352920193 -0.0022690649505933292 -0.0069884789891173091 0.016569321568210022 9.3329646452157593e-05 0.0057013238130356279 0.0034670187367888249
leaf_weight=165 1717 2086 488 773 594 941
leaf_count=165 1717 2086 488 773 594 941
internal_value=3.76005e-05 -0.0032119 0.00764734 0.00471633 0.00936216 -0.000232961
internal_weight=6764 4744 2020 1532 759 2658
internal_count=6764 4744 2020 1532 759 2658
is_linear=0
shrinkage=0.01


Tree=134
num_leaves=7
num_cat=0
split_feature=0 16 6 9 15 11
split_gain=1653.95 657.997 372.481 269.008 365.969 240.549
threshold=0.98646333083565463 3.9907509541349477 1.087652066995098 1421.0000000000002 0.60749575603287143 0.03225325646719001
decision_type=2 2 2 2 2 2
left_child=1 2 -1 5 -5 -2
right_child=3 -3 -4 4 -6 -7
leaf_value=-0.0014928313310181671 0.021188238711232165 -0.0072058022741631209 0.0069121941574384243 0.011224912495080912 -0.00081501971937232923 0.0010447297435860303
leaf_weight=2764 278 1918 641 696 391 76
leaf_count=2764 278 1918 641 696 391 76
internal_value=3.7786e-05 -0.0025378 0.000105044 0.00950381 0.00692613 0.0170112
internal_weight=6764 5323 3405 1441 1087 354
internal_count=6764 5323 3405 1441 1087 354
is_linear=0
shrinkage=0.01


Tree=135
num_leaves=7
num_cat=0
split_feature=0 0 11 1 9 2
split_gain=1624.1 597.858 300.232 277.772 184.775 149.033
threshold=0.8556133013727979 1.0939888283275137 0.025942626148776217 1.205328684139269 1413.5000000000002 0.28397164367645794
decision_type=2 2 2 2 2 2
left_child=3 2 4 -1 -2 -4
right_child=1 -3 5 -5 -6 -7
leaf_value=-0.0068178552029717265 0.015558759218427252 0.013515283582281488 0.0070848110492858487 -0.00053758263765809982 0.0049232341909619236 -0.00082295273189310456
leaf_weight=2325 203 639 272 1011 784 1530
leaf_count=2325 203 639 272 1011 784 1530
internal_value=3.78637e-05 0.00486476 0.0028416 -0.00492187 0.0072448 0.000403184
internal_weight=6764 3428 2789 3336 987 1802
internal_count=6764 3428 2789 3336 987 1802
is_linear=0
shrinkage=0.01


Tree=136
num_leaves=7
num_cat=0
split_feature=11 8 11 4 14 8
split_gain=1597.71 682.648 393.883 389.777 207.108 181.532
threshold=0.03225325646719001 467.50860000000006 0.070196237650822613 0.090909090909090912 0.25968510979177462 43.000650000000007
decision_type=2 2 2 2 2 2
left_child=1 3 4 5 -2 -1
right_child=2 -3 -4 -5 -6 -7
leaf_value=-0.0016460736283644072 -0.0054036871513550282 0.018400385718097882 -0.0093049891585879028 0.010608787762452174 -2.4676907461226062e-05 0.0047608021728283113
leaf_weight=906 1167 368 1023 626 1827 847
leaf_count=906 1167 368 1023 626 1827 847
internal_value=3.79707e-05 0.00590306 -0.00397753 0.00390096 -0.00213231 0.00145899
internal_weight=6764 2747 4017 2379 2994 1753
internal_count=6764 2747 4017 2379 2994 1753
is_linear=0
shrinkage=0.01


Tree=137
num_leaves=7
num_cat=0
split_feature=0 4 8 13 13 8
split_gain=1571.01 616.477 296.626 240.036 200.341 172.54
threshold=0.98646333083565463 -0.084435884551666104 25.715700000000002 0.043168965606746455 1.2406205431207613 24.678000000000004
decision_type=2 2 2 2 2 2
left_child=1 3 -2 -1 5 -3
right_child=2 4 -4 -5 -6 -7
leaf_value=-0.0019552606532301712 0.0012951731258911674 8.6908263771711926e-05 0.011842268499958258 -0.0076063379369237698 -0.0034910372169478514 0.0065793926574142271
leaf_weight=1275 356 811 1085 1853 567 817
leaf_count=1275 356 811 1085 1853 567 817
internal_value=3.78478e-05 -0.00247233 0.00926349 -0.00531648 0.00158648 0.00336539
internal_weight=6764 5323 1441 3128 2195 1628
internal_count=6764 5323 1441 3128 2195 1628
is_linear=0
shrinkage=0.01


Tree=138
num_leaves=7
num_cat=0
split_feature=11 0 8 16 1 0
split_gain=1547.23 522.18 488.574 415.396 274.012 199.318
threshold=0.028168050531988353 0.81733759841628062 467.50860000000006 0.95731794723447783 1.900803901073066 1.1297785451795381
decision_type=2 2 2 2 2 2
left_child=2 -2 3 4 -1 -3
right_child=1 5 -4 -5 -6 -7
leaf_value=0.0065590238755753386 -0.0062528110012617481 -0.00051314049465169139 0.018824769186122078 -0.00072817348788081228 0.019618519137518994 0.010131834161584266
leaf_weight=819 2473 2089 305 699 197 182
leaf_count=819 2473 2089 305 699 197 182
internal_value=3.7569e-05 -0.00308319 0.00734581 0.00520707 0.00925776 0.000380636
internal_weight=6764 4744 2020 1715 1016 2271
internal_count=6764 4744 2020 1715 1016 2271
is_linear=0
shrinkage=0.01


Tree=139
num_leaves=7
num_cat=0
split_feature=0 8 1 16 9 2
split_gain=1518.29 422.96 396.865 368.269 404.71 221.615
threshold=0.9045054571356631 216.20430000000002 1.0219806763285026 0.95731794723447783 1422.5000000000002 0.54845118985935659
decision_type=2 2 2 2 2 2
left_child=2 3 -1 4 -2 -4
right_child=1 -3 5 -5 -6 -7
leaf_value=-0.0079113915652466865 0.027829333313408939 0.012327458397769182 0.0023783623078508713 -0.0021968426081874575 0.0052161067623687401 -0.0034974090507729097
leaf_weight=1425 77 761 981 701 1002 1817
leaf_count=1425 77 761 981 701 1002 1817
internal_value=3.78965e-05 0.00613186 -0.00363469 0.00342899 0.00707057 -0.00143619
internal_weight=6764 2541 4223 1780 1079 2798
internal_count=6764 2541 4223 1780 1079 2798
is_linear=0
shrinkage=0.01


Tree=140
num_leaves=7
num_cat=0
split_feature=11 0 8 1 6 11
split_gain=1500.66 500.758 473.768 345.04 198.453 137.722
threshold=0.028168050531988353 0.81733759841628062 467.50860000000006 1.7140332793741309 0.93208948946558179 0.018953767980624581
decision_type=2 2 2 2 2 2
left_child=2 -2 3 -1 -3 -5
right_child=1 4 -4 5 -6 -7
leaf_value=0.0022114747105389642 -0.0061393372246851541 -0.0018111736304001333 0.018539157057565356 0.017946958403033307 0.0043540297825097668 0.0070480971717285217
leaf_weight=1215 2473 1476 305 217 795 283
leaf_count=1215 2473 1476 305 217 795 283
internal_value=3.80216e-05 -0.00303542 0.00723544 0.00512934 0.000356681 0.0120374
internal_weight=6764 4744 2020 1715 2271 500
internal_count=6764 4744 2020 1715 2271 500
is_linear=0
shrinkage=0.01


Tree=141
num_leaves=7
num_cat=0
split_feature=11 0 16 16 11 1
split_gain=1473.29 576.185 309.891 306.81 211.972 147.707
threshold=0.036207150348735354 1.0939888283275137 1.2020718893160192 6.4399256874774879 0.022009118257899463 0.93618628435435258
decision_type=2 2 2 2 2 2
left_child=1 2 4 5 -1 -2
right_child=3 -3 -4 -5 -6 -7
leaf_value=0.01214293770201768 -0.007836752770882513 0.014026776979687681 -0.00094957982142564754 -0.0090047394167653942 0.0036418151110371127 -0.0013796985180077482
leaf_weight=389 422 555 1179 1045 1167 2007
leaf_count=389 422 555 1179 1045 1167 2007
internal_value=3.82636e-05 0.00482652 0.00291526 -0.00449722 0.00583107 -0.00252904
internal_weight=6764 3290 2735 3474 1556 2429
internal_count=6764 3290 2735 3474 1556 2429
is_linear=0
shrinkage=0.01


Tree=142
num_leaves=7
num_cat=0
split_feature=11 1 8 16 15 1
split_gain=1447.13 484.605 463.129 395.594 282.402 261.133
threshold=0.028168050531988353 1.0633557550923742 467.50860000000006 0.95731794723447783 0.60749575603287143 1.900803901073066
decision_type=2 2 2 2 2 2
left_child=2 -2 3 5 -3 -1
right_child=1 4 -4 -5 -6 -7
leaf_value=0.0063435276156343047 -0.0071595007140907311 0.0032768994687533233 0.018281401553501688 -0.00076732358850580766 -0.0029875963865779345 0.019089874369879637
leaf_weight=819 1742 1172 305 699 1830 197
leaf_count=819 1742 1172 305 699 1830 197
internal_value=3.80381e-05 -0.00298009 0.00710591 0.00502397 -0.000539138 0.00897699
internal_weight=6764 4744 2020 1715 3002 1016
internal_count=6764 4744 2020 1715 3002 1016
is_linear=0
shrinkage=0.01


Tree=143
num_leaves=7
num_cat=0
split_feature=0 4 8 13 14 13
split_gain=1422.95 567.375 277.726 223.313 210.848 184.425
threshold=0.98646333083565463 -0.084435884551666104 25.715700000000002 0.043168965606746455 16.265073570448624 1.2406205431207613
decision_type=2 2 2 2 2 2
left_child=1 3 -2 -1 -4 -3
right_child=2 5 4 -5 -6 -7
leaf_value=-0.0018378124570017427 0.0011124732147754664 0.0032496889410779262 0.0056817250698381529 -0.0072878860688559977 0.014869571927374692 -0.0033288703508920436
leaf_weight=1275 356 1628 430 1853 655 567
leaf_count=1275 356 1628 430 1853 655 567
internal_value=3.81903e-05 -0.00235078 0.00881832 -0.00507932 0.0113134 0.00154296
internal_weight=6764 5323 1441 3128 1085 2195
internal_count=6764 5323 1441 3128 1085 2195
is_linear=0
shrinkage=0.01


Tree=144
num_leaves=7
num_cat=0
split_feature=0 8 4 15 1 2
split_gain=1397.65 531.678 419.516 255.326 250.933 202.841
threshold=0.8556133013727979 216.20430000000002 0.090909090909090912 0.78292190679549989 1.205328684139269 0.66948815685658136
decision_type=2 2 2 2 2 2
left_child=4 2 -2 -4 -1 -3
right_child=1 5 3 -5 -6 -7
leaf_value=-0.0063650321240947688 0.00036837246890920606 0.015279141390767808 0.015893520688341451 -0.00033778328548541805 -0.00039711287148920754 0.0051379115371134876
leaf_weight=2325 2131 510 307 139 1011 341
leaf_count=2325 2131 510 307 139 1011 341
internal_value=3.79923e-05 0.00451575 0.00223293 0.0109384 -0.004563 0.0113224
internal_weight=6764 3428 2577 446 3336 851
internal_count=6764 3428 2577 446 3336 851
is_linear=0
shrinkage=0.01


Tree=145
num_leaves=7
num_cat=0
split_feature=11 8 16 13 1 10
split_gain=1380.5 610.14 425.263 367.782 301.159 217.661
threshold=0.03225325646719001 467.50860000000006 0.95731794723447783 1.2406205431207613 1.900803901073066 -0.0012851536717508447
decision_type=2 2 2 2 2 2
left_child=1 2 4 5 -1 -2
right_child=3 -3 -4 -5 -6 -7
leaf_value=0.0051339278921009269 -0.0031850606577395737 0.017304231574224237 -0.0012131366999570572 -0.0071093159875071227 0.017928655285088878 0.0033853256224193897
leaf_weight=1129 1514 368 1036 1759 214 744
leaf_count=1129 1514 368 1036 1759 214 744
internal_value=3.80491e-05 0.00548989 0.00359758 -0.00369453 0.00729014 -0.00101477
internal_weight=6764 2747 2379 4017 1343 2258
internal_count=6764 2747 2379 4017 1343 2258
is_linear=0
shrinkage=0.01


Tree=146
num_leaves=7
num_cat=0
split_feature=11 16 8 16 6 9
split_gain=1355.48 449.302 435.981 375.768 243.236 197.139
threshold=0.028168050531988353 3.9907509541349477 467.50860000000006 0.95731794723447783 0.93208948946558179 1466.5000000000002
decision_type=2 2 2 2 2 2
left_child=2 4 3 5 -2 -1
right_child=1 -3 -4 -5 -6 -7
leaf_value=0.017389775338881423 -0.0023406631776649333 -0.0067465888234123196 0.017721367638742935 -0.00078512528167586982 0.0039184214415426046 0.0063728960504458977
leaf_weight=202 2028 1833 305 699 883 814
leaf_count=202 2028 1833 305 699 883 814
internal_value=3.81446e-05 -0.00288285 0.00687856 0.00485869 -0.000435166 0.0087114
internal_weight=6764 4744 2020 1715 2911 1016
internal_count=6764 4744 2020 1715 2911 1016
is_linear=0
shrinkage=0.01


Tree=147
num_leaves=7
num_cat=0
split_feature=0 16 4 15 14 14
split_gain=1337.58 549.728 327.241 231.374 226.72 235.109
threshold=0.98646333083565463 3.9907509541349477 0.043670562441908721 2.6190311519793492 16.265073570448624 46.682969850675825
decision_type=2 2 2 2 2 2
left_child=1 2 -1 4 -2 -6
right_child=3 -3 -4 -5 5 -7
leaf_value=-0.001348831729730531 0.0043638316862926489 -0.0065446232363035933 0.0065667286776907854 -0.0070977389893454061 0.016041098292855941 0.003831361220538009
leaf_weight=2772 536 1918 633 82 600 223
leaf_count=2772 536 1918 633 82 600 223
internal_value=3.82876e-05 -0.00227791 0.000137615 0.00855096 0.00954012 0.0128185
internal_weight=6764 5323 3405 1441 1359 823
internal_count=6764 5323 3405 1441 1359 823
is_linear=0
shrinkage=0.01


Tree=148
num_leaves=7
num_cat=0
split_feature=1 11 16 5 1 8
split_gain=1317.87 518.034 323.844 291.875 190.865 181.118
threshold=1.2756370434012723 0.019796903093877095 3.5036605065789885 0.19571900861143141 2.3032165564439397 216.20430000000002
decision_type=2 2 2 2 2 2
left_child=2 4 -1 5 -2 -3
right_child=1 3 -4 -5 -6 -7
leaf_value=-0.0014748135193254222 0.0098338797219076207 0.0055940290053973227 -0.0075254339185973455 0.00076681457377939736 0.024115272594231463 0.018708437701475854
leaf_weight=2061 512 482 1548 1914 116 131
leaf_count=2061 512 482 1548 1914 116 131
internal_value=3.81382e-05 0.00475113 -0.00408372 0.00270615 0.0128085 0.00865193
internal_weight=6764 3155 3609 2527 628 613
internal_count=6764 3155 3609 2527 628 613
is_linear=0
shrinkage=0.01


Tree=149
num_leaves=7
num_cat=0
split_feature=1 2 11 8 5 15
split_gain=1297.73 597.934 416.38 301.907 257.688 254.403
threshold=1.4373126682584054 0.51723416522362686 0.019796903093877095 683.67465000000004 0.20043434049782841 0.7884743464677626
decision_type=2 2 2 2 2 2
left_child=1 3 5 -1 -4 -2
right_child=2 -3 4 -5 -6 -7
leaf_value=0.00063751811569225363 0.020173681194881922 -0.0056903221094158317 0.011934804364675715 0.018431467164934864 0.0018080357188686228 0.0060833879685960714
leaf_weight=1722 298 2883 308 91 1222 240
leaf_count=1722 298 2883 308 91 1222 240
internal_value=3.84952e-05 -0.0028679 0.00662036 0.00162686 0.00391089 0.0141138
internal_weight=6764 4696 2068 1813 1530 538
internal_count=6764 4696 2068 1813 1530 538
is_linear=0
shrinkage=0.01


Tree=150
num_leaves=7
num_cat=0
split_feature=11 8 1 16 22 9
split_gain=1274.53 546.981 398.858 273.616 218.886 182.76
threshold=0.036207150348735354 467.50860000000006 1.4747468523983533 6.4399256874774879 24.046666666666713 1421.0000000000002
decision_type=2 2 2 2 10 2
left_child=1 2 -1 -2 -3 -4
right_child=3 4 5 -5 -6 -7
leaf_value=-0.00010849976314363266 -0.0023212954313074951 0.017798588571394984 0.016415215860087172 -0.0084360361591122729 -0.0056473414428532117 0.0056236679770599995
leaf_weight=1725 2429 357 183 1045 40 985
leaf_count=1725 2429 357 183 1045 40 985
internal_value=3.88982e-05 0.00449247 0.00295399 -0.00417958 0.0153556 0.00743946
internal_weight=6764 3290 2893 3474 397 1168
internal_count=6764 3290 2893 3474 397 1168
is_linear=0
shrinkage=0.01


Tree=151
num_leaves=7
num_cat=0
split_feature=0 0 8 13 15 15
split_gain=1254.66 488.925 271.243 291.761 222.257 192.509
threshold=0.8556133013727979 1.0939888283275137 25.715700000000002 3.0955143270297065 2.6190311519793492 0.59076950616564028
decision_type=2 2 2 2 2 2
left_child=4 2 -2 -4 -1 -3
right_child=1 5 3 -5 -6 -7
leaf_value=-0.0027823664074926513 -0.0012008730354372765 0.019204453245071428 0.0067627375930868067 -0.0055537312838766307 -0.0086861107428692439 0.007609261138373671
leaf_weight=2479 1174 235 1400 215 857 404
leaf_count=2479 1174 235 1400 215 857 404
internal_value=3.88535e-05 0.00428137 0.00245232 0.005099 -0.00432043 0.0121037
internal_weight=6764 3428 2789 1615 3336 639
internal_count=6764 3428 2789 1615 3336 639
is_linear=0
shrinkage=0.01


Tree=152
num_leaves=7
num_cat=0
split_feature=1 2 10 8 9 9
split_gain=1235.37 440.371 415.347 244.856 207.029 342.837
threshold=1.2756370434012723 0.46497869801203739 -0.0012851536717508447 43.570350000000005 1421.0000000000002 1181.5000000000002
decision_type=2 2 2 2 2 2
left_child=1 -1 -2 4 5 -4
right_child=2 -3 3 -5 -6 -7
leaf_value=0.0013192138500886191 -0.0003008015132784974 -0.006256146740788753 0.001746432065923253 0.0106842445161791 0.0018909703669392345 0.033905912371058215
leaf_weight=1099 1117 2510 82 1032 877 47
leaf_count=1099 1117 2510 82 1032 877 47
internal_value=3.86917e-05 -0.00395205 0.00460176 0.00727714 0.00371122 0.0150598
internal_weight=6764 3609 3155 2038 1006 129
internal_count=6764 3609 3155 2038 1006 129
is_linear=0
shrinkage=0.01


Tree=153
num_leaves=7
num_cat=0
split_feature=11 8 6 11 1 17
split_gain=1216.87 552.068 331.935 322.112 191.913 175.346
threshold=0.03225325646719001 467.50860000000006 1.1976155987790402 0.070196237650822613 1.0294319590263481 288.2000000000001
decision_type=2 2 2 2 2 10
left_child=1 2 -1 4 -2 -3
right_child=3 5 -4 -5 -6 -7
leaf_value=0.0010771531791240482 -0.0060877356367932556 0.02132714608889073 0.0094687494350220707 -0.0082827961699401959 -0.00030686625934127473 0.0062721760353947435
leaf_weight=1741 764 240 638 1023 2230 128
leaf_count=1741 764 240 638 1023 2230 128
internal_value=3.89394e-05 0.00515749 0.00335783 -0.00346546 -0.00179737 0.0163951
internal_weight=6764 2747 2379 4017 2994 368
internal_count=6764 2747 2379 4017 2994 368
is_linear=0
shrinkage=0.01


Tree=154
num_leaves=7
num_cat=0
split_feature=1 2 0 8 22 15
split_gain=1195.89 559.342 325.299 289.115 177.805 176.721
threshold=1.4373126682584054 0.51723416522362686 1.0939888283275137 683.67465000000004 17.054999999999989 0.63332417811009678
decision_type=2 2 2 2 10 2
left_child=1 3 5 -1 -5 -2
right_child=2 -3 -4 4 -6 -7
leaf_value=0.00062788840710692538 0.0074507607192068762 -0.0054809643297331545 0.012632532657138238 0.033283958118408917 0.0053377596533565374 0.00055716050530929279
leaf_weight=1722 698 2883 583 34 57 787
leaf_count=1722 698 2883 583 34 57 787
internal_value=3.88964e-05 -0.00275113 0.00635721 0.00159607 0.0180408 0.00382555
internal_weight=6764 4696 2068 1813 91 1485
internal_count=6764 4696 2068 1813 91 1485
is_linear=0
shrinkage=0.01


Tree=155
num_leaves=7
num_cat=0
split_feature=11 1 8 16 15 1
split_gain=1180.71 413.154 388.35 349.642 243.922 231.689
threshold=0.028168050531988353 1.0633557550923742 467.50860000000006 0.95731794723447783 0.60749575603287143 1.900803901073066
decision_type=2 2 2 2 2 2
left_child=2 -2 3 5 -3 -1
right_child=1 4 -4 -5 -6 -7
leaf_value=0.0057576587246629821 -0.0065458814790316901 0.0031129714422118604 0.01665610161459162 -0.00092420242398409821 -0.0027090172411873303 0.017754699338456966
leaf_weight=819 1742 1172 305 699 1830 197
leaf_count=819 1742 1172 305 699 1830 197
internal_value=3.93107e-05 -0.00268688 0.00642351 0.00451772 -0.000433287 0.00823423
internal_weight=6764 4744 2020 1715 3002 1016
internal_count=6764 4744 2020 1715 3002 1016
is_linear=0
shrinkage=0.01


Tree=156
num_leaves=7
num_cat=0
split_feature=10 13 16 9 15 9
split_gain=1133.03 452.474 294.396 416.814 311.584 204.275
threshold=-0.0034481294995053684 1.7580699840619169 3.9907509541349477 1422.5000000000002 0.73710783253526513 1181.5000000000002
decision_type=2 2 2 2 2 2
left_child=-1 2 3 5 -5 -2
right_child=1 -3 -4 4 -6 -7
leaf_value=-0.0049791171699703173 0.011211899219016826 -0.0035173385770151818 -0.005707207699008056 0.0063971795040015733 -0.0011803625489917211 0.030937434593143943
leaf_weight=2695 474 767 232 1763 778 55
leaf_count=2695 474 767 232 1763 778 55
internal_value=3.94062e-05 0.00336736 0.00497235 0.00579531 0.00408157 0.0137987
internal_weight=6764 4069 3302 3070 2541 529
internal_count=6764 4069 3302 3070 2541 529
is_linear=0
shrinkage=0.01


Tree=157
num_leaves=7
num_cat=0
split_feature=1 11 2 15 15 9
split_gain=1144.25 461.266 411.202 268.793 223.308 205.488
threshold=1.2756370434012723 0.019796903093877095 0.46497869801203739 0.7884743464677626 0.60749575603287143 994.50000000000011
decision_type=2 2 2 2 2 2
left_child=2 3 -1 -2 -3 -6
right_child=1 4 -4 -5 5 -7
leaf_value=0.0012923150667864022 0.018080497452875183 0.0055939927579866456 -0.0060277436317729069 0.0048394402994804816 0.0099691173891101534 -0.0018262754384517263
leaf_weight=1099 333 1206 2510 295 159 1162
leaf_count=1099 333 1206 2510 295 159 1162
internal_value=3.95017e-05 0.00443107 -0.00380125 0.0120339 0.00250165 -0.00034231
internal_weight=6764 3155 3609 628 2527 1321
internal_count=6764 3155 3609 628 2527 1321
is_linear=0
shrinkage=0.01


Tree=158
num_leaves=7
num_cat=0
split_feature=0 16 10 9 11 1
split_gain=1125.66 469.063 239.313 220.983 192.623 142.09
threshold=0.98646333083565463 3.9907509541349477 -0.0015058857272089927 1421.0000000000002 0.03225325646719001 1.4373126682584054
decision_type=2 2 2 2 2 2
left_child=1 2 -1 4 -2 -5
right_child=3 -3 -4 5 -6 -7
leaf_value=-0.0025801057977955957 0.018376636412188722 -0.0060264982863401685 0.0027090844265226523 -0.00051890796629359601 0.00042226760626532309 0.0076614572210624244
leaf_weight=1650 278 1918 1755 286 76 801
leaf_count=1650 278 1918 1755 286 76 801
internal_value=3.9578e-05 -0.00208523 0.000145991 0.00784882 0.0146395 0.00552402
internal_weight=6764 5323 3405 1441 354 1087
internal_count=6764 5323 3405 1441 354 1087
is_linear=0
shrinkage=0.01


Tree=159
num_leaves=7
num_cat=0
split_feature=11 13 8 16 6 0
split_gain=1108.51 383.042 371.377 332.34 214.928 214.048
threshold=0.028168050531988353 1.2406205431207613 467.50860000000006 0.95731794723447783 0.93208948946558179 1.2645464727271944
decision_type=2 2 2 2 2 2
left_child=2 4 3 5 -2 -1
right_child=1 -3 -4 -5 -6 -7
leaf_value=0.0069257165385973119 -0.0019659648352324567 -0.0060794706316187157 0.016231205905225896 -0.00094287858022789359 0.0041622699711029746 0.029551638497246638
leaf_weight=981 2074 1891 305 699 779 35
leaf_count=981 2074 1891 305 699 779 35
internal_value=3.94781e-05 -0.00260204 0.00622539 0.00436215 -0.000283982 0.00798558
internal_weight=6764 4744 2020 1715 2853 1016
internal_count=6764 4744 2020 1715 2853 1016
is_linear=0
shrinkage=0.01


Tree=160
num_leaves=7
num_cat=0
split_feature=1 11 2 5 0 8
split_gain=1093.38 440.168 393.869 260.245 184.149 174.123
threshold=1.2756370434012723 0.019796903093877095 0.46497869801203739 0.19571900861143141 1.2645464727271944 683.67465000000004
decision_type=2 2 2 2 2 2
left_child=2 4 5 -3 -2 -1
right_child=1 3 -4 -5 -6 -7
leaf_value=0.00022413654715545945 0.009671010471790361 0.0080620461723574371 -0.005893678027352074 0.00061718466789573005 0.02758108390400699 0.016308444902404316
leaf_weight=1037 569 613 2510 1914 59 62
leaf_count=1037 569 613 2510 1914 59 62
internal_value=3.97901e-05 0.00433262 -0.00371461 0.00244782 0.0117596 0.0012704
internal_weight=6764 3155 3609 2527 628 1099
internal_count=6764 3155 3609 2527 628 1099
is_linear=0
shrinkage=0.01


Tree=161
num_leaves=7
num_cat=0
split_feature=1 2 11 8 5 22
split_gain=1074.91 505.871 357.794 275.768 231.665 173.962
threshold=1.4373126682584054 0.51723416522362686 0.019796903093877095 683.67465000000004 0.20043434049782841 17.054999999999989
decision_type=2 2 2 2 2 10
left_child=1 3 -2 -1 -4 -5
right_child=2 -3 4 5 -6 -7
leaf_value=0.00058383606864256658 0.012975942916421639 -0.0052010044352683738 0.011126735621987134 0.032656444734893743 0.0015276894773989342 0.0050699429047196655
leaf_weight=1722 538 2883 308 34 1222 57
leaf_count=1722 538 2883 308 34 1222 57
internal_value=4.02273e-05 -0.00260492 0.00603043 0.00152922 0.00351975 0.0175898
internal_weight=6764 4696 2068 1813 1530 91
internal_count=6764 4696 2068 1813 1530 91
is_linear=0
shrinkage=0.01


Tree=162
num_leaves=7
num_cat=0
split_feature=11 0 13 15 15 18
split_gain=1057.28 371.671 301.767 185.637 180.489 220.131
threshold=0.03225325646719001 1.0939888283275137 1.2406205431207613 0.59076950616564028 0.17301394803709064 206.73666666666699
decision_type=2 2 2 2 2 10
left_child=1 4 -2 -3 5 -1
right_child=2 3 -4 -5 -6 -7
leaf_value=0.01973514492964993 -0.00079909188778279686 0.019591369051994247 -0.0063189184623957317 0.0068973511026907955 0.0012155634695809386 0.0046526887235640172
leaf_weight=110 2258 210 1759 279 1588 560
leaf_count=110 2258 210 1759 279 1588 560
internal_value=4.06922e-05 0.00481181 -0.00322585 0.0126321 0.00306998 0.00738272
internal_weight=6764 2747 4017 489 2258 670
internal_count=6764 2747 4017 489 2258 670
is_linear=0
shrinkage=0.01


Tree=163
num_leaves=7
num_cat=0
split_feature=0 8 13 15 4 13
split_gain=1039.94 330.237 295.329 289.87 158.417 157.868
threshold=0.9045054571356631 25.715700000000002 3.0955143270297065 2.6415040341048548 0.043670562441908721 0.043168965606746455
decision_type=2 2 2 2 2 2
left_child=3 -2 -3 4 5 -1
right_child=1 2 -4 -5 -6 -7
leaf_value=-0.00017115088491705409 -2.7627251056507667e-05 0.0088158004175394444 -0.0065370284160264107 -0.0079053158386807043 0.0039211598427606412 -0.0048695224312311006
leaf_weight=1469 845 1567 129 928 441 1385
leaf_count=1469 845 1567 129 928 441 1385
internal_value=4.09492e-05 0.00508438 0.00761657 -0.00299855 -0.00159688 -0.00246024
internal_weight=6764 2541 1696 4223 3295 2854
internal_count=6764 2541 1696 4223 3295 2854
is_linear=0
shrinkage=0.01


Tree=164
num_leaves=7
num_cat=0
split_feature=11 11 13 15 6 15
split_gain=1022.34 327.943 289.21 262.762 175.147 141.007
threshold=0.03225325646719001 0.019796903093877095 1.2406205431207613 0.7884743464677626 0.93208948946558179 2.6415040341048548
decision_type=2 2 2 2 2 2
left_child=1 3 4 -1 -2 -3
right_child=2 5 -4 -5 -6 -7
leaf_value=0.016524356391657734 -0.0023194856576572616 0.0034671706387252917 -0.0061997111214396831 0.0038911682841347838 0.0042441956463208389 -0.0064410229882177639
leaf_weight=357 1738 1931 1759 313 520 146
leaf_count=357 1738 1931 1759 313 520 146
internal_value=4.04397e-05 0.00473205 -0.00317167 0.0107666 -0.000795872 0.00274316
internal_weight=6764 2747 4017 670 2258 2077
internal_count=6764 2747 4017 670 2258 2077
is_linear=0
shrinkage=0.01


Tree=165
num_leaves=7
num_cat=0
split_feature=1 11 2 15 15 8
split_gain=1016.38 404.172 366.878 255.824 203.753 166.174
threshold=1.2756370434012723 0.019796903093877095 0.46497869801203739 0.7884743464677626 0.60749575603287143 683.67465000000004
decision_type=2 2 2 2 2 2
left_child=2 3 5 -2 -3 -1
right_child=1 4 -4 -5 -6 -7
leaf_value=0.00020955268820768193 0.017190447903731049 0.0053267690312991597 -0.0056826465004387074 0.0042969270077396612 -0.00034354907993656389 0.015922356722941105
leaf_weight=1037 333 1206 2510 295 1321 62
leaf_count=1037 333 1206 2510 295 1321 62
internal_value=4.02297e-05 0.00417914 -0.00357957 0.0112961 0.00237292 0.00123157
internal_weight=6764 3155 3609 628 2527 1099
internal_count=6764 3155 3609 628 2527 1099
is_linear=0
shrinkage=0.01


Tree=166
num_leaves=7
num_cat=0
split_feature=1 2 11 8 15 5
split_gain=997.099 471.321 329.956 264.765 227.684 223.719
threshold=1.4373126682584054 0.51723416522362686 0.019796903093877095 683.67465000000004 0.7884743464677626 0.20043434049782841
decision_type=2 2 2 2 2 2
left_child=1 3 4 -1 -2 -4
right_child=2 -3 5 -5 -6 -7
leaf_value=0.00055694824048747068 0.018201166114863613 -0.0050131117163591367 0.010873587518789859 0.017220078616698116 0.0049316050671041013 0.0014414702380727484
leaf_weight=1722 298 2883 308 91 240 1222
leaf_count=1722 298 2883 308 91 240 1222
internal_value=4.03724e-05 -0.00250724 0.0058097 0.00148319 0.0124797 0.0033985
internal_weight=6764 4696 2068 1813 538 1530
internal_count=6764 4696 2068 1813 538 1530
is_linear=0
shrinkage=0.01


Tree=167
num_leaves=7
num_cat=0
split_feature=1 15 11 13 10 7
split_gain=981.869 389.785 391.878 292.929 163.284 117.134
threshold=1.2756370434012723 0.60044948179098456 0.018953767980624581 0.043168965606746455 -0.0011617706440791504 1.0000000180025095e-35
decision_type=2 2 2 2 2 2
left_child=3 2 -2 -1 -3 -6
right_child=1 4 -4 -5 5 -7
leaf_value=-0.00041527316551277972 0.018829785542496081 -0.0028059494182096269 0.0053714213483214545 -0.0061288662052618736 0.005100612303822894 -0.0041761388267567492
leaf_weight=1655 256 722 1251 1954 769 157
leaf_count=1655 256 722 1251 1954 769 157
internal_value=4.06804e-05 0.00410872 0.0077667 -0.00351714 0.000737037 0.00349996
internal_weight=6764 3155 1507 3609 1648 926
internal_count=6764 3155 1507 3609 1648 926
is_linear=0
shrinkage=0.01


Tree=168
num_leaves=7
num_cat=0
split_feature=0 15 6 9 15 13
split_gain=964.303 411.019 280.712 214.278 281.363 213.287
threshold=0.98646333083565463 2.6415040341048548 1.087652066995098 1421.0000000000002 0.60749575603287143 0.043168965606746455
decision_type=2 2 2 2 2 2
left_child=1 2 5 -2 -5 -1
right_child=3 -3 -4 4 -6 -7
leaf_value=0.00043931968583075446 0.013947946237973297 -0.007662868429543156 0.0050995838263328984 0.008756875582857232 -0.0017779093628117531 -0.0044494859947057288
leaf_weight=2019 354 1002 715 696 391 1587
leaf_count=2019 354 1002 715 696 391 1587
internal_value=4.05065e-05 -0.00192613 -0.000581217 0.00726841 0.00498579 -0.0017186
internal_weight=6764 5323 4321 1441 1087 3606
internal_count=6764 5323 4321 1441 1087 3606
is_linear=0
shrinkage=0.01


Tree=169
num_leaves=7
num_cat=0
split_feature=1 15 2 9 8 8
split_gain=949.016 376.948 346.373 285.929 175.339 159.457
threshold=1.2756370434012723 0.60044948179098456 0.46497869801203739 994.50000000000011 25.292700000000004 683.67465000000004
decision_type=2 2 2 2 2 2
left_child=2 4 5 -3 -2 -1
right_child=1 3 -4 -5 -6 -7
leaf_value=0.00021587998376074697 0.002013752971631276 0.01005924863693216 -0.0055009574095107854 -0.0011160743346059004 0.0097153525273210254 0.015607969697254401
leaf_weight=1037 412 264 2510 1384 1095 62
leaf_count=1037 412 264 2510 1384 1095 62
internal_value=4.03133e-05 0.00403971 -0.00345748 0.000724021 0.00763696 0.00121713
internal_weight=6764 3155 3609 1648 1507 1099
internal_count=6764 3155 3609 1648 1507 1099
is_linear=0
shrinkage=0.01


Tree=170
num_leaves=7
num_cat=0
split_feature=11 1 8 16 6 1
split_gain=935.895 349.065 332.052 304.204 221.031 205.325
threshold=0.028168050531988353 1.0294319590263481 467.50860000000006 0.95731794723447783 0.96868778198607364 1.900803901073066
decision_type=2 2 2 2 2 2
left_child=2 -2 3 5 -3 -1
right_child=1 4 -4 -5 -6 -7
leaf_value=0.0051049060102881343 -0.0063819085551746662 -0.0019265588509234672 0.015183674395853093 -0.0011091633677938744 0.0043402815379935686 0.016385847445991305
leaf_weight=819 1488 2544 305 699 712 197
leaf_count=819 1488 2544 305 699 712 197
internal_value=4.03677e-05 -0.0023868 0.00572428 0.00396373 -0.000547075 0.00743064
internal_weight=6764 4744 2020 1715 3256 1016
internal_count=6764 4744 2020 1715 3256 1016
is_linear=0
shrinkage=0.01


Tree=171
num_leaves=7
num_cat=0
split_feature=0 16 6 8 14 13
split_gain=917.74 390.992 248.416 221.25 155.718 153.817
threshold=0.98646333083565463 3.9907509541349477 1.087652066995098 25.715700000000002 16.265073570448624 0.97093427165592117
decision_type=2 2 2 2 2 2
left_child=1 2 5 -2 -5 -1
right_child=3 -3 -4 4 -6 -7
leaf_value=0.00024413932170060763 0.00023652781370093364 -0.0054765014996658191 0.0057177616524622388 0.0044930835754626473 0.012370653754170229 -0.0051310504748697406
leaf_weight=2056 356 1918 641 430 655 708
leaf_count=2056 356 1918 641 430 655 708
internal_value=4.04305e-05 -0.00187814 0.000158876 0.00709167 0.00931821 -0.00114625
internal_weight=6764 5323 3405 1441 1085 2764
internal_count=6764 5323 3405 1441 1085 2764
is_linear=0
shrinkage=0.01


Tree=172
num_leaves=7
num_cat=0
split_feature=0 0 16 15 15 15
split_gain=899.898 378.628 198.969 173.809 161.475 159.374
threshold=0.8556133013727979 1.0939888283275137 4.2987666115004206 3.4528560948450449 0.59076950616564028 0.23631796880839581
decision_type=2 2 2 2 2 2
left_child=3 2 5 -1 -3 -2
right_child=1 4 -4 -5 -6 -7
leaf_value=-0.0025662730363239733 0.0071026811957681495 0.017004991506207354 -0.0051028694049050308 -0.0084974585665622722 0.006422537295935127 0.0014219753631243123
leaf_weight=2738 678 235 335 598 404 1776
leaf_count=2738 678 235 335 598 404 1776
internal_value=4.02101e-05 0.0036332 0.00202422 -0.0036517 0.0105164 0.00301392
internal_weight=6764 3428 2789 3336 639 2454
internal_count=6764 3428 2789 3336 639 2454
is_linear=0
shrinkage=0.01


Tree=173
num_leaves=7
num_cat=0
split_feature=1 2 0 8 21 4
split_gain=892.933 429.231 260.315 249.266 171.664 135.791
threshold=1.4389845166479056 0.51723416522362686 1.0939888283275137 683.67465000000004 30.200000000000021 -1.0000000180025095e-35
decision_type=2 2 2 2 10 2
left_child=1 3 5 -1 -5 -2
right_child=2 -3 -4 4 -6 -7
leaf_value=0.00055207270396222339 0.00057757300566181743 -0.0047304837845793942 0.011164989873448579 0.032945079848170286 0.0052741816701988376 0.0067186029365038846
leaf_weight=1732 828 2901 581 30 62 630
leaf_count=1732 828 2901 581 30 62 630
internal_value=4.0041e-05 -0.00234661 0.00555511 0.00144998 0.0166426 0.0032588
internal_weight=6764 4725 2039 1824 92 1458
internal_count=6764 4725 2039 1824 92 1458
is_linear=0
shrinkage=0.01


Tree=174
num_leaves=7
num_cat=0
split_feature=11 1 8 1 15 15
split_gain=880.12 331.76 317.129 285.689 200.854 134.314
threshold=0.028168050531988353 1.0294319590263481 216.20430000000002 2.3032165564439397 0.6357758844615965 0.78292190679549989
decision_type=2 2 2 2 2 2
left_child=2 -2 3 5 -3 -1
right_child=1 4 -4 -5 -6 -7
leaf_value=0.004489084335001556 -0.0062081323647144217 0.0025153327933485968 0.012496556945343365 0.020277879531445202 -0.0025395825411165126 -0.0017742403535500346
leaf_weight=911 1488 1300 488 83 1956 538
leaf_count=911 1488 1300 488 83 1956 538
internal_value=4.04156e-05 -0.00231332 0.00555236 0.00327367 -0.00051982 0.00216735
internal_weight=6764 4744 2020 1532 3256 1449
internal_count=6764 4744 2020 1532 3256 1449
is_linear=0
shrinkage=0.01


Tree=175
num_leaves=7
num_cat=0
split_feature=11 9 11 16 11 14
split_gain=864.766 395.116 249.553 216.561 198.924 230.207
threshold=0.03225325646719001 1413.5000000000002 0.070196237650822613 3.348168072432129 0.019955804785169399 36.037860194726278
decision_type=2 2 2 2 2 2
left_child=1 3 -2 -1 5 -3
right_child=2 4 -4 -5 -6 -7
leaf_value=0.014293803905020469 -0.0014461043033349007 0.014021131155591497 -0.0071536109104276902 -0.0050214864334590008 0.00074268444132792946 0.0011073431290620774
leaf_weight=470 2994 271 1023 61 1670 275
leaf_count=470 2994 271 1023 61 1670 275
internal_value=4.04434e-05 0.00435536 -0.00291378 0.0120231 0.00247226 0.00765383
internal_weight=6764 2747 4017 531 2216 546
internal_count=6764 2747 4017 531 2216 546
is_linear=0
shrinkage=0.01


Tree=176
num_leaves=7
num_cat=0
split_feature=1 0 2 4 8 20
split_gain=854.573 330.491 316.799 195.902 150.31 116.758
threshold=1.2756370434012723 1.0939888283275137 0.46497869801203739 -0.021169713544232645 683.67465000000004 293.58056890150607
decision_type=2 2 2 2 2 10
left_child=2 3 4 -2 -1 -6
right_child=1 -3 -4 -5 5 -7
leaf_value=0.00021928116117240264 -0.00016640277652521095 0.010283975148201575 -0.0052332216573612112 0.0054571194937731759 0.026556572629138828 0.00070253827919562653
leaf_weight=1037 1468 626 2510 1061 30 32
leaf_count=1037 1468 626 2510 1061 30 32
internal_value=4.02832e-05 0.00383546 -0.00327891 0.00220505 0.00119149 0.0151635
internal_weight=6764 3155 3609 2529 1099 62
internal_count=6764 3155 3609 2529 1099 62
is_linear=0
shrinkage=0.01


Tree=177
num_leaves=7
num_cat=0
split_feature=1 2 11 8 22 0
split_gain=837.647 406.26 279.992 239.738 169.28 153.32
threshold=1.4389845166479056 0.51723416522362686 0.019796903093877095 683.67465000000004 16.847500000000021 1.2645464727271944
decision_type=2 2 2 2 10 2
left_child=1 3 5 -1 -5 -2
right_child=2 -3 -4 4 -6 -7
leaf_value=0.00054182468624528921 0.0092862170740539568 -0.0045903669175577045 0.0031376080083418733 0.031516573210788323 0.0044871321682264844 0.025990840542842363
leaf_weight=1732 475 2901 1506 33 59 58
leaf_count=1732 475 2901 1506 33 59 58
internal_value=4.04387e-05 -0.00227115 0.00538204 0.0014224 0.0163218 0.0115492
internal_weight=6764 4725 2039 1824 92 533
internal_count=6764 4725 2039 1824 92 533
is_linear=0
shrinkage=0.01


Tree=178
num_leaves=7
num_cat=0
split_feature=10 13 16 15 6 16
split_gain=824.697 329.229 229.289 225.202 176.928 142.052
threshold=-0.0028524512026467017 1.2406205431207613 3.9907509541349477 2.6190311519793492 1.1901885292242016 6.4399256874774879
decision_type=2 2 2 2 2 2
left_child=5 2 3 4 -2 -1
right_child=1 -3 -4 -5 -6 -7
leaf_value=-0.002448737059342238 0.0043966530155253765 -0.0029791607932031345 -0.0052949180017483923 -0.0059394320248272918 0.010323769834193411 -0.0072017329198770484
leaf_weight=1951 2104 729 217 164 668 931
leaf_count=1951 2104 729 217 164 668 931
internal_value=4.10731e-05 0.00304651 0.00444471 0.0051801 0.00585695 -0.00400374
internal_weight=6764 3882 3153 2936 2772 2882
internal_count=6764 3882 3153 2936 2772 2882
is_linear=0
shrinkage=0.01


Tree=179
num_leaves=7
num_cat=0
split_feature=1 15 2 9 8 22
split_gain=814.721 341.984 302.714 250.364 163.301 146.866
threshold=1.2756370434012723 0.60044948179098456 0.41827935841578262 994.50000000000011 25.292700000000004 17.256666666666721
decision_type=2 2 2 2 2 10
left_child=2 4 -1 -3 -2 -6
right_child=1 3 -4 -5 5 -7
leaf_value=0.001868631161535935 0.0017515469246248217 0.0093243728610720947 -0.004845561014508345 -0.0011326335509086545 0.011400441647734598 0.003056133863222846
leaf_weight=884 412 264 2725 1384 797 298
leaf_count=884 412 264 2725 1384 797 298
internal_value=4.05274e-05 0.00374616 -0.00320035 0.000588653 0.00717244 0.00917778
internal_weight=6764 3155 3609 1648 1507 1095
internal_count=6764 3155 3609 1648 1507 1095
is_linear=0
shrinkage=0.01


Tree=180
num_leaves=7
num_cat=0
split_feature=11 1 8 16 4 0
split_gain=801.634 307.674 297.45 279.79 198.601 197.346
threshold=0.028168050531988353 1.0294319590263481 467.50860000000006 0.95731794723447783 -0.015905122334806229 1.2645464727271944
decision_type=2 2 2 2 2 2
left_child=2 -2 3 5 -3 -1
right_child=1 4 -4 -5 -6 -7
leaf_value=0.0059521271007588481 -0.0059566492789554894 -0.0017865346315788717 0.014252546875013246 -0.0012275700048347789 0.0041537697298434199 0.027622545109854808
leaf_weight=981 1488 2544 305 699 712 35
leaf_count=981 1488 2544 305 699 712 35
internal_value=4.04383e-05 -0.0022059 0.00530088 0.00363549 -0.000478808 0.0069606
internal_weight=6764 4744 2020 1715 3256 1016
internal_count=6764 4744 2020 1715 3256 1016
is_linear=0
shrinkage=0.01


Tree=181
num_leaves=7
num_cat=0
split_feature=1 15 11 2 14 21
split_gain=787.166 333.011 348.338 293.811 196.429 143.654
threshold=1.2756370434012723 0.60044948179098456 0.018953767980624581 0.41827935841578262 17.44479566502007 28.500000000000032
decision_type=2 2 2 2 2 8
left_child=3 2 -2 -1 -3 -6
right_child=1 4 -4 -5 5 -7
leaf_value=0.0018488842013416505 0.017490742818322875 -0.0022235201726857555 0.0048086772584798113 -0.0047657769727895219 -0.00044268165693451828 0.008919236199061745
leaf_weight=884 256 995 1251 2725 292 361
leaf_count=884 256 995 1251 2725 292 361
internal_value=4.06689e-05 0.00368309 0.00706413 -0.00314493 0.000567376 0.00478936
internal_weight=6764 3155 1507 3609 1648 653
internal_count=6764 3155 1507 3609 1648 653
is_linear=0
shrinkage=0.01


Tree=182
num_leaves=7
num_cat=0
split_feature=11 8 16 13 0 17
split_gain=775.671 405.541 303.509 230.293 215.858 167.14
threshold=0.03225325646719001 467.50860000000006 0.95731794723447783 1.2406205431207613 1.2249568725583673 288.2000000000001
decision_type=2 2 2 2 2 10
left_child=1 2 4 -2 -1 -3
right_child=3 5 -4 -5 -6 -7
leaf_value=0.0047967200694550407 -0.00063759012294175991 0.018540575463175776 -0.0014742350484352261 -0.0054592664255836958 0.024187219779266689 0.0040938587044028266
leaf_weight=1292 2258 240 1036 1759 51 128
leaf_count=1292 2258 240 1036 1759 51 128
internal_value=4.06406e-05 0.00412724 0.00258631 -0.00275726 0.00570639 0.0137569
internal_weight=6764 2747 2379 4017 1343 368
internal_count=6764 2747 2379 4017 1343 368
is_linear=0
shrinkage=0.01


Tree=183
num_leaves=7
num_cat=0
split_feature=1 2 11 5 15 9
split_gain=763.75 372.887 258.804 202.245 196.98 134.585
threshold=1.4389845166479056 0.53859750447020771 0.019796903093877095 0.20043434049782841 0.7884743464677626 1139.0000000000002
decision_type=2 2 2 2 2 2
left_child=1 5 4 -4 -2 -1
right_child=2 -3 3 -5 -6 -7
leaf_value=0.0082390024577452155 0.01639367661980632 -0.0045221872061566113 0.010175693522527863 0.0011184653796518123 0.0040273340312605693 0.00020238575647700839
leaf_weight=227 296 2768 301 1205 237 1730
leaf_count=227 296 2768 301 1205 237 1730
internal_value=4.08845e-05 -0.00216639 0.00514143 0.00298389 0.0110704 0.00117173
internal_weight=6764 4725 2039 1506 533 1957
internal_count=6764 4725 2039 1506 533 1957
is_linear=0
shrinkage=0.01


Tree=184
num_leaves=7
num_cat=0
split_feature=1 15 11 15 14 1
split_gain=751.576 319.932 331.935 190.12 188.119 156.541
threshold=1.2756370434012723 0.60044948179098456 0.018953767980624581 2.6415040341048548 17.44479566502007 0.93024048616602728
decision_type=2 2 2 2 2 2
left_child=3 2 -2 5 -3 -1
right_child=1 4 -4 -5 -6 -7
leaf_value=-0.0063139861117517604 0.017092537098858308 -0.0021848895255050828 0.0047121918606656786 -0.0070295044847528687 0.0046780339310712677 -0.00047588471188638023
leaf_weight=576 256 995 1251 900 653 2133
leaf_count=576 256 995 1251 900 653 2133
internal_value=4.10017e-05 0.00360013 0.0069141 -0.00307175 0.000546274 -0.00173586
internal_weight=6764 3155 1507 3609 1648 2709
internal_count=6764 3155 1507 3609 1648 2709
is_linear=0
shrinkage=0.01


Tree=185
num_leaves=7
num_cat=0
split_feature=16 0 4 15 13 4
split_gain=742.752 490.97 238.985 125.47 122.661 122.449
threshold=3.9907509541349477 1.0208554634574545 -1.0000000180025095e-35 0.90610971025791764 1.0000000180025095e-35 0.25592446503415689
decision_type=2 2 2 2 2 2
left_child=1 2 4 -3 -1 -4
right_child=-2 3 5 -5 -6 -7
leaf_value=0.00022268159361260044 -0.005047956856718566 0.010306738638591759 0.0034354422515720379 0.0020039459480812737 -0.0045560027196645146 0.016752992171545824
leaf_weight=1877 2006 767 1062 245 742 65
leaf_count=1877 2006 767 1062 245 742 65
internal_value=4.07463e-05 0.00219226 0.000514738 0.00833595 -0.00114337 0.00434412
internal_weight=6764 4758 3746 1012 2619 1127
internal_count=6764 4758 3746 1012 2619 1127
is_linear=0
shrinkage=0.01


Tree=186
num_leaves=7
num_cat=0
split_feature=10 0 1 9 3 11
split_gain=730.691 394.523 181.07 149.558 135.905 119.027
threshold=-0.0028524512026467017 1.0939888283275137 1.1245389206919996 1459.0000000000002 0.11493935323095651 0.083037096791264808
decision_type=2 2 2 2 2 2
left_child=5 2 -2 -3 -5 -1
right_child=1 3 -4 4 -6 -7
leaf_value=-0.0025617875670580731 -0.0027770443057394179 0.019076522663725833 0.0027832312466385769 -0.010412375621852422 0.008802221505692551 -0.007235815086505829
leaf_weight=2152 751 142 2546 32 411 730
leaf_count=2152 751 142 2546 32 411 730
internal_value=4.06802e-05 0.00286964 0.00151213 0.0103665 0.00721505 -0.00376663
internal_weight=6764 3882 3297 585 443 2882
internal_count=6764 3882 3297 585 443 2882
is_linear=0
shrinkage=0.01


Tree=187
num_leaves=7
num_cat=0
split_feature=16 0 6 9 15 13
split_gain=719.203 473.686 230.513 212.552 188.454 166.876
threshold=3.9907509541349477 0.99509915263651261 1.1976155987790402 1462.0000000000002 0.24221502371693007 0.97093427165592117
decision_type=2 2 2 2 2 2
left_child=1 2 5 -3 -5 -1
right_child=-2 3 -4 4 -6 -7
leaf_value=0.00066140525749221874 -0.0049669969130260892 0.014656029528503107 0.0072920524589626078 0.011358819688352111 0.0020118470390740602 -0.0046571737947382306
leaf_weight=2288 2006 295 398 309 684 784
leaf_count=2288 2006 295 398 309 684 784
internal_value=4.03867e-05 0.00215752 0.000229101 0.00731107 0.00500467 -0.000706647
internal_weight=6764 4758 3470 1288 993 3072
internal_count=6764 4758 3470 1288 993 3072
is_linear=0
shrinkage=0.01


Tree=188
num_leaves=7
num_cat=0
split_feature=10 0 8 13 16 15
split_gain=705.928 381.571 204.361 209.474 157.414 126.279
threshold=-0.0028524512026467017 1.0939888283275137 36.914400000000008 2.9727379293480429 4.232934429323862 0.59076950616564028
decision_type=2 2 2 2 2 2
left_child=-1 2 -2 4 -4 -3
right_child=1 5 3 -5 -6 -7
leaf_value=-0.00370186627750042 -0.0011287825187605565 0.015985325293801228 0.0065726215174922043 -0.0033935565891389748 -0.0045561222128000936 0.0062397601893234601
leaf_weight=2882 1566 225 1278 319 134 360
leaf_count=2882 1566 225 1278 319 134 360
internal_value=4.03719e-05 0.00282099 0.00148594 0.00384433 0.00549188 0.0101937
internal_weight=6764 3882 3297 1731 1412 585
internal_count=6764 3882 3297 1731 1412 585
is_linear=0
shrinkage=0.01


Tree=189
num_leaves=7
num_cat=0
split_feature=1 15 11 2 8 7
split_gain=695.661 299.702 316.202 269.11 121.071 116.008
threshold=1.2756370434012723 0.60044948179098456 0.018953767980624581 0.41827935841578262 683.67465000000004 1.0000000180025095e-35
decision_type=2 2 2 2 2 2
left_child=3 2 -2 4 -1 -3
right_child=1 5 -4 -5 -6 -7
leaf_value=0.00087142031032096242 0.016605046566924134 0.0016365402401887633 0.0045235975343762827 -0.0045057995264359682 0.016202023206109351 -0.0056460367712870057
leaf_weight=839 256 1399 1251 2725 45 249
leaf_count=839 256 1399 1251 2725 45 249
internal_value=4.02046e-05 0.00346438 0.00667185 -0.00295452 0.00182433 0.000508783
internal_weight=6764 3155 1507 3609 884 1648
internal_count=6764 3155 1507 3609 884 1648
is_linear=0
shrinkage=0.01


Tree=190
num_leaves=7
num_cat=0
split_feature=16 0 4 8 21 15
split_gain=687.328 450.482 225.079 132.027 157.187 119.422
threshold=3.9907509541349477 1.0208554634574545 -1.0000000180025095e-35 1697.5800000000002 29.300000000000015 0.90610971025791764
decision_type=2 2 2 2 8 2
left_child=1 2 3 -1 -5 -3
right_child=-2 5 -4 4 -6 -7
leaf_value=-0.0016590026828127312 -0.0048549251637344543 0.0099171452506887636 0.0042193314883974282 0.020030284184548587 -0.00046821012207777193 0.0018240061320693177
leaf_weight=2475 2006 767 1127 53 91 245
leaf_count=2475 2006 767 1127 53 91 245
internal_value=4.02408e-05 0.00210992 0.000503029 -0.00110613 0.00788713 0.00799486
internal_weight=6764 4758 3746 2619 144 1012
internal_count=6764 4758 3746 2619 144 1012
is_linear=0
shrinkage=0.01


Tree=191
num_leaves=7
num_cat=0
split_feature=11 15 8 16 4 9
split_gain=675.422 270.795 262.328 252.426 163.633 155.62
threshold=0.028168050531988353 2.6415040341048548 467.50860000000006 0.95731794723447783 -0.035433718635285834 1466.5000000000002
decision_type=2 2 2 2 2 2
left_child=2 4 3 5 -2 -1
right_child=1 -3 -4 -5 -6 -7
leaf_value=0.014143797730541577 -0.0020841341627663296 -0.0068522046569230001 0.013274282598542788 -0.0013116522234372272 0.0025817895053362122 0.0044100388594410268
leaf_weight=202 2805 923 305 699 1016 814
leaf_count=202 2805 923 305 699 1016 814
internal_value=4.02666e-05 -0.00202167 0.00486886 0.00330574 -0.000839969 0.00646429
internal_weight=6764 4744 2020 1715 3821 1016
internal_count=6764 4744 2020 1715 3821 1016
is_linear=0
shrinkage=0.01


Tree=192
num_leaves=7
num_cat=0
split_feature=1 2 11 8 5 15
split_gain=667.182 331.827 229.473 223.162 186.136 182.642
threshold=1.4389845166479056 0.51723416522362686 0.019796903093877095 683.67465000000004 0.20043434049782841 0.7884743464677626
decision_type=2 2 2 2 2 2
left_child=1 3 5 -1 -4 -2
right_child=2 -3 4 -5 -6 -7
leaf_value=0.00046591519976007227 0.015513184902408873 -0.0041188424742041813 0.009675232474572382 0.015690096583509564 0.00098731408114166564 0.0036225608990413751
leaf_weight=1732 296 2901 301 92 1205 237
leaf_count=1732 296 2901 301 92 1205 237
internal_value=4.02207e-05 -0.0020228 0.00480741 0.00131517 0.00277611 0.0103901
internal_weight=6764 4725 2039 1824 1506 533
internal_count=6764 4725 2039 1824 1506 533
is_linear=0
shrinkage=0.01


Tree=193
num_leaves=7
num_cat=0
split_feature=16 11 8 15 4 1
split_gain=655.941 424.887 198.118 192.957 155.963 149.84
threshold=3.9907509541349477 0.022009118257899463 390.01365000000004 0.78292190679549989 -0.015905122334806229 2.3032165564439397
decision_type=2 2 2 2 2 2
left_child=1 3 4 5 -3 -1
right_child=-2 2 -4 -5 -6 -7
leaf_value=0.0094111921066653698 -0.0047416545117763267 -0.0018580432341254883 0.0061461991592393099 0.002928650794472451 0.0027936348786809597 0.02434183454606682
leaf_weight=441 2006 2225 536 424 1054 78
leaf_count=441 2006 2225 536 424 1054 78
internal_value=4.0436e-05 0.00206231 0.000568765 0.00803522 -0.000358863 0.0120728
internal_weight=6764 4758 3815 943 3279 519
internal_count=6764 4758 3815 943 3279 519
is_linear=0
shrinkage=0.01


Tree=194
num_leaves=7
num_cat=0
split_feature=1 15 2 9 8 5
split_gain=647.088 280.561 251.087 207.538 147.551 132.53
threshold=1.2756370434012723 0.60044948179098456 0.41827935841578262 994.50000000000011 25.292700000000004 0.19057361486652305
decision_type=2 2 2 2 2 2
left_child=2 4 -1 -3 -2 -6
right_child=1 3 -4 -5 5 -7
leaf_value=0.0017683213352854938 0.0013042253441170688 0.0084372508470784788 -0.0043461171248817048 -0.0010833600068490263 0.014255626568607793 0.0061851885033978298
leaf_weight=884 412 264 2725 1384 279 816
leaf_count=884 412 264 2725 1384 279 816
internal_value=4.06077e-05 0.00334307 -0.00284768 0.000483476 0.00644642 0.00835189
internal_weight=6764 3155 3609 1648 1507 1095
internal_count=6764 3155 3609 1648 1507 1095
is_linear=0
shrinkage=0.01


Tree=195
num_leaves=7
num_cat=0
split_feature=10 1 8 15 11 15
split_gain=635.949 302.378 208.675 148.473 119.373 184.201
threshold=-0.0015881810077747348 1.4445118306166871 683.67465000000004 2.6415040341048548 0.019796903093877095 0.7884743464677626
decision_type=2 2 2 2 2 2
left_child=3 2 -2 -1 5 -3
right_child=1 4 -4 -5 -6 -7
leaf_value=-0.0017861082067430643 -2.231572225259859e-06 0.016044079566835075 0.018788317656144499 -0.0066193082140262524 0.004452554471003089 0.0035520399729864842
leaf_weight=2580 1898 269 51 839 910 217
leaf_count=2580 1898 269 51 839 910 217
internal_value=4.05931e-05 0.00313585 0.000582863 -0.00298799 0.00667067 0.0106504
internal_weight=6764 3345 1949 3419 1396 486
internal_count=6764 3345 1949 3419 1396 486
is_linear=0
shrinkage=0.01


Tree=196
num_leaves=7
num_cat=0
split_feature=16 11 8 15 6 1
split_gain=626.798 406.561 190.447 184.838 149.252 146.378
threshold=3.9907509541349477 0.022009118257899463 390.01365000000004 0.78292190679549989 0.96868778198607364 2.3032165564439397
decision_type=2 2 2 2 2 2
left_child=1 3 4 5 -3 -1
right_child=-2 2 -4 -5 -6 -7
leaf_value=0.0091851947596193421 -0.0046339561211379268 -0.0018198919756439833 0.0060245606565698532 0.0028619826374594809 0.002730607463234442 0.023929382339119912
leaf_weight=441 2006 2225 536 424 1054 78
leaf_count=441 2006 2225 536 424 1054 78
internal_value=4.06955e-05 0.00201714 0.000556162 0.00785982 -0.000353327 0.0118115
internal_weight=6764 4758 3815 943 3279 519
internal_count=6764 4758 3815 943 3279 519
is_linear=0
shrinkage=0.01


Tree=197
num_leaves=7
num_cat=0
split_feature=1 0 13 14 8 16
split_gain=617.914 266.674 206.701 193.574 159.389 120.462
threshold=1.2756370434012723 1.2645464727271944 0.043168965606746455 16.265073570448624 25.292700000000004 0.73194214223846588
decision_type=2 2 2 2 2 2
left_child=2 3 -1 -2 -5 -3
right_child=1 5 -4 4 -6 -7
leaf_value=-0.00017703932092177918 -6.8962323595827646e-05 0.028951067129770913 -0.0049754314070300518 0.00026789835086402146 0.0073510583895130448 0.0094457640306029409
leaf_weight=1655 1497 35 1954 471 971 181
leaf_count=1655 1497 35 1954 471 971 181
internal_value=4.08536e-05 0.00326801 -0.00278157 0.00245382 0.00505527 0.0137475
internal_weight=6764 3155 3609 2939 1442 216
internal_count=6764 3155 3609 2939 1442 216
is_linear=0
shrinkage=0.01


Tree=198
num_leaves=7
num_cat=0
split_feature=10 0 16 16 9 4
split_gain=607.526 282.484 168.818 151.216 133.233 115.378
threshold=-0.0015058857272089927 1.0939888283275137 3.9907509541349477 6.4399256874774879 1459.0000000000002 0.25592446503415689
decision_type=2 2 2 2 2 2
left_child=3 2 5 -1 -3 -2
right_child=1 4 -4 -5 -6 -7
leaf_value=-0.001572072509046272 0.0024428998995699377 0.018044109552690427 -0.0036836822631243524 -0.0062221871397413397 0.0064772780806922562 0.013968040178028437
leaf_weight=2473 2260 136 458 971 385 81
leaf_count=2473 2260 136 458 971 385 81
internal_value=4.10473e-05 0.00308873 0.00181293 -0.00289734 0.00977959 0.00289939
internal_weight=6764 3320 2799 3444 521 2341
internal_count=6764 3320 2799 3444 521 2341
is_linear=0
shrinkage=0.01


Tree=199
num_leaves=7
num_cat=0
split_feature=1 15 11 16 5 13
split_gain=600.134 294.98 287.04 228.443 168.649 159.314
threshold=1.1998836746149026 0.60044948179098456 0.018953767980624581 0.67530357215401604 0.1764705882352941 0.026432586740454702
decision_type=2 2 2 2 2 2
left_child=5 2 -2 4 -3 -1
right_child=1 3 -4 -5 -6 -7
leaf_value=-0.00064317620667202647 0.015096830161690932 0.014432407907860458 0.0038897532654697145 -0.0018005737083275999 0.0019960674743193228 -0.0053636020409397111
leaf_weight=1244 263 149 1494 1573 360 1681
leaf_count=1244 263 149 1494 1573 360 1681
internal_value=4.10716e-05 0.00263825 0.00564325 8.74711e-05 0.0058445 -0.00336504
internal_weight=6764 3839 1757 2082 509 2925
internal_count=6764 3839 1757 2082 509 2925
is_linear=0
shrinkage=0.01


Tree=200
num_leaves=7
num_cat=0
split_feature=1 15 0 1 5 17
split_gain=588.549 260.679 201.852 188.564 157.034 144.506
threshold=1.4389845166479056 2.6415040341048548 1.2645464727271944 0.93618628435435258 0.19986451451035189 334.9500000000001
decision_type=2 2 2 2 2 10
left_child=1 3 4 -1 5 -2
right_child=2 -3 -4 -5 -6 -7
leaf_value=-0.0057779597363547298 0.0096702755059669184 -0.0063692446692560582 0.013503109540594908 0.00032565911230797207 0.0015983620552931233 -0.010132679130349841
leaf_weight=594 456 1012 214 3119 1337 32
leaf_count=594 456 1012 214 3119 1337 32
internal_value=4.10685e-05 -0.00189657 0.00451853 -0.000663685 0.00339715 0.00819433
internal_weight=6764 4725 2039 3713 1825 488
internal_count=6764 4725 2039 3713 1825 488
is_linear=0
shrinkage=0.01


Tree=201
num_leaves=7
num_cat=0
split_feature=11 8 16 0 11 17
split_gain=582.861 339.986 258.601 195.008 182.999 160.832
threshold=0.03225325646719001 467.50860000000006 0.95731794723447783 1.2249568725583673 0.070196237650822613 288.2000000000001
decision_type=2 2 2 2 2 10
left_child=1 2 3 -1 -2 -3
right_child=4 5 -4 -5 -6 -7
leaf_value=0.004192521669224159 -0.0011283125052148429 0.017080686789676548 -0.0015732626671400669 0.022604863876934913 -0.0060151191204218316 0.0030193299163078918
leaf_weight=1292 2994 240 1036 51 1023 128
leaf_count=1292 2994 240 1036 51 1023 128
internal_value=4.06994e-05 0.00358316 0.00217326 0.00505363 -0.00238467 0.012399
internal_weight=6764 2747 2379 1343 4017 368
internal_count=6764 2747 2379 1343 4017 368
is_linear=0
shrinkage=0.01


Tree=202
num_leaves=7
num_cat=0
split_feature=10 1 15 0 2 9
split_gain=573.702 269.663 134.319 126.793 112.687 110.532
threshold=-0.0015058857272089927 1.4445118306166871 2.6415040341048548 1.2645464727271944 0.51723416522362686 1139.0000000000002
decision_type=2 2 2 2 2 2
left_child=2 4 -1 -3 5 -2
right_child=1 3 -4 -5 -6 -7
leaf_value=-0.0016811342570705013 0.010660826302507342 0.0051323327199947208 -0.0062724935032786025 0.014238455541102597 -0.0026961613144900528 0.0012799965316068192
leaf_weight=2605 132 1217 839 171 674 1126
leaf_count=2605 132 1217 839 171 674 1126
internal_value=4.0856e-05 0.00300248 -0.00281457 0.00634802 0.00057865 0.00234063
internal_weight=6764 3320 3444 1388 1932 1258
internal_count=6764 3320 3444 1388 1932 1258
is_linear=0
shrinkage=0.01


Tree=203
num_leaves=7
num_cat=0
split_feature=1 15 11 16 5 13
split_gain=564.423 281.578 276.464 218.211 163.419 151.553
threshold=1.1998836746149026 0.60044948179098456 0.018953767980624581 0.67530357215401604 0.1764705882352941 0.026432586740454702
decision_type=2 2 2 2 2 2
left_child=5 2 -2 4 -3 -1
right_child=1 3 -4 -5 -6 -7
leaf_value=-0.00060789761882950439 0.014772646690517555 0.014147212110787817 0.0037749075940681654 -0.0017777877747812512 0.0019076656617831465 -0.0052117312805741445
leaf_weight=1244 263 149 1494 1573 360 1681
leaf_count=1244 263 149 1494 1573 360 1681
internal_value=4.07525e-05 0.00255947 0.00549541 6.7402e-05 0.00569411 -0.00326247
internal_weight=6764 3839 1757 2082 509 2925
internal_count=6764 3839 1757 2082 509 2925
is_linear=0
shrinkage=0.01


Tree=204
num_leaves=7
num_cat=0
split_feature=11 9 20 9 1 11
split_gain=555.471 324.552 203.913 241.681 183.102 129.31
threshold=0.03225325646719001 1413.5000000000002 295.60996240446832 1127.0000000000002 1.0294319590263481 0.019955804785169399
decision_type=2 2 10 2 2 2
left_child=1 2 3 -1 -2 -3
right_child=4 5 -4 -5 -6 -7
leaf_value=0.007629077367551894 -0.0052087816606553507 0.0059721114273474513 -0.0049985937210672267 0.023423675976941984 -0.00074584056733973769 0.00040156931377298736
leaf_weight=322 1415 546 69 140 2602 1670
leaf_count=322 1415 546 69 140 2602 1670
internal_value=4.07436e-05 0.00349897 0.0104464 0.0128102 -0.00232696 0.00179476
internal_weight=6764 2747 531 462 4017 2216
internal_count=6764 2747 531 462 4017 2216
is_linear=0
shrinkage=0.01


Tree=205
num_leaves=7
num_cat=0
split_feature=10 0 16 16 9 3
split_gain=548.709 257.899 155.985 135.19 128.069 127.669
threshold=-0.0015058857272089927 1.0939888283275137 3.9907509541349477 6.4399256874774879 1459.0000000000002 0.11493935323095651
decision_type=2 2 2 2 2 2
left_child=3 2 -2 -1 -3 -6
right_child=1 4 -4 -5 5 -7
leaf_value=-0.0014986609728550979 0.002762574822818587 0.017423183084656929 -0.0035651608129453837 -0.0058955811050356915 -0.010787327603570053 0.0078886768102810079
leaf_weight=2473 2341 136 458 971 32 353
leaf_count=2473 2341 136 458 971 32 353
internal_value=4.0727e-05 0.00293712 0.00171816 -0.00275181 0.00933014 0.00610259
internal_weight=6764 3320 2799 3444 521 385
internal_count=6764 3320 2799 3444 521 385
is_linear=0
shrinkage=0.01


Tree=206
num_leaves=7
num_cat=0
split_feature=1 15 16 8 5 13
split_gain=538.792 273.694 209.878 165.923 158.981 145.587
threshold=1.1998836746149026 0.60044948179098456 0.67530357215401604 25.292700000000004 0.1764705882352941 0.026432586740454702
decision_type=2 2 2 2 2 2
left_child=5 3 4 -2 -3 -1
right_child=1 2 -4 -5 -6 -7
leaf_value=-0.00058524309720003789 0.00073739994321983906 0.01389978499397776 -0.0017650621910692758 0.007418199123904165 0.00182976485951489 -0.0050974307997956794
leaf_weight=1244 536 149 1573 1221 360 1681
leaf_count=1244 536 149 1573 1221 360 1681
internal_value=4.04131e-05 0.00250128 4.44481e-05 0.00539583 0.00556277 -0.00318693
internal_weight=6764 3839 2082 1757 509 2925
internal_count=6764 3839 2082 1757 509 2925
is_linear=0
shrinkage=0.01


Tree=207
num_leaves=7
num_cat=0
split_feature=11 1 4 1 8 8
split_gain=532.832 310.957 185.539 183.614 150.035 102.299
threshold=0.022009118257899463 1.0219806763285026 -0.067980097112450261 2.3032165564439397 216.20430000000002 340.3372500000001
decision_type=2 2 2 2 2 2
left_child=3 -2 -3 4 -1 -4
right_child=1 2 5 -5 -6 -7
leaf_value=0.0024498297415992756 -0.0051182433921231401 -0.0016613206397065601 0.0015991020340491977 0.017781024394290787 0.011762188262696458 0.0083956109952123374
leaf_weight=641 1450 2365 1708 123 231 246
leaf_count=641 1450 2365 1708 123 231 246
internal_value=4.02516e-05 -0.00112852 0.000219657 0.0067606 0.00502214 0.00249314
internal_weight=6764 5769 4319 995 872 1954
internal_count=6764 5769 4319 995 872 1954
is_linear=0
shrinkage=0.01


Tree=208
num_leaves=7
num_cat=0
split_feature=16 0 4 9 15 13
split_gain=523.985 351.699 187.546 166.12 144.465 134.257
threshold=3.9907509541349477 1.0208554634574545 0.090909090909090912 1462.0000000000002 0.82820595342721626 0.97093427165592117
decision_type=2 2 2 2 2 2
left_child=1 2 5 -3 -5 -1
right_child=-2 3 -4 4 -6 -7
leaf_value=0.00076154938554919753 -0.0042337384973258835 0.013818130529796085 0.0065309488842670753 0.0072556320123185157 -0.0023821186773453702 -0.0038931875567649013
leaf_weight=2499 2006 260 434 541 211 813
leaf_count=2499 2006 260 434 541 211 813
internal_value=4.03689e-05 0.00184746 0.000427682 0.00704726 0.00455565 -0.000389334
internal_weight=6764 4758 3746 1012 752 3312
internal_count=6764 4758 3746 1012 752 3312
is_linear=0
shrinkage=0.01


Tree=209
num_leaves=7
num_cat=0
split_feature=10 8 16 16 9 9
split_gain=514.971 262.875 202.211 143.027 158.092 283.046
threshold=-0.0034481294995053684 43.570350000000005 4.232934429323862 0.95731794723447783 1422.5000000000002 1181.5000000000002
decision_type=2 2 2 2 2 2
left_child=-1 3 -3 4 5 -2
right_child=1 2 -4 -5 -6 -7
leaf_value=-0.0033431407669133055 -0.0018157260751594667 0.0062671490108154749 -0.0041584525445799731 -0.0026457444763551634 0.0011606320047607523 0.028873078281343997
leaf_weight=2695 59 1622 203 1069 1067 49
leaf_count=2695 59 1622 203 1069 1067 49
internal_value=4.02288e-05 0.00228382 0.00509114 -1.17707e-05 0.00238669 0.0133748
internal_weight=6764 4069 1825 2244 1175 108
internal_count=6764 4069 1825 2244 1175 108
is_linear=0
shrinkage=0.01


Tree=210
num_leaves=7
num_cat=0
split_feature=11 1 15 1 8 8
split_gain=509.977 299.015 210.832 178.129 144.513 115.459
threshold=0.022009118257899463 1.0219806763285026 0.60749575603287143 2.3032165564439397 216.20430000000002 27.014850000000006
decision_type=2 2 2 2 2 2
left_child=3 -2 5 4 -1 -3
right_child=1 2 -4 -5 -6 -7
leaf_value=0.0023791909997942307 -0.0050156069002496974 -0.00025923461306556517 -0.0016571939864670796 0.01746809280554491 0.011517782076778803 0.0048721273292595393
leaf_weight=641 1450 732 2507 123 231 1080
leaf_count=641 1450 732 2507 123 231 1080
internal_value=4.01858e-05 -0.00110325 0.000218782 0.00661482 0.00490322 0.00280915
internal_weight=6764 5769 4319 995 872 1812
internal_count=6764 5769 4319 995 872 1812
is_linear=0
shrinkage=0.01


Tree=211
num_leaves=7
num_cat=0
split_feature=11 1 15 1 5 9
split_gain=500.241 293.111 206.666 174.912 141.952 122.6
threshold=0.022009118257899463 1.0219806763285026 0.60749575603287143 2.3032165564439397 0.10412369638442989 1459.0000000000002
decision_type=2 2 2 2 2 2
left_child=3 -2 -3 5 -4 -1
right_child=1 2 4 -5 -6 -7
leaf_value=0.011696013866744825 -0.0049657943680856938 0.0027813092314571235 0.0057573308731760763 0.017306545757954674 -0.0023956095595376262 0.0027699439048353806
leaf_weight=193 1450 1812 226 123 2281 679
leaf_count=193 1450 1812 226 123 2281 679
internal_value=4.02166e-05 -0.00109225 0.000216663 0.00655179 -0.00164069 0.00485576
internal_weight=6764 5769 4319 995 2507 872
internal_count=6764 5769 4319 995 2507 872
is_linear=0
shrinkage=0.01


Tree=212
num_leaves=7
num_cat=0
split_feature=1 2 0 8 5 17
split_gain=493.249 263.852 183.475 172.053 141.098 136.39
threshold=1.4389845166479056 0.4201585937454716 1.2645464727271944 683.67465000000004 0.19986451451035189 334.9500000000001
decision_type=2 2 2 2 2 10
left_child=1 3 4 -1 5 -2
right_child=2 -3 -4 -5 -6 -7
leaf_value=0.0013761144684333007 0.0090556516811899166 -0.0030957508021448566 0.012702613308959242 0.01745001845599585 0.0013676491806801456 -0.010147790887526103
leaf_weight=1120 456 3544 214 61 1337 32
leaf_count=1120 456 3544 214 61 1337 32
internal_value=4.03008e-05 -0.00173355 0.00413926 0.00234589 0.00307136 0.00761792
internal_weight=6764 4725 2039 1181 1825 488
internal_count=6764 4725 2039 1181 1825 488
is_linear=0
shrinkage=0.01


Tree=213
num_leaves=7
num_cat=0
split_feature=10 0 8 13 15 15
split_gain=486.141 230.291 141.851 216.291 139.402 122.637
threshold=-0.0015058857272089927 1.0939888283275137 24.678000000000004 2.9727379293480429 0.90610971025791764 0.093065218676334313
decision_type=2 2 2 2 2 2
left_child=5 2 -2 -4 -3 -1
right_child=1 4 3 -5 -6 -7
leaf_value=0.0033845939684164017 -0.0010958421770163745 0.011112016755971652 0.005481346626481841 -0.0029313085759489761 -0.0023699247827659352 -0.0031774323983748999
leaf_weight=305 1140 432 1264 395 89 3139
leaf_count=305 1140 432 1264 395 89 3139
internal_value=4.03216e-05 0.00276658 0.00161475 0.00347277 0.0088077 -0.00258818
internal_weight=6764 3320 2799 1659 521 3444
internal_count=6764 3320 2799 1659 521 3444
is_linear=0
shrinkage=0.01


Tree=214
num_leaves=7
num_cat=0
split_feature=16 11 15 1 8 0
split_gain=481.876 321.007 167.957 159.354 160.51 149.924
threshold=3.9907509541349477 0.022009118257899463 0.78292190679549989 0.93618628435435258 390.01365000000004 1.1744403621968325
decision_type=2 2 2 2 2 2
left_child=1 2 5 -3 -5 -1
right_child=-2 3 -4 4 -6 -7
leaf_value=0.0082969328919949726 -0.0040587014569598342 -0.0056554408987657366 0.0022162066848437872 0.00027087568416463419 0.0064347520484078994 0.023926206068559126
leaf_weight=452 2006 372 424 2960 483 67
leaf_count=452 2006 372 424 2960 483 67
internal_value=4.0072e-05 0.00177303 0.00696467 0.00047489 0.0011517 0.0107287
internal_weight=6764 4758 943 3815 3443 519
internal_count=6764 4758 943 3815 3443 519
is_linear=0
shrinkage=0.01


Tree=215
num_leaves=7
num_cat=0
split_feature=1 0 4 2 8 2
split_gain=473.476 244.933 197.865 165.371 112.223 108.966
threshold=1.1998836746149026 1.2645464727271944 -0.023043198905839696 0.35717819749183677 216.20430000000002 0.51996618461803723
decision_type=2 2 2 2 2 2
left_child=3 2 -2 -1 -4 -6
right_child=1 -3 4 -5 5 -7
leaf_value=0.0020793281739934105 -0.00031569074773852445 0.012453270341116169 0.0029892020304493139 -0.0040920675360156238 0.014703999496644011 0.002814264445148997
leaf_weight=523 2069 216 1237 2402 175 142
leaf_count=523 2069 216 1237 2402 175 142
internal_value=4.01352e-05 0.00234702 0.00171187 -0.00298528 0.00439613 0.00962694
internal_weight=6764 3839 3623 2925 1554 317
internal_count=6764 3839 3623 2925 1554 317
is_linear=0
shrinkage=0.01


Tree=216
num_leaves=7
num_cat=0
split_feature=16 0 8 13 4 9
split_gain=467.002 310.182 212.571 203.32 154.687 139.177
threshold=3.9907509541349477 1.0939888283275137 27.014850000000006 2.7234356899393952 0.030426165201665922 1466.5000000000002
decision_type=2 2 2 2 2 2
left_child=1 2 -1 4 -4 -3
right_child=-2 5 3 -5 -6 -7
leaf_value=-0.0016614418104683578 -0.0039948348047370913 0.016521315930670574 0.0024219081207753489 -0.0031799781628485237 0.0088841619432732909 0.0054243955142109805
leaf_weight=1934 2006 148 1249 438 524 465
leaf_count=1934 2006 148 1249 438 524 465
internal_value=4.01861e-05 0.00174618 0.00075544 0.00286749 0.00437091 0.00832577
internal_weight=6764 4758 4145 2211 1773 613
internal_count=6764 4758 4145 2211 1773 613
is_linear=0
shrinkage=0.01


Tree=217
num_leaves=7
num_cat=0
split_feature=11 1 15 1 9 9
split_gain=459.269 272.65 191.62 166.804 118.138 97.2575
threshold=0.022009118257899463 0.99868864065214058 0.60749575603287143 2.3032165564439397 1459.0000000000002 1127.0000000000002
decision_type=2 2 2 2 2 2
left_child=3 -2 -3 4 5 -1
right_child=1 2 -4 -5 -6 -7
leaf_value=0.0061583773555854964 -0.005094823576155115 0.0025559734775777794 -0.0016251188675636516 0.016778440275754695 0.0025801377105732761 0.021869113601389385
leaf_weight=140 1281 1871 2617 123 679 53
leaf_count=140 1281 1871 2617 123 679 53
internal_value=4.01446e-05 -0.00104496 0.000119742 0.00627936 0.00462497 0.0113375
internal_weight=6764 5769 4488 995 872 193
internal_count=6764 5769 4488 995 872 193
is_linear=0
shrinkage=0.01


Tree=218
num_leaves=7
num_cat=0
split_feature=16 11 15 1 8 0
split_gain=452.42 301.899 164.985 151.494 151.546 145.464
threshold=3.9907509541349477 0.022009118257899463 0.78292190679549989 0.93618628435435258 390.01365000000004 1.1744403621968325
decision_type=2 2 2 2 2 2
left_child=1 2 5 -3 -5 -1
right_child=-2 3 -4 4 -6 -7
leaf_value=0.0080916131451808856 -0.0039311467984629823 -0.0055165971789499302 0.0020522978817233985 0.00026465941350185861 0.0062539511810209879 0.023478128086630398
leaf_weight=452 2006 372 424 2960 483 67
leaf_count=452 2006 372 424 2960 483 67
internal_value=4.03813e-05 0.00171953 0.00675429 0.000460626 0.00112054 0.0104842
internal_weight=6764 4758 943 3815 3443 519
internal_count=6764 4758 943 3815 3443 519
is_linear=0
shrinkage=0.01


Tree=219
num_leaves=7
num_cat=0
split_feature=10 1 8 15 18 1
split_gain=445.565 210.148 183.435 114.977 123.488 90.9313
threshold=-0.0015058857272089927 1.4445118306166871 683.67465000000004 0.093065218676334313 220.74166666666656 1.0001537726444767
decision_type=2 2 2 2 10 2
left_child=3 2 5 4 -1 -2
right_child=1 -3 -4 -5 -6 -7
leaf_value=0.011514453319110106 -0.0053673435689160854 0.0056038069767297546 0.017723501061399777 -0.0030465906469439958 -0.0014069002521398108 0.00085938330806703978
leaf_weight=106 264 1388 50 3139 199 1618
leaf_count=106 264 1388 50 3139 199 1618
internal_value=4.04306e-05 0.00265044 0.000510728 -0.00247599 0.00330678 -3.78309e-05
internal_weight=6764 3320 1932 3444 305 1882
internal_count=6764 3320 1932 3444 305 1882
is_linear=0
shrinkage=0.01


Tree=220
num_leaves=7
num_cat=0
split_feature=1 15 11 16 2 5
split_gain=439.181 229.196 239.964 179.944 157.956 146.87
threshold=1.1998836746149026 0.60044948179098456 0.018953767980624581 0.67530357215401604 0.35717819749183677 0.1764705882352941
decision_type=2 2 2 2 2 2
left_child=4 2 -2 5 -1 -3
right_child=1 3 -4 -5 -6 -7
leaf_value=0.0020758346616907312 0.013551595043024261 0.013135027053455513 0.0033099274260352334 -0.0016613336078978814 -0.0039551357422453089 0.0015426996281508961
leaf_weight=523 263 149 1494 1573 2402 360
leaf_count=523 263 149 1494 1573 2402 360
internal_value=4.04083e-05 0.00226217 0.00491099 1.40426e-05 -0.00287338 0.00512383
internal_weight=6764 3839 1757 2082 2925 509
internal_count=6764 3839 1757 2082 2925 509
is_linear=0
shrinkage=0.01


Tree=221
num_leaves=7
num_cat=0
split_feature=16 8 13 10 15 21
split_gain=432.571 291.001 273.379 148.277 125.849 183.042
threshold=3.9907509541349477 27.014850000000006 2.7234356899393952 -0.0033106379765075362 0.16777160958734708 31.400000000000038
decision_type=2 2 2 2 2 10
left_child=1 -1 3 -3 5 -5
right_child=-2 2 -4 4 -6 -7
leaf_value=-0.0011816678785789741 -0.0038430102650451616 2.3107221186683888e-05 -0.0033313092522172334 0.016463278391378674 0.0052693199727097875 -0.0029232402936117175
leaf_weight=2030 2006 446 442 225 1557 58
leaf_count=2030 2006 446 442 225 1557 58
internal_value=4.04175e-05 0.00168232 0.00381004 0.00519933 0.00644709 0.0125259
internal_weight=6764 4758 2728 2286 1840 283
internal_count=6764 4758 2728 2286 1840 283
is_linear=0
shrinkage=0.01


Tree=222
num_leaves=7
num_cat=0
split_feature=1 15 11 16 5 13
split_gain=424.878 220.849 232.987 174.237 143.918 123.226
threshold=1.1998836746149026 0.60044948179098456 0.018953767980624581 0.67530357215401604 0.1764705882352941 0.026432586740454702
decision_type=2 2 2 2 2 2
left_child=5 2 -2 4 -3 -1
right_child=1 3 -4 -5 -6 -7
leaf_value=-0.00043315255430573588 0.013339496078413157 0.012976758924295317 0.0032480889776946996 -0.0016300026752364741 0.0015025303637879472 -0.004583372802209355
leaf_weight=1244 263 149 1494 1573 360 1681
leaf_count=1244 263 149 1494 1573 360 1681
internal_value=4.0168e-05 0.00222545 0.00482558 1.8617e-05 0.00504671 -0.00282578
internal_weight=6764 3839 1757 2082 509 2925
internal_count=6764 3839 1757 2082 509 2925
is_linear=0
shrinkage=0.01


Tree=223
num_leaves=7
num_cat=0
split_feature=10 0 15 8 13 16
split_gain=418.557 199.741 131.67 129.885 189.727 114.929
threshold=-0.0015058857272089927 1.0939888283275137 0.90610971025791764 24.678000000000004 2.9727379293480429 10.696579570763875
decision_type=2 2 2 2 2 2
left_child=-1 3 -3 -2 5 -5
right_child=1 2 -4 4 -6 -7
leaf_value=-0.0023988401448984372 -0.0010963232864585259 0.01043697526444032 -0.0026374461309927881 0.0059906934363371349 -0.0027231895259271065 -0.0053528379577428408
leaf_weight=3444 1140 432 89 1175 395 89
leaf_count=3444 1140 432 89 1175 395 89
internal_value=4.01268e-05 0.00256979 0.00819592 0.00149711 0.0032751 0.00515623
internal_weight=6764 3320 521 2799 1659 1264
internal_count=6764 3320 521 2799 1659 1264
is_linear=0
shrinkage=0.01


Tree=224
num_leaves=7
num_cat=0
split_feature=11 15 1 1 2 15
split_gain=412.7 253.363 188.524 159.04 142.854 83.8292
threshold=0.022009118257899463 2.6415040341048548 0.93024048616602728 2.3032165564439397 0.31978810645175348 2.5069154200685726
decision_type=2 2 2 2 2 2
left_child=3 2 -2 5 -4 -1
right_child=1 -3 4 -5 -6 -7
leaf_value=0.0057804334863506513 -0.0053759817141881628 -0.0055197087764561883 0.0054173893311692933 0.016201046098065667 -7.5317219843219847e-06 -0.0021651874247291488
leaf_weight=715 568 1007 550 123 3644 157
leaf_count=715 568 1007 550 123 3644 157
internal_value=3.97583e-05 -0.000988864 -2.11862e-05 0.0059542 0.000715085 0.00434153
internal_weight=6764 5769 4762 995 4194 872
internal_count=6764 5769 4762 995 4194 872
is_linear=0
shrinkage=0.01


Tree=225
num_leaves=7
num_cat=0
split_feature=16 11 9 1 1 9
split_gain=406.479 272.278 152.911 139.707 139.664 126.853
threshold=3.9907509541349477 0.022009118257899463 1470.5000000000002 0.93618628435435258 2.3032165564439397 944.00000000000011
decision_type=2 2 2 2 2 2
left_child=1 2 5 -3 -4 -1
right_child=-2 3 4 -5 -6 -7
leaf_value=0.007491259137664498 -0.0037249148743221812 -0.0053043098663481522 0.0023895860064420665 0.0010693749734829983 0.016318564498115605 0.023568667453455636
leaf_weight=159 2006 372 639 3443 72 73
leaf_count=159 2006 372 639 3443 72 73
internal_value=3.95723e-05 0.00163119 0.00641258 0.000435635 0.00400688 0.013315
internal_weight=6764 4758 943 3815 711 232
internal_count=6764 4758 943 3815 711 232
is_linear=0
shrinkage=0.01


Tree=226
num_leaves=7
num_cat=0
split_feature=1 2 0 8 5 17
split_gain=401.101 227.115 162.815 160.437 123.979 127.721
threshold=1.4389845166479056 0.4201585937454716 1.2645464727271944 683.67465000000004 0.19986451451035189 334.9500000000001
decision_type=2 2 2 2 2 10
left_child=1 3 4 -1 5 -2
right_child=2 -3 -4 -5 -6 -7
leaf_value=0.0012886879965845178 0.0083881728668035657 -0.0028236848962966145 0.011800670943734335 0.016809674159846674 0.0011355729570097473 -0.010157638766935893
leaf_weight=1120 456 3544 214 61 1337 32
leaf_count=1120 456 3544 214 61 1337 32
internal_value=3.97938e-05 -0.0015598 0.00373608 0.00222477 0.00273127 0.00699251
internal_weight=6764 4725 2039 1181 1825 488
internal_count=6764 4725 2039 1181 1825 488
is_linear=0
shrinkage=0.01


Tree=227
num_leaves=7
num_cat=0
split_feature=13 0 6 16 16 6
split_gain=396.073 277.304 161.153 108.892 95.2102 81.9479
threshold=1.2406205431207613 1.0939888283275137 0.99991965424749385 0.14042109396182462 3.9907509541349477 1.7014905950449248
decision_type=2 2 2 2 2 2
left_child=1 2 -1 -3 5 -4
right_child=-2 3 4 -5 -6 -7
leaf_value=-0.00063819397181465762 -0.0036269717269681147 0.02368019990977787 0.0037236601426257118 0.0065679994503260791 -0.0052060047362362397 0.014459462794833457
leaf_weight=2843 2044 32 1087 587 103 68
leaf_count=2843 2044 32 1087 587 103 68
internal_value=3.97862e-05 0.00163199 0.000681987 0.00781505 0.00364701 0.00447441
internal_weight=6764 4720 4101 619 1258 1155
internal_count=6764 4720 4101 619 1258 1155
is_linear=0
shrinkage=0.01


Tree=228
num_leaves=7
num_cat=0
split_feature=1 15 11 2 9 1
split_gain=391.497 205.673 218.847 144.322 139.526 85.5172
threshold=1.1998836746149026 0.60044948179098456 0.018953767980624581 0.35717819749183677 994.50000000000011 2.3032165564439397
decision_type=2 2 2 2 2 2
left_child=3 2 5 -1 -3 -2
right_child=1 4 -4 -5 -6 -7
leaf_value=0.002019254573545284 0.0088449417664042615 0.0063844477850470253 0.0031182334945178613 -0.0037451643051864686 -0.0010329871092831244 0.022418807113418975
leaf_weight=523 198 285 1494 2402 1797 65
leaf_count=523 198 285 1494 2402 1797 65
internal_value=3.99634e-05 0.00213764 0.00464685 -0.0027111 8.03269e-06 0.012898
internal_weight=6764 3839 1757 2925 2082 263
internal_count=6764 3839 1757 2925 2082 263
is_linear=0
shrinkage=0.01


Tree=229
num_leaves=7
num_cat=0
split_feature=15 11 1 0 2 0
split_gain=386.67 343.663 177.648 140.953 136.041 82.3182
threshold=2.6415040341048548 0.022009118257899463 0.93024048616602728 1.2645464727271944 0.31978810645175348 1.1440308566569499
decision_type=2 2 2 2 2 2
left_child=1 3 -3 -1 -4 -6
right_child=-2 2 4 -5 5 -7
leaf_value=0.0054022293976937153 -0.0054375114224465013 -0.0052076797134317067 0.0052938732422356093 0.019994071343964019 -0.00038350637997654961 0.0058598541333443593
leaf_weight=865 1073 568 550 64 3429 215
leaf_count=865 1073 568 550 64 3429 215
internal_value=4.01249e-05 0.00108062 -9.61465e-06 0.0066097 0.00070508 -1.12551e-07
internal_weight=6764 5691 4762 929 4194 3644
internal_count=6764 5691 4762 929 4194 3644
is_linear=0
shrinkage=0.01


Tree=230
num_leaves=7
num_cat=0
split_feature=15 0 1 14 14 17
split_gain=379.098 300.295 145.323 120.479 144.62 138.99
threshold=2.6415040341048548 0.98646333083565463 0.93024048616602728 16.265073570448624 46.682969850675825 334.05000000000007
decision_type=2 2 2 2 2 8
left_child=1 2 -1 -3 5 -5
right_child=-2 3 -4 4 -6 -7
leaf_value=-0.0048664424090832789 -0.0053836384273627785 0.001455453495583639 0.00049575898819038695 0.011189808986935482 0.00060848843546128576 -0.0085319126215649809
leaf_weight=574 1073 547 3747 569 223 31
leaf_count=574 1073 547 3747 569 223 31
internal_value=4.01004e-05 0.00107036 -0.000226145 0.00513156 0.00752805 0.0100477
internal_weight=6764 5691 4321 1370 823 600
internal_count=6764 5691 4321 1370 823 600
is_linear=0
shrinkage=0.01


Tree=231
num_leaves=7
num_cat=0
split_feature=13 8 16 6 18 15
split_gain=372.405 282.711 237.988 142.555 118.047 105.732
threshold=1.2406205431207613 24.678000000000004 4.232934429323862 0.86553245185785066 215.7433333333336 0.16777160958734708
decision_type=2 2 2 2 8 2
left_child=1 -1 3 4 -3 -5
right_child=-2 2 -4 5 -6 -7
leaf_value=-0.0012416017843421378 -0.0035158907495303139 0.0076648716964545427 -0.0034098042636235928 0.013938885784397524 -0.00033970175400702623 0.005774251276129877
leaf_weight=2021 2044 243 395 182 675 1204
leaf_count=2021 2044 243 395 182 675 1204
internal_value=3.96251e-05 0.00158352 0.00369574 0.00492339 0.00183892 0.00693854
internal_weight=6764 4720 2699 2304 918 1386
internal_count=6764 4720 2699 2304 918 1386
is_linear=0
shrinkage=0.01


Tree=232
num_leaves=7
num_cat=0
split_feature=1 0 2 8 2 14
split_gain=367.566 209.526 152.443 139.129 136.631 109.058
threshold=1.1998836746149026 1.2645464727271944 0.4571334197557555 77.666400000000024 0.35717819749183677 16.265073570448624
decision_type=2 2 2 2 2 2
left_child=4 2 3 -2 -1 -4
right_child=1 -3 5 -5 -6 -7
leaf_value=0.0019762990468681404 0.0024054253237271572 0.011418662267547531 -0.0014282256573455172 0.010870093786955944 -0.0036323020547760843 0.0026374112196123753
leaf_weight=523 661 216 1568 270 2402 1124
leaf_count=523 661 216 1568 270 2402 1124
internal_value=3.95074e-05 0.00207206 0.00148493 0.0049497 -0.00262615 0.000272792
internal_weight=6764 3839 3623 931 2925 2692
internal_count=6764 3839 3623 931 2925 2692
is_linear=0
shrinkage=0.01


Tree=233
num_leaves=7
num_cat=0
split_feature=15 11 1 0 2 0
split_gain=364.202 324.628 167.713 136.671 130.826 77.076
threshold=2.6415040341048548 0.022009118257899463 0.93024048616602728 1.2645464727271944 0.31978810645175348 1.2645464727271944
decision_type=2 2 2 2 2 2
left_child=1 3 -3 -1 -4 -6
right_child=-2 2 4 -5 5 -7
leaf_value=0.0052354066928130176 -0.0052766421684025278 -0.0050609460432456234 0.0051840761408467571 0.019598296083308556 -0.00031223474419742124 0.0068935254413274027
leaf_weight=865 1073 568 550 64 3499 145
leaf_count=865 1073 568 550 64 3499 145
internal_value=3.94703e-05 0.00104929 -1.03268e-05 0.00642306 0.000684098 -7.42618e-06
internal_weight=6764 5691 4762 929 4194 3644
internal_count=6764 5691 4762 929 4194 3644
is_linear=0
shrinkage=0.01


Tree=234
num_leaves=7
num_cat=0
split_feature=15 11 0 4 0 9
split_gain=357.073 318.418 134.45 130.612 70.7963 138.739
threshold=2.6415040341048548 0.022009118257899463 1.2645464727271944 -0.067980097112450261 0.94866083129487733 1421.0000000000002
decision_type=2 2 2 2 2 2
left_child=1 2 -1 -3 -5 -6
right_child=-2 3 -4 4 5 -7
leaf_value=0.0051836509866768033 -0.0052243629548507755 -0.001460702411218135 0.019428797365052979 0.00052850179826812252 0.013282247101756888 0.0021908984273284185
leaf_weight=865 1073 2691 64 1362 132 577
leaf_count=865 1073 2691 64 1362 132 577
internal_value=3.94633e-05 0.00103935 0.00636148 -1.0083e-05 0.00187277 0.00441187
internal_weight=6764 5691 929 4762 2071 709
internal_count=6764 5691 929 4762 2071 709
is_linear=0
shrinkage=0.01


Tree=235
num_leaves=7
num_cat=0
split_feature=13 8 16 6 18 15
split_gain=350.476 269.626 227.728 134.268 114.778 102.957
threshold=1.2406205431207613 24.678000000000004 4.232934429323862 0.86553245185785066 215.7433333333336 0.16777160958734708
decision_type=2 2 2 2 8 2
left_child=1 -1 3 4 -3 -5
right_child=-2 2 -4 5 -6 -7
leaf_value=-0.0012216192846069127 -0.003409673025636157 0.0075519144026334343 -0.0033503774942105842 0.013661337202599195 -0.00034095858524886579 0.0056091182279443489
leaf_weight=2021 2044 243 395 182 675 1204
leaf_count=2021 2044 243 395 182 675 1204
internal_value=3.95695e-05 0.00153732 0.00360008 0.004801 0.0018072 0.00675677
internal_weight=6764 4720 2699 2304 918 1386
internal_count=6764 4720 2699 2304 918 1386
is_linear=0
shrinkage=0.01


Tree=236
num_leaves=7
num_cat=0
split_feature=15 11 1 1 5 8
split_gain=346.26 307.998 162.676 120.558 117.62 89.7685
threshold=2.6415040341048548 0.022009118257899463 0.93024048616602728 2.3032165564439397 0.10205164552485298 216.20430000000002
decision_type=2 2 2 2 2 2
left_child=1 3 -3 5 -4 -1
right_child=-2 2 4 -5 -6 -7
leaf_value=0.0025314441349309608 -0.0051440727681947912 -0.0049822394150086909 0.0051280032892189829 0.015161684714397765 4.7316372767713607e-05 0.0098723297638826351
leaf_weight=575 1073 568 510 123 3684 231
leaf_count=575 1073 568 510 123 3684 231
internal_value=3.94469e-05 0.00102407 -8.044e-06 0.00625839 0.000675868 0.00473055
internal_weight=6764 5691 4762 929 4194 806
internal_count=6764 5691 4762 929 4194 806
is_linear=0
shrinkage=0.01


Tree=237
num_leaves=7
num_cat=0
split_feature=1 0 4 2 11 9
split_gain=340.908 197.665 150.368 127.384 88.2196 87.3586
threshold=1.1998836746149026 1.2645464727271944 -0.023043198905839696 0.35717819749183677 0.023116111152882968 1421.0000000000002
decision_type=2 2 2 2 2 2
left_child=3 2 -2 -1 -3 -4
right_child=1 4 5 -5 -6 -7
leaf_value=0.0019160917572551329 -0.00034061585565645493 0.019608767209459602 0.0079377467315205185 -0.0034993107002022177 0.0059008226864370374 0.0023983613576801749
leaf_weight=523 2069 71 372 2402 145 1182
leaf_count=523 2069 71 372 2402 145 1182
internal_value=3.93863e-05 0.00199685 0.00142662 -0.00252779 0.0110749 0.00376667
internal_weight=6764 3839 3623 2925 216 1554
internal_count=6764 3839 3623 2925 216 1554
is_linear=0
shrinkage=0.01


Tree=238
num_leaves=7
num_cat=0
split_feature=13 0 4 9 3 1
split_gain=335.393 238.075 137.158 111.107 98.6025 58.79
threshold=1.2406205431207613 1.0939888283275137 -1.0000000180025095e-35 1466.5000000000002 0.12960897350001002 0.93024048616602728
decision_type=2 2 2 2 2 2
left_child=1 2 5 -3 -5 -1
right_child=-2 3 -4 4 -6 -7
leaf_value=-0.0045357343897747694 -0.0033347169655048043 0.014349984620330911 0.0033598350863117865 -0.010097190240441367 0.0059329413370886085 -7.0500371455636208e-05
leaf_weight=324 2044 155 1258 33 431 2519
leaf_count=324 2044 155 1258 33 431 2519
internal_value=3.94932e-05 0.00150466 0.000624432 0.0072337 0.0046039 -0.000593491
internal_weight=6764 4720 4101 619 464 2843
internal_count=6764 4720 4101 619 464 2843
is_linear=0
shrinkage=0.01


Tree=239
num_leaves=7
num_cat=0
split_feature=15 0 6 16 13 18
split_gain=333.262 258.182 127.016 113.158 97.3342 101.077
threshold=2.6415040341048548 0.98646333083565463 1.087652066995098 6.0834735916213711 1.0000000180025095e-35 208.04333333333338
decision_type=2 2 2 2 2 8
left_child=1 2 4 -3 5 -1
right_child=-2 3 -4 -5 -6 -7
leaf_value=0.0065444560390611993 -0.0050461155625055043 0.0052931304715891758 0.0036236055443705666 -0.010180980026721955 -0.0027626875895173397 -0.00031447198718453624
leaf_weight=235 1073 1330 715 40 1631 1740
leaf_count=235 1073 1330 715 40 1631 1740
internal_value=3.9181e-05 0.00100515 -0.000197042 0.00477083 -0.000962529 0.000530512
internal_weight=6764 5691 4321 1370 3606 1975
internal_count=6764 5691 4321 1370 3606 1975
is_linear=0
shrinkage=0.01


Tree=240
num_leaves=7
num_cat=0
split_feature=15 0 4 8 16 13
split_gain=326.685 253.445 155.773 113.483 109.821 94.2813
threshold=2.6415040341048548 1.0939888283275137 -1.0000000180025095e-35 15.556050000000001 0.14042109396182462 0.026432586740454702
decision_type=2 2 2 2 2 2
left_child=1 2 5 -4 -3 -1
right_child=-2 4 3 -5 -6 -7
leaf_value=0.000547638586992155 -0.0049961203320140219 0.022826833352446556 -0.0009056102131555022 0.0049190851708525562 0.0057401777451857932 -0.0027146043412305072
leaf_weight=2022 1073 32 500 984 590 1563
leaf_count=2022 1073 32 500 984 590 1563
internal_value=3.87472e-05 0.000995136 0.000250136 0.00296366 0.00696651 -0.00087824
internal_weight=6764 5691 5069 1484 622 3585
internal_count=6764 5691 5069 1484 622 3585
is_linear=0
shrinkage=0.01


Tree=241
num_leaves=7
num_cat=0
split_feature=1 15 22 4 2 14
split_gain=320.461 180.553 141.578 134.365 121.213 88.1682
threshold=1.1998836746149026 0.60044948179098456 16.345833333333371 0.19498990000876606 0.35717819749183677 17.44479566502007
decision_type=2 2 10 2 2 2
left_child=4 2 3 -2 -1 -3
right_child=1 5 -4 -5 -6 -7
leaf_value=0.0018844553621164049 0.0051793790283761951 -0.0016025710486024601 0.00038754200019938163 0.01696414619887417 -0.0033979829439061658 0.0026577588665230218
leaf_weight=523 1046 1330 611 100 2402 752
leaf_count=523 1046 1330 611 100 2402 752
internal_value=3.8735e-05 0.00193658 0.00428757 0.00634557 -0.00245026 -5.84288e-05
internal_weight=6764 3839 1757 1146 2925 2082
internal_count=6764 3839 1757 1146 2925 2082
is_linear=0
shrinkage=0.01


Tree=242
num_leaves=7
num_cat=0
split_feature=1 2 0 2 16 20
split_gain=315.051 185.072 137.59 113.901 108.941 102.152
threshold=1.4389845166479056 0.4201585937454716 1.2645464727271944 0.49983460331210644 0.73194214223846588 291.29489520160541
decision_type=2 2 2 2 2 10
left_child=1 -1 3 5 -4 -2
right_child=2 -3 4 -5 -6 -7
leaf_value=0.0020372327125847685 0.010345864046321367 -0.0025199503154543263 0.024941401764750484 0.00087046037872442626 0.0067745323299440163 0.0010785866378106967
leaf_weight=1181 278 3544 35 1340 179 207
leaf_count=1181 278 3544 35 1340 179 207
internal_value=3.86735e-05 -0.001379 0.00331456 0.00239171 0.0107266 0.00649225
internal_weight=6764 4725 2039 1825 214 485
internal_count=6764 4725 2039 1825 214 485
is_linear=0
shrinkage=0.01


Tree=243
num_leaves=7
num_cat=0
split_feature=15 0 4 8 16 13
split_gain=314.789 241.782 148.758 111.137 107.947 90.7041
threshold=2.6415040341048548 1.0939888283275137 -1.0000000180025095e-35 15.556050000000001 0.14042109396182462 0.026432586740454702
decision_type=2 2 2 2 2 2
left_child=1 2 5 -4 -3 -1
right_child=-2 4 3 -5 -6 -7
leaf_value=0.0005459144760251956 -0.004903419550628868 0.022526832960900807 -0.00092678113231508456 0.004836953959921543 0.005596438057449026 -0.0026538151926751791
leaf_weight=2022 1073 32 500 984 590 1563
leaf_count=2022 1073 32 500 984 590 1563
internal_value=3.89293e-05 0.000977743 0.000250073 0.00290179 0.00681011 -0.000852616
internal_weight=6764 5691 5069 1484 622 3585
internal_count=6764 5691 5069 1484 622 3585
is_linear=0
shrinkage=0.01


Tree=244
num_leaves=7
num_cat=0
split_feature=15 0 1 16 4 0
split_gain=308.628 237.434 126.364 109.604 96.7809 83.3445
threshold=2.6415040341048548 0.98646333083565463 0.93618628435435258 6.0834735916213711 0.043670562441908721 1.2645464727271944
decision_type=2 2 2 2 2 2
left_child=1 2 -1 5 -4 -3
right_child=-2 3 4 -5 -6 -7
leaf_value=-0.0044360491120568986 -0.0048548381607686078 0.0039313395902271031 -0.0002550520259383878 -0.010127643010765314 0.0039223259324661867 0.010712778983912099
leaf_weight=592 1073 1116 3062 40 667 214
leaf_count=592 1073 1116 3062 40 667 214
internal_value=3.89094e-05 0.00096849 -0.000184393 0.00457969 0.000500641 0.00509429
internal_weight=6764 5691 4321 1370 3729 1330
internal_count=6764 5691 4321 1370 3729 1330
is_linear=0
shrinkage=0.01


Tree=245
num_leaves=7
num_cat=0
split_feature=15 0 4 8 16 13
split_gain=302.541 233.238 143.5 108.821 106.715 88.5326
threshold=2.6415040341048548 1.0939888283275137 -1.0000000180025095e-35 15.556050000000001 0.14042109396182462 0.026432586740454702
decision_type=2 2 2 2 2 2
left_child=1 2 5 -4 -3 -1
right_child=-2 4 3 -5 -6 -7
leaf_value=0.00054282830423348939 -0.0048067380566953356 0.022307485540707907 -0.00093948101129967207 0.0047635448164757722 0.0054823818589221146 -0.0026183570860574064
leaf_weight=2022 1073 32 500 984 590 1563
leaf_count=2022 1073 32 500 984 590 1563
internal_value=3.8504e-05 0.000958871 0.000244178 0.00284861 0.00668725 -0.000838845
internal_weight=6764 5691 5069 1484 622 3585
internal_count=6764 5691 5069 1484 622 3585
is_linear=0
shrinkage=0.01


Tree=246
num_leaves=7
num_cat=0
split_feature=1 0 2 8 2 16
split_gain=297.021 176.238 137.705 127.729 113.458 106.475
threshold=1.1998836746149026 1.2645464727271944 0.4571334197557555 77.666400000000024 0.35717819749183677 0.73194214223846588
decision_type=2 2 2 2 2 2
left_child=4 2 3 -2 -1 -3
right_child=1 5 -4 -5 -6 -7
leaf_value=0.0018358399428114449 0.0021847490635117581 0.024495409637689591 0.00017550766977041991 0.010291676059939034 -0.003274680445489142 0.0065788809488605497
leaf_weight=523 661 35 2692 270 2402 181
leaf_count=523 661 35 2692 270 2402 181
internal_value=3.8484e-05 0.00186561 0.00132724 0.00462023 -0.00235776 0.0104374
internal_weight=6764 3839 3623 931 2925 216
internal_count=6764 3839 3623 931 2925 216
is_linear=0
shrinkage=0.01


Tree=247
num_leaves=7
num_cat=0
split_feature=11 1 1 15 8 5
split_gain=296.577 187.57 132.876 129.495 112.16 106.717
threshold=0.022009118257899463 0.99868864065214058 2.3032165564439397 0.60749575603287143 216.20430000000002 0.10412369638442989
decision_type=2 2 2 2 2 2
left_child=2 -2 4 -3 -1 -5
right_child=1 3 -4 5 -6 -7
leaf_value=0.0013745092583130672 -0.0041923479783697896 0.0021353718575988444 0.014408411348686742 0.0049939128455838986 0.0094051027929804507 -0.0019411635681019813
leaf_weight=641 1281 1871 123 235 231 2382
leaf_count=641 1281 1871 123 235 231 2382
internal_value=3.87234e-05 -0.000833266 0.00505249 0.000132699 0.00358439 -0.00130177
internal_weight=6764 5769 995 4488 872 2617
internal_count=6764 5769 995 4488 872 2617
is_linear=0
shrinkage=0.01


Tree=248
num_leaves=7
num_cat=0
split_feature=11 1 1 15 8 18
split_gain=290.923 183.875 130.468 126.918 110.03 104.946
threshold=0.022009118257899463 0.99868864065214058 2.3032165564439397 0.60749575603287143 216.20430000000002 219.39499999999936
decision_type=2 2 2 2 2 10
left_child=2 -2 4 -3 -1 -6
right_child=1 3 -4 -5 5 -7
leaf_value=0.0013609752828933402 -0.0041507492371480248 0.0021141317002215942 0.014275160832820755 -0.0012886379182593171 0.018948680350604732 0.0044329878596627327
leaf_weight=641 1281 1871 123 2617 68 163
leaf_count=641 1281 1871 123 2617 68 163
internal_value=3.87228e-05 -0.000824916 0.00500447 0.000131487 0.00354977 0.00931495
internal_weight=6764 5769 995 4488 872 231
internal_count=6764 5769 995 4488 872 231
is_linear=0
shrinkage=0.01


Tree=249
num_leaves=7
num_cat=0
split_feature=15 4 8 9 15 1
split_gain=288.004 209.609 119.751 107.745 122.39 104.982
threshold=2.6415040341048548 -1.0000000180025095e-35 15.556050000000001 1459.0000000000002 0.60749575603287143 0.93618628435435258
decision_type=2 2 2 2 2 2
left_child=1 5 -3 -4 -5 -1
right_child=-2 2 3 4 -6 -7
leaf_value=-0.0044277387495818069 -0.0046885408924774623 -0.00012674748156278956 0.010039568422362208 0.0066518255250489497 -0.00077231432774516246 0.00028993262927598008
leaf_weight=539 1073 556 356 516 381 3343
leaf_count=539 1073 556 356 516 381 3343
internal_value=3.88624e-05 0.000936843 0.00373811 0.00544051 0.00352468 -0.00037479
internal_weight=6764 5691 1809 1253 897 3882
internal_count=6764 5691 1809 1253 897 3882
is_linear=0
shrinkage=0.01


Tree=250
num_leaves=7
num_cat=0
split_feature=11 2 0 8 16 8
split_gain=282.744 167.043 125.434 123.728 106.72 97.2695
threshold=0.022009118257899463 0.43213188776476369 1.2645464727271944 683.67465000000004 6.4399256874774879 43.570350000000005
decision_type=2 2 2 2 2 2
left_child=2 3 5 -2 -3 -1
right_child=1 4 -4 -5 -6 -7
leaf_value=-0.00011814709659665824 0.0014852009251564008 -0.00081102424900497423 0.017272367441524789 0.013845977153329331 -0.0043273820401465504 0.0064676361584389899
leaf_weight=370 1237 3292 67 77 1163 558
leaf_count=370 1237 3292 67 77 1163 558
internal_value=3.85766e-05 -0.000812835 0.00493402 0.00230864 -0.00173662 0.00386857
internal_weight=6764 5769 995 1314 4455 928
internal_count=6764 5769 995 1314 4455 928
is_linear=0
shrinkage=0.01


Tree=251
num_leaves=7
num_cat=0
split_feature=11 1 1 2 8 8
split_gain=277.329 175.772 126.262 122.374 105.984 97.9543
threshold=0.022009118257899463 0.99868864065214058 2.3032165564439397 0.4121123793932599 216.20430000000002 683.67465000000004
decision_type=2 2 2 2 2 2
left_child=2 -2 4 5 -1 -3
right_child=1 3 -4 -5 -6 -7
leaf_value=0.0013088299958972393 -0.0040562560696555637 0.0023400804282365634 0.014006196650347316 -0.00075111093962607078 0.009114508139997474 0.014831056079882032
leaf_weight=641 1281 935 123 3495 231 58
leaf_count=641 1281 935 123 3495 231 58
internal_value=3.869e-05 -0.000804531 0.00488703 0.000130557 0.00345651 0.00321026
internal_weight=6764 5769 995 4488 872 993
internal_count=6764 5769 995 4488 872 993
is_linear=0
shrinkage=0.01


Tree=252
num_leaves=7
num_cat=0
split_feature=15 11 1 0 18 15
split_gain=275.951 249.134 135.058 116.126 77.116 71.8345
threshold=2.6415040341048548 0.022009118257899463 0.93024048616602728 1.2645464727271944 175.745 0.60749575603287143
decision_type=2 2 2 2 8 2
left_child=1 3 -3 4 -1 -4
right_child=-2 2 5 -5 -6 -7
leaf_value=0.015475396648598988 -0.0045885874607147943 -0.0045427501985922485 0.0019794812303243845 0.017756030091487275 0.0036703547368473733 -0.00063528382154487818
leaf_weight=51 1073 568 1999 64 814 2195
leaf_count=51 1073 568 1999 64 814 2195
internal_value=3.88463e-05 0.000917836 -1.04218e-05 0.00562547 0.00453528 0.000612744
internal_weight=6764 5691 4762 929 865 4194
internal_count=6764 5691 4762 929 865 4194
is_linear=0
shrinkage=0.01


Tree=253
num_leaves=7
num_cat=0
split_feature=15 11 2 0 0 17
split_gain=270.561 244.526 125.57 114.201 80.4298 61.8646
threshold=2.6415040341048548 0.022009118257899463 0.28397164367645794 1.2645464727271944 1.1243779071366087 334.9500000000001
decision_type=2 2 2 2 2 8
left_child=1 3 -3 5 -4 -1
right_child=-2 2 4 -5 -6 -7
leaf_value=0.0051125107567320215 -0.0045431252627619323 0.0051982926465128166 -0.00085250302206876251 0.01760246458639567 0.0049148257596985387 -0.0063099832051935105
leaf_weight=823 1073 412 4103 64 247 42
leaf_count=823 1073 412 4103 64 247 42
internal_value=3.88876e-05 0.000909249 -1.03846e-05 0.00557315 -0.000514503 0.00449212
internal_weight=6764 5691 4762 929 4350 865
internal_count=6764 5691 4762 929 4350 865
is_linear=0
shrinkage=0.01


Tree=254
num_leaves=7
num_cat=0
split_feature=1 2 8 0 2 20
split_gain=265.53 158.657 147.458 120.792 106.719 97.6808
threshold=1.4389845166479056 0.4201585937454716 683.67465000000004 1.2645464727271944 0.49983460331210644 291.29489520160541
decision_type=2 2 2 2 2 10
left_child=1 2 -1 4 5 -2
right_child=3 -3 -4 -5 -6 -7
leaf_value=0.0010050903899729458 0.009918339472912218 -0.0023191009594287011 0.01588033900399443 0.0099902988564281262 0.00071058825195143948 0.00086695244806187779
leaf_weight=1120 278 3544 61 214 1340 207
leaf_count=1120 278 3544 61 214 1340 207
internal_value=3.88106e-05 -0.00126269 0.0019003 0.00304623 0.00218196 0.00615073
internal_weight=6764 4725 1181 2039 1825 485
internal_count=6764 4725 1181 2039 1825 485
is_linear=0
shrinkage=0.01


Tree=255
num_leaves=7
num_cat=0
split_feature=13 8 16 18 6 8
split_gain=262.46 225.639 190.944 116.696 139.412 118.743
threshold=1.2406205431207613 24.678000000000004 4.232934429323862 208.04333333333338 0.9374740918540333 467.50860000000006
decision_type=2 2 2 8 2 2
left_child=1 -1 3 5 -5 -3
right_child=-2 2 -4 4 -6 -7
leaf_value=-0.0011885604808766017 -0.0029459318355453123 0.0044109231379816597 -0.0031411964791944759 0.00059401041600814608 0.0059276403356980801 0.016398824579545005
leaf_weight=2021 2044 206 395 955 1002 141
leaf_count=2021 2044 206 395 955 1002 141
internal_value=3.89547e-05 0.00133506 0.00322214 0.00432194 0.00334112 0.00960499
internal_weight=6764 4720 2699 2304 1957 347
internal_count=6764 4720 2699 2304 1957 347
is_linear=0
shrinkage=0.01


Tree=256
num_leaves=7
num_cat=0
split_feature=1 10 9 9 16 2
split_gain=258.732 137.074 102.141 165.099 108.554 100.415
threshold=1.1998836746149026 -0.0012851536717508447 1421.0000000000002 1181.5000000000002 0.97714678901307661 0.29870016607049782
decision_type=2 2 2 2 2 2
left_child=5 -2 3 -3 -5 -1
right_child=1 2 -4 4 -6 -7
leaf_value=0.0027463671216675783 -0.00064466766032194559 0.0044162048450738624 0.002153667893554808 0.028469981106844816 0.0045853135799584187 -0.0028841659309968358
leaf_weight=353 1476 404 1878 45 36 2572
leaf_count=353 1476 404 1878 45 36 2572
internal_value=3.88612e-05 0.00174415 0.0032327 0.00728299 0.019525 -0.00219761
internal_weight=6764 3839 2363 485 81 2925
internal_count=6764 3839 2363 485 81 2925
is_linear=0
shrinkage=0.01


Tree=257
num_leaves=7
num_cat=0
split_feature=15 11 1 0 2 18
split_gain=257.98 232.124 129.05 111.002 108.266 75.5317
threshold=2.6415040341048548 0.022009118257899463 0.93024048616602728 1.2645464727271944 0.31978810645175348 175.745
decision_type=2 2 2 2 2 8
left_child=1 3 -3 5 -4 -1
right_child=-2 2 4 -5 -6 -7
leaf_value=0.015189299882832366 -0.0044351679515067764 -0.0044374576252506513 0.0046957003007753106 0.017289845382643713 -2.6973531270893134e-05 0.003514087744301877
leaf_weight=51 1073 568 550 64 3644 814
leaf_count=51 1073 568 550 64 3644 814
internal_value=3.9046e-05 0.000888929 -7.0871e-06 0.00543302 0.000602053 0.00436818
internal_weight=6764 5691 4762 929 4194 865
internal_count=6764 5691 4762 929 4194 865
is_linear=0
shrinkage=0.01


Tree=258
num_leaves=7
num_cat=0
split_feature=15 0 4 8 9 15
split_gain=252.946 196.15 121.018 99.9673 90.008 93.3568
threshold=2.6415040341048548 1.0939888283275137 -1.0000000180025095e-35 15.556050000000001 1459.0000000000002 0.60749575603287143
decision_type=2 2 2 2 2 2
left_child=1 2 -1 -4 -3 -6
right_child=-2 4 3 -5 5 -7
leaf_value=-0.00076931414464038506 -0.0043912257967449707 0.01245583741238252 -0.0010118938055520452 0.0044525666692916315 0.0060289856258511215 -0.004668954723022597
leaf_weight=3585 1073 158 500 984 368 96
leaf_count=3585 1073 158 500 984 368 96
internal_value=3.91248e-05 0.000880675 0.000225261 0.00261699 0.00613391 0.00376381
internal_weight=6764 5691 5069 1484 622 464
internal_count=6764 5691 5069 1484 622 464
is_linear=0
shrinkage=0.01


Tree=259
num_leaves=7
num_cat=0
split_feature=1 0 2 8 16 2
split_gain=247.066 154.935 126.194 116.788 99.8297 96.1057
threshold=1.1998836746149026 1.2645464727271944 0.4571334197557555 77.666400000000024 0.73194214223846588 0.35717819749183677
decision_type=2 2 2 2 2 2
left_child=5 2 3 -2 -3 -1
right_child=1 4 -4 -5 -6 -7
leaf_value=0.001712781184072926 0.0020253788439061455 0.023325338486168121 9.8395829536713133e-05 0.0097754778622516567 0.0060318062818214228 -0.0029904913855031225
leaf_weight=523 661 35 2692 270 181 2402
leaf_count=523 661 35 2692 270 181 2402
internal_value=3.89122e-05 0.00170531 0.00120067 0.00435299 0.0097421 -0.00214656
internal_weight=6764 3839 3623 931 216 2925
internal_count=6764 3839 3623 931 216 2925
is_linear=0
shrinkage=0.01


Tree=260
num_leaves=7
num_cat=0
split_feature=13 8 16 5 11 8
split_gain=245.601 214.163 182.821 111.812 98.0307 95.2862
threshold=1.2406205431207613 24.678000000000004 4.232934429323862 0.19986451451035189 0.018953767980624581 390.01365000000004
decision_type=2 2 2 2 2 2
left_child=1 -1 3 5 -5 -3
right_child=-2 2 -4 4 -6 -7
leaf_value=-0.0011656852688956244 -0.0028483131830008093 0.0052448919419255243 -0.0030948327734238576 0.0080348783627649609 0.0013181668850239527 0.013605607211630526
leaf_weight=2021 2044 655 395 256 1220 173
leaf_count=2021 2044 655 395 256 1220 173
internal_value=3.91132e-05 0.00129289 0.00313138 0.00420756 0.00252936 0.00713327
internal_weight=6764 4720 2699 2304 1476 828
internal_count=6764 4720 2699 2304 1476 828
is_linear=0
shrinkage=0.01


Tree=261
num_leaves=7
num_cat=0
split_feature=15 11 1 2 1 18
split_gain=243.017 220.162 124.074 102.818 98.9923 79.9817
threshold=2.6415040341048548 0.022009118257899463 0.93618628435435258 0.31978810645175348 2.3032165564439397 175.745
decision_type=2 2 2 2 2 8
left_child=1 4 -3 -4 5 -1
right_child=-2 2 3 -5 -6 -7
leaf_value=0.014186686969661553 -0.0043034915691018034 -0.0042775542725524817 0.0046119485223339706 -1.2960101917200116e-05 0.01334464087249025 0.0029084555977830846
leaf_weight=60 1073 586 544 3632 123 746
leaf_count=60 1073 586 544 3632 123 746
internal_value=3.90335e-05 0.0008639 -8.71826e-06 0.000599097 0.00528935 0.00391159
internal_weight=6764 5691 4762 4176 929 806
internal_count=6764 5691 4762 4176 929 806
is_linear=0
shrinkage=0.01


Tree=262
num_leaves=7
num_cat=0
split_feature=15 0 2 18 9 15
split_gain=238.268 185.033 122.654 91.6094 87.1968 91.3093
threshold=2.6415040341048548 1.0939888283275137 0.47559523809523813 178.19666666666589 1459.0000000000002 0.60749575603287143
decision_type=2 2 2 8 2 2
left_child=1 2 3 -1 -3 -6
right_child=-2 4 -4 -5 5 -7
leaf_value=0.014337099707054515 -0.0042608540592487688 0.012178397538899889 -0.0008982980645383154 0.0019219468006017482 0.0058689009893880218 -0.0047071801446694527
leaf_weight=52 1073 158 3343 1674 368 96
leaf_count=52 1073 158 3343 1674 368 96
internal_value=3.90337e-05 0.000855801 0.000219229 0.00237642 0.005958 0.0036276
internal_weight=6764 5691 5069 1726 622 464
internal_count=6764 5691 5069 1726 622 464
is_linear=0
shrinkage=0.01


Tree=263
num_leaves=7
num_cat=0
split_feature=1 15 0 1 5 17
split_gain=234.713 116.211 110.64 94.9484 91.4511 114.676
threshold=1.4389845166479056 3.4120401236268219 1.2645464727271944 0.93024048616602728 0.19986451451035189 334.9500000000001
decision_type=2 2 2 2 2 10
left_child=1 3 4 -1 5 -2
right_child=2 -3 -4 -5 -6 -7
leaf_value=-0.0040340347443356397 0.0070323543871559056 -0.0047538655870563648 0.0095117765439083866 0.00017807558093226348 0.00067188565151165463 -0.010457877768647103
leaf_weight=627 456 755 214 3343 1337 32
leaf_count=627 456 755 214 3343 1337 32
internal_value=3.90042e-05 -0.00118465 0.00286653 -0.000495626 0.00203971 0.00569849
internal_weight=6764 4725 2039 3970 1825 488
internal_count=6764 4725 2039 3970 1825 488
is_linear=0
shrinkage=0.01


Tree=264
num_leaves=7
num_cat=0
split_feature=13 15 0 9 18 6
split_gain=231.505 165.417 161.01 121.522 117.097 106.978
threshold=1.2406205431207613 0.86765766899473573 1.0939888283275137 1471.5000000000002 208.04333333333338 1.6663995794164277
decision_type=2 2 2 2 10 2
left_child=1 2 4 -4 -1 -6
right_child=-2 -3 3 -5 5 -7
leaf_value=0.0073373039463131076 -0.0027647604289628282 -0.0014604997517804654 0.01662748777433851 0.0048741175045663833 0.00041439190064796106 0.012711258245734117
leaf_weight=299 2044 1515 108 409 2326 63
leaf_count=299 2044 1515 108 409 2326 63
internal_value=3.85868e-05 0.00125586 0.00254043 0.00759829 0.00154306 0.000790305
internal_weight=6764 4720 3205 517 2688 2389
internal_count=6764 4720 3205 517 2688 2389
is_linear=0
shrinkage=0.01


Tree=265
num_leaves=7
num_cat=0
split_feature=6 14 9 12 9 8
split_gain=229.002 102.509 94.0151 109.127 133.216 93.064
threshold=0.99991965424749385 0.25968510979177462 1421.0000000000002 0.038425929042774774 1127.0000000000002 43.570350000000005
decision_type=2 2 2 2 2 2
left_child=1 -1 3 4 -2 -4
right_child=2 -3 5 -5 -6 -7
leaf_value=-0.0029807402844760707 0.0050263558464058054 1.5389149420347373e-05 -0.0002771971148109983 -0.0063063032950820596 0.018336184679173698 0.0048364698536886548
leaf_weight=1831 297 3007 911 48 97 573
leaf_count=1831 297 3007 911 48 97 573
internal_value=3.8758e-05 -0.00112234 0.00294611 0.00694535 0.0086759 0.00171644
internal_weight=6764 4838 1926 442 394 1484
internal_count=6764 4838 1926 442 394 1484
is_linear=0
shrinkage=0.01


Tree=266
num_leaves=7
num_cat=0
split_feature=11 2 8 0 8 0
split_gain=225.416 138.341 111.476 109.531 86.0818 83.7991
threshold=0.022009118257899463 0.43213188776476369 683.67465000000004 1.2645464727271944 43.570350000000005 1.2645464727271944
decision_type=2 2 2 2 2 2
left_child=3 2 -2 4 -1 -3
right_child=1 5 -4 -5 -6 -7
leaf_value=-0.00032797130352149622 0.0013380853457465236 -0.0018095711262533162 0.01306928671948644 0.015932063846017367 0.0058619987345825313 0.0059300277973043502
leaf_weight=370 1237 4320 77 67 558 135
leaf_count=370 1237 4320 77 67 558 135
internal_value=3.86458e-05 -0.000721573 0.00211905 0.00440971 0.00341683 -0.00156228
internal_weight=6764 5769 1314 995 928 4455
internal_count=6764 5769 1314 995 928 4455
is_linear=0
shrinkage=0.01


Tree=267
num_leaves=7
num_cat=0
split_feature=1 15 8 23 10 9
split_gain=223.777 170.663 131.119 120.846 110.68 87.5836
threshold=1.1245389206919996 0.60044948179098456 25.292700000000004 20.425000000000029 0.0070405164797308394 994.50000000000011
decision_type=2 2 2 10 2 2
left_child=-1 2 -2 4 -4 -3
right_child=1 5 3 -5 -6 -7
leaf_value=-0.0024854871516708406 -0.0001070269408138623 0.0045921329427679493 0.0057345682891488548 -0.0026105438148036424 0.020291669559093162 -0.0010842498629806466
leaf_weight=2304 655 300 1097 161 47 2200
leaf_count=2304 655 300 1097 161 47 2200
internal_value=3.88497e-05 0.00134554 0.00354681 0.0053676 0.00650329 -0.000387502
internal_weight=6764 4460 1960 1305 1144 2500
internal_count=6764 4460 1960 1305 1144 2500
is_linear=0
shrinkage=0.01


Tree=268
num_leaves=7
num_cat=0
split_feature=15 11 1 0 2 8
split_gain=221.441 202.725 116.184 101.943 98.1402 66.9684
threshold=2.6415040341048548 0.022009118257899463 0.93618628435435258 1.2645464727271944 0.31978810645175348 683.67465000000004
decision_type=2 2 2 2 2 2
left_child=1 3 -3 -1 5 -4
right_child=-2 2 4 -5 -6 -7
leaf_value=0.0040543828982673585 -0.0041064573974971636 -0.0041420075724586209 0.0034006995036436889 0.016429482774960029 -2.0898782229345071e-05 0.016438234714706512
leaf_weight=865 1073 586 510 64 3632 34
leaf_count=865 1073 586 510 64 3632 34
internal_value=3.88204e-05 0.000826217 -1.11282e-05 0.00507281 0.00057705 0.00449756
internal_weight=6764 5691 4762 929 4176 544
internal_count=6764 5691 4762 929 4176 544
is_linear=0
shrinkage=0.01


Tree=269
num_leaves=7
num_cat=0
split_feature=6 0 9 0 9 8
split_gain=217.279 121.436 90.7258 150.449 155.081 88.4264
threshold=0.99991965424749385 1.2249568725583673 1421.0000000000002 0.91009898152226454 1181.5000000000002 43.570350000000005
decision_type=2 2 2 2 2 2
left_child=1 -1 3 -2 -5 -4
right_child=2 -3 5 4 -6 -7
leaf_value=-0.0013663058578069621 -0.00083350683675508289 0.0079606392951164801 -0.0002801259235546183 0.0071725447399258128 0.02633167733571359 0.0047044070730366027
leaf_weight=4704 163 134 911 233 46 573
leaf_count=4704 163 134 911 233 46 573
internal_value=3.89054e-05 -0.00109209 0.00287086 0.00679935 0.0111332 0.0016631
internal_weight=6764 4838 1926 442 279 1484
internal_count=6764 4838 1926 442 279 1484
is_linear=0
shrinkage=0.01


Tree=270
num_leaves=7
num_cat=0
split_feature=15 0 6 8 2 16
split_gain=215.9 164.138 144.937 98.4001 151.211 89.0495
threshold=2.6415040341048548 1.2249568725583673 0.99991965424749385 340.3372500000001 0.66658905693297787 0.46860439588124031
decision_type=2 2 2 2 2 2
left_child=1 2 -1 -4 -5 -3
right_child=-2 5 3 4 -6 -7
leaf_value=-0.00065191269828962311 -0.0040539237190642509 0.022131830592240605 0.0019788069063417526 0.014112057619943068 -0.0061311861492979979 0.0056907676995703671
leaf_weight=3753 1073 32 1497 146 42 221
leaf_count=3753 1073 32 1497 146 42 221
internal_value=3.91613e-05 0.000816642 0.000442653 0.00287004 0.00950838 0.00853272
internal_weight=6764 5691 5438 1685 188 253
internal_count=6764 5691 5438 1685 188 253
is_linear=0
shrinkage=0.01


Tree=271
num_leaves=7
num_cat=0
split_feature=13 8 2 18 0 13
split_gain=212.221 191.957 129.047 136.158 100.806 76.2249
threshold=1.2406205431207613 24.678000000000004 0.47808487224897167 196.36499999999981 1.2249568725583673 0.0079365820836721519
decision_type=2 2 2 8 2 2
left_child=1 -1 3 -3 5 -4
right_child=-2 2 4 -5 -6 -7
leaf_value=-0.0011228349690692631 -0.0026447931859842227 0.019292422397615944 0.0022984652605992761 0.0048889815792251094 0.0080014799150386704 -0.0020802908307658917
leaf_weight=2021 2044 64 1052 756 201 626
leaf_count=2021 2044 64 1052 756 201 626
internal_value=3.9258e-05 0.00120472 0.0029453 0.00623205 0.00148556 0.000662266
internal_weight=6764 4720 2699 820 1879 1678
internal_count=6764 4720 2699 820 1879 1678
is_linear=0
shrinkage=0.01


Tree=272
num_leaves=7
num_cat=0
split_feature=1 0 2 8 16 14
split_gain=209.923 140.251 129.976 111.294 95.6525 69.8915
threshold=1.1245389206919996 1.2645464727271944 0.45931583614236282 77.666400000000024 0.73194214223846588 16.265073570448624
decision_type=2 2 2 2 2 2
left_child=-1 2 3 -2 -3 -4
right_child=1 4 5 -5 -6 -7
leaf_value=-0.0024056594566393124 0.0017371493146284256 0.022237966990305318 -0.0013838983151910939 0.0085316648044216487 0.0053898458272043171 0.001709799211675632
leaf_weight=2304 848 35 1888 331 181 1177
leaf_count=2304 848 35 1888 331 181 1177
internal_value=3.92881e-05 0.00130488 0.000893903 0.0037004 0.00898305 -0.000194181
internal_weight=6764 4460 4244 1179 216 3065
internal_count=6764 4460 4244 1179 216 3065
is_linear=0
shrinkage=0.01


Tree=273
num_leaves=7
num_cat=0
split_feature=15 0 2 16 8 1
split_gain=207.655 156.298 111.74 102.499 92.1253 78.8557
threshold=2.6415040341048548 1.0939888283275137 0.41827935841578262 0.14042109396182462 683.67465000000004 1.2273937772658743
decision_type=2 2 2 2 2 2
left_child=1 2 4 -3 -1 -4
right_child=-2 3 5 -5 -6 -7
leaf_value=0.0021205729183021832 -0.003974744709995889 0.020725106717575166 -0.0023066968025370251 0.0043333517183801939 0.01367333083035978 0.00059123520319435009
leaf_weight=1166 1073 32 1607 590 64 2232
leaf_count=1166 1073 32 1607 590 64 2232
internal_value=3.94239e-05 0.000801913 0.000216822 0.00549124 0.00282711 -0.000624676
internal_weight=6764 5691 5069 622 1230 3839
internal_count=6764 5691 5069 622 1230 3839
is_linear=0
shrinkage=0.01


Tree=274
num_leaves=7
num_cat=0
split_feature=15 11 2 0 18 22
split_gain=203.613 189.402 107.251 95.7493 73.0536 68.8023
threshold=2.6415040341048548 0.022009118257899463 0.28397164367645794 1.2645464727271944 175.745 8.2625000000000259
decision_type=2 2 2 2 8 10
left_child=1 3 -3 4 -1 -6
right_child=-2 2 -4 -5 5 -7
leaf_value=0.014536733112496432 -0.0039353642846257295 0.0047990116750230016 -0.00048066105860062979 0.01590478578991433 -0.0065869135662670365 0.0039100711900692166
leaf_weight=51 1073 412 4350 64 59 755
leaf_count=51 1073 412 4350 64 59 755
internal_value=3.95488e-05 0.00079458 -1.47735e-05 0.00489926 0.00391251 0.00307853
internal_weight=6764 5691 4762 929 865 814
internal_count=6764 5691 4762 929 865 814
is_linear=0
shrinkage=0.01


Tree=275
num_leaves=7
num_cat=0
split_feature=1 0 4 9 9 11
split_gain=201.09 135.214 113.265 86.0664 105.677 70.8615
threshold=1.1245389206919996 1.2645464727271944 -0.023043198905839696 1421.0000000000002 1181.5000000000002 0.023116111152882968
decision_type=2 2 2 2 2 2
left_child=-1 2 -2 4 -4 -3
right_child=1 5 3 -5 -6 -7
leaf_value=-0.0023533890656374278 -0.00046985965781212198 0.016411949565151223 0.0041980575191470368 0.0016136166956232101 0.017298182005062699 0.0042795565063734695
leaf_weight=2304 2531 71 318 1325 70 145
leaf_count=2304 2531 71 318 1325 70 145
internal_value=3.95688e-05 0.00127825 0.000874726 0.00285258 0.00693673 0.00881725
internal_weight=6764 4460 4244 1713 388 216
internal_count=6764 4460 4244 1713 388 216
is_linear=0
shrinkage=0.01


Tree=276
num_leaves=7
num_cat=0
split_feature=13 15 6 20 3 0
split_gain=198.705 149.083 146.138 111.124 103.737 101.44
threshold=1.2406205431207613 0.86765766899473573 1.4811187686848777 293.28077104173525 0.54427933281694463 1.037798530523584
decision_type=2 2 2 10 2 2
left_child=1 2 5 4 -4 -1
right_child=-2 -3 3 -5 -6 -7
leaf_value=0.00087372149237344577 -0.0025573983732613491 -0.001411138240725077 0.01862554044375429 -0.0011960880814687064 -0.001549720370268915 0.0054379906074780524
leaf_weight=2395 2044 1515 118 59 30 603
leaf_count=2395 2044 1515 118 59 30 603
internal_value=3.97781e-05 0.00116752 0.00238704 0.0103205 0.0146967 0.00180678
internal_weight=6764 4720 3205 207 148 2998
internal_count=6764 4720 3205 207 148 2998
is_linear=0
shrinkage=0.01


Tree=277
num_leaves=7
num_cat=0
split_feature=1 10 7 1 2 13
split_gain=195.292 121.974 132.172 88.9218 73.932 52.8307
threshold=1.1245389206919996 0.0044930289857065915 1.0000000180025095e-35 1.4747468523983533 0.33357726690579381 0.026432586740454702
decision_type=2 2 2 2 2 2
left_child=5 2 3 4 -2 -1
right_child=1 -3 -4 -5 -6 -7
leaf_value=-0.0004281447081663773 0.0056138892644161864 0.0052982235106074013 -0.0043759674889440507 0.0033590596105689198 -0.00061044484892255316 -0.0035297332716183842
leaf_weight=905 202 631 462 1264 1901 1399
leaf_count=905 202 631 462 1264 1901 1399
internal_value=3.96493e-05 0.00126034 0.000582852 0.00127422 1.11616e-05 -0.00231856
internal_weight=6764 4460 3829 3367 2103 2304
internal_count=6764 4460 3829 3367 2103 2304
is_linear=0
shrinkage=0.01


Tree=278
num_leaves=7
num_cat=0
split_feature=15 11 1 2 1 18
split_gain=193.676 179.207 107.315 91.5713 87.847 76.0435
threshold=2.6415040341048548 0.022009118257899463 0.93024048616602728 0.31978810645175348 2.3032165564439397 175.745
decision_type=2 2 2 2 2 8
left_child=1 4 -3 -4 5 -1
right_child=-2 2 3 -5 -6 -7
leaf_value=0.013481328444289309 -0.0038373759144144444 -0.0040516476870343654 0.0043087385904384849 -3.4550228984700558e-05 0.012350181320444084 0.0025016501634942227
leaf_weight=60 1073 568 550 3644 123 746
leaf_count=60 1073 568 550 3644 123 746
internal_value=3.93314e-05 0.000775708 -1.15686e-05 0.000543922 0.00476839 0.00347419
internal_weight=6764 5691 4762 4194 929 806
internal_count=6764 5691 4762 4194 929 806
is_linear=0
shrinkage=0.01


Tree=279
num_leaves=7
num_cat=0
split_feature=15 11 22 16 5 6
split_gain=190.539 216.294 109.16 91.0751 89.6497 69.5506
threshold=0.60749575603287143 0.018953767980624581 16.345833333333371 0.65025728304735131 0.1764705882352941 1.6663995794164277
decision_type=2 2 10 2 2 2
left_child=1 5 -3 4 -2 -1
right_child=3 2 -4 -5 -6 -7
leaf_value=0.0074171806816170872 0.0068932723155383895 0.0028715653490547573 -0.0013236513576506865 -0.0020953004381190944 -0.00054214268471228775 0.020621380926224224
leaf_weight=224 225 1460 1065 3224 519 47
leaf_count=224 225 1460 1065 3224 519 47
internal_value=3.9303e-05 0.00203468 0.00110386 -0.00136829 0.00176807 0.0103596
internal_weight=6764 2796 2525 3968 744 271
internal_count=6764 2796 2525 3968 744 271
is_linear=0
shrinkage=0.01


Tree=280
num_leaves=7
num_cat=0
split_feature=16 8 18 6 1 22
split_gain=187.783 176.523 183.217 168.16 76.5365 74.0028
threshold=3.9907509541349477 467.50860000000006 219.39499999999936 1.1976155987790402 1.9257932531878839 10.065833333333348
decision_type=2 2 10 2 2 8
left_child=1 3 4 -1 -3 -5
right_child=-2 2 -4 5 -6 -7
leaf_value=-0.00042053219750870573 -0.0025192836264689082 0.019436902507193019 0.0025199954492143464 -0.0050247158873826274 0.0027208538562059404 0.0059870302405298096
leaf_weight=3573 2006 112 350 60 40 623
leaf_count=3573 2006 112 350 60 40 623
internal_value=3.94096e-05 0.00112119 0.00666903 0.000452718 0.0154774 0.00496113
internal_weight=6764 4758 502 4256 152 683
internal_count=6764 4758 502 4256 152 683
is_linear=0
shrinkage=0.01


Tree=281
num_leaves=7
num_cat=0
split_feature=1 15 11 7 2 2
split_gain=186.091 123.074 148.673 86.1465 77.5366 76.8431
threshold=1.1998836746149026 0.60044948179098456 0.018953767980624581 1.0000000180025095e-35 0.29870016607049782 0.46864102392308843
decision_type=2 2 2 2 2 2
left_child=4 2 -2 5 -1 -3
right_child=1 3 -4 -5 -6 -7
leaf_value=0.0024860051956050837 0.010223076447244094 0.0050019177198774708 0.0021701652247096757 -0.0051905765166226463 -0.0024608045141661402 -0.00032057014172268871
leaf_weight=353 263 322 1494 283 2572 1477
leaf_count=353 263 322 1494 283 2572 1477
internal_value=3.93506e-05 0.00148556 0.00342661 -0.000161037 -0.00185737 0.000654477
internal_weight=6764 3839 1757 2082 2925 1799
internal_count=6764 3839 1757 2082 2925 1799
is_linear=0
shrinkage=0.01


Tree=282
num_leaves=7
num_cat=0
split_feature=15 11 1 0 2 7
split_gain=184.139 168.901 103.861 90.7296 87.4805 58.4418
threshold=2.6415040341048548 0.022009118257899463 0.93618628435435258 1.2645464727271944 0.28845719504833328 1.0000000180025095e-35
decision_type=2 2 2 2 2 2
left_child=1 3 -3 -1 -4 -6
right_child=-2 2 4 -5 5 -7
leaf_value=0.0036748307344457139 -0.0037409192251642636 -0.0039128478756486965 0.0049660036164611851 0.015340586157666671 0.00056520119517754967 -0.0030638092461806412
leaf_weight=865 1073 586 395 64 3278 503
leaf_count=865 1073 586 395 64 3278 503
internal_value=3.91329e-05 0.000757148 -7.1623e-06 0.00463331 0.000548944 7.56126e-05
internal_weight=6764 5691 4762 929 4176 3781
internal_count=6764 5691 4762 929 4176 3781
is_linear=0
shrinkage=0.01


Tree=283
num_leaves=7
num_cat=0
split_feature=6 15 18 16 1 20
split_gain=180.714 104.819 179.15 80.2367 76.6888 71.9167
threshold=0.99991965424749385 0.093065218676334313 219.39499999999936 3.9907509541349477 1.0983232090998929 297.52518761731602
decision_type=2 2 10 2 2 10
left_child=1 2 -1 5 -3 -2
right_child=3 4 -4 -5 -6 -7
leaf_value=0.012786385730820865 0.0038656374840308639 -0.0031747567739887996 -0.00056548575287246534 -0.0025846134533819101 -0.0004434534569496692 -0.0056476579575854193
leaf_weight=134 1601 1642 330 250 2732 75
leaf_count=134 1601 1642 330 250 2732 75
internal_value=3.89457e-05 -0.000992507 0.00347885 0.00262164 -0.00147369 0.00340895
internal_weight=6764 4838 464 1926 4374 1676
internal_count=6764 4838 464 1926 4374 1676
is_linear=0
shrinkage=0.01


Tree=284
num_leaves=7
num_cat=0
split_feature=6 0 9 0 9 8
split_gain=177.078 103.706 83.8809 138.131 150.671 78.9305
threshold=0.99991965424749385 1.2249568725583673 1421.0000000000002 0.91009898152226454 1181.5000000000002 43.570350000000005
decision_type=2 2 2 2 2 2
left_child=1 -1 3 -2 -5 -4
right_child=2 -3 5 4 -6 -7
leaf_value=-0.0012358640366852808 -0.00093457811958872514 0.0073831030860957167 -0.00039921322204076548 0.0066457546326243646 0.025476174439702716 0.0043088734836763294
leaf_weight=4704 163 134 911 233 46 573
leaf_count=4704 163 134 911 233 46 573
internal_value=3.86188e-05 -0.000982404 0.0025952 0.00637146 0.0105245 0.00143534
internal_weight=6764 4838 1926 442 279 1484
internal_count=6764 4838 1926 442 279 1484
is_linear=0
shrinkage=0.01


Tree=285
num_leaves=7
num_cat=0
split_feature=15 11 8 23 9 16
split_gain=177.666 202.602 118.476 124.562 95.9398 85.0619
threshold=0.60749575603287143 0.018953767980624581 29.165400000000002 20.239285714285746 1206.5000000000002 0.65025728304735131
decision_type=2 2 2 10 2 2
left_child=1 -1 -3 4 -4 -2
right_child=5 2 3 -5 -6 -7
leaf_value=0.010022722843411342 0.0017106674580866614 -0.0012850899521090673 0.01245776868408063 -0.0030792245241887252 0.0033785906089765522 -0.0020229768260410482
leaf_weight=271 744 1157 125 261 982 3224
leaf_count=271 744 1157 125 261 982 3224
internal_value=3.88415e-05 0.00196564 0.00106477 0.00304709 0.00450614 -0.00132038
internal_weight=6764 2796 2525 1368 1107 3968
internal_count=6764 2796 2525 1368 1107 3968
is_linear=0
shrinkage=0.01


Tree=286
num_leaves=7
num_cat=0
split_feature=15 11 1 0 2 18
split_gain=175.711 159.742 100.173 88.5924 87.1895 70.737
threshold=2.6415040341048548 0.022009118257899463 0.92526636637110893 1.2645464727271944 0.31978810645175348 175.745
decision_type=2 2 2 2 2 8
left_child=1 3 -3 5 -4 -1
right_child=-2 2 4 -5 -6 -7
leaf_value=0.01400605110604255 -0.0036537752990533075 -0.0039612193153106033 0.0041931275830660482 0.015087287945018426 -3.7491382561570446e-05 0.0027473822393231494
leaf_weight=51 1073 554 552 64 3656 814
leaf_count=51 1073 554 552 64 3656 814
internal_value=3.87658e-05 0.000740158 -3.15034e-06 0.00450977 0.000526101 0.00356367
internal_weight=6764 5691 4762 929 4208 865
internal_count=6764 5691 4762 929 4208 865
is_linear=0
shrinkage=0.01


Tree=287
num_leaves=7
num_cat=0
split_feature=15 11 22 15 14 9
split_gain=172.725 196.807 103.39 81.1979 77.4219 72.6583
threshold=0.60749575603287143 0.018953767980624581 16.345833333333371 3.4120401236268219 17.44479566502007 1482.0000000000002
decision_type=2 2 10 2 2 2
left_child=1 -1 -3 4 -2 -6
right_child=3 2 -4 -5 5 -7
leaf_value=0.0098796192531430856 -0.0014704343960588568 0.0027711230746973671 -0.0013116155641759897 -0.0041473133279099021 0.0056820697746585358 -0.00045358322627525295
leaf_weight=271 2399 1460 1065 791 324 454
leaf_count=271 2399 1460 1065 791 324 454
internal_value=3.87971e-05 0.00193861 0.00105072 -0.00130139 -0.000582029 0.00214131
internal_weight=6764 2796 2525 3968 3177 778
internal_count=6764 2796 2525 3968 3177 778
is_linear=0
shrinkage=0.01


Tree=288
num_leaves=7
num_cat=0
split_feature=1 15 11 16 5 1
split_gain=169.715 137.244 134.189 96.3317 110.746 74.1316
threshold=1.1245389206919996 0.60044948179098456 0.018953767980624581 0.67530357215401604 0.084876129052473478 2.3032165564439397
decision_type=2 2 2 2 2 2
left_child=-1 2 5 4 -3 -2
right_child=1 3 -4 -5 -6 -7
leaf_value=-0.0021597974279127532 0.0060735819564071711 0.012851918275571533 0.0020874982346571927 -0.0014379449854713627 0.001192522496652319 0.018345688069860141
leaf_weight=2304 199 89 1696 1936 475 65
leaf_count=2304 199 89 1696 1936 475 65
internal_value=3.85708e-05 0.00117652 0.00315055 -0.000377501 0.00322424 0.0096544
internal_weight=6764 4460 1960 2500 564 264
internal_count=6764 4460 1960 2500 564 264
is_linear=0
shrinkage=0.01


Tree=289
num_leaves=7
num_cat=0
split_feature=15 0 2 18 16 1
split_gain=167.316 134.339 116.045 106.773 84.1071 60.9097
threshold=2.6415040341048548 1.2249568725583673 0.47559523809523813 178.19666666666589 0.46860439588124031 1.416876414486824
decision_type=2 2 2 8 2 2
left_child=1 2 3 -1 -3 -5
right_child=-2 4 -4 5 -6 -7
leaf_value=0.01436770568912228 -0.0035645204418513405 0.020873873797910555 -0.00066730730886753562 0.00088326607191126162 0.0049756702482377816 0.0052080953524052875
leaf_weight=62 1073 32 3581 1376 221 419
leaf_count=62 1073 32 3581 1376 221 419
internal_value=3.87306e-05 0.00072316 0.000384848 0.00240651 0.00770374 0.00191606
internal_weight=6764 5691 5438 1857 253 1795
internal_count=6764 5691 5438 1857 253 1795
is_linear=0
shrinkage=0.01


Tree=290
num_leaves=7
num_cat=0
split_feature=15 8 22 9 10 16
split_gain=164.65 193.29 164.992 105.066 81.975 78.6112
threshold=0.60749575603287143 27.014850000000006 17.609166666666692 1240.5000000000002 0.0070405164797308394 0.65025728304735131
decision_type=2 2 10 2 2 2
left_child=1 -1 3 -3 -5 -2
right_child=5 2 -4 4 -6 -7
leaf_value=-0.0011916378206975374 0.0016443320920361102 0.013577602606577177 -0.00075429943629135997 0.0042211164700718977 0.018865909386971375 -0.0019449514969652052
leaf_weight=1174 744 158 485 948 31 3224
leaf_count=1174 744 158 485 948 31 3224
internal_value=3.89644e-05 0.00189383 0.00412071 0.00618864 0.00487091 -0.00126952
internal_weight=6764 2796 1622 1137 979 3968
internal_count=6764 2796 1622 1137 979 3968
is_linear=0
shrinkage=0.01


Tree=291
num_leaves=7
num_cat=0
split_feature=1 15 11 16 22 1
split_gain=163.678 130.697 130.859 92.3839 72.6789 72.4072
threshold=1.1245389206919996 0.60044948179098456 0.018953767980624581 0.67530357215401604 16.72750000000001 2.3032165564439397
decision_type=2 2 2 2 10 2
left_child=-1 2 5 -3 -4 -2
right_child=1 3 4 -5 -6 -7
leaf_value=-0.0021198340664753453 0.0059689881804323441 0.0031671896440306365 0.00358755247292102 -0.0013984470791458597 -0.00069832677255195989 0.018092563106616336
leaf_weight=2304 199 564 1079 1936 617 65
leaf_count=2304 199 564 1079 1936 617 65
internal_value=3.90829e-05 0.00115661 0.00308297 -0.000359925 0.00203341 0.00950533
internal_weight=6764 4460 1960 2500 1696 264
internal_count=6764 4460 1960 2500 1696 264
is_linear=0
shrinkage=0.01


Tree=292
num_leaves=7
num_cat=0
split_feature=6 15 18 16 0 4
split_gain=161.426 95.7351 169.842 73.5641 70.9833 62.5204
threshold=0.99991965424749385 0.093065218676334313 219.39499999999936 3.9907509541349477 1.2427815986253969 0.25592446503415689
decision_type=2 2 8 2 2 2
left_child=1 2 -1 5 -3 -2
right_child=3 4 -4 -5 -6 -7
leaf_value=0.01240003768613355 0.0025987856053035136 -0.0016075583266353265 -0.00059910014822996929 -0.0025043611140706792 0.0061389561658572464 0.0092973651457577949
leaf_weight=134 1530 4262 330 250 112 146
leaf_count=134 1530 4262 330 250 112 146
internal_value=3.90847e-05 -0.000935773 0.00333737 0.00248005 -0.00139565 0.003234
internal_weight=6764 4838 464 1926 4374 1676
internal_count=6764 4838 464 1926 4374 1676
is_linear=0
shrinkage=0.01


Tree=293
num_leaves=7
num_cat=0
split_feature=15 11 2 15 8 6
split_gain=159.389 146.179 95.3817 62.4853 81.1601 87.7814
threshold=2.6415040341048548 0.022009118257899463 0.28397164367645794 0.60044948179098456 25.715700000000002 1.6663995794164277
decision_type=2 2 2 2 2 2
left_child=1 3 -3 4 -1 -6
right_child=-2 2 -4 -5 5 -7
leaf_value=-7.4211492108694016e-05 -0.0034777791605184326 0.0045356193776308644 -0.00044333111730447184 0.0015605820497506084 0.0070851975865943466 0.022805161408402701
leaf_weight=128 1073 412 4350 446 321 34
leaf_count=128 1073 412 4350 446 321 34
internal_value=3.90736e-05 0.00070709 -3.95899e-06 0.00431311 0.00677157 0.00917432
internal_weight=6764 5691 4762 929 483 355
internal_count=6764 5691 4762 929 483 355
is_linear=0
shrinkage=0.01


Tree=294
num_leaves=7
num_cat=0
split_feature=1 15 11 7 22 1
split_gain=157.835 125.345 125.714 76.4106 70.7696 70.7495
threshold=1.1245389206919996 0.60044948179098456 0.018953767980624581 1.0000000180025095e-35 16.72750000000001 2.3032165564439397
decision_type=2 2 2 2 10 2
left_child=-1 2 5 -3 -4 -2
right_child=1 3 4 -5 -6 -7
leaf_value=-0.0020808795742001227 0.0058278430662336246 0.00031335906208860821 0.0035279336792700799 -0.0049380341342618039 -0.0007011305968064749 0.017801184677084289
leaf_weight=2304 199 2193 1079 307 617 65
leaf_count=2304 199 2193 1079 307 617 65
internal_value=3.91551e-05 0.00113655 0.00302306 -0.000348616 0.00199432 0.00931791
internal_weight=6764 4460 1960 2500 1696 264
internal_count=6764 4460 1960 2500 1696 264
is_linear=0
shrinkage=0.01


Tree=295
num_leaves=7
num_cat=0
split_feature=15 11 1 2 1 15
split_gain=154.91 141.316 94.1692 82.8572 76.2213 68.4528
threshold=2.6415040341048548 0.022009118257899463 0.92526636637110893 0.31978810645175348 2.3032165564439397 0.69178604502741115
decision_type=2 2 2 2 2 2
left_child=1 4 -3 -4 -1 -6
right_child=-2 2 3 -5 5 -7
leaf_value=0.0030409963636353209 -0.0034280360792129324 -0.0038391395707599546 0.0040863957613444758 -3.7775241220846903e-05 0.016700754953219609 0.0014363737772058311
leaf_weight=806 1073 554 552 3656 75 48
leaf_count=806 1073 554 552 3656 75 48
internal_value=3.90551e-05 0.000697618 -1.50971e-06 0.000511634 0.00424316 0.0112998
internal_weight=6764 5691 4762 4208 929 123
internal_count=6764 5691 4762 4208 929 123
is_linear=0
shrinkage=0.01


Tree=296
num_leaves=7
num_cat=0
split_feature=1 0 2 16 2 14
split_gain=152.675 107.808 98.6984 87.4131 66.66 58.8539
threshold=1.1998836746149026 1.2645464727271944 0.45931583614236282 0.73194214223846588 0.29870016607049782 36.037860194726278
decision_type=2 2 2 2 2 2
left_child=4 2 5 -3 -1 -2
right_child=1 3 -4 -5 -6 -7
leaf_value=0.002347566336457497 0.0053275472109759218 0.020687325408061345 -5.2441227260565152e-05 0.0046540163669013543 -0.002238679673196685 -0.00010043129236516306
leaf_weight=353 655 35 2683 181 2572 285
leaf_count=353 655 35 2683 181 2572 285
internal_value=3.89297e-05 0.00134887 0.00092815 0.00805242 -0.00167908 0.0036981
internal_weight=6764 3839 3623 216 2925 940
internal_count=6764 3839 3623 216 2925 940
is_linear=0
shrinkage=0.01


Tree=297
num_leaves=7
num_cat=0
split_feature=6 15 18 9 0 9
split_gain=151.134 91.57 166.343 79.9774 128.818 146.67
threshold=0.99991965424749385 0.093065218676334313 219.39499999999936 1421.0000000000002 0.91009898152226454 1181.5000000000002
decision_type=2 2 10 2 2 2
left_child=1 2 -1 4 -2 -6
right_child=3 -3 -4 -5 5 -7
leaf_value=0.01224371915941851 -0.00096457874197835875 -0.0013540608947362398 -0.00062011526231927911 0.0012694602130651675 0.0062871131329670735 0.024832355683403359
leaf_weight=134 163 4374 330 1484 233 46
leaf_count=134 163 4374 330 1484 233 46
internal_value=3.89925e-05 -0.000904279 0.0032748 0.00240087 0.00608741 0.0100982
internal_weight=6764 4838 464 1926 442 279
internal_count=6764 4838 464 1926 442 279
is_linear=0
shrinkage=0.01


Tree=298
num_leaves=7
num_cat=0
split_feature=1 2 8 0 16 2
split_gain=149.233 96.927 126.118 80.1696 86.3024 84.7324
threshold=1.4389845166479056 0.4201585937454716 683.67465000000004 1.2645464727271944 0.73194214223846588 0.49983460331210644
decision_type=2 2 2 2 2 2
left_child=1 2 -1 5 -5 -2
right_child=3 -3 -4 4 -6 -7
leaf_value=0.00070968141906227163 0.0051267198274238977 -0.0017622792384241717 0.014462589770555496 0.020483771193358633 0.004543678147284679 0.00028279156605023203
leaf_weight=1120 485 3544 61 35 179 1340
leaf_count=1120 485 3544 61 35 179 1340
internal_value=3.92181e-05 -0.000936506 0.0015355 0.00229381 0.00794877 0.00159101
internal_weight=6764 4725 1181 2039 214 1825
internal_count=6764 4725 1181 2039 214 1825
is_linear=0
shrinkage=0.01


Tree=299
num_leaves=7
num_cat=0
split_feature=15 0 4 13 18 15
split_gain=148.403 120.686 101.294 68.3414 108.355 98.7178
threshold=2.6415040341048548 1.2249568725583673 -1.0000000180025095e-35 0.0079365820836721519 217.43500000000054 0.18414119886488031
decision_type=2 2 2 2 8 2
left_child=1 2 3 4 5 -1
right_child=-2 -3 -4 -5 -6 -7
leaf_value=0.01027872828914974 -0.0033540244642359996 0.0073004030661140444 0.0023926846112219402 -0.0020853861718802009 -0.000423550432491804 0.00012035025435697693
leaf_weight=191 1073 253 1685 1630 1749 183
leaf_count=191 1073 253 1685 1630 1749 183
internal_value=3.94732e-05 0.000684055 0.000363398 -0.000551636 0.000630205 0.00544076
internal_weight=6764 5691 5438 3753 2123 374
internal_count=6764 5691 5438 3753 2123 374
is_linear=0
shrinkage=0.01


Tree=300
num_leaves=7
num_cat=0
split_feature=15 11 0 18 22 7
split_gain=145.495 133.765 79.4118 69.1915 65.5204 63.0571
threshold=2.6415040341048548 0.022009118257899463 1.2645464727271944 175.745 8.2625000000000259 1.0000000180025095e-35
decision_type=2 2 2 8 10 2
left_child=1 2 3 -1 -5 -3
right_child=-2 5 -4 4 -6 -7
leaf_value=0.013550055539998851 -0.0033207938962391149 0.00047087498060754322 0.014135664103385941 -0.0069729541007267394 0.0032468262571777561 -0.0027873189223380831
leaf_weight=51 1073 4077 64 59 755 685
leaf_count=51 1073 4077 64 59 755 685
internal_value=3.92885e-05 0.000677523 0.00412703 0.00323342 0.00243045 -2.66568e-06
internal_weight=6764 5691 929 865 814 4762
internal_count=6764 5691 929 865 814 4762
is_linear=0
shrinkage=0.01


Tree=301
num_leaves=7
num_cat=0
split_feature=1 15 11 16 5 18
split_gain=144.171 117.189 118.546 85.7404 106.101 72.3594
threshold=1.1245389206919996 0.60044948179098456 0.018953767980624581 0.67530357215401604 0.084876129052473478 267.70499999999959
decision_type=2 2 2 2 2 10
left_child=-1 2 -2 4 -3 -6
right_child=1 3 -4 -5 5 -7
leaf_value=-0.0019870240540879997 0.0090246286934214468 0.012472500225924181 0.001913286135586553 -0.0013485001109070313 -0.0028701106251086579 0.0047843515321547023
leaf_weight=2304 264 89 1696 1936 232 243
leaf_count=2304 264 89 1696 1936 232 243
internal_value=3.91661e-05 0.00108798 0.00291209 -0.00034802 0.00304992 0.00106366
internal_weight=6764 4460 1960 2500 564 475
internal_count=6764 4460 1960 2500 564 475
is_linear=0
shrinkage=0.01


Tree=302
num_leaves=7
num_cat=0
split_feature=15 22 8 4 8 10
split_gain=141.732 151.947 178.301 160.618 80.607 60.7763
threshold=1.0252090281288624 16.30083333333334 1697.5800000000002 0.19498990000876606 12.493350000000001 -0.0028524512026467017
decision_type=2 10 2 2 2 2
left_child=1 2 3 5 -5 -1
right_child=-2 -3 -4 4 -6 -7
leaf_value=-0.0012268653654141143 -0.0018620856282337494 -0.00090405658819252223 0.016377698260240575 0.00032644127594663746 0.017789161244424274 0.00261275839276565
leaf_weight=552 2475 1968 84 37 86 1562
leaf_count=552 2475 1968 84 37 86 1562
internal_value=3.90991e-05 0.00113797 0.00286588 0.00228788 0.0129557 0.00160911
internal_weight=6764 4289 2321 2237 123 2114
internal_count=6764 4289 2321 2237 123 2114
is_linear=0
shrinkage=0.01


Tree=303
num_leaves=7
num_cat=0
split_feature=1 15 11 22 1 8
split_gain=140.351 112.857 115.467 67.2743 67.1516 66.3947
threshold=1.1245389206919996 0.60044948179098456 0.018953767980624581 16.72750000000001 2.3032165564439397 565.2225000000002
decision_type=2 2 2 10 2 2
left_child=-1 2 4 5 -2 -4
right_child=1 -3 3 -5 -6 -7
leaf_value=-0.0019599754052548996 0.0055092917241013504 -0.00033520368026802318 0.0024312393910625638 -0.0007487507077213228 0.017149776948988438 0.010081036739470792
leaf_weight=2304 199 2500 958 617 65 121
leaf_count=2304 199 2500 958 617 65 121
internal_value=3.91969e-05 0.00107403 0.00286409 0.00187842 0.00889662 0.00337379
internal_weight=6764 4460 1960 1696 264 1079
internal_count=6764 4460 1960 1696 264 1079
is_linear=0
shrinkage=0.01


Tree=304
num_leaves=7
num_cat=0
split_feature=15 11 2 0 17 2
split_gain=138.384 126.178 89.3342 77.3763 51.8346 54.8382
threshold=2.6415040341048548 0.022009118257899463 0.28397164367645794 1.2645464727271944 336.4500000000001 0.77270745566920118
decision_type=2 2 2 2 8 2
left_child=1 3 -3 4 5 -1
right_child=-2 2 -4 -5 -6 -7
leaf_value=0.0043187143803808453 -0.0032376696176617398 0.0043943947720919601 -0.00042413181708719788 0.013889057837753885 -0.0075836066359823394 -0.0057160170809171787
leaf_weight=781 1073 412 4350 64 34 50
leaf_count=781 1073 412 4350 64 34 50
internal_value=3.92792e-05 0.000661721 1.09385e-06 0.00401198 0.00313082 0.00365415
internal_weight=6764 5691 4762 929 865 831
internal_count=6764 5691 4762 929 865 831
is_linear=0
shrinkage=0.01


Tree=305
num_leaves=7
num_cat=0
split_feature=6 0 13 8 18 8
split_gain=136.569 85.1135 77.8262 87.8139 124.067 68.1643
threshold=0.99991965424749385 1.2249568725583673 0.0079365820836721519 24.678000000000004 215.7433333333336 15.556050000000001
decision_type=2 2 2 2 8 2
left_child=1 2 3 -1 -5 -2
right_child=5 -3 -4 4 -6 -7
leaf_value=-0.0016286972539734329 -0.00060719166131747852 0.006720608126326826 -0.0023469437856269097 0.008459082697164267 0.00044881564698431755 0.0034980894568087981
leaf_weight=1211 571 134 2394 240 859 1355
leaf_count=1211 571 134 2394 240 859 1355
internal_value=3.89697e-05 -0.000857701 -0.00108738 0.000222479 0.0022586 0.00228415
internal_weight=6764 4838 4704 2310 1099 1926
internal_count=6764 4838 4704 2310 1099 1926
is_linear=0
shrinkage=0.01


Tree=306
num_leaves=7
num_cat=0
split_feature=1 15 11 16 5 18
split_gain=134.848 108.709 111.789 82.8747 103.543 71.1472
threshold=1.1245389206919996 0.60044948179098456 0.018953767980624581 0.67530357215401604 0.084876129052473478 267.70499999999959
decision_type=2 2 2 2 2 10
left_child=-1 2 -2 4 -3 -6
right_child=1 3 -4 -5 5 -7
leaf_value=-0.0019207924047706249 0.0087455982272003369 0.012318937613468882 0.001840206603821575 -0.0013136132366282033 -0.0028519835354027163 0.0047380196529678937
leaf_weight=2304 264 89 1696 1936 232 243
leaf_count=2304 264 89 1696 1936 232 243
internal_value=3.87947e-05 0.00105313 0.00280999 -0.000329951 0.00301065 0.00104853
internal_weight=6764 4460 1960 2500 564 475
internal_count=6764 4460 1960 2500 564 475
is_linear=0
shrinkage=0.01


Tree=307
num_leaves=7
num_cat=0
split_feature=15 11 2 0 1 7
split_gain=132.91 120.208 87.2746 75.8663 73.6836 59.5273
threshold=2.6415040341048548 0.022009118257899463 0.28397164367645794 1.2645464727271944 0.93618628435435258 1.0000000180025095e-35
decision_type=2 2 2 2 2 2
left_child=1 3 -3 -1 -4 -6
right_child=-2 2 4 -5 5 -7
leaf_value=0.0030470415773295929 -0.0031727530510660983 0.0043462705716956406 -0.0037958958664672032 0.013696899052860367 0.00057685481008673328 -0.0030754356058819809
leaf_weight=865 1073 412 552 64 3292 506
leaf_count=865 1073 412 552 64 3292 506
internal_value=3.8725e-05 0.000648731 3.91503e-06 0.00391878 -0.000416386 8.3469e-05
internal_weight=6764 5691 4762 929 4350 3798
internal_count=6764 5691 4762 929 4350 3798
is_linear=0
shrinkage=0.01


Tree=308
num_leaves=7
num_cat=0
split_feature=15 11 22 8 14 8
split_gain=131.164 145.037 99.6049 153.27 97.5403 92.4881
threshold=1.0252090281288624 0.019955804785169399 16.30083333333334 1697.5800000000002 46.682969850675825 77.666400000000024
decision_type=2 2 10 2 2 2
left_child=1 4 3 -3 5 -1
right_child=-2 2 -4 -5 -6 -7
leaf_value=0.019278235772292908 -0.0017904272865217322 0.0014064893863508674 -0.0012074223455377649 0.015081705040363378 -0.00044561899575990428 0.0061397174028160533
leaf_weight=63 2475 1838 1880 76 155 277
leaf_count=63 2475 1838 1880 76 155 277
internal_value=3.85093e-05 0.00109562 0.00042434 0.00202506 0.00613046 0.00905546
internal_weight=6764 4289 3794 1914 495 340
internal_count=6764 4289 3794 1914 495 340
is_linear=0
shrinkage=0.01


Tree=309
num_leaves=7
num_cat=0
split_feature=6 0 8 16 17 6
split_gain=129.76 81.7397 66.7048 68.5492 75.258 80.2805
threshold=0.99991965424749385 1.2249568725583673 15.556050000000001 1.2020718893160192 334.9500000000001 1.7014905950449248
decision_type=2 2 2 2 8 2
left_child=1 -1 -2 4 5 -4
right_child=2 -3 3 -5 -6 -7
leaf_value=-0.0010604295269533606 -0.00063256060738251158 0.0065912061281182509 0.0050688716623454111 0.0010216086788245769 -0.0079700176075964083 0.01709294349711854
leaf_weight=4704 571 134 631 639 31 54
leaf_count=4704 571 134 631 639 31 54
internal_value=3.8692e-05 -0.000835341 0.00222719 0.00342809 0.00553213 0.00624906
internal_weight=6764 4838 1926 1355 716 685
internal_count=6764 4838 1926 1355 716 685
is_linear=0
shrinkage=0.01


Tree=310
num_leaves=7
num_cat=0
split_feature=1 15 11 16 5 18
split_gain=128.487 103.723 106.037 79.6507 101.129 70.0074
threshold=1.1245389206919996 0.60044948179098456 0.018953767980624581 0.67530357215401604 0.084876129052473478 267.70499999999959
decision_type=2 2 2 2 2 10
left_child=-1 2 -2 4 -3 -6
right_child=1 3 -4 -5 5 -7
leaf_value=-0.0018742120236321072 0.0085257922163586661 0.01215159808104444 0.0018002558252724365 -0.0012866093687391778 -0.0028543648072749317 0.0046743192816366677
leaf_weight=2304 264 89 1696 1936 232 243
leaf_count=2304 264 89 1696 1936 232 243
internal_value=3.8602e-05 0.00102873 0.00274482 -0.000322266 0.00295271 0.00101412
internal_weight=6764 4460 1960 2500 564 475
internal_count=6764 4460 1960 2500 564 475
is_linear=0
shrinkage=0.01


Tree=311
num_leaves=7
num_cat=0
split_feature=13 8 16 18 23 8
split_gain=125.688 139.126 122.437 98.3819 97.5632 95.0832
threshold=1.2406205431207613 24.678000000000004 4.232934429323862 208.04333333333338 10.746428571428593 467.50860000000006
decision_type=2 2 2 8 8 2
left_child=1 -1 3 5 -5 -3
right_child=-2 2 -4 4 -6 -7
leaf_value=-0.001045788946239496 -0.0020270731235860449 0.0035207287276656034 -0.0026759010035843577 -0.0028874335923297551 0.0033311207929058047 0.014209129071404343
leaf_weight=2021 2044 206 395 289 1668 141
leaf_count=2021 2044 206 395 289 1668 141
internal_value=3.8528e-05 0.000935433 0.00241735 0.00329833 0.00240278 0.00814021
internal_weight=6764 4720 2699 2304 1957 347
internal_count=6764 4720 2699 2304 1957 347
is_linear=0
shrinkage=0.01


Tree=312
num_leaves=7
num_cat=0
split_feature=15 11 1 0 18 22
split_gain=125.398 111.75 83.6071 73.3938 67.7667 62.8375
threshold=2.6415040341048548 0.022009118257899463 0.92526636637110893 1.2645464727271944 175.745 8.2625000000000259
decision_type=2 2 2 2 8 10
left_child=1 3 -3 4 -1 -6
right_child=-2 2 -4 -5 5 -7
leaf_value=0.013128007749767332 -0.0030810816323055524 -0.0036069234977608401 0.00049260252160193501 0.013398516119482952 -0.0070613785579453046 0.0029384004657120244
leaf_weight=51 1073 554 4208 64 59 755
leaf_count=51 1073 554 4208 64 59 755
internal_value=3.83261e-05 0.000630842 9.11412e-06 0.00378375 0.00292737 0.0021367
internal_weight=6764 5691 4762 929 865 814
internal_count=6764 5691 4762 929 865 814
is_linear=0
shrinkage=0.01


Tree=313
num_leaves=7
num_cat=0
split_feature=15 11 6 8 18 12
split_gain=123.691 136.101 94.297 93.7437 112.913 88.9391
threshold=1.0252090281288624 0.019955804785169399 1.4556948911021921 565.2225000000002 219.39499999999936 0.012074688564881543
decision_type=2 2 2 2 10 2
left_child=1 2 -1 -3 -5 -6
right_child=-2 3 -4 4 5 -7
leaf_value=0.003516695810915133 -0.0017378887718343024 -7.3170050952124985e-05 0.014044312733200798 0.013448302115731199 -0.011717402472753416 0.0040343667957931754
leaf_weight=392 2475 3469 103 106 34 185
leaf_count=392 2475 3469 103 106 34 185
internal_value=3.81821e-05 0.00106474 0.00594202 0.000414453 0.00546609 0.001184
internal_weight=6764 4289 495 3794 325 219
internal_count=6764 4289 495 3794 325 219
is_linear=0
shrinkage=0.01


Tree=314
num_leaves=7
num_cat=0
split_feature=1 0 2 9 22 14
split_gain=121.866 97.1576 100.616 86.1316 84.313 77.0146
threshold=1.1245389206919996 1.2645464727271944 0.45931583614236282 1413.5000000000002 17.704166666666691 26.521378268879975
decision_type=2 2 2 2 10 2
left_child=-1 2 3 -2 5 -5
right_child=1 -3 -4 4 -6 -7
leaf_value=-0.0018247580425575832 0.0093344686006407735 0.0073926152644547081 -0.00029640660533961668 0.006697749114125082 -0.0023918144587309117 1.5230064978074414e-05
leaf_weight=2304 179 216 3065 394 305 301
leaf_count=2304 179 216 3065 394 305 301
internal_value=3.81179e-05 0.00100239 0.000660548 0.00312987 0.00193783 0.00384486
internal_weight=6764 4460 4244 1179 1000 695
internal_count=6764 4460 4244 1179 1000 695
is_linear=0
shrinkage=0.01


Tree=315
num_leaves=7
num_cat=0
split_feature=6 0 13 8 8 22
split_gain=121.528 76.5726 69.4321 79.7555 63.977 61.2531
threshold=0.99991965424749385 1.2249568725583673 0.0079365820836721519 24.678000000000004 15.556050000000001 16.955000000000073
decision_type=2 2 2 2 2 8
left_child=1 2 3 -1 5 -2
right_child=4 -3 -4 -5 -6 -7
leaf_value=-0.0015526927765447383 0.0018017909104163024 0.0063801341082176397 -0.0022154007225555794 0.002151953068369121 0.0033320812057041592 -0.0048922647463136119
leaf_weight=1211 366 134 2394 1099 1355 205
leaf_count=1211 366 134 2394 1099 1355 205
internal_value=3.80161e-05 -0.00080784 -0.0010257 0.000211499 0.00215595 -0.000644343
internal_weight=6764 4838 4704 2310 1926 571
internal_count=6764 4838 4704 2310 1926 571
is_linear=0
shrinkage=0.01


Tree=316
num_leaves=7
num_cat=0
split_feature=15 11 2 0 1 18
split_gain=119.394 106.043 83.9596 70.8981 68.4762 66.7933
threshold=2.6415040341048548 0.022009118257899463 0.28397164367645794 1.2645464727271944 0.93618628435435258 175.745
decision_type=2 2 2 2 2 8
left_child=1 3 -3 5 -4 -1
right_child=-2 2 4 -5 -6 -7
leaf_value=0.012971200802836751 -0.0030061036158595595 0.0042692954134487364 -0.0036599369032566977 0.013135899808698309 7.983431842378286e-05 0.002061880999381792
leaf_weight=51 1073 412 552 64 3798 814
leaf_count=51 1073 412 552 64 3798 814
internal_value=3.77099e-05 0.000615867 1.02194e-05 0.00368721 -0.000402036 0.00284598
internal_weight=6764 5691 4762 929 4350 865
internal_count=6764 5691 4762 929 4350 865
is_linear=0
shrinkage=0.01


Tree=317
num_leaves=7
num_cat=0
split_feature=15 22 8 4 2 8
split_gain=117.838 134.6 164.967 148.286 91.8983 76.7271
threshold=1.0252090281288624 16.30083333333334 1697.5800000000002 0.19498990000876606 0.55039763568761979 12.493350000000001
decision_type=2 10 2 2 2 2
left_child=1 2 3 -1 -4 -5
right_child=-2 -3 4 5 -6 -7
leaf_value=0.0014587914864481676 -0.0016958301298580763 -0.00088212941400506661 0.025250889552491055 9.8521290941441309e-05 0.0042702850387855004 0.017075046346678089
leaf_weight=2114 2475 1968 39 37 45 86
leaf_count=2114 2475 1968 39 37 45 86
internal_value=3.77144e-05 0.00103969 0.00266601 0.00211051 0.0156613 0.0123597
internal_weight=6764 4289 2321 2237 84 123
internal_count=6764 4289 2321 2237 84 123
is_linear=0
shrinkage=0.01


Tree=318
num_leaves=7
num_cat=0
split_feature=6 0 9 0 9 13
split_gain=116.847 74.1701 73.3343 116.706 142.458 66.4649
threshold=0.99991965424749385 1.2249568725583673 1421.0000000000002 0.91009898152226454 1181.5000000000002 0.0079365820836721519
decision_type=2 2 2 2 2 2
left_child=1 5 3 -2 -5 -1
right_child=2 -3 -4 4 -6 -7
leaf_value=0.00020466610258473996 -0.0010605195237894278 0.006282882104989969 0.0010328865535495712 0.0057327453885993966 0.023954360006111012 -0.0021698186492933274
leaf_weight=2310 163 134 1484 233 46 2394
leaf_count=2310 163 134 1484 233 46 2394
internal_value=3.80101e-05 -0.000791395 0.00211475 0.00564387 0.00946194 -0.00100582
internal_weight=6764 4838 1926 442 279 4704
internal_count=6764 4838 1926 442 279 4704
is_linear=0
shrinkage=0.01


Tree=319
num_leaves=7
num_cat=0
split_feature=15 11 1 5 9 3
split_gain=114.734 102.227 82.8451 77.0416 94.2111 88.3871
threshold=2.6415040341048548 0.019955804785169399 0.92526636637110893 0.10205164552485298 1421.0000000000002 -0.011356193803685483
decision_type=2 2 2 2 2 2
left_child=1 -1 -3 4 5 -4
right_child=-2 2 3 -5 -6 -7
leaf_value=0.004240584584824343 -0.0029456849373655182 -0.0034969882127598123 -0.00074618929198810044 5.2351079687565466e-05 0.0015398754048311289 0.015673550249155715
leaf_weight=671 1073 555 46 3879 443 97
leaf_count=671 1073 555 46 3879 443 97
internal_value=3.81316e-05 0.00060489 0.00011146 0.000566802 0.00391417 0.0106881
internal_weight=6764 5691 5020 4465 586 143
internal_count=6764 5691 5020 4465 586 143
is_linear=0
shrinkage=0.01


Tree=320
num_leaves=7
num_cat=0
split_feature=15 8 22 2 16 18
split_gain=113.99 159.151 139.433 120.599 90.5821 76.9354
threshold=0.60749575603287143 27.014850000000006 17.609166666666692 0.60464027358754413 1.028211211583139 246.32666666666702
decision_type=2 2 10 2 2 10
left_child=1 -1 3 4 -3 -6
right_child=-2 2 -4 -5 5 -7
leaf_value=-0.0012175726185743826 -0.0010507781565488967 0.0052948370867086873 -0.00087605652149126982 0.0018509075949655425 0.02044479433066991 0.0078830834774692594
leaf_weight=1174 3968 395 485 512 88 142
leaf_count=1174 3968 395 485 512 88 142
internal_value=3.79616e-05 0.00158131 0.00360218 0.0055034 0.00841926 0.0133409
internal_weight=6764 2796 1622 1137 625 230
internal_count=6764 2796 1622 1137 625 230
is_linear=0
shrinkage=0.01


Tree=321
num_leaves=7
num_cat=0
split_feature=15 22 8 4 2 8
split_gain=112.071 129.307 159.893 143.999 89.2123 74.5209
threshold=1.0252090281288624 16.30083333333334 1697.5800000000002 0.19498990000876606 0.55039763568761979 12.493350000000001
decision_type=2 10 2 2 2 2
left_child=1 2 3 -1 -4 -5
right_child=-2 -3 4 5 -6 -7
leaf_value=0.0014202828774721539 -0.0016525333767710676 -0.00086842940881962745 0.024850077714238847 8.2549468633976391e-05 0.0041856148297136483 0.01680925879937907
leaf_weight=2114 2475 1968 39 37 45 86
leaf_count=2114 2475 1968 39 37 45 86
internal_value=3.80592e-05 0.0010152 0.00260923 0.00206242 0.0154028 0.0121622
internal_weight=6764 4289 2321 2237 84 123
internal_count=6764 4289 2321 2237 84 123
is_linear=0
shrinkage=0.01


Tree=322
num_leaves=7
num_cat=0
split_feature=1 15 11 7 1 18
split_gain=111.354 90.1706 96.1928 72.5777 64.2128 60.6793
threshold=1.1245389206919996 0.60044948179098456 0.018953767980624581 1.0000000180025095e-35 2.3032165564439397 208.04333333333338
decision_type=2 2 2 2 2 10
left_child=-1 2 4 -3 -2 -4
right_child=1 3 5 -5 -6 -7
leaf_value=-0.0017423817371374673 0.0047972864873537966 0.00034542295349416455 0.0065531296063871952 -0.0047724775376521075 0.016098285816113153 0.00092658987777606647
leaf_weight=2304 199 2193 211 307 65 1485
leaf_count=2304 199 2193 211 307 65 1485
internal_value=3.83404e-05 0.000960087 0.00256015 -0.000299565 0.00806571 0.0016609
internal_weight=6764 4460 1960 2500 264 1696
internal_count=6764 4460 1960 2500 264 1696
is_linear=0
shrinkage=0.01


Tree=323
num_leaves=7
num_cat=0
split_feature=0 2 8 22 11 13
split_gain=110.869 114.862 158.964 139.549 54.7515 50.5924
threshold=1.2645464727271944 0.47559523809523813 340.3372500000001 16.30083333333334 0.017332036676623436 0.0079365820836721519
decision_type=2 2 2 10 2 2
left_child=1 2 -1 -4 -2 -3
right_child=4 5 3 -5 -6 -7
leaf_value=0.00082737825503056159 0.015014026833157387 0.00011945668801822971 0.017458668584732908 0.0010986263104886919 0.0036409731828925115 -0.0019927548275315361
leaf_weight=1752 52 2022 105 98 166 2569
leaf_count=1752 52 2022 105 98 166 2569
internal_value=3.82848e-05 -0.000200174 0.00182404 0.00998309 0.00689334 -0.00106424
internal_weight=6764 6546 1955 203 218 4591
internal_count=6764 6546 1955 203 218 4591
is_linear=0
shrinkage=0.01


Tree=324
num_leaves=7
num_cat=0
split_feature=6 9 0 9 0 7
split_gain=109.652 71.4198 112.568 139.86 70.3353 52.4381
threshold=0.99991965424749385 1421.0000000000002 0.91009898152226454 1181.5000000000002 1.2249568725583673 1.0000000180025095e-35
decision_type=2 2 2 2 2 2
left_child=4 2 -2 -4 5 -1
right_child=1 -3 3 -5 -6 -7
leaf_value=-0.00059492123504464802 -0.0010511627931126281 0.00098286835015302595 0.0055925710706247224 0.023637097738683225 0.0061238882167445911 -0.0039225734422140036
leaf_weight=4179 163 1484 233 46 134 525
leaf_count=4179 163 1484 233 46 134 525
internal_value=3.84359e-05 0.00205022 0.00553279 0.0092826 -0.000765029 -0.000973844
internal_weight=6764 1926 442 279 4838 4704
internal_count=6764 1926 442 279 4838 4704
is_linear=0
shrinkage=0.01


Tree=325
num_leaves=7
num_cat=0
split_feature=1 2 8 20 1 11
split_gain=108.017 83.5377 204.228 123.96 60.0439 89.5746
threshold=0.99868864065214058 0.66412091874298806 340.3372500000001 292.77711188993561 2.0738947952474622 0.021234974916484069
decision_type=2 2 2 8 2 2
left_child=-1 2 4 -4 -2 -6
right_child=1 -3 3 -5 5 -7
leaf_value=-0.0025507602906362447 0.00035882094318432148 -0.0010426314857404128 0.010920493729011027 -0.0014536691999487712 0.012228971234802157 -0.0043622802308975507
leaf_weight=1292 3020 1892 324 104 90 42
leaf_count=1292 3020 1892 324 104 90 42
internal_value=3.85057e-05 0.000653398 0.00155014 0.00794915 0.000658851 0.0070145
internal_weight=6764 5472 3580 428 3152 132
internal_count=6764 5472 3580 428 3152 132
is_linear=0
shrinkage=0.01


Tree=326
num_leaves=7
num_cat=0
split_feature=0 2 9 21 16 7
split_gain=106.402 111.119 82.5313 128.884 82.1781 58.3223
threshold=1.2645464727271944 0.47559523809523813 1413.5000000000002 27.400000000000038 0.73194214223846588 1.0000000180025095e-35
decision_type=2 2 2 10 2 2
left_child=1 2 3 -1 -2 -4
right_child=4 -3 5 -5 -6 -7
leaf_value=0.019957473331998134 0.0189586365107033 -0.0010451502200312507 0.0016944600094819019 0.003336251236471841 0.0035582424102862577 -0.0033890582105420806
leaf_weight=48 35 4591 1376 271 183 260
leaf_count=48 35 4591 1376 271 183 260
internal_value=3.83288e-05 -0.000195278 0.00179567 0.00636784 0.00675386 0.000870884
internal_weight=6764 6546 1955 319 218 1636
internal_count=6764 6546 1955 319 218 1636
is_linear=0
shrinkage=0.01


Tree=327
num_leaves=7
num_cat=0
split_feature=15 11 1 7 10 5
split_gain=106.185 93.5417 78.0279 84.4956 105.617 73.8746
threshold=2.6415040341048548 0.019955804785169399 0.92526636637110893 1.0000000180025095e-35 0.0074975020869792628 0.10205164552485298
decision_type=2 2 2 2 2 2
left_child=1 -1 -3 5 -5 -4
right_child=-2 2 3 4 -6 -7
leaf_value=0.0040616454885675606 -0.0028319327694377649 -0.0033901739320676546 0.0046287315036079944 -0.00402166483965909 0.01090506851243285 0.00056073029786079458
leaf_weight=671 1073 555 506 576 42 3341
leaf_count=671 1073 555 506 576 42 3341
internal_value=3.85813e-05 0.000583816 0.0001118 0.000553698 -0.00284973 0.00110641
internal_weight=6764 5691 5020 4465 618 3847
internal_count=6764 5691 5020 4465 618 3847
is_linear=0
shrinkage=0.01


Tree=328
num_leaves=7
num_cat=0
split_feature=1 2 8 10 2 15
split_gain=104.811 73.0888 111.333 61.6098 67.2553 63.9575
threshold=1.4389845166479056 0.4201585937454716 683.67465000000004 0.0063921095430853562 0.41827935841578262 0.7884743464677626
decision_type=2 2 2 2 2 2
left_child=1 2 -1 4 -2 -5
right_child=3 -3 -4 5 -6 -7
leaf_value=0.00059188131445841617 0.0067714121914694758 -0.0014964925625488548 0.013512278861353096 0.011248329421791894 0.00070906386131812426 -0.0015978328078504532
leaf_weight=1120 196 3544 61 120 1671 52
leaf_count=1120 196 3544 61 120 1671 52
internal_value=3.83418e-05 -0.000779374 0.00136708 0.0019278 0.00137818 0.0074902
internal_weight=6764 4725 1181 2039 1867 172
internal_count=6764 4725 1181 2039 1867 172
is_linear=0
shrinkage=0.01


Tree=329
num_leaves=7
num_cat=0
split_feature=15 6 23 8 18 5
split_gain=103.453 117.434 129.264 116.664 125.511 78.643
threshold=1.0252090281288624 1.4811187686848777 20.600000000000026 565.2225000000002 219.39499999999936 0.3472105683799403
decision_type=2 2 8 2 10 2
left_child=1 3 -3 -1 -5 -6
right_child=-2 2 -4 4 5 -7
leaf_value=-3.3214217591670435e-05 -0.0015858950198798297 0.011482761619906676 -0.0067179981619119649 0.012889316204457067 0.004794538504838821 -0.0056159368631555342
leaf_weight=3602 2475 180 42 138 233 94
leaf_count=3602 2475 180 42 138 233 94
internal_value=3.83974e-05 0.000977216 0.00789823 0.000580982 0.00523923 0.00172408
internal_weight=6764 4289 222 4067 465 327
internal_count=6764 4289 222 4067 465 327
is_linear=0
shrinkage=0.01


Tree=330
num_leaves=7
num_cat=0
split_feature=0 2 8 20 18 16
split_gain=102.807 105.922 212.822 178.886 81.2139 80.6603
threshold=1.2645464727271944 0.66412091874298806 340.3372500000001 292.77711188993561 242.845 0.73194214223846588
decision_type=2 2 2 8 10 2
left_child=1 2 -1 4 -4 -2
right_child=5 -3 3 -5 -6 -7
leaf_value=2.4824580636027961e-05 0.01872823552787304 -0.0017942948343456784 0.017866652169565959 -0.0017570745358495294 0.0065204942404258857 0.0034766741125926456
leaf_weight=3607 35 2522 123 138 156 183
leaf_count=3607 35 2522 123 138 156 183
internal_value=3.8238e-05 -0.000191389 0.000815174 0.00749091 0.0119677 0.00663934
internal_weight=6764 6546 4024 417 279 218
internal_count=6764 6546 4024 417 279 218
is_linear=0
shrinkage=0.01


Tree=331
num_leaves=7
num_cat=0
split_feature=1 15 8 23 2 16
split_gain=101.756 98.7876 112.441 110.264 86.3352 114.693
threshold=0.99868864065214058 0.60749575603287143 25.292700000000004 20.425000000000029 0.66412091874298806 0.8625053431893106
decision_type=2 2 2 10 2 2
left_child=-1 2 -2 4 5 -4
right_child=1 -3 3 -5 -6 -7
leaf_value=-0.0024746219408612099 -0.00058215220146201792 -0.00053030627708882316 0.0037408554652476386 -0.0028592442210997626 0.0012697147365034254 0.011424010989874769
leaf_weight=1292 905 3122 500 201 419 325
leaf_count=1292 905 3122 500 201 419 325
internal_value=3.84914e-05 0.000635297 0.0021795 0.00390123 0.00500765 0.00686812
internal_weight=6764 5472 2350 1445 1244 825
internal_count=6764 5472 2350 1445 1244 825
is_linear=0
shrinkage=0.01


Tree=332
num_leaves=7
num_cat=0
split_feature=15 1 0 2 18 14
split_gain=100.131 86.6534 79.5665 80.0621 88.5456 50.3125
threshold=2.6415040341048548 0.93618628435435258 1.2645464727271944 0.41827935841578262 178.19666666666589 17.44479566502007
decision_type=2 2 2 2 8 2
left_child=1 -1 3 4 -3 -4
right_child=-2 2 5 -5 -6 -7
leaf_value=-0.0030157433626483293 -0.0027492193579025316 0.016896708473901859 0.0032652092482894656 -2.2090204394684389e-05 0.0023850906055275217 0.013719050022837234
leaf_weight=594 1073 34 150 3656 1194 63
leaf_count=594 1073 34 150 3656 1194 63
internal_value=3.82539e-05 0.000567714 0.000990414 0.000722134 0.00292012 0.00683374
internal_weight=6764 5691 5097 4884 1228 213
internal_count=6764 5691 5097 4884 1228 213
is_linear=0
shrinkage=0.01


Tree=333
num_leaves=7
num_cat=0
split_feature=1 15 22 10 17 15
split_gain=98.6158 72.0957 89.3941 86.3192 72.2387 67.5342
threshold=1.2756370434012723 0.23631796880839581 17.609166666666692 0.0074975020869792628 321.05000000000007 0.7884743464677626
decision_type=2 2 10 2 10 2
left_child=-1 2 4 -3 -2 -5
right_child=1 3 -4 5 -6 -7
leaf_value=-0.0010892522363703157 0.0064864023201173862 6.8881005270524028e-05 -0.0038200143514762796 0.015515648545697331 -0.0050025130197819739 -0.00076822894513607024
leaf_weight=3609 584 2306 116 56 53 40
leaf_count=3609 584 2306 116 56 53 40
internal_value=3.83213e-05 0.00132752 0.00400582 0.000474772 0.00546795 0.00929831
internal_weight=6764 3155 753 2402 637 96
internal_count=6764 3155 753 2402 637 96
is_linear=0
shrinkage=0.01


Tree=334
num_leaves=7
num_cat=0
split_feature=0 2 8 20 16 13
split_gain=97.8346 102.188 145.055 162.565 79.238 45.2724
threshold=1.2645464727271944 0.47559523809523813 340.3372500000001 292.94972141850457 0.73194214223846588 0.0079365820836721519
decision_type=2 2 2 10 2 2
left_child=1 2 -1 -4 -2 -3
right_child=4 5 3 -5 -6 -7
leaf_value=0.00077141838643827272 0.018454300545983845 0.00011880304670847282 0.015772585264202339 -0.0023996500357440333 0.0033494804673128487 -0.001879244479553423
leaf_weight=1752 35 2022 131 72 183 2569
leaf_count=1752 35 2022 131 72 183 2569
internal_value=3.81063e-05 -0.0001859 0.00172336 0.0095172 0.0064776 -0.0010009
internal_weight=6764 6546 1955 203 218 4591
internal_count=6764 6546 1955 203 218 4591
is_linear=0
shrinkage=0.01


Tree=335
num_leaves=7
num_cat=0
split_feature=15 11 2 15 7 1
split_gain=96.6199 86.3476 77.0888 66.9645 66.3863 84.9306
threshold=2.6415040341048548 0.019955804785169399 0.28845719504833328 0.7884743464677626 1.0000000180025095e-35 1.2409842504999078
decision_type=2 2 2 2 2 2
left_child=1 3 -3 -1 5 -4
right_child=-2 2 4 -5 -6 -7
leaf_value=0.0065681227324412596 -0.0026999432316476895 0.0039885151398912373 -0.0013354730910891247 0.00020714818316706885 -0.0033662970991204738 0.0015854288437649386
leaf_weight=385 1073 454 1907 286 598 2061
leaf_count=385 1073 454 1907 286 598 2061
internal_value=3.82299e-05 0.000558324 0.000104828 0.00389974 -0.000289202 0.00018183
internal_weight=6764 5691 5020 671 4566 3968
internal_count=6764 5691 5020 671 4566 3968
is_linear=0
shrinkage=0.01


Tree=336
num_leaves=7
num_cat=0
split_feature=0 15 16 1 7 10
split_gain=95.8071 82.8928 77.9338 69.7318 70.4861 124.166
threshold=1.2645464727271944 3.4120401236268219 0.73194214223846588 0.93618628435435258 1.0000000180025095e-35 0.0080205950218062583
decision_type=2 2 2 2 2 2
left_child=1 3 -2 -1 -5 -6
right_child=2 -3 -4 4 5 -7
leaf_value=-0.002833122127605078 0.018287397123045394 -0.0032043154054335354 0.0033089387762345801 0.0010814666198028209 -0.003561438181996788 0.012845812523365021
leaf_weight=647 35 788 183 4449 622 40
leaf_count=647 35 788 183 4449 622 40
internal_value=3.79206e-05 -0.000183753 0.00641034 0.000234459 0.000627557 -0.00239366
internal_weight=6764 6546 218 5758 5111 662
internal_count=6764 6546 218 5758 5111 662
is_linear=0
shrinkage=0.01


Tree=337
num_leaves=7
num_cat=0
split_feature=0 15 16 1 15 18
split_gain=94.1713 81.2687 76.7932 68.3775 64.0168 144.676
threshold=1.2645464727271944 3.4120401236268219 0.73194214223846588 0.92526636637110893 0.22643131998858076 212.28166666666672
decision_type=2 2 2 2 2 8
left_child=1 3 -2 -1 5 -5
right_child=2 -3 -4 4 -6 -7
leaf_value=-0.0029031586974346334 0.018145161688327791 -0.0031726737910902649 0.00327756386674902 0.010202349159373916 -3.3403750306729912e-05 0.0010633714067206335
leaf_weight=611 35 788 183 197 3869 1081
leaf_count=611 35 788 183 197 3869 1081
internal_value=3.79242e-05 -0.000181849 0.00635571 0.000232245 0.000609356 0.00254039
internal_weight=6764 6546 218 5758 5147 1278
internal_count=6764 6546 218 5758 5147 1278
is_linear=0
shrinkage=0.01


Tree=338
num_leaves=7
num_cat=0
split_feature=6 9 0 9 18 0
split_gain=94.2541 67.6367 105.056 135.853 62.1252 61.2706
threshold=0.99991965424749385 1421.0000000000002 0.91009898152226454 1181.5000000000002 240.37833333333347 1.2249568725583673
decision_type=2 2 2 2 10 2
left_child=5 2 -2 4 -4 -1
right_child=1 -3 3 -5 -6 -7
leaf_value=-0.00090189392786310251 -0.0010659213097109271 0.0008651720278260276 0.012456714130778521 0.023049170936324765 0.0016078183189207733 0.0057226411567535256
leaf_weight=4704 163 1484 71 46 162 134
leaf_count=4704 163 1484 71 46 162 134
internal_value=3.79373e-05 0.00190313 0.00529179 0.00891451 0.00529028 -0.000706986
internal_weight=6764 1926 442 279 233 4838
internal_count=6764 1926 442 279 233 4838
is_linear=0
shrinkage=0.01


Tree=339
num_leaves=7
num_cat=0
split_feature=2 8 23 18 9 4
split_gain=92.5292 208.087 139.298 68.6938 62.351 55.0825
threshold=0.66412091874298806 340.3372500000001 18.960714285714307 242.845 1121.5000000000002 0.090909090909090912
decision_type=2 2 10 10 2 2
left_child=1 5 3 -3 -4 -1
right_child=-2 2 4 -5 -6 -7
leaf_value=-0.00041192555393751603 -0.0014178526124634524 0.016456421103447357 0.011291638061404229 0.0063528022657458987 -0.0026500230611382443 0.0028424908559577344
leaf_weight=3017 2646 131 30 170 152 618
leaf_count=3017 2646 131 30 170 152 618
internal_value=3.8174e-05 0.000974905 0.00707144 0.0111378 0.000116468 0.00014765
internal_weight=6764 4118 483 301 182 3635
internal_count=6764 4118 483 301 182 3635
is_linear=0
shrinkage=0.01


Tree=340
num_leaves=7
num_cat=0
split_feature=6 9 1 9 15 18
split_gain=91.2148 66.0607 70.8434 141.555 59.2595 130.786
threshold=0.99991965424749385 1421.0000000000002 1.1472112508189818 1058.0000000000002 0.093065218676334313 219.39499999999936
decision_type=2 2 2 2 2 10
left_child=4 2 -2 -4 5 -1
right_child=1 -3 3 -5 -6 -7
leaf_value=0.010620877550294002 -0.0040248719794121948 0.00084741093260248552 0.0031688078282863501 0.017139054466411473 -0.0010564272176526153 -0.00077994094181614115
leaf_weight=134 64 1484 288 90 4374 330
leaf_count=134 64 1484 288 90 4374 330
internal_value=3.82715e-05 0.00187314 0.00522206 0.00685106 -0.000694544 0.00266714
internal_weight=6764 1926 442 378 4838 464
internal_count=6764 1926 442 378 4838 464
is_linear=0
shrinkage=0.01


Tree=341
num_leaves=7
num_cat=0
split_feature=15 22 6 15 17 20
split_gain=90.3763 112.462 132.516 67.1702 95.7792 73.6641
threshold=1.0252090281288624 16.30083333333334 1.5543939706871579 0.09863688129757496 306.9500000000001 287.87017574740582
decision_type=2 10 2 2 10 10
left_child=1 2 3 4 -1 -5
right_child=-2 -3 -4 5 -6 -7
leaf_value=0.0077699388156474486 -0.0014799019161141451 -0.00084080097867334619 0.01302909554847117 -0.0013984413611888397 -0.0027749913987522089 0.0027103368904033689
leaf_weight=345 2475 1968 102 752 108 1014
leaf_count=345 2475 1968 102 752 108 1014
internal_value=3.82713e-05 0.000915749 0.00240236 0.00185763 0.00525028 0.00096271
internal_weight=6764 4289 2321 2219 453 1766
internal_count=6764 4289 2321 2219 453 1766
is_linear=0
shrinkage=0.01


Tree=342
num_leaves=7
num_cat=0
split_feature=0 2 8 16 21 4
split_gain=90.1926 96.0176 101.481 75.2762 62.1972 45.6803
threshold=1.2645464727271944 0.41827935841578262 683.67465000000004 0.73194214223846588 30.200000000000021 0.11322945074246336
decision_type=2 2 2 2 10 2
left_child=1 2 5 -2 -4 -1
right_child=3 -3 4 -5 -6 -7
leaf_value=0.00054906594596490802 0.017889966517686845 -0.00080534897965504643 0.021592865960627067 0.0031779496366920556 0.0041418208524821301 0.0054627994825334663
leaf_weight=1083 35 5159 31 183 53 220
leaf_count=1083 35 5159 31 183 53 220
internal_value=3.81398e-05 -0.000176942 0.00214947 0.00622102 0.0121941 0.00141399
internal_weight=6764 6546 1387 218 84 1303
internal_count=6764 6546 1387 218 84 1303
is_linear=0
shrinkage=0.01


Tree=343
num_leaves=7
num_cat=0
split_feature=1 15 8 23 5 1
split_gain=89.214 87.0484 106.495 103.225 77.6907 65.3133
threshold=0.99868864065214058 0.60749575603287143 25.292700000000004 20.425000000000029 0.19250206535463851 2.0591459473943612
decision_type=2 2 2 10 2 2
left_child=-1 2 -2 4 5 -4
right_child=1 -3 3 -5 -6 -7
leaf_value=-0.0023146179857914031 -0.00064005349291223893 -0.00049682211432628505 0.0067607083864056981 -0.0028170176935315978 0.0030281837375040954 0.020178303940428629
leaf_weight=1292 905 3122 360 201 849 35
leaf_count=1292 905 3122 360 201 849 35
internal_value=3.85262e-05 0.000597338 0.00204689 0.00372255 0.00479322 0.00841848
internal_weight=6764 5472 2350 1445 1244 395
internal_count=6764 5472 2350 1445 1244 395
is_linear=0
shrinkage=0.01


Tree=344
num_leaves=7
num_cat=0
split_feature=2 1 11 18 5 1
split_gain=88.176 84.7805 69.3152 66.4641 56.3948 51.082
threshold=0.66412091874298806 2.0738947952474622 0.021234974916484069 178.19666666666589 0.26022246846131064 0.95122636785439385
decision_type=2 2 2 8 2 2
left_child=1 3 -3 4 -1 -5
right_child=-2 2 -4 5 -6 -7
leaf_value=0.012423989042639732 -0.001382874812081727 0.011799685958274238 0.00068894391244821314 -0.0032033404506142827 0.001427788472423951 0.00069303867904922916
leaf_weight=75 2646 117 103 364 110 3349
leaf_count=75 2646 117 103 364 110 3349
internal_value=3.84908e-05 0.00095292 0.00685396 0.000603184 0.00629422 0.000303483
internal_weight=6764 4118 220 3898 185 3713
internal_count=6764 4118 220 3898 185 3713
is_linear=0
shrinkage=0.01


Tree=345
num_leaves=7
num_cat=0
split_feature=0 15 16 6 8 22
split_gain=87.5477 76.189 73.9237 62.2979 61.7418 53.2724
threshold=1.2645464727271944 3.4120401236268219 0.73194214223846588 0.99991965424749385 15.556050000000001 16.955000000000073
decision_type=2 2 2 2 2 8
left_child=1 3 -2 -1 5 -5
right_child=2 -3 -4 4 -6 -7
leaf_value=-0.00046017699311475007 0.017691965881321166 -0.003069318062874193 0.0031165738917230939 0.0013455312328068945 0.0030664430278966167 -0.0050108842633538025
leaf_weight=4008 35 788 183 358 1196 196
leaf_count=4008 35 788 183 358 1196 196
internal_value=3.84372e-05 -0.000173469 0.00612999 0.000227471 0.00179605 -0.000952281
internal_weight=6764 6546 218 5758 1750 554
internal_count=6764 6546 218 5758 1750 554
is_linear=0
shrinkage=0.01


Tree=346
num_leaves=7
num_cat=0
split_feature=0 6 13 18 11 14
split_gain=86.0584 72.8931 53.4571 67.6237 49.3192 45.0213
threshold=1.2645464727271944 0.95371202434212266 1.0000000180025095e-35 215.7433333333336 0.017332036676623436 55.669639344324075
decision_type=2 2 2 8 2 2
left_child=1 2 3 -1 -2 -3
right_child=4 5 -4 -5 -6 -7
leaf_value=0.0039263223343540309 0.013762568829040374 0.0019136179370748167 -0.0019471859757361574 -0.00061679614082014653 0.0030253548088314181 -0.0023253190364445403
leaf_weight=395 52 1846 2318 1706 166 281
leaf_count=395 52 1846 2318 1706 166 281
internal_value=3.82991e-05 -0.000171797 -0.000903434 0.000251889 0.00607781 0.00134535
internal_weight=6764 6546 4419 2101 218 2127
internal_count=6764 6546 4419 2101 218 2127
is_linear=0
shrinkage=0.01


Tree=347
num_leaves=7
num_cat=0
split_feature=15 22 8 2 23 0
split_gain=85.1237 107.006 138.345 80.3409 69.2652 64.8473
threshold=1.0252090281288624 16.30083333333334 1697.5800000000002 0.55039763568761979 13.703571428571454 1.201132683845896
decision_type=2 10 2 2 8 2
left_child=1 2 4 -4 -1 -6
right_child=-2 -3 3 -5 5 -7
leaf_value=0.00029491808168774844 -0.0014352188566146827 -0.00082362239444111018 0.023189005433600775 0.0036761588413606987 0.0029823010166713988 0.012033254224597738
leaf_weight=1274 2475 1968 39 45 884 79
leaf_count=1274 2475 1968 39 45 884 79
internal_value=3.8178e-05 0.000889774 0.00233988 0.0142388 0.00183169 0.00384084
internal_weight=6764 4289 2321 84 2237 963
internal_count=6764 4289 2321 84 2237 963
is_linear=0
shrinkage=0.01


Tree=348
num_leaves=7
num_cat=0
split_feature=1 0 7 10 2 8
split_gain=84.4578 73.5449 81.3625 108.906 88.7904 91.6142
threshold=0.99868864065214058 1.2645464727271944 1.0000000180025095e-35 0.0063921095430853562 0.47559523809523813 340.3372500000001
decision_type=2 2 2 2 2 2
left_child=-1 2 4 -4 5 -2
right_child=1 -3 3 -5 -6 -7
leaf_value=-0.0022511755476760094 0.0019841374491856253 0.0061682719040859861 -0.0043806439282781011 0.0074575858165820443 -0.00012273289589989167 0.010176836033366839
leaf_weight=1292 1292 216 592 80 3148 144
leaf_count=1292 1292 216 592 80 3148 144
internal_value=3.83855e-05 0.000582097 0.00034125 -0.00288265 0.00081911 0.00287039
internal_weight=6764 5472 5256 672 4584 1436
internal_count=6764 5472 5256 672 4584 1436
is_linear=0
shrinkage=0.01


Tree=349
num_leaves=7
num_cat=0
split_feature=15 11 7 2 15 5
split_gain=83.6679 77.5921 75.5462 91.8832 63.5273 62.6339
threshold=3.4120401236268219 0.019955804785169399 1.0000000180025095e-35 0.41827935841578262 0.7884743464677626 0.069109789434921159
decision_type=2 2 2 2 2 2
left_child=1 4 3 -3 -1 -6
right_child=-2 2 -4 -5 5 -7
leaf_value=0.0062210573353156263 -0.0029969240055325325 0.0031275971902730106 -0.0029079321832849942 -0.00025128887484565714 -0.0098516898820141582 0.0020997313134038572
leaf_weight=385 791 1032 739 3530 43 244
leaf_count=385 791 1032 739 3530 43 244
internal_value=3.82826e-05 0.00044457 3.60295e-05 0.00051824 0.00361952 3.76841e-05
internal_weight=6764 5973 5301 4562 672 287
internal_count=6764 5973 5301 4562 672 287
is_linear=0
shrinkage=0.01


Tree=350
num_leaves=7
num_cat=0
split_feature=1 7 10 2 9 8
split_gain=83.0883 73.5276 134.167 76.9748 61.2683 91.436
threshold=1.4747468523983533 1.0000000180025095e-35 0.0063921095430853562 0.47037055567868363 1139.0000000000002 683.67465000000004
decision_type=2 2 2 2 2 2
left_child=4 3 -3 -2 5 -1
right_child=1 2 -4 -5 -6 -7
leaf_value=-0.00044688880821342375 0.0081767975103555837 -0.0047364325534400278 0.0083920104704834162 0.0018795231535960069 -0.0010262747283504149 0.0083190118619349569
leaf_weight=341 224 333 91 1206 4397 172
leaf_count=341 224 333 91 1206 4397 172
internal_value=3.78324e-05 0.00183577 -0.00179033 0.00291588 -0.000643413 0.00259503
internal_weight=6764 1854 424 1430 4910 513
internal_count=6764 1854 424 1430 4910 513
is_linear=0
shrinkage=0.01


Tree=351
num_leaves=7
num_cat=0
split_feature=2 8 22 18 9 1
split_gain=82.0205 192.072 136.457 83.0789 67.2242 57.6692
threshold=0.66412091874298806 340.3372500000001 16.30083333333334 242.845 1121.5000000000002 2.0738947952474622
decision_type=2 2 10 10 2 2
left_child=1 5 3 -3 -4 -1
right_child=-2 2 4 -5 -6 -7
leaf_value=-0.00012793346549344993 -0.0013330988691301305 0.017245283098609159 0.011340033121882601 0.0057374886016920788 -0.0020572719139776924 0.0063724401603456136
leaf_weight=3503 2646 122 37 149 175 132
leaf_count=3503 2646 122 37 149 175 132
internal_value=3.77576e-05 0.00091969 0.00677693 0.0113475 0.000686425 0.000124954
internal_weight=6764 4118 483 271 212 3635
internal_count=6764 4118 483 271 212 3635
is_linear=0
shrinkage=0.01


Tree=352
num_leaves=7
num_cat=0
split_feature=1 15 22 4 7 20
split_gain=81.1766 79.7284 88.623 69.0597 54.7167 50.6384
threshold=0.99868864065214058 0.60749575603287143 16.72750000000001 0.22196292251921251 1.0000000180025095e-35 287.69072456453404
decision_type=2 2 10 2 2 10
left_child=-1 2 3 -2 5 -3
right_child=1 4 -4 -5 -6 -7
leaf_value=-0.0022067170596653638 0.0027999482763408673 -0.0023351647715803823 -0.0007168625213969977 0.011713066997174965 -0.0041324094653353727 0.00077833832674149427
leaf_weight=1292 1457 686 809 84 352 2084
leaf_count=1292 1457 686 809 84 352 2084
internal_value=3.79288e-05 0.000570973 0.00195824 0.00335819 -0.000476171 1.64237e-06
internal_weight=6764 5472 2350 1541 3122 2770
internal_count=6764 5472 2350 1541 3122 2770
is_linear=0
shrinkage=0.01


Tree=353
num_leaves=7
num_cat=0
split_feature=0 16 15 1 7 10
split_gain=80.2454 72.4565 70.0371 60.4943 64.0873 115.154
threshold=1.2645464727271944 0.73194214223846588 3.4120401236268219 0.92526636637110893 1.0000000180025095e-35 0.0080205950218062583
decision_type=2 2 2 2 2 2
left_child=2 -2 3 -1 -5 -6
right_child=1 -3 -4 4 5 -7
leaf_value=-0.0027299622820299223 0.01730708271596167 0.0028987164793468512 -0.0029417179396083078 0.0010056955181038882 -0.0034081824100959529 0.012386606398224831
leaf_weight=611 35 183 788 4479 628 40
leaf_count=611 35 183 788 4479 628 40
internal_value=3.76366e-05 0.00586961 -0.000165241 0.00021917 0.000573876 -0.00229364
internal_weight=6764 218 6546 5758 5147 668
internal_count=6764 218 6546 5758 5147 668
is_linear=0
shrinkage=0.01


Tree=354
num_leaves=7
num_cat=0
split_feature=15 11 1 8 21 6
split_gain=79.3391 129.667 59.732 69.3722 87.7733 56.7384
threshold=0.78292190679549989 0.018953767980624581 0.93618628435435258 565.2225000000002 37.10000000000003 1.6663995794164277
decision_type=2 2 2 2 10 2
left_child=1 5 -3 -4 -5 -1
right_child=-2 2 3 4 -6 -7
leaf_value=0.0048949891584561559 -0.0010964784000732552 -0.0028966517992981139 0.00054646637538508728 0.0093874388176607357 -0.0050955016986189185 0.016102125608041636
leaf_weight=246 3221 442 2581 176 47 51
leaf_count=246 3221 442 2581 176 47 51
internal_value=3.76222e-05 0.00106884 0.0004798 0.00102044 0.0062473 0.00728126
internal_weight=6764 3543 3246 2804 223 297
internal_count=6764 3543 3246 2804 223 297
is_linear=0
shrinkage=0.01


Tree=355
num_leaves=7
num_cat=0
split_feature=2 8 22 18 9 22
split_gain=78.8708 186.086 131.585 81.8561 66.0076 52.8769
threshold=0.66412091874298806 340.3372500000001 16.30083333333334 242.845 1121.5000000000002 8.2625000000000259
decision_type=2 2 10 10 2 10
left_child=1 5 3 -3 -4 -1
right_child=-2 2 4 -5 -6 -7
leaf_value=-0.0040970124480737878 -0.0013067098808241132 0.017006086363090259 0.011242801626311971 0.0055974653796673568 -0.0020328026571487254 0.00046291269737842758
leaf_weight=265 2646 122 37 149 175 3370
leaf_count=265 2646 122 37 149 175 3370
internal_value=3.75684e-05 0.000902401 0.00666763 0.0111559 0.000686231 0.000120155
internal_weight=6764 4118 483 271 212 3635
internal_count=6764 4118 483 271 212 3635
is_linear=0
shrinkage=0.01


Tree=356
num_leaves=7
num_cat=0
split_feature=1 7 4 2 14 2
split_gain=77.761 70.7668 77.9342 74.2456 62.0658 59.1065
threshold=1.4747468523983533 1.0000000180025095e-35 0.25592446503415689 0.47037055567868363 43.518916488384868 0.4201585937454716
decision_type=2 2 2 2 2 2
left_child=5 3 -3 4 -2 -1
right_child=1 2 -4 -5 -6 -7
leaf_value=0.001288806185931773 0.010527267913154212 -0.0039302033263346695 0.0063060785773161208 0.0018191043868259721 -0.0021259589736265213 -0.0012486369905018581
leaf_weight=1211 179 339 85 1206 45 3699
leaf_count=1211 179 339 85 1206 45 3699
internal_value=3.75895e-05 0.00177693 -0.0017801 0.00283664 0.0080031 -0.000621456
internal_weight=6764 1854 424 1430 224 4910
internal_count=6764 1854 424 1430 224 4910
is_linear=0
shrinkage=0.01


Tree=357
num_leaves=7
num_cat=0
split_feature=15 2 1 7 10 8
split_gain=77.0852 71.9663 64.8929 86.2995 156.127 57.8994
threshold=3.4120401236268219 0.25016427365162591 1.2409842504999078 1.0000000180025095e-35 0.0063921095430853562 23.862150000000003
decision_type=2 2 2 2 2 2
left_child=1 -1 -3 -4 -5 -6
right_child=-2 2 3 4 5 -7
leaf_value=0.0049740434281024121 -0.0028759617369673442 -0.0010805672633699597 0.0018006096039249184 -0.005171643260353226 -0.0024772074237102417 0.013052863281612332
leaf_weight=319 791 2404 2722 431 31 66
leaf_count=319 791 2404 2722 431 31 66
internal_value=3.74001e-05 0.000427377 0.000162524 0.00108252 -0.00258409 0.00832198
internal_weight=6764 5973 5654 3250 528 97
internal_count=6764 5973 5654 3250 528 97
is_linear=0
shrinkage=0.01


Tree=358
num_leaves=7
num_cat=0
split_feature=0 2 8 16 18 4
split_gain=77.0754 84.3442 92.8684 71.2853 51.1449 42.5903
threshold=1.2645464727271944 0.41827935841578262 683.67465000000004 0.73194214223846588 242.845 0.11322945074246336
decision_type=2 2 2 2 10 2
left_child=1 2 5 -2 -4 -1
right_child=3 -3 4 -5 -6 -7
leaf_value=0.00048081183754723972 0.017094369060463376 -0.00075065860562841121 0.018940116888649453 0.0028102813107130442 0.0032825874444097282 0.0052247075663130402
leaf_weight=1083 35 5159 38 183 46 220
leaf_count=1083 35 5159 38 183 46 220
internal_value=3.71475e-05 -0.000161683 0.00201873 0.00575277 0.0116271 0.00131547
internal_weight=6764 6546 1387 218 84 1303
internal_count=6764 6546 1387 218 84 1303
is_linear=0
shrinkage=0.01


Tree=359
num_leaves=7
num_cat=0
split_feature=15 11 1 8 21 17
split_gain=75.9711 125.054 57.373 66.4885 84.7064 63.8404
threshold=0.78292190679549989 0.018953767980624581 0.93618628435435258 565.2225000000002 37.10000000000003 309.65000000000009
decision_type=2 2 2 2 10 10
left_child=1 -1 -3 -4 5 -5
right_child=-2 2 3 4 -6 -7
leaf_value=0.007147473381098105 -0.0010722973373797034 -0.002840992457014962 0.00053395391741058033 0.012704774757684039 -0.0050253278742495334 -0.00049676489495372367
leaf_weight=297 3221 442 2581 127 47 49
leaf_count=297 3221 442 2581 127 47 49
internal_value=3.74711e-05 0.00104656 0.000468104 0.000997966 0.00611503 0.00920024
internal_weight=6764 3543 3246 2804 223 176
internal_count=6764 3543 3246 2804 223 176
is_linear=0
shrinkage=0.01


Tree=360
num_leaves=7
num_cat=0
split_feature=2 12 22 14 15 18
split_gain=74.9367 78.5586 55.6735 82.981 104.551 71.7194
threshold=0.66412091874298806 0.0088032195105652248 17.704166666666691 28.353204973649643 0.086016241073786109 224.29666666666682
decision_type=2 2 8 2 2 10
left_child=1 -1 3 4 5 -3
right_child=-2 2 -4 -5 -6 -7
leaf_value=0.009549545499623991 -0.001273066216924772 0.016907363340894623 -0.00087556425128233338 -0.00074761391375700512 0.0019226589493981725 0.0045502095730107738
leaf_weight=92 2646 72 1485 966 1367 136
leaf_count=92 2646 72 1485 966 1367 136
internal_value=3.7258e-05 0.000880245 0.000658968 0.00155569 0.00296419 0.00940704
internal_weight=6764 4118 4026 2541 1575 208
internal_count=6764 4118 4026 2541 1575 208
is_linear=0
shrinkage=0.01


Tree=361
num_leaves=7
num_cat=0
split_feature=0 2 18 22 11 1
split_gain=75.4104 81.9139 80.8193 55.3021 46.8263 41.7602
threshold=1.2645464727271944 0.41827935841578262 178.19666666666589 8.040833333333369 0.017332036676623436 1.2258826367757309
decision_type=2 2 8 10 2 2
left_child=1 2 -1 -4 -2 -3
right_child=4 5 3 -5 -6 -7
leaf_value=0.015192686895529429 0.013168744385362632 -0.00169851125499239 -0.0056098083295112499 0.002094527466928509 0.0027332780310164464 0.00010254318509142095
leaf_weight=35 52 2408 91 1261 166 2751
leaf_count=35 52 2408 91 1261 166 2751
internal_value=3.73288e-05 -0.000159343 0.00198942 0.00153859 0.00569087 -0.000739771
internal_weight=6764 6546 1387 1352 218 5159
internal_count=6764 6546 1387 1352 218 5159
is_linear=0
shrinkage=0.01


Tree=362
num_leaves=7
num_cat=0
split_feature=15 2 1 7 10 18
split_gain=73.5937 69.0618 61.3822 84.6753 152.178 56.0965
threshold=3.4120401236268219 0.25016427365162591 1.2409842504999078 1.0000000180025095e-35 0.0063921095430853562 250.97166666666683
decision_type=2 2 2 2 2 8
left_child=1 5 -3 -4 -5 -1
right_child=-2 2 3 4 -6 -7
leaf_value=0.01232106301933527 -0.0028092810163127908 -0.0010500727052384273 0.001765031933299222 -0.0051323485155452611 0.0081900930986086896 0.002459617512330941
leaf_weight=68 791 2404 2722 431 97 251
leaf_count=68 791 2404 2722 431 97 251
internal_value=3.73391e-05 0.00041838 0.000158928 0.00105369 -0.00257811 0.00487235
internal_weight=6764 5973 5654 3250 528 319
internal_count=6764 5973 5654 3250 528 319
is_linear=0
shrinkage=0.01


Tree=363
num_leaves=7
num_cat=0
split_feature=0 2 8 16 20 1
split_gain=73.6932 79.6475 89.6001 69.7747 50.5097 46.7132
threshold=1.2645464727271944 0.41827935841578262 683.67465000000004 0.73194214223846588 292.41911433751937 1.416876414486824
decision_type=2 2 2 2 10 2
left_child=1 2 5 -2 -4 -1
right_child=3 -3 4 -5 -6 -7
leaf_value=0.00036407140986207727 0.016843960669305588 -0.00072956423668499532 0.016544578964748081 0.0027189156533715948 0.00071245889838148901 0.005209715881850571
leaf_weight=1068 35 5159 53 183 31 235
leaf_count=1068 35 5159 53 183 31 235
internal_value=3.71981e-05 -0.000157222 0.00196161 0.005626 0.0113991 0.00127102
internal_weight=6764 6546 1387 218 84 1303
internal_count=6764 6546 1387 218 84 1303
is_linear=0
shrinkage=0.01


Tree=364
num_leaves=7
num_cat=0
split_feature=15 11 14 2 0 1
split_gain=72.6079 120.386 55.5348 67.7771 60.9866 59.8577
threshold=0.78292190679549989 0.018953767980624581 57.155092561199304 0.66412091874298806 1.1424885948420769 1.900803901073066
decision_type=2 2 2 2 2 2
left_child=1 2 3 5 -5 -1
right_child=-2 -3 -4 4 -6 -7
leaf_value=0.0061435995523740228 -0.0010474864958870652 0.00045639519489501008 -0.0040745390536771585 -0.0058830084487543266 0.010116728686611167 0.018291772911768586
leaf_weight=110 3221 3246 34 49 30 74
leaf_count=110 3221 3246 34 49 30 74
internal_value=3.74412e-05 0.00102394 0.00700988 0.00853961 0.000646872 0.0117203
internal_weight=6764 3543 297 263 79 184
internal_count=6764 3543 297 263 79 184
is_linear=0
shrinkage=0.01


Tree=365
num_leaves=7
num_cat=0
split_feature=0 2 16 14 22 15
split_gain=71.9629 77.9691 68.3752 56.3879 63.5765 65.8599
threshold=1.2645464727271944 0.41827935841578262 0.73194214223846588 28.652605846613188 17.704166666666691 0.25161794813502153
decision_type=2 2 2 2 8 2
left_child=1 3 -2 4 5 -1
right_child=2 -3 -4 -5 -6 -7
leaf_value=0.0097657256499059271 0.016664715931152589 -0.00072098476476521864 0.0026829970986075665 -0.00080696112021017995 6.8547317886245341e-05 0.0026419448228473335
leaf_weight=211 35 5159 183 483 352 341
leaf_count=211 35 5159 183 483 352 341
internal_value=3.74211e-05 -0.000154704 0.00556022 0.00194168 0.00340302 0.0054903
internal_weight=6764 6546 218 1387 904 552
internal_count=6764 6546 218 1387 904 552
is_linear=0
shrinkage=0.01


Tree=366
num_leaves=7
num_cat=0
split_feature=15 2 0 16 7 10
split_gain=71.0144 66.6224 67.3374 60.8752 45.4234 95.4769
threshold=3.4120401236268219 0.25016427365162591 1.1539983609574738 0.456898335086171 1.0000000180025095e-35 0.0080205950218062583
decision_type=2 2 2 2 2 2
left_child=1 -1 4 -4 -3 -6
right_child=-2 2 3 -5 5 -7
leaf_value=0.0047863991063238206 -0.0027587983766777071 0.00022275038237240812 0.014084857544777068 0.002505789859662615 -0.0035921334115900099 0.010953046931904189
leaf_weight=319 791 4652 45 303 615 39
leaf_count=319 791 4652 45 303 615 39
internal_value=3.74942e-05 0.000411797 0.000156966 0.00435469 -0.00012602 -0.00257287
internal_weight=6764 5973 5654 348 5306 654
internal_count=6764 5973 5654 348 5306 654
is_linear=0
shrinkage=0.01


Tree=367
num_leaves=7
num_cat=0
split_feature=1 0 2 8 18 16
split_gain=70.5588 61.7283 65.7776 129.051 88.7187 64.7801
threshold=0.99868864065214058 1.2645464727271944 0.69713861849696712 340.3372500000001 242.845 0.73194214223846588
decision_type=2 2 2 2 10 2
left_child=-1 2 3 -2 -5 -3
right_child=1 5 -4 4 -6 -7
leaf_value=-0.002055201273561368 0.00035714082593005399 0.016458496288292938 -0.0014861076366332194 0.01242741563245266 0.0026950645255762666 0.0028103313976728128
leaf_weight=1292 3389 35 1457 140 270 181
leaf_count=1292 3389 35 1457 140 270 181
internal_value=3.7506e-05 0.000534465 0.000313812 0.00100621 0.00623507 0.00565224
internal_weight=6764 5472 5256 3799 410 216
internal_count=6764 5472 5256 3799 410 216
is_linear=0
shrinkage=0.01


Tree=368
num_leaves=7
num_cat=0
split_feature=15 22 6 9 13 1
split_gain=69.5327 85.3459 121.93 81.6922 84.1838 49.8332
threshold=0.78292190679549989 16.30083333333334 1.5543939706871579 1139.0000000000002 0.0079365820836721519 1.1378281985387251
decision_type=2 10 2 2 2 2
left_child=1 2 3 4 -1 -5
right_child=-2 -3 -4 5 -6 -7
leaf_value=0.012686068856223363 -0.0010241132269106709 -0.00074463117487578827 0.012983899469514495 -0.0016153862465408211 -0.0014645227044820786 0.0021546340119659342
leaf_weight=117 3221 1560 93 480 60 1233
leaf_count=117 3221 1560 93 480 60 1233
internal_value=3.75916e-05 0.00100297 0.00237462 0.00178699 0.00806746 0.00109499
internal_weight=6764 3543 1983 1890 177 1713
internal_count=6764 3543 1983 1890 177 1713
is_linear=0
shrinkage=0.01


Tree=369
num_leaves=7
num_cat=0
split_feature=1 15 11 18 1 15
split_gain=68.8894 70.9212 73.2051 65.495 59.5904 56.1102
threshold=0.95122636785439385 0.60749575603287143 0.018953767980624581 208.04333333333338 2.3032165564439397 0.2326402229040134
decision_type=2 2 2 10 2 2
left_child=-1 2 4 5 -2 -4
right_child=1 -3 3 -5 -6 -7
leaf_value=-0.0023831883297559639 0.0035656497858586574 -0.00049238225704130965 0.009186916923836658 0.00048363406073654528 0.014280684138213595 -0.00054540852826756591
leaf_weight=992 204 3329 161 1924 65 89
leaf_count=992 204 3329 161 1924 65 89
internal_value=3.75549e-05 0.000456996 0.00174742 0.00112286 0.00657384 0.00583449
internal_weight=6764 5772 2443 2174 269 250
internal_count=6764 5772 2443 2174 269 250
is_linear=0
shrinkage=0.01


Tree=370
num_leaves=7
num_cat=0
split_feature=15 11 7 10 1 5
split_gain=67.8531 62.9288 68.7577 80.2408 69.1116 64.1951
threshold=3.4120401236268219 0.019955804785169399 1.0000000180025095e-35 0.0074975020869792628 0.95122636785439385 0.10412369638442989
decision_type=2 2 2 2 2 2
left_child=1 -1 4 -4 -3 -6
right_child=-2 2 3 -5 5 -7
leaf_value=0.0032626616903150569 -0.0026958106786729749 -0.0026609528304468171 -0.0036496524002855454 0.0089510536193847662 0.00423115995212325 0.00047595684499517874
leaf_weight=672 791 593 694 45 515 3454
leaf_count=672 791 593 694 45 515 3454
internal_value=3.75351e-05 0.000403411 3.5487e-05 -0.00277309 0.00049552 0.000972625
internal_weight=6764 5973 5301 739 4562 3969
internal_count=6764 5973 5301 739 4562 3969
is_linear=0
shrinkage=0.01


Tree=371
num_leaves=7
num_cat=0
split_feature=0 2 8 16 20 4
split_gain=67.4504 74.2927 86.1478 65.5186 48.4644 39.8185
threshold=1.2645464727271944 0.41827935841578262 683.67465000000004 0.73194214223846588 292.41911433751937 0.11322945074246336
decision_type=2 2 2 2 10 2
left_child=1 2 5 -2 -4 -1
right_child=3 -3 4 -5 -6 -7
leaf_value=0.00041417234647628292 0.016251701719644997 -0.00070150117340219667 0.016191303350386165 0.0025712555353867537 0.0006869007628865359 0.005000376781043799
leaf_weight=1083 35 5159 53 183 31 220
leaf_count=1083 35 5159 53 183 31 220
internal_value=3.72766e-05 -0.000148729 0.00189763 0.00538412 0.0111512 0.0012207
internal_weight=6764 6546 1387 218 84 1303
internal_count=6764 6546 1387 218 84 1303
is_linear=0
shrinkage=0.01


Tree=372
num_leaves=7
num_cat=0
split_feature=1 7 10 8 8 21
split_gain=66.7266 65.8456 119.137 40.4502 102.792 97.233
threshold=1.4747468523983533 1.0000000180025095e-35 0.0074975020869792628 683.67465000000004 5546.6244000000015 30.200000000000021
decision_type=2 2 2 2 2 10
left_child=3 -2 -3 -1 5 -5
right_child=1 2 -4 4 -6 -7
leaf_value=-0.00081455083603353205 0.0026710860631624705 -0.0036713913643720724 0.01219764691260126 0.016514391424379458 -0.0031945586980827436 0.001529429239453748
leaf_weight=4590 1430 380 44 66 148 106
leaf_count=4590 1430 380 44 66 148 106
internal_value=3.75004e-05 0.00164871 -0.0017815 -0.000573001 0.00281142 0.00787092
internal_weight=6764 1854 424 4910 320 172
internal_count=6764 1854 424 4910 320 172
is_linear=0
shrinkage=0.01


Tree=373
num_leaves=7
num_cat=0
split_feature=2 12 22 15 18 1
split_gain=66.7379 74.802 51.0548 70.1341 86.656 59.1673
threshold=0.66412091874298806 0.0088032195105652248 17.704166666666691 0.17301394803709064 206.73666666666699 1.9257932531878839
decision_type=2 2 8 2 10 2
left_child=1 -1 3 4 -3 -6
right_child=-2 2 -4 -5 5 -7
leaf_value=0.0092923289745379528 -0.0011990733764489861 0.012152644684781199 -0.00085226438017116228 0.00046264599165679973 0.0016597089964669903 0.014176256734332661
leaf_weight=92 2646 105 1485 1860 545 31
leaf_count=92 2646 105 1485 1860 545 31
internal_value=3.74979e-05 0.00083303 0.000617178 0.00147592 0.0041967 0.00256376
internal_weight=6764 4118 4026 2541 681 576
internal_count=6764 4118 4026 2541 681 576
is_linear=0
shrinkage=0.01


Tree=374
num_leaves=7
num_cat=0
split_feature=0 2 8 20 1 17
split_gain=65.8007 72.5249 83.4428 47.0119 44.3842 46.8158
threshold=1.2645464727271944 0.41827935841578262 683.67465000000004 292.41911433751937 1.416876414486824 330.85000000000008
decision_type=2 2 2 10 2 10
left_child=1 2 4 -4 -1 -6
right_child=-2 -3 3 -5 5 -7
leaf_value=0.00032574931610481909 0.0053186978529035844 -0.0006922253784727156 0.015947041560614866 0.00067668627311543719 0.0067745852963476674 -0.0051911503957902515
leaf_weight=1068 218 5159 53 31 204 31
leaf_count=1068 218 5159 53 31 204 31
internal_value=3.76498e-05 -0.000146068 0.0018758 0.0109831 0.00120951 0.00504867
internal_weight=6764 6546 1387 84 1303 235
internal_count=6764 6546 1387 84 1303 235
is_linear=0
shrinkage=0.01


Tree=375
num_leaves=7
num_cat=0
split_feature=15 2 0 9 18 1
split_gain=65.33 63.9206 61.1949 77.4846 52.4988 40.5031
threshold=3.4120401236268219 0.25016427365162591 1.1539983609574738 1459.0000000000002 250.97166666666683 0.93618628435435258
decision_type=2 2 2 2 8 2
left_child=1 4 5 -4 -1 -3
right_child=-2 2 3 -5 -6 -7
leaf_value=0.011886473778360643 -0.002644429945025928 -0.0024949007581740218 0.012308994683943721 0.0014358878708943461 0.0023490434163785275 0.00019805526421235665
leaf_weight=68 791 624 78 270 251 4682
leaf_count=68 791 624 78 270 251 4682
internal_value=3.76152e-05 0.000396623 0.000147025 0.00414872 0.0046816 -0.000122741
internal_weight=6764 5973 5654 348 319 5306
internal_count=6764 5973 5654 348 319 5306
is_linear=0
shrinkage=0.01


Tree=376
num_leaves=7
num_cat=0
split_feature=2 8 20 1 14 3
split_gain=64.4541 163.275 114.397 48.675 72.2664 39.9548
threshold=0.66412091874298806 340.3372500000001 292.77711188993561 2.0738947952474622 16.265073570448624 0.23232354673276695
decision_type=2 2 8 2 2 2
left_child=1 3 5 -1 -5 -3
right_child=-2 2 -4 4 -6 -7
leaf_value=-0.00014553475741192556 -0.0011776510090303091 0.013096654856756838 -0.0013048750523551806 -0.0055940768285654488 0.0099397362099477547 0.0057452157787302172
leaf_weight=3503 2646 151 141 34 98 191
leaf_count=3503 2646 151 141 34 98 191
internal_value=3.75791e-05 0.00081938 0.0062197 8.67184e-05 0.00582642 0.00927088
internal_weight=6764 4118 483 3635 132 342
internal_count=6764 4118 483 3635 132 342
is_linear=0
shrinkage=0.01


Tree=377
num_leaves=7
num_cat=0
split_feature=2 8 22 18 17 9
split_gain=63.208 160.207 115.929 74.1287 66.6757 62.1303
threshold=0.66412091874298806 340.3372500000001 16.30083333333334 242.845 173.15000000000006 1121.5000000000002
decision_type=2 2 10 10 8 2
left_child=1 -1 3 4 -3 -4
right_child=-2 2 5 -5 -6 -7
leaf_value=8.5966423038899169e-05 -0.0011659188337981472 0.006007922550197691 0.010797080445162794 0.0051066885251294146 0.02203229965797315 -0.0020813428912236278
leaf_weight=3635 2646 54 37 149 68 175
leaf_count=3635 2646 54 37 149 68 175
internal_value=3.75069e-05 0.000811713 0.00616106 0.0103736 0.015932 0.000551416
internal_weight=6764 4118 483 271 122 212
internal_count=6764 4118 483 271 122 212
is_linear=0
shrinkage=0.01


Tree=378
num_leaves=7
num_cat=0
split_feature=15 6 23 22 9 13
split_gain=63.8436 80.0469 115.465 51.74 73.9729 78.3121
threshold=0.78292190679549989 1.4811187686848777 19.589285714285747 16.30083333333334 1139.0000000000002 0.0079365820836721519
decision_type=2 2 8 10 2 2
left_child=1 3 -3 4 5 -1
right_child=-2 2 -4 -5 -6 -7
leaf_value=0.012300772519509603 -0.00097961350197224139 0.010626221873126059 -0.006582736893082565 -0.00082042391666893946 0.0010219724448674284 -0.001418792802308287
leaf_weight=113 3221 162 43 1470 1695 60
leaf_count=113 3221 162 43 1470 1695 60
internal_value=3.77338e-05 0.000962775 0.00687826 0.000580022 0.00168059 0.00772502
internal_weight=6764 3543 205 3338 1868 173
internal_count=6764 3543 205 3338 1868 173
is_linear=0
shrinkage=0.01


Tree=379
num_leaves=7
num_cat=0
split_feature=1 15 8 23 5 1
split_gain=62.7548 69.2514 104.067 83.6404 78.3544 56.2275
threshold=0.93618628435435258 0.60749575603287143 27.014850000000006 20.425000000000029 0.19250206535463851 2.0591459473943612
decision_type=2 2 2 10 2 2
left_child=-1 2 -2 4 5 -4
right_child=1 -3 3 -5 -6 -7
leaf_value=-0.0023891632301843119 -0.0008341245764395647 -0.00051048558047795442 0.0063940915049396346 -0.0022919360517111623 0.0025566152404724908 0.018825768715805477
leaf_weight=911 982 3383 376 218 859 35
leaf_count=911 982 3383 376 218 859 35
internal_value=3.75653e-05 0.000418708 0.00168829 0.00334741 0.00432576 0.00787477
internal_weight=6764 5853 2470 1488 1270 411
internal_count=6764 5853 2470 1488 1270 411
is_linear=0
shrinkage=0.01


Tree=380
num_leaves=7
num_cat=0
split_feature=15 2 11 7 10 1
split_gain=62.1983 62.1976 58.2764 59.5852 80.4277 61.2765
threshold=3.4120401236268219 0.25016427365162591 0.019955804785169399 1.0000000180025095e-35 0.0074975020869792628 1.2409842504999078
decision_type=2 2 2 2 2 2
left_child=1 -1 -3 5 -5 -4
right_child=-2 2 3 4 -6 -7
leaf_value=0.0046146327421564262 -0.0025794623034963203 0.0029063601628877222 -0.00097875297392175688 -0.0039755306385493103 0.0087047976390881975 0.00139540142844914
leaf_weight=319 791 662 2181 618 45 2148
leaf_count=319 791 662 2181 618 45 2148
internal_value=3.75108e-05 0.000387807 0.000141602 -0.000230116 -0.00299832 0.000199776
internal_weight=6764 5973 5654 4992 663 4329
internal_count=6764 5973 5654 4992 663 4329
is_linear=0
shrinkage=0.01


Tree=381
num_leaves=7
num_cat=0
split_feature=0 2 8 16 21 1
split_gain=61.9641 68.0732 78.8703 63.8008 50.8931 42.8728
threshold=1.2645464727271944 0.41827935841578262 683.67465000000004 0.73194214223846588 30.200000000000021 1.416876414486824
decision_type=2 2 2 2 10 2
left_child=1 2 5 -2 -4 -1
right_child=3 -3 4 -5 -6 -7
leaf_value=0.00030170737259760144 0.015880097927525642 -0.00067012855896479782 0.019153874156678595 0.0023955761926451342 0.0034580358354345205 0.0049432820994787068
leaf_weight=1068 35 5159 31 183 53 235
leaf_count=1068 35 5159 31 183 53 235
internal_value=3.72846e-05 -0.000140998 0.00181783 0.00516206 0.010672 0.0011701
internal_weight=6764 6546 1387 218 84 1303
internal_count=6764 6546 1387 218 84 1303
is_linear=0
shrinkage=0.01


Tree=382
num_leaves=7
num_cat=0
split_feature=15 11 14 9 2 1
split_gain=60.8868 105.74 53.4106 96.7056 56.3761 48.2708
threshold=0.78292190679549989 0.018953767980624581 57.155092561199304 2292.5000000000005 0.66412091874298806 0.93618628435435258
decision_type=2 2 2 2 2 2
left_child=1 2 3 -1 -5 -3
right_child=-2 5 -4 4 -6 -7
leaf_value=0.018707735805744023 -0.00095592801797714504 -0.0026260502778706596 -0.0042704903325912627 0.0079495864252751465 -0.0026861733410365974 0.00089517571260099666
leaf_weight=56 3221 442 34 138 69 2804
leaf_count=56 3221 442 34 138 69 2804
internal_value=3.75829e-05 0.000940948 0.00655094 0.0080551 0.00444392 0.000409106
internal_weight=6764 3543 297 263 207 3246
internal_count=6764 3543 297 263 207 3246
is_linear=0
shrinkage=0.01


Tree=383
num_leaves=7
num_cat=0
split_feature=0 16 15 7 10 0
split_gain=60.4889 62.4193 52.5997 45.5477 90.1743 52.9215
threshold=1.2645464727271944 0.73194214223846588 3.4120401236268219 1.0000000180025095e-35 0.0080205950218062583 0.73919125772298389
decision_type=2 2 2 2 2 2
left_child=2 -2 3 5 -5 -1
right_child=1 -3 -4 4 -6 -7
leaf_value=-0.0016355369518760896 0.015702022772696281 0.0023647974354547925 -0.0025448383966823786 -0.0029639317861943444 0.010578604874745854 0.0010259549569843452
leaf_weight=904 35 183 788 717 43 4094
leaf_count=904 35 183 788 717 43 4094
internal_value=3.74582e-05 0.00510086 -0.000138691 0.000194439 -0.00207028 0.00054226
internal_weight=6764 218 6546 5758 760 4998
internal_count=6764 218 6546 5758 760 4998
is_linear=0
shrinkage=0.01


Tree=384
num_leaves=7
num_cat=0
split_feature=0 4 18 22 9 7
split_gain=59.4649 51.459 44.6189 54.1108 42.2388 36.619
threshold=1.2645464727271944 -1.0000000180025095e-35 183.46499999999955 10.999166666666673 1511.0000000000002 1.0000000180025095e-35
decision_type=2 2 8 8 2 2
left_child=1 5 -3 -4 -2 -1
right_child=4 2 3 -5 -6 -7
leaf_value=-0.00037341824595675034 0.01358064040383126 0.010425469321915164 -0.0034951426809485763 0.0016738056072669299 0.0026957253886406409 -0.0031528925278510194
leaf_weight=4195 37 42 223 1561 181 525
leaf_count=4195 37 42 223 1561 181 525
internal_value=3.74162e-05 -0.000137236 0.00128394 0.00101181 0.00505778 -0.000688588
internal_weight=6764 6546 1826 1784 218 4720
internal_count=6764 6546 1826 1784 218 4720
is_linear=0
shrinkage=0.01


Tree=385
num_leaves=7
num_cat=0
split_feature=15 6 23 8 17 21
split_gain=59.1057 75.3553 111.908 52.5456 80.8596 78.0351
threshold=0.78292190679549989 1.4811187686848777 19.589285714285747 565.2225000000002 307.85000000000008 37.10000000000003
decision_type=2 2 8 2 10 10
left_child=1 3 -3 -1 5 -5
right_child=-2 2 -4 4 -6 -7
leaf_value=0.00011075627031123598 -0.0009415143660458983 0.010359015390303983 -0.0065730023524671237 0.0093268640911775402 -0.0029009177797318748 -0.0052572629977255423
leaf_weight=2973 3221 162 43 218 110 37
leaf_count=2973 3221 162 43 218 110 37
internal_value=3.73573e-05 0.000927411 0.00666689 0.000556066 0.00408353 0.0070922
internal_weight=6764 3543 205 3338 365 255
internal_count=6764 3543 205 3338 365 255
is_linear=0
shrinkage=0.01


Tree=386
num_leaves=7
num_cat=0
split_feature=2 12 14 15 6 20
split_gain=58.5345 71.1848 49.7326 58.8992 112.43 76.9872
threshold=0.66412091874298806 0.0088032195105652248 57.155092561199304 1.0252090281288624 1.397814808601276 291.21086527797667
decision_type=2 2 2 2 2 10
left_child=1 -1 3 4 -3 -6
right_child=-2 2 -4 -5 5 -7
leaf_value=0.0090341004477266004 -0.0011210385619238351 0.0012027031231787411 -0.002688483085682882 -0.00099908284467070153 0.015006386348082185 0.0012988461130931054
leaf_weight=92 2646 2369 410 1082 94 71
leaf_count=92 2646 2369 410 1082 94 71
internal_value=3.70446e-05 0.000782078 0.000571591 0.000947629 0.00177952 0.00951926
internal_weight=6764 4118 4026 3616 2534 165
internal_count=6764 4118 4026 3616 2534 165
is_linear=0
shrinkage=0.01


Tree=387
num_leaves=7
num_cat=0
split_feature=1 15 11 8 21 17
split_gain=58.1493 63.4022 75.0287 54.9943 74.2698 56.4775
threshold=0.93618628435435258 0.78292190679549989 0.018953767980624581 565.2225000000002 37.10000000000003 309.65000000000009
decision_type=2 2 2 2 10 10
left_child=-1 2 -2 -4 5 -5
right_child=1 -3 3 4 -6 -7
leaf_value=-0.0022989901210293661 0.0061222553434195802 -0.00069777010911679319 0.00044872324130402303 0.011714058276197882 -0.0048846557435759325 -0.0006654244126215325
leaf_weight=911 292 2757 2581 127 47 49
leaf_count=911 292 2757 2581 127 47 49
internal_value=3.6995e-05 0.000403884 0.001384 0.000870569 0.00552421 0.00841702
internal_weight=6764 5853 3096 2804 223 176
internal_count=6764 5853 3096 2804 223 176
is_linear=0
shrinkage=0.01


Tree=388
num_leaves=7
num_cat=0
split_feature=15 2 11 17 14 18
split_gain=57.3737 60.3631 52.7501 55.5351 54.3028 49.944
threshold=3.4120401236268219 0.25016427365162591 0.019955804785169399 336.4500000000001 46.682969850675825 250.97166666666683
decision_type=2 2 2 8 2 8
left_child=1 5 3 4 -3 -1
right_child=-2 2 -4 -5 -6 -7
leaf_value=0.01156368917809465 -0.0024766602471863824 0.0050620266831365923 -0.0002229739902910163 -0.0087886459144065152 -0.0016876548823590079 0.0022635153394595675
leaf_weight=68 791 480 4992 30 152 251
leaf_count=68 791 480 4992 30 152 251
internal_value=3.67688e-05 0.000373203 0.000130673 0.00276108 0.00343768 0.00453722
internal_weight=6764 5973 5654 662 632 319
internal_count=6764 5973 5654 662 632 319
is_linear=0
shrinkage=0.01


Tree=389
num_leaves=7
num_cat=0
split_feature=2 8 22 18 9 22
split_gain=56.4813 149.3 107.028 71.5344 60.6331 50.1332
threshold=0.66412091874298806 340.3372500000001 16.30083333333334 242.845 1121.5000000000002 8.2625000000000259
decision_type=2 2 10 10 2 10
left_child=1 5 3 -3 -4 -1
right_child=-2 2 4 -5 -6 -7
leaf_value=-0.0040383551560326438 -0.0011011063150341126 0.015432891675525091 0.010663326331909665 0.0048254353672547165 -0.0020589456995697441 0.00040165117859044603
leaf_weight=265 2646 122 37 149 175 3370
leaf_count=265 2646 122 37 149 175 3370
internal_value=3.64854e-05 0.000768336 0.00593237 0.00998002 0.000541763 6.77732e-05
internal_weight=6764 4118 483 271 212 3635
internal_count=6764 4118 483 271 212 3635
is_linear=0
shrinkage=0.01


Tree=390
num_leaves=7
num_cat=0
split_feature=0 2 8 16 21 14
split_gain=56.9572 64.1688 75.3157 60.7475 48.555 40.7792
threshold=1.2645464727271944 0.41827935841578262 683.67465000000004 0.73194214223846588 30.200000000000021 69.837463571107264
decision_type=2 2 2 2 10 2
left_child=1 2 5 -2 -4 -1
right_child=3 -3 4 -5 -6 -7
leaf_value=0.0015477543821695897 0.015404887311988406 -0.00064818803753665115 0.018704108334169158 0.0022556704987284435 0.0033741359022401631 -0.0062037078271775193
leaf_weight=1241 35 5159 31 183 53 62
leaf_count=1241 35 5159 31 183 53 62
internal_value=3.64767e-05 -0.000134453 0.00176737 0.00494984 0.0104196 0.00113448
internal_weight=6764 6546 1387 218 84 1303
internal_count=6764 6546 1387 218 84 1303
is_linear=0
shrinkage=0.01


Tree=391
num_leaves=7
num_cat=0
split_feature=1 7 4 1 19 3
split_gain=56.1625 63.8728 66.6681 52.7107 56.2628 44.2991
threshold=0.99868864065214058 1.0000000180025095e-35 0.25592446503415689 1.4747468523983533 0.0078375534055355033 0.52483488525205158
decision_type=2 2 2 2 2 2
left_child=-1 3 -3 4 -2 -4
right_child=1 2 5 -5 -6 -7
leaf_value=-0.0018304359929661224 -0.0014817904300645569 -0.00340009351477597 0.01023483204711793 0.0025005256190650271 0.0012055883934954182 -0.0034071613366647466
leaf_weight=1292 1229 637 56 1430 2089 31
leaf_count=1292 1229 637 56 1430 2089 31
internal_value=3.66203e-05 0.000479988 -0.00226711 0.000902763 0.000208711 0.00552377
internal_weight=6764 5472 724 4748 3318 87
internal_count=6764 5472 724 4748 3318 87
is_linear=0
shrinkage=0.01


Tree=392
num_leaves=7
num_cat=0
split_feature=0 16 16 18 5 6
split_gain=55.6175 59.749 48.1373 72.6798 77.6935 53.6829
threshold=1.2645464727271944 0.73194214223846588 1.0776568267759006 208.04333333333338 0.23544058846358154 0.84005093770925277
decision_type=2 2 2 8 2 2
left_child=2 -2 3 4 -1 -5
right_child=1 -3 -4 5 -6 -7
leaf_value=0.013742907236262066 0.015259651839733124 0.0022206702989096623 -0.00091438611654891689 -0.0015885962522800762 0.0022997264715329726 0.0013423735868296083
leaf_weight=72 35 183 3570 978 235 1691
leaf_count=72 35 183 3570 978 235 1691
internal_value=3.63105e-05 0.00489155 -0.000132597 0.000805156 0.00533234 0.000266459
internal_weight=6764 218 6546 2976 307 2669
internal_count=6764 218 6546 2976 307 2669
is_linear=0
shrinkage=0.01


Tree=393
num_leaves=7
num_cat=0
split_feature=1 15 11 1 9 16
split_gain=54.7621 60.5681 71.413 51.9217 49.0177 48.3787
threshold=0.93618628435435258 0.78292190679549989 0.018953767980624581 2.3032165564439397 2315.0000000000005 10.696579570763875
decision_type=2 2 2 2 2 2
left_child=-1 2 3 -2 -5 -4
right_child=1 -3 5 4 -6 -7
leaf_value=-0.0022305036352800538 0.0033701384758695642 -0.00068427700427426709 0.001169638471207515 0.019562127550548696 0.0023118968475610018 -0.0044631110365298812
leaf_weight=911 225 2757 2652 37 30 152
leaf_count=911 225 2757 2652 37 30 152
internal_value=3.64251e-05 0.000392468 0.00135043 0.00597311 0.0131415 0.000849522
internal_weight=6764 5853 3096 292 67 2804
internal_count=6764 5853 3096 292 67 2804
is_linear=0
shrinkage=0.01


Tree=394
num_leaves=7
num_cat=0
split_feature=15 2 11 7 10 1
split_gain=54.162 58.4324 49.3027 56.7521 75.7976 56.6221
threshold=3.4120401236268219 0.25016427365162591 0.019955804785169399 1.0000000180025095e-35 0.0074975020869792628 1.2409842504999078
decision_type=2 2 2 2 2 2
left_child=1 -1 -3 5 -5 -4
right_child=-2 2 3 4 -6 -7
leaf_value=0.0044601006732792178 -0.002405727004800073 0.0026676158349645059 -0.00093066358792669743 -0.0038674583855453234 0.0084428438842296602 0.0013515512923039177
leaf_weight=319 791 662 2181 618 45 2148
leaf_count=319 791 662 2181 618 45 2148
internal_value=3.63419e-05 0.000363224 0.000124611 -0.000217282 -0.00291888 0.00020225
internal_weight=6764 5973 5654 4992 663 4329
internal_count=6764 5973 5654 4992 663 4329
is_linear=0
shrinkage=0.01


Tree=395
num_leaves=7
num_cat=0
split_feature=0 15 7 10 1 0
split_gain=54.0411 46.2551 42.9544 85.4329 59.5926 48.5438
threshold=1.2645464727271944 3.4120401236268219 1.0000000180025095e-35 0.0080205950218062583 0.95122636785439385 0.9248463591002013
decision_type=2 2 2 2 2 2
left_child=1 2 4 5 -1 -4
right_child=-2 -3 3 -5 -6 -7
leaf_value=-0.0024306469819038198 0.0048220588300140216 -0.0023867438574341846 -0.0010382989409739491 0.01029467430036023 0.00092159776046437324 -0.0065493865779500983
leaf_weight=593 218 788 485 43 4405 232
leaf_count=593 218 788 485 43 4405 232
internal_value=3.61219e-05 -0.000130375 0.000182018 -0.00201726 0.000519803 -0.00288708
internal_weight=6764 6546 5758 760 4998 717
internal_count=6764 6546 5758 760 4998 717
is_linear=0
shrinkage=0.01


Tree=396
num_leaves=7
num_cat=0
split_feature=2 8 22 14 17 22
split_gain=52.7724 143.932 103.215 59.1694 57.3639 48.9927
threshold=0.66412091874298806 340.3372500000001 16.30083333333334 17.44479566502007 286.35000000000008 8.2625000000000259
decision_type=2 2 10 2 10 10
left_child=1 5 4 -4 -3 -1
right_child=-2 2 3 -5 -6 -7
leaf_value=-0.0040037136798412327 -0.0010637928776258739 0.013291880772370151 -0.0020480038056124908 0.010519610985796502 0.003490281375421195 0.00038549276080822748
leaf_weight=265 2646 167 175 37 104 3370
leaf_count=265 2646 167 175 37 104 3370
internal_value=3.58143e-05 0.000743227 0.00581358 0.000520455 0.00978845 5.54031e-05
internal_weight=6764 4118 483 212 271 3635
internal_count=6764 4118 483 212 271 3635
is_linear=0
shrinkage=0.01


Tree=397
num_leaves=7
num_cat=0
split_feature=0 2 18 22 9 14
split_gain=52.9852 60.9308 68.295 51.7256 40.4 35.72
threshold=1.2645464727271944 0.41827935841578262 178.19666666666589 8.040833333333369 1511.0000000000002 28.652605846613188
decision_type=2 2 8 10 2 2
left_child=1 2 -1 -4 -2 -5
right_child=4 -3 3 5 -6 -7
leaf_value=0.01385877422326141 0.013101213862921329 -0.00062971093564496386 -0.0055982842913593657 0.0030609779562494402 0.0024757922681155789 -0.00046088522405054577
leaf_weight=35 37 5159 91 825 181 436
leaf_count=35 37 5159 91 825 181 436
internal_value=3.57599e-05 -0.000129102 0.00172411 0.00131053 0.00477471 0.00184922
internal_weight=6764 6546 1387 1352 218 1261
internal_count=6764 6546 1387 1352 218 1261
is_linear=0
shrinkage=0.01


Tree=398
num_leaves=7
num_cat=0
split_feature=15 11 6 3 19 2
split_gain=52.1042 93.1485 50.0951 64.4334 49.2814 43.8941
threshold=0.78292190679549989 0.018953767980624581 1.6663995794164277 0.16696597924571385 0.003195015521825707 0.25016427365162591
decision_type=2 2 2 2 2 2
left_child=1 2 3 -1 -5 -3
right_child=-2 5 -4 4 -6 -7
leaf_value=-0.0032947172453118997 -0.00088328575406413994 0.0045936695522299301 0.014378203354226274 0.00044516524002137411 0.011374682156444603 5.2795233283829617e-05
leaf_weight=78 3221 219 51 67 101 3027
leaf_count=78 3221 219 51 67 101 3027
internal_value=3.57833e-05 0.000871459 0.00613682 0.00393333 0.00728577 0.000372325
internal_weight=6764 3543 297 246 168 3246
internal_count=6764 3543 297 246 168 3246
is_linear=0
shrinkage=0.01


Tree=399
num_leaves=7
num_cat=0
split_feature=0 2 8 16 20 1
split_gain=51.8466 59.3134 72.0245 57.9081 40.7467 40.4096
threshold=1.2645464727271944 0.41827935841578262 683.67465000000004 0.73194214223846588 292.41911433751937 1.416876414486824
decision_type=2 2 2 2 10 2
left_child=1 2 5 -2 -4 -1
right_child=3 -3 4 -5 -6 -7
leaf_value=0.00023995960441440455 0.014927285531225304 -0.000621183078488673 0.014782835352751945 0.0020997279590849859 0.00058287403932431848 0.0047455743369361272
leaf_weight=1068 35 5159 53 183 31 235
leaf_count=1068 35 5159 53 183 31 235
internal_value=3.58191e-05 -0.000127263 0.00170119 0.00472358 0.0101619 0.00108251
internal_weight=6764 6546 1387 218 84 1303
internal_count=6764 6546 1387 218 84 1303
is_linear=0
shrinkage=0.01


Tree=400
num_leaves=7
num_cat=0
split_feature=1 9 16 13 21 22
split_gain=51.0844 51.9916 54.0322 56.7914 115.755 48.0641
threshold=0.93618628435435258 1229.5000000000002 6.7471065833147277 0.0044231809480558505 37.400000000000041 16.345833333333371
decision_type=2 2 2 2 10 10
left_child=-1 2 3 4 -2 -5
right_child=1 -3 -4 5 -6 -7
leaf_value=-0.0021534844677671325 0.0097087684008991346 7.7126431252392547e-06 -0.0057904783817871973 -0.0024308897183438556 -0.0060611322019249207 0.0041226226848460014
leaf_weight=911 240 5071 59 195 50 238
leaf_count=911 240 5071 59 195 50 238
internal_value=3.60035e-05 0.000379882 0.0027627 0.00353015 0.00687841 0.00118302
internal_weight=6764 5853 782 723 290 433
internal_count=6764 5853 782 723 290 433
is_linear=0
shrinkage=0.01


Tree=401
num_leaves=7
num_cat=0
split_feature=0 16 16 18 6 15
split_gain=50.8513 56.9205 44.2073 69.9574 50.5823 47.4469
threshold=1.2645464727271944 0.73194214223846588 1.0776568267759006 208.04333333333338 0.84005093770925277 0.2326402229040134
decision_type=2 2 2 8 2 2
left_child=2 -2 3 5 -5 -1
right_child=1 -3 -4 4 -6 -7
leaf_value=0.0084622458429626565 0.014794295095735127 0.0020770693239617194 -0.00087510203937746266 -0.0015563131796445695 0.0012887354473098028 0.00055998379298558476
leaf_weight=176 35 183 3570 978 1691 131
leaf_count=176 35 183 3570 978 1691 131
internal_value=3.56052e-05 0.00467815 -0.000125904 0.000772752 0.000244308 0.00521431
internal_weight=6764 218 6546 2976 2669 307
internal_count=6764 218 6546 2976 2669 307
is_linear=0
shrinkage=0.01


Tree=402
num_leaves=7
num_cat=0
split_feature=15 11 6 3 22 9
split_gain=50.2379 90.4935 48.7994 63.2113 42.85 54.4489
threshold=0.78292190679549989 0.018953767980624581 1.6663995794164277 0.16696597924571385 16.30083333333334 1139.0000000000002
decision_type=2 2 2 2 10 2
left_child=1 2 3 -1 5 -3
right_child=-2 4 -4 -5 -6 -7
leaf_value=-0.0032855479182167485 -0.00086684489885684754 0.0065662873351090669 0.014179384437557617 0.0071926622981927629 -0.00086244520784834356 0.00081929921603399885
leaf_weight=78 3221 175 51 168 1513 1558
leaf_count=78 3221 175 51 168 1513 1558
internal_value=3.56145e-05 0.000856186 0.00604595 0.00387174 0.000364226 0.00143398
internal_weight=6764 3543 297 246 3246 1733
internal_count=6764 3543 297 246 3246 1733
is_linear=0
shrinkage=0.01


Tree=403
num_leaves=7
num_cat=0
split_feature=2 14 14 9 20 9
split_gain=50.1541 55.7845 42.1821 61.2998 60.1243 82.8263
threshold=0.28397164367645794 24.572483358321101 0.25968510979177462 1268.0000000000002 296.75688844351453 916.50000000000011
decision_type=2 2 2 2 10 2
left_child=1 -1 -2 4 5 -4
right_child=2 -3 3 -5 -6 -7
leaf_value=0.0058034617966972292 -0.0013811570357521777 -0.0010936812324110758 0.0010327298526911512 -0.00013835862465072854 -0.0039275348263190079 0.0089373522970684557
leaf_weight=290 2042 188 306 3618 92 228
leaf_count=290 2042 188 306 3618 92 228
internal_value=3.56088e-05 0.00312395 -0.000203824 0.000364565 0.00322771 0.00450999
internal_weight=6764 478 6286 4244 626 534
internal_count=6764 478 6286 4244 626 534
is_linear=0
shrinkage=0.01


Tree=404
num_leaves=7
num_cat=0
split_feature=2 8 18 17 14 6
split_gain=49.464 137.026 91.6371 49.6448 42.0434 42.608
threshold=0.66412091874298806 340.3372500000001 242.845 173.15000000000006 69.837463571107264 1.1976155987790402
decision_type=2 2 10 8 2 2
left_child=1 4 3 -3 5 -1
right_child=-2 2 -4 -5 -6 -7
leaf_value=-0.00022909705578790093 -0.0010291933668749296 0.0040033111326834734 0.002684695494697163 0.016654706684333321 -0.0050821700347952695 0.0026918949238291072
leaf_weight=2899 2646 58 340 85 143 593
leaf_count=2899 2646 58 340 85 143 593
internal_value=3.5389e-05 0.000720267 0.00566748 0.0121204 4.91625e-05 0.000273207
internal_weight=6764 4118 483 143 3635 3492
internal_count=6764 4118 483 143 3635 3492
is_linear=0
shrinkage=0.01


Tree=405
num_leaves=7
num_cat=0
split_feature=0 16 15 1 19 8
split_gain=49.4969 55.7753 42.7524 40.1115 36.5051 90.0566
threshold=1.2645464727271944 0.73194214223846588 3.4120401236268219 0.91458966565349542 0.0078375534055355033 340.3372500000001
decision_type=2 2 2 2 2 2
left_child=2 -2 3 -1 -5 -6
right_child=1 -3 -4 4 5 -7
leaf_value=-0.0023112529709114092 0.014628935319681962 0.0020417645175753096 -0.0022932742336177893 -0.00052093426390259728 0.0005876643991554846 0.0063245872402044592
leaf_weight=573 35 183 788 2200 2690 295
leaf_count=573 35 183 788 2200 2690 295
internal_value=3.53259e-05 0.00461563 -0.000124018 0.000176312 0.000455135 0.00117385
internal_weight=6764 218 6546 5758 5185 2985
internal_count=6764 218 6546 5758 5185 2985
is_linear=0
shrinkage=0.01


Tree=406
num_leaves=7
num_cat=0
split_feature=2 11 9 9 17 22
split_gain=48.646 49.6591 59.6071 98.8052 54.2778 49.909
threshold=0.28397164367645794 0.025593909851723873 1413.5000000000002 1058.0000000000002 320.15000000000009 11.088333333333368
decision_type=2 2 2 2 8 10
left_child=-1 2 3 -2 -4 -6
right_child=1 -3 4 -5 5 -7
leaf_value=0.0030768054230930664 0.0015852293535647912 -0.00069190707618824252 0.001236964492160493 0.013626619728627741 -0.010063031409354358 0.00037419564153962922
leaf_weight=478 240 4815 972 87 79 93
leaf_count=478 240 4815 972 87 79 93
internal_value=3.52451e-05 -0.000200561 0.00140157 0.00509819 0.000309906 -0.00470916
internal_weight=6764 6286 1471 327 1144 172
internal_count=6764 6286 1471 327 1144 172
is_linear=0
shrinkage=0.01


Tree=407
num_leaves=7
num_cat=0
split_feature=0 2 8 16 14 20
split_gain=48.6027 55.2354 67.3666 54.7216 39.074 38.8493
threshold=1.2645464727271944 0.41827935841578262 683.67465000000004 0.73194214223846588 69.837463571107264 292.41911433751937
decision_type=2 2 2 2 2 10
left_child=1 2 4 -2 -1 -4
right_child=3 -3 5 -5 -6 -7
leaf_value=0.0014482743822595914 0.014492108923693498 -0.00059950885469490795 0.014335589261636847 0.0020242111147453748 -0.0061379954102449121 0.00049568965304188609
leaf_weight=1241 35 5159 53 183 62 31
leaf_count=1241 35 5159 53 183 62 31
internal_value=3.50277e-05 -0.000122871 0.0016416 0.00457376 0.0010433 0.0098241
internal_weight=6764 6546 1387 218 1303 84
internal_count=6764 6546 1387 218 1303 84
is_linear=0
shrinkage=0.01


Tree=408
num_leaves=7
num_cat=0
split_feature=1 7 4 2 1 14
split_gain=47.8467 62.3543 61.0559 54.8474 57.4164 58.6533
threshold=0.99868864065214058 1.0000000180025095e-35 0.25592446503415689 0.47559523809523813 1.4747468523983533 43.518916488384868
decision_type=2 2 2 2 2 2
left_child=-1 3 -3 4 -2 -6
right_child=1 2 -4 -5 5 -7
leaf_value=-0.0016882367982495037 0.0015524567509512094 -0.003353140249879314 0.0051898998548228718 0.00014512229892073959 0.0091889944678062909 -0.0025550359318632699
leaf_weight=1292 1213 637 87 3292 194 49
leaf_count=1292 1213 637 87 3292 194 49
internal_value=3.50621e-05 0.000444289 -0.00226984 0.000862055 0.00247098 0.00681347
internal_weight=6764 5472 724 4748 1456 243
internal_count=6764 5472 724 4748 1456 243
is_linear=0
shrinkage=0.01


Tree=409
num_leaves=7
num_cat=0
split_feature=0 2 8 21 1 17
split_gain=47.4602 53.5933 66.1686 44.9685 38.8033 43.4453
threshold=1.2645464727271944 0.41827935841578262 683.67465000000004 30.200000000000021 1.416876414486824 330.85000000000008
decision_type=2 2 2 10 2 10
left_child=1 2 4 -4 -1 -6
right_child=-2 -3 3 -5 5 -7
leaf_value=0.00019869955651183891 0.0045199089644429799 -0.00059069441617336281 0.01768323433835332 0.0030038749627650731 0.006281235249382313 -0.0052169685048709929
leaf_weight=1068 218 5159 31 53 204 31
leaf_count=1068 218 5159 31 53 204 31
internal_value=3.48366e-05 -0.000121195 0.00161685 0.00972614 0.00102398 0.00461342
internal_weight=6764 6546 1387 84 1303 235
internal_count=6764 6546 1387 84 1303 235
is_linear=0
shrinkage=0.01


Tree=410
num_leaves=7
num_cat=0
split_feature=15 11 7 10 17 14
split_gain=47.3138 42.811 61.9504 68.3788 54.0581 58.2493
threshold=3.4120401236268219 0.019955804785169399 1.0000000180025095e-35 0.0074975020869792628 336.4500000000001 46.682969850675825
decision_type=2 2 2 2 8 2
left_child=1 4 -3 -4 5 -1
right_child=-2 2 3 -5 -6 -7
leaf_value=0.005045164830982685 -0.0022475967547081915 0.00047356742032065332 -0.0034375126765884157 0.0081975663439794021 -0.0086991567627992487 -0.0018494692459022125
leaf_weight=485 791 4562 694 45 30 157
leaf_count=485 791 4562 694 45 30 157
internal_value=3.48703e-05 0.000340387 3.69059e-05 -0.00262903 0.00269872 0.00335659
internal_weight=6764 5973 5301 739 672 642
internal_count=6764 5973 5301 739 672 642
is_linear=0
shrinkage=0.01


Tree=411
num_leaves=7
num_cat=0
split_feature=15 22 6 9 13 14
split_gain=46.9046 65.607 98.8209 65.7126 67.2057 41.6053
threshold=0.78292190679549989 16.30083333333334 1.5543939706871579 1139.0000000000002 0.0079365820836721519 69.837463571107264
decision_type=2 10 2 2 2 2
left_child=1 2 3 4 -1 -5
right_child=-2 -3 -4 5 -6 -7
leaf_value=0.011260993385350143 -0.00083752207343531571 -0.00070462265935545545 0.011579548033967036 0.001310892832457791 -0.0013735028441463199 -0.004661985785582118
leaf_weight=117 3221 1560 93 1597 60 116
leaf_count=117 3221 1560 93 1597 60 116
internal_value=3.44844e-05 0.000827366 0.00203005 0.00150168 0.00713369 0.000881715
internal_weight=6764 3543 1983 1890 177 1713
internal_count=6764 3543 1983 1890 177 1713
is_linear=0
shrinkage=0.01


Tree=412
num_leaves=7
num_cat=0
split_feature=2 14 0 11 15 7
split_gain=46.5653 53.783 50.3036 47.627 44.7251 34.4216
threshold=0.28397164367645794 24.572483358321101 1.1539983609574738 0.035649017275002394 0.16777160958734708 1.0000000180025095e-35
decision_type=2 2 2 2 2 2
left_child=1 3 5 -1 -4 -2
right_child=2 -3 4 -5 -6 -7
leaf_value=0.0096096521272441213 -0.00012349708377699852 -0.0011286783457329177 0.010561049290749074 0.0015181806651031915 0.0016258951560868744 -0.0023950090818706969
leaf_weight=141 5178 188 61 149 291 756
leaf_count=141 5178 188 61 149 291 756
internal_value=3.43843e-05 0.00301018 -0.000196323 0.00564149 0.00342328 -0.000416433
internal_weight=6764 478 6286 290 352 5934
internal_count=6764 478 6286 290 352 5934
is_linear=0
shrinkage=0.01


Tree=413
num_leaves=7
num_cat=0
split_feature=1 7 10 2 8 20
split_gain=46.0494 60.0453 120.122 63.5455 54.2855 46.5401
threshold=1.1378281985387251 1.0000000180025095e-35 0.0074975020869792628 0.47559523809523813 24.159150000000004 287.87017574740582
decision_type=2 2 2 2 2 10
left_child=-1 3 -3 4 -2 -5
right_child=1 2 -4 5 -6 -7
leaf_value=-0.0010699708764251045 0.00080153593152213832 -0.003561636755787917 0.010591269119906781 -0.0017035125750642752 0.0053291975750639174 0.0011734073502205206
leaf_weight=2416 507 583 57 796 554 1851
leaf_count=2416 507 583 57 796 554 1851
internal_value=3.43308e-05 0.000648992 -0.00215759 0.00113791 0.00319333 0.000305111
internal_weight=6764 4348 640 3708 1061 2647
internal_count=6764 4348 640 3708 1061 2647
is_linear=0
shrinkage=0.01


Tree=414
num_leaves=7
num_cat=0
split_feature=1 9 16 13 21 21
split_gain=45.5629 45.6458 50.9438 52.0123 110.059 42.8775
threshold=0.93618628435435258 1229.5000000000002 6.7471065833147277 0.0044231809480558505 37.400000000000041 32.500000000000036
decision_type=2 2 2 2 10 10
left_child=-1 2 3 4 -2 -5
right_child=1 -3 -4 5 -6 -7
leaf_value=-0.0020336195797047425 0.0093039894398394968 1.0196807880705147e-05 -0.0057086116012077838 -0.0024752779164805244 -0.0060587635226547719 0.0037466762404051402
leaf_weight=911 240 5071 59 185 50 248
leaf_count=911 240 5071 59 185 50 248
internal_value=3.41581e-05 0.00035892 0.00259159 0.00333756 0.00654157 0.00109247
internal_weight=6764 5853 782 723 290 433
internal_count=6764 5853 782 723 290 433
is_linear=0
shrinkage=0.01


Tree=415
num_leaves=7
num_cat=0
split_feature=2 14 0 9 11 7
split_gain=45.6296 52.8188 49.1507 69.3378 46.492 32.9929
threshold=0.28397164367645794 24.572483358321101 1.1539983609574738 1459.0000000000002 0.035649017275002394 1.0000000180025095e-35
decision_type=2 2 2 2 2 2
left_child=1 4 5 -4 -1 -2
right_child=2 -3 3 -5 -6 -7
leaf_value=0.0095079175065832817 -0.00012537951216077929 -0.0011219249491466942 0.011110271318942646 0.00086987738195141854 0.001512275528303295 -0.0023492620854854936
leaf_weight=141 5178 188 78 274 149 756
leaf_count=141 5178 188 78 274 149 756
internal_value=3.37691e-05 0.00297952 -0.000194608 0.00338328 0.00558716 -0.000412181
internal_weight=6764 478 6286 352 290 5934
internal_count=6764 478 6286 352 290 5934
is_linear=0
shrinkage=0.01


Tree=416
num_leaves=7
num_cat=0
split_feature=15 22 6 8 17 22
split_gain=45.4174 63.6601 96.3665 84.2491 60.5527 35.8955
threshold=0.78292190679549989 16.30083333333334 1.5543939706871579 1697.5800000000002 139.10000000000005 14.443333333333349
decision_type=2 10 2 2 10 8
left_child=1 2 3 5 -5 -1
right_child=-2 -3 -4 4 -6 -7
leaf_value=0.00012222199970115483 -0.00082435302489503872 -0.00069515296524675307 0.011428711556838554 0.00097216670090953517 0.017785147384933708 0.0032524795969792364
leaf_weight=1310 3221 1560 93 38 43 499
leaf_count=1310 3221 1560 93 38 43 499
internal_value=3.37178e-05 0.000813929 0.00199863 0.00147691 0.0108712 0.000998815
internal_weight=6764 3543 1983 1890 81 1809
internal_count=6764 3543 1983 1890 81 1809
is_linear=0
shrinkage=0.01


Tree=417
num_leaves=7
num_cat=0
split_feature=2 14 0 11 14 23
split_gain=44.6441 51.8039 47.8682 45.4873 43.2599 47.9707
threshold=0.28397164367645794 24.572483358321101 1.1539983609574738 0.035649017275002394 17.44479566502007 14.414285714285734
decision_type=2 2 2 2 2 10
left_child=1 3 -2 -1 -4 -6
right_child=2 -3 4 -5 5 -7
leaf_value=0.009408307818091469 -0.00040676009975422944 -0.0011140969918448139 0.00020001590546024473 0.0014992196983862785 0.0020247730466420762 0.013210776999388656
leaf_weight=141 5934 188 199 149 90 63
leaf_count=141 5934 188 199 149 90 63
internal_value=3.38536e-05 0.00294762 -0.000192045 0.0055301 0.00333886 0.00715868
internal_weight=6764 478 6286 290 352 153
internal_count=6764 478 6286 290 352 153
is_linear=0
shrinkage=0.01


Tree=418
num_leaves=7
num_cat=0
split_feature=15 2 18 8 15 6
split_gain=44.5885 50.2844 44.4651 41.4582 58.7011 86.654
threshold=3.4120401236268219 0.25016427365162591 250.97166666666683 24.678000000000004 0.59076950616564028 1.4811187686848777
decision_type=2 2 8 2 2 2
left_child=1 2 -1 -3 5 -5
right_child=-2 3 -4 4 -6 -7
leaf_value=0.010756323078217415 -0.0021818749139189473 -0.0010168318735204176 0.0019927191144476332 0.0017580388193718147 -0.00022234294403748902 0.012462900511828469
leaf_weight=68 791 2065 251 1255 2263 71
leaf_count=68 791 2065 251 1255 2263 71
internal_value=3.38815e-05 0.000330469 0.00413098 0.000109128 0.000757996 0.00242022
internal_weight=6764 5973 319 5654 3589 1326
internal_count=6764 5973 319 5654 3589 1326
is_linear=0
shrinkage=0.01


Tree=419
num_leaves=7
num_cat=0
split_feature=2 8 22 18 14 22
split_gain=43.6974 125.561 95.1501 63.0387 55.9175 46.5106
threshold=0.66412091874298806 340.3372500000001 16.30083333333334 242.845 17.44479566502007 8.2625000000000259
decision_type=2 2 10 10 2 10
left_child=1 5 3 -3 -4 -1
right_child=-2 2 4 -5 -6 -7
leaf_value=-0.0039196739384735179 -0.0009667153845287162 0.014343569309761127 -0.0021502310268178178 0.0044033294102563611 0.010065675574414274 0.00035689500283615956
leaf_weight=265 2646 122 175 149 37 3370
leaf_count=265 2646 122 175 149 37 3370
internal_value=3.38904e-05 0.000677609 0.00541334 0.00922947 0.000339162 3.52249e-05
internal_weight=6764 4118 483 271 212 3635
internal_count=6764 4118 483 271 212 3635
is_linear=0
shrinkage=0.01


Tree=420
num_leaves=7
num_cat=0
split_feature=0 16 15 12 19 14
split_gain=43.8313 52.403 37.8153 33.478 41.3906 37.7468
threshold=1.2645464727271944 0.73194214223846588 3.4120401236268219 0.043808761857417465 0.016884725634308706 57.155092561199304
decision_type=2 2 2 2 2 2
left_child=2 -2 3 4 5 -1
right_child=1 -3 -4 -5 -6 -7
leaf_value=0.00022322956797950669 0.014045416980981827 0.0018570169669677326 -0.0021562329687969993 -0.0034591146682953983 0.0023476784316513897 -0.0030525002421996029
leaf_weight=4305 35 183 788 234 846 373
leaf_count=4305 35 183 788 234 846 373
internal_value=3.38782e-05 0.00434407 -0.00011607 0.000166386 0.000325938 -4.39147e-05
internal_weight=6764 218 6546 5758 5524 4678
internal_count=6764 218 6546 5758 5524 4678
is_linear=0
shrinkage=0.01


Tree=421
num_leaves=7
num_cat=0
split_feature=1 7 2 4 20 17
split_gain=43.3842 63.6729 58.9479 57.7017 49.7074 80.8409
threshold=1.1998836746149026 1.0000000180025095e-35 0.47559523809523813 0.25592446503415689 287.87017574740582 320.15000000000009
decision_type=2 2 2 2 10 10
left_child=-1 2 -2 -3 5 -4
right_child=1 3 4 -5 -6 -7
leaf_value=-0.00088215017998492155 0.003475956947744531 -0.0035088010783883789 -0.00039953861423387466 0.0049217813195103835 0.0014251852789661911 -0.010160839593950279
leaf_weight=2925 883 515 639 87 1627 88
leaf_count=2925 883 515 639 87 1627 88
internal_value=3.36842e-05 0.000731953 0.00128796 -0.00222991 0.000455992 -0.00170293
internal_weight=6764 3839 3237 602 2354 727
internal_count=6764 3839 3237 602 2354 727
is_linear=0
shrinkage=0.01


Tree=422
num_leaves=7
num_cat=0
split_feature=15 11 6 3 19 22
split_gain=43.0014 82.2079 45.2652 61.0734 47.0662 38.4187
threshold=0.78292190679549989 0.018953767980624581 1.6663995794164277 0.16696597924571385 0.003195015521825707 16.30083333333334
decision_type=2 2 2 2 2 10
left_child=1 2 3 -1 -5 -3
right_child=-2 5 -4 4 -6 -7
leaf_value=-0.0033737700684419408 -0.00080166501667227274 0.001336601003858208 0.013567125114810761 0.00025868471760254403 0.010911834978976765 -0.00083779993690977618
leaf_weight=78 3221 1733 51 67 101 1513
leaf_count=78 3221 1733 51 67 101 1513
internal_value=3.32716e-05 0.000792446 0.00573888 0.00364938 0.00691647 0.000323626
internal_weight=6764 3543 297 246 168 3246
internal_count=6764 3543 297 246 168 3246
is_linear=0
shrinkage=0.01


Tree=423
num_leaves=7
num_cat=0
split_feature=0 16 2 8 20 14
split_gain=42.6161 51.449 48.3384 61.4009 57.4999 35.8393
threshold=1.2645464727271944 0.73194214223846588 0.41827935841578262 565.2225000000002 294.33712263329625 69.837463571107264
decision_type=2 2 2 2 10 2
left_child=2 -2 3 5 -5 -1
right_child=1 -3 -4 4 -6 -7
leaf_value=0.0012327830430064197 0.013895194522208639 0.0018202246849212814 -0.00056049435338663433 0.011617335707773095 -0.002460688318571319 -0.0060371172283258702
leaf_weight=1195 35 183 5159 94 36 62
leaf_count=1195 35 183 5159 94 36 62
internal_value=3.32498e-05 0.00428328 -0.000114605 0.00153604 0.00782151 0.000829385
internal_weight=6764 218 6546 1387 130 1257
internal_count=6764 218 6546 1387 130 1257
is_linear=0
shrinkage=0.01


Tree=424
num_leaves=7
num_cat=0
split_feature=2 0 9 18 9 15
split_gain=42.135 44.8006 66.2589 42.1303 47.2901 34.7892
threshold=0.28397164367645794 1.1539983609574738 1459.0000000000002 250.97166666666683 2435.5000000000005 0.16777160958734708
decision_type=2 2 2 8 2 2
left_child=3 -2 -3 -1 -5 -4
right_child=1 2 5 4 -6 -7
leaf_value=0.0084869110300427389 -0.00039397424764509264 0.010782403354321353 0.0080072868222163789 0.0031493298031245042 -0.0049647073986682491 -0.00088381518746124741
leaf_weight=95 5934 78 44 299 84 230
leaf_count=95 5934 78 44 299 84 230
internal_value=3.32053e-05 -0.000186254 0.00322964 0.00286391 0.0012887 0.000775626
internal_weight=6764 6286 352 478 383 274
internal_count=6764 6286 352 478 383 274
is_linear=0
shrinkage=0.01


Tree=425
num_leaves=7
num_cat=0
split_feature=15 6 23 7 2 3
split_gain=41.9369 59.6855 101.112 48.0674 44.2427 44.4324
threshold=0.78292190679549989 1.4811187686848777 19.589285714285747 1.0000000180025095e-35 0.25499615258800318 0.052513278906352073
decision_type=2 2 8 2 2 2
left_child=1 3 -3 4 -1 -6
right_child=-2 2 -4 -5 5 -7
leaf_value=0.0055427725840187106 -0.00079130833327145959 0.0094106919696381273 -0.0066438442848201062 -0.0025523848843801286 -0.0027793655213586748 0.0010766774138986179
leaf_weight=184 3221 162 43 450 332 2372
leaf_count=184 3221 162 43 450 332 2372
internal_value=3.32302e-05 0.000782949 0.00589077 0.0004526 0.000928019 0.000594732
internal_weight=6764 3543 205 3338 2888 2704
internal_count=6764 3543 205 3338 2888 2704
is_linear=0
shrinkage=0.01


Tree=426
num_leaves=7
num_cat=0
split_feature=1 7 2 8 1 14
split_gain=42.1814 47.7567 50.1135 85.1108 44.078 51.3358
threshold=0.93618628435435258 1.0000000180025095e-35 0.47559523809523813 340.3372500000001 1.4747468523983533 43.518916488384868
decision_type=2 2 2 2 2 2
left_child=-1 2 3 4 -2 -6
right_child=1 -3 -4 -5 5 -7
leaf_value=-0.0019566229107927722 0.00059704693504113702 -0.0019613891758565073 3.7508943825823561e-05 0.0085636128527741568 0.0087293042885043907 -0.0026553340105466166
leaf_weight=911 1193 769 3531 175 136 49
leaf_count=911 1193 769 3531 175 136 49
internal_value=3.29461e-05 0.000345425 0.000697516 0.00218831 0.00132281 0.00573238
internal_weight=6764 5853 5084 1553 1378 185
internal_count=6764 5853 5084 1553 1378 185
is_linear=0
shrinkage=0.01


Tree=427
num_leaves=7
num_cat=0
split_feature=1 7 10 2 8 1
split_gain=41.358 46.8259 119.739 49.1611 83.5138 43.253
threshold=0.93618628435435258 1.0000000180025095e-35 0.0074975020869792628 0.47559523809523813 340.3372500000001 1.4747468523983533
decision_type=2 2 2 2 2 2
left_child=-1 3 -3 4 5 -2
right_child=1 2 -4 -5 -6 -7
leaf_value=-0.0019372691125357641 0.00059112606953337155 -0.0031348250783793368 0.010587144877229417 3.7134915772265332e-05 0.0084826057404028005 0.0056781690897276769
leaf_weight=911 1193 709 60 3531 175 185
leaf_count=911 1193 709 60 3531 175 185
internal_value=3.27842e-05 0.000342198 -0.00194203 0.000690841 0.0021674 0.00131006
internal_weight=6764 5853 769 5084 1553 1378
internal_count=6764 5853 769 5084 1553 1378
is_linear=0
shrinkage=0.01


Tree=428
num_leaves=7
num_cat=0
split_feature=0 16 2 9 20 14
split_gain=41.0273 50.1082 45.4398 50.7563 49.2746 40.1512
threshold=1.2645464727271944 0.73194214223846588 0.41827935841578262 1413.5000000000002 295.26509884647101 69.837463571107264
decision_type=2 2 2 2 10 2
left_child=2 -2 3 4 -1 -5
right_child=1 -3 -4 5 -6 -7
leaf_value=0.0086293026719085238 0.013687840004762013 0.0017735054799737986 -0.00054462851562554618 0.0010933290794471109 -0.0018645486246738861 -0.0068788930395645891
leaf_weight=156 35 183 5159 1117 57 57
leaf_count=156 35 183 5159 1117 57 57
internal_value=3.27561e-05 0.0042028 -0.000112317 0.00148807 0.00586341 0.000651432
internal_weight=6764 218 6546 1387 213 1174
internal_count=6764 218 6546 1387 213 1174
is_linear=0
shrinkage=0.01


Tree=429
num_leaves=7
num_cat=0
split_feature=1 7 10 20 17 17
split_gain=40.8733 54.5618 95.5994 39.5169 78.2823 49.794
threshold=1.4747468523983533 1.0000000180025095e-35 0.0074975020869792628 287.87017574740582 320.15000000000009 309.65000000000009
decision_type=2 2 2 10 10 8
left_child=-1 3 -3 4 -2 -5
right_child=1 2 -4 5 -6 -7
leaf_value=-0.00044515382874592844 0.0016649267125747151 -0.0035145180984639014 0.010706444686209713 0.0018538065332808617 -0.0089186884995017743 0.0068445901567618598
leaf_weight=4910 406 380 44 667 74 283
leaf_count=4910 406 380 44 667 74 283
internal_value=3.26632e-05 0.00129368 -0.00182607 0.00222495 -0.000115429 0.00339635
internal_weight=6764 1854 424 1430 480 950
internal_count=6764 1854 424 1430 480 950
is_linear=0
shrinkage=0.01


Tree=430
num_leaves=7
num_cat=0
split_feature=15 11 14 9 2 13
split_gain=40.6443 78.5766 48.7944 85.1703 51.0536 36.4371
threshold=0.78292190679549989 0.018953767980624581 57.155092561199304 2292.5000000000005 0.66412091874298806 1.0000000180025095e-35
decision_type=2 2 2 2 2 2
left_child=1 2 3 -1 -5 -3
right_child=-2 5 -4 4 -6 -7
leaf_value=0.017027626545591788 -0.0007792735206794771 0.001079073753139214 -0.0046432194198397078 0.0070403958849508223 -0.0030419384815459014 -0.0011421326150007356
leaf_weight=56 3221 2127 34 138 69 1119
leaf_count=56 3221 2127 34 138 69 1119
internal_value=3.24575e-05 0.000770532 0.00560647 0.00705307 0.00369431 0.000312197
internal_weight=6764 3543 297 263 207 3246
internal_count=6764 3543 297 263 207 3246
is_linear=0
shrinkage=0.01


Tree=431
num_leaves=7
num_cat=0
split_feature=15 2 18 8 15 6
split_gain=40.2814 46.688 41.6748 39.2483 54.1675 81.7606
threshold=3.4120401236268219 0.25016427365162591 250.97166666666683 24.678000000000004 0.59076950616564028 1.4811187686848777
decision_type=2 2 8 2 2 2
left_child=1 2 -1 -3 5 -5
right_child=-2 3 -4 4 -6 -7
leaf_value=0.010389776005385779 -0.0020736600507339103 -0.00099453837950162988 0.0019073314926590613 0.0016860663463631204 -0.00020940318358707657 0.012083640933772663
leaf_weight=68 791 2065 251 1255 2263 71
leaf_count=68 791 2065 251 1255 2263 71
internal_value=3.23624e-05 0.000314261 0.00397634 0.00010099 0.000732335 0.00232908
internal_weight=6764 5973 319 5654 3589 1326
internal_count=6764 5973 319 5654 3589 1326
is_linear=0
shrinkage=0.01


Tree=432
num_leaves=7
num_cat=0
split_feature=0 6 8 17 6 19
split_gain=39.9715 34.2218 64.4248 41.4398 41.7789 37.3017
threshold=1.2645464727271944 1.0718939066200612 15.556050000000001 333.65000000000009 1.7014905950449248 0.016746465958057712
decision_type=2 2 2 10 2 2
left_child=1 -1 5 4 -4 -3
right_child=-2 2 3 -5 -6 -7
leaf_value=-0.00048067666274861177 0.0041484163864704002 -0.0037025831224343944 0.0027135282479445106 -0.0040106390558537989 0.010828676488198026 0.0025699531804960576
leaf_weight=5190 218 307 787 74 61 127
leaf_count=5190 218 307 787 74 61 127
internal_value=3.23752e-05 -0.000110819 0.00129794 0.00278393 0.00341669 -0.00185053
internal_weight=6764 6546 1356 922 848 434
internal_count=6764 6546 1356 922 848 434
is_linear=0
shrinkage=0.01


Tree=433
num_leaves=7
num_cat=0
split_feature=15 2 18 14 14 0
split_gain=39.3701 45.7037 40.872 40.0921 57.782 63.253
threshold=3.4120401236268219 0.25016427365162591 250.97166666666683 57.155092561199304 16.265073570448624 0.9781332012757249
decision_type=2 2 8 2 2 2
left_child=1 2 -1 4 -3 -6
right_child=-2 3 -4 -5 5 -7
leaf_value=0.010285446785199338 -0.0020498337741970572 -0.00036498093730400974 0.0018853791545179114 -0.0028394994235462958 0.00015052700576097234 0.0041146960214520547
leaf_weight=68 791 3611 251 419 913 711
leaf_count=68 791 3611 251 419 913 711
internal_value=3.22296e-05 0.000310921 0.00393419 9.99101e-05 0.00034014 0.00190063
internal_weight=6764 5973 319 5654 5235 1624
internal_count=6764 5973 319 5654 5235 1624
is_linear=0
shrinkage=0.01


Tree=434
num_leaves=7
num_cat=0
split_feature=1 7 4 2 8 1
split_gain=39.2688 45.9039 47.2647 46.9673 80.4849 41.1773
threshold=0.93618628435435258 1.0000000180025095e-35 0.25592446503415689 0.47559523809523813 340.3372500000001 1.4747468523983533
decision_type=2 2 2 2 2 2
left_child=-1 3 -3 4 5 -2
right_child=1 2 -4 -5 -6 -7
leaf_value=-0.0018875790205045962 0.00057891606957590489 -0.0028235051062999758 0.0046590115194516165 3.980737336181997e-05 0.0083215811522425829 0.0055424264522078324
leaf_weight=911 1193 682 87 3531 175 185
leaf_count=911 1193 682 87 3531 175 185
internal_value=3.20723e-05 0.00033357 -0.00192804 0.000678771 0.00212201 0.00128041
internal_weight=6764 5853 769 5084 1553 1378
internal_count=6764 5853 769 5084 1553 1378
is_linear=0
shrinkage=0.01


Tree=435
num_leaves=7
num_cat=0
split_feature=0 16 2 18 22 14
split_gain=38.8055 48.52 42.858 58.7959 48.7875 31.0134
threshold=1.2645464727271944 0.73194214223846588 0.41827935841578262 178.19666666666589 8.040833333333369 28.652605846613188
decision_type=2 2 2 8 10 2
left_child=2 -2 3 -1 -5 -6
right_child=1 -3 -4 4 5 -7
leaf_value=0.01270094782114029 0.013419472989108828 0.0016999011271430537 -0.00052897646412915797 -0.0056422222483128604 0.0027164257020706279 -0.00056287696771689113
leaf_weight=35 35 183 5159 91 825 436
leaf_count=35 35 183 5159 91 825 436
internal_value=3.19646e-05 0.00408753 -0.000109126 0.00144513 0.00106263 0.00158708
internal_weight=6764 218 6546 1387 1352 1261
internal_count=6764 218 6546 1387 1352 1261
is_linear=0
shrinkage=0.01


Tree=436
num_leaves=7
num_cat=0
split_feature=1 7 2 4 8 20
split_gain=38.4324 54.9497 54.8954 50.073 49.062 45.1486
threshold=1.1378281985387251 1.0000000180025095e-35 0.47559523809523813 0.25592446503415689 24.159150000000004 287.87017574740582
decision_type=2 2 2 2 2 10
left_child=-1 2 4 -3 -2 -4
right_child=1 3 5 -5 -6 -7
leaf_value=-0.00097685020050692337 0.00069933517028895572 -0.003207715453958837 -0.0016910739979166534 0.0046048477751001252 0.0050020159497905703 0.0011424867599620766
leaf_weight=2416 507 553 796 87 554 1851
leaf_count=2416 507 553 796 87 554 1851
internal_value=3.19964e-05 0.000593525 0.00106128 -0.00209119 0.0029717 0.000287227
internal_weight=6764 4348 3708 640 1061 2647
internal_count=6764 4348 3708 640 1061 2647
is_linear=0
shrinkage=0.01


Tree=437
num_leaves=7
num_cat=0
split_feature=15 22 8 4 2 20
split_gain=38.2795 57.548 82.7627 78.3102 58.8452 42.4211
threshold=0.78292190679549989 16.30083333333334 1697.5800000000002 0.21002422786263644 0.52564864224390129 287.87017574740582
decision_type=2 10 2 2 2 10
left_child=1 2 3 5 -4 -1
right_child=-2 -3 4 -5 -6 -7
leaf_value=-0.00071233461185756354 -0.00075600421469405963 -0.0006866495172503541 0.019009395638044845 0.0098987342554678042 0.0025399394869281534 0.0023459383404609443
leaf_weight=842 3221 1560 37 93 47 964
leaf_count=842 3221 1560 37 93 47 964
internal_value=3.17587e-05 0.000748039 0.00187447 0.0014131 0.0110449 0.000924028
internal_weight=6764 3543 1983 1899 84 1806
internal_count=6764 3543 1983 1899 84 1806
is_linear=0
shrinkage=0.01


Tree=438
num_leaves=7
num_cat=0
split_feature=2 14 11 1 7 4
split_gain=37.8849 48.09 42.0646 40.5238 62.7321 50.6316
threshold=0.28397164367645794 24.572483358321101 0.035649017275002394 1.2346246884915064 1.0000000180025095e-35 0.34664810813682873
decision_type=2 2 2 2 2 2
left_child=1 2 -1 -2 -5 -6
right_child=3 -3 -4 4 5 -7
leaf_value=0.0089330484489879465 -0.001038079863024213 -0.0011922121880019807 0.0013371091044314628 0.0011531959145650748 -0.0035830187056154813 0.0066068369143388482
leaf_weight=141 2914 188 149 2852 475 45
leaf_count=141 2914 188 149 2852 475 45
internal_value=3.19081e-05 0.00271605 0.00520497 -0.000176189 0.000569503 -0.00259318
internal_weight=6764 478 290 6286 3372 520
internal_count=6764 478 290 6286 3372 520
is_linear=0
shrinkage=0.01


Tree=439
num_leaves=7
num_cat=0
split_feature=15 11 14 9 18 9
split_gain=37.4481 74.168 47.2928 82.7721 35.1512 36.2593
threshold=0.78292190679549989 0.018953767980624581 57.155092561199304 2292.5000000000005 302.73666666666696 2357.5000000000005
decision_type=2 2 2 2 10 2
left_child=1 2 3 -1 5 -5
right_child=-2 -3 -4 4 -6 -7
leaf_value=0.016693305973753784 -0.00074739234611665567 0.0002949633494161041 -0.0046411738730967045 -0.0021261849333969957 0.011680328658846922 0.0067349744723601782
leaf_weight=56 3221 3246 34 107 33 67
leaf_count=56 3221 3246 34 107 33 67
internal_value=3.17694e-05 0.000740228 0.00543853 0.00686389 0.00355799 0.00146646
internal_weight=6764 3543 297 263 207 174
internal_count=6764 3543 297 263 207 174
is_linear=0
shrinkage=0.01


Tree=440
num_leaves=7
num_cat=0
split_feature=1 7 10 1 0 16
split_gain=37.3983 43.9252 112.76 43.4508 39.9266 38.5549
threshold=0.93618628435435258 1.0000000180025095e-35 0.0074975020869792628 1.4747468523983533 0.9248463591002013 0.56489591489708557
decision_type=2 2 2 2 2 2
left_child=-1 3 4 -2 -3 -6
right_child=1 2 -4 -5 5 -7
leaf_value=-0.0018415124199416867 8.375382259449962e-05 -0.0010947195529132847 0.010272417562348502 0.0021349852439127267 -0.00058062034396870628 -0.0084782279910730948
leaf_weight=911 3654 432 60 1430 93 184
leaf_count=911 3654 432 60 1430 93 184
internal_value=3.18634e-05 0.000326092 -0.00188623 0.000663772 -0.00304374 -0.0059393
internal_weight=6764 5853 769 5084 709 277
internal_count=6764 5853 769 5084 709 277
is_linear=0
shrinkage=0.01


Tree=441
num_leaves=7
num_cat=0
split_feature=0 9 15 1 20 9
split_gain=37.1091 33.3669 32.0606 31.9196 32.9729 40.4678
threshold=1.2645464727271944 1511.0000000000002 3.4120401236268219 0.91458966565349542 282.7477329788249 1422.5000000000002
decision_type=2 2 2 2 10 2
left_child=2 -2 3 -1 -5 -6
right_child=1 -3 -4 4 5 -7
leaf_value=-0.0020653916562158189 0.011548823650450783 0.0019300048453099441 -0.0019849437306125074 -0.0022546875303082544 0.0022975471459188933 0.00012859009774355464
leaf_weight=573 37 181 788 419 1116 3650
leaf_count=573 37 181 788 419 1116 3650
internal_value=3.15521e-05 0.00399748 -0.00010642 0.000153657 0.00040239 0.000640217
internal_weight=6764 218 6546 5758 5185 4766
internal_count=6764 218 6546 5758 5185 4766
is_linear=0
shrinkage=0.01


Tree=442
num_leaves=7
num_cat=0
split_feature=2 14 11 0 16 22
split_gain=37.2816 47.0627 41.1392 38.5856 50.2518 32.3277
threshold=0.28397164367645794 24.572483358321101 0.035649017275002394 1.1539983609574738 0.21399706208141486 19.831666666666724
decision_type=2 2 2 2 2 10
left_child=1 2 -1 -2 -5 -6
right_child=3 -3 -4 4 5 -7
leaf_value=0.0088431545660911225 -0.00036782656500384772 -0.0011725239252414075 0.0013304828068698353 0.013168895041873289 0.00031524709083748104 0.0094504287309116787
leaf_weight=141 5934 188 149 33 284 35
leaf_count=141 5934 188 149 33 284 35
internal_value=3.13783e-05 0.00269406 0.00515621 -0.000175055 0.00299507 0.00157432
internal_weight=6764 478 290 6286 352 319
internal_count=6764 478 290 6286 352 319
is_linear=0
shrinkage=0.01


Tree=443
num_leaves=7
num_cat=0
split_feature=2 1 9 1 7 10
split_gain=36.578 43.6692 48.4896 38.2436 60.635 112.252
threshold=0.28397164367645794 1.5770710227880838 2435.5000000000005 1.2346246884915064 1.0000000180025095e-35 0.0074975020869792628
decision_type=2 2 2 2 2 2
left_child=1 2 -1 -2 -5 -6
right_child=3 -3 -4 4 5 -7
leaf_value=0.0033134707868885016 -0.0010102350799581507 0.011000961871551616 -0.0044873581957877978 0.0011253406888026625 -0.0041421769252571903 0.010302238654894906
leaf_weight=338 2914 46 94 2852 469 51
leaf_count=338 2914 46 94 2852 469 51
internal_value=3.15305e-05 0.00266897 0.00155295 -0.000172946 0.000551466 -0.00255786
internal_weight=6764 478 432 6286 3372 520
internal_count=6764 478 432 6286 3372 520
is_linear=0
shrinkage=0.01


Tree=444
num_leaves=7
num_cat=0
split_feature=15 11 14 9 22 9
split_gain=36.1738 72.0575 46.5388 80.6971 34.9093 47.1598
threshold=0.78292190679549989 0.018953767980624581 57.155092561199304 2292.5000000000005 16.30083333333334 1139.0000000000002
decision_type=2 2 2 2 10 2
left_child=1 2 3 -1 5 -3
right_child=-2 4 -4 -5 -6 -7
leaf_value=0.016478469626921597 -0.00073433800507347654 0.0060303790563264407 -0.0046354003098200668 0.0035092505915648377 -0.00081815561069124691 0.00068304240699722046
leaf_weight=56 3221 175 34 207 1513 1558
leaf_count=56 3221 175 34 207 1513 1558
internal_value=3.1453e-05 0.000727754 0.00535873 0.00677321 0.000288876 0.00125452
internal_weight=6764 3543 297 263 3246 1733
internal_count=6764 3543 297 263 3246 1733
is_linear=0
shrinkage=0.01


Tree=445
num_leaves=7
num_cat=0
split_feature=2 14 11 1 10 8
split_gain=35.8647 45.5096 40.1288 37.2372 37.5086 66.5129
threshold=0.28397164367645794 24.572483358321101 0.035649017275002394 1.2346246884915064 0.0066868686868686873 15.556050000000001
decision_type=2 2 2 2 2 2
left_child=1 2 -1 -2 -5 -6
right_child=3 -3 -4 4 5 -7
leaf_value=0.0087053113381204122 -0.00099723020915466623 -0.0011589608979035132 0.0012878870870332299 0.00026851742654486401 -0.0029054064342252366 0.0085611590657096656
leaf_weight=141 2914 188 149 3167 72 133
leaf_count=141 2914 188 149 3167 72 133
internal_value=3.14412e-05 0.00264304 0.00506425 -0.000171032 0.000543785 0.00458606
internal_weight=6764 478 290 6286 3372 205
internal_count=6764 478 290 6286 3372 205
is_linear=0
shrinkage=0.01


Tree=446
num_leaves=7
num_cat=0
split_feature=0 16 7 10 8 0
split_gain=35.6091 46.1112 33.6621 64.4075 76.3105 51.9801
threshold=1.2645464727271944 0.73194214223846588 1.0000000180025095e-35 0.0061700970853103441 12.493350000000001 0.9248463591002013
decision_type=2 2 2 2 2 2
left_child=2 -2 -1 5 -5 -4
right_child=1 -3 3 4 -6 -7
leaf_value=0.00018280492025501461 0.013011456545856264 0.0015927203905580498 -0.0012971815029502965 -0.005934214813804085 0.010765221384884435 -0.0070579907379632444
leaf_weight=5650 35 183 586 34 69 207
leaf_count=5650 35 183 586 34 69 207
internal_value=3.133e-05 0.00391627 -0.000103826 -0.00189333 0.00521546 -0.00287012
internal_weight=6764 218 6546 896 103 793
internal_count=6764 218 6546 896 103 793
is_linear=0
shrinkage=0.01


Tree=447
num_leaves=7
num_cat=0
split_feature=2 8 22 21 22 17
split_gain=35.571 106.638 86.7615 49.6958 44.3973 42.8325
threshold=0.66688148836865391 340.3372500000001 8.4500000000000224 37.900000000000041 8.2625000000000259 286.35000000000008
decision_type=2 2 10 10 10 8
left_child=1 4 -3 -4 5 -1
right_child=-2 2 3 -5 -6 -7
leaf_value=-0.00085332227500243348 -0.00088543728773103831 0.013586655881451932 0.0041667230329258224 -0.005806823856339364 0.00032996089063629509 -0.0090623365547508015
leaf_weight=181 2597 85 353 49 3409 90
leaf_count=181 2597 85 353 49 3409 90
internal_value=3.11829e-05 0.0006032 0.00495101 0.00283961 1.5967e-05 -0.00380505
internal_weight=6764 4167 487 402 3680 271
internal_count=6764 4167 487 402 3680 271
is_linear=0
shrinkage=0.01


Tree=448
num_leaves=7
num_cat=0
split_feature=16 0 5 20 2 17
split_gain=35.364 58.361 51.6018 50.5949 50.3692 40.2864
threshold=1.0776568267759006 1.1539983609574738 0.010690573811550063 287.00000000000006 0.28397164367645794 329.85000000000008
decision_type=2 2 2 10 2 8
left_child=1 4 -2 -3 -1 -4
right_child=2 3 5 -5 -6 -7
leaf_value=0.004035521125668593 -0.0078966513562359307 -0.0024189818752082914 -0.00086186221119482196 0.0111905417477614 4.5125981121492825e-05 0.0021009140040380981
leaf_weight=351 85 34 3123 85 2558 528
leaf_count=351 85 34 3123 85 2558 528
internal_value=3.08929e-05 0.000832578 -0.000619355 0.00741602 0.000538783 -0.000428823
internal_weight=6764 3028 3736 119 2909 3651
internal_count=6764 3028 3736 119 2909 3651
is_linear=0
shrinkage=0.01


Tree=449
num_leaves=7
num_cat=0
split_feature=1 15 11 1 9 16
split_gain=35.0251 38.6915 52.7621 45.7807 43.2653 40.2905
threshold=0.88743002940009486 0.78292190679549989 0.018953767980624581 2.3032165564439397 2315.0000000000005 10.696579570763875
decision_type=2 2 2 2 2 2
left_child=-1 2 3 -2 -5 -4
right_child=1 -3 5 4 -6 -7
leaf_value=-0.0021363459279590252 0.0025946719246975922 -0.00056685585064518559 0.00089916118872877078 0.017727382148199893 0.0017150580789893866 -0.0041191281432231119
leaf_weight=662 225 2900 2750 37 30 160
leaf_count=662 225 2900 2750 37 30 160
internal_value=3.06754e-05 0.000268884 0.00102521 0.00500509 0.0117115 0.00061008
internal_weight=6764 6102 3202 292 67 2910
internal_count=6764 6102 3202 292 67 2910
is_linear=0
shrinkage=0.01


Tree=450
num_leaves=7
num_cat=0
split_feature=2 14 11 0 16 7
split_gain=34.5556 44.4254 39.2616 35.7279 40.9011 30.6249
threshold=0.28397164367645794 24.572483358321101 0.035649017275002394 1.2645464727271944 0.73194214223846588 1.0000000180025095e-35
decision_type=2 2 2 2 2 2
left_child=1 2 -1 5 -5 -2
right_child=3 -3 -4 4 -6 -7
leaf_value=0.0085876508773804101 -3.9140509540592114e-05 -0.001161632085027352 0.0012527493476785672 0.012411146719347349 0.001554657087994286 -0.0021511853009247529
leaf_weight=141 5290 188 149 34 183 779
leaf_count=141 5290 188 149 34 183 779
internal_value=3.06065e-05 0.0025941 0.00498641 -0.000168137 0.00372749 -0.000313329
internal_weight=6764 478 290 6286 217 6069
internal_count=6764 478 290 6286 217 6069
is_linear=0
shrinkage=0.01


Tree=451
num_leaves=7
num_cat=0
split_feature=2 12 14 15 11 1
split_gain=34.3252 55.1265 44.8287 37.0998 54.1662 72.5151
threshold=0.66688148836865391 0.0088032195105652248 57.155092561199304 1.0252090281288624 0.019796903093877095 2.0000022500218573
decision_type=2 2 2 2 2 2
left_child=1 -1 3 4 5 -3
right_child=-2 2 -4 -5 -6 -7
leaf_value=0.0075465008829560896 -0.0008698225591030434 0.0023531058217971198 -0.0026862383298899327 -0.00077228467416435383 0.00093204798878061162 0.014507030435970852
leaf_weight=101 2597 182 412 1102 2310 60
leaf_count=101 2597 182 412 1102 2310 60
internal_value=3.06024e-05 0.000592513 0.000401685 0.000756239 0.00141672 0.00582257
internal_weight=6764 4167 4066 3654 2552 242
internal_count=6764 4167 4066 3654 2552 242
is_linear=0
shrinkage=0.01


Tree=452
num_leaves=7
num_cat=0
split_feature=1 15 15 22 9 13
split_gain=34.0485 37.5289 51.6383 46.3163 59.3939 74.4537
threshold=0.88743002940009486 0.78292190679549989 0.72674210440156994 16.30083333333334 1240.5000000000002 0.0079365820836721519
decision_type=2 2 2 10 2 2
left_child=-1 2 3 4 5 -2
right_child=1 -3 -4 -5 -6 -7
leaf_value=-0.002105990947286392 0.010708975566054385 -0.00055761922912130491 0.012309607004746795 -0.00054758494616056401 0.0012361770932837052 -0.0019715894266248567
leaf_weight=662 140 2900 30 1338 1631 63
leaf_count=662 140 2900 30 1338 1631 63
internal_value=3.06066e-05 0.00026547 0.00101034 0.00086513 0.00189316 0.00686582
internal_weight=6764 6102 3202 3172 1834 203
internal_count=6764 6102 3202 3172 1834 203
is_linear=0
shrinkage=0.01


Tree=453
num_leaves=7
num_cat=0
split_feature=2 14 12 0 16 7
split_gain=33.718 43.403 37.2216 34.7981 39.9818 29.9877
threshold=0.28397164367645794 24.572483358321101 0.023559679197077927 1.2645464727271944 0.73194214223846588 1.0000000180025095e-35
decision_type=2 2 2 2 2 2
left_child=1 2 -1 5 -5 -2
right_child=3 -3 -4 4 -6 -7
leaf_value=0.01035447206430965 -3.7709565942430107e-05 -0.0011493981760841879 0.0024833191780384038 0.012264165817336603 0.0015309681677515257 -0.0021276661055044509
leaf_weight=80 5290 188 210 34 183 779
leaf_count=80 5290 188 210 34 183 779
internal_value=3.0582e-05 0.00256281 0.00492744 -0.000165738 0.00367886 -0.000309029
internal_weight=6764 478 290 6286 217 6069
internal_count=6764 478 290 6286 217 6069
is_linear=0
shrinkage=0.01


Tree=454
num_leaves=7
num_cat=0
split_feature=15 2 22 14 14 17
split_gain=33.5272 40.1058 39.6167 38.7448 50.3228 64.2281
threshold=3.4120401236268219 0.25016427365162591 19.115833333333359 57.155092561199304 16.265073570448624 321.05000000000007
decision_type=2 2 8 2 2 8
left_child=1 2 -1 4 -3 -6
right_child=-2 3 -4 -5 5 -7
leaf_value=0.0051519983862211858 -0.0018907429062612106 -0.00033174398846739112 -0.0040751211013211382 -0.0027994375321948968 0.0026088729706884107 -0.0029181551250786219
leaf_weight=271 791 3611 48 419 1385 239
leaf_count=271 791 3611 48 419 1385 239
internal_value=3.06205e-05 0.0002878 0.00368193 9.01401e-05 0.000326313 0.00178259
internal_weight=6764 5973 319 5654 5235 1624
internal_count=6764 5973 319 5654 5235 1624
is_linear=0
shrinkage=0.01


Tree=455
num_leaves=7
num_cat=0
split_feature=1 15 15 16 22 9
split_gain=32.9959 36.5556 50.8464 45.1526 42.3198 67.0628
threshold=0.88743002940009486 0.78292190679549989 0.72674210440156994 7.0839128076405773 16.30083333333334 1240.5000000000002
decision_type=2 2 2 2 10 2
left_child=-1 2 3 4 5 -2
right_child=1 -3 -4 -5 -6 -7
leaf_value=-0.0020730611565349614 0.0075744481816460993 -0.00055088830173640271 0.012208786931820216 -0.0032875346317152556 -0.0002680098541140232 0.0014584258533747285
leaf_weight=662 194 2900 30 234 1184 1560
leaf_count=662 194 2900 30 234 1184 1560
internal_value=3.02514e-05 0.000261456 0.000996608 0.000852531 0.0011923 0.00217399
internal_weight=6764 6102 3202 3172 2938 1754
internal_count=6764 6102 3202 3172 2938 1754
is_linear=0
shrinkage=0.01


Tree=456
num_leaves=7
num_cat=0
split_feature=2 8 23 15 18 17
split_gain=32.812 105.869 83.257 46.1014 44.2575 58.6782
threshold=0.66412091874298806 340.3372500000001 18.960714285714307 0.83899621085245812 242.845 173.15000000000006
decision_type=2 2 10 2 10 8
left_child=1 -1 4 -4 5 -3
right_child=-2 2 3 -5 -6 -7
leaf_value=-1.7903221277513673e-06 -0.00083689454943681313 0.0036166824736265524 -0.0039104863059998465 0.0060974461790731724 0.0043154400270949637 0.017618502348661424
leaf_weight=3635 2646 56 121 61 170 75
leaf_count=3635 2646 56 121 61 170 75
internal_value=3.01713e-05 0.000587978 0.00493651 -0.000413307 0.00808056 0.012314
internal_weight=6764 4118 483 182 301 131
internal_count=6764 4118 483 182 301 131
is_linear=0
shrinkage=0.01


Tree=457
num_leaves=7
num_cat=0
split_feature=15 2 14 14 17 20
split_gain=32.3634 39.1227 38.158 48.6921 62.9835 90.9632
threshold=3.4120401236268219 0.25016427365162591 57.155092561199304 16.265073570448624 321.05000000000007 289.65061382539056
decision_type=2 2 2 2 8 10
left_child=1 -1 3 -3 -5 -6
right_child=-2 2 -4 4 5 -7
leaf_value=0.0036352159822498386 -0.0018574562913074508 -0.00032520593172339843 -0.0027798865303871522 0.0025728682652432938 -0.0079027676180430106 0.0041396902083334595
leaf_weight=319 791 3611 419 1385 139 100
leaf_count=319 791 3611 419 1385 139 100
internal_value=3.02667e-05 0.000282943 8.77229e-05 0.000322104 0.00175459 -0.00290019
internal_weight=6764 5973 5654 5235 1624 239
internal_count=6764 5973 5654 5235 1624 239
is_linear=0
shrinkage=0.01


Tree=458
num_leaves=7
num_cat=0
split_feature=0 16 2 18 14 1
split_gain=32.5772 42.8629 36.618 55.1658 34.8494 29.38
threshold=1.2645464727271944 0.73194214223846588 0.41827935841578262 178.19666666666589 69.837463571107264 1.416876414486824
decision_type=2 2 2 8 2 2
left_child=2 -2 3 -1 5 -5
right_child=1 -3 -4 4 -6 -7
leaf_value=0.012238895608319176 0.012513858013682894 0.0015073594811777801 -0.00048743367627608999 0.00059075031476557897 -0.0058208992777185314 0.0043958748535072737
leaf_weight=35 35 183 5159 1047 62 243
leaf_count=35 35 183 5159 1047 62 243
internal_value=2.99268e-05 0.00374581 -9.93471e-05 0.00133731 0.000967309 0.00133583
internal_weight=6764 218 6546 1387 1352 1290
internal_count=6764 218 6546 1387 1352 1290
is_linear=0
shrinkage=0.01


Tree=459
num_leaves=7
num_cat=0
split_feature=8 13 18 23 18 1
split_gain=32.0819 81.9915 77.6173 82.4557 53.3805 52.8011
threshold=24.678000000000004 0.0079365820836721519 217.43500000000054 10.746428571428593 282.49166666666724 2.3032165564439397
decision_type=2 2 8 10 8 2
left_child=-1 2 -2 -4 -3 -5
right_child=1 4 3 5 -6 -7
leaf_value=-0.00086883223472315751 0.0066528032742509688 -0.0020614321096520871 -0.0040440935767706368 0.0016370249174902836 0.00082401801848404983 0.0091993228490373086
leaf_weight=2495 314 1240 238 1077 1308 92
leaf_count=2495 314 1240 238 1077 1308 92
internal_value=2.99957e-05 0.000556115 0.0022359 0.00121019 -0.000582773 0.00230515
internal_weight=6764 4269 1721 1407 2548 1169
internal_count=6764 4269 1721 1407 2548 1169
is_linear=0
shrinkage=0.01


Tree=460
num_leaves=7
num_cat=0
split_feature=0 16 2 18 22 14
split_gain=31.8928 42.1633 35.9856 54.0384 46.1078 27.8976
threshold=1.2645464727271944 0.73194214223846588 0.41827935841578262 178.19666666666589 8.040833333333369 28.652605846613188
decision_type=2 2 2 8 10 2
left_child=2 -2 3 -1 -5 -6
right_child=1 -3 -4 4 5 -7
leaf_value=0.012115809642606312 0.012402444375885857 0.0014869061896910438 -0.00048276735581317081 -0.005556645560179754 0.002541408735489149 -0.00056823331419866103
leaf_weight=35 35 183 5159 91 825 436
leaf_count=35 35 183 5159 91 825 436
internal_value=2.98631e-05 0.0037065 -9.80461e-05 0.00132615 0.000959929 0.00147022
internal_weight=6764 218 6546 1387 1352 1261
internal_count=6764 218 6546 1387 1352 1261
is_linear=0
shrinkage=0.01


Tree=461
num_leaves=7
num_cat=0
split_feature=7 1 2 20 17 4
split_gain=31.9837 54.5364 48.6187 55.4745 75.6158 41.3604
threshold=1.0000000180025095e-35 1.4747468523983533 0.49348625803625623 287.87017574740582 320.15000000000009 0.25592446503415689
decision_type=2 2 2 10 10 2
left_child=1 -1 -3 4 -4 -2
right_child=5 2 3 -5 -6 -7
leaf_value=-0.00024545423458922878 -0.0023505317393287583 0.0057169293806898034 -1.1496566006642952e-05 0.0026104423372814789 -0.011673048619014114 0.004432703966625256
leaf_weight=4384 859 273 327 773 57 91
leaf_count=4384 859 273 327 773 57 91
internal_value=2.98884e-05 0.000308615 0.00199715 0.00107798 -0.00199484 -0.00166136
internal_weight=6764 5814 1430 1157 384 950
internal_count=6764 5814 1430 1157 384 950
is_linear=0
shrinkage=0.01


Tree=462
num_leaves=7
num_cat=0
split_feature=12 2 16 10 8 12
split_gain=31.6531 47.2343 44.2309 30.0706 40.8721 26.6603
threshold=0.038111853028276951 0.28397164367645794 1.6693286726340382 0.0063921095430853562 15.556050000000001 0.011130594959556159
decision_type=2 2 2 2 2 2
left_child=1 2 -1 5 -5 -3
right_child=-2 3 -4 4 -6 -7
leaf_value=0.0055130803144381691 -0.0020742142145483071 0.0015164739880274107 -0.0019055819641104327 -0.0022656683939312268 0.0057805586690035139 -0.00043790337803546145
leaf_weight=290 637 811 104 87 184 4651
leaf_count=290 637 811 104 87 184 4651
internal_value=2.95671e-05 0.000251312 0.00355616 1.83904e-05 0.00320875 -0.000145476
internal_weight=6764 6127 394 5733 271 5462
internal_count=6764 6127 394 5733 271 5462
is_linear=0
shrinkage=0.01


Tree=463
num_leaves=7
num_cat=0
split_feature=7 1 11 0 20 17
split_gain=31.4856 53.0098 40.7306 43.0334 39.0638 72.8868
threshold=1.0000000180025095e-35 1.4747468523983533 0.020229433464281226 0.9248463591002013 287.87017574740582 320.15000000000009
decision_type=2 2 2 2 10 10
left_child=1 -1 -2 -4 5 -3
right_child=2 4 3 -5 -6 -7
leaf_value=-0.00024035302069898737 0.0048367325928104065 0.0013711610297188878 -0.00075114651670829568 -0.0054999765898380761 0.0031354716187415761 -0.0088419805283081673
leaf_weight=4384 79 406 598 273 950 74
leaf_count=4384 79 406 598 273 950 74
internal_value=2.93618e-05 0.00030591 -0.00164867 -0.00228512 0.00197065 -0.00035168
internal_weight=6764 5814 950 871 1430 480
internal_count=6764 5814 950 871 1430 480
is_linear=0
shrinkage=0.01


Tree=464
num_leaves=7
num_cat=0
split_feature=15 11 14 9 16 1
split_gain=30.9779 63.9716 43.8304 75.9406 32.4791 35.5288
threshold=0.78292190679549989 0.018953767980624581 57.155092561199304 2292.5000000000005 10.696579570763875 0.91458966565349542
decision_type=2 2 2 2 2 2
left_child=1 2 3 -1 5 -3
right_child=-2 4 -4 -5 -6 -7
leaf_value=0.015820434788862865 -0.0006796818274040047 -0.0023661586341310152 -0.0046403855203904889 0.0032548518118358429 -0.0037315627436934548 0.00090796542553190111
leaf_weight=56 3221 368 34 207 182 2696
leaf_count=56 3221 368 34 207 182 2696
internal_value=2.89798e-05 0.000673335 0.00503673 0.00641191 0.000259855 0.000508311
internal_weight=6764 3543 297 263 3246 3064
internal_count=6764 3543 297 263 3246 3064
is_linear=0
shrinkage=0.01


Tree=465
num_leaves=7
num_cat=0
split_feature=8 13 17 17 20 21
split_gain=31.0379 78.7327 70.6384 82.3633 66.6047 65.8527
threshold=24.678000000000004 0.0079365820836721519 320.65000000000009 316.35000000000008 287.87017574740582 25.900000000000038
decision_type=2 2 8 10 8 8
left_child=-1 2 3 5 -4 -2
right_child=1 -3 4 -5 -6 -7
leaf_value=-0.00085526471205111252 0.0063739301525216939 -0.00056972470250786858 -0.0074836019602500725 0.015144379053603519 0.0019606008494601531 0.00133669980320977
leaf_weight=2495 338 2548 125 45 160 1053
leaf_count=2495 338 2548 125 45 160 1053
internal_value=2.88164e-05 0.000546305 0.00219237 0.00309266 -0.00229486 0.00259746
internal_weight=6764 4269 1721 1436 285 1391
internal_count=6764 4269 1721 1436 285 1391
is_linear=0
shrinkage=0.01


Tree=466
num_leaves=7
num_cat=0
split_feature=2 8 23 15 18 20
split_gain=30.9212 101.074 80.7365 45.2572 42.3099 38.4794
threshold=0.66412091874298806 340.3372500000001 18.960714285714307 0.83899621085245812 242.845 286.4215225630237
decision_type=2 2 10 2 10 10
left_child=1 5 4 -4 -3 -1
right_child=-2 2 3 -5 -6 -7
leaf_value=-0.002293917320651958 -0.0008129495104741587 0.012055143575111392 -0.0039102290661379921 0.0060059802387644294 0.0042327547152526679 0.00045417574097941787
leaf_weight=602 2646 131 121 61 170 3033
leaf_count=602 2646 131 121 61 170 3033
internal_value=2.87631e-05 0.00057026 0.00481918 -0.000446955 0.00791534 -5.98645e-06
internal_weight=6764 4118 483 182 301 3635
internal_count=6764 4118 483 182 301 3635
is_linear=0
shrinkage=0.01


Tree=467
num_leaves=7
num_cat=0
split_feature=7 10 1 0 2 17
split_gain=31.0634 79.2581 50.7855 49.1562 47.4638 34.1573
threshold=1.0000000180025095e-35 0.0074975020869792628 1.4747468523983533 0.9248463591002013 0.49348625803625623 255.45000000000002
decision_type=2 2 2 2 2 10
left_child=2 3 -1 -2 -4 -3
right_child=1 5 4 -5 -6 -7
leaf_value=-0.00023129142312180436 -0.00083600466627991058 0.014523376576602458 0.0056078309138547569 -0.0058786474603478942 0.0010250694700536711 0.00099724452632168935
leaf_weight=4384 605 30 273 277 1157 38
leaf_count=4384 605 30 273 277 1157 38
internal_value=2.87077e-05 -0.00163803 0.000303396 -0.00246784 0.00193283 0.00806157
internal_weight=6764 950 5814 882 1430 68
internal_count=6764 950 5814 882 1430 68
is_linear=0
shrinkage=0.01


Tree=468
num_leaves=7
num_cat=0
split_feature=7 10 1 0 20 17
split_gain=30.4196 77.9903 49.7965 48.215 38.6898 70.5272
threshold=1.0000000180025095e-35 0.0074975020869792628 1.4747468523983533 0.9248463591002013 287.87017574740582 320.15000000000009
decision_type=2 2 2 2 10 10
left_child=2 3 -1 -2 5 -4
right_child=1 -3 4 -5 -6 -7
leaf_value=-0.00022898376804897594 -0.00082778056149893423 0.0080008568079807819 0.0012994147782200555 -0.0058219092935226369 0.003073249920539335 -0.0087473056259165915
leaf_weight=4384 605 68 406 277 950 74
leaf_count=4384 605 68 406 277 950 74
internal_value=2.86451e-05 -0.00162074 0.000300472 -0.00244392 0.00191396 -0.000396361
internal_weight=6764 950 5814 882 1430 480
internal_count=6764 950 5814 882 1430 480
is_linear=0
shrinkage=0.01


Tree=469
num_leaves=7
num_cat=0
split_feature=0 16 7 0 4 16
split_gain=30.3651 40.8908 30.1396 46.1287 72.1715 54.7841
threshold=1.2645464727271944 0.73194214223846588 1.0000000180025095e-35 0.99223776317140888 0.25592446503415689 0.97714678901307661
decision_type=2 2 2 2 2 2
left_child=2 -2 -1 4 -4 -5
right_child=1 -3 3 5 -6 -7
leaf_value=0.00017472034080925664 0.012178494446807438 0.0014319805535270684 -0.0014037359149828869 -0.0006092508494393113 0.012247214357300503 -0.01178178633020802
leaf_weight=5650 35 183 697 87 31 81
leaf_count=5650 35 183 697 87 31 81
internal_value=2.83106e-05 0.00361581 -9.64961e-05 -0.00178979 -0.000664371 -0.00635528
internal_weight=6764 218 6546 896 728 168
internal_count=6764 218 6546 896 728 168
is_linear=0
shrinkage=0.01


Tree=470
num_leaves=7
num_cat=0
split_feature=14 2 8 20 0 9
split_gain=30.9711 40.6119 60.2089 69.6723 39.137 40.6991
threshold=69.837463571107264 0.47559523809523813 565.2225000000002 292.91001890927907 1.2645464727271944 1511.0000000000002
decision_type=2 2 2 10 2 2
left_child=1 2 -1 -4 -3 -6
right_child=-2 4 3 -5 5 -7
leaf_value=0.00077065076261640709 -0.0040413033371985698 -0.00054701985523076201 0.010901094369821309 -0.0016906735625864351 0.012800843082368374 0.0015117568529765064
leaf_weight=1725 172 4505 119 63 32 148
leaf_count=1725 172 4505 119 63 32 148
internal_value=2.82082e-05 0.000140351 0.00136667 0.00668136 -0.000360661 0.00408681
internal_weight=6764 6592 1907 182 4685 180
internal_count=6764 6592 1907 182 4685 180
is_linear=0
shrinkage=0.01


Tree=471
num_leaves=7
num_cat=0
split_feature=2 1 9 1 7 10
split_gain=30.6513 40.0895 44.2295 29.7276 54.4517 102.595
threshold=0.28397164367645794 1.5770710227880838 2435.5000000000005 1.2346246884915064 1.0000000180025095e-35 0.0074975020869792628
decision_type=2 2 2 2 2 2
left_child=1 2 -1 -2 -5 -6
right_child=3 -3 -4 4 5 -7
leaf_value=0.0030594508613318596 -0.00089715631966752723 0.010422505108373505 -0.0043883235244384896 0.0010236670891650606 -0.0039808698024589566 0.0098289332489986895
leaf_weight=338 2914 46 94 2852 469 51
leaf_count=338 2914 46 94 2852 469 51
internal_value=2.8217e-05 0.00244255 0.00137625 -0.000158961 0.000479735 -0.00246655
internal_weight=6764 478 432 6286 3372 520
internal_count=6764 478 432 6286 3372 520
is_linear=0
shrinkage=0.01


Tree=472
num_leaves=7
num_cat=0
split_feature=14 2 8 18 0 9
split_gain=30.4 39.517 59.0004 61.8467 38.4205 40.0276
threshold=69.837463571107264 0.47559523809523813 565.2225000000002 194.43833333333444 1.2645464727271944 1511.0000000000002
decision_type=2 2 2 10 2 2
left_child=1 2 -1 -4 -3 -6
right_child=-2 4 3 -5 5 -7
leaf_value=0.00075895340497181447 -0.0040036616542911962 -0.00053960219481617006 0.016663118987641438 0.0031351790646872214 0.012693417073183118 0.0014979787264037673
leaf_weight=1725 172 4505 37 145 32 148
leaf_count=1725 172 4505 37 145 32 148
internal_value=2.81573e-05 0.000139261 0.00134893 0.00661 -0.000354952 0.0040516
internal_weight=6764 6592 1907 182 4685 180
internal_count=6764 6592 1907 182 4685 180
is_linear=0
shrinkage=0.01


Tree=473
num_leaves=7
num_cat=0
split_feature=12 2 16 7 10 20
split_gain=30.0987 45.3708 42.2511 30.7057 79.8294 34.6944
threshold=0.038111853028276951 0.28397164367645794 1.6693286726340382 1.0000000180025095e-35 0.0074975020869792628 287.87017574740582
decision_type=2 2 2 2 2 10
left_child=1 2 -1 5 -5 -3
right_child=-2 3 -4 4 -6 -7
leaf_value=0.0053961089046982427 -0.002023153542137922 -0.00103676818730578 -0.001855072503217104 -0.0026977537487676314 0.0094163039074105746 0.00082520765798525689
leaf_weight=290 637 1378 104 726 49 3580
leaf_count=290 637 1378 104 726 49 3580
internal_value=2.83216e-05 0.000244554 0.00348355 1.62766e-05 -0.00182164 0.000306655
internal_weight=6764 6127 394 5733 775 4958
internal_count=6764 6127 394 5733 775 4958
is_linear=0
shrinkage=0.01


Tree=474
num_leaves=7
num_cat=0
split_feature=8 13 18 6 22 18
split_gain=30.0376 75.4698 73.9103 65.9839 54.4612 52.2127
threshold=24.678000000000004 0.0079365820836721519 217.43500000000054 1.4811187686848777 8.6241666666666656 282.49166666666724
decision_type=2 2 8 2 10 8
left_child=-1 2 -2 4 -4 -3
right_child=1 5 3 -5 -6 -7
leaf_value=-0.00084156044911567172 0.0064587442353396555 -0.0020178726334455425 -0.0061190641033756843 0.0096928705047158639 0.0011944548656813512 0.00083577749982005622
leaf_weight=2495 314 1240 101 75 1231 1308
leaf_count=2495 314 1240 101 75 1231 1308
internal_value=2.81569e-05 0.000537238 0.00214883 0.0011482 0.000598437 -0.000555428
internal_weight=6764 4269 1721 1407 1332 2548
internal_count=6764 4269 1721 1407 1332 2548
is_linear=0
shrinkage=0.01


Tree=475
num_leaves=7
num_cat=0
split_feature=12 2 18 17 8 13
split_gain=29.4666 34.339 38.3433 34.4821 28.998 58.8419
threshold=0.043808761857417465 0.25016427365162591 250.97166666666683 292.85000000000008 24.678000000000004 0.0079365820836721519
decision_type=2 2 8 10 2 2
left_child=1 2 -1 -4 -3 -6
right_child=-2 4 3 -5 5 -7
leaf_value=0.0093964718114584699 -0.0026589086420785685 -0.00089469716261923152 -0.0033379802535637281 0.0041839535527897972 0.0020177991301641614 -0.00047990327613786898
leaf_weight=70 375 2194 90 148 1584 2303
leaf_count=70 375 2194 90 148 1584 2303
internal_value=2.80112e-05 0.000189628 0.00339303 0.00131962 2.20724e-05 0.000540507
internal_weight=6764 6389 308 238 6081 3887
internal_count=6764 6389 308 238 6081 3887
is_linear=0
shrinkage=0.01


Tree=476
num_leaves=7
num_cat=0
split_feature=14 15 11 9 13 9
split_gain=29.7499 37.6419 67.5741 43.2804 41.1173 32.3268
threshold=69.837463571107264 0.78292190679549989 0.018953767980624581 2292.5000000000005 1.0000000180025095e-35 1600.5000000000002
decision_type=2 2 2 2 2 2
left_child=1 2 3 -1 5 -4
right_child=-2 -3 4 -5 -6 -7
leaf_value=0.011970665279727477 -0.0039606212500507103 -0.00063687259058797677 0.0038619974730064789 0.003004894268954486 -0.001093102200726668 0.00066105604267330709
leaf_weight=67 172 3210 385 216 1115 1599
leaf_count=67 172 3210 385 216 1115 1599
internal_value=2.78525e-05 0.000137762 0.000872711 0.00546364 0.000437243 0.00129846
internal_weight=6764 6592 3382 283 3099 1984
internal_count=6764 6592 3382 283 3099 1984
is_linear=0
shrinkage=0.01


Tree=477
num_leaves=7
num_cat=0
split_feature=2 12 22 9 13 20
split_gain=28.9002 51.3179 31.5005 47.311 83.6284 51.1848
threshold=0.69713861849696712 0.0088032195105652248 17.704166666666691 1470.5000000000002 1.0000000180025095e-35 286.55948650088538
decision_type=2 2 8 2 2 10
left_child=1 -1 3 4 -3 -5
right_child=-2 2 -4 5 -6 -7
leaf_value=0.0065384061734178383 -0.00089786626052039853 0.0083710367866200678 -0.00078422503704146565 -0.002130975155148495 0.00051846672788992323 0.001249038124750207
leaf_weight=126 2243 209 1659 619 360 1548
leaf_count=126 2243 209 1659 619 360 1548
internal_value=2.77778e-05 0.000487985 0.000300076 0.000958014 0.00349756 0.000278189
internal_weight=6764 4521 4395 2736 569 2167
internal_count=6764 4521 4395 2736 569 2167
is_linear=0
shrinkage=0.01


Tree=478
num_leaves=7
num_cat=0
split_feature=14 15 11 0 21 17
split_gain=29.2548 36.6436 65.9943 49.033 36.7752 54.3982
threshold=69.837463571107264 0.78292190679549989 0.018953767980624581 1.2427815986253969 26.900000000000038 320.15000000000009
decision_type=2 2 2 2 10 10
left_child=1 2 3 -1 5 -4
right_child=-2 -3 4 -5 -6 -7
leaf_value=0.0035382739278272939 -0.0039274574793967329 -0.00062761389976349283 0.0036209075788256567 0.015392706709545711 -0.00016761538870273287 -0.0036125409151940777
leaf_weight=250 172 3210 598 33 2384 117
leaf_count=250 172 3210 598 33 2384 117
internal_value=2.76899e-05 0.000136681 0.000861818 0.00539876 0.000431472 0.00240375
internal_weight=6764 6592 3382 283 3099 715
internal_count=6764 6592 3382 283 3099 715
is_linear=0
shrinkage=0.01


Tree=479
num_leaves=7
num_cat=0
split_feature=14 2 18 7 1 17
split_gain=28.7073 37.5612 49.581 36.9494 43.7605 63.4757
threshold=69.837463571107264 0.47559523809523813 178.19666666666589 1.0000000180025095e-35 1.4747468523983533 276.05000000000007
decision_type=2 2 8 2 2 10
left_child=1 2 -1 4 -4 -6
right_child=-2 -3 3 -5 5 -7
leaf_value=0.0090796512704861311 -0.0038903408560768834 -0.0003462390157198412 0.0009142154419485856 -0.0020960187038263451 0.00093647566151476515 0.01174953550404432
leaf_weight=69 172 4685 1309 315 126 88
leaf_count=69 172 4685 1309 315 126 88
internal_value=2.76229e-05 0.000135589 0.00131495 0.000975898 0.00162079 0.005709
internal_weight=6764 6592 1907 1838 1523 214
internal_count=6764 6592 1907 1838 1523 214
is_linear=0
shrinkage=0.01


Tree=480
num_leaves=7
num_cat=0
split_feature=1 20 18 5 9 21
split_gain=28.5158 34.5203 41.4319 46.0784 38.5913 64.1289
threshold=0.88743002940009486 282.7477329788249 201.36666666666639 0.28556139099051958 1338.5000000000002 26.200000000000021
decision_type=2 10 10 2 2 8
left_child=-1 2 3 -2 5 -3
right_child=1 4 -4 -5 -6 -7
leaf_value=-0.0019277248314245386 0.005546697341039992 0.010741986212677057 -0.0058091310260995248 -0.0024531633337028327 6.5149115205032548e-05 0.0014596131856008984
leaf_weight=662 94 71 189 224 4527 997
leaf_count=662 94 71 189 224 4527 997
internal_value=2.7588e-05 0.000242525 -0.00223056 8.58629e-06 0.000470207 0.00217062
internal_weight=6764 6102 507 318 5595 1068
internal_count=6764 6102 507 318 5595 1068
is_linear=0
shrinkage=0.01


Tree=481
num_leaves=7
num_cat=0
split_feature=8 15 21 4 17 1
split_gain=28.7163 69.9795 91.5185 87.7321 58.7308 62.3957
threshold=24.678000000000004 0.59076950616564028 26.700000000000021 0.18556639693904989 320.65000000000009 1.8526252054177073
decision_type=2 2 8 2 10 2
left_child=-1 2 4 -4 5 -2
right_child=1 -3 3 -5 -6 -7
leaf_value=-0.00082294953919337421 0.01042649776660368 -0.00038054147664112216 -2.9323652685260019e-05 0.011193796818951766 -0.002237360308891241 -8.9456175522106444e-05
leaf_weight=2495 248 2847 976 65 61 72
leaf_count=2495 248 2847 976 65 61 72
internal_value=2.74246e-05 0.000525184 0.00232854 0.000771286 0.00645486 0.0081294
internal_weight=6764 4269 1422 1041 381 320
internal_count=6764 4269 1422 1041 381 320
is_linear=0
shrinkage=0.01


Tree=482
num_leaves=7
num_cat=0
split_feature=2 14 11 11 7 10
split_gain=28.3614 39.5633 35.3508 26.9641 31.2723 58.66
threshold=0.28397164367645794 24.572483358321101 0.035649017275002394 0.014863896224169854 1.0000000180025095e-35 0.0074975020869792628
decision_type=2 2 2 2 2 2
left_child=1 2 -1 -2 -5 -6
right_child=3 -3 -4 4 5 -7
leaf_value=0.008023913226010192 0.0035181133568133278 -0.0011904586727773264 0.001074264684469445 1.4229723029146055e-05 -0.0028402052725175421 0.0068842146184076285
leaf_weight=141 184 188 149 5284 760 58
leaf_count=141 184 188 149 5284 760 58
internal_value=2.7417e-05 0.00234981 0.00460806 -0.000152634 -0.000268897 -0.00207588
internal_weight=6764 478 290 6286 6102 818
internal_count=6764 478 290 6286 6102 818
is_linear=0
shrinkage=0.01


Tree=483
num_leaves=7
num_cat=0
split_feature=12 10 18 21 8 17
split_gain=28.3957 36.624 37.8786 42.9453 34.6988 46.7564
threshold=0.043808761857417465 0.0044930289857065915 261.05000000000092 26.000000000000032 15.556050000000001 310.35000000000008
decision_type=2 2 8 8 2 8
left_child=1 -1 -3 -4 -5 -6
right_child=-2 2 3 4 5 -7
leaf_value=-8.823066162777118e-05 -0.0026102738929882209 0.0057570035132071505 -0.0060937421988003339 -0.0016870272016666573 0.00043182584394664401 0.008385061690919942
leaf_weight=5655 375 210 68 164 169 123
leaf_count=5655 375 210 68 164 169 123
internal_value=2.73714e-05 0.000186024 0.00227177 0.000793362 0.00192911 0.00394871
internal_weight=6764 6389 734 524 456 292
internal_count=6764 6389 734 524 456 292
is_linear=0
shrinkage=0.01


Tree=484
num_leaves=7
num_cat=0
split_feature=14 15 11 0 22 8
split_gain=28.1303 35.1396 63.7164 48.2161 36.8057 57.4509
threshold=69.837463571107264 0.78292190679549989 0.018953767980624581 1.2427815986253969 16.30083333333334 1697.5800000000002
decision_type=2 2 2 2 10 2
left_child=1 2 3 -1 5 -4
right_child=-2 -3 4 -5 -6 -7
leaf_value=0.0034597279297617768 -0.0038512301394795223 -0.0006144124337334457 0.0010111037539091319 0.015208876898815466 -0.00071180354188748714 0.009424080693184636
leaf_weight=250 172 3210 1537 33 1486 76
leaf_count=250 172 3210 1537 33 1486 76
internal_value=2.71582e-05 0.000134034 0.000844134 0.00530209 0.00042129 0.00146312
internal_weight=6764 6592 3382 283 3099 1613
internal_count=6764 6592 3382 283 3099 1613
is_linear=0
shrinkage=0.01


Tree=485
num_leaves=7
num_cat=0
split_feature=20 18 5 22 15 8
split_gain=28.2179 40.6687 42.2635 37.8285 49.6462 52.3178
threshold=282.7477329788249 201.36666666666639 0.28556139099051958 17.609166666666692 0.17301394803709064 1697.5800000000002
decision_type=8 10 2 8 2 2
left_child=1 2 -1 4 5 -2
right_child=3 -3 -4 -5 -6 -7
leaf_value=0.0052369543994372752 0.0021574905148973016 -0.0057610545297101809 -0.0023256186891602902 -0.00062968962870849998 0.00020880735327362607 0.010606554921080426
leaf_weight=96 805 189 234 2864 2504 72
leaf_count=96 805 189 234 2864 2504 72
internal_value=2.72398e-05 -0.00219052 -3.62759e-05 0.000214757 0.000929824 0.0029629
internal_weight=6764 519 330 6245 3381 877
internal_count=6764 519 330 6245 3381 877
is_linear=0
shrinkage=0.01


Tree=486
num_leaves=7
num_cat=0
split_feature=8 2 12 8 21 20
split_gain=27.7694 65.6108 58.9687 40.7746 68.5969 45.9604
threshold=24.678000000000004 0.66412091874298806 0.0088032195105652248 340.3372500000001 23.800000000000015 287.52959142738797
decision_type=2 2 2 2 10 10
left_child=-1 2 -2 5 -5 -4
right_child=1 -3 3 4 -6 -7
leaf_value=-0.00080912870866050874 0.0098522057071555574 -0.00075295025180489243 -0.0023468099543375678 0.01286501962590862 0.0022671277489527096 0.0015597323135263957
leaf_weight=2495 76 2081 384 64 391 1273
leaf_count=2495 76 2081 384 64 391 1273
internal_value=2.71075e-05 0.000516591 0.00172198 0.00138437 0.00400243 0.000645767
internal_weight=6764 4269 2188 2112 455 1657
internal_count=6764 4269 2188 2112 455 1657
is_linear=0
shrinkage=0.01


Tree=487
num_leaves=7
num_cat=0
split_feature=7 10 1 2 14 5
split_gain=27.8748 71.517 43.9522 43.6339 47.6754 31.0767
threshold=1.0000000180025095e-35 0.0074975020869792628 1.4747468523983533 0.49348625803625623 43.518916488384868 0.069109789434921159
decision_type=2 2 2 2 2 2
left_child=2 -2 -1 4 -4 -5
right_child=1 -3 3 5 -6 -7
leaf_value=-0.00021004797497817723 -0.0023399914288501811 0.0076619250451525059 0.0074250733640458845 -0.0077497982373461128 -0.002400797646602287 0.0012306520508293766
leaf_weight=4384 882 68 215 30 58 1127
leaf_count=4384 882 68 215 30 58 1127
internal_value=2.71706e-05 -0.00155171 0.000287379 0.00180323 0.00532646 0.000933384
internal_weight=6764 950 5814 1430 273 1157
internal_count=6764 950 5814 1430 273 1157
is_linear=0
shrinkage=0.01


Tree=488
num_leaves=7
num_cat=0
split_feature=2 14 11 11 7 10
split_gain=27.6965 38.4876 34.1548 25.6447 30.1682 56.1859
threshold=0.28397164367645794 24.572483358321101 0.035649017275002394 0.014863896224169854 1.0000000180025095e-35 0.0074975020869792628
decision_type=2 2 2 2 2 2
left_child=1 2 -1 -2 -5 -6
right_child=3 -3 -4 4 5 -7
leaf_value=0.0079070540920936124 0.0034288390843946605 -0.0011700185693255415 0.0010743279190464591 1.3729062129425069e-05 -0.0027871164107852457 0.0067302713214474567
leaf_weight=141 184 188 149 5284 760 58
leaf_count=141 184 188 149 5284 760 58
internal_value=2.69523e-05 0.00232197 0.00454928 -0.000150976 -0.000264355 -0.00203916
internal_weight=6764 478 290 6286 6102 818
internal_count=6764 478 290 6286 6102 818
is_linear=0
shrinkage=0.01


Tree=489
num_leaves=7
num_cat=0
split_feature=14 15 11 0 13 18
split_gain=27.6073 33.6483 61.6194 47.5694 38.3832 48.9216
threshold=69.837463571107264 0.78292190679549989 0.018953767980624581 1.2427815986253969 1.0000000180025095e-35 208.04333333333338
decision_type=2 2 2 2 2 8
left_child=1 2 3 -1 5 -4
right_child=-2 -3 4 -5 -6 -7
leaf_value=0.0033843854127380136 -0.0038152610406709405 -0.00059961053083467471 0.0054211046946484867 0.015048028364084488 -0.001066707583796233 0.00065235553082417473
leaf_weight=250 172 3210 236 33 1115 1748
leaf_count=250 172 3210 236 33 1115 1748
internal_value=2.69071e-05 0.000132785 0.000827651 0.00521162 0.000411832 0.00124395
internal_weight=6764 6592 3382 283 3099 1984
internal_count=6764 6592 3382 283 3099 1984
is_linear=0
shrinkage=0.01


Tree=490
num_leaves=7
num_cat=0
split_feature=20 18 5 1 9 5
split_gain=27.7192 39.7032 41.3925 33.1588 35.2657 55.5131
threshold=282.7477329788249 201.36666666666639 0.28556139099051958 1.1998836746149026 1422.5000000000002 0.084876129052473478
decision_type=8 10 2 2 2 2
left_child=1 2 -1 -2 5 -5
right_child=3 -3 -4 4 -6 -7
leaf_value=0.0051763666563289555 -0.00061440088697872655 -0.0056990492670567494 -0.0023078792248509032 0.0086324775948381158 0.00029181980793658186 0.0015131227128753319
leaf_weight=96 2724 189 234 121 2688 712
leaf_count=96 2724 189 234 121 2688 712
internal_value=2.69189e-05 -0.00217115 -4.24343e-05 0.000212772 0.000852636 0.0026374
internal_weight=6764 519 330 6245 3521 833
internal_count=6764 519 330 6245 3521 833
is_linear=0
shrinkage=0.01


Tree=491
num_leaves=7
num_cat=0
split_feature=12 10 7 8 9 9
split_gain=27.3567 34.8245 41.3783 30.9993 49.6456 47.5589
threshold=0.043808761857417465 0.0044930289857065915 1.0000000180025095e-35 15.556050000000001 1459.0000000000002 648.50000000000011
decision_type=2 2 2 2 2 2
left_child=1 2 -1 -3 5 -5
right_child=-2 3 -4 4 -6 -7
leaf_value=0.00024095072704141853 -0.0025621843552821643 -0.00050223048548619063 -0.0023231041136594298 0.00022488069654329968 0.0014987667686221652 0.012324675910211014
leaf_weight=4944 375 266 711 48 327 93
leaf_count=4944 375 266 711 48 327 93
internal_value=2.67529e-05 0.000182476 -8.49582e-05 0.00221634 0.00373968 0.00849328
internal_weight=6764 6389 5655 734 468 141
internal_count=6764 6389 5655 734 468 141
is_linear=0
shrinkage=0.01


Tree=492
num_leaves=7
num_cat=0
split_feature=20 18 17 1 7 20
split_gain=27.1801 38.9662 53.8043 32.2796 48.4124 40.0469
threshold=282.7477329788249 201.36666666666639 161.15000000000006 1.1998836746149026 1.0000000180025095e-35 288.49823618118296
decision_type=8 10 10 2 2 10
left_child=1 2 -1 -2 -5 -6
right_child=3 -3 -4 4 5 -7
leaf_value=-0.0034553222939425884 -0.00060548159600634166 -0.0056449777102238275 0.0044610851167991069 0.0013542711386805861 0.0041018149197178406 -0.0029629851772799039
leaf_weight=189 2724 189 141 2957 87 477
leaf_count=189 2724 189 141 2957 87 477
internal_value=2.66168e-05 -0.00214997 -4.11332e-05 0.000210654 0.000841978 -0.00182073
internal_weight=6764 519 330 6245 3521 564
internal_count=6764 519 330 6245 3521 564
is_linear=0
shrinkage=0.01


Tree=493
num_leaves=7
num_cat=0
split_feature=2 14 11 0 16 20
split_gain=27.4077 37.7359 33.2749 27.9007 33.9821 19.5807
threshold=0.28397164367645794 24.572483358321101 0.035649017275002394 1.2645464727271944 0.73194214223846588 282.7477329788249
decision_type=2 2 2 2 2 8
left_child=1 2 -1 5 -5 -2
right_child=3 -3 -4 4 -6 -7
leaf_value=0.0078292089893131061 -0.0022306821401523748 -0.001148794805278268 0.0010830374407646416 0.011203729740597985 0.0013175724050358249 -0.00011373826516517985
leaf_weight=141 464 188 149 34 183 5605
leaf_count=141 464 188 149 34 183 5605
internal_value=2.631e-05 0.00230933 0.00451471 -0.000150687 0.00329187 -0.000278991
internal_weight=6764 478 290 6286 217 6069
internal_count=6764 478 290 6286 217 6069
is_linear=0
shrinkage=0.01


Tree=494
num_leaves=7
num_cat=0
split_feature=14 2 18 0 22 16
split_gain=27.2053 35.3235 42.1573 40.2297 34.1458 29.351
threshold=69.837463571107264 0.4201585937454716 178.19666666666589 1.2645464727271944 8.040833333333369 0.73194214223846588
decision_type=2 2 8 2 10 2
left_child=1 2 -1 -3 -4 -5
right_child=-2 3 4 5 -6 -7
leaf_value=0.010776198230062921 -0.0037877809448464477 -0.00041881214682981319 -0.004761324027553201 0.011527890420930331 0.0016271483057846681 0.0020073419278989475
leaf_weight=38 172 5029 80 33 1255 157
leaf_count=38 172 5029 80 33 1255 157
internal_value=2.63118e-05 0.000131417 0.00155248 -0.000244687 0.00121176 0.00415463
internal_weight=6764 6592 1373 5219 1335 190
internal_count=6764 6592 1373 5219 1335 190
is_linear=0
shrinkage=0.01


Tree=495
num_leaves=7
num_cat=0
split_feature=8 13 17 17 20 21
split_gain=26.7885 64.792 64.8887 79.9865 62.1596 59.9896
threshold=24.678000000000004 0.0079365820836721519 320.65000000000009 316.35000000000008 287.87017574740582 25.900000000000038
decision_type=2 2 8 10 10 8
left_child=-1 2 3 5 -4 -2
right_child=1 -3 4 -5 -6 -7
leaf_value=-0.00079503492540124599 0.005980727481441679 -0.00050539060656740957 -0.0073098950426059737 0.014733327340673317 0.0018163143357481152 0.0011749186186949606
leaf_weight=2495 338 2548 125 45 160 1053
leaf_count=2495 338 2548 125 45 160 1053
internal_value=2.62992e-05 0.000507061 0.00200029 0.00286346 -0.00229852 0.00237704
internal_weight=6764 4269 1721 1436 285 1391
internal_count=6764 4269 1721 1436 285 1391
is_linear=0
shrinkage=0.01


Tree=496
num_leaves=7
num_cat=0
split_feature=12 10 18 22 9 9
split_gain=26.5843 33.9124 35.8581 47.5505 40.9519 57.7534
threshold=0.043808761857417465 0.0044930289857065915 261.05000000000092 11.448333333333329 793.50000000000011 1421.0000000000002
decision_type=2 2 8 8 2 2
left_child=1 -1 -3 -4 -5 -6
right_child=-2 2 3 4 5 -7
leaf_value=-8.4140119864954717e-05 -0.0025258689640961472 0.0055776590178720654 -0.0070915754432516066 -0.0066973660915505655 0.010616429465798995 0.001077978767033372
leaf_weight=5655 375 210 58 41 68 357
leaf_count=5655 375 210 58 41 68 357
internal_value=2.6259e-05 0.000179768 0.00218682 0.000748889 0.00185322 0.0028131
internal_weight=6764 6389 734 524 466 425
internal_count=6764 6389 734 524 466 425
is_linear=0
shrinkage=0.01


Tree=497
num_leaves=7
num_cat=0
split_feature=7 10 0 1 16 19
split_gain=26.2652 67.4694 48.9961 41.1597 34.6269 31.2684
threshold=1.0000000180025095e-35 0.0074975020869792628 0.9248463591002013 1.0419788398691481 0.56489591489708557 0.0069743967105340169
decision_type=2 2 2 2 2 2
left_child=3 2 -2 -1 -4 -5
right_child=1 -3 4 5 -6 -7
leaf_value=-0.0012056830202464947 -0.00064665769467630045 0.007442484043825132 -0.00059314125081867848 -0.00023128306014995421 -0.0080828323962224523 0.001471454272444874
leaf_weight=1406 605 68 93 1861 184 2547
leaf_count=1406 605 68 93 1861 184 2547
internal_value=2.60093e-05 -0.00150661 -0.00227226 0.000278594 -0.00567653 0.000753684
internal_weight=6764 950 882 5814 277 4408
internal_count=6764 950 882 5814 277 4408
is_linear=0
shrinkage=0.01


Tree=498
num_leaves=7
num_cat=0
split_feature=14 15 11 0 21 17
split_gain=26.799 31.9967 59.1654 46.065 33.5788 50.0825
threshold=69.837463571107264 0.78292190679549989 0.018953767980624581 1.2427815986253969 26.900000000000038 320.15000000000009
decision_type=2 2 2 2 10 10
left_child=1 2 3 -1 5 -4
right_child=-2 -3 4 -5 -6 -7
leaf_value=0.0033065483099422779 -0.003759779468611149 -0.00058415673765670564 0.0034528797132512218 0.014781346598336862 -0.00017221909674975625 -0.0034870361938603286
leaf_weight=250 172 3210 598 33 2384 117
leaf_count=250 172 3210 598 33 2384 117
internal_value=2.5722e-05 0.000130039 0.000807637 0.00510341 0.000400195 0.00228482
internal_weight=6764 6592 3382 283 3099 715
internal_count=6764 6592 3382 283 3099 715
is_linear=0
shrinkage=0.01


Tree=499
num_leaves=7
num_cat=0
split_feature=20 22 15 9 21 16
split_gain=26.3898 34.9435 45.5829 56.1354 35.3052 32.6912
threshold=282.7477329788249 17.609166666666692 0.17301394803709064 1139.0000000000002 28.500000000000032 4.232934429323862
decision_type=8 8 2 2 10 2
left_child=-1 2 3 -2 -4 -6
right_child=1 -3 4 -5 5 -7
leaf_value=-0.0021190481114976767 0.010174184329807759 -0.00060460104083207087 -0.0011270261469068458 0.0019487013159494311 0.0022759624917006536 -0.0010013586778447948
leaf_weight=519 84 2864 1105 793 963 436
leaf_count=519 84 2864 1105 793 963 436
internal_value=2.56646e-05 0.000207007 0.000894265 0.00284237 0.00020337 0.00125472
internal_weight=6764 6245 3381 877 2504 1399
internal_count=6764 6245 3381 877 2504 1399
is_linear=0
shrinkage=0.01


Tree=500
num_leaves=7
num_cat=0
split_feature=14 15 11 0 19 22
split_gain=26.3514 30.9943 57.9377 45.3833 35.9435 34.0665
threshold=69.837463571107264 0.78292190679549989 0.018953767980624581 1.2427815986253969 0.003195015521825707 16.30083333333334
decision_type=2 2 2 2 2 10
left_child=1 2 3 4 -1 -4
right_child=-2 -3 5 -5 -6 -7
leaf_value=-0.0028232407778501513 -0.0037282046096867643 -0.00057392985953715113 0.0013950482149006559 0.014651663180354029 0.0054382086023509217 -0.00069735085214374588
leaf_weight=65 172 3210 1613 33 185 1486
leaf_count=65 172 3210 1613 33 185 1486
internal_value=2.55489e-05 0.000128991 0.000795889 0.00504686 0.00326426 0.000392707
internal_weight=6764 6592 3382 283 250 3099
internal_count=6764 6592 3382 283 250 3099
is_linear=0
shrinkage=0.01


Tree=501
num_leaves=7
num_cat=0
split_feature=8 13 18 6 18 1
split_gain=26.1209 61.4369 66.0412 59.6399 51.0279 49.8539
threshold=24.678000000000004 0.0079365820836721519 217.43500000000054 1.4811187686848777 282.49166666666724 1.9257932531878839
decision_type=2 2 8 2 8 2
left_child=-1 2 5 -4 -3 -2
right_child=1 4 3 -5 -6 -7
leaf_value=-0.00078553947373205036 0.0076415719882846414 -0.001931591276341118 0.00048705183811282432 0.0091319997547303928 0.0008893159052828038 -0.0030598166691405432
leaf_weight=2495 268 1240 1332 75 1308 46
leaf_count=2495 268 1240 1332 75 1308 46
internal_value=2.54951e-05 0.000500229 0.00195428 0.00100906 -0.000485681 0.0060278
internal_weight=6764 4269 1721 1407 2548 314
internal_count=6764 4269 1721 1407 2548 314
is_linear=0
shrinkage=0.01


Tree=502
num_leaves=7
num_cat=0
split_feature=2 1 8 0 16 21
split_gain=26.3402 36.0447 32.9443 26.1925 32.2743 25.3363
threshold=0.28397164367645794 1.5770710227880838 683.67465000000004 1.2645464727271944 0.73194214223846588 23.300000000000015
decision_type=2 2 2 2 2 10
left_child=1 2 5 -2 -5 -1
right_child=3 -3 -4 4 -6 -7
leaf_value=-0.0062567734185094929 -0.00027240309343762591 0.0098288268635847737 0.009680805577940885 0.010897290469570593 0.0012645868022824816 0.001264752390375487
leaf_weight=41 6069 46 32 34 183 359
leaf_count=41 6069 46 32 34 183 359
internal_value=2.54228e-05 0.00226354 0.00125383 -0.000148093 0.00318743 0.000359996
internal_weight=6764 478 432 6286 217 400
internal_count=6764 478 432 6286 217 400
is_linear=0
shrinkage=0.01


Tree=503
num_leaves=7
num_cat=0
split_feature=7 10 0 20 2 8
split_gain=25.9538 65.793 48.5075 36.4967 36.4427 58.6269
threshold=1.0000000180025095e-35 0.0074975020869792628 0.9248463591002013 292.81904291198225 0.47559523809523813 340.3372500000001
decision_type=2 2 2 10 2 2
left_child=4 2 -2 -3 5 -1
right_child=1 3 -4 -5 -6 -7
leaf_value=0.00083344439022166306 -0.00063659082260739987 0.013199927947587438 -0.0056411608973784113 -0.00050023503818137703 -0.0002233589410948574 0.0066523603185878943
leaf_weight=1468 605 35 277 33 4159 187
leaf_count=1468 605 35 277 33 4159 187
internal_value=2.55584e-05 -0.00149795 -0.00225394 0.00733957 0.000276642 0.00152693
internal_weight=6764 950 882 68 5814 1655
internal_count=6764 950 882 68 5814 1655
is_linear=0
shrinkage=0.01


Tree=504
num_leaves=7
num_cat=0
split_feature=14 2 8 22 20 17
split_gain=25.9733 40.6167 56.6608 67.8489 37.6831 46.9911
threshold=57.155092561199304 0.69713861849696712 340.3372500000001 9.4449999999999825 286.4215225630237 296.9500000000001
decision_type=2 2 2 10 10 10
left_child=1 2 4 -4 -1 -6
right_child=-2 -3 3 -5 5 -7
leaf_value=-0.0020038853743716552 -0.0022244846737947922 -0.00089593862024799163 0.01064921741455532 0.0019307961473426481 -0.00031319947197263486 0.0022227682985243276
leaf_weight=575 467 2205 104 443 1703 1267
leaf_count=575 467 2205 104 443 1703 1267
internal_value=2.55048e-05 0.000195632 0.000784581 0.00374984 0.000317775 0.000772471
internal_weight=6764 6297 4092 547 3545 2970
internal_count=6764 6297 4092 547 3545 2970
is_linear=0
shrinkage=0.01


Tree=505
num_leaves=7
num_cat=0
split_feature=20 18 22 2 8 14
split_gain=25.8756 37.755 33.4908 42.1468 96.3642 39.9981
threshold=282.7477329788249 246.32666666666702 17.609166666666692 0.56533670819515536 216.20430000000002 28.652605846613188
decision_type=8 10 8 2 2 2
left_child=1 -1 3 4 5 -2
right_child=2 -3 -4 -5 -6 -7
leaf_value=-0.0006962010726568221 0.0025796910985779126 -0.0072565914351227024 -0.00058960807904454959 -0.00025122544532945267 0.0082266906144839065 -0.00067382851067460201
leaf_weight=417 804 102 2864 1672 206 699
leaf_count=417 804 102 2864 1672 206 699
internal_value=2.5388e-05 -0.00209833 0.000204955 0.000877773 0.00197736 0.00107212
internal_weight=6764 519 6245 3381 1709 1503
internal_count=6764 519 6245 3381 1709 1503
is_linear=0
shrinkage=0.01


Tree=506
num_leaves=7
num_cat=0
split_feature=12 20 18 5 18 14
split_gain=25.5357 28.1691 35.6378 42.885 35.1707 27.8181
threshold=0.043808761857417465 282.7477329788249 201.36666666666639 0.28556139099051958 152.94833333333369 57.155092561199304
decision_type=2 10 10 2 8 2
left_child=1 2 3 -1 -3 -6
right_child=-2 4 -4 -5 5 -7
leaf_value=0.0053271351573722708 -0.0024761347740181036 0.008901029774569906 -0.0053894640020367623 -0.0022884454564843326 0.00050315903685254682 -0.002082523820831305
leaf_weight=95 375 38 188 240 5387 441
leaf_count=95 375 38 188 240 5387 441
internal_value=2.51539e-05 0.000175606 -0.00202603 -3.69918e-05 0.000375014 0.00030427
internal_weight=6764 6389 523 335 5866 5828
internal_count=6764 6389 523 335 5866 5828
is_linear=0
shrinkage=0.01


Tree=507
num_leaves=7
num_cat=0
split_feature=2 14 11 0 23 18
split_gain=25.6323 35.5865 31.6372 25.5073 30.5833 34.0733
threshold=0.28397164367645794 24.572483358321101 0.035649017275002394 1.2645464727271944 13.417857142857168 310.145000000001
decision_type=2 2 2 2 10 10
left_child=1 2 -1 -2 -5 -6
right_child=3 -3 -4 4 5 -7
leaf_value=0.0076061097463432526 -0.00026890204880966812 -0.0011250251709986855 0.0010303560551841678 -0.0018205246410527547 0.0087268885844515275 -0.001551273602884836
leaf_weight=141 6069 188 149 76 99 42
leaf_count=141 6069 188 149 76 99 42
internal_value=2.49392e-05 0.00223278 0.0043745 -0.000146229 0.00314537 0.00576533
internal_weight=6764 478 290 6286 217 141
internal_count=6764 478 290 6286 217 141
is_linear=0
shrinkage=0.01


Tree=508
num_leaves=7
num_cat=0
split_feature=7 10 0 1 2 20
split_gain=25.614 64.6039 47.793 39.0606 40.5848 53.2754
threshold=1.0000000180025095e-35 0.0074975020869792628 0.9248463591002013 1.4747468523983533 0.49348625803625623 287.87017574740582
decision_type=2 2 2 2 2 10
left_child=3 2 -2 -1 -5 -6
right_child=1 -3 -4 4 5 -7
leaf_value=-0.00019462686900323291 -0.0006323126358267799 0.0072688009802443099 -0.0055998990134391224 0.0051009555417030738 -0.0021438654761307585 0.0023676735431724257
leaf_weight=4384 605 68 277 273 384 773
leaf_count=4384 605 68 277 273 384 773
internal_value=2.48758e-05 -0.00148862 -0.00223772 0.000274311 0.00170332 0.000864786
internal_weight=6764 950 882 5814 1430 1157
internal_count=6764 950 882 5814 1430 1157
is_linear=0
shrinkage=0.01


Tree=509
num_leaves=7
num_cat=0
split_feature=2 14 12 11 21 17
split_gain=25.2516 34.9025 31.0125 22.8867 27.5003 23.4886
threshold=0.28397164367645794 24.572483358321101 0.037032664899051389 0.014863896224169854 28.500000000000032 211.55000000000004
decision_type=2 2 2 2 10 8
left_child=1 2 -1 4 5 -2
right_child=3 -3 -4 -5 -6 -7
leaf_value=0.0060033723927900694 0.0045032337784767151 -0.001109469144351103 -0.001666699113860114 -0.00025227928009014552 0.0068155140101033096 -0.0047165878681886585
leaf_weight=227 40 188 63 6102 92 52
leaf_count=227 40 188 63 6102 92 52
internal_value=2.4718e-05 0.0022161 0.0043371 -0.000145174 0.00323668 -0.000659478
internal_weight=6764 478 290 6286 184 92
internal_count=6764 478 290 6286 184 92
is_linear=0
shrinkage=0.01


Tree=510
num_leaves=7
num_cat=0
split_feature=7 10 2 8 17 3
split_gain=25.1701 63.4497 35.0047 44.7529 33.664 30.1535
threshold=1.0000000180025095e-35 0.0074975020869792628 0.41827935841578262 340.3372500000001 255.45000000000002 0.15305310819607312
decision_type=2 2 2 2 10 2
left_child=2 -2 3 -1 -3 -4
right_child=1 4 5 -5 -6 -7
leaf_value=0.001064713904863472 -0.0022180823413950118 0.013607948611490428 -0.0015641056753434477 0.0069815571138597265 0.00036514315443734324 0.00032904328396038423
leaf_weight=1028 882 30 1091 137 38 3558
leaf_count=1028 882 30 1091 137 38 3558
internal_value=2.46123e-05 -0.00147571 0.000271876 0.00181401 0.00720314 -0.000117633
internal_weight=6764 950 5814 1165 68 4649
internal_count=6764 950 5814 1165 68 4649
is_linear=0
shrinkage=0.01


Tree=511
num_leaves=7
num_cat=0
split_feature=12 2 18 17 20 17
split_gain=24.845 38.6626 36.7875 32.2437 26.1884 77.9118
threshold=0.038111853028276951 0.25499615258800318 254.73499999999964 292.85000000000008 287.52959142738797 318.9500000000001
decision_type=2 2 10 10 10 10
left_child=1 2 -1 -4 5 -3
right_child=-2 4 3 -5 -6 -7
leaf_value=0.0094913981804325264 -0.0018392122312955606 -0.0001914409571817731 -0.0029040104004438034 0.0045343856039312741 0.00042386125448079726 -0.006887396900605706
leaf_weight=71 637 1248 90 132 4394 192
leaf_count=71 637 1248 90 132 4394 192
internal_value=2.46402e-05 0.000221099 0.00370391 0.00152363 4.01434e-05 -0.00112558
internal_weight=6764 6127 293 222 5834 1440
internal_count=6764 6127 293 222 5834 1440
is_linear=0
shrinkage=0.01


Tree=512
num_leaves=7
num_cat=0
split_feature=8 13 6 21 22 9
split_gain=25.258 58.9843 56.6253 37.5873 85.5047 64.6706
threshold=24.678000000000004 0.0079365820836721519 1.4811187686848777 25.900000000000038 11.088333333333368 1511.0000000000002
decision_type=2 2 2 8 10 2
left_child=-1 2 3 4 5 -2
right_child=1 -3 -4 -5 -6 -7
leaf_value=-0.00077309111272070967 0.0095019897030603692 -0.00047477442331840021 0.0096998926319098195 0.00058785901188737578 0.014531693508227667 -0.00026247345769313821
leaf_weight=2495 79 2548 79 1224 56 283
leaf_count=2495 79 2548 79 1224 56 283
internal_value=2.44326e-05 0.00049126 0.00191599 0.00148504 0.00403707 0.00206659
internal_weight=6764 4269 1721 1642 418 362
internal_count=6764 4269 1721 1642 418 362
is_linear=0
shrinkage=0.01


Tree=513
num_leaves=7
num_cat=0
split_feature=8 13 18 6 18 1
split_gain=24.7876 57.9076 63.4084 57.0544 49.5703 48.3455
threshold=24.678000000000004 0.0079365820836721519 217.43500000000054 1.4811187686848777 282.49166666666724 1.9257932531878839
decision_type=2 2 8 2 8 2
left_child=-1 2 5 -4 -3 -2
right_child=1 4 3 -5 -6 -7
leaf_value=-0.00076539106354254029 0.0074798422753341873 -0.0018951765451231039 0.00046229146611106471 0.0089175744494971107 0.00088512516283477502 -0.003053077017622335
leaf_weight=2495 268 1240 1332 75 1308 46
leaf_count=2495 268 1240 1332 75 1308 46
internal_value=2.46726e-05 0.000487132 0.00189879 0.000972752 -0.000470045 0.0058902
internal_weight=6764 4269 1721 1407 2548 314
internal_count=6764 4269 1721 1407 2548 314
is_linear=0
shrinkage=0.01


Tree=514
num_leaves=7
num_cat=0
split_feature=14 15 11 9 1 13
split_gain=25.0001 28.3812 55.0031 39.8519 58.8863 34.5516
threshold=69.837463571107264 0.78292190679549989 0.018953767980624581 2292.5000000000005 2.0591459473943612 1.0000000180025095e-35
decision_type=2 2 2 2 2 2
left_child=1 2 3 4 -1 -4
right_child=-2 -3 5 -5 -6 -7
leaf_value=0.0015887110561449477 -0.0036316346142256819 -0.00054728136283238311 0.0011602636675948266 0.0025657092210779014 0.019569048468023539 -0.0010319818803523149
leaf_weight=37 172 3210 1984 216 30 1115
leaf_count=37 172 3210 1984 216 30 1115
internal_value=2.46035e-05 0.000125359 0.000763522 0.0049054 0.0111355 0.000370726
internal_weight=6764 6592 3382 283 67 3099
internal_count=6764 6592 3382 283 67 3099
is_linear=0
shrinkage=0.01


Tree=515
num_leaves=7
num_cat=0
split_feature=7 10 0 2 5 14
split_gain=24.9566 62.1201 47.0583 34.0971 38.6377 36
threshold=1.0000000180025095e-35 0.0074975020869792628 0.9248463591002013 0.47559523809523813 0.031701975458801455 69.837463571107264
decision_type=2 2 2 2 2 2
left_child=3 2 -2 5 -5 -1
right_child=1 -3 -4 4 -6 -7
leaf_value=0.0018028837425140267 -0.00061106351590374617 0.007118411645687257 -0.0055399380350109832 -0.0073742998123162654 -8.3170539690278041e-05 -0.0050517085909751458
leaf_weight=1584 605 68 277 64 4095 71
leaf_count=1584 605 68 277 64 4095 71
internal_value=2.46479e-05 -0.0014693 -0.00220377 0.000270861 -0.000212788 0.00148025
internal_weight=6764 950 882 5814 4159 1655
internal_count=6764 950 882 5814 4159 1655
is_linear=0
shrinkage=0.01


Tree=516
num_leaves=7
num_cat=0
split_feature=20 18 22 2 8 18
split_gain=24.6316 36.5487 31.8209 40.3703 92.6386 38.5854
threshold=282.7477329788249 246.32666666666702 17.609166666666692 0.56533670819515536 216.20430000000002 242.845
decision_type=8 10 8 2 2 10
left_child=1 -1 3 4 -2 -6
right_child=2 -3 -4 -5 5 -7
leaf_value=-0.00066866438730349398 0.0010439440233341154 -0.0071228137760356606 -0.00057504474603736744 -0.00024964292442612132 0.012654854989619832 0.0037003720843791959
leaf_weight=417 1503 102 2864 1672 91 115
leaf_count=417 1503 102 2864 1672 91 115
internal_value=2.42577e-05 -0.00204778 0.000199456 0.000855286 0.00193146 0.00805874
internal_weight=6764 519 6245 3381 1709 206
internal_count=6764 519 6245 3381 1709 206
is_linear=0
shrinkage=0.01


Tree=517
num_leaves=7
num_cat=0
split_feature=7 1 20 17 15 22
split_gain=24.4654 37.4687 40.4536 79.2088 66.8025 49.0353
threshold=1.0000000180025095e-35 1.0419788398691481 287.87017574740582 320.15000000000009 0.10148121430577815 17.704166666666691
decision_type=2 2 10 10 2 8
left_child=1 -1 3 4 -3 -4
right_child=-2 2 5 -5 -6 -7
leaf_value=-0.0011482447267047008 -0.0014550307669802956 0.0049714144812817249 0.0025769258991640161 -0.0070231466836162982 -0.0010195207167378432 7.2655347847092779e-05
leaf_weight=1406 950 224 1568 165 900 1551
leaf_count=1406 950 224 1568 165 900 1551
internal_value=2.41447e-05 0.000267923 0.000721209 -0.000764822 0.000207714 0.00133583
internal_weight=6764 5814 4408 1289 1124 3119
internal_count=6764 5814 4408 1289 1124 3119
is_linear=0
shrinkage=0.01


Tree=518
num_leaves=7
num_cat=0
split_feature=7 10 0 1 2 16
split_gain=23.9821 60.8228 46.2347 36.8579 38.7707 36.5699
threshold=1.0000000180025095e-35 0.0074975020869792628 0.93536255026374848 1.4747468523983533 0.49348625803625623 0.56489591489708557
decision_type=2 2 2 2 2 2
left_child=3 2 -2 -1 -5 -4
right_child=1 -3 5 4 -6 -7
leaf_value=-0.00019030362439978921 -0.00067196508116306993 0.0070565390816101662 -0.00042777426764369016 0.0049740981833528821 0.00083388989650019492 -0.0083140317599066874
leaf_weight=4384 626 68 90 273 1157 166
leaf_count=4384 626 68 90 273 1157 166
internal_value=2.38586e-05 -0.00144063 -0.00216751 0.000265217 0.00165335 -0.00566183
internal_weight=6764 950 882 5814 1430 256
internal_count=6764 950 882 5814 1430 256
is_linear=0
shrinkage=0.01


Tree=519
num_leaves=7
num_cat=0
split_feature=8 13 18 23 18 1
split_gain=24.3603 55.0495 61.8431 70.6007 48.6916 47.2764
threshold=24.678000000000004 0.0079365820836721519 217.43500000000054 10.746428571428593 282.49166666666724 1.9257932531878839
decision_type=2 2 8 10 8 2
left_child=-1 2 5 -4 -3 -2
right_child=1 4 3 -5 -6 -7
leaf_value=-0.00075955551306351363 0.0073724561959853489 -0.0018636353403702378 -0.0039153520586044203 0.0019582694008646448 0.00089187552637245667 -0.0030405022203922271
leaf_weight=2495 268 1240 238 1169 1308 46
leaf_count=2495 268 1240 238 1169 1308 46
internal_value=2.36682e-05 0.000482125 0.0018585 0.000944102 -0.000451154 0.00580023
internal_weight=6764 4269 1721 1407 2548 314
internal_count=6764 4269 1721 1407 2548 314
is_linear=0
shrinkage=0.01


Tree=520
num_leaves=7
num_cat=0
split_feature=14 2 8 22 23 23
split_gain=24.6429 37.3044 51.8872 64.9878 39.2607 50.2761
threshold=57.155092561199304 0.69713861849696712 340.3372500000001 9.4449999999999825 10.746428571428593 19.735714285714312
decision_type=2 2 2 10 10 10
left_child=1 2 -1 -4 -5 -6
right_child=-2 -3 3 4 5 -7
leaf_value=0.00030685927123616453 -0.0021681639070676804 -0.00085696239621219767 0.010342026818666215 -0.0073641248740429098 0.0058576506196480731 -0.0010465141445398331
leaf_weight=3545 467 2205 104 33 220 190
leaf_count=3545 467 2205 104 33 220 190
internal_value=2.3441e-05 0.000189155 0.000753578 0.00359119 0.00181302 0.00270942
internal_weight=6764 6297 4092 547 443 410
internal_count=6764 6297 4092 547 443 410
is_linear=0
shrinkage=0.01


Tree=521
num_leaves=7
num_cat=0
split_feature=20 22 15 9 21 2
split_gain=23.9613 30.368 39.4018 50.2705 33.2154 39.0236
threshold=282.7477329788249 17.609166666666692 0.17301394803709064 1139.0000000000002 28.500000000000032 0.51723416522362686
decision_type=8 8 2 2 10 2
left_child=-1 2 3 -2 -4 -6
right_child=1 -3 4 -5 5 -7
leaf_value=-0.0020203671693653997 0.0095851854495753713 -0.00056053544042772784 -0.0010960137221379877 0.0018029255886587684 0.0035076260217381623 6.4887645298022164e-06
leaf_weight=519 84 2864 1105 793 476 923
leaf_count=519 84 2864 1105 793 476 923
internal_value=2.32815e-05 0.00019608 0.000836763 0.00264798 0.000194393 0.00121417
internal_weight=6764 6245 3381 877 2504 1399
internal_count=6764 6245 3381 877 2504 1399
is_linear=0
shrinkage=0.01


Tree=522
num_leaves=7
num_cat=0
split_feature=12 2 16 22 16 19
split_gain=23.7403 28.4767 37.8468 34.9146 24.6562 25.5372
threshold=0.043808761857417465 0.25016427365162591 1.6693286726340382 19.115833333333359 0.14120436663634647 0.02720518698372006
decision_type=2 2 2 8 2 2
left_child=1 2 3 4 -1 -6
right_child=-2 -3 -4 -5 5 -7
leaf_value=0.00039822451345491826 -0.0023885366752541127 1.570586751507125e-05 -0.0023141512595424331 -0.0035866015670554981 0.011367735343925449 0.0017830974254581444
leaf_weight=47 375 6081 87 32 99 43
leaf_count=47 375 6081 87 32 99 43
internal_value=2.32143e-05 0.000168283 0.00308546 0.00521926 0.00681551 0.0087736
internal_weight=6764 6389 308 221 189 142
internal_count=6764 6389 308 221 189 142
is_linear=0
shrinkage=0.01


Tree=523
num_leaves=7
num_cat=0
split_feature=14 6 2 9 9 4
split_gain=24.3492 36.5221 30.5668 48.8864 90.8609 46.3881
threshold=57.155092561199304 1.0718939066200612 0.73335417694108784 1421.0000000000002 1127.0000000000002 0.15784818662314751
decision_type=2 2 2 2 2 2
left_child=1 -1 3 4 5 -3
right_child=-2 2 -4 -5 -6 -7
leaf_value=-0.00019132156844477296 -0.0021554450748929562 0.0053759727025854175 -0.0039431843592060943 0.00096980638053482959 0.014804327328689398 -0.0041912186162286922
leaf_weight=5051 467 135 80 892 70 69
leaf_count=5051 467 135 80 892 70 69
internal_value=2.30601e-05 0.000187784 0.00171388 0.00213225 0.00574914 0.00209537
internal_weight=6764 6297 1246 1166 274 204
internal_count=6764 6297 1246 1166 274 204
is_linear=0
shrinkage=0.01


Tree=524
num_leaves=7
num_cat=0
split_feature=14 6 17 21 17 16
split_gain=23.8781 35.8348 33.0338 66.9221 59.4025 45.8987
threshold=57.155092561199304 1.0718939066200612 321.05000000000007 27.700000000000021 310.05000000000007 0.19857469560261684
decision_type=2 2 8 8 10 2
left_child=1 -1 4 -4 -3 -6
right_child=-2 2 3 -5 5 -7
leaf_value=-0.0001894121369031452 -0.0021343424947213858 0.0015403067468394089 -0.0088917829145688607 0.0016651912871748209 0.016688672368569923 0.0039674101866480401
leaf_weight=5051 467 834 73 209 38 92
leaf_count=5051 467 834 73 209 38 92
internal_value=2.2987e-05 0.00018611 0.00169778 -0.00127857 0.00257264 0.00861237
internal_weight=6764 6297 1246 282 964 130
internal_count=6764 6297 1246 282 964 130
is_linear=0
shrinkage=0.01


Tree=525
num_leaves=7
num_cat=0
split_feature=7 6 0 0 2 8
split_gain=23.8183 34.6647 37.9534 37.1978 32.3952 42.1185
threshold=1.0000000180025095e-35 1.7014905950449248 0.9248463591002013 1.0247366566955172 0.41827935841578262 340.3372500000001
decision_type=2 2 2 2 2 2
left_child=4 2 -2 -3 5 -1
right_child=1 3 -4 -5 -6 -7
leaf_value=0.0010202536799898169 -0.00066867985639625918 0.011352211285737299 -0.005219495377977783 -0.00090736932315821969 -0.0001112360033318097 0.0067600027379282066
leaf_weight=1028 606 32 255 57 4649 137
leaf_count=1028 606 32 255 57 4649 137
internal_value=2.29438e-05 -0.00143654 -0.00206093 0.00420201 0.000263478 0.00174702
internal_weight=6764 950 861 89 5814 1165
internal_count=6764 950 861 89 5814 1165
is_linear=0
shrinkage=0.01


Tree=526
num_leaves=7
num_cat=0
split_feature=0 16 2 18 22 20
split_gain=23.7464 33.6715 25.7572 42.9384 39.3394 25.1673
threshold=1.2645464727271944 0.73194214223846588 0.41827935841578262 178.19666666666589 8.040833333333369 297.59643315194211
decision_type=2 2 2 8 10 10
left_child=2 -2 3 -1 -5 -6
right_child=1 -3 -4 4 5 -7
leaf_value=0.010734146573477321 0.010963080690966711 0.0012187323290275632 -0.00041295066168667695 -0.005225877717211105 0.0017097832886015995 -0.0030801980806224537
leaf_weight=35 35 183 5159 91 1149 112
leaf_count=35 35 183 5159 91 1149 112
internal_value=2.28948e-05 0.00319541 -8.74717e-05 0.00111745 0.000791513 0.00126346
internal_weight=6764 218 6546 1387 1352 1261
internal_count=6764 218 6546 1387 1352 1261
is_linear=0
shrinkage=0.01


Tree=527
num_leaves=7
num_cat=0
split_feature=14 2 0 9 8 5
split_gain=23.5588 29.6486 29.2056 28.5364 24.8237 24.7018
threshold=69.837463571107264 0.31603914299641583 1.2645464727271944 1511.0000000000002 683.67465000000004 0.20853563811542017
decision_type=2 2 2 2 2 2
left_child=1 4 -3 -4 -1 -2
right_child=5 2 3 -5 -6 -7
leaf_value=0.0015414957558422208 -0.0065806146575293194 -0.00023716785647231027 0.010617246309916178 0.0015488589593194058 0.0088040656438813768 0.00082030309707902015
leaf_weight=601 98 5741 35 173 42 74
leaf_count=601 98 5741 35 173 42 74
internal_value=2.29007e-05 0.00012071 -0.000101147 0.00349182 0.00214344 -0.00352638
internal_weight=6764 6592 5949 208 643 172
internal_count=6764 6592 5949 208 643 172
is_linear=0
shrinkage=0.01


Tree=528
num_leaves=7
num_cat=0
split_feature=8 2 8 22 15 18
split_gain=23.394 53.0513 42.4095 68.5506 51.1821 47.7455
threshold=24.678000000000004 0.66412091874298806 340.3372500000001 16.30083333333334 0.83899621085245812 242.845
decision_type=2 2 2 10 2 10
left_child=-1 2 -2 5 -5 -4
right_child=1 -3 3 4 -6 -7
leaf_value=-0.00074461594204759478 0.00080385760647305336 -0.00066941937381857471 0.011810651684151682 -0.0035139334900609032 0.0063978578121979025 0.0032379092987492803
leaf_weight=2495 1705 2081 122 143 69 149
leaf_count=2495 1705 2081 122 143 69 149
internal_value=2.29155e-05 0.000472188 0.00155607 0.00414124 -0.00014505 0.00738019
internal_weight=6764 4269 2188 483 212 271
internal_count=6764 4269 2188 483 212 271
is_linear=0
shrinkage=0.01


Tree=529
num_leaves=7
num_cat=0
split_feature=20 18 6 16 9 9
split_gain=23.5843 35.4199 27.4734 46.4154 38.5137 78.2769
threshold=282.7477329788249 246.32666666666702 1.1901885292242016 1.2143686674421181 1456.0000000000002 1181.5000000000002
decision_type=8 10 2 2 2 2
left_child=1 -1 -2 4 5 -4
right_child=2 -3 3 -5 -6 -7
leaf_value=-0.00064720589952598992 -6.5273250602143729e-05 -0.0070005067274905739 0.0029418840716634669 -0.0010447782291933159 0.0017032583166807019 0.017785216870735279
leaf_weight=417 5422 102 124 324 332 43
leaf_count=417 5422 102 124 324 332 43
internal_value=2.2942e-05 -0.00200456 0.000194376 0.00188522 0.00377081 0.00755271
internal_weight=6764 519 6245 823 499 167
internal_count=6764 519 6245 823 499 167
is_linear=0
shrinkage=0.01


Tree=530
num_leaves=7
num_cat=0
split_feature=12 10 18 21 9 9
split_gain=23.1079 29.0209 32.4191 39.705 39.8875 54.2837
threshold=0.043808761857417465 0.0044930289857065915 261.05000000000092 26.000000000000032 793.50000000000011 1421.0000000000002
decision_type=2 2 8 8 2 2
left_child=1 -1 -3 -4 -5 -6
right_child=-2 2 3 4 5 -7
leaf_value=-7.8096802298758224e-05 -0.0023564958939806548 0.0052464626422363591 -0.0059623194509782849 -0.0066741424740529532 0.010265366413797706 0.00099555649255931959
leaf_weight=5655 375 210 68 41 68 347
leaf_count=5655 375 210 68 41 68 347
internal_value=2.29145e-05 0.000166037 0.0020227 0.000656686 0.0017505 0.00272026
internal_weight=6764 6389 734 524 456 415
internal_count=6764 6389 734 524 456 415
is_linear=0
shrinkage=0.01


Tree=531
num_leaves=7
num_cat=0
split_feature=7 10 20 2 8 11
split_gain=23.5899 58.0046 34.4945 30.8393 40.48 34.0352
threshold=1.0000000180025095e-35 0.0074975020869792628 292.81904291198225 0.41827935841578262 340.3372500000001 0.031771632528802378
decision_type=2 2 10 2 2 2
left_child=3 -2 -3 4 -1 -6
right_child=1 2 -4 -5 5 -7
leaf_value=0.00099710478515342683 -0.0021393968668896699 0.012568881000081697 -0.00069359097261588248 -0.00010352997863908662 0.010976578073553097 0.0011135441106499026
leaf_weight=1028 882 35 33 4649 71 66
leaf_count=1028 882 35 33 4649 71 66
internal_value=2.27065e-05 -0.00142976 0.00686891 0.000262085 0.00170955 0.00662403
internal_weight=6764 950 68 5814 1165 137
internal_count=6764 950 68 5814 1165 137
is_linear=0
shrinkage=0.01


Tree=532
num_leaves=7
num_cat=0
split_feature=20 18 17 15 22 15
split_gain=23.1855 34.8791 35.7522 32.8793 28.8163 37.5581
threshold=282.7477329788249 246.32666666666702 161.15000000000006 0.18414119886488031 17.609166666666692 0.17301394803709064
decision_type=8 10 10 2 8 2
left_child=1 2 -1 -4 5 -2
right_child=4 -3 3 -5 -6 -7
leaf_value=-0.0036704430766403675 0.0025852234590168113 -0.0069451190404860039 0.0094351593532580099 0.00013418067008744177 -0.00054424188710352703 0.00018973002877702654
leaf_weight=195 877 102 38 184 2864 2504
leaf_count=195 877 102 38 184 2864 2504
internal_value=2.28149e-05 -0.00198748 -0.000640567 0.0020643 0.000192793 0.00081689
internal_weight=6764 519 417 222 6245 3381
internal_count=6764 519 417 222 6245 3381
is_linear=0
shrinkage=0.01


Tree=533
num_leaves=7
num_cat=0
split_feature=7 10 0 1 17 2
split_gain=23.0612 57.0059 45.5837 34.977 32.5067 29.9436
threshold=1.0000000180025095e-35 0.0074975020869792628 0.93536255026374848 0.99868864065214058 255.45000000000002 0.41827935841578262
decision_type=2 2 2 2 10 2
left_child=3 2 -2 -1 -3 -5
right_child=1 4 -4 5 -6 -7
leaf_value=-0.0013695392863926448 -0.00063267665868149139 0.013105761095881463 -0.0055864942382628981 0.0021420790193388941 0.00015015901716348404 0.00021105979552663856
leaf_weight=1066 626 30 256 1014 38 3734
leaf_count=1066 626 30 256 1014 38 3734
internal_value=2.26042e-05 -0.00141349 -0.00211703 0.000259284 0.00681331 0.000627091
internal_weight=6764 950 882 5814 68 4748
internal_count=6764 950 882 5814 68 4748
is_linear=0
shrinkage=0.01


Tree=534
num_leaves=7
num_cat=0
split_feature=14 14 15 18 1 5
split_gain=23.663 28.8395 29.541 57.752 60.4921 49.4152
threshold=57.155092561199304 54.878017594108023 0.17301394803709064 208.04333333333338 2.3032165564439397 0.23544058846358154
decision_type=2 2 2 8 2 2
left_child=1 2 3 5 -5 -1
right_child=-2 -3 -4 4 -6 -7
leaf_value=0.014215220259181385 -0.002125092736197405 0.0067108881562503424 -0.00020605304453252677 -0.00024712972106062127 0.0096210497989729325 0.0031044737248706582
leaf_weight=48 467 57 5131 847 57 157
leaf_count=48 467 57 5131 847 57 157
internal_value=2.24965e-05 0.000184884 0.000114629 0.00158691 0.000473545 0.00624619
internal_weight=6764 6297 6240 1109 904 205
internal_count=6764 6297 6240 1109 904 205
is_linear=0
shrinkage=0.01


Tree=535
num_leaves=7
num_cat=0
split_feature=14 2 8 23 0 18
split_gain=23.2118 34.0198 47.8034 59.8044 32.6501 31.5674
threshold=57.155092561199304 0.69713861849696712 340.3372500000001 19.735714285714312 1.2427815986253969 242.845
decision_type=2 2 2 10 2 10
left_child=1 2 4 5 -1 -4
right_child=-2 -3 3 -5 -6 -7
leaf_value=0.00018232880103473287 -0.0021042872978417316 -0.00081544716541684804 0.0091547565767541531 -0.0010566691233776511 0.0085736927274178629 0.0030130349889310988
leaf_weight=3508 467 2205 152 190 37 205
leaf_count=3508 467 2205 152 190 37 205
internal_value=2.27303e-05 0.000183561 0.000722559 0.00344621 0.000293782 0.00580619
internal_weight=6764 6297 4092 547 3545 357
internal_count=6764 6297 4092 547 3545 357
is_linear=0
shrinkage=0.01


Tree=536
num_leaves=7
num_cat=0
split_feature=20 18 22 16 8 6
split_gain=23.029 34.3019 27.7482 31.5626 54.5579 37.4227
threshold=282.7477329788249 246.32666666666702 17.609166666666692 3.9907509541349477 1697.5800000000002 1.2532439749987503
decision_type=8 8 8 2 2 2
left_child=1 -1 3 4 5 -2
right_child=2 -3 -4 -5 -6 -7
leaf_value=-0.00064476779822305599 0.00052448881421775033 -0.006897281973589478 -0.00053109621995944649 -0.0010988952759813902 0.0093315493185981754 0.0038292476880992651
leaf_weight=417 2227 102 2864 686 72 396
leaf_count=417 2227 102 2864 686 72 396
internal_value=2.27532e-05 -0.00198074 0.000192157 0.000804574 0.00129137 0.00103606
internal_weight=6764 519 6245 3381 2695 2623
internal_count=6764 519 6245 3381 2695 2623
is_linear=0
shrinkage=0.01


Tree=537
num_leaves=7
num_cat=0
split_feature=14 2 16 19 11 21
split_gain=22.9604 28.4158 35.6744 33.7305 24.8076 25.7311
threshold=69.837463571107264 0.28397164367645794 1.6693286726340382 0.031860725130852537 0.014863896224169854 28.500000000000032
decision_type=2 2 2 2 2 10
left_child=1 2 3 -1 5 -3
right_child=-2 4 -4 -5 -6 -7
leaf_value=0.0055135038808064975 -0.003481321861125672 -0.00034569740090519192 -0.0021501516701842084 -0.0024974282644689085 -0.00017450711116272783 0.0069880890537053347
leaf_weight=281 172 90 116 58 5957 90
leaf_count=281 172 90 116 58 5957 90
internal_value=2.25923e-05 0.000119152 0.00250255 0.00411061 -6.1338e-05 0.003496
internal_weight=6764 6592 455 339 6137 180
internal_count=6764 6592 455 339 6137 180
is_linear=0
shrinkage=0.01


Tree=538
num_leaves=7
num_cat=0
split_feature=8 2 22 8 14 22
split_gain=22.728 50.6927 40.0334 54.8182 53.069 44.2503
threshold=24.678000000000004 0.47559523809523813 17.704166666666691 1697.5800000000002 17.44479566502007 11.088333333333368
decision_type=2 2 8 2 2 10
left_child=-1 2 3 5 -4 -2
right_child=1 -3 4 -5 -6 -7
leaf_value=-0.00073410396813949441 -0.00083783805035778037 -0.00011663118097400876 -0.0027779081487442755 0.014514026959305225 0.0066541555429561229 0.0048851420766421608
leaf_weight=2495 196 3327 234 36 69 407
leaf_count=2495 196 3327 234 36 69 407
internal_value=2.24232e-05 0.000465255 0.00250002 0.00390163 -0.000486042 0.00304161
internal_weight=6764 4269 942 639 303 603
internal_count=6764 4269 942 639 303 603
is_linear=0
shrinkage=0.01


Tree=539
num_leaves=7
num_cat=0
split_feature=14 4 17 17 20 16
split_gain=22.6254 30.8184 30.8834 75.8334 70.1755 54.888
threshold=57.155092561199304 0.030426165201665922 321.05000000000007 310.05000000000007 287.87017574740582 0.19857469560261684
decision_type=2 2 8 10 10 2
left_child=1 -1 3 -3 -4 -5
right_child=-2 2 4 5 -6 -7
leaf_value=-0.00017403428777386189 -0.0020774599109567404 0.0012439165600518966 -0.0097504352078445853 0.017705919916182759 0.0014290043197255186 0.0041106298195996453
leaf_weight=5010 467 863 64 40 225 95
leaf_count=5010 467 863 64 40 225 95
internal_value=2.25177e-05 0.000181304 0.00155523 0.00238378 -0.00129002 0.00908215
internal_weight=6764 6297 1287 998 289 135
internal_count=6764 6297 1287 998 289 135
is_linear=0
shrinkage=0.01


Tree=540
num_leaves=7
num_cat=0
split_feature=7 10 0 16 17 2
split_gain=22.783 55.6666 45.1501 35.7621 31.8255 28.8385
threshold=1.0000000180025095e-35 0.0074975020869792628 0.93536255026374848 0.56489591489708557 255.45000000000002 0.41827935841578262
decision_type=2 2 2 2 10 2
left_child=5 2 -2 -4 -3 -1
right_child=1 4 3 -5 -6 -7
leaf_value=0.001657453919263393 -0.00062293383075398806 0.012951033640652896 -0.00038188422620296481 -0.0081755883314392781 0.00013544113486811207 -9.5839230715633801e-05
leaf_weight=1165 626 30 90 166 38 4649
leaf_count=1165 626 30 90 166 38 4649
internal_value=2.24768e-05 -0.00140493 -0.00210009 -0.00555298 0.0067249 0.000257726
internal_weight=6764 950 882 256 68 5814
internal_count=6764 950 882 256 68 5814
is_linear=0
shrinkage=0.01


Tree=541
num_leaves=7
num_cat=0
split_feature=8 13 17 17 21 18
split_gain=22.3255 49.6301 57.1388 76.9204 53.9696 47.6688
threshold=24.678000000000004 0.0079365820836721519 320.65000000000009 316.35000000000008 25.900000000000038 282.49166666666724
decision_type=2 2 8 10 8 8
left_child=-1 2 3 4 -2 -3
right_child=1 5 -4 -5 -6 -7
leaf_value=-0.00072746637947720722 0.0055204558760548628 -0.0018225595784969629 -0.0022638314575651438 0.014210928420324556 0.00096489296852841422 0.00090380450430892862
leaf_weight=2495 338 1240 285 45 1053 1308
leaf_count=2495 338 1240 285 45 1053 1308
internal_value=2.23328e-05 0.000461226 0.00176809 0.00257842 0.00210335 -0.000424936
internal_weight=6764 4269 1721 1436 1391 2548
internal_count=6764 4269 1721 1436 1391 2548
is_linear=0
shrinkage=0.01


Tree=542
num_leaves=7
num_cat=0
split_feature=0 16 7 0 4 16
split_gain=22.4319 31.6952 22.6454 45.1115 56.382 50.9108
threshold=1.2645464727271944 0.73194214223846588 1.0000000180025095e-35 0.99223776317140888 0.25592446503415689 0.97714678901307661
decision_type=2 2 2 2 2 2
left_child=2 -2 -1 4 -4 -5
right_child=1 -3 3 5 -6 -7
leaf_value=0.00015018260010833648 0.01064224108391338 0.0011876946243751852 -0.001098301548351398 -0.00053368627679409439 0.010965769687076894 -0.011297155747210587
leaf_weight=5650 35 183 697 87 31 81
leaf_count=5650 35 183 697 87 31 81
internal_value=2.23573e-05 0.00310582 -8.49112e-05 -0.00155266 -0.000442958 -0.00606634
internal_weight=6764 218 6546 896 728 168
internal_count=6764 218 6546 896 728 168
is_linear=0
shrinkage=0.01


Tree=543
num_leaves=7
num_cat=0
split_feature=14 2 8 22 21 23
split_gain=22.222 32.3868 46.0254 60.4537 36.2692 40.5599
threshold=57.155092561199304 0.69713861849696712 340.3372500000001 8.4500000000000224 38.500000000000036 10.746428571428593
decision_type=2 2 2 10 10 10
left_child=1 2 -1 -4 5 -5
right_child=-2 -3 3 4 -6 -7
leaf_value=0.0002848308935079333 -0.0020588898914817339 -0.00079509147797648396 0.010151249444129588 -0.0060324145883929974 -0.0063020892149093103 0.0037168175210980209
leaf_weight=3545 467 2205 97 39 41 370
leaf_count=3545 467 2205 97 39 41 370
internal_value=2.22815e-05 0.000179646 0.000705547 0.00337806 0.00172912 0.0026654
internal_weight=6764 6297 4092 547 450 409
internal_count=6764 6297 4092 547 450 409
is_linear=0
shrinkage=0.01


Tree=544
num_leaves=7
num_cat=0
split_feature=12 10 18 22 9 9
split_gain=22.0917 26.93 30.7252 44.1385 38.9306 53.6579
threshold=0.043808761857417465 0.0044930289857065915 261.05000000000092 11.448333333333329 793.50000000000011 1421.0000000000002
decision_type=2 2 8 8 2 2
left_child=1 -1 -3 -4 -5 -6
right_child=-2 2 3 4 5 -7
leaf_value=-7.3193748432059195e-05 -0.0023044594921014429 0.0050888024520298293 -0.0069298932043945086 -0.0066433568934307378 0.010144917877817836 0.0009547292809201942
leaf_weight=5655 375 210 58 41 68 357
leaf_count=5655 375 210 58 41 68 357
internal_value=2.20435e-05 0.000161985 0.00195051 0.000621059 0.00168672 0.00262457
internal_weight=6764 6389 734 524 466 425
internal_count=6764 6389 734 524 466 425
is_linear=0
shrinkage=0.01


Tree=545
num_leaves=7
num_cat=0
split_feature=7 10 0 17 2 5
split_gain=22.0736 53.9281 44.2271 31.1175 28.0712 37.7231
threshold=1.0000000180025095e-35 0.0074975020869792628 0.93536255026374848 255.45000000000002 0.47559523809523813 0.031701975458801455
decision_type=2 2 2 10 2 2
left_child=4 2 -2 -3 -1 -6
right_child=1 3 -4 -5 5 -7
leaf_value=0.0013507050912297267 -0.0006056108108899443 0.012775113880634308 -0.0054847554041814982 0.00010947099421173335 -0.0072616781805314723 -5.7454990499766926e-05
leaf_weight=1655 626 30 256 38 64 4095
leaf_count=1655 626 30 256 38 64 4095
internal_value=2.18265e-05 -0.00138318 -0.00206739 0.00661871 0.000253384 -0.000185468
internal_weight=6764 950 882 68 5814 4159
internal_count=6764 950 882 68 5814 4159
is_linear=0
shrinkage=0.01


Tree=546
num_leaves=7
num_cat=0
split_feature=14 0 11 5 6 18
split_gain=22.119 24.9815 29.9627 24.6322 20.0244 31.0513
threshold=69.837463571107264 1.2645464727271944 0.017332036676623436 0.20853563811542017 0.95371202434212266 183.46499999999955
decision_type=2 2 2 2 2 8
left_child=1 4 -3 -2 -1 -6
right_child=3 2 -4 -5 5 -7
leaf_value=-0.00038433400984458658 -0.0064685492091639731 0.0095263952533004136 0.0011418624430767853 0.00091214671434413285 0.0076189367629301086 0.00058850824631951552
leaf_weight=4330 98 49 166 74 55 1992
leaf_count=4330 98 49 166 74 55 1992
internal_value=2.16204e-05 0.000116395 0.00339122 -0.00341749 8.47784e-07 0.000813527
internal_weight=6764 6592 215 172 6377 2047
internal_count=6764 6592 215 172 6377 2047
is_linear=0
shrinkage=0.01


Tree=547
num_leaves=7
num_cat=0
split_feature=20 18 8 2 21 15
split_gain=22.7378 33.7314 24.7102 53.9359 44.2553 63.5797
threshold=282.7477329788249 246.32666666666702 24.678000000000004 0.56670318772511707 25.900000000000038 0.39965379007154289
decision_type=8 10 2 2 10 2
left_child=1 -1 -2 4 5 -4
right_child=2 -3 3 -5 -6 -7
leaf_value=-0.00064424464189072859 -0.00061500320424129253 -0.0068447213881050375 0.011843231460700432 -0.00015825165215540405 0.0016305207519035573 -0.0012247828170657159
leaf_weight=417 2362 102 95 2582 1151 55
leaf_count=417 2362 102 95 2582 1151 55
internal_value=2.15952e-05 -0.00196919 0.000189926 0.00067988 0.00233178 0.00727455
internal_weight=6764 519 6245 3883 1301 150
internal_count=6764 519 6245 3883 1301 150
is_linear=0
shrinkage=0.01


Tree=548
num_leaves=7
num_cat=0
split_feature=14 2 8 23 1 18
split_gain=21.7186 31.1463 44.6484 56.9603 31.2896 29.5931
threshold=57.155092561199304 0.69713861849696712 340.3372500000001 19.735714285714312 2.502761629829616 242.845
decision_type=2 2 2 10 2 10
left_child=1 2 4 5 -1 -4
right_child=-2 -3 3 -5 -6 -7
leaf_value=0.00016929335334048897 -0.0020360278229905678 -0.00077887940779853919 0.0088706785956696593 -0.0010679227275773883 0.0083838910976068142 0.0029234534116505191
leaf_weight=3508 467 2205 152 190 37 205
leaf_count=3508 467 2205 152 190 37 205
internal_value=2.14381e-05 0.000177011 0.000692741 0.00332497 0.000278373 0.00562832
internal_weight=6764 6297 4092 547 3545 357
internal_count=6764 6297 4092 547 3545 357
is_linear=0
shrinkage=0.01


Tree=549
num_leaves=7
num_cat=0
split_feature=20 18 5 22 16 9
split_gain=22.4788 33.2521 36.3756 25.9532 29.3781 52.7863
threshold=282.7477329788249 201.36666666666639 0.28556139099051958 17.609166666666692 3.9907509541349477 1470.5000000000002
decision_type=8 10 2 8 2 2
left_child=1 2 -1 4 5 -2
right_child=3 -3 -4 -5 -6 -7
leaf_value=0.0048807885907019297 0.0042785851710721067 -0.005186534902424874 -0.0021352388770853885 -0.00051063849777070855 -0.0010553453707795816 0.00060309754922465277
leaf_weight=96 465 189 234 2864 686 2230
leaf_count=96 465 189 234 2864 686 2230
internal_value=2.14668e-05 -0.00195795 -1.06903e-05 0.000188836 0.000781111 0.00125075
internal_weight=6764 519 330 6245 3381 2695
internal_count=6764 519 330 6245 3381 2695
is_linear=0
shrinkage=0.01


Tree=550
num_leaves=7
num_cat=0
split_feature=20 18 22 15 9 22
split_gain=22.0422 32.7112 25.4419 33.7154 43.924 28.199
threshold=282.7477329788249 246.32666666666702 17.609166666666692 0.17301394803709064 1139.0000000000002 12.791666666666677
decision_type=8 10 8 2 2 10
left_child=1 -1 3 4 -2 -5
right_child=2 -3 -4 5 -6 -7
leaf_value=-0.0006340862231506842 0.0089327334440214203 -0.0067400614212134056 -0.00050554987935674974 -0.0013208572705849914 0.001659335284893996 0.0009237226890717675
leaf_weight=417 84 102 2864 828 793 1676
leaf_count=417 84 102 2864 828 793 1676
internal_value=2.1265e-05 -0.00193883 0.000187001 0.000773412 0.00244884 0.000179204
internal_weight=6764 519 6245 3381 877 2504
internal_count=6764 519 6245 3381 877 2504
is_linear=0
shrinkage=0.01


Tree=551
num_leaves=7
num_cat=0
split_feature=7 10 0 16 1 20
split_gain=21.6904 52.8285 43.7874 34.7133 32.4829 38.1906
threshold=1.0000000180025095e-35 0.0074975020869792628 0.93536255026374848 0.56489591489708557 0.99868864065214058 287.87017574740582
decision_type=2 2 2 2 2 10
left_child=4 2 -2 -4 -1 -6
right_child=1 -3 3 -5 5 -7
leaf_value=-0.001319053804922869 -0.00059449906146289994 0.0065482948947315801 -0.00035672874012961987 -0.0080329543202903794 -0.00081215471814230305 0.0011700246872052096
leaf_weight=1066 626 68 90 166 1352 3396
leaf_count=1066 626 68 90 166 1352 3396
internal_value=2.10865e-05 -0.00137167 -0.00204885 -0.00544915 0.000250626 0.000605076
internal_weight=6764 950 882 256 5814 4748
internal_count=6764 950 882 256 5814 4748
is_linear=0
shrinkage=0.01


Tree=552
num_leaves=7
num_cat=0
split_feature=0 16 2 18 22 20
split_gain=21.4564 30.6603 22.0004 38.7731 36.4822 23.7077
threshold=1.2645464727271944 0.73194214223846588 0.41827935841578262 178.19666666666589 8.040833333333369 297.59643315194211
decision_type=2 2 2 8 10 10
left_child=2 -2 3 -1 -5 -6
right_child=1 -3 -4 4 5 -7
leaf_value=0.010167309373617173 0.010448359234465495 0.0011510105245780451 -0.00038488570709590419 -0.0050739153518830193 0.0016082703609212774 -0.0030395385464958725
leaf_weight=35 35 183 5159 91 1149 112
leaf_count=35 35 183 5159 91 1149 112
internal_value=2.08255e-05 0.0030365 -8.40831e-05 0.00102951 0.000720041 0.00117479
internal_weight=6764 218 6546 1387 1352 1261
internal_count=6764 218 6546 1387 1352 1261
is_linear=0
shrinkage=0.01


Tree=553
num_leaves=7
num_cat=0
split_feature=14 6 17 22 17 23
split_gain=21.5955 30.2441 30.0533 63.8832 57.2077 38.5448
threshold=57.155092561199304 1.0718939066200612 321.05000000000007 11.448333333333329 310.05000000000007 15.2464285714286
decision_type=2 2 8 8 10 8
left_child=1 -1 4 -4 5 -3
right_child=-2 2 3 -5 -6 -7
leaf_value=-0.00016902785804764626 -0.0020307874254942375 0.0035985250929804224 -0.0089675864192975477 0.001510036889162967 0.0083246063769828269 -0.0006651511238136167
leaf_weight=5051 467 398 69 213 130 436
leaf_count=5051 467 398 69 213 130 436
internal_value=2.08369e-05 0.000175969 0.00156472 -0.00127295 0.00239937 0.00138808
internal_weight=6764 6297 1246 282 964 834
internal_count=6764 6297 1246 282 964 834
is_linear=0
shrinkage=0.01


Tree=554
num_leaves=7
num_cat=0
split_feature=20 8 2 21 15 14
split_gain=21.3151 24.0379 51.633 43.0735 61.4736 42.5711
threshold=282.7477329788249 24.678000000000004 0.56670318772511707 25.900000000000038 0.39965379007154289 25.950489370222126
decision_type=8 2 2 10 2 2
left_child=-1 -2 3 4 -3 -4
right_child=1 2 5 -5 -6 -7
leaf_value=-0.0019068441681109635 -0.00061026407776902994 0.011651466310556446 -0.00056031978038225479 0.0015914883665180675 -0.0011990776457465613 0.0038602414942967398
leaf_weight=519 2362 95 2352 1151 55 230
leaf_count=519 2362 95 2352 1151 55 230
internal_value=2.06521e-05 0.000183632 0.00066688 0.00228313 0.00715915 -0.00015317
internal_weight=6764 6245 3883 1301 150 2582
internal_count=6764 6245 3883 1301 150 2582
is_linear=0
shrinkage=0.01


Tree=555
num_leaves=7
num_cat=0
split_feature=14 2 16 12 20 0
split_gain=21.2302 26.6265 34.3152 31.8202 25.2556 24.958
threshold=69.837463571107264 0.28397164367645794 1.6693286726340382 0.038111853028276951 290.52661048793323 1.2645464727271944
decision_type=2 2 2 2 10 2
left_child=1 2 3 -1 -4 -3
right_child=-2 5 4 -5 -6 -7
leaf_value=0.0054667804742975709 -0.003348672390188817 -0.0001848374476825226 -0.0056190356605657146 -0.0019968886534364799 0.0032103332557848526 0.0032155762895542594
leaf_weight=273 172 5923 70 66 46 214
leaf_count=273 172 5923 70 66 46 214
internal_value=2.0635e-05 0.000113487 0.00242063 0.0039981 -0.00214083 -6.12252e-05
internal_weight=6764 6592 455 339 116 6137
internal_count=6764 6592 455 339 116 6137
is_linear=0
shrinkage=0.01


Tree=556
num_leaves=7
num_cat=0
split_feature=20 18 5 22 2 8
split_gain=20.8656 32.055 35.4475 24.5761 33.5315 78.077
threshold=282.7477329788249 201.36666666666639 0.28556139099051958 17.609166666666692 0.56533670819515536 216.20430000000002
decision_type=8 10 2 8 2 2
left_child=1 2 -1 4 5 -2
right_child=3 -3 -4 -5 -6 -7
leaf_value=0.0048518918835962158 0.00092432767207839236 -0.0050565641386265958 -0.0020740552952791735 -0.00049896821308157682 -0.0002488473136075469 0.0073637549655029069
leaf_weight=96 1503 189 234 2864 1672 206
leaf_count=96 1503 189 234 2864 1672 206
internal_value=2.04396e-05 -0.00188663 2.4209e-05 0.000181692 0.000758041 0.00173885
internal_weight=6764 519 330 6245 3381 1709
internal_count=6764 519 330 6245 3381 1709
is_linear=0
shrinkage=0.01


Tree=557
num_leaves=7
num_cat=0
split_feature=7 1 20 17 17 2
split_gain=21.4043 31.4241 39.0426 58.9232 45.7535 40.5967
threshold=1.0000000180025095e-35 1.4747468523983533 287.87017574740582 320.15000000000009 309.65000000000009 0.6494736171718869
decision_type=2 2 10 10 8 2
left_child=1 -1 3 -3 -4 -6
right_child=-2 2 4 -5 5 -7
leaf_value=-0.00017227774358664465 -0.0013632301456297381 0.00077494597504622874 0.0012275692316455191 -0.0084118475206196308 0.009474613651348527 0.0018419703223729786
leaf_weight=4384 950 406 667 74 147 136
leaf_count=4384 950 406 667 74 147 136
internal_value=2.03129e-05 0.000248335 0.00153006 -0.000784118 0.00269532 0.00599468
internal_weight=6764 5814 1430 480 950 283
internal_count=6764 5814 1430 480 950 283
is_linear=0
shrinkage=0.01


Tree=558
num_leaves=7
num_cat=0
split_feature=12 10 7 9 16 1
split_gain=21.0314 25.1612 31.0107 24.7081 54.3541 39.8548
threshold=0.043808761857417465 0.0044930289857065915 1.0000000180025095e-35 1511.0000000000002 1.2020718893160192 1.546005696691795
decision_type=2 2 2 2 2 2
left_child=1 2 -1 4 -3 -6
right_child=-2 3 -4 -5 5 -7
leaf_value=0.0002115140767741189 -0.0022498233818219276 0.0084449405551311526 -0.0020081979103714013 0.00038266107916274202 0.0030512905866292512 -0.0074884456323058004
leaf_weight=4944 375 137 711 445 111 41
leaf_count=4944 375 137 711 445 111 41
internal_value=2.01595e-05 0.000156703 -7.06214e-05 0.0018855 0.00410937 -7.84232e-05
internal_weight=6764 6389 5655 734 289 152
internal_count=6764 6389 5655 734 289 152
is_linear=0
shrinkage=0.01


Tree=559
num_leaves=7
num_cat=0
split_feature=14 6 18 20 8 16
split_gain=21.0581 28.6865 26.0239 37.7224 29.6278 32.6284
threshold=57.155092561199304 1.0718939066200612 183.46499999999955 282.50287601447542 16.099200000000003 0.14120436663634647
decision_type=2 2 8 10 2 2
left_child=1 -1 -3 -4 -5 -6
right_child=-2 2 3 4 5 -7
leaf_value=-0.00016284486491891233 -0.0020059731272557648 0.0093852285386585611 -0.0058509065583348275 -0.00084136046971167058 0.0098949877096939903 0.0021007830728124234
leaf_weight=5051 467 31 61 330 49 775
leaf_count=5051 467 31 61 330 49 775
internal_value=1.9963e-05 0.000173153 0.00152567 0.00125016 0.00167256 0.00267736
internal_weight=6764 6297 1246 1215 1154 824
internal_count=6764 6297 1246 1215 1154 824
is_linear=0
shrinkage=0.01


Tree=560
num_leaves=7
num_cat=0
split_feature=14 2 16 19 20 5
split_gain=20.7154 26.0753 33.6102 31.6631 24.7836 24.3539
threshold=69.837463571107264 0.28397164367645794 1.6693286726340382 0.031860725130852537 290.52661048793323 0.20853563811542017
decision_type=2 2 2 2 10 2
left_child=1 2 3 -1 -4 -2
right_child=5 -3 4 -5 -6 -7
leaf_value=0.0053154942261325541 -0.0063431108470454259 -6.1225061697719264e-05 -0.0055651191805372946 -0.0024436560130732901 0.0031812809119998874 0.00098753653530452771
leaf_weight=281 98 6137 70 58 46 74
leaf_count=281 98 6137 70 58 46 74
internal_value=1.99482e-05 0.000111668 0.0023948 0.00395599 -0.00211951 -0.00330826
internal_weight=6764 6592 455 339 116 172
internal_count=6764 6592 455 339 116 172
is_linear=0
shrinkage=0.01


Tree=561
num_leaves=7
num_cat=0
split_feature=12 10 18 22 17 11
split_gain=20.5949 24.3988 29.0282 42.4596 38.7232 36.687
threshold=0.043808761857417465 0.0044930289857065915 261.05000000000092 11.448333333333329 310.35000000000008 0.0226820338665405
decision_type=2 2 8 8 10 2
left_child=1 -1 -3 -4 -5 -6
right_child=-2 2 3 4 5 -7
leaf_value=-6.9059018349032096e-05 -0.0022266268037356342 0.0049073507928247143 -0.006838914497262415 -0.00071987866697381577 0.012204249664297645 0.0022085586349479855
leaf_weight=5655 375 210 58 283 43 140
leaf_count=5655 375 210 58 283 43 140
internal_value=1.9676e-05 0.000154795 0.0018572 0.000565802 0.00161173 0.00506792
internal_weight=6764 6389 734 524 466 183
internal_count=6764 6389 734 524 466 183
is_linear=0
shrinkage=0.01


Tree=562
num_leaves=7
num_cat=0
split_feature=7 10 20 1 20 17
split_gain=20.7384 50.9118 31.4573 30.671 36.9725 80.8935
threshold=1.0000000180025095e-35 0.0074975020869792628 292.81904291198225 0.99868864065214058 287.87017574740582 320.15000000000009
decision_type=2 2 10 2 10 10
left_child=3 -2 -3 -1 5 -5
right_child=1 2 -4 4 -6 -7
leaf_value=-0.0012812092871740367 -0.0020070455919647375 0.011877451148298053 -0.00076143528832945718 0.00016790165442216677 0.0011443618801717215 -0.0068961235251094391
leaf_weight=1066 882 35 33 1174 3396 178
leaf_count=1066 882 35 33 1174 3396 178
internal_value=1.96189e-05 -0.00134223 0.00643261 0.000244066 0.000588487 -0.000805929
internal_weight=6764 950 68 5814 4748 1352
internal_count=6764 950 68 5814 4748 1352
is_linear=0
shrinkage=0.01


Tree=563
num_leaves=7
num_cat=0
split_feature=14 14 6 18 23 19
split_gain=20.5318 28.1489 26.6452 26.2124 36.2499 27.3179
threshold=57.155092561199304 54.878017594108023 1.0718939066200612 183.46499999999955 10.746428571428593 0.0040460381213941543
decision_type=2 2 2 8 8 2
left_child=1 2 -1 -4 -5 -6
right_child=-2 -3 3 4 5 -7
leaf_value=-0.00022161999725611663 -0.0019810004336310383 0.0066180847968850568 0.0093009506456735655 -0.0038469356450586373 -0.002282170887736466 0.0023515953014188627
leaf_weight=5019 467 57 31 121 139 930
leaf_count=5019 467 57 31 121 139 930
internal_value=1.94559e-05 0.00017072 0.000101331 0.00141986 0.00113876 0.00173351
internal_weight=6764 6297 6240 1221 1190 1069
internal_count=6764 6297 6240 1221 1190 1069
is_linear=0
shrinkage=0.01


Tree=564
num_leaves=7
num_cat=0
split_feature=8 13 18 23 18 1
split_gain=20.426 45.6757 54.4285 62.7305 46.3428 44.8077
threshold=24.678000000000004 0.0079365820836721519 217.43500000000054 10.746428571428593 282.49166666666724 1.9257932531878839
decision_type=2 2 8 10 8 2
left_child=-1 2 5 -4 -3 -2
right_child=1 4 3 -5 -6 -7
leaf_value=-0.00069778190171271715 0.0069239644863703055 -0.001788967504773289 -0.0037443441625251701 0.0017918155579732936 0.00089919153674618182 -0.003184406560446535
leaf_weight=2495 268 1240 238 1169 1308 46
leaf_count=2495 268 1240 238 1169 1308 46
internal_value=1.9408e-05 0.000439218 0.00169295 0.000835535 -0.000410897 0.00539054
internal_weight=6764 4269 1721 1407 2548 314
internal_count=6764 4269 1721 1407 2548 314
is_linear=0
shrinkage=0.01


Tree=565
num_leaves=7
num_cat=0
split_feature=7 10 0 1 2 14
split_gain=20.4556 50.0102 43.7164 30.1504 32.9346 40.4671
threshold=1.0000000180025095e-35 0.0074975020869792628 0.93536255026374848 1.4747468523983533 0.49348625803625623 43.518916488384868
decision_type=2 2 2 2 2 2
left_child=3 2 -2 -1 5 -5
right_child=1 -3 -4 4 -6 -7
leaf_value=-0.00016986835213732377 -0.0005399878341821755 0.0063724632265093999 -0.0053894880212339248 0.0064955919695397213 0.000742613573797245 -0.0025231991254943699
leaf_weight=4384 626 68 256 215 1157 58
leaf_count=4384 626 68 256 215 1157 58
internal_value=1.92169e-05 -0.00133332 -0.00199219 0.000242129 0.00149761 0.00455806
internal_weight=6764 950 882 5814 1430 273
internal_count=6764 950 882 5814 1430 273
is_linear=0
shrinkage=0.01


Tree=566
num_leaves=7
num_cat=0
split_feature=12 7 10 17 17 21
split_gain=20.0849 21.7477 51.583 27.6165 25.8471 67.177
threshold=0.047001379413421168 1.0000000180025095e-35 0.0074975020869792628 255.45000000000002 261.00000000000006 23.400000000000038
decision_type=2 2 2 10 10 8
left_child=1 4 -3 -4 -1 -6
right_child=-2 2 3 -5 5 -7
leaf_value=-0.00039710768080763022 -0.0026535289500391598 -0.0019602284934169835 0.01238477274402976 9.7500986673615191e-05 -0.0053700504689799542 0.0013061895478545177
leaf_weight=2474 260 855 30 34 149 2962
leaf_count=2474 260 855 30 34 149 2962
internal_value=1.90984e-05 0.000129847 -0.00128732 0.00675245 0.000364923 0.000970252
internal_weight=6764 6504 919 64 5585 3111
internal_count=6764 6504 919 64 5585 3111
is_linear=0
shrinkage=0.01


Tree=567
num_leaves=7
num_cat=0
split_feature=0 16 2 14 11 7
split_gain=20.1865 29.6628 20.6917 31.8352 24.8865 18.8906
threshold=1.2645464727271944 0.73194214223846588 0.28397164367645794 19.648087399352587 0.035649017275002394 1.0000000180025095e-35
decision_type=2 2 2 2 2 2
left_child=2 -2 3 4 -1 -5
right_child=1 -3 -4 5 -6 -7
leaf_value=0.0069167086481410145 0.010233171459701327 0.0010919445121921406 -0.00024156372502414023 0.00034137220352043417 0.0010067392650778128 -0.0071658656178485783
leaf_weight=136 35 183 6069 162 147 32
leaf_count=136 35 183 6069 162 147 32
internal_value=1.89577e-05 0.00294403 -8.27972e-05 0.00190071 0.003986 -0.0011875
internal_weight=6764 218 6546 477 283 194
internal_count=6764 218 6546 477 283 194
is_linear=0
shrinkage=0.01


Tree=568
num_leaves=7
num_cat=0
split_feature=14 5 15 11 9 1
split_gain=20.0089 23.9897 21.9471 45.8323 36.3713 55.4438
threshold=69.837463571107264 0.20853563811542017 0.78292190679549989 0.018953767980624581 2292.5000000000005 2.0591459473943612
decision_type=2 2 2 2 2 2
left_child=2 -2 3 4 5 -1
right_child=1 -3 -4 -5 -6 -7
leaf_value=0.0012249949966814924 -0.0062644835197608233 0.0010083090669719414 -0.00048240964339575556 0.00031181067047759308 0.0022292606498988394 0.018569289796985685
leaf_weight=37 98 74 3210 3099 216 30
leaf_count=37 98 74 3210 3099 216 30
internal_value=1.89479e-05 -0.00325201 0.000109091 0.000670277 0.00445106 0.0103941
internal_weight=6764 172 6592 3382 283 67
internal_count=6764 172 6592 3382 283 67
is_linear=0
shrinkage=0.01


Tree=569
num_leaves=7
num_cat=0
split_feature=8 2 18 21 9 9
split_gain=19.8601 43.9813 44.4856 27.8414 27.2575 39.9821
threshold=24.678000000000004 0.47559523809523813 178.19666666666589 38.200000000000024 909.00000000000011 1422.5000000000002
decision_type=2 2 8 8 2 2
left_child=4 2 -2 -4 -1 -6
right_child=1 -3 3 -5 5 -7
leaf_value=-0.0067986783526942764 0.010844781028171038 -0.00010904212737579671 0.0021315129366783615 -0.0060663127027113326 0.0024771801982025961 -0.001052321605198627
leaf_weight=61 48 3327 860 34 370 2064
leaf_count=61 48 3327 860 34 370 2064
internal_value=1.90035e-05 0.000432957 0.00232825 0.00175608 -0.000688181 -0.00050785
internal_weight=6764 4269 942 894 2495 2434
internal_count=6764 4269 942 894 2495 2434
is_linear=0
shrinkage=0.01


Tree=570
num_leaves=7
num_cat=0
split_feature=14 2 12 9 6 9
split_gain=19.678 27.7995 42.9174 25.5553 23.0683 32.8836
threshold=57.155092561199304 0.69713861849696712 0.0088032195105652248 2828.0000000000005 1.0718939066200612 1421.0000000000002
decision_type=2 2 2 2 2 2
left_child=1 2 -1 -2 -4 -6
right_child=3 -3 4 -5 5 -7
leaf_value=0.0063095519929103408 -0.0029379187648724998 -0.0007361523471157745 -5.8693221936765542e-06 0.0032277297849835056 0.0047674690924918734 0.00071951953728999533
leaf_weight=120 395 2205 2870 72 255 847
leaf_count=120 395 2205 2870 72 255 847
internal_value=1.88345e-05 0.000166921 0.000654155 -0.00193959 0.000467881 0.00169065
internal_weight=6764 6297 4092 467 3972 1102
internal_count=6764 6297 4092 467 3972 1102
is_linear=0
shrinkage=0.01


Tree=571
num_leaves=7
num_cat=0
split_feature=20 22 2 15 10 5
split_gain=19.7895 23.3302 32.0725 27.7678 29.3052 24.7164
threshold=282.7477329788249 17.609166666666692 0.56533670819515536 0.33414242986240333 -0.005105818896624024 0.13738015171725862
decision_type=8 8 2 2 2 2
left_child=-1 2 -2 4 -3 -5
right_child=1 3 -4 5 -6 -7
leaf_value=-0.0018384204654591705 0.0016966398603627173 0.00068435466964125952 -0.00024731185292185858 0.0029249863398863991 -0.0042063789118049937 -0.00037193263870680576
leaf_weight=519 1709 183 1672 245 346 2090
leaf_count=519 1709 183 1672 245 346 2090
internal_value=1.88136e-05 0.000175854 0.000737406 -0.000487327 -0.00253319 -1.50051e-05
internal_weight=6764 6245 3381 2864 529 2335
internal_count=6764 6245 3381 2864 529 2335
is_linear=0
shrinkage=0.01


Tree=572
num_leaves=7
num_cat=0
split_feature=7 0 4 1 20 15
split_gain=19.6203 30.5886 35.9878 29.1921 36.0036 61.0275
threshold=1.0000000180025095e-35 0.9248463591002013 0.18556639693904989 0.99868864065214058 287.87017574740582 0.10148121430577815
decision_type=2 2 2 2 10 2
left_child=3 2 -2 -1 5 -5
right_child=1 -3 -4 4 -6 -7
leaf_value=-0.0012511254646190007 -0.00069847529226864217 -0.0037667046274794292 0.0080526646679522935 0.0034560639165836728 0.0011214874396026631 -0.0018440996515471572
leaf_weight=1066 588 321 41 261 3396 1091
leaf_count=1066 588 321 41 261 3396 1091
internal_value=1.86054e-05 -0.00130602 -1.09583e-05 0.000236919 0.000572935 -0.000803055
internal_weight=6764 950 629 5814 4748 1352
internal_count=6764 950 629 5814 4748 1352
is_linear=0
shrinkage=0.01


Tree=573
num_leaves=7
num_cat=0
split_feature=0 16 2 9 20 3
split_gain=19.6767 28.7914 20.1014 27.9595 24.5036 20.475
threshold=1.2645464727271944 0.73194214223846588 0.28397164367645794 2324.5000000000005 298.26431628976968 0.089768636119130149
decision_type=2 2 2 2 10 2
left_child=2 -2 3 4 -1 -5
right_child=1 -3 -4 5 -6 -7
leaf_value=0.0043107611095052935 0.01008782401515378 0.0010813682904669659 -0.00023845199727448636 -0.0041820495193166645 -0.0041956530269235369 0.0032754980067706166
leaf_weight=302 35 183 6069 98 30 47
leaf_count=302 35 183 6069 98 30 47
internal_value=1.84942e-05 0.00290639 -8.19671e-05 0.00187305 0.0034419 -0.00170941
internal_weight=6764 218 6546 477 332 145
internal_count=6764 218 6546 477 332 145
is_linear=0
shrinkage=0.01


Tree=574
num_leaves=7
num_cat=0
split_feature=12 10 9 9 5 18
split_gain=19.4884 22.9166 31.9813 74.8628 27.3598 26.7151
threshold=0.038111853028276951 0.0044930289857065915 1421.0000000000002 1058.0000000000002 0.028086246088176739 263.28333333333347
decision_type=2 2 2 2 2 8
left_child=1 4 3 -3 -1 -4
right_child=-2 2 5 -5 -6 -7
leaf_value=-0.0074629040282903885 -0.00163227937093589 0.00065636373612505846 0.0041298945302402738 0.014015443629839204 4.3159091445565087e-05 -0.00086457176060994738
leaf_weight=39 637 118 141 56 5413 360
leaf_count=39 637 118 141 56 5413 360
internal_value=1.8459e-05 0.00019246 0.00191643 0.00548388 -2.40993e-05 0.000594369
internal_weight=6764 6127 675 174 5452 501
internal_count=6764 6127 675 174 5452 501
is_linear=0
shrinkage=0.01


Tree=575
num_leaves=7
num_cat=0
split_feature=8 15 21 6 17 1
split_gain=19.4807 43.131 78.2714 73.8065 43.6631 55.9125
threshold=24.678000000000004 0.59076950616564028 26.700000000000021 1.4811187686848777 320.65000000000009 1.8526252054177073
decision_type=2 2 8 2 10 2
left_child=-1 2 4 -4 5 -2
right_child=1 -3 3 -5 -6 -7
leaf_value=-0.00068198994440937452 0.0092778369386196709 -0.00028272211145258057 -0.00031359642930234587 0.010107497621888983 -0.0018458250945460209 -0.00060782194591876935
leaf_weight=2495 248 2847 978 63 61 72
leaf_count=2495 248 2847 978 63 61 72
internal_value=1.84055e-05 0.000428386 0.00184413 0.000407245 0.0056593 0.00710255
internal_weight=6764 4269 1422 1041 381 320
internal_count=6764 4269 1422 1041 381 320
is_linear=0
shrinkage=0.01


Tree=576
num_leaves=7
num_cat=0
split_feature=7 10 0 16 20 1
split_gain=19.4018 47.4219 42.868 33.3207 30.3788 28.3926
threshold=1.0000000180025095e-35 0.0074975020869792628 0.93536255026374848 0.56489591489708557 292.81904291198225 0.95122636785439385
decision_type=2 2 2 2 10 2
left_child=5 2 -2 -4 -3 -1
right_child=1 4 3 -5 -6 -7
leaf_value=-0.0015049295544498692 -0.00050289733171369295 0.011557297183407677 -0.00031877134926617146 -0.0078357781751335343 -0.000839345452570638 0.0005148848083410374
leaf_weight=798 626 35 90 166 33 5016
leaf_count=798 626 35 90 166 33 5016
internal_value=1.84526e-05 -0.00129878 -0.00194038 -0.00530441 0.00620496 0.000235547
internal_weight=6764 950 882 256 68 5814
internal_count=6764 950 882 256 68 5814
is_linear=0
shrinkage=0.01


Tree=577
num_leaves=7
num_cat=0
split_feature=14 14 9 4 18 23
split_gain=19.4659 27.6131 25.1547 23.2395 25.1997 42.0554
threshold=57.155092561199304 54.878017594108023 2828.0000000000005 0.030426165201665922 183.46499999999955 10.746428571428593
decision_type=2 2 2 2 8 8
left_child=1 3 -2 -1 -5 -6
right_child=2 -3 -4 4 5 -7
leaf_value=-0.00021099560168792334 -0.0029199614003990538 0.0065512679344904958 0.0031974142290106633 0.0088440775341722521 -0.004190245753262138 0.0016703158187194587
leaf_weight=4978 395 57 72 33 128 1101
leaf_count=4978 395 57 72 33 128 1101
internal_value=1.82838e-05 0.00016557 -0.00192955 9.68506e-05 0.00130327 0.00103105
internal_weight=6764 6297 467 6240 1262 1229
internal_count=6764 6297 467 6240 1262 1229
is_linear=0
shrinkage=0.01


Tree=578
num_leaves=7
num_cat=0
split_feature=14 2 16 19 5 18
split_gain=19.2713 24.4933 32.1936 29.9133 23.406 21.6697
threshold=69.837463571107264 0.28397164367645794 1.6693286726340382 0.031860725130852537 0.20853563811542017 294.49000000000143
decision_type=2 2 2 2 2 10
left_child=1 2 3 -1 -2 -4
right_child=4 -3 5 -5 -6 -7
leaf_value=0.0051691071556871472 -0.0061676639455038604 -6.0805720265595842e-05 -0.0045900026854421754 -0.0023728322752696626 0.0010142761697283103 0.0041898617084796834
leaf_weight=281 98 6137 85 58 74 31
leaf_count=281 98 6137 85 58 74 31
internal_value=1.82921e-05 0.000106758 0.00231955 0.00384773 -0.0031918 -0.00209735
internal_weight=6764 6592 455 339 172 116
internal_count=6764 6592 455 339 172 116
is_linear=0
shrinkage=0.01


Tree=579
num_leaves=7
num_cat=0
split_feature=0 9 7 0 4 1
split_gain=19.3118 20.517 19.2833 42.9394 49.4832 24.8323
threshold=1.2645464727271944 1511.0000000000002 1.0000000180025095e-35 0.99223776317140888 0.25592446503415689 0.95122636785439385
decision_type=2 2 2 2 2 2
left_child=2 -2 5 4 -4 -1
right_child=1 -3 3 -5 -6 -7
leaf_value=-0.0014881866709207442 0.0087903880359644585 0.0012737091304978151 -0.00096908508315866838 -0.0058392324321118461 0.010332316421880953 0.00040504302762478538
leaf_weight=798 37 181 697 168 31 4852
leaf_count=798 37 181 697 168 31 4852
internal_value=1.80675e-05 0.00287906 -8.14578e-05 -0.00143587 -0.000354361 0.000135488
internal_weight=6764 218 6546 896 728 5650
internal_count=6764 218 6546 896 728 5650
is_linear=0
shrinkage=0.01


Tree=580
num_leaves=7
num_cat=0
split_feature=2 18 17 14 14 9
split_gain=19.0625 31.4754 31.4874 22.4386 25.1195 58.9176
threshold=0.25016427365162591 250.97166666666683 292.85000000000008 57.155092561199304 37.446588971228628 1807.5000000000002
decision_type=2 8 10 2 2 2
left_child=1 -1 -3 4 -2 -6
right_child=3 2 -4 -5 5 -7
leaf_value=0.007803657200187445 -0.0001180199998839973 -0.0036367300722679684 0.0031706836296873197 -0.0023150582042998158 0.008951754516098075 0.0001607256214940287
leaf_weight=70 5624 99 171 419 94 287
leaf_count=70 5624 99 171 419 94 287
internal_value=1.80715e-05 0.00229081 0.000633893 -0.00010559 5.21685e-05 0.00250312
internal_weight=6764 340 270 6424 6005 381
internal_count=6764 340 270 6424 6005 381
is_linear=0
shrinkage=0.01


Tree=581
num_leaves=7
num_cat=0
split_feature=8 15 4 18 23 5
split_gain=18.9917 42.043 57.8013 52.9159 36.0002 32.43
threshold=24.678000000000004 0.59076950616564028 0.18556639693904989 215.7433333333336 17.875000000000028 0.23378975457085513
decision_type=2 2 2 8 8 2
left_child=-1 2 3 5 -3 -2
right_child=1 4 -4 -5 -6 -7
leaf_value=-0.00067345222309633747 0.011664383449242451 -0.0013737712751465006 0.0098303712650257002 0.00035005588460163299 0.00086818568892119683 0.0031494940600662242
leaf_weight=2495 54 1456 75 1101 1391 192
leaf_count=2495 54 1456 75 1101 1391 192
internal_value=1.80977e-05 0.000422901 0.00182068 0.00130555 -0.000279181 0.00540124
internal_weight=6764 4269 1422 1347 2847 246
internal_count=6764 4269 1422 1347 2847 246
is_linear=0
shrinkage=0.01


Tree=582
num_leaves=7
num_cat=0
split_feature=12 2 16 22 11 8
split_gain=18.9116 21.0599 28.9083 30.7575 29.3329 31.0475
threshold=0.047001379413421168 0.25016427365162591 1.6693286726340382 19.115833333333359 0.036708440947002513 4.2322500000000014
decision_type=2 2 2 8 2 2
left_child=1 2 3 4 5 -1
right_child=-2 -3 -4 -5 -6 -7
leaf_value=0.00074296880852092392 -0.0025751242052453262 -5.8147960774479905e-06 -0.0020629425628110767 -0.0035907470011575654 0.0012647097639273853 0.012244001605612193
leaf_weight=34 260 6183 90 34 86 77
leaf_count=34 260 6183 90 34 86 77
internal_value=1.82683e-05 0.000125734 0.00258321 0.00440389 0.00589049 0.00907371
internal_weight=6764 6504 321 231 197 111
internal_count=6764 6504 321 231 197 111
is_linear=0
shrinkage=0.01


Tree=583
num_leaves=7
num_cat=0
split_feature=20 18 13 8 5 22
split_gain=19.2331 30.7276 24.0085 22.9981 26.1716 22.3176
threshold=282.7477329788249 246.32666666666702 0.0079365820836721519 22.046400000000002 0.36727093169736302 17.609166666666692
decision_type=8 10 2 2 2 8
left_child=1 2 3 -1 -5 -2
right_child=5 -3 -4 4 -6 -7
leaf_value=-0.0022533607580275698 0.00072222081981575899 -0.0064655647582341248 -0.0028454080802311926 0.0072736799294423121 -0.0018429583841218398 -0.00047563797814859679
leaf_weight=78 3381 102 212 85 42 2864
leaf_count=78 3381 102 212 85 42 2864
internal_value=1.81744e-05 -0.00181277 -0.000549908 0.00184591 0.00434428 0.000172992
internal_weight=6764 519 417 205 127 6245
internal_count=6764 519 417 205 127 6245
is_linear=0
shrinkage=0.01


Tree=584
num_leaves=7
num_cat=0
split_feature=0 16 19 12 9 5
split_gain=18.8987 27.6149 19.5408 28.7082 33.9641 61.0632
threshold=1.2645464727271944 0.73194214223846588 0.0078375534055355033 0.038111853028276951 1462.0000000000002 0.091628721204239247
decision_type=2 2 2 2 2 2
left_child=2 -2 -1 4 5 -4
right_child=1 -3 3 -5 -6 -7
leaf_value=-0.00069247668129937448 0.0098813649747106769 0.0010606910811418696 0.0086294652054396768 -0.0018100287074725707 0.00011862943653687557 0.0012864126425879787
leaf_weight=2897 35 183 125 495 2292 737
leaf_count=2897 35 183 125 495 2292 737
internal_value=1.79058e-05 0.00284814 -8.05493e-05 0.000405835 0.000758222 0.00243799
internal_weight=6764 218 6546 3649 3154 862
internal_count=6764 218 6546 3649 3154 862
is_linear=0
shrinkage=0.01


Tree=585
num_leaves=7
num_cat=0
split_feature=7 10 0 1 2 23
split_gain=18.9398 45.9828 41.907 27.6185 31.1875 24.2497
threshold=1.0000000180025095e-35 0.0074975020869792628 0.93536255026374848 1.4747468523983533 0.49348625803625623 10.253571428571449
decision_type=2 2 2 2 2 8
left_child=3 2 -2 -1 -5 -6
right_child=1 -3 -4 4 5 -7
leaf_value=-0.00016182715406511119 -0.00049398215612263068 0.0061056814538553742 -0.0052413031748755091 0.0044121133402161066 -0.0020730454974994066 0.0014398554808278334
leaf_weight=4384 626 68 256 273 240 917
leaf_count=4384 626 68 256 273 240 917
internal_value=1.79994e-05 -0.00128345 -0.0019152 0.000232494 0.00143411 0.000699644
internal_weight=6764 950 882 5814 1430 1157
internal_count=6764 950 882 5814 1430 1157
is_linear=0
shrinkage=0.01


Tree=586
num_leaves=7
num_cat=0
split_feature=14 2 16 12 18 6
split_gain=18.7376 23.4389 22.4658 26.3573 25.2063 23.4398
threshold=69.837463571107264 0.31603914299641583 1.2020718893160192 0.037032664899051389 303.83000000000015 1.0617501376734091
decision_type=2 2 2 2 10 2
left_child=1 2 3 4 5 -1
right_child=-2 -3 -4 -5 -6 -7
leaf_value=0.0026341862575828927 -0.0031474598006928688 -9.2145485273474622e-05 -0.0010099027836311264 -0.0013667321713133293 -0.00020607690117436042 0.0087364021920865141
leaf_weight=137 172 5949 184 100 92 130
leaf_count=137 172 5949 184 100 92 130
internal_value=1.78783e-05 0.000105111 0.00190358 0.00306815 0.00430705 0.00581344
internal_weight=6764 6592 643 459 359 267
internal_count=6764 6592 643 459 359 267
is_linear=0
shrinkage=0.01


Tree=587
num_leaves=7
num_cat=0
split_feature=20 18 17 15 22 2
split_gain=18.7094 30.2147 35.274 28.7315 21.7466 30.4369
threshold=282.7477329788249 246.32666666666702 161.15000000000006 0.18414119886488031 17.609166666666692 0.56533670819515536
decision_type=8 10 10 2 8 2
left_child=1 2 -1 -4 5 -2
right_child=4 -3 3 -5 -6 -7
leaf_value=-0.0035473758790005999 0.0016470940618261362 -0.0064017884142231196 0.0090394225607936581 0.00033214122096566275 -0.00046980108128899154 -0.00024661738895964794
leaf_weight=195 1709 102 38 184 2864 1672
leaf_count=195 1709 102 38 184 2864 1672
internal_value=1.77814e-05 -0.00178806 -0.000536029 0.00214796 0.000170477 0.000712635
internal_weight=6764 519 417 222 6245 3381
internal_count=6764 519 417 222 6245 3381
is_linear=0
shrinkage=0.01


Tree=588
num_leaves=7
num_cat=0
split_feature=14 14 2 12 15 12
split_gain=18.6705 26.8916 26.6322 42.4689 21.1342 22.3612
threshold=57.155092561199304 54.878017594108023 0.69713861849696712 0.0088032195105652248 3.4120401236268219 0.038111853028276951
decision_type=2 2 2 2 2 2
left_child=1 2 3 -1 5 -5
right_child=-2 -3 -4 4 -6 -7
leaf_value=0.0061988417698571885 -0.0018900164680398534 0.006463577521603499 -0.00079126333312743509 0.00079159517151957781 -0.0028686581515633552 -0.001906126863020059
leaf_weight=120 467 57 2193 3419 180 328
leaf_count=120 467 57 2193 3419 180 328
internal_value=1.76088e-05 0.000161855 9.40416e-05 0.000574541 0.000387367 0.000551001
internal_weight=6764 6297 6240 4047 3927 3747
internal_count=6764 6297 6240 4047 3927 3747
is_linear=0
shrinkage=0.01


Tree=589
num_leaves=7
num_cat=0
split_feature=8 13 18 23 18 21
split_gain=18.6772 41.3939 51.84 59.7691 44.4903 36.4343
threshold=24.678000000000004 0.0079365820836721519 217.43500000000054 10.746428571428593 282.49166666666724 37.10000000000003
decision_type=2 2 8 10 8 8
left_child=-1 2 -2 -4 -3 -5
right_child=1 4 3 5 -6 -7
leaf_value=-0.00066827714623848053 0.0052208564226856212 -0.0017406106063462795 -0.0036939237869697654 0.0021673391255020184 0.00089324142362470901 -0.0048481142288073894
leaf_weight=2495 314 1240 238 1099 1308 70
leaf_count=2495 314 1240 238 1099 1308 70
internal_value=1.75213e-05 0.000418958 0.00161248 0.000776032 -0.000390333 0.00170969
internal_weight=6764 4269 1721 1407 2548 1169
internal_count=6764 4269 1721 1407 2548 1169
is_linear=0
shrinkage=0.01


Tree=590
num_leaves=7
num_cat=0
split_feature=7 10 17 14 2 1
split_gain=18.6626 45.408 42.7507 30.8052 27.6436 26.4992
threshold=1.0000000180025095e-35 0.0063921095430853562 252.95000000000002 8.6790441679859409 0.24272349597831114 1.4747468523983533
decision_type=2 2 10 2 2 2
left_child=5 3 -3 4 -2 -1
right_child=1 2 -4 -5 -6 -7
leaf_value=-0.00015602597644466851 0.0060597311131334883 0.011406676313456368 -0.00038085257266323231 -0.0056290296902686042 -0.0016142996256709131 0.0014072357109099459
leaf_weight=4384 41 41 76 182 610 1430
leaf_count=4384 41 41 76 182 610 1430
internal_value=1.73067e-05 -0.00127459 0.00432273 -0.00210272 -0.00104663 0.000230227
internal_weight=6764 950 117 833 651 5814
internal_count=6764 950 117 833 651 5814
is_linear=0
shrinkage=0.01


Tree=591
num_leaves=7
num_cat=0
split_feature=0 23 18 19 1 8
split_gain=18.4032 29.1406 32.5292 19.0488 26.3639 33.0689
threshold=1.2645464727271944 13.417857142857168 310.145000000001 0.0078375534055355033 0.89464472513443261 683.67465000000004
decision_type=2 10 10 2 2 2
left_child=3 -2 -3 -1 -5 -6
right_child=1 2 -4 4 5 -7
leaf_value=-0.00068403196233323858 -0.0020198267070186695 0.0082332953431389546 -0.0017545456811785699 -0.0018977744845324197 0.0004562465516203561 0.0047383833636558846
leaf_weight=2897 76 100 42 430 3037 182
leaf_count=2897 76 100 42 430 3037 182
internal_value=1.72973e-05 0.00281018 0.00535807 -7.9858e-05 0.000400364 0.00071228
internal_weight=6764 218 142 6546 3649 3219
internal_count=6764 218 142 6546 3649 3219
is_linear=0
shrinkage=0.01


Tree=592
num_leaves=7
num_cat=0
split_feature=14 14 2 12 8 22
split_gain=18.2503 26.4406 25.7863 41.3654 29.6632 54.8664
threshold=57.155092561199304 54.878017594108023 0.69713861849696712 0.0088032195105652248 340.3372500000001 8.4500000000000224
decision_type=2 2 2 2 2 10
left_child=1 2 3 -1 -5 -6
right_child=-2 -3 -4 4 5 -7
leaf_value=0.0061161519374716309 -0.0018688091962643172 0.0064084941312260646 -0.00077852969189612928 4.3445702660304265e-05 0.0095318909302512383 0.0010502355789800209
leaf_weight=120 467 57 2193 3421 84 422
leaf_count=120 467 57 2193 3421 84 422
internal_value=1.72288e-05 0.000159843 9.26017e-05 0.000565408 0.000380686 0.0026157
internal_weight=6764 6297 6240 4047 3927 506
internal_count=6764 6297 6240 4047 3927 506
is_linear=0
shrinkage=0.01


Tree=593
num_leaves=7
num_cat=0
split_feature=7 10 0 17 17 21
split_gain=18.2371 44.551 50.5879 42.0281 25.0195 62.0698
threshold=1.0000000180025095e-35 0.0063921095430853562 0.93536255026374848 252.95000000000002 261.00000000000006 25.900000000000038
decision_type=2 2 2 10 10 8
left_child=4 2 -2 -3 5 -1
right_child=1 3 -4 -5 -6 -7
leaf_value=0.0020473989856652488 -0.00057414014947985731 0.011308276305596035 -0.00609257025880064 -0.00037902707970419592 0.00080678597684313001 -0.0014550217325834253
leaf_weight=683 614 41 219 76 3263 1868
leaf_count=683 614 41 219 76 3263 1868
internal_value=1.73592e-05 -0.00125973 -0.00208003 0.00428445 0.000227838 -0.000512957
internal_weight=6764 950 833 117 5814 2551
internal_count=6764 950 833 117 5814 2551
is_linear=0
shrinkage=0.01


Tree=594
num_leaves=7
num_cat=0
split_feature=20 17 17 23 17 16
split_gain=18.538 22.0002 30.0708 21.7855 31.0083 26.5535
threshold=282.7477329788249 288.9500000000001 161.15000000000006 8.6500000000000323 196.55000000000004 1.6693286726340382
decision_type=8 10 10 8 10 2
left_child=1 2 -1 5 -5 -2
right_child=3 -3 -4 4 -6 -7
leaf_value=-0.0035473042682189347 0.0054448407248755592 -0.0060101003030402361 0.0016476371181989669 -0.0024914908281061798 0.00024375071515671969 -0.00063156647369601684
leaf_weight=198 157 90 231 438 5527 123
leaf_count=198 157 90 231 438 5527 123
internal_value=1.72691e-05 -0.00178028 -0.000776216 0.000169265 3.90728e-05 0.00284583
internal_weight=6764 519 429 6245 5965 280
internal_count=6764 519 429 6245 5965 280
is_linear=0
shrinkage=0.01


Tree=595
num_leaves=7
num_cat=0
split_feature=20 18 17 8 23 17
split_gain=18.198 29.2869 34.0939 24.3507 21.378 30.4038
threshold=282.7477329788249 246.32666666666702 161.15000000000006 467.50860000000006 8.6500000000000323 196.55000000000004
decision_type=8 10 10 2 8 10
left_child=1 2 -1 -4 -2 -6
right_child=4 -3 3 -5 5 -7
leaf_value=-0.0034916908640141892 0.0028190292986431001 -0.006306341298373549 0.00016297346318027429 0.0075322390640856782 -0.0024671320875287554 0.00024131762461046245
leaf_weight=195 280 102 171 51 438 5527
leaf_count=195 280 102 171 51 438 5527
internal_value=1.70176e-05 -0.00176397 -0.000531222 0.00210761 0.000167613 3.86444e-05
internal_weight=6764 519 417 222 6245 5965
internal_count=6764 519 417 222 6245 5965
is_linear=0
shrinkage=0.01


Tree=596
num_leaves=7
num_cat=0
split_feature=8 2 18 23 6 15
split_gain=18.138 39.9585 41.6384 27.4536 27.712 44.6709
threshold=24.678000000000004 0.47559523809523813 178.19666666666589 10.846428571428598 1.0617501376734091 0.39965379007154289
decision_type=2 2 8 10 2 2
left_child=-1 2 -2 -4 -5 -6
right_child=1 -3 3 4 5 -7
leaf_value=-0.00065900109279036392 0.010457343300483351 -0.00010419060887533138 -0.0022832353470226131 0.0007136628619654606 0.009512914765094008 0.0017788245397930686
leaf_weight=2495 48 3327 140 428 109 217
leaf_count=2495 48 3327 140 428 109 217
internal_value=1.68251e-05 0.000412426 0.00221897 0.00166585 0.00241939 0.00457092
internal_weight=6764 4269 942 894 754 326
internal_count=6764 4269 942 894 754 326
is_linear=0
shrinkage=0.01


Tree=597
num_leaves=7
num_cat=0
split_feature=14 5 2 16 19 0
split_gain=18.0234 23.0996 22.6421 29.9865 28.0711 21.4749
threshold=69.837463571107264 0.20853563811542017 0.28397164367645794 1.6693286726340382 0.031860725130852537 1.2645464727271944
decision_type=2 2 2 2 2 2
left_child=2 -2 3 4 -1 -4
right_child=1 -3 5 -5 -6 -7
leaf_value=0.0049852632265217937 -0.006044934560389569 0.0010825091629799101 -0.00017326802622674722 -0.0020323398958389011 -0.0023187411609379687 0.0029809556137271494
leaf_weight=281 98 74 5923 116 58 214
leaf_count=281 98 74 5923 116 58 214
internal_value=1.69435e-05 -0.00308748 0.000102499 0.00223003 0.00370498 -5.86083e-05
internal_weight=6764 172 6592 455 339 6137
internal_count=6764 172 6592 455 339 6137
is_linear=0
shrinkage=0.01


Tree=598
num_leaves=7
num_cat=0
split_feature=7 10 0 16 20 1
split_gain=18.0281 43.9326 41.1467 32.3696 28.9254 25.5715
threshold=1.0000000180025095e-35 0.0074975020869792628 0.93536255026374848 0.56489591489708557 292.81904291198225 0.99868864065214058
decision_type=2 2 2 2 10 2
left_child=5 2 -2 -4 -3 -1
right_child=1 4 3 -5 -6 -7
leaf_value=-0.0011667018646137025 -0.00046271107670539403 0.011193570554256441 -0.0002586601592600346 -0.0076610382917252449 -0.00088581147408762649 0.00054050414485469522
leaf_weight=1066 626 35 90 166 33 4748
leaf_count=1066 626 35 90 166 33 4748
internal_value=1.67516e-05 -0.00125299 -0.00187051 -0.0051662 0.0059695 0.000226021
internal_weight=6764 950 882 256 68 5814
internal_count=6764 950 882 256 68 5814
is_linear=0
shrinkage=0.01


Tree=599
num_leaves=7
num_cat=0
split_feature=20 18 17 4 18 17
split_gain=17.8703 28.7811 47.2666 27.0866 20.6011 21.6402
threshold=282.7477329788249 201.36666666666639 161.15000000000006 -0.14982122761397307 152.94833333333369 196.55000000000004
decision_type=8 10 10 2 8 10
left_child=1 2 -1 -4 -2 -6
right_child=4 -3 3 -5 5 -7
leaf_value=-0.0031417028956470926 0.0059489859707775664 -0.0047519941929840114 0.00070897911568754363 0.0094280159052033893 -0.0017815107249054194 0.0002927967284023107
leaf_weight=189 51 189 90 51 542 5652
leaf_count=189 51 189 90 51 542 5652
internal_value=1.66033e-05 -0.00174828 6.12e-05 0.00427819 0.000165837 0.000108707
internal_weight=6764 519 330 141 6245 6194
internal_count=6764 519 330 141 6245 6194
is_linear=0
shrinkage=0.01


Tree=600
num_leaves=7
num_cat=0
split_feature=14 14 2 8 22 23
split_gain=17.8404 26.0302 24.9279 39.3489 54.9576 31.1037
threshold=57.155092561199304 54.878017594108023 0.69713861849696712 340.3372500000001 8.4500000000000224 10.746428571428593
decision_type=2 2 2 2 10 10
left_child=1 2 3 -1 -5 -6
right_child=-2 -3 -4 4 5 -7
leaf_value=0.00016234044263304287 -0.0018481997095108954 0.0063575064780107184 -0.0007656835540433421 0.0094789056654009871 -0.006139276237512121 0.0023069405735795545
leaf_weight=3500 467 57 2193 97 39 411
leaf_count=3500 467 57 2193 97 39 411
internal_value=1.65362e-05 0.00015754 9.08247e-05 0.000555695 0.00302449 0.00145739
internal_weight=6764 6297 6240 4047 547 450
internal_count=6764 6297 6240 4047 547 450
is_linear=0
shrinkage=0.01


Tree=601
num_leaves=7
num_cat=0
split_feature=0 23 18 2 18 22
split_gain=17.7048 28.5428 32.0446 18.0347 34.1572 32.1075
threshold=1.2645464727271944 13.417857142857168 310.145000000001 0.41827935841578262 178.19666666666589 8.040833333333369
decision_type=2 10 10 2 8 10
left_child=3 -2 -3 4 -1 -6
right_child=1 2 -4 -5 5 -7
leaf_value=0.0095055019987954036 -0.0020221877331997075 0.0081323410225185473 -0.0017751473288696545 -0.00035112336215953511 -0.0047955240084245655 0.0010661419935461814
leaf_weight=35 76 100 42 5159 91 1261
leaf_count=35 76 100 42 5159 91 1261
internal_value=1.65118e-05 0.00275588 0.00527796 -7.87813e-05 0.000929468 0.000639294
internal_weight=6764 218 142 6546 1387 1352
internal_count=6764 218 142 6546 1387 1352
is_linear=0
shrinkage=0.01


Tree=602
num_leaves=7
num_cat=0
split_feature=7 10 0 20 1 20
split_gain=17.6935 43.1712 40.5317 28.4309 25.1598 37.4585
threshold=1.0000000180025095e-35 0.0074975020869792628 0.93536255026374848 292.81904291198225 1.4747468523983533 287.87017574740582
decision_type=2 2 2 10 2 10
left_child=4 2 -2 -3 -1 -6
right_child=1 3 -4 -5 5 -7
leaf_value=-0.0001525543236041775 -0.00045637446479178503 0.011097420828209983 -0.0051245149717967309 -0.00087824710839709563 -0.0008940837594623469 0.0025123845684320257
leaf_weight=4384 626 35 256 33 480 950
leaf_count=4384 626 35 256 33 480 950
internal_value=1.64908e-05 -0.00124141 -0.00185356 0.0059182 0.000223809 0.00137069
internal_weight=6764 950 882 68 5814 1430
internal_count=6764 950 882 68 5814 1430
is_linear=0
shrinkage=0.01


Tree=603
num_leaves=7
num_cat=0
split_feature=8 13 18 23 18 21
split_gain=17.6076 39.2145 49.3885 57.1465 42.8055 35.7377
threshold=24.678000000000004 0.0079365820836721519 217.43500000000054 10.746428571428593 282.49166666666724 37.10000000000003
decision_type=2 2 8 10 8 8
left_child=-1 2 -2 -4 -3 -5
right_child=1 4 3 5 -6 -7
leaf_value=-0.00064945599905093438 0.0050898597851743426 -0.0017059706196533516 -0.0036192049357604479 0.0021179083458041292 0.00087752616800080251 -0.0048292384636588392
leaf_weight=2495 314 1240 238 1099 1308 70
leaf_count=2495 314 1240 238 1099 1308 70
internal_value=1.6416e-05 0.000406191 0.00156786 0.000751488 -0.000381503 0.00166448
internal_weight=6764 4269 1721 1407 2548 1169
internal_count=6764 4269 1721 1407 2548 1169
is_linear=0
shrinkage=0.01


Tree=604
num_leaves=7
num_cat=0
split_feature=12 2 18 17 5 10
split_gain=17.541 19.6029 26.2794 28.3965 24.6695 28.6515
threshold=0.047001379413421168 0.25016427365162591 250.97166666666683 292.85000000000008 -0.037498916131343242 0.0095826515417913715
decision_type=2 2 8 10 2 2
left_child=1 2 -1 -4 -3 -6
right_child=-2 4 3 -5 5 -7
leaf_value=0.0074889877859968691 -0.00248143187811042 -0.0060883326636570877 -0.0033406246001558273 0.0033493041403635723 -1.8780512161993252e-05 0.0061198005397114664
leaf_weight=70 260 56 92 159 6060 67
leaf_count=70 260 56 92 159 6060 67
internal_value=1.62117e-05 0.000119712 0.00249066 0.000863175 -7.20217e-06 5.82087e-05
internal_weight=6764 6504 321 251 6183 6127
internal_count=6764 6504 321 251 6183 6127
is_linear=0
shrinkage=0.01


Tree=605
num_leaves=7
num_cat=0
split_feature=7 10 0 8 1 20
split_gain=17.4192 42.6615 48.3914 30.9751 24.5441 33.1665
threshold=1.0000000180025095e-35 0.0063921095430853562 0.93536255026374848 23.862150000000003 0.95122636785439385 287.87017574740582
decision_type=2 2 2 2 2 10
left_child=4 2 -2 -3 -1 -6
right_child=1 3 -4 -5 5 -7
leaf_value=-0.0013964036183828248 -0.00056187591221644722 -0.0024477650553864591 -0.0059591822219630256 0.0076440502826644243 -0.00080856412553173085 0.00099181215636290712
leaf_weight=798 614 41 219 76 1420 3596
leaf_count=798 614 41 219 76 1420 3596
internal_value=1.61238e-05 -0.00123199 -0.00203471 0.00419333 0.000221829 0.000481542
internal_weight=6764 950 833 117 5814 5016
internal_count=6764 950 833 117 5814 5016
is_linear=0
shrinkage=0.01


Tree=606
num_leaves=7
num_cat=0
split_feature=14 14 9 2 12 8
split_gain=17.5093 25.5841 24.8051 24.1433 39.9715 27.5648
threshold=57.155092561199304 54.878017594108023 2828.0000000000005 0.69713861849696712 0.0088032195105652248 340.3372500000001
decision_type=2 2 2 2 2 2
left_child=1 3 -2 4 -1 -6
right_child=2 -3 -4 -5 5 -7
leaf_value=0.0060033454096231325 -0.0028160353826565876 0.0063022229556383485 0.0032549254246703463 -0.0007534475799932035 4.0323619023880881e-05 0.002519918716771622
leaf_weight=120 395 57 72 2193 3421 506
leaf_count=120 395 57 72 2193 3421 506
internal_value=1.59251e-05 0.000155616 -0.00183143 8.94749e-05 0.000546971 0.000365412
internal_weight=6764 6297 467 6240 4047 3927
internal_count=6764 6297 467 6240 4047 3927
is_linear=0
shrinkage=0.01


Tree=607
num_leaves=7
num_cat=0
split_feature=20 17 17 23 17 16
split_gain=17.2065 20.9005 28.664 20.8314 29.1454 25.5701
threshold=282.7477329788249 288.9500000000001 161.15000000000006 8.6500000000000323 196.55000000000004 1.6693286726340382
decision_type=8 10 10 8 10 2
left_child=1 2 -1 5 -5 -2
right_child=3 -3 -4 4 -6 -7
leaf_value=-0.0034434669352273119 0.0053302287456473548 -0.0058382736959378236 0.0016282373861915961 -0.0024182532701940676 0.00023355177703493883 -0.00063180837528149889
leaf_weight=198 157 90 231 438 5527 123
leaf_count=198 157 90 231 438 5527 123
internal_value=1.59807e-05 -0.00171581 -0.000737667 0.000162417 3.51128e-05 0.00277972
internal_weight=6764 519 429 6245 5965 280
internal_count=6764 519 429 6245 5965 280
is_linear=0
shrinkage=0.01


Tree=608
num_leaves=7
num_cat=0
split_feature=14 3 0 23 14 19
split_gain=17.3289 21.3406 19.8659 26.4658 32.1421 22.4091
threshold=69.837463571107264 0.24216589355607107 1.2645464727271944 13.417857142857168 17.44479566502007 0.0078375534055355033
decision_type=2 2 2 10 2 2
left_child=2 -2 5 -4 -5 -1
right_child=1 -3 3 4 -6 -7
leaf_value=-0.0006630506808497391 -0.004642813025653017 0.003656516523532024 -0.0016395305202287786 0.0021495772417830794 0.012473977611440678 0.00052765042869592051
leaf_weight=2843 141 31 75 104 36 3534
leaf_count=2843 141 31 75 104 36 3534
internal_value=1.5745e-05 -0.00302828 9.96371e-05 0.00301998 0.00545903 -3.39603e-06
internal_weight=6764 172 6592 215 140 6377
internal_count=6764 172 6592 215 140 6377
is_linear=0
shrinkage=0.01


Tree=609
num_leaves=7
num_cat=0
split_feature=8 2 18 9 9 1
split_gain=17.2175 38.0872 39.8349 26.972 39.0335 40.8439
threshold=24.678000000000004 0.47559523809523813 178.19666666666589 909.00000000000011 1422.5000000000002 0.88743002940009486
decision_type=2 2 8 2 2 2
left_child=3 2 -2 -1 5 -5
right_child=1 -3 -4 4 -6 -7
leaf_value=-0.0067206413225388865 0.010222732982887277 -0.00010317496843785001 0.0016239948057934263 -0.0028797495642146008 -0.0010015955628463651 0.0044263932345987899
leaf_weight=61 48 3327 894 97 2064 273
leaf_count=61 48 3327 894 97 2064 273
internal_value=1.57627e-05 0.000401195 0.00216493 -0.00064269 -0.000463491 0.00248562
internal_weight=6764 4269 942 2495 2434 370
internal_count=6764 4269 942 2495 2434 370
is_linear=0
shrinkage=0.01


Tree=610
num_leaves=7
num_cat=0
split_feature=12 17 15 18 21 11
split_gain=17.0716 17.5714 41.9874 39.1585 34.2651 19.7569
threshold=0.047001379413421168 196.55000000000004 0.10148121430577815 178.19666666666589 19.400000000000038 0.0226820338665405
decision_type=2 10 2 8 8 2
left_child=1 2 5 -3 -5 -1
right_child=-2 3 -4 4 -6 -7
leaf_value=0.0088704513520217292 -0.0024483148384563352 0.0084292702711487224 -0.0020565891567857998 -0.0074763629738274105 0.00031746325572738906 0.00081485977333583192
leaf_weight=42 260 49 765 47 5522 79
leaf_count=42 260 49 765 47 5522 79
internal_value=1.56872e-05 0.000117794 -0.00118311 0.000324695 0.000238404 0.0040747
internal_weight=6764 6504 886 5618 5569 121
internal_count=6764 6504 886 5618 5569 121
is_linear=0
shrinkage=0.01


Tree=611
num_leaves=7
num_cat=0
split_feature=7 10 20 20 15 18
split_gain=17.103 41.7897 27.6121 23.5862 61.5608 57.9919
threshold=1.0000000180025095e-35 0.0074975020869792628 292.81904291198225 287.87017574740582 0.10148121430577815 220.74166666666656
decision_type=2 2 10 10 2 10
left_child=3 -2 -3 4 5 -1
right_child=1 2 -4 -5 -6 -7
leaf_value=0.0086446732369950038 -0.0018233855905007642 0.010927261244919566 -0.0008728451636175863 0.00060410074160444972 -0.0017795010953701642 -0.00034198477410432452
leaf_weight=110 882 35 33 4259 1268 177
leaf_count=110 882 35 33 4259 1268 177
internal_value=1.56256e-05 -0.00122111 0.00582301 0.000219456 -0.000831177 0.00327747
internal_weight=6764 950 68 5814 1555 287
internal_count=6764 950 68 5814 1555 287
is_linear=0
shrinkage=0.01


Tree=612
num_leaves=7
num_cat=0
split_feature=2 18 17 5 15 20
split_gain=17.0508 28.421 29.6523 23.4388 22.452 19.3514
threshold=0.25016427365162591 250.97166666666683 292.85000000000008 -0.037498916131343242 0.10216894923870105 287.87017574740582
decision_type=2 8 10 2 2 10
left_child=1 -1 -3 -2 -4 -5
right_child=3 2 4 5 -6 -7
leaf_value=0.0074035795140080154 -0.0053809619822864797 -0.0035521347622105154 -0.0022089568672121547 -0.00098226687609928739 0.0052880880692257326 0.00028753771509289926
leaf_weight=70 73 99 51 1594 120 4757
leaf_count=70 73 99 51 1594 120 4757
internal_value=1.56961e-05 0.00216517 0.000591151 -0.000101256 0.00305362 -3.22062e-05
internal_weight=6764 340 270 6424 171 6351
internal_count=6764 340 270 6424 171 6351
is_linear=0
shrinkage=0.01


Tree=613
num_leaves=7
num_cat=0
split_feature=8 15 21 6 23 1
split_gain=16.9528 36.3972 73.2102 68.7783 49.4678 42.979
threshold=24.678000000000004 0.59076950616564028 26.700000000000021 1.4811187686848777 11.621428571428599 1.6206490473561443
decision_type=2 2 8 2 10 2
left_child=-1 2 5 4 -4 -2
right_child=1 -3 3 -5 -6 -7
leaf_value=-0.00063781948477350929 0.0078250644741191238 -0.00025524667953868372 -0.0062930265500871167 0.0096741518929396586 0.00045729762275684073 0.00081090214427839333
leaf_weight=2495 244 2847 114 63 864 137
leaf_count=2495 244 2847 114 63 864 137
internal_value=1.55517e-05 0.00039801 0.00169855 0.000309758 -0.000385281 0.00538816
internal_weight=6764 4269 1422 1041 978 381
internal_count=6764 4269 1422 1041 978 381
is_linear=0
shrinkage=0.01


Tree=614
num_leaves=7
num_cat=0
split_feature=14 14 9 6 16 9
split_gain=16.945 25.0653 24.4816 21.3138 25.4775 32.3678
threshold=57.155092561199304 54.878017594108023 2828.0000000000005 1.0718939066200612 1.2143686674421181 1422.5000000000002
decision_type=2 2 2 2 2 2
left_child=1 3 -2 -1 5 -5
right_child=2 -3 -4 4 -6 -7
leaf_value=-0.00020131105649545504 -0.0027801761529925796 0.006236957284941602 0.0032503128926860306 0.0054883959315558698 -0.00055316469198199534 0.00099843455904260396
leaf_weight=5019 395 57 72 225 470 526
leaf_count=5019 395 57 72 225 470 526
internal_value=1.55672e-05 0.000152988 -0.00180177 8.75235e-05 0.00126679 0.00239807
internal_weight=6764 6297 467 6240 1221 751
internal_count=6764 6297 467 6240 1221 751
is_linear=0
shrinkage=0.01


Tree=615
num_leaves=7
num_cat=0
split_feature=7 0 2 17 21 21
split_gain=16.8495 29.5329 29.5915 23.5978 59.2421 59.207
threshold=1.0000000180025095e-35 0.71994070997840065 0.53391344404897978 261.00000000000006 23.400000000000038 25.900000000000038
decision_type=2 2 2 10 8 8
left_child=3 2 -2 5 -5 -1
right_child=1 -3 -4 4 -6 -7
leaf_value=0.0019990938347609765 0.0087149691053976623 -0.0022997354179279035 6.9773818605937035e-05 -0.0051023168945570751 0.0010849944851932566 -0.0014216051647234324
leaf_weight=683 38 685 227 153 3110 1868
leaf_count=683 38 685 227 153 3110 1868
internal_value=1.55951e-05 -0.00121194 0.00158129 0.000217909 0.000780173 -0.000501524
internal_weight=6764 950 265 5814 3263 2551
internal_count=6764 950 265 5814 3263 2551
is_linear=0
shrinkage=0.01


Tree=616
num_leaves=7
num_cat=0
split_feature=0 16 7 0 16 4
split_gain=16.8672 26.1316 16.6563 40.2384 46.3677 44.7144
threshold=1.2645464727271944 0.73194214223846588 1.0000000180025095e-35 0.99223776317140888 0.97714678901307661 0.25592446503415689
decision_type=2 2 2 2 2 2
left_child=2 -2 -1 5 -5 -4
right_child=1 -3 3 4 -6 -7
leaf_value=0.00012410433755279747 0.0095289059264792343 0.00095520157680648911 -0.00087509312038276947 -0.00033917495808036052 -0.010589851609502847 0.0098675990468118247
leaf_weight=5650 35 183 697 87 81 31
leaf_count=5650 35 183 697 87 81 31
internal_value=1.54841e-05 0.00268927 -7.75267e-05 -0.00133631 -0.00559874 -0.000290135
internal_weight=6764 218 6546 896 168 728
internal_count=6764 218 6546 896 168 728
is_linear=0
shrinkage=0.01


Tree=617
num_leaves=7
num_cat=0
split_feature=2 18 17 15 14 14
split_gain=16.7712 27.7108 28.913 22.0013 20.0376 28.8716
threshold=0.25016427365162591 250.97166666666683 292.85000000000008 0.10216894923870105 56.029617079247956 54.878017594108023
decision_type=2 8 10 2 2 2
left_child=1 -1 -3 -4 5 -2
right_child=4 2 3 -5 -6 -7
leaf_value=0.0073198739979416132 -1.3405136301289106e-05 -0.0034990418499865391 -0.0021856597652200795 0.0052358612293520804 -0.0021577841780399758 0.0075427648804935752
leaf_weight=70 5952 99 51 120 431 41
leaf_count=70 5952 99 51 120 431 41
internal_value=1.54573e-05 0.00214723 0.000592647 0.00302396 -0.000100532 5.07679e-05
internal_weight=6764 340 270 171 6424 5993
internal_count=6764 340 270 171 6424 5993
is_linear=0
shrinkage=0.01


Tree=618
num_leaves=7
num_cat=0
split_feature=20 17 17 22 2 14
split_gain=16.7047 20.358 27.8656 20.2049 28.0642 67.7858
threshold=282.7477329788249 288.9500000000001 161.15000000000006 17.609166666666692 0.56533670819515536 28.132807429916429
decision_type=8 10 10 8 2 2
left_child=1 2 -1 4 5 -2
right_child=3 -3 -4 -5 -6 -7
leaf_value=-0.0033934447151393841 0.0032342467464740606 -0.005759436801914126 0.0016071046884529123 -0.00045738752268087326 -0.00023873342042470141 -0.00079457440612859195
leaf_weight=198 1005 90 231 2864 1672 704
leaf_count=198 1005 90 231 2864 1672 704
internal_value=1.54835e-05 -0.00169087 -0.000725568 0.000159769 0.000682361 0.00157966
internal_weight=6764 519 429 6245 3381 1709
internal_count=6764 519 429 6245 3381 1709
is_linear=0
shrinkage=0.01


Tree=619
num_leaves=7
num_cat=0
split_feature=12 7 10 0 16 20
split_gain=16.6842 17.7282 42.7011 39.7661 31.5255 26.8203
threshold=0.047001379413421168 1.0000000180025095e-35 0.0074975020869792628 0.93536255026374848 0.56489591489708557 287.87017574740582
decision_type=2 2 2 2 2 10
left_child=1 5 3 -3 -5 -1
right_child=-2 2 -4 4 -6 -7
leaf_value=-0.00079574454708736795 -0.0024206364220269649 -0.00034855851837824089 0.0061513453375271242 -0.00018543783202767375 -0.0074966481185100723 0.00075388787141719368
leaf_weight=1531 260 601 64 90 164 4054
leaf_count=1531 260 601 64 90 164 4054
internal_value=1.5243e-05 0.000116185 -0.00116333 -0.00177564 -0.00501121 0.000328429
internal_weight=6764 6504 919 855 254 5585
internal_count=6764 6504 919 855 254 5585
is_linear=0
shrinkage=0.01


Tree=620
num_leaves=7
num_cat=0
split_feature=8 13 17 17 20 21
split_gain=16.5137 37.0965 48.8382 72.4999 48.4053 46.8164
threshold=24.678000000000004 0.0079365820836721519 320.65000000000009 316.35000000000008 287.87017574740582 25.900000000000038
decision_type=2 2 8 10 10 8
left_child=-1 2 3 5 -4 -2
right_child=1 -3 4 -5 -6 -7
leaf_value=-0.0006298283855095013 0.0049943921175763959 -0.00037361729096337538 -0.0066231017342285705 0.013558313414115798 0.0014362706514897154 0.00075392220923103232
leaf_weight=2495 338 2548 125 45 160 1053
leaf_count=2495 338 2548 125 45 160 1053
internal_value=1.50264e-05 0.0003925 0.00152237 0.00227191 -0.00220323 0.00181261
internal_weight=6764 4269 1721 1436 285 1391
internal_count=6764 4269 1721 1436 285 1391
is_linear=0
shrinkage=0.01


Tree=621
num_leaves=7
num_cat=0
split_feature=0 23 18 19 1 8
split_gain=16.6927 27.0582 31.1643 17.4542 24.0873 29.3423
threshold=1.2645464727271944 13.417857142857168 310.145000000001 0.0078375534055355033 0.89464472513443261 683.67465000000004
decision_type=2 10 10 2 2 2
left_child=3 -2 -3 -1 -5 -6
right_child=1 2 -4 4 5 -7
leaf_value=-0.00065578974233731601 -0.0019764638273045421 0.0079468897977335879 -0.0018131317850202321 -0.001814444022027601 0.00043916115696664376 0.0044728951300203332
leaf_weight=2897 76 100 42 430 3037 182
leaf_count=2897 76 100 42 430 3037 182
internal_value=1.50698e-05 0.002675 0.00513076 -7.74582e-05 0.000382226 0.000680372
internal_weight=6764 218 142 6546 3649 3219
internal_count=6764 218 142 6546 3649 3219
is_linear=0
shrinkage=0.01


Tree=622
num_leaves=7
num_cat=0
split_feature=0 23 18 2 8 1
split_gain=16.382 26.5678 30.6135 16.8493 22.0677 25.5638
threshold=1.2645464727271944 13.417857142857168 310.145000000001 0.31978810645175348 683.67465000000004 1.5327386065793143
decision_type=2 10 10 2 2 2
left_child=3 -2 -3 4 5 -1
right_child=1 2 -4 -5 -6 -7
leaf_value=0.00017149065932874994 -0.0019589973506409413 0.0078746453076601036 -0.0017984872211057408 -0.00025236326901596014 0.0075993764049039694 0.0064478567206900416
leaf_weight=590 76 100 42 5850 43 63
leaf_count=590 76 100 42 5850 43 63
internal_value=1.50165e-05 0.00265007 0.00508348 -7.66464e-05 0.00138294 0.00086514
internal_weight=6764 218 142 6546 696 653
internal_count=6764 218 142 6546 696 653
is_linear=0
shrinkage=0.01


Tree=623
num_leaves=7
num_cat=0
split_feature=14 3 2 16 19 20
split_gain=16.4391 20.8658 20.6955 27.9914 26.5776 22.6176
threshold=69.837463571107264 0.24216589355607107 0.28397164367645794 1.6693286726340382 0.031860725130852537 290.52661048793323
decision_type=2 2 2 2 2 10
left_child=2 -2 3 4 -1 -5
right_child=1 -3 -4 5 -6 -7
leaf_value=0.0048024480416040622 -0.0045474911269589961 0.003654246655542676 -5.7181060234972683e-05 -0.0052794288465520369 -0.002300250673228327 0.0030734144603567467
leaf_weight=281 141 31 6137 70 58 46
leaf_count=281 141 31 6137 70 58 46
internal_value=1.51333e-05 -0.00294971 9.68434e-05 0.00213087 0.00355615 -0.00198606
internal_weight=6764 172 6592 455 339 116
internal_count=6764 172 6592 455 339 116
is_linear=0
shrinkage=0.01


Tree=624
num_leaves=7
num_cat=0
split_feature=12 2 16 22 16 19
split_gain=16.1759 17.938 25.3416 28.9245 25.3531 24.5078
threshold=0.047001379413421168 0.25016427365162591 1.6693286726340382 19.115833333333359 0.14120436663634647 0.02720518698372006
decision_type=2 2 2 8 2 2
left_child=1 2 3 4 -1 -6
right_child=-2 -3 -4 -5 5 -7
leaf_value=-0.0004296070971195736 -0.0023835178249239646 -7.0402431620114828e-06 -0.0019652537649497391 -0.0036397407762706279 0.010152395742031139 0.0011655564107266921
leaf_weight=52 260 6183 90 34 99 46
leaf_count=52 260 6183 90 34 99 46
internal_value=1.49723e-05 0.000114365 0.00238239 0.00408754 0.00553259 0.00756053
internal_weight=6764 6504 321 231 197 145
internal_count=6764 6504 321 231 197 145
is_linear=0
shrinkage=0.01


Tree=625
num_leaves=7
num_cat=0
split_feature=20 18 17 15 18 17
split_gain=16.1937 27.2338 31.7165 25.5123 19.0355 19.6461
threshold=282.7477329788249 246.32666666666702 161.15000000000006 0.18414119886488031 152.94833333333369 196.55000000000004
decision_type=8 10 10 2 8 10
left_child=1 2 -1 -4 -2 -6
right_child=4 -3 3 -5 5 -7
leaf_value=-0.0033333764447569391 0.0057159901970661566 -0.0060451580562429245 0.0085611737868748605 0.00035351360393910111 -0.0016990087392005607 0.00027742086308142784
leaf_weight=195 51 102 38 184 542 5652
leaf_count=195 51 102 38 184 542 5652
internal_value=1.48653e-05 -0.00166518 -0.00047734 0.00206689 0.000156927 0.000102015
internal_weight=6764 519 417 222 6245 6194
internal_count=6764 519 417 222 6245 6194
is_linear=0
shrinkage=0.01


Tree=626
num_leaves=7
num_cat=0
split_feature=8 13 17 17 20 21
split_gain=16.1968 36.1622 47.8067 71.2127 47.139 45.8236
threshold=24.678000000000004 0.0079365820836721519 320.65000000000009 316.35000000000008 287.87017574740582 25.900000000000038
decision_type=2 2 8 10 10 8
left_child=-1 2 3 5 -4 -2
right_child=1 -3 4 -5 -6 -7
leaf_value=-0.00062386326477914013 0.0049384425077640889 -0.00036780522038584062 -0.0065434299066826629 0.013431344947428443 0.0014100926515701062 0.00074321945148926691
leaf_weight=2495 338 2548 125 45 160 1053
leaf_count=2495 338 2548 125 45 160 1053
internal_value=1.47732e-05 0.000388607 0.00150416 0.00224574 -0.00218186 0.00179059
internal_weight=6764 4269 1721 1436 285 1391
internal_count=6764 4269 1721 1436 285 1391
is_linear=0
shrinkage=0.01


Tree=627
num_leaves=7
num_cat=0
split_feature=14 5 17 15 22 3
split_gain=16.1025 22.2526 17.2258 35.0535 22.39 23.6455
threshold=69.837463571107264 0.20853563811542017 196.55000000000004 0.10148121430577815 17.704166666666691 0.53862089833294213
decision_type=2 2 10 2 8 2
left_child=2 -2 3 -1 5 -4
right_child=1 -3 4 -5 -6 -7
leaf_value=0.003731890893171704 -0.0058238655796136575 0.0011622191359111596 0.0011745183016281199 -0.0019604527690516228 -0.000368169699174591 -0.0017871079750368759
leaf_weight=116 98 74 2738 777 2671 290
leaf_count=116 98 74 2738 777 2671 290
internal_value=1.48172e-05 -0.00291951 9.56866e-05 -0.00118788 0.000298543 0.000885926
internal_weight=6764 172 6592 893 5699 3028
internal_count=6764 172 6592 893 5699 3028
is_linear=0
shrinkage=0.01


Tree=628
num_leaves=7
num_cat=0
split_feature=0 23 18 7 0 16
split_gain=16.1753 26.0121 30.0722 16.1396 39.3795 44.7289
threshold=1.2645464727271944 13.417857142857168 310.145000000001 1.0000000180025095e-35 0.99223776317140888 0.97714678901307661
decision_type=2 10 10 2 2 2
left_child=3 -2 -3 -1 -5 -6
right_child=1 2 -4 4 5 -7
leaf_value=0.00012200838372435217 -0.0019285216980456743 0.0078069602715020829 -0.0017805936796447405 -0.00028071453393377658 -0.00036290942124791981 -0.01043449254931657
leaf_weight=5650 76 100 42 728 87 81
leaf_count=5650 76 100 42 728 87 81
internal_value=1.46119e-05 0.00263299 0.00504062 -7.64705e-05 -0.00131557 -0.00553225
internal_weight=6764 218 142 6546 896 168
internal_count=6764 218 142 6546 896 168
is_linear=0
shrinkage=0.01


Tree=629
num_leaves=7
num_cat=0
split_feature=0 23 13 19 12 9
split_gain=15.8767 25.5406 25.4515 16.8866 25.3148 31.331
threshold=1.2645464727271944 13.417857142857168 1.1703442137582092 0.0078375534055355033 0.038111853028276951 1462.0000000000002
decision_type=2 10 2 2 2 2
left_child=3 -2 -3 -1 5 -5
right_child=1 2 -4 4 -6 -7
leaf_value=-0.00064472355017861267 -0.0019114790105824034 0.010975767988331464 0.001958433846259012 0.0023205227139547423 -0.0017044827653703712 9.2987074655386673e-05
leaf_weight=2897 76 39 103 862 495 2292
leaf_count=2897 76 39 103 862 495 2292
internal_value=1.43645e-05 0.00260846 0.00499418 -7.5873e-05 0.000376274 0.000707191
internal_weight=6764 218 142 6546 3649 3154
internal_count=6764 218 142 6546 3649 3154
is_linear=0
shrinkage=0.01


Tree=630
num_leaves=7
num_cat=0
split_feature=14 14 9 6 17 20
split_gain=15.8173 24.3268 24.1679 20.4009 24.5424 56.5938
threshold=57.155092561199304 54.878017594108023 2828.0000000000005 1.0718939066200612 323.25000000000006 287.87017574740582
decision_type=2 2 2 2 8 10
left_child=1 3 -2 -1 -5 -6
right_child=2 -3 -4 4 5 -7
leaf_value=-0.00019990875334826376 -0.0027142075919603676 0.0061408110235386818 0.0032754570609185752 0.0019526519311855906 -0.0098595547712137625 0.0010468999847272735
leaf_weight=5019 395 57 72 971 52 198
leaf_count=5019 395 57 72 971 52 198
internal_value=1.43846e-05 0.000147155 -0.00174144 8.26677e-05 0.0012364 -0.0015136
internal_weight=6764 6297 467 6240 1221 250
internal_count=6764 6297 467 6240 1221 250
is_linear=0
shrinkage=0.01


Tree=631
num_leaves=7
num_cat=0
split_feature=8 2 18 9 9 1
split_gain=15.8251 35.0935 37.844 26.5057 38.0952 40.106
threshold=24.678000000000004 0.47559523809523813 178.19666666666589 909.00000000000011 1422.5000000000002 1.3813801202646641
decision_type=2 2 8 2 2 2
left_child=3 2 -2 -1 5 -5
right_child=1 -3 -4 4 -6 -7
leaf_value=-0.0066420147379099483 0.0099295512272109237 -0.0001003835985609391 0.0015499514437487157 0.00076928363017167065 -0.00097113564491143202 0.0087697649386245767
leaf_weight=61 48 3327 894 300 2064 70
leaf_count=61 48 3327 894 300 2064 70
internal_value=1.42354e-05 0.000383756 0.00207675 -0.00061703 -0.000439475 0.00247384
internal_weight=6764 4269 942 2495 2434 370
internal_count=6764 4269 942 2495 2434 370
is_linear=0
shrinkage=0.01


Tree=632
num_leaves=7
num_cat=0
split_feature=20 18 17 4 22 2
split_gain=15.8301 26.8259 45.3246 29.9189 19.148 26.7131
threshold=282.7477329788249 196.36499999999981 161.15000000000006 -0.14982122761397307 17.609166666666692 0.56533670819515536
decision_type=8 10 10 2 8 2
left_child=1 2 -1 -4 5 -2
right_child=4 -3 3 -5 -6 -7
leaf_value=-0.0029752503343197945 0.0015389251230056634 -0.00448922999393236 0.0006137114304250905 0.0099410511765243691 -0.00044604898880779709 -0.00023514715498032307
leaf_weight=189 1709 194 88 48 2864 1672
leaf_count=189 1709 194 88 48 2864 1672
internal_value=1.42895e-05 -0.00164679 0.000133283 0.00436113 0.000154748 0.00066349
internal_weight=6764 519 325 136 6245 3381
internal_count=6764 519 325 136 6245 3381
is_linear=0
shrinkage=0.01


Tree=633
num_leaves=7
num_cat=0
split_feature=7 10 20 1 20 2
split_gain=15.7763 39.8742 26.4819 22.6286 35.3654 42.8132
threshold=1.0000000180025095e-35 0.0074975020869792628 292.81904291198225 1.4747468523983533 287.87017574740582 0.49983460331210644
decision_type=2 2 10 2 8 2
left_child=3 -2 -3 -1 5 -5
right_child=1 2 -4 4 -6 -7
leaf_value=-0.00014695353412461388 -0.0017620688037150185 0.010705238603883321 -0.00085164572523776876 0.0044148552070698167 0.0024070689994102092 -0.0025032278265215593
leaf_weight=4384 882 35 33 107 950 373
leaf_count=4384 882 35 33 107 950 373
internal_value=1.42049e-05 -0.00117359 0.0057066 0.000209972 0.00129763 -0.000902445
internal_weight=6764 950 68 5814 1430 480
internal_count=6764 950 68 5814 1430 480
is_linear=0
shrinkage=0.01


Tree=634
num_leaves=7
num_cat=0
split_feature=14 3 0 23 18 20
split_gain=15.7029 20.3675 18.0289 23.7025 31.7427 14.8588
threshold=69.837463571107264 0.24216589355607107 1.2645464727271944 13.417857142857168 310.145000000001 282.7477329788249
decision_type=2 2 2 10 10 8
left_child=2 -2 5 -4 -5 -1
right_child=1 -3 3 4 -6 -7
leaf_value=-0.0016467385804850088 -0.0044629528288365593 0.0036370184413361839 -0.0015350564707289724 0.0080710570083034269 -0.0018088825749090086 0.00013735824360304962
leaf_weight=497 141 31 75 98 42 5880
leaf_count=497 141 31 75 98 42 5880
internal_value=1.42439e-05 -0.00288345 9.41042e-05 0.00287614 0.00518408 -4.04829e-06
internal_weight=6764 172 6592 215 140 6377
internal_count=6764 172 6592 215 140 6377
is_linear=0
shrinkage=0.01


Tree=635
num_leaves=7
num_cat=0
split_feature=12 2 16 22 16 5
split_gain=15.6071 17.397 24.6926 28.1532 24.9011 23.5747
threshold=0.047001379413421168 0.25016427365162591 1.6693286726340382 19.115833333333359 0.14120436663634647 -0.037498916131343242
decision_type=2 2 2 8 2 2
left_child=1 2 3 4 -1 -3
right_child=-2 5 -4 -5 -6 -7
leaf_value=-0.00045011007076790254 -0.0023418006764404707 -0.0059524631488955381 -0.0019458486362360417 -0.0035944087735631249 0.0074642040934714098 5.6152038835921424e-05
leaf_weight=52 260 56 90 34 145 6127
leaf_count=52 260 56 90 34 145 6127
internal_value=1.41367e-05 0.000111767 0.00234534 0.00402859 0.00545432 -7.79227e-06
internal_weight=6764 6504 321 231 197 6183
internal_count=6764 6504 321 231 197 6183
is_linear=0
shrinkage=0.01


Tree=636
num_leaves=7
num_cat=0
split_feature=8 15 6 18 20 18
split_gain=15.5287 33.0432 55.6711 46.7775 39.0478 33.9499
threshold=24.678000000000004 0.59076950616564028 1.4811187686848777 215.7433333333336 291.40963264347278 248.02000000000004
decision_type=2 2 2 8 10 10
left_child=-1 2 3 -2 5 -3
right_child=1 4 -4 -5 -6 -7
leaf_value=-0.00061143113302365281 0.0049724038992280837 -0.00018728643972677525 0.0095771087885621088 0.00022527429188295417 0.00086244840730483031 -0.0034256290391928841
leaf_weight=2495 246 816 73 1103 1503 528
leaf_count=2495 246 816 73 1103 1503 528
internal_value=1.38955e-05 0.00037994 0.00161911 0.00112117 -0.000242493 -0.0014754
internal_weight=6764 4269 1422 1349 2847 1344
internal_count=6764 4269 1422 1349 2847 1344
is_linear=0
shrinkage=0.01


Tree=637
num_leaves=7
num_cat=0
split_feature=7 0 2 1 20 15
split_gain=15.5853 29.0386 28.2083 22.2362 30.3265 54.8497
threshold=1.0000000180025095e-35 0.71994070997840065 0.53391344404897978 0.95122636785439385 287.87017574740582 0.10148121430577815
decision_type=2 2 2 2 10 2
left_child=3 2 -2 -1 5 -5
right_child=1 -3 -4 4 -6 -7
leaf_value=-0.0013317621805444923 0.008567433596278231 -0.0022455230627021344 0.00012408397763668863 0.0032020965080259236 0.00094364805654195737 -0.0017318931606222861
leaf_weight=798 38 685 227 270 3596 1150
leaf_count=798 38 685 227 270 3596 1150
internal_value=1.3925e-05 -0.00116666 0.00160234 0.000208503 0.000455707 -0.000777908
internal_weight=6764 950 265 5814 5016 1420
internal_count=6764 950 265 5814 5016 1420
is_linear=0
shrinkage=0.01


Tree=638
num_leaves=7
num_cat=0
split_feature=0 16 2 8 1 0
split_gain=15.2845 24.5568 15.6986 21.0833 24.0833 19.2025
threshold=1.2645464727271944 0.73194214223846588 0.31978810645175348 683.67465000000004 1.5327386065793143 1.0566357070847521
decision_type=2 2 2 2 2 2
left_child=2 -2 3 4 5 -1
right_child=1 -3 -4 -5 -6 -7
leaf_value=0.0006228265773888939 0.0091883454504940246 0.00088089059908039516 -0.00024425124765141133 0.007410004989437338 0.0062470112386325454 -0.0065452664783224469
leaf_weight=560 35 183 5850 43 63 30
leaf_count=560 35 183 5850 43 63 30
internal_value=1.38969e-05 0.00255916 -7.46415e-05 0.00133422 0.000828405 0.000155334
internal_weight=6764 218 6546 696 653 590
internal_count=6764 218 6546 696 653 590
is_linear=0
shrinkage=0.01


Tree=639
num_leaves=7
num_cat=0
split_feature=14 14 2 8 21 3
split_gain=15.3842 23.8062 21.1035 33.8905 48.5587 35.0226
threshold=57.155092561199304 54.878017594108023 0.69713861849696712 340.3372500000001 23.800000000000015 0.32223369303817534
decision_type=2 2 2 2 10 2
left_child=1 2 3 -1 5 -5
right_child=-2 -3 -4 4 -6 -7
leaf_value=0.00014386132831965172 -0.0017175987194852603 0.0060741352467839392 -0.00070690245899857757 0.014301635721665727 0.0014441685557054977 0.0013022499353341436
leaf_weight=3500 467 57 2193 47 464 36
leaf_count=3500 467 57 2193 47 464 36
internal_value=1.40172e-05 0.000144957 8.11648e-05 0.000508895 0.00280006 0.00940964
internal_weight=6764 6297 6240 4047 547 83
internal_count=6764 6297 6240 4047 547 83
is_linear=0
shrinkage=0.01


Tree=640
num_leaves=7
num_cat=0
split_feature=7 0 17 21 21 13
split_gain=15.2917 28.685 22.8644 56.6821 55.8613 41.756
threshold=1.0000000180025095e-35 0.78949154185821169 261.00000000000006 25.900000000000038 23.400000000000038 0.0079365820836721519
decision_type=2 2 10 8 8 2
left_child=2 -2 3 5 -4 -1
right_child=1 -3 4 -5 -6 -7
leaf_value=0.0035047540006161943 0.0010757499300501603 -0.0024820952944549892 -0.0049518146536709738 -0.0014014424802025675 0.0010563753655296751 -0.0018585757970924113
leaf_weight=485 355 595 153 1868 3110 198
leaf_count=485 355 595 153 1868 3110 198
internal_value=1.41847e-05 -0.00115523 0.000206921 -0.000501226 0.000760387 0.00194555
internal_weight=6764 950 5814 2551 3263 683
internal_count=6764 950 5814 2551 3263 683
is_linear=0
shrinkage=0.01


Tree=641
num_leaves=7
num_cat=0
split_feature=8 13 17 17 20 18
split_gain=15.2262 33.9016 46.1369 69.8228 45.2899 40.1266
threshold=24.678000000000004 0.0079365820836721519 320.65000000000009 316.35000000000008 287.87017574740582 217.43500000000054
decision_type=2 2 8 10 10 8
left_child=-1 2 3 5 -4 -2
right_child=1 -3 4 -5 -6 -7
leaf_value=-0.00060523712224089558 0.0048227897207511385 -0.00035595963336964253 -0.0064389993296246287 0.013259978137910368 0.0013578756801914148 0.00079836931272187959
leaf_weight=2495 314 2548 125 45 160 1077
leaf_count=2495 314 2548 125 45 160 1077
internal_value=1.39682e-05 0.000376429 0.00145655 0.00218514 -0.00216416 0.00173477
internal_weight=6764 4269 1721 1436 285 1391
internal_count=6764 4269 1721 1436 285 1391
is_linear=0
shrinkage=0.01


Tree=642
num_leaves=7
num_cat=0
split_feature=12 7 10 20 15 18
split_gain=15.1746 16.4035 40.9733 25.1734 58.453 55.2979
threshold=0.047001379413421168 1.0000000180025095e-35 0.0074975020869792628 287.87017574740582 0.10148121430577815 220.74166666666656
decision_type=2 2 2 10 2 10
left_child=1 3 -3 4 5 -1
right_child=-2 2 -4 -5 -6 -7
leaf_value=0.0085435262791244155 -0.0023090459504574367 -0.0017204616871350203 0.0060440986759557917 0.00072664205423508951 -0.0017090005549274729 -0.00028849032130442878
leaf_weight=108 260 855 64 4054 1247 176
leaf_count=108 260 855 64 4054 1247 176
internal_value=1.4018e-05 0.000110286 -0.00112049 0.000314448 -0.000774651 0.00324652
internal_weight=6764 6504 919 5585 1531 284
internal_count=6764 6504 919 5585 1531 284
is_linear=0
shrinkage=0.01


Tree=643
num_leaves=7
num_cat=0
split_feature=14 5 2 1 8 0
split_gain=15.1587 21.6511 19.2646 20.6677 21.4664 19.9454
threshold=69.837463571107264 0.20853563811542017 0.31603914299641583 1.4993113799159354 683.67465000000004 1.0528453304910075
decision_type=2 2 2 2 2 2
left_child=2 -2 3 4 5 -1
right_child=1 -3 -4 -5 -6 -7
leaf_value=0.00097064596607625221 -0.0056985886574343406 0.0011885453312702123 -8.6347915285043671e-05 0.0064630272524592311 0.0074424498698984591 -0.0063640166302211592
leaf_weight=504 98 74 5949 71 38 30
leaf_count=504 98 74 5949 71 38 30
internal_value=1.40149e-05 -0.00283302 9.24791e-05 0.00172296 0.00103366 0.000449175
internal_weight=6764 172 6592 643 572 534
internal_count=6764 172 6592 643 572 534
is_linear=0
shrinkage=0.01


Tree=644
num_leaves=7
num_cat=0
split_feature=0 23 18 19 1 9
split_gain=15.0245 24.3117 28.6807 16.1289 22.4073 25.2133
threshold=1.2645464727271944 13.417857142857168 310.145000000001 0.0078375534055355033 0.89464472513443261 1338.5000000000002
decision_type=2 10 10 2 2 2
left_child=3 -2 -3 -1 -5 -6
right_child=1 2 -4 4 5 -7
leaf_value=-0.00062979267486630607 -0.0018717802477307443 0.0075677635496990249 -0.0017873703931959774 -0.0017506408826950726 0.0026018157942746547 0.00025334152948658665
leaf_weight=2897 76 100 42 430 542 2677
leaf_count=2897 76 100 42 430 542 2677
internal_value=1.39326e-05 0.00253745 0.0048652 -7.38496e-05 0.000368037 0.0006556
internal_weight=6764 218 142 6546 3649 3219
internal_count=6764 218 142 6546 3649 3219
is_linear=0
shrinkage=0.01


Tree=645
num_leaves=7
num_cat=0
split_feature=12 2 5 18 17 15
split_gain=14.7898 16.6332 23.0902 22.6967 25.8535 19.5551
threshold=0.047001379413421168 0.25016427365162591 -0.037498916131343242 250.97166666666683 292.85000000000008 0.10216894923870105
decision_type=2 2 2 8 10 2
left_child=1 3 -3 -1 -5 -6
right_child=-2 2 -4 4 5 -7
leaf_value=0.0069376668378245089 -0.0022795672919795227 -0.0058912628132737049 5.5277048395981341e-05 -0.0032277483762785169 -0.0019718087739066074 0.0052914360206818478
leaf_weight=70 260 56 6127 92 47 112
leaf_count=70 260 56 6127 92 47 112
internal_value=1.3858e-05 0.000108897 -8.00712e-06 0.00229289 0.000781348 0.00315481
internal_weight=6764 6504 6183 321 251 159
internal_count=6764 6504 6183 321 251 159
is_linear=0
shrinkage=0.01


Tree=646
num_leaves=7
num_cat=0
split_feature=14 9 14 2 12 20
split_gain=14.9095 23.8611 23.4208 20.2547 38.057 22.4612
threshold=57.155092561199304 2828.0000000000005 54.878017594108023 0.69713861849696712 0.0088032195105652248 291.37522290765156
decision_type=2 2 2 2 2 8
left_child=2 -2 3 4 -1 -5
right_child=1 -3 -4 5 -6 -7
leaf_value=0.0058223078677860588 -0.0026580956523065214 0.0032917984899860329 0.0060235931079334294 -0.0018054244744886256 0.00032131339231134182 0.0002219487654545294
leaf_weight=120 395 72 57 985 3927 1208
leaf_count=120 395 72 57 985 3927 1208
internal_value=1.37034e-05 -0.00169099 0.000142608 7.93355e-05 0.000498376 -0.000692721
internal_weight=6764 467 6297 6240 4047 2193
internal_count=6764 467 6297 6240 4047 2193
is_linear=0
shrinkage=0.01


Tree=647
num_leaves=7
num_cat=0
split_feature=8 15 21 6 23 1
split_gain=14.9463 30.8015 68.2296 65.044 47.2156 41.7726
threshold=24.678000000000004 0.59076950616564028 26.700000000000021 1.4811187686848777 11.621428571428599 1.6206490473561443
decision_type=2 2 8 2 10 2
left_child=-1 2 5 4 -4 -2
right_child=1 -3 3 -5 -6 -7
leaf_value=-0.00059975489079726839 0.0075327581749572679 -0.00022812165887408625 -0.0062173240972051933 0.0093362707512019433 0.00037793670061685879 0.00063205958831877935
leaf_weight=2495 244 2847 114 63 864 137
leaf_count=2495 244 2847 114 63 864 137
internal_value=1.37319e-05 0.000372846 0.00156924 0.000229226 -0.000445983 0.00513103
internal_weight=6764 4269 1422 1041 978 381
internal_count=6764 4269 1422 1041 978 381
is_linear=0
shrinkage=0.01


Tree=648
num_leaves=7
num_cat=0
split_feature=7 10 0 16 17 17
split_gain=14.7885 38.3 38.518 29.3036 26.9909 22.4518
threshold=1.0000000180025095e-35 0.0074975020869792628 0.93536255026374848 0.56489591489708557 255.45000000000002 261.00000000000006
decision_type=2 2 2 2 10 10
left_child=5 2 -2 -4 -3 -1
right_child=1 4 3 -5 -6 -7
leaf_value=-0.00049843061991140586 -0.00035268610052664842 0.011341449542436748 -0.00023357991464436053 -0.0072751987388950182 -0.00034090281386549271 0.00075174480172979902
leaf_weight=2551 626 30 90 166 38 3263
leaf_count=2551 626 30 90 166 38 3263
internal_value=1.37545e-05 -0.00113626 -0.00171312 -0.00490148 0.00560634 0.000203293
internal_weight=6764 950 882 256 68 5814
internal_count=6764 950 882 256 68 5814
is_linear=0
shrinkage=0.01


Tree=649
num_leaves=7
num_cat=0
split_feature=0 23 18 2 18 22
split_gain=14.8723 23.7983 28.0928 14.8687 29.9048 28.8888
threshold=1.2645464727271944 13.417857142857168 310.145000000001 0.41827935841578262 178.19666666666589 8.040833333333369
decision_type=2 10 10 2 8 10
left_child=3 -2 -3 4 -1 -6
right_child=1 2 -4 -5 5 -7
leaf_value=0.0088658469749821559 -0.0018392233548382687 0.0075016692671924833 -0.0017587540828837797 -0.00032095096396802186 -0.0045840499765875909 0.00097564669536979163
leaf_weight=35 76 100 42 5159 91 1261
leaf_count=35 76 100 42 5159 91 1261
internal_value=1.36671e-05 0.00252436 0.00482716 -7.36691e-05 0.000841819 0.000570527
internal_weight=6764 218 142 6546 1387 1352
internal_count=6764 218 142 6546 1387 1352
is_linear=0
shrinkage=0.01


Tree=650
num_leaves=7
num_cat=0
split_feature=14 5 0 11 19 12
split_gain=14.7236 21.2353 17.0804 23.2712 19.2676 24.5198
threshold=69.837463571107264 0.20853563811542017 1.2645464727271944 0.017332036676623436 0.0078375534055355033 0.038111853028276951
decision_type=2 2 2 2 2 2
left_child=2 -2 4 -4 -1 -6
right_child=1 -3 3 -5 5 -7
leaf_value=-0.00061621290259059676 -0.005630354632933935 0.0011892114657287797 0.0082017341830720337 0.00082864781217226256 0.00082000813614519549 -0.0015841993463093899
leaf_weight=2843 98 74 49 166 3051 483
leaf_count=2843 98 74 49 166 3051 483
internal_value=1.36609e-05 -0.00279222 9.09911e-05 0.00279886 -4.54373e-06 0.000487877
internal_weight=6764 172 6592 215 6377 3534
internal_count=6764 172 6592 215 6377 3534
is_linear=0
shrinkage=0.01


Tree=651
num_leaves=7
num_cat=0
split_feature=20 23 23 16 0 16
split_gain=14.7005 19.7397 26.3265 22.8856 22.0942 22.6063
threshold=282.7477329788249 8.6500000000000323 9.6071428571428807 1.6693286726340382 1.2645464727271944 0.73194214223846588
decision_type=8 8 8 2 2 2
left_child=-1 3 -3 -2 -4 -6
right_child=1 2 4 -5 5 -7
leaf_value=-0.0015871442343695493 0.0051092337261506183 -0.0038078219482498565 2.7567261325574738e-05 -0.00053529883923947362 0.010230639547109604 0.0015864125472636751
leaf_weight=519 157 164 5625 123 30 146
leaf_count=519 157 164 5625 123 30 146
internal_value=1.35717e-05 0.000148926 2.50187e-05 0.00269671 0.000139743 0.00353068
internal_weight=6764 6245 5965 280 5801 176
internal_count=6764 6245 5965 280 5801 176
is_linear=0
shrinkage=0.01


Tree=652
num_leaves=7
num_cat=0
split_feature=8 13 18 23 1 18
split_gain=14.6544 32.1784 43.768 50.7678 40.8444 38.2611
threshold=24.678000000000004 0.0079365820836721519 217.43500000000054 10.746428571428593 1.9257932531878839 282.49166666666724
decision_type=2 2 8 10 2 8
left_child=-1 2 4 -4 -2 -3
right_child=1 5 3 -5 -6 -7
leaf_value=-0.00059386857961603767 0.0062057253914167467 -0.0015965879045408218 -0.0034654440447470292 0.0015142755457039161 -0.0034014647454023361 0.00084588977888407405
leaf_weight=2495 268 1240 238 1169 46 1308
leaf_count=2495 268 1240 238 1169 46 1308
internal_value=1.35987e-05 0.000369189 0.0014215 0.000653423 0.00473676 -0.000344352
internal_weight=6764 4269 1721 1407 314 2548
internal_count=6764 4269 1721 1407 314 2548
is_linear=0
shrinkage=0.01


Tree=653
num_leaves=7
num_cat=0
split_feature=7 10 0 17 17 20
split_gain=14.6005 37.7822 45.7665 39.6326 21.8621 59.4135
threshold=1.0000000180025095e-35 0.0063921095430853562 0.93536255026374848 252.95000000000002 261.00000000000006 286.4215225630237
decision_type=2 2 2 10 10 10
left_child=4 2 -2 -3 -1 -6
right_child=1 3 -4 -5 5 -7
leaf_value=-0.00049066396895205121 -0.00045420586981121096 0.010797811469939703 -0.0057010442423573232 -0.00053232743209877676 -0.0031805066016335794 0.0012026721802683611
leaf_weight=2551 614 41 219 76 336 2927
leaf_count=2551 614 41 219 76 336 2927
internal_value=1.34554e-05 -0.00112922 -0.00188489 0.00397566 0.000201786 0.000742986
internal_weight=6764 950 833 117 5814 3263
internal_count=6764 950 833 117 5814 3263
is_linear=0
shrinkage=0.01


Tree=654
num_leaves=7
num_cat=0
split_feature=8 13 17 17 8 18
split_gain=14.4246 31.7374 44.5591 68.4652 41.506 38.2707
threshold=24.678000000000004 0.0079365820836721519 320.65000000000009 316.35000000000008 43.000650000000007 217.43500000000054
decision_type=2 2 8 10 2 8
left_child=-1 2 3 5 -4 -2
right_child=1 -3 4 -5 -6 -7
leaf_value=-0.00058934071959648607 0.0046973187250752045 -0.0003424956961956343 0.006956402924419805 0.013092957374724474 -0.0035990792470698696 0.00076728276257028783
leaf_weight=2495 314 2548 34 45 251 1077
leaf_count=2495 314 2548 34 45 251 1077
internal_value=1.33451e-05 0.000366137 0.00141121 0.0021273 -0.0021467 0.00168163
internal_weight=6764 4269 1721 1436 285 1391
internal_count=6764 4269 1721 1436 285 1391
is_linear=0
shrinkage=0.01


Tree=655
num_leaves=7
num_cat=0
split_feature=7 10 0 20 1 20
split_gain=14.3164 37.1585 44.979 29.0812 20.6829 32.5387
threshold=1.0000000180025095e-35 0.0063921095430853562 0.93536255026374848 291.06878666306318 1.0419788398691481 287.87017574740582
decision_type=2 2 2 10 2 10
left_child=4 2 -2 -3 -1 -6
right_child=1 3 -4 -5 5 -7
leaf_value=-0.00085216382808277441 -0.00044910058709389815 0.0095989749285410025 -0.0056505809436393616 -9.2739248759157595e-05 -0.00079545012796794154 0.0010881476571317837
leaf_weight=1406 614 43 219 74 1289 3119
leaf_count=1406 614 43 219 74 1289 3119
internal_value=1.35214e-05 -0.00111799 -0.0018674 0.00394453 0.00020001 0.000536787
internal_weight=6764 950 833 117 5814 4408
internal_count=6764 950 833 117 5814 4408
is_linear=0
shrinkage=0.01


Tree=656
num_leaves=7
num_cat=0
split_feature=14 9 14 15 2 22
split_gain=14.4368 23.5508 23.0679 19.3558 19.3484 21.9266
threshold=57.155092561199304 2828.0000000000005 54.878017594108023 0.35194237794090377 0.69713861849696712 24.601666666666706
decision_type=2 2 2 2 2 10
left_child=2 3 4 -2 5 -1
right_child=1 -3 -4 -5 -6 -7
leaf_value=0.0006325657086263403 -0.0045128822711733938 0.0032853907076414767 0.005976776196551856 -8.8259651900722026e-05 -0.00067710418196140752 -0.0031926085254571474
leaf_weight=3901 222 72 57 173 2193 146
leaf_count=3901 222 72 57 173 2193 146
internal_value=1.34282e-05 -0.00166402 0.000140273 -0.00262504 7.74811e-05 0.000487039
internal_weight=6764 467 6297 395 6240 4047
internal_count=6764 467 6297 395 6240 4047
is_linear=0
shrinkage=0.01


Tree=657
num_leaves=7
num_cat=0
split_feature=2 22 9 5 20 3
split_gain=14.3679 25.1289 29.5074 21.6793 19.8529 32.419
threshold=0.25016427365162591 19.115833333333359 1470.5000000000002 -0.037498916131343242 292.51011275282627 0.087499437507436148
decision_type=2 8 2 2 10 2
left_child=1 2 -1 -2 5 -4
right_child=3 -3 4 -5 -6 -7
leaf_value=0.0094759535128092869 -0.0051717115821967646 -0.0040816097618159601 -0.002950456802314822 -2.7638606184916291e-05 0.0059347623534267771 0.005755657097324729
leaf_weight=49 73 49 128 6351 62 52
leaf_count=49 73 49 128 6351 62 52
internal_value=1.3315e-05 0.00198645 0.00310987 -9.40412e-05 0.00149599 -0.000264802
internal_weight=6764 340 291 6424 242 180
internal_count=6764 340 291 6424 242 180
is_linear=0
shrinkage=0.01


Tree=658
num_leaves=7
num_cat=0
split_feature=8 9 9 11 6 18
split_gain=14.202 26.045 37.3919 26.8844 23.9223 27.8949
threshold=24.678000000000004 909.00000000000011 1422.5000000000002 0.046186707357564374 1.0718939066200612 186.3216666666672
decision_type=2 2 2 2 2 10
left_child=1 -1 3 -3 -2 -6
right_child=4 2 -4 -5 5 -7
leaf_value=-0.0065568371329613974 -2.4610914112573765e-05 0.0057898214556614327 -0.00093563951587234532 0.0003264933796328999 0.0095982026833702216 0.0013910288930833565
leaf_weight=61 3371 139 2064 231 34 864
leaf_count=61 3371 139 2064 231 34 864
internal_value=1.33137e-05 -0.000584704 -0.000408817 0.00247729 0.000363372 0.00180405
internal_weight=6764 2495 2434 370 4269 898
internal_count=6764 2495 2434 370 4269 898
is_linear=0
shrinkage=0.01


Tree=659
num_leaves=7
num_cat=0
split_feature=2 18 17 5 15 11
split_gain=14.1664 24.1483 26.6938 21.3363 21.152 17.1178
threshold=0.25016427365162591 250.97166666666683 292.85000000000008 -0.037498916131343242 0.10216894923870105 0.036708440947002513
decision_type=2 8 10 2 2 2
left_child=1 -1 -3 -2 -4 -6
right_child=3 2 4 -5 5 -7
leaf_value=0.0068009362820012033 -0.005130619344761572 -0.003406965377390248 -0.0022359364601920863 -2.7403352237448005e-05 0.0089779354265580574 0.0014424831098876895
leaf_weight=70 73 99 51 6351 50 70
leaf_count=70 73 99 51 6351 50 70
internal_value=1.33221e-05 0.00197257 0.000522584 -9.32785e-05 0.00286013 0.00503134
internal_weight=6764 340 270 6424 171 120
internal_count=6764 340 270 6424 171 120
is_linear=0
shrinkage=0.01


Tree=660
num_leaves=7
num_cat=0
split_feature=14 5 2 16 5 18
split_gain=14.1136 20.7467 18.0607 18.1014 24.1829 22.277
threshold=69.837463571107264 0.20853563811542017 0.31603914299641583 1.2020718893160192 0.028086246088176739 302.93000000000052
decision_type=2 2 2 2 2 8
left_child=2 -2 3 5 -5 -1
right_child=1 -3 -4 4 -6 -7
leaf_value=0.0041505363406698914 -0.0055395793925142956 0.0011989457149147278 -8.4152891526128166e-05 -0.0062428451447437208 0.0013267990813538846 -0.00055723515038966741
leaf_weight=317 98 74 5949 50 134 142
leaf_count=317 98 74 5949 50 134 142
internal_value=1.32837e-05 -0.00273386 8.89953e-05 0.00166771 -0.000945936 0.00271327
internal_weight=6764 172 6592 643 184 459
internal_count=6764 172 6592 643 184 459
is_linear=0
shrinkage=0.01


Tree=661
num_leaves=7
num_cat=0
split_feature=7 0 2 17 20 21
split_gain=14.0799 27.9214 26.82 21.5619 57.8921 53.9718
threshold=1.0000000180025095e-35 0.71994070997840065 0.53391344404897978 261.00000000000006 286.4215225630237 25.900000000000038
decision_type=2 2 2 10 10 8
left_child=3 2 -2 5 -5 -1
right_child=1 -3 -4 4 -6 -7
leaf_value=0.0018979062410901353 0.0083971087479343016 -0.0021671716919463638 0.00016215335611128229 -0.0031374646561231059 0.0011892389400823679 -0.0013680932313286165
leaf_weight=683 38 685 227 336 2927 1868
leaf_count=683 38 685 227 336 2927 1868
internal_value=1.3066e-05 -0.00110905 0.00160542 0.000198009 0.000735482 -0.000489664
internal_weight=6764 950 265 5814 3263 2551
internal_count=6764 950 265 5814 3263 2551
is_linear=0
shrinkage=0.01


Tree=662
num_leaves=7
num_cat=0
split_feature=12 2 16 22 16 5
split_gain=14.0764 15.5882 22.864 26.6604 23.9917 21.8461
threshold=0.047001379413421168 0.25016427365162591 1.6693286726340382 19.115833333333359 0.14120436663634647 -0.037498916131343242
decision_type=2 2 2 8 2 2
left_child=1 2 3 4 -1 -3
right_child=-2 5 -4 -5 -6 -7
leaf_value=-0.00054759437759076398 -0.0022244160804483627 -0.0057300192140268555 -0.0019067654562182723 -0.0035670210522684184 0.00720255198305653 5.4110449108200141e-05
leaf_weight=52 260 56 90 34 145 6127
leaf_count=52 260 56 90 34 145 6127
internal_value=1.30088e-05 0.000105728 0.00222 0.00384023 0.0052292 -7.44477e-06
internal_weight=6764 6504 321 231 197 6183
internal_count=6764 6504 321 231 197 6183
is_linear=0
shrinkage=0.01


Tree=663
num_leaves=7
num_cat=0
split_feature=20 18 17 15 23 23
split_gain=14.036 25.2107 30.5905 22.6294 19.1729 25.4415
threshold=282.7477329788249 246.32666666666702 161.15000000000006 0.18414119886488031 8.6500000000000323 9.6071428571428807
decision_type=8 10 10 2 8 8
left_child=1 2 -1 -4 -2 -6
right_child=4 -3 3 -5 5 -7
leaf_value=-0.0032157562685358088 0.002655985573957 -0.0057651236516955704 0.0082052081757380321 0.00046604791603329558 -0.0037449368653315837 0.00013571022158135555
leaf_weight=195 280 102 38 184 164 5801
leaf_count=195 280 102 38 184 164 5801
internal_value=1.27795e-05 -0.00155134 -0.000409758 0.00208734 0.000145041 2.29277e-05
internal_weight=6764 519 417 222 6245 5965
internal_count=6764 519 417 222 6245 5965
is_linear=0
shrinkage=0.01


Tree=664
num_leaves=7
num_cat=0
split_feature=0 23 18 19 12 9
split_gain=14.0452 23.1181 27.3244 15.0822 22.7394 28.9286
threshold=1.2645464727271944 13.417857142857168 310.145000000001 0.0078375534055355033 0.038111853028276951 1462.0000000000002
decision_type=2 10 10 2 2 2
left_child=3 -2 -3 -1 5 -5
right_child=1 2 -4 4 -6 -7
leaf_value=-0.00060983917247634553 -0.0018452733403699862 0.0073611622924323787 -0.0017665126762137964 0.0022189479500403491 -0.0016169973297057892 7.8568281755088523e-05
leaf_weight=2897 76 100 42 862 495 2292
leaf_count=2897 76 100 42 862 495 2292
internal_value=1.26331e-05 0.00245252 0.00472282 -7.22391e-05 0.000355071 0.000668706
internal_weight=6764 218 142 6546 3649 3154
internal_count=6764 218 142 6546 3649 3154
is_linear=0
shrinkage=0.01


Tree=665
num_leaves=7
num_cat=0
split_feature=14 9 14 3 9 6
split_gain=13.8951 23.087 22.5711 19.1619 18.9884 18.5404
threshold=57.155092561199304 2828.0000000000005 54.878017594108023 0.27163812356043243 2854.5000000000005 1.0718939066200612
decision_type=2 2 2 2 2 2
left_child=2 3 5 -2 -3 -1
right_child=1 4 -4 -5 -6 -7
leaf_value=-0.00019447928893802599 -0.0034208399150323803 0.0074668148167906928 0.0059103174390855119 0.0027924162056297062 -0.001846313654548592 0.0011747722861118457
leaf_weight=5019 345 37 57 50 35 1221
leaf_count=5019 345 37 57 50 35 1221
internal_value=1.25631e-05 -0.00163312 0.000137006 -0.00258482 0.00326654 7.48973e-05
internal_weight=6764 467 6297 395 72 6240
internal_count=6764 467 6297 395 72 6240
is_linear=0
shrinkage=0.01


Tree=666
num_leaves=7
num_cat=0
split_feature=8 2 21 8 9 9
split_gain=13.9224 31.3014 28.6144 36.3848 25.4919 36.5711
threshold=24.678000000000004 0.47559523809523813 38.200000000000024 565.2225000000002 909.00000000000011 1422.5000000000002
decision_type=2 2 8 2 2 2
left_child=4 2 3 -2 -1 -6
right_child=1 -3 -4 -5 5 -7
leaf_value=-0.0064878715017259534 0.001365366210342601 -9.8015910672939621e-05 -0.0059920018009672121 0.0065818565847408595 0.0024487854282212395 -0.00092647702676980121
leaf_weight=61 753 3327 34 155 370 2064
leaf_count=61 753 3327 34 155 370 2064
internal_value=1.26129e-05 0.000359209 0.00195812 0.00231784 -0.000579487 -0.000405473
internal_weight=6764 4269 942 908 2495 2434
internal_count=6764 4269 942 908 2495 2434
is_linear=0
shrinkage=0.01


Tree=667
num_leaves=7
num_cat=0
split_feature=7 0 6 20 15 18
split_gain=13.9081 27.5367 20.3266 20.1045 50.7603 50.7401
threshold=1.0000000180025095e-35 0.78949154185821169 1.1171037171200846 287.87017574740582 0.10148121430577815 220.74166666666656
decision_type=2 2 2 10 2 10
left_child=3 2 -2 4 5 -1
right_child=1 -3 -4 -5 -6 -7
leaf_value=0.0079781748120052124 0.00013789166559939847 -0.0024029965511646336 0.0070059805572032932 0.00055138300155046106 -0.0016347550119859358 -0.00042269742164890317
leaf_weight=110 315 595 40 4259 1268 177
leaf_count=110 315 595 40 4259 1268 177
internal_value=1.24409e-05 -0.00110281 0.0010825 0.000196252 -0.000773725 0.00295736
internal_weight=6764 950 355 5814 1555 287
internal_count=6764 950 355 5814 1555 287
is_linear=0
shrinkage=0.01


Tree=668
num_leaves=7
num_cat=0
split_feature=12 17 18 22 15 22
split_gain=13.7076 15.3016 35.3219 37.5131 32.7843 21.8231
threshold=0.047001379413421168 196.55000000000004 178.19666666666589 8.040833333333369 0.10148121430577815 17.704166666666691
decision_type=2 10 8 8 2 10
left_child=1 4 -3 -4 -1 -5
right_child=-2 2 3 5 -6 -7
leaf_value=0.0035376905248934078 -0.0021954433330285141 0.0079943250852116086 -0.0038137260339902463 0.00098187385960898411 -0.0018812732868970583 -0.00029485662281660344
leaf_weight=121 260 49 212 2835 765 2522
leaf_count=121 260 49 212 2835 765 2522
internal_value=1.2482e-05 0.00010398 0.000297063 0.000215129 -0.00110999 0.000381378
internal_weight=6764 6504 5618 5569 886 5357
internal_count=6764 6504 5618 5569 886 5357
is_linear=0
shrinkage=0.01


Tree=669
num_leaves=7
num_cat=0
split_feature=0 16 19 12 4 18
split_gain=13.7726 22.9404 14.6818 22.1008 26.1845 28.8374
threshold=1.2645464727271944 0.73194214223846588 0.0078375534055355033 0.038111853028276951 0.19498990000876606 296.61666666666713
decision_type=2 2 2 2 2 10
left_child=2 -2 -1 4 -4 -6
right_child=1 -3 3 -5 5 -7
leaf_value=-0.00060203809300249953 0.0088347837854590681 0.00080899885076295987 0.00050359547549774905 -0.0015942013764910696 0.01017773859716695 -0.0014692402575165035
leaf_weight=2897 35 183 3076 495 48 30
leaf_count=2897 35 183 3076 495 48 30
internal_value=1.24211e-05 0.00242852 -7.16232e-05 0.000349976 0.000659177 0.00604022
internal_weight=6764 218 6546 3649 3154 78
internal_count=6764 218 6546 3649 3154 78
is_linear=0
shrinkage=0.01


Tree=670
num_leaves=7
num_cat=0
split_feature=14 3 2 16 19 20
split_gain=13.6953 19.0979 17.3715 24.5979 23.8363 21.2339
threshold=69.837463571107264 0.24216589355607107 0.28397164367645794 1.6693286726340382 0.031860725130852537 290.52661048793323
decision_type=2 2 2 2 2 10
left_child=2 -2 3 4 -1 -5
right_child=1 -3 -4 5 -6 -7
leaf_value=0.0044684256049020285 -0.0042260279952986354 0.0036072884036636933 -5.3986912135410579e-05 -0.0050981511648569722 -0.0022509810635272195 0.0029939462682627245
leaf_weight=281 141 31 6137 70 58 46
leaf_count=281 141 31 6137 70 58 46
internal_value=1.25428e-05 -0.00269358 8.71246e-05 0.00195065 0.00328724 -0.00190628
internal_weight=6764 172 6592 455 339 116
internal_count=6764 172 6592 455 339 116
is_linear=0
shrinkage=0.01


Tree=671
num_leaves=7
num_cat=0
split_feature=8 13 17 17 8 18
split_gain=13.6955 30.3497 43.2375 67.0241 40.5475 36.7987
threshold=24.678000000000004 0.0079365820836721519 320.65000000000009 316.35000000000008 43.000650000000007 217.43500000000054
decision_type=2 2 8 10 2 8
left_child=-1 2 3 5 -4 -2
right_child=1 -3 4 -5 -6 -7
leaf_value=-0.0005748464331847904 0.0045998827185780725 -0.00033679171481686853 0.0068713351982561026 0.012932644026523285 -0.0035617985886921282 0.00074627068720645726
leaf_weight=2495 314 2548 34 45 251 1077
leaf_count=2495 314 2548 34 45 251 1077
internal_value=1.24091e-05 0.00035617 0.00137814 0.00208358 -0.00212641 0.0016428
internal_weight=6764 4269 1721 1436 285 1391
internal_count=6764 4269 1721 1436 285 1391
is_linear=0
shrinkage=0.01


Tree=672
num_leaves=7
num_cat=0
split_feature=7 10 17 17 20 17
split_gain=13.6888 36.5243 25.6695 21.1059 55.6059 50.4742
threshold=1.0000000180025095e-35 0.0074975020869792628 255.45000000000002 261.00000000000006 286.4215225630237 286.35000000000008
decision_type=2 2 10 10 10 10
left_child=3 -2 -3 -1 5 -5
right_child=1 2 -4 4 -6 -7
leaf_value=-0.00048541355925000733 -0.001657301513529059 0.011082913177029696 -0.00031430678985392059 0.0044979038181370253 0.0011714004168814169 -0.0049124953521797335
leaf_weight=2551 882 30 38 63 2927 273
leaf_count=2551 882 30 38 63 2927 273
internal_value=1.25903e-05 -0.00109384 0.00549013 0.000194947 0.000726708 -0.00306904
internal_weight=6764 950 68 5814 3263 336
internal_count=6764 950 68 5814 3263 336
is_linear=0
shrinkage=0.01


Tree=673
num_leaves=7
num_cat=0
split_feature=8 2 18 9 9 14
split_gain=13.4891 30.1935 33.7502 25.0831 35.7957 41.07
threshold=24.678000000000004 0.47559523809523813 178.19666666666589 909.00000000000011 1422.5000000000002 0.33898956120975127
decision_type=2 2 8 2 2 2
left_child=3 2 -2 -1 5 -5
right_child=1 -3 -4 4 -6 -7
leaf_value=-0.0064309925989995548 0.0093388606669333081 -9.5300568450384758e-05 0.0014271151657087218 0.00011972022881151512 -0.00091308018606080438 0.0071218144379439768
leaf_weight=61 48 3327 894 255 2064 115
leaf_count=61 48 3327 894 255 2064 115
internal_value=1.26029e-05 0.000353762 0.00192412 -0.00057021 -0.000397617 0.00242619
internal_weight=6764 4269 942 2495 2434 370
internal_count=6764 4269 942 2495 2434 370
is_linear=0
shrinkage=0.01


Tree=674
num_leaves=7
num_cat=0
split_feature=0 16 12 7 0 16
split_gain=13.5074 22.5293 14.2045 14.6888 37.0813 41.9948
threshold=1.2645464727271944 0.73194214223846588 0.005461940290605218 1.0000000180025095e-35 0.99223776317140888 0.97714678901307661
decision_type=2 2 2 2 2 2
left_child=2 -2 -1 -4 -5 -6
right_child=1 -3 3 4 5 -7
leaf_value=-0.0048736666717001647 0.0087539232551223697 0.00080048278280548323 0.00016542465679088151 -0.00020364640347547117 -0.00029621250677815418 -0.010048289258073976
leaf_weight=51 35 183 5599 728 87 81
leaf_count=51 35 183 5599 728 87 81
internal_value=1.26329e-05 0.00240535 -7.05986e-05 -2.54498e-05 -0.00120686 -0.00529847
internal_weight=6764 218 6546 6495 896 168
internal_count=6764 218 6546 6495 896 168
is_linear=0
shrinkage=0.01


Tree=675
num_leaves=7
num_cat=0
split_feature=20 18 17 15 23 17
split_gain=13.3541 24.2977 29.9079 21.5401 18.6931 24.758
threshold=282.7477329788249 246.32666666666702 161.15000000000006 0.18414119886488031 8.6500000000000323 196.55000000000004
decision_type=8 10 10 2 8 10
left_child=1 2 -1 -4 -2 -6
right_child=4 -3 3 -5 5 -7
leaf_value=-0.0031675077751960336 0.0026207540263421835 -0.0056499437865568328 0.0080453349044546478 0.00049204423766794432 -0.0022403005602167729 0.00020377193680661261
leaf_weight=195 280 102 38 184 438 5527
leaf_count=195 280 102 38 184 438 5527
internal_value=1.24224e-05 -0.00151323 -0.000392755 0.002076 0.000141431 2.08587e-05
internal_weight=6764 519 417 222 6245 5965
internal_count=6764 519 417 222 6245 5965
is_linear=0
shrinkage=0.01


Tree=676
num_leaves=7
num_cat=0
split_feature=14 14 5 4 16 20
split_gain=13.3705 22.1772 18.678 16.8756 25.5869 24.8661
threshold=57.155092561199304 54.878017594108023 0.38268051462838637 0.030426165201665922 1.0776568267759006 297.37092983148847
decision_type=2 2 2 2 2 10
left_child=1 3 -2 -1 5 -5
right_child=2 -3 -4 4 -6 -7
leaf_value=-0.00018950287075372176 -0.0023221315729883775 0.0058570874221066929 0.0035926953895438103 0.0026846062575459203 -0.00060263993394323858 -0.0053111144297179726
leaf_weight=4978 415 57 52 713 517 32
leaf_count=4978 415 57 52 713 517 32
internal_value=1.23026e-05 0.000134374 -0.00160201 7.28115e-05 0.00110087 0.00227537
internal_weight=6764 6297 467 6240 1262 745
internal_count=6764 6297 467 6240 1262 745
is_linear=0
shrinkage=0.01


Tree=677
num_leaves=7
num_cat=0
split_feature=0 23 18 19 12 9
split_gain=13.2763 22.5844 26.5533 14.2827 21.5631 27.5476
threshold=1.2645464727271944 13.417857142857168 310.145000000001 0.0078375534055355033 0.038111853028276951 1470.5000000000002
decision_type=2 10 10 2 2 2
left_child=3 -2 -3 -1 5 -5
right_child=1 2 -4 4 -6 -7
leaf_value=-0.0005934390137287837 -0.0018601989942104663 0.0072303974178873675 -0.001763918247933571 0.0020047513325444481 -0.0015748305909403619 7.799403088571386e-06
leaf_weight=2897 76 100 42 1009 495 2145
leaf_count=2897 76 100 42 1009 495 2145
internal_value=1.22344e-05 0.0023844 0.00462908 -7.02818e-05 0.000345548 0.000650964
internal_weight=6764 218 142 6546 3649 3154
internal_count=6764 218 142 6546 3649 3154
is_linear=0
shrinkage=0.01


Tree=678
num_leaves=7
num_cat=0
split_feature=7 10 1 19 16 18
split_gain=13.2334 35.8985 19.551 24.7441 28.2542 31.6987
threshold=1.0000000180025095e-35 0.0074975020869792628 1.4747468523983533 0.0048994875400492086 0.14042109396182462 247.68833333333362
decision_type=2 2 2 2 2 10
left_child=2 -2 -1 4 -4 -6
right_child=1 -3 3 -5 5 -7
leaf_value=-0.0001402981861977696 -0.0016343968013163021 0.0054513594098030953 0.0065653545082661148 0.0024390377201677087 0.0020273891318216921 -0.0025139184127575681
leaf_weight=4384 882 68 47 752 240 391
leaf_count=4384 882 68 47 752 240 391
internal_value=1.21629e-05 -0.0010757 0.000191461 0.00120246 -0.000184606 -0.000781956
internal_weight=6764 950 5814 1430 678 631
internal_count=6764 950 5814 1430 678 631
is_linear=0
shrinkage=0.01


Tree=679
num_leaves=7
num_cat=0
split_feature=8 13 17 17 20 21
split_gain=13.1733 29.6325 41.9981 65.8519 41.4439 40.8479
threshold=24.678000000000004 0.0079365820836721519 320.65000000000009 316.35000000000008 287.87017574740582 25.900000000000038
decision_type=2 2 8 10 10 8
left_child=-1 2 3 5 -4 -2
right_child=1 -3 4 -5 -6 -7
leaf_value=-0.00056372965748204354 0.0045893041652108101 -0.00033535138016995889 -0.0061837733358972606 0.012807932436466217 0.0012755831737920422 0.00062954382485281223
leaf_weight=2495 338 2548 125 45 160 1053
leaf_count=2495 338 2548 125 45 160 1053
internal_value=1.22213e-05 0.000349364 0.00135919 0.00205444 -0.00209478 0.00161762
internal_weight=6764 4269 1721 1436 285 1391
internal_count=6764 4269 1721 1436 285 1391
is_linear=0
shrinkage=0.01


Tree=680
num_leaves=7
num_cat=0
split_feature=14 5 17 18 20 17
split_gain=13.2106 19.9285 15.4845 29.1066 26.7012 53.455
threshold=69.837463571107264 0.20853563811542017 196.55000000000004 178.19666666666589 286.4215225630237 287.4500000000001
decision_type=2 2 10 8 10 10
left_child=2 -2 -1 -4 5 -5
right_child=1 -3 3 4 -6 -7
leaf_value=-0.0011314242846277827 -0.0053959313409265002 0.0012056460932251952 0.0070927618686748182 0.00091810259437215659 0.00044162183938374811 -0.0049816073484539002
leaf_weight=893 98 74 52 333 5043 271
leaf_count=893 98 74 52 333 5043 271
internal_value=1.22795e-05 -0.00264553 8.55298e-05 0.000277867 0.000202686 -0.00176697
internal_weight=6764 172 6592 5699 5647 604
internal_count=6764 172 6592 5699 5647 604
is_linear=0
shrinkage=0.01


Tree=681
num_leaves=7
num_cat=0
split_feature=2 22 16 16 11 20
split_gain=13.2367 23.7625 31.2521 23.5975 29.659 15.6484
threshold=0.25016427365162591 19.115833333333359 1.2020718893160192 0.10217411491705551 0.036708440947002513 287.87017574740582
decision_type=2 8 2 2 2 10
left_child=1 2 3 -1 -5 -2
right_child=5 -3 -4 4 -6 -7
leaf_value=-0.00059379462566640652 -0.00093905646834549126 -0.0039929072659904679 -0.0018355621153260677 0.010722266097512582 0.0017118708906360928 0.00019551090799067004
leaf_weight=53 1616 49 88 82 68 4808
leaf_count=53 1616 49 88 82 68 4808
internal_value=1.21294e-05 0.001906 0.00299894 0.00508247 0.00699984 -9.0913e-05
internal_weight=6764 340 291 203 150 6424
internal_count=6764 340 291 203 150 6424
is_linear=0
shrinkage=0.01


Tree=682
num_leaves=7
num_cat=0
split_feature=12 2 16 22 11 5
split_gain=13.0542 14.6893 21.33 25.3023 24.0362 21.208
threshold=0.047001379413421168 0.25016427365162591 1.6693286726340382 19.115833333333359 0.036708440947002513 -0.037498916131343242
decision_type=2 2 2 8 2 2
left_child=1 2 3 4 -1 -3
right_child=-2 5 -4 -5 -6 -7
leaf_value=0.0079505368210529247 -0.0021425710651566516 -0.0056468576723427491 -0.0018327879956457763 -0.003494491223245859 0.00091584617223513013 5.2168273989253404e-05
leaf_weight=111 260 56 90 34 86 6127
leaf_count=111 260 56 90 34 86 6127
internal_value=1.20859e-05 0.000101376 0.00215378 0.00371858 0.00507216 -8.48311e-06
internal_weight=6764 6504 321 231 197 6183
internal_count=6764 6504 321 231 197 6183
is_linear=0
shrinkage=0.01


Tree=683
num_leaves=7
num_cat=0
split_feature=0 23 18 12 8 8
split_gain=13.0878 22.0693 26.0634 13.977 14.0679 18.936
threshold=1.2645464727271944 13.417857142857168 310.145000000001 0.005461940290605218 0.42165000000000002 0.81270000000000009
decision_type=2 10 10 2 2 2
left_child=3 -2 -3 -1 -5 -6
right_child=1 2 -4 4 5 -7
leaf_value=-0.0048344721193196343 -0.0018295889045653302 0.0071631259483031255 -0.0017477998115982003 -0.0057940097401539478 0.0045167189683137541 -5.2631721168749716e-05
leaf_weight=51 76 100 42 32 82 6381
leaf_count=51 76 100 42 32 82 6381
internal_value=1.1903e-05 0.00236716 0.00458591 -7.00248e-05 -2.5239e-05 1.22306e-05
internal_weight=6764 218 142 6546 6495 6463
internal_count=6764 218 142 6546 6495 6463
is_linear=0
shrinkage=0.01


Tree=684
num_leaves=7
num_cat=0
split_feature=14 5 2 1 0 9
split_gain=12.9409 19.5568 16.6903 18.8327 16.9392 19.0476
threshold=69.837463571107264 0.20853563811542017 0.31603914299641583 1.4993113799159354 1.2645464727271944 1511.0000000000002
decision_type=2 2 2 2 2 2
left_child=2 -2 3 -1 -4 -6
right_child=1 -3 4 -5 5 -7
leaf_value=0.00094476325579845311 -0.0053434520868446541 0.0011961062979840096 -0.00018578404480018308 0.0061256475489080689 0.0084685899818109141 0.0010793155424622565
leaf_weight=572 98 74 5741 71 35 173
leaf_count=572 98 74 5741 71 35 173
internal_value=1.17459e-05 -0.00261879 8.42452e-05 0.00160188 -8.22022e-05 0.00265413
internal_weight=6764 172 6592 643 5949 208
internal_count=6764 172 6592 643 5949 208
is_linear=0
shrinkage=0.01


Tree=685
num_leaves=7
num_cat=0
split_feature=7 10 0 17 17 20
split_gain=13.0739 35.3494 36.8414 25.2202 20.8159 52.6928
threshold=1.0000000180025095e-35 0.0074975020869792628 0.93536255026374848 255.45000000000002 261.00000000000006 286.4215225630237
decision_type=2 2 2 10 10 10
left_child=4 2 -2 -3 -1 -6
right_child=1 3 -4 -5 5 -7
leaf_value=-0.00048563768460627773 -0.00029424201212047293 0.010951400764519349 -0.0047419198571627304 -0.00033894146792590619 -0.0029769509653692038 0.0011509856307645189
leaf_weight=2551 626 30 256 38 336 2927
leaf_count=2551 626 30 256 38 336 2927
internal_value=1.18098e-05 -0.00106948 -0.00162387 0.00540752 0.000190024 0.000718124
internal_weight=6764 950 882 68 5814 3263
internal_count=6764 950 882 68 5814 3263
is_linear=0
shrinkage=0.01


Tree=686
num_leaves=7
num_cat=0
split_feature=8 13 17 17 21 15
split_gain=12.9905 29.2727 40.8676 64.6542 40.3903 41.0069
threshold=24.678000000000004 0.0079365820836721519 320.65000000000009 316.35000000000008 25.900000000000038 0.51879436744414698
decision_type=2 2 8 10 8 2
left_child=-1 2 3 4 5 -2
right_child=1 -3 -4 -5 -6 -7
leaf_value=-0.00056020138696026144 0.0064696476449997388 -0.00033400734252142067 -0.0020571123752743006 0.012691274786537343 0.00062071016571735955 -0.0014640386252785507
leaf_weight=2495 256 2548 285 45 1053 82
leaf_count=2495 256 2548 285 45 1053 82
internal_value=1.17399e-05 0.000346537 0.00135021 0.00203601 0.00160318 0.00455815
internal_weight=6764 4269 1721 1436 1391 338
internal_count=6764 4269 1721 1436 1391 338
is_linear=0
shrinkage=0.01


Tree=687
num_leaves=7
num_cat=0
split_feature=8 2 21 8 9 9
split_gain=12.7432 29.0692 27.7261 34.9479 24.6514 34.8457
threshold=24.678000000000004 0.47559523809523813 38.200000000000024 565.2225000000002 909.00000000000011 1422.5000000000002
decision_type=2 2 8 2 2 2
left_child=4 2 3 -2 -1 -6
right_child=1 -3 -4 -5 5 -7
leaf_value=-0.0063646530868931555 0.0013057902210445766 -9.7168995157017083e-05 -0.0059387445487928663 0.0064171815194810434 0.0024024557967020788 -0.00089217467820547737
leaf_weight=61 753 3327 34 155 370 2064
leaf_count=61 753 3327 34 155 370 2064
internal_value=1.18494e-05 0.000343444 0.00188429 0.00223873 -0.000554622 -0.000383567
internal_weight=6764 4269 942 908 2495 2434
internal_count=6764 4269 942 908 2495 2434
is_linear=0
shrinkage=0.01


Tree=688
num_leaves=7
num_cat=0
split_feature=12 17 18 15 20 17
split_gain=12.7925 14.4938 33.4631 30.5668 23.8826 54.8122
threshold=0.047001379413421168 196.55000000000004 178.19666666666589 0.10148121430577815 286.4215225630237 287.4500000000001
decision_type=2 10 8 2 10 10
left_child=1 3 -3 -1 5 -4
right_child=-2 2 4 -5 -6 -7
leaf_value=0.0034065898686988661 -0.0021212691321787942 0.0077799772423834115 0.0011089918918577965 -0.0018260745720606439 0.00044338585678850182 -0.0047204954801181457
leaf_weight=121 260 49 341 765 4937 291
leaf_count=121 260 49 341 765 4937 291
internal_value=1.16841e-05 0.000100075 0.000287995 -0.00108141 0.000208248 -0.00160687
internal_weight=6764 6504 5618 886 5569 632
internal_count=6764 6504 5618 886 5569 632
is_linear=0
shrinkage=0.01


Tree=689
num_leaves=7
num_cat=0
split_feature=7 10 17 14 2 17
split_gain=12.8349 34.8421 37.4199 27.3599 22.7944 20.5789
threshold=1.0000000180025095e-35 0.0063921095430853562 252.95000000000002 8.6790441679859409 0.24272349597831114 261.00000000000006
decision_type=2 2 10 2 2 10
left_child=5 3 -3 4 -2 -1
right_child=1 2 -4 -5 -6 -7
leaf_value=-0.00048359713420442432 0.0056530226115137343 0.010471057885636886 -0.00053610665073921518 -0.0051067669788608331 -0.0013114003569315818 0.00071329078799046378
leaf_weight=2551 41 41 76 182 610 3263
leaf_count=2551 41 41 76 182 610 3263
internal_value=1.16274e-05 -0.00105973 0.00384188 -0.0017856 -0.000793894 0.000188205
internal_weight=6764 950 117 833 651 5814
internal_count=6764 950 117 833 651 5814
is_linear=0
shrinkage=0.01


Tree=690
num_leaves=7
num_cat=0
split_feature=0 23 14 12 8 8
split_gain=12.6336 21.5919 21.9104 13.8288 13.8029 18.6125
threshold=1.2645464727271944 13.417857142857168 17.44479566502007 0.005461940290605218 0.42165000000000002 0.81270000000000009
decision_type=2 10 2 2 2 2
left_child=3 -2 -3 -1 -5 -6
right_child=1 2 -4 4 5 -7
leaf_value=-0.0048079637254847861 -0.0018241168030667617 0.0017529603507239044 0.01015193595783785 -0.0057384711854337224 0.0044786576413974651 -5.1490382504166758e-05
leaf_weight=51 76 104 38 32 82 6381
leaf_count=51 76 104 38 32 82 6381
internal_value=1.16499e-05 0.00232569 0.00452059 -6.88438e-05 -2.42974e-05 1.28165e-05
internal_weight=6764 218 142 6546 6495 6463
internal_count=6764 218 142 6546 6495 6463
is_linear=0
shrinkage=0.01


Tree=691
num_leaves=7
num_cat=0
split_feature=7 8 6 3 1 17
split_gain=12.5722 25.6762 35.0457 52.4877 21.2501 20.1458
threshold=1.0000000180025095e-35 8.7975000000000012 1.7014905950449248 0.39401072273659826 1.900803901073066 261.00000000000006
decision_type=2 2 2 2 2 10
left_child=5 -2 4 -4 -3 -1
right_child=1 2 3 -5 -6 -7
leaf_value=-0.00047834305928276874 -0.0051103189866989855 -0.00034989349420669498 0.012526922633453293 -0.0025794026131431263 -0.0049905337023938828 0.00070588380395285549
leaf_weight=2551 124 642 39 38 107 3263
leaf_count=2551 124 642 39 38 107 3263
internal_value=1.15919e-05 -0.00104875 -0.000385186 0.00563227 -0.00106986 0.000186353
internal_weight=6764 950 826 77 749 5814
internal_count=6764 950 826 77 749 5814
is_linear=0
shrinkage=0.01


Tree=692
num_leaves=7
num_cat=0
split_feature=8 13 17 17 21 1
split_gain=12.5106 28.591 40.0854 63.5564 39.601 40.585
threshold=24.678000000000004 0.0079365820836721519 320.65000000000009 316.35000000000008 25.900000000000038 1.9207412650285653
decision_type=2 2 8 10 8 2
left_child=-1 2 3 4 5 -2
right_child=1 -3 -4 -5 -6 -7
leaf_value=-0.0005498038209302531 0.0061720603920935478 -0.00033254012868641269 -0.002042522247947784 0.012575386810370468 0.00060932603681671178 -0.0022596080024346807
leaf_weight=2495 272 2548 285 45 1053 66
leaf_count=2495 272 2548 285 45 1053 66
internal_value=1.14719e-05 0.000340025 0.00133195 0.00201117 0.00158209 0.00450802
internal_weight=6764 4269 1721 1436 1391 338
internal_count=6764 4269 1721 1436 1391 338
is_linear=0
shrinkage=0.01


Tree=693
num_leaves=7
num_cat=0
split_feature=14 3 2 16 18 6
split_gain=12.5784 18.2492 16.2969 16.0897 20.7493 24.3976
threshold=69.837463571107264 0.24216589355607107 0.31603914299641583 1.2020718893160192 302.93000000000052 1.0617501376734091
decision_type=2 2 2 2 8 2
left_child=2 -2 3 4 5 -1
right_child=1 -3 -4 -5 -6 -7
leaf_value=0.00121736541565696 -0.0040814446716643379 0.003570699188403967 -8.1430867801295638e-05 -0.00088183976887466059 -0.00058509338561347438 0.0067724314934878649
leaf_weight=168 141 31 5949 184 142 149
leaf_count=168 141 31 5949 184 142 149
internal_value=1.15664e-05 -0.00258187 8.3043e-05 0.00158269 0.00256839 0.00395568
internal_weight=6764 172 6592 643 459 317
internal_count=6764 172 6592 643 459 317
is_linear=0
shrinkage=0.01


Tree=694
num_leaves=7
num_cat=0
split_feature=20 18 17 4 22 15
split_gain=12.5531 23.3927 41.5979 28.4093 17.245 26.5218
threshold=282.7477329788249 196.36499999999981 161.15000000000006 -0.14982122761397307 17.609166666666692 0.33414242986240333
decision_type=8 10 10 2 8 2
left_child=1 2 -1 -4 -2 -6
right_child=4 -3 3 -5 5 -7
leaf_value=-0.0027873511791542812 0.00061942958224516507 -0.0041221033755288114 0.00059040280629177485 0.0096783551997665709 -0.002432958579410329 2.7900624926221113e-05
leaf_weight=189 3381 194 88 48 529 2335
leaf_count=189 3381 194 88 48 529 2335
internal_value=1.15383e-05 -0.00146765 0.000192601 0.00424112 0.000136618 -0.00043352
internal_weight=6764 519 325 136 6245 2864
internal_count=6764 519 325 136 6245 2864
is_linear=0
shrinkage=0.01


Tree=695
num_leaves=7
num_cat=0
split_feature=12 9 0 14 14 19
split_gain=12.5184 14.4462 44.9776 25.3787 41.9757 23.0749
threshold=0.047001379413421168 1462.0000000000002 1.1539983609574738 41.858766462703876 54.999629760735139 0.0048994875400492086
decision_type=2 2 2 2 2 2
left_child=1 2 3 5 -5 -1
right_child=-2 -3 -4 4 -6 -7
leaf_value=-0.0013783659846987016 -0.002098531344595055 -0.00024374431827213261 0.0076739974700483597 0.01181301661566192 0.00015516836311291443 0.00089690850200998705
leaf_weight=640 260 4255 80 41 79 1409
leaf_count=640 260 4255 80 41 79 1409
internal_value=1.14461e-05 9.88854e-05 0.000745334 0.000455736 0.00474057 0.000182989
internal_weight=6764 6504 2249 2169 120 2049
internal_count=6764 6504 2249 2169 120 2049
is_linear=0
shrinkage=0.01


Tree=696
num_leaves=7
num_cat=0
split_feature=2 18 17 15 5 11
split_gain=12.3549 21.4405 25.3827 20.4759 19.7098 16.3015
threshold=0.25016427365162591 250.97166666666683 292.85000000000008 0.10216894923870105 -0.037498916131343242 0.036708440947002513
decision_type=2 8 10 2 2 2
left_child=1 -1 -3 -4 -2 -5
right_child=4 2 3 5 -6 -7
leaf_value=0.006390718062064025 -0.0049295038559350624 -0.0033547457544252685 -0.0022513064522235123 0.0087445554509758949 -2.4658872721960295e-05 0.0013939054445509099
leaf_weight=70 73 99 51 50 6351 70
leaf_count=70 73 99 51 50 6351 70
internal_value=1.15799e-05 0.00184127 0.000475674 0.00275611 -8.79708e-05 0.00489374
internal_weight=6764 340 270 171 6424 120
internal_count=6764 340 270 171 6424 120
is_linear=0
shrinkage=0.01


Tree=697
num_leaves=7
num_cat=0
split_feature=14 9 14 9 2 12
split_gain=12.3582 22.8704 21.5923 18.2964 17.0558 36.0978
threshold=57.155092561199304 2828.0000000000005 54.878017594108023 2854.5000000000005 0.69713861849696712 0.0088032195105652248
decision_type=2 2 2 2 2 2
left_child=2 -2 4 -3 5 -1
right_child=1 3 -4 -5 -6 -7
leaf_value=0.0056376542787139232 -0.0024888637020269891 0.0074495639366672396 0.005775644721379921 -0.0017096251880801799 -0.00064028987668255668 0.00028035144858106837
leaf_weight=120 395 37 57 35 2193 3927
leaf_count=120 395 37 57 35 2193 3927
internal_value=1.15522e-05 -0.00154045 0.000128912 0.00333166 6.81728e-05 0.000452709
internal_weight=6764 467 6297 72 6240 4047
internal_count=6764 467 6297 72 6240 4047
is_linear=0
shrinkage=0.01


Tree=698
num_leaves=7
num_cat=0
split_feature=20 18 5 22 15 9
split_gain=12.3178 22.9962 29.8015 16.7804 25.9822 45.61
threshold=282.7477329788249 196.36499999999981 0.28556139099051958 17.609166666666692 0.33414242986240333 1338.5000000000002
decision_type=8 10 2 8 2 2
left_child=1 2 -1 -2 -5 -6
right_child=3 -3 -4 4 5 -7
leaf_value=0.0046921921435526563 0.00061181275816687682 -0.0040854768528073441 -0.0017306634405827967 -0.0024058518401914707 0.0027204965530043014 -0.00069005647159262485
leaf_weight=93 3381 194 232 529 487 1848
leaf_count=93 3381 194 232 529 487 1848
internal_value=1.16479e-05 -0.00145361 0.000192463 0.00013555 -0.000426859 2.98345e-05
internal_weight=6764 519 325 6245 2864 2335
internal_count=6764 519 325 6245 2864 2335
is_linear=0
shrinkage=0.01


Tree=699
num_leaves=7
num_cat=0
split_feature=17 18 22 17 22 9
split_gain=12.2747 28.3547 33.1179 27.5261 21.4546 24.7797
threshold=196.55000000000004 178.19666666666589 8.040833333333369 183.50000000000003 17.704166666666691 1738.5000000000002
decision_type=10 8 10 10 10 2
left_child=3 -2 -3 -1 -4 -6
right_child=1 2 4 -5 5 -7
leaf_value=-0.00013046779409835163 0.0069061246691572084 -0.0036375849303022225 0.00085396389625768386 -0.004294261104222841 3.1740529992056079e-05 -0.0025909773316060269
leaf_weight=707 52 217 2901 195 2274 418
leaf_count=707 52 217 2901 195 2274 418
internal_value=1.15183e-05 0.000179137 0.000107167 -0.00106784 0.000258691 -0.000383584
internal_weight=6764 5862 5810 902 5593 2692
internal_count=6764 5862 5810 902 5593 2692
is_linear=0
shrinkage=0.01


Tree=700
num_leaves=7
num_cat=0
split_feature=14 5 2 12 16 18
split_gain=12.221 18.9803 15.8048 15.7655 19.7969 20.5831
threshold=69.837463571107264 0.20853563811542017 0.31603914299641583 0.038111853028276951 1.2020718893160192 303.83000000000015
decision_type=2 2 2 2 2 10
left_child=2 -2 3 4 5 -1
right_child=1 -3 -4 -5 -6 -7
leaf_value=0.0048513955705750149 -0.0052297619101375828 0.0012099069716142755 -8.0157212443922058e-05 -0.0019110133234685885 -0.00062852368458573313 -0.00036779398753030877
leaf_weight=275 98 74 5949 102 165 101
leaf_count=275 98 74 5949 102 165 101
internal_value=1.13609e-05 -0.00254496 8.18147e-05 0.00155865 0.00223563 0.00347622
internal_weight=6764 172 6592 643 541 376
internal_count=6764 172 6592 643 541 376
is_linear=0
shrinkage=0.01


Tree=701
num_leaves=7
num_cat=0
split_feature=0 16 12 8 8 17
split_gain=12.3505 20.826 13.7012 13.4733 18.3877 17.5144
threshold=1.2645464727271944 0.73194214223846588 0.005461940290605218 0.42165000000000002 0.81270000000000009 276.05000000000007
decision_type=2 2 2 2 2 10
left_child=2 -2 -1 -4 5 -5
right_child=1 -3 3 4 -6 -7
leaf_value=-0.0047855845020442715 0.0084027456374218077 0.00075694038904238251 -0.005669574485759118 -0.0012910172179704761 -5.1279647586384468e-05 0.0075813613597639521
leaf_weight=51 35 183 32 31 6381 51
leaf_count=51 35 183 32 31 6381 51
internal_value=1.12154e-05 0.00229918 -6.83709e-05 -2.40306e-05 1.26376e-05 0.00445143
internal_weight=6764 218 6546 6495 6463 82
internal_count=6764 218 6546 6495 6463 82
is_linear=0
shrinkage=0.01


Tree=702
num_leaves=7
num_cat=0
split_feature=7 0 2 1 20 22
split_gain=12.2423 27.0008 24.8317 18.5899 25.8334 32.9318
threshold=1.0000000180025095e-35 0.71994070997840065 0.53391344404897978 0.95122636785439385 287.87017574740582 16.038333333333362
decision_type=2 2 2 2 10 8
left_child=3 2 -2 -1 -5 -6
right_child=1 -3 -4 4 5 -7
leaf_value=-0.00122467625715469 0.008168606491138538 -0.0020760318107380391 0.00024049294754771423 -0.00072885912232519402 0.0021760922759251453 0.00016534467730744756
leaf_weight=798 38 685 227 1420 1235 2361
leaf_count=798 38 685 227 1420 1235 2361
internal_value=1.11763e-05 -0.00103516 0.00163305 0.00018363 0.000409669 0.00086003
internal_weight=6764 950 265 5814 5016 3596
internal_count=6764 950 265 5814 5016 3596
is_linear=0
shrinkage=0.01


Tree=703
num_leaves=7
num_cat=0
split_feature=12 9 2 20 11 17
split_gain=12.0671 14.1313 33.7001 32.925 36.3419 35.7797
threshold=0.047001379413421168 1462.0000000000002 0.76826849733028235 292.41911433751937 0.03225325646719001 202.75000000000003
decision_type=2 2 2 8 2 10
left_child=1 2 3 4 5 -1
right_child=-2 -3 -4 -5 -6 -7
leaf_value=0.00024896091307579938 -0.0020604305866441723 -0.00024186158961590648 -0.00071844119260410443 0.00030312758341363911 0.000290925613260376 0.0071885811441057624
leaf_weight=102 260 4255 929 719 228 271
leaf_count=102 260 4255 929 719 228 271
internal_value=1.11637e-05 9.70125e-05 0.000736378 0.00175797 0.003465 0.00534693
internal_weight=6764 6504 2249 1320 601 373
internal_count=6764 6504 2249 1320 601 373
is_linear=0
shrinkage=0.01


Tree=704
num_leaves=7
num_cat=0
split_feature=0 23 18 19 12 0
split_gain=12.1631 21.0631 24.9389 13.5867 20.6483 21.6845
threshold=1.2645464727271944 13.417857142857168 310.145000000001 0.0078375534055355033 0.019029298680714544 1.0891490428261348
decision_type=2 10 10 2 2 2
left_child=3 -2 -3 -1 5 -5
right_child=1 2 -4 4 -6 -7
leaf_value=-0.00057810606259617499 -0.0018157434150262541 0.0069714751282537527 -0.0017401731522897115 0.002180301235934472 -5.0889300099903742e-05 -0.0050218671407136648
leaf_weight=2897 76 100 42 728 2886 35
leaf_count=2897 76 100 42 728 2886 35
internal_value=1.11261e-05 0.00228166 0.00444982 -6.78541e-05 0.000337716 0.00178923
internal_weight=6764 218 142 6546 3649 763
internal_count=6764 218 142 6546 3649 763
is_linear=0
shrinkage=0.01


Tree=705
num_leaves=7
num_cat=0
split_feature=8 13 17 17 21 15
split_gain=12.1894 27.6624 38.9055 62.2208 38.7199 39.7177
threshold=24.678000000000004 0.0079365820836721519 320.65000000000009 316.35000000000008 25.900000000000038 0.51879436744414698
decision_type=2 2 8 10 8 2
left_child=-1 2 3 4 5 -2
right_child=1 -3 -4 -5 -6 -7
leaf_value=-0.00054301040823629017 0.0063303243833825107 -0.00032623309459233211 -0.0020134119370326269 0.012432534648486497 0.00059390538229400281 -0.0014746369514614345
leaf_weight=2495 256 2548 285 45 1053 82
leaf_count=2495 256 2548 285 45 1053 82
internal_value=1.1014e-05 0.000335324 0.00131101 0.00198016 0.00155569 0.00444885
internal_weight=6764 4269 1721 1436 1391 338
internal_count=6764 4269 1721 1436 1391 338
is_linear=0
shrinkage=0.01


Tree=706
num_leaves=7
num_cat=0
split_feature=7 0 17 21 15 21
split_gain=12.0021 26.6887 19.8853 49.8034 50.0275 47.7351
threshold=1.0000000180025095e-35 0.78949154185821169 261.00000000000006 25.900000000000038 0.18248873236579408 23.400000000000038
decision_type=2 2 10 8 2 8
left_child=2 -2 3 4 -1 -4
right_child=1 -3 5 -5 -6 -7
leaf_value=0.005209198308173805 0.0011253733880601006 -0.0023052254901787129 -0.0045823049224753137 -0.0013222982237169958 -0.0003050758388964673 0.00097167038322186277
leaf_weight=257 355 595 153 1868 426 3110
leaf_count=257 355 595 153 1868 426 3110
internal_value=1.11253e-05 -0.0010249 0.000181879 -0.000478498 0.00181507 0.000698043
internal_weight=6764 950 5814 2551 683 3263
internal_count=6764 950 5814 2551 683 3263
is_linear=0
shrinkage=0.01


Tree=707
num_leaves=7
num_cat=0
split_feature=14 9 14 9 5 19
split_gain=11.9639 22.362 21.1201 17.8334 17.2401 21.0277
threshold=57.155092561199304 2828.0000000000005 54.878017594108023 2854.5000000000005 0.39034312223030437 0.016884725634308706
decision_type=2 2 2 2 2 2
left_child=2 4 -1 -3 5 -2
right_child=1 3 -4 -5 -6 -7
leaf_value=6.639921665700386e-05 -0.0043590066564482329 0.0073662209035234251 0.0057111217203174736 -0.0016780225453484391 0.0032051502682268617 0.0015009493597147123
leaf_weight=6240 283 37 57 35 40 72
leaf_count=6240 283 37 57 35 40 72
internal_value=1.09962e-05 -0.00151604 0.000126469 0.00330124 -0.00245396 -0.00316195
internal_weight=6764 467 6297 72 395 355
internal_count=6764 467 6297 72 395 355
is_linear=0
shrinkage=0.01


Tree=708
num_leaves=7
num_cat=0
split_feature=0 16 19 16 3 4
split_gain=11.9858 20.3344 13.3559 15.4796 17.3957 27.5252
threshold=1.2645464727271944 0.73194214223846588 0.0078375534055355033 0.12993690263437405 0.078941112391741286 0.043670562441908721
decision_type=2 2 2 2 2 2
left_child=2 -2 -1 -4 5 -5
right_child=1 -3 3 4 -6 -7
leaf_value=-0.00057324143562418532 0.0082959366363162795 0.00074144608307378905 -0.0012268708864307698 -0.002221737283870648 0.0010668185986586836 0.0013137652084668644
leaf_weight=2897 35 183 532 467 2250 400
leaf_count=2897 35 183 532 467 2250 400
internal_value=1.10606e-05 0.00226498 -6.73416e-05 0.000334769 0.000604376 -0.000594213
internal_weight=6764 218 6546 3649 3117 867
internal_count=6764 218 6546 3649 3117 867
is_linear=0
shrinkage=0.01


Tree=709
num_leaves=7
num_cat=0
split_feature=2 22 9 18 17 12
split_gain=11.9492 22.003 26.5344 25.3426 17.6499 21.8149
threshold=0.25016427365162591 19.115833333333359 1470.5000000000002 295.91666666666771 267.25000000000006 0.030845225899625336
decision_type=2 8 2 10 10 2
left_child=1 2 -1 4 -4 -6
right_child=-2 -3 3 -5 5 -7
leaf_value=0.0088968080812591617 -8.6843110808336487e-05 -0.0038641328869734783 0.0026363332213786166 0.005527267480350059 -0.0075188333962540157 0.0015929770228617333
leaf_weight=49 6424 49 68 82 51 41
leaf_count=49 6424 49 68 82 51 41
internal_value=1.10592e-05 0.00181047 0.00286262 0.00133625 -0.00101043 -0.00370007
internal_weight=6764 340 291 242 160 92
internal_count=6764 340 291 242 160 92
is_linear=0
shrinkage=0.01


Tree=710
num_leaves=7
num_cat=0
split_feature=8 2 22 15 6 22
split_gain=11.9366 27.2513 31.535 60.1656 24.1893 21.6274
threshold=24.678000000000004 0.47037055567868363 17.704166666666691 0.39965379007154289 2.0876962900332665 12.334166666666652
decision_type=2 2 8 2 2 10
left_child=-1 2 3 -2 -3 -5
right_child=1 4 -4 5 -6 -7
leaf_value=-0.00053719488874973804 0.0066162905990001528 -0.00017964437247848888 -0.00076638637386843369 -0.0026187643516774142 0.0073688542323057035 0.0023784647355275007
leaf_weight=2495 267 3331 301 138 33 199
leaf_count=2495 267 3331 301 138 33 199
internal_value=1.10546e-05 0.000331983 0.00186217 0.00316325 -8.39748e-05 0.000315625
internal_weight=6764 4269 905 604 3364 337
internal_count=6764 4269 905 604 3364 337
is_linear=0
shrinkage=0.01


Tree=711
num_leaves=7
num_cat=0
split_feature=7 0 4 17 20 21
split_gain=11.8267 26.2503 23.6572 19.3736 49.824 48.7228
threshold=1.0000000180025095e-35 0.71994070997840065 0.014780355871540687 261.00000000000006 286.4215225630237 25.900000000000038
decision_type=2 2 2 10 10 8
left_child=3 2 -2 5 -5 -1
right_child=1 -3 -4 4 -6 -7
leaf_value=0.0017973355351989916 0.00022089840805881281 -0.0020436213617489453 0.0078360500618815422 -0.0029029092779638771 0.0011110380355985046 -0.001305804602422799
leaf_weight=683 225 685 40 336 2927 1868
leaf_count=683 225 685 40 336 2927 1868
internal_value=1.11251e-05 -0.0010173 0.0016135 0.000180626 0.000690105 -0.000471202
internal_weight=6764 950 265 5814 3263 2551
internal_count=6764 950 265 5814 3263 2551
is_linear=0
shrinkage=0.01


Tree=712
num_leaves=7
num_cat=0
split_feature=20 6 17 17 20 6
split_gain=11.8044 16.0488 18.0532 18.6248 19.7756 15.4825
threshold=282.7477329788249 1.2280191264581546 159.20000000000005 183.50000000000003 278.88454379692411 0.73940087407964794
decision_type=8 2 10 10 10 2
left_child=1 2 -1 5 -5 -4
right_child=-2 -3 3 4 -6 -7
leaf_value=-0.003263039202791267 0.00013237631144115609 -0.007149434101664358 0.00061807766281923317 0.0036989114658140081 -0.002689324102108503 0.0090049274111302889
leaf_weight=183 6245 35 51 58 161 31
leaf_count=183 6245 35 51 58 161 31
internal_value=1.10834e-05 -0.00142332 -0.000872895 0.000638445 -0.000909819 0.00442288
internal_weight=6764 519 484 301 219 82
internal_count=6764 519 484 301 219 82
is_linear=0
shrinkage=0.01


Tree=713
num_leaves=7
num_cat=0
split_feature=12 9 5 3 0 5
split_gain=11.7976 13.8369 52.1678 44.3226 34.4981 24.4787
threshold=0.047001379413421168 1462.0000000000002 0.091628721204239247 -0.038630989943530467 1.1539983609574738 0.017402757873985587
decision_type=2 2 2 2 2 2
left_child=1 2 3 -1 -4 -3
right_child=-2 5 4 -5 -6 -7
leaf_value=-0.0010719450429314747 -0.0020373509537376876 -0.0042352490854367765 -1.5734103771384063e-05 0.0084259064991027127 0.007127457368320652 -9.5588101802449873e-05
leaf_weight=70 260 138 1979 140 60 4117
leaf_count=70 260 138 1979 140 60 4117
internal_value=1.09778e-05 9.58625e-05 0.000728534 0.00535514 0.000228222 -0.000239463
internal_weight=6764 6504 2249 210 2039 4255
internal_count=6764 6504 2249 210 2039 4255
is_linear=0
shrinkage=0.01


Tree=714
num_leaves=7
num_cat=0
split_feature=17 15 18 22 22 0
split_gain=11.7394 28.1539 27.333 31.4456 20.281 27.6161
threshold=196.55000000000004 0.10148121430577815 178.19666666666589 8.040833333333369 17.704166666666691 1.2427815986253969
decision_type=10 2 8 10 10 2
left_child=1 -1 -2 -4 5 -5
right_child=2 -3 3 4 -6 -7
leaf_value=0.0032689287388370236 0.0067795826348986832 -0.0017457363328778133 -0.0035447331663684728 0.00060775135936080502 -0.00037256104921167503 0.0051346243196494978
leaf_weight=121 52 781 217 2769 2692 132
leaf_count=121 52 781 217 2769 2692 132
internal_value=1.09875e-05 -0.00104457 0.000174911 0.000104251 0.0002519 0.000830662
internal_weight=6764 902 5862 5810 5593 2901
internal_count=6764 902 5862 5810 5593 2901
is_linear=0
shrinkage=0.01


Tree=715
num_leaves=7
num_cat=0
split_feature=2 22 16 16 5 10
split_gain=11.6793 21.4701 28.5688 22.4839 19.1445 14.3755
threshold=0.25016427365162591 19.115833333333359 1.2020718893160192 0.10217411491705551 -0.037498916131343242 0.0063921095430853562
decision_type=2 8 2 2 2 2
left_child=1 2 3 -1 -2 -6
right_child=4 -3 -4 -5 5 -7
leaf_value=-0.00069866076111793521 -0.0048573613220668698 -0.0038155766147173059 -0.0017901656149924561 0.0066941876701894221 -0.00013506103664498464 0.0019961777887053363
leaf_weight=53 73 49 88 150 6027 324
leaf_count=53 73 49 88 150 6027 324
internal_value=1.10272e-05 0.00179 0.0028293 0.00482185 -8.57633e-05 -2.33674e-05
internal_weight=6764 340 291 203 6424 6351
internal_count=6764 340 291 203 6424 6351
is_linear=0
shrinkage=0.01


Tree=716
num_leaves=7
num_cat=0
split_feature=14 5 2 1 0 11
split_gain=11.7549 18.4227 15.0094 17.6704 15.2557 17.4645
threshold=69.837463571107264 0.20853563811542017 0.31603914299641583 1.4993113799159354 1.2645464727271944 0.017332036676623436
decision_type=2 2 2 2 2 2
left_child=2 -2 3 -1 -4 -6
right_child=1 -3 4 -5 5 -7
leaf_value=0.00088330514923448569 -0.0051414805623116325 0.0012020069688913368 -0.00017616790342947212 0.005900385567435512 0.0072283345203975145 0.00076403046922539092
leaf_weight=572 98 74 5741 71 48 160
leaf_count=572 98 74 5741 71 48 160
internal_value=1.08784e-05 -0.00249622 7.9976e-05 0.00151917 -7.78676e-05 0.00251894
internal_weight=6764 172 6592 643 5949 208
internal_count=6764 172 6592 643 5949 208
is_linear=0
shrinkage=0.01


Tree=717
num_leaves=7
num_cat=0
split_feature=7 0 16 5 17 20
split_gain=11.6549 26.2037 35.1664 23.7457 18.9267 48.4295
threshold=1.0000000180025095e-35 0.9248463591002013 0.97714678901307661 0.089681699579163818 261.00000000000006 286.4215225630237
decision_type=2 2 2 2 10 10
left_child=4 -2 3 -3 -1 -6
right_child=1 2 -4 -5 5 -7
leaf_value=-0.00046507461077586803 0.00018561969254878591 0.0061695617756673269 -0.0062015436590730178 -0.0021138494021369744 -0.0028596344651742518 0.0010977555411421738
leaf_weight=2551 629 39 174 108 336 2927
leaf_count=2551 629 39 174 108 336 2927
internal_value=1.0927e-05 -0.00101 -0.00328764 0.000336779 0.000179193 0.00068276
internal_weight=6764 950 321 147 5814 3263
internal_count=6764 950 321 147 5814 3263
is_linear=0
shrinkage=0.01


Tree=718
num_leaves=7
num_cat=0
split_feature=8 2 22 15 14 9
split_gain=11.6559 26.5581 31.5757 55.4788 44.3357 24.2272
threshold=24.678000000000004 0.47559523809523813 17.704166666666691 0.39965379007154289 17.44479566502007 909.00000000000011
decision_type=2 2 8 2 2 2
left_child=5 2 3 -2 -4 -1
right_child=1 -3 4 -5 -6 -7
leaf_value=-0.006290659829974175 0.0062199745719139811 -9.3261622501251691e-05 -0.0029237769406191532 0.00034247198102768732 0.0057021218471640213 -0.00036151360510953252
leaf_weight=61 288 3327 234 351 69 2434
leaf_count=61 288 3327 234 351 69 2434
internal_value=1.07559e-05 0.000327889 0.00180068 0.00304651 -0.000840045 -0.000531008
internal_weight=6764 4269 942 639 303 2495
internal_count=6764 4269 942 639 303 2495
is_linear=0
shrinkage=0.01


Tree=719
num_leaves=7
num_cat=0
split_feature=14 14 5 19 2 8
split_gain=11.5753 27.9394 17.3556 24.3837 15.8077 26.7252
threshold=56.029617079247956 54.878017594108023 0.38268051462838637 0.015894532774455881 0.69713861849696712 340.3372500000001
decision_type=2 2 2 2 2 2
left_child=1 4 3 -2 5 -1
right_child=2 -3 -4 -5 -6 -7
leaf_value=0.00011063544573530985 -0.0035470304515018507 0.0073560357199243774 0.0033684678895003865 0.0017912564763775832 -0.00061750612677384845 0.0024693192935195925
leaf_weight=3500 316 43 56 109 2193 547
leaf_count=3500 316 43 56 109 2193 547
internal_value=1.06867e-05 0.000126052 -0.00146813 -0.00216821 6.454e-05 0.00043474
internal_weight=6764 6283 481 425 6240 4047
internal_count=6764 6283 481 425 6240 4047
is_linear=0
shrinkage=0.01


Tree=720
num_leaves=7
num_cat=0
split_feature=17 15 11 1 10 17
split_gain=11.3726 27.3755 18.9409 16.4641 17.4077 15.5382
threshold=196.55000000000004 0.10148121430577815 0.0226820338665405 0.88743002940009486 -0.0082748377639081504 181.60000000000005
decision_type=10 2 2 2 2 10
left_child=1 2 -1 4 -2 -3
right_child=3 5 -4 -5 -6 -7
leaf_value=0.0079122242145240312 -0.00038553015708605074 -0.00083307996872738783 0.00012433511947982766 0.00035209949621259313 -0.0042655863747588741 -0.0039827135738239369
leaf_weight=42 456 571 79 5260 146 210
leaf_count=42 456 571 79 5260 146 210
internal_value=1.07412e-05 -0.0010282 0.0032252 0.000172084 -0.00138086 -0.00171962
internal_weight=6764 902 121 5862 602 781
internal_count=6764 902 121 5862 602 781
is_linear=0
shrinkage=0.01


Tree=721
num_leaves=7
num_cat=0
split_feature=7 8 6 3 1 22
split_gain=11.3814 24.5491 33.3452 50.5552 20.2602 18.5225
threshold=1.0000000180025095e-35 8.7975000000000012 1.7014905950449248 0.39401072273659826 1.900803901073066 18.651666666666681
decision_type=2 2 2 2 2 10
left_child=-1 -2 4 -4 -3 -6
right_child=1 2 3 -5 5 -7
leaf_value=0.00017689754517913732 -0.0049695225916246873 -0.00031535887084772776 0.012286230641968397 -0.0025382655827949447 -0.0072010161697693255 0.0014875990995205941
leaf_weight=5814 124 642 39 38 77 30
leaf_count=5814 124 642 39 38 77 30
internal_value=1.06179e-05 -0.000998256 -0.000349773 0.00551941 -0.00101792 -0.00484602
internal_weight=6764 950 826 77 749 107
internal_count=6764 950 826 77 749 107
is_linear=0
shrinkage=0.01


Tree=722
num_leaves=7
num_cat=0
split_feature=14 5 0 23 18 11
split_gain=11.3697 17.9839 13.4799 19.4172 26.1318 13.5382
threshold=69.837463571107264 0.20853563811542017 1.2645464727271944 13.417857142857168 310.145000000001 0.025207744200995402
decision_type=2 2 2 10 10 2
left_child=2 -2 -1 -4 5 -5
right_child=1 -3 3 4 -6 -7
leaf_value=-6.4143371948393662e-06 -0.0050689572057928201 0.0011976630608772948 -0.0014978345779921201 0.011020669961491456 -0.0017499600529957277 0.0030931794688557135
leaf_weight=6377 98 74 75 42 42 56
leaf_count=6377 98 74 75 42 42 56
internal_value=1.04958e-05 -0.00245519 7.84524e-05 0.00248405 0.00457485 0.00719652
internal_weight=6764 172 6592 215 140 98
internal_count=6764 172 6592 215 140 98
is_linear=0
shrinkage=0.01


Tree=723
num_leaves=7
num_cat=0
split_feature=18 18 5 20 17 17
split_gain=11.3578 15.2889 35.9799 19.6526 35.2965 31.1652
threshold=100.65000000000013 152.94833333333369 0.29257147990625543 285.98624942685666 288.9500000000001 161.15000000000006
decision_type=8 8 2 10 10 8
left_child=-1 2 -2 4 5 -3
right_child=1 3 -4 -5 -6 -7
leaf_value=-0.0053024302497506138 0.0088105362605755081 -0.0043122957135589488 -0.00016539315544195524 0.00018177256738630303 -0.0044978352046201988 0.00091177086713656352
leaf_weight=30 56 134 137 5613 252 542
leaf_count=30 56 134 137 5613 252 542
internal_value=1.0494e-05 4.19905e-05 0.00274474 -4.18255e-05 -0.00138178 -0.000171535
internal_weight=6764 6734 193 6541 928 676
internal_count=6764 6734 193 6541 928 676
is_linear=0
shrinkage=0.01


Tree=724
num_leaves=7
num_cat=0
split_feature=12 9 14 9 14 2
split_gain=11.4733 13.62 33.4962 105.325 56.1018 28.4034
threshold=0.047001379413421168 1462.0000000000002 37.446588971228628 916.50000000000011 54.999629760735139 0.29387049260798931
decision_type=2 2 2 2 2 2
left_child=1 2 5 -4 -5 -1
right_child=-2 -3 3 4 -6 -7
leaf_value=0.0058526251065648266 -0.0020096537869734067 -0.00023864940108918637 -0.0072714124389670108 0.015592754481626407 0.0024530620199828585 0.00010887345212292243
leaf_weight=80 260 4255 45 60 69 1995
leaf_count=80 260 4255 45 60 69 1995
internal_value=1.03245e-05 9.40351e-05 0.000721728 0.00481172 0.00924665 0.000357327
internal_weight=6764 6504 2249 174 129 2075
internal_count=6764 6504 2249 174 129 2075
is_linear=0
shrinkage=0.01


Tree=725
num_leaves=7
num_cat=0
split_feature=8 2 22 14 8 22
split_gain=11.2826 25.7735 30.4443 42.7009 33.1324 33.1982
threshold=24.678000000000004 0.47037055567868363 17.704166666666691 17.44479566502007 1697.5800000000002 11.088333333333368
decision_type=2 2 8 2 2 10
left_child=-1 2 4 -4 5 -2
right_child=1 -3 3 -5 -6 -7
leaf_value=-0.00052258260696317759 -0.0010356647922742527 -8.2073483176722602e-05 -0.0028328815413916036 0.0056402291205440514 0.011322493690025548 0.0040405206805538109
leaf_weight=2495 187 3364 232 69 36 381
leaf_count=2495 187 3364 232 69 36 381
internal_value=1.04352e-05 0.000322449 0.00181057 -0.000771637 0.00308901 0.00238031
internal_weight=6764 4269 905 301 604 568
internal_count=6764 4269 905 301 604 568
is_linear=0
shrinkage=0.01


Tree=726
num_leaves=7
num_cat=0
split_feature=12 19 14 14 5 9
split_gain=11.2316 15.4794 19.237 25.4626 23.2095 21.8488
threshold=0.043808761857417465 0.016884725634308706 56.029617079247956 54.878017594108023 0.38268051462838637 2828.0000000000005
decision_type=2 2 2 2 2 2
left_child=1 2 3 -1 5 -4
right_child=-2 -3 4 -5 -6 -7
leaf_value=5.9229073087453122e-06 -0.0016482794773659078 0.001322224599250093 -0.0042659208786899527 0.0071772587522864343 0.0033358163428916171 0.0025072918993731342
leaf_weight=5065 375 895 283 40 56 50
leaf_count=5065 375 895 283 40 56 50
internal_value=1.05748e-05 0.000110364 -8.90973e-05 7.60355e-05 -0.00220379 -0.00320547
internal_weight=6764 6389 5494 5105 389 333
internal_count=6764 6389 5494 5105 389 333
is_linear=0
shrinkage=0.01


Tree=727
num_leaves=7
num_cat=0
split_feature=7 10 0 20 20 15
split_gain=11.1942 32.9215 35.5921 22.6317 17.2724 42.5609
threshold=1.0000000180025095e-35 0.0074975020869792628 0.93536255026374848 292.81904291198225 287.87017574740582 0.10148121430577815
decision_type=2 2 2 10 10 2
left_child=4 2 -2 -3 5 -1
right_child=1 3 -4 -5 -6 -7
leaf_value=0.0026931127652201348 -0.00021961046282477305 0.0098807037352687793 -0.0045898995625513394 -0.00079989293546870691 0.00050467619911549559 -0.0015118990059984276
leaf_weight=287 626 35 256 33 4259 1268
leaf_count=287 626 35 256 33 4259 1268
internal_value=1.05936e-05 -0.000989947 -0.00152532 0.00525944 0.0001755 -0.000723548
internal_weight=6764 950 882 68 5814 1555
internal_count=6764 950 882 68 5814 1555
is_linear=0
shrinkage=0.01


Tree=728
num_leaves=7
num_cat=0
split_feature=18 18 5 20 18 15
split_gain=11.1447 15.0525 35.2792 19.0531 28.4898 52.6572
threshold=100.65000000000013 152.94833333333369 0.29257147990625543 285.98624942685666 242.845 0.10148121430577815
decision_type=8 8 2 10 10 2
left_child=-1 2 -2 4 5 -3
right_child=1 3 -4 -5 -6 -7
leaf_value=-0.0052522740215063092 0.0087299716486736682 0.0069677354155906618 -0.00015849081335310528 0.00017877089316110055 -0.0037043870518313061 -0.0012629968506400035
leaf_weight=30 56 81 137 5613 324 523
leaf_count=30 56 81 137 5613 324 523
internal_value=1.05756e-05 4.17749e-05 0.00272355 -4.13906e-05 -0.00136074 -6.37026e-05
internal_weight=6764 6734 193 6541 928 604
internal_count=6764 6734 193 6541 928 604
is_linear=0
shrinkage=0.01


Tree=729
num_leaves=7
num_cat=0
split_feature=8 2 22 14 8 23
split_gain=11.0989 25.2827 30.4289 42.7761 32.8161 39.794
threshold=24.678000000000004 0.47559523809523813 17.704166666666691 17.44479566502007 1697.5800000000002 13.703571428571454
decision_type=2 2 8 2 2 10
left_child=-1 2 4 -4 5 -2
right_child=1 -3 3 -5 -6 -7
leaf_value=-0.00051811030098774331 -2.0292698726079726e-05 -9.0900380392758783e-05 -0.002881542549231929 0.0055914390921781333 0.011188797208521029 0.005094006536295638
leaf_weight=2495 333 3327 234 69 36 270
leaf_count=2495 333 3327 234 69 36 270
internal_value=1.0551e-05 0.000320014 0.00175701 -0.000835057 0.00298004 0.00231543
internal_weight=6764 4269 942 303 639 603
internal_count=6764 4269 942 303 639 603
is_linear=0
shrinkage=0.01


Tree=730
num_leaves=7
num_cat=0
split_feature=1 9 0 5 0 21
split_gain=11.0425 14.2393 40.2699 33.0485 38.0595 29.9844
threshold=0.82330316742081455 1462.0000000000002 1.1539983609574738 0.12405982101286395 0.90360144053752889 33.300000000000018
decision_type=2 2 2 2 2 10
left_child=-1 2 3 4 -2 -6
right_child=1 -3 -4 -5 5 -7
leaf_value=-0.0015558062145231023 -0.00094311491695341771 -0.00022292543953554678 0.0073264659876003859 5.2582268473781473e-06 0.011367061468833066 0.0024044455122202634
leaf_weight=412 101 4212 80 1806 67 86
leaf_count=412 101 4212 80 1806 67 86
internal_value=1.07166e-05 0.000114609 0.0007769 0.000488383 0.0037932 0.00678583
internal_weight=6764 6352 2140 2060 254 153
internal_count=6764 6352 2140 2060 254 153
is_linear=0
shrinkage=0.01


Tree=731
num_leaves=7
num_cat=0
split_feature=17 17 18 22 15 11
split_gain=11.0644 26.3633 26.2319 29.5819 22.3104 24.6834
threshold=196.55000000000004 183.50000000000003 178.19666666666589 8.040833333333369 0.10148121430577815 0.0226820338665405
decision_type=10 10 8 10 2 2
left_child=1 4 -2 -4 5 -1
right_child=2 -3 3 -5 -6 -7
leaf_value=0.009597517648792785 0.0066402918605073802 -0.0041713839950573792 -0.0034383946722414396 0.00024400976443110647 -0.00087455634999844978 0.0002361999966558956
leaf_weight=36 52 195 217 5593 597 74
leaf_count=36 52 195 217 5593 597 74
internal_value=1.08808e-05 -0.00101388 0.000170022 0.000100803 -9.69722e-05 0.00384439
internal_weight=6764 902 5862 5810 707 110
internal_count=6764 902 5862 5810 707 110
is_linear=0
shrinkage=0.01


Tree=732
num_leaves=7
num_cat=0
split_feature=14 5 2 1 9 14
split_gain=10.9465 17.58 14.1192 19.5026 19.0973 17.3407
threshold=69.837463571107264 0.20853563811542017 0.28397164367645794 1.5770710227880838 2435.5000000000005 68.053448477068514
decision_type=2 2 2 2 2 2
left_child=2 -2 3 4 -1 -4
right_child=1 -3 5 -5 -6 -7
leaf_value=0.002041177265208687 -0.0049930583128567647 0.0012013026812512961 -9.5100730514225562e-05 0.0073060109559446576 -0.0031533328716436193 0.0061354099200107157
leaf_weight=329 98 74 6102 46 80 35
leaf_count=329 98 74 6102 46 80 35
internal_value=1.08935e-05 -0.00240847 7.75725e-05 0.00175763 0.000974127 -4.96441e-05
internal_weight=6764 172 6592 455 409 6137
internal_count=6764 172 6592 455 409 6137
is_linear=0
shrinkage=0.01


Tree=733
num_leaves=7
num_cat=0
split_feature=12 9 5 8 0 9
split_gain=10.9967 12.9609 49.017 57.501 32.2338 27.8169
threshold=0.047001379413421168 1462.0000000000002 0.091628721204239247 15.556050000000001 1.1539983609574738 648.50000000000011
decision_type=2 2 2 2 2 2
left_child=1 2 3 -1 -4 -5
right_child=-2 -3 4 5 -6 -7
leaf_value=-0.0032668206049129367 -0.0019666731939349254 -0.00023167534505096532 -1.5596447512302586e-05 0.0021310587139690622 0.0068891823656324824 0.011166103500182982
leaf_weight=54 260 4255 1979 58 60 98
leaf_count=54 260 4255 1979 58 60 98
internal_value=1.09092e-05 9.28616e-05 0.000705178 0.00518988 0.000220215 0.00813766
internal_weight=6764 6504 2249 210 2039 156
internal_count=6764 6504 2249 210 2039 156
is_linear=0
shrinkage=0.01


Tree=734
num_leaves=7
num_cat=0
split_feature=14 14 9 3 19 9
split_gain=10.9045 27.2458 21.5011 18.4228 23.2049 17.2306
threshold=56.029617079247956 54.878017594108023 2828.0000000000005 0.27163812356043243 0.015894532774455881 2854.5000000000005
decision_type=2 2 2 2 2 2
left_child=1 -1 3 4 -2 -4
right_child=2 -3 5 -5 -6 -7
leaf_value=6.2247813496191514e-05 -0.0045582901645893998 0.0072626658268975762 0.0073017997675119562 0.0027561952509859112 0.0012388154691968536 -0.0015973578484521972
leaf_weight=6240 268 43 37 54 87 35
leaf_count=6240 268 43 37 54 87 35
internal_value=1.10172e-05 0.000122989 -0.00142432 -0.00231657 -0.00314257 0.00330858
internal_weight=6764 6283 481 409 355 72
internal_count=6764 6283 481 409 355 72
is_linear=0
shrinkage=0.01


Tree=735
num_leaves=7
num_cat=0
split_feature=7 10 17 1 17 22
split_gain=10.964 32.2063 23.6056 18.6589 18.3229 36.839
threshold=1.0000000180025095e-35 0.0074975020869792628 255.45000000000002 1.0219806763285026 261.00000000000006 11.088333333333368
decision_type=2 2 10 2 10 8
left_child=4 3 -3 -2 -1 -6
right_child=1 2 -4 -5 5 -7
leaf_value=-0.00045961156861347137 0.00093179385585490343 0.010565734424628317 -0.00035148720800255739 -0.0023556973073995654 -0.0021617895807485364 0.0010647810551591189
leaf_weight=2551 227 30 38 655 394 2869
leaf_count=2551 227 30 38 655 394 2869
internal_value=1.10911e-05 -0.00097911 0.00520203 -0.00150864 0.000174292 0.000669765
internal_weight=6764 950 68 882 5814 3263
internal_count=6764 950 68 882 5814 3263
is_linear=0
shrinkage=0.01


Tree=736
num_leaves=7
num_cat=0
split_feature=18 18 5 17 5 22
split_gain=10.9291 14.7134 34.4612 16.7579 19.9075 25.3775
threshold=100.65000000000013 152.94833333333369 0.29257147990625543 196.55000000000004 0.36410646947489783 7.7716666666666949
decision_type=8 8 2 10 2 10
left_child=-1 2 -2 4 5 -3
right_child=1 3 -4 -5 -6 -7
leaf_value=-0.00520061407238245 0.0086297492674467235 0.002166975564500199 -0.00015516213793941095 0.00013503558395000978 0.0003039486779362917 -0.0042972439625428563
leaf_weight=30 56 69 137 5847 326 299
leaf_count=30 56 69 137 5847 326 299
internal_value=1.10869e-05 4.19821e-05 0.00269337 -4.02423e-05 -0.00149791 -0.00305994
internal_weight=6764 6734 193 6541 694 368
internal_count=6764 6734 193 6541 694 368
is_linear=0
shrinkage=0.01


Tree=737
num_leaves=7
num_cat=0
split_feature=12 19 14 14 3 9
split_gain=10.873 14.8832 18.4913 24.8408 22.6894 24.4202
threshold=0.043808761857417465 0.016884725634308706 56.029617079247956 54.878017594108023 0.24751573075912917 2828.0000000000005
decision_type=2 2 2 2 2 2
left_child=1 2 3 -1 5 -4
right_child=-2 -3 4 -5 -6 -7
leaf_value=6.2442845079831074e-06 -0.0016211584180853536 0.001297474285926302 -0.0044662507652914784 0.0070894804651150476 0.0025722115286182434 0.0028742112059211523
leaf_weight=5065 375 895 268 40 74 47
leaf_count=5065 375 895 268 40 74 47
internal_value=1.09994e-05 0.000109182 -8.64023e-05 7.54963e-05 -0.0021597 -0.00331627
internal_weight=6764 6389 5494 5105 389 315
internal_count=6764 6389 5494 5105 389 315
is_linear=0
shrinkage=0.01


Tree=738
num_leaves=7
num_cat=0
split_feature=7 10 17 17 22 4
split_gain=10.7238 31.7712 23.2535 17.8522 36.1792 37.782
threshold=1.0000000180025095e-35 0.0074975020869792628 255.45000000000002 261.00000000000006 11.088333333333368 0.12219793095255926
decision_type=2 2 10 10 8 2
left_child=3 -2 -3 -1 5 -5
right_child=1 2 -4 4 -6 -7
leaf_value=-0.00045330067722026886 -0.0014942642905793233 0.01049432944878936 -0.000342678043525666 -0.0010989865566539095 0.0010529413219104674 -0.01138486636430025
leaf_weight=2551 882 30 38 364 2869 30
leaf_count=2551 882 30 38 364 2869 30
internal_value=1.10039e-05 -0.000968291 0.00517083 0.000172407 0.000661473 -0.00214459
internal_weight=6764 950 68 5814 3263 394
internal_count=6764 950 68 5814 3263 394
is_linear=0
shrinkage=0.01


Tree=739
num_leaves=7
num_cat=0
split_feature=1 10 17 18 22 15
split_gain=10.8144 13.1452 12.4089 35.5915 29.8382 26.8312
threshold=0.82330316742081455 -0.0097241533350196207 196.55000000000004 178.19666666666589 8.040833333333369 0.10148121430577815
decision_type=2 2 10 10 10 2
left_child=1 -1 5 -4 -5 -2
right_child=2 -3 3 4 -6 -7
leaf_value=-0.00060742299162046905 0.003366803999202765 -0.0049582717244073832 0.0085246705134900715 -0.0034949308667447795 0.000358274623711477 -0.0016729121689854766
leaf_weight=333 113 79 42 199 5240 758
leaf_count=333 113 79 42 199 5240 758
internal_value=1.08462e-05 -0.00153941 0.00011366 0.000290254 0.00021114 -0.000988286
internal_weight=6764 412 6352 5481 5439 871
internal_count=6764 412 6352 5481 5439 871
is_linear=0
shrinkage=0.01


Tree=740
num_leaves=7
num_cat=0
split_feature=0 23 18 8 8 17
split_gain=10.7876 19.7779 23.5063 12.6218 18.1494 16.928
threshold=1.2645464727271944 13.417857142857168 310.145000000001 0.42165000000000002 0.81270000000000009 276.05000000000007
decision_type=2 10 10 2 2 10
left_child=3 -2 -3 -1 5 -5
right_child=1 2 -4 4 -6 -7
leaf_value=-0.0055280139678645706 -0.0018162969470045768 0.0067006626247682359 -0.0017477909862422026 -0.0012647638397245873 -9.1284746605047211e-05 0.0074588700659672311
leaf_weight=32 76 100 42 31 6432 51
leaf_count=32 76 100 42 31 6432 51
internal_value=1.07601e-05 0.00214906 0.00425124 -6.36207e-05 -2.83447e-05 0.00438191
internal_weight=6764 218 142 6546 6514 82
internal_count=6764 218 142 6546 6514 82
is_linear=0
shrinkage=0.01


Tree=741
num_leaves=7
num_cat=0
split_feature=5 11 0 10 6 3
split_gain=10.7147 28.7868 22.9598 24.0757 20.0765 32.1891
threshold=0.028086246088176739 0.018754143899312303 0.9116042066312352 0.0052429928734698894 1.7014905950449248 0.53862089833294213
decision_type=2 2 2 2 2 2
left_child=1 -1 -3 -4 -2 -6
right_child=4 2 3 -5 5 -7
leaf_value=-0.0078860046342015266 2.7595699831692586e-05 -0.0036217732444218526 -0.0038354653491674425 0.0043007264952757401 0.0077343674810836094 -0.0035427721329033372
leaf_weight=52 6340 112 42 118 70 30
leaf_count=52 6340 112 42 118 70 30
internal_value=1.07073e-05 -0.00173575 -0.000322013 0.00206499 0.000101127 0.00433671
internal_weight=6764 324 272 160 6440 100
internal_count=6764 324 272 160 6440 100
is_linear=0
shrinkage=0.01


Tree=742
num_leaves=7
num_cat=0
split_feature=18 18 5 21 17 5
split_gain=10.7049 14.5232 33.926 18.2346 16.9634 19.4935
threshold=100.65000000000013 152.94833333333369 0.29257147990625543 19.000000000000032 196.55000000000004 0.36410646947489783
decision_type=8 8 2 8 10 2
left_child=-1 2 -2 -3 5 -5
right_child=1 3 -4 4 -6 -7
leaf_value=-0.0051474604681134226 0.0085653679964668838 -0.0060564898585435002 -0.00015124663875317899 -0.0030191019910325609 0.00018250610818701198 0.0003180917587006159
leaf_weight=30 56 40 137 365 5811 325
leaf_count=30 56 40 137 365 5811 325
internal_value=1.04995e-05 4.10768e-05 0.00267528 -4.06135e-05 5.64668e-06 -0.00146515
internal_weight=6764 6734 193 6541 6501 690
internal_count=6764 6734 193 6541 6501 690
is_linear=0
shrinkage=0.01


Tree=743
num_leaves=7
num_cat=0
split_feature=8 13 6 18 1 23
split_gain=10.6425 25.9894 36.7058 40.1921 37.6751 36.4668
threshold=24.678000000000004 0.0079365820836721519 1.4811187686848777 217.43500000000054 1.9257932531878839 10.746428571428593
decision_type=2 2 2 8 2 10
left_child=-1 2 3 4 -2 -5
right_child=1 -3 -4 5 -6 -7
leaf_value=-0.00050736010436897168 0.0055157274268990888 -0.00032785420875352134 0.0075209941790345012 -0.003326457106877827 -0.0037444351694800636 0.00092385069813001987
leaf_weight=2495 265 2548 79 237 45 1095
leaf_count=2495 265 2548 79 237 45 1095
internal_value=1.03161e-05 0.000313349 0.00125908 0.000914105 0.0040965 0.00014845
internal_weight=6764 4269 1721 1642 310 1332
internal_count=6764 4269 1721 1642 310 1332
is_linear=0
shrinkage=0.01


Tree=744
num_leaves=7
num_cat=0
split_feature=2 22 16 16 19 8
split_gain=10.6099 20.5163 27.309 21.611 19.6248 18.4784
threshold=0.25016427365162591 19.115833333333359 1.2020718893160192 0.10217411491705551 0.02720518698372006 20.842650000000003
decision_type=2 8 2 2 2 2
left_child=1 2 3 -1 5 -5
right_child=-2 -3 -4 4 -6 -7
leaf_value=-0.00073292105680420293 -8.1949925754152222e-05 -0.0037706406856492414 -0.0017905640216990925 0.0040210086596545892 0.0010785438038098316 0.013340584156015571
leaf_weight=53 6424 49 88 57 50 43
leaf_count=53 6424 49 88 57 50 43
internal_value=1.03024e-05 0.00170587 0.00272266 0.00467135 0.00650732 0.0088769
internal_weight=6764 340 291 203 150 100
internal_count=6764 340 291 203 150 100
is_linear=0
shrinkage=0.01


end of trees

feature_importances:
BG=443
BR=377
catchment_area_sqkm=351
green_corr7=340
pct_impervious_2006=323
MNDWI=298
pct_wetland_2006=264
elevation_m=243
pct_forest_2006=215
srad_Wm2_prev30=205
srad_Wm2_prev1=170
fai=149
tmean_degC_prev30=138
temp_corr7=137
pct_cropland_2006=128
atm_corr_LaSRC=119
NR=111
NDVI=99
NDWI=96
nir_corr7=68
tmax_degC_prev30=66
tmean_degC_prev7=64
swir1_corr7=37
NDSSI=29

parameters:
[boosting: gbdt]
[objective: regression]
[metric: rmse]
[tree_learner: serial]
[device_type: cpu]
[data_sample_strategy: bagging]
[data: ]
[valid: ]
[num_iterations: 5000]
[learning_rate: 0.01]
[num_leaves: 7]
[num_threads: 0]
[seed: 0]
[deterministic: 0]
[force_col_wise: 0]
[force_row_wise: 0]
[histogram_pool_size: -1]
[max_depth: -1]
[min_data_in_leaf: 30]
[min_sum_hessian_in_leaf: 0.001]
[bagging_fraction: 0.7]
[pos_bagging_fraction: 1]
[neg_bagging_fraction: 1]
[bagging_freq: 0]
[bagging_seed: 3]
[bagging_by_query: 0]
[feature_fraction: 0.7]
[feature_fraction_bynode: 1]
[feature_fraction_seed: 2]
[extra_trees: 0]
[extra_seed: 6]
[early_stopping_round: 0]
[early_stopping_min_delta: 0]
[first_metric_only: 0]
[max_delta_step: 0]
[lambda_l1: 0]
[lambda_l2: 10]
[linear_lambda: 0]
[min_gain_to_split: 0]
[drop_rate: 0.1]
[max_drop: 50]
[skip_drop: 0.5]
[xgboost_dart_mode: 0]
[uniform_drop: 0]
[drop_seed: 4]
[top_rate: 0.2]
[other_rate: 0.1]
[min_data_per_group: 100]
[max_cat_threshold: 32]
[cat_l2: 10]
[cat_smooth: 10]
[max_cat_to_onehot: 4]
[top_k: 20]
[monotone_constraints: ]
[monotone_constraints_method: basic]
[monotone_penalty: 0]
[feature_contri: ]
[forcedsplits_filename: ]
[refit_decay_rate: 0.9]
[cegb_tradeoff: 1]
[cegb_penalty_split: 0]
[cegb_penalty_feature_lazy: ]
[cegb_penalty_feature_coupled: ]
[path_smooth: 0]
[interaction_constraints: ]
[verbosity: -1]
[saved_feature_importance_type: 0]
[use_quantized_grad: 0]
[num_grad_quant_bins: 4]
[quant_train_renew_leaf: 0]
[stochastic_rounding: 1]
[linear_tree: 0]
[max_bin: 255]
[max_bin_by_feature: ]
[min_data_in_bin: 3]
[bin_construct_sample_cnt: 200000]
[data_random_seed: 1]
[is_enable_sparse: 1]
[enable_bundle: 1]
[use_missing: 1]
[zero_as_missing: 0]
[feature_pre_filter: 1]
[pre_partition: 0]
[two_round: 0]
[header: 0]
[label_column: ]
[weight_column: ]
[group_column: ]
[ignore_column: ]
[categorical_feature: ]
[forcedbins_filename: ]
[precise_float_parser: 0]
[parser_config_file: ]
[objective_seed: 5]
[num_class: 1]
[is_unbalance: 0]
[scale_pos_weight: 1]
[sigmoid: 1]
[boost_from_average: 1]
[reg_sqrt: 0]
[alpha: 0.9]
[fair_c: 1]
[poisson_max_delta_step: 0.7]
[tweedie_variance_power: 1.5]
[lambdarank_truncation_level: 30]
[lambdarank_norm: 1]
[label_gain: ]
[lambdarank_position_bias_regularization: 0]
[eval_at: ]
[multi_error_top_k: 1]
[auc_mu_weights: ]
[num_machines: 1]
[local_listen_port: 12400]
[time_out: 120]
[machine_list_filename: ]
[machines: ]
[gpu_platform_id: -1]
[gpu_device_id: -1]
[gpu_device_id_list: ]
[gpu_use_dp: 0]
[num_gpu: 1]

end of parameters

pandas_categorical:[]
