tree
version=v4
num_class=1
num_tree_per_iteration=1
label_index=0
max_feature_idx=25
objective=regression
feature_names=BG BR MNDWI NDSSI NDVI NDWI NR atm_corr_LaSRC catchment_area_sqkm elevation_m fai green_corr7 nir_corr7 pct_cropland_2006 pct_forest_2006 pct_impervious_2006 pct_urban_2006 pct_wetland_2006 precip_mm_prev3 srad_Wm2_prev1 srad_Wm2_prev30 srad_Wm2_prev7 temp_corr7 tmax_degC_prev30 tmean_degC_prev30 tmin_degC_prev30
feature_infos=[0.0012370235446707079:2.2033088716179861] [-105.87161617224014:92.127279903956847] [0.024880271524219028:1.6666666666666667] [-0.99111252421617468:1] [-1:1.0917556111650639] [-0.22345183879546426:1] [-22.797032079074647:14.055159328485072] [0:1] [0.16289999999999999:8426.6694000000007] [586:3404] [-0.096525252525252514:0.063646464646464646] [0.0050000000000000001:0.20000000000000001] [0:0.13300000000000001] [0:76.178382012400093] [0:94.2222222222222] [0:35.86973913043478] [0:94.29569266589057] [0:20.394736842105267] [-1.3322676295501878e-13:53.099999999999994] [37.200000000000003:362.20000000000005] [65.353333333332927:345.65666666666664] [41.514285714285869:359.21428571428839] [272.50441569690122:306.76999999999998] [8.3500000000000227:43.850000000000023] [-4.6466666666666665:31.364999999999917] [-27.449999999999989:20.650000000000034]
tree_sizes=1391 1470 1472 1469 1476 1487 1477 1443 1478 1447 1479 1481 1479 1492 1480 1472 1473 1454 1473 1474 1482 1476 1483 1480 1460 1471 1472 1471 1476 1463 1479 1481 1473 1478 1485 1472 1486 1479 1474 1477 1476 1452 1476 1469 1469 1472 1474 1482 1483 1481 1483 1464 1486 1448 1475 1475 1450 1465 1481 1476 1467 1478 1486 1473 1485 1473 1476 1475 1486 1470 1481 1473 1446 1443 1473 1480 1476 1470 1476 1459 1478 1475 1465 1477 1477 1455 1475 1442 1483 1467 1484 1462 1489 1481 1483 1473 1489 1478 1476 1480 1483 1480 1473 1468 1484 1484 1472 1484 1484 1474 1472 1468 1482 1472 1482 1484 1487 1486 1472 1475 1475 1472 1492 1484 1478 1472 1486 1489 1479 1477 1496 1493 1463 1478 1477 1479 1481 1478 1475 1475 1479 1488 1484 1479 1480 1475 1502 1479 1506 1478 1475 1483 1471 1463 1481 1490 1467 1472 1477 1468 1489 1474 1456 1489 1483 1476 1471 1475 1442 1476 1468 1467 1478 1485 1472 1450 1459 1471 1478 1479 1466 1482 1469 1455 1461 1492 1474 1476 1474 1449 1473 1486 1478 1467 1477 1484 1443 1439 1476 1490 1491 1485 1460 1493 1486 1481 1490 1477 1484 1463 1485 1484 1484 1469 1478 1485 1463 1496 1479 1488 1475 1482 1478 1453

Tree=0
num_leaves=15
num_cat=0
split_feature=0 11 11 0 11 11 11 0 4 1 1 17 15 0
split_gain=15508.2 3814.5 3229.46 1264.44 781.517 671.537 560.746 360.863 302.964 275.877 274.771 212.946 185.968 183.19
threshold=0.89968988932022298 0.022009118257899463 0.041429053835218041 1.0886072067415673 0.024475109035076954 0.066135301356038775 0.034137739864056486 1.0353281306920199 -0.033452723533446638 1.0386729304379201 1.0901442599444071 4.2160740086719004 0.60763970868423822 0.96071471621380733
decision_type=2 2 2 2 2 2 2 2 2 2 2 2 2 2
left_child=2 7 4 6 -1 9 13 -2 -8 -4 -6 -5 -12 -3
right_child=1 3 5 11 10 -7 8 -9 -10 -11 12 -13 -14 -15
leaf_value=3.1611970276606405 3.1737537562925824 3.1542179773129049 3.1268666551539632 3.1766989585977012 3.135699525325049 3.1215490960304777 3.1445399901156996 3.1941287275965604 3.1584375677407444 3.1365290603749463 3.1498592366891889 3.1474609629826262 3.1413306766373443 3.1635216376217041
leaf_weight=241 273 450 554 342 411 1156 593 347 191 816 461 29 526 528
leaf_count=241 273 450 554 342 411 1156 593 347 191 816 461 29 526 528
internal_value=3.14647 3.16481 3.13432 3.15824 3.14529 3.12727 3.15452 3.18631 3.14813 3.13239 3.14237 3.17461 3.14531 3.15949
internal_weight=6918 2753 4165 2133 1639 2526 1762 620 784 1370 1398 371 987 978
internal_count=6918 2753 4165 2133 1639 2526 1762 620 784 1370 1398 371 987 978
is_linear=0
shrinkage=1


Tree=1
num_leaves=15
num_cat=0
split_feature=11 11 11 8 4 8 4 8 3 22 16 22 25 2
split_gain=14526.9 3743.55 2692.14 940.889 769.003 652.366 523.918 436.134 300.563 270.443 224.343 179.64 173.67 150.593
threshold=0.034137739864056486 0.022009118257899463 0.059144850375991785 390.01365000000004 -0.10205120425988116 26.538750000000004 -1.0000000180025095e-35 390.01365000000004 0.61113677505840436 289.53765175013132 1.6842445749776798 290.0095832340034 10.400000000000036 0.45470944833001548
decision_type=2 2 2 2 2 2 2 2 2 10 2 10 10 2
left_child=1 5 4 6 8 -1 10 13 -2 -5 -3 -11 -9 -6
right_child=2 3 -4 9 7 -7 -8 12 -10 11 -12 -13 -14 -15
leaf_value=0.018135423223133634 -0.011828268479153184 0.006590151158878739 -0.022919080792358375 0.030949306714310908 0.0010593603221104955 0.041886828648285912 0.012532821853741062 0.018491262754873387 0.006722613120079041 -0.0022388501124722617 -0.0033219897766134611 0.017467744620090337 -0.0024572580781849949 -0.0067046706324729779
leaf_weight=206 1377 389 1456 203 522 550 714 138 80 50 497 242 46 448
leaf_count=206 1377 389 1456 203 522 550 714 138 80 50 497 242 46 448
internal_value=1.1606e-06 0.0172423 -0.0121078 0.0101695 -0.00594679 0.036062 0.0062821 0.000158286 -0.0107257 0.0219835 0.00106833 0.0141341 0.0134776 -0.00257941
internal_weight=6918 2851 4067 2095 2611 756 1600 1154 1457 495 886 292 184 970
internal_count=6918 2851 4067 2095 2611 756 1600 1154 1457 495 886 292 184 970
is_linear=0
shrinkage=0.01


Tree=2
num_leaves=15
num_cat=0
split_feature=11 11 11 8 4 8 4 14 23 8 8 13 13 8
split_gain=14247.1 3671.78 2639.66 924.064 754.038 638.991 513.732 508.261 441.591 366.953 249.479 244.622 218.655 194.098
threshold=0.034137739864056486 0.022009118257899463 0.059144850375991785 390.01365000000004 -0.10205120425988116 26.538750000000004 -1.0000000180025095e-35 0.25968510979177462 38.10000000000003 25.272900000000003 390.01365000000004 2.2180731912545748 2.406057576325757 36.914400000000008
decision_type=2 2 2 2 2 2 2 2 10 2 2 2 2 2
left_child=1 5 4 6 10 -1 13 -6 -5 -9 -2 -7 -8 -3
right_child=2 3 -4 8 7 11 12 9 -10 -11 -12 -13 -14 -15
leaf_value=0.017970117864536898 -0.012780126803345671 -0.0032539156359446242 -0.022692995532491524 0.025693835932569624 -0.0090278844679007302 0.042886549254752285 0.01520537301049491 -0.0029820946755550123 -6.7424589806065274e-06 0.010622537673201435 -0.0025507854275714009 0.0049786161648278891 0.0014539515361363111 0.00592097741916501
leaf_weight=206 1139 472 1456 417 380 526 562 335 78 439 318 24 152 414
leaf_count=206 1139 472 1456 417 380 526 562 335 78 439 318 24 152 414
internal_value=4.18639e-06 0.0170785 -0.0119876 0.0100737 -0.00588688 0.035717 0.00622122 0.000158388 0.0217816 0.00479484 -0.010619 0.0414827 0.0124109 0.00105825
internal_weight=6918 2851 4067 2095 2611 756 1600 1154 495 774 1457 550 714 886
internal_count=6918 2851 4067 2095 2611 756 1600 1154 495 774 1457 550 714 886
is_linear=0
shrinkage=0.01


Tree=3
num_leaves=15
num_cat=0
split_feature=10 13 6 24 9 10 13 3 4 3 3 10 9 19
split_gain=12162.4 3535.96 1902.98 983.009 991.78 718.031 677.79 617.354 395.4 367.997 366.97 352.314 192.577 173.016
threshold=-0.0051689681527573904 1.7970476720112285 1.1913919413919416 16.234166666666688 1240.5000000000002 -0.016122052790899222 1.0988292737062391 0.30465829923307691 -0.063210384188680926 0.090485326053800344 -0.018043131583994936 -0.0033618795520594063 2311.0000000000005 192.55000000000004
decision_type=2 2 2 10 2 2 2 2 2 2 2 2 2 10
left_child=5 2 3 4 -2 -1 13 8 -6 -10 -4 -9 -13 -5
right_child=1 -3 10 6 7 -7 -8 11 9 -11 -12 12 -14 -15
leaf_value=-0.024511211722271713 0.036720726920172496 -0.0075987097567281657 0.010787066054458375 0.016550508989374848 -0.0023106450887815078 -0.012912007993863779 0.028055322425947948 0.0029712568935664264 0.0022031272463054656 0.017535938502769396 0.032043719811077231 0.018969696503297155 0.039677093895642383 0.0012485696652901283
leaf_weight=1101 183 955 127 59 274 1214 90 82 262 401 569 229 94 1278
leaf_count=1101 183 955 127 59 274 1214 90 82 262 401 569 229 94 1278
internal_value=6.20378e-06 0.00940375 0.0138747 0.0102331 0.0157726 -0.0185955 0.00417016 0.0124114 0.00765369 0.0117334 0.0285886 0.022517 0.0269873 0.00216517
internal_weight=6918 4603 3648 2952 1525 2315 1427 1342 937 663 696 405 323 1337
internal_count=6918 4603 3648 2952 1525 2315 1427 1342 937 663 696 405 323 1337
is_linear=0
shrinkage=0.01


Tree=4
num_leaves=15
num_cat=0
split_feature=0 11 11 0 11 11 11 0 1 2 8 1 8 11
split_gain=14591.4 3542.18 2970.54 1199.06 725.135 615.658 522.06 356.592 292.712 276.706 233.894 145.582 145.038 129.261
threshold=0.89968988932022298 0.022009118257899463 0.041429053835218041 1.0886072067415673 0.028168050531988353 0.069283449343102183 0.030029870466207469 1.0353281306920199 1.0386729304379201 0.46864102392308843 46.376100000000008 1.0869702371643335 25.272900000000003 0.048986879326930716
decision_type=2 2 2 2 2 2 2 2 2 2 2 2 2 2
left_child=2 7 4 6 10 8 -3 -2 -4 12 -1 -6 -8 -5
right_child=1 3 5 13 11 -7 9 -9 -10 -11 -12 -13 -14 -15
leaf_value=0.0019456621739967653 0.026214894257746511 0.015089105004924181 -0.019394314601467282 0.028858785574810336 -0.011084558406290976 -0.024464184984735682 0.0026862318152448667 0.046216679634044217 -0.0098338442385142426 -0.00072305925801584628 0.015093167736413306 -0.0032400119495228259 0.013632190147510721 0.0020163436961728475
leaf_weight=306 273 621 603 348 350 1059 227 347 864 633 236 747 281 23
leaf_count=306 273 621 603 348 350 1059 227 347 864 633 236 747 281 23
internal_value=1.08241e-05 0.0178024 -0.0117756 0.011474 -0.00125271 -0.018536 0.00784329 0.0385195 -0.0139783 0.00369908 0.0080216 -0.00590544 0.00904695 0.0274085
internal_weight=6918 2753 4165 2133 1639 2526 1762 620 1467 1141 542 1097 508 371
internal_count=6918 2753 4165 2133 1639 2526 1762 620 1467 1141 542 1097 508 371
is_linear=0
shrinkage=0.01


Tree=5
num_leaves=15
num_cat=0
split_feature=10 13 8 20 10 10 10 12 8 10 12 12 17 8
split_gain=11725.6 3422.12 3362.24 914.348 1111.67 790.99 689.245 629.154 531.239 243.178 221.135 201.259 181.29 165.059
threshold=-0.0051689681527573904 1.7970476720112285 25.537500000000005 206.61499999999981 -0.0016484827113621111 0.0036854042196441156 -0.016122052790899222 0.017075828356138925 467.50860000000006 0.0017599839366035984 0.034848961750074188 0.029032917515358751 2.3004830204354181 1697.5800000000002
decision_type=2 2 2 8 2 2 2 2 2 2 2 2 2 2
left_child=6 2 5 8 -5 12 -1 -6 -4 -9 -7 -3 -2 -11
right_child=1 11 3 4 7 10 -8 9 -10 13 -12 -13 -14 -15
leaf_value=-0.024048298846175903 0.00033245374323486024 -0.00428775747419715 0.019356364011764528 0.0047001287145471346 0.029912651829237635 0.017544719760088687 -0.012681619182082438 0.0092432067045314821 0.049626835861934289 0.023911652426634514 -0.00075622272179132752 -0.014396121153190583 -0.0084805307451255637 -0.0019284922062679259
leaf_weight=1101 810 676 146 454 684 314 1214 378 166 288 79 279 306 23
leaf_count=1101 810 676 146 454 684 314 1214 378 166 288 79 279 306 23
internal_value=1.31377e-05 0.00924041 0.0136388 0.0216446 0.0185528 0.00214935 -0.0182515 0.0229929 0.0375113 0.0154593 0.0139832 -0.00748587 -0.00218197 0.0219694
internal_weight=6918 4603 3648 2139 1827 1509 2315 1373 312 689 393 955 1116 311
internal_count=6918 4603 3648 2139 1827 1509 2315 1373 312 689 393 955 1116 311
is_linear=0
shrinkage=0.01


Tree=6
num_leaves=15
num_cat=0
split_feature=10 14 8 6 23 10 12 8 23 10 3 8 15 5
split_gain=11499.6 3505.59 1978.5 1899.64 1587.88 675.766 588.858 568.231 475.7 348.058 288.48 265.988 248.809 243.038
threshold=-0.0051689681527573904 0.25968510979177462 390.01365000000004 1.2001537305020842 38.10000000000003 -0.016122052790899222 0.011270073272221071 467.50860000000006 31.300000000000015 -0.0013272456832844586 -0.018043131583994936 25.272900000000003 2.6415040341048548 0.52041783643296091
decision_type=2 2 2 2 10 2 2 2 10 2 2 2 2 2
left_child=5 12 3 6 7 -1 -3 -4 13 -8 -5 -11 -2 -9
right_child=1 2 4 10 -6 -7 9 8 -10 11 -12 -13 -14 -15
leaf_value=-0.023812106557715481 -0.004120618848658858 0.019518100043303437 0.019167325846541277 0.0088834878488572959 -0.001013211268765159 -0.012556858231236923 -0.0039248794807419298 0.048248730727706475 0.021747791041300892 0.000321999880492316 0.028710252080890505 0.0096723972191425211 -0.015494487340740094 0.0063696288352920894
leaf_weight=1101 755 205 347 117 187 1214 586 293 193 572 435 639 252 22
leaf_count=1101 755 205 347 117 187 1214 586 293 193 572 435 639 252 22
internal_value=1.55445e-05 0.00915345 0.0137567 0.00889201 0.025279 -0.0180722 0.0042472 0.0309326 0.0379198 0.00230394 0.0249829 0.00534097 -0.00722296 0.0459086
internal_weight=6918 4603 3596 2554 1042 2315 2002 855 508 1797 552 1211 1007 315
internal_count=6918 4603 3596 2554 1042 2315 2002 855 508 1797 552 1211 1007 315
is_linear=0
shrinkage=0.01


Tree=7
num_leaves=15
num_cat=0
split_feature=1 4 4 1 15 8 8 13 1 23 8 23 1 5
split_gain=10336.6 3015.59 2139.29 1368.83 1317.85 901.712 732.617 513.7 504.271 459.828 615.38 419.9 369.174 366.085
threshold=1.222017241031695 -0.086293186109356629 -0.14982122761397307 1.5977846757459158 0.7062270558660152 565.2225000000002 683.67465000000004 2.2180731912545748 1.0303346950950483 35.700000000000024 390.01365000000004 30.500000000000032 2.0000022500218573 0.18778621512548388
decision_type=2 2 2 2 2 2 2 2 2 10 2 10 2 2
left_child=2 4 -1 5 9 -3 8 -5 -4 10 -2 -8 -6 -7
right_child=1 3 6 7 12 13 11 -9 -10 -11 -12 -13 -14 -15
leaf_value=-0.020452485521566817 0.0047376132623999029 0.0083163591248884387 -0.014219522735348482 0.031049940969486402 -0.0097462538058484122 0.045385955032312644 0.040925764036178584 0.003931443065386982 -0.0018208383202584996 -0.0037070854107212081 0.025201557457239371 0.0039183148911239151 0.011840663135133602 0.009054507801930109
leaf_weight=1725 328 1028 498 816 746 86 30 84 920 170 267 94 71 55
leaf_count=1725 328 1028 498 816 746 86 30 84 920 170 267 94 71 55
internal_value=1.835e-05 0.011553 -0.0128609 0.019441 0.00111677 0.0119643 -0.00420891 0.0286702 -0.0063194 0.0104168 0.0144578 0.0173818 -0.00762023 0.0341615
internal_weight=6918 3651 3267 2069 1582 1169 1542 900 1418 765 595 124 817 141
internal_count=6918 3651 3267 2069 1582 1169 1542 900 1418 765 595 124 817 141
is_linear=0
shrinkage=0.01


Tree=8
num_leaves=15
num_cat=0
split_feature=0 11 11 0 11 11 0 11 6 0 17 0 23 11
split_gain=13715.9 3354.49 2746.85 1126.72 910.786 484.151 344.846 321.571 197.419 191.728 190.187 174.984 235.156 172.781
threshold=0.89968988932022298 0.022009118257899463 0.047108201820321056 1.0886072067415673 0.028168050531988353 0.037067825216728453 1.0353281306920199 0.069283449343102183 0.93472498501402679 0.8298557412466756 4.2160740086719004 0.96071471621380733 38.500000000000036 0.019955804785169399
decision_type=2 2 2 2 2 2 2 2 2 2 2 2 10 2
left_child=2 6 4 5 13 11 -2 9 -7 -4 -5 -3 -13 -1
right_child=1 3 7 10 -6 8 -8 -9 -10 -11 -12 12 -14 -15
leaf_value=0.019792693189624698 0.025401512035089242 0.0068421395039203158 -0.017119116781679402 0.028537376809926979 -0.0071627017053957267 -0.0024357191633609982 0.044969320911609593 -0.023606192339585007 0.0099337237602137671 -0.0056188493954154838 0.00090804432195668321 0.017319006969621038 -0.0024896563680261879 0.0048210660379072769
leaf_weight=80 273 519 795 342 1558 496 347 1059 152 211 29 534 61 462
leaf_count=80 273 519 795 342 1558 496 347 1059 152 211 29 534 61 462
internal_value=2.2099e-05 0.0172716 -0.0114052 0.0111137 -0.00329232 0.00759414 0.0374318 -0.0195401 0.000661331 -0.0148733 0.0265602 0.0115353 0.015257 0.00767442
internal_weight=6918 2753 4165 2133 2100 1762 620 2065 648 1006 371 1114 595 542
internal_count=6918 2753 4165 2133 2100 1762 620 2065 648 1006 371 1114 595 542
is_linear=0
shrinkage=0.01


Tree=9
num_leaves=15
num_cat=0
split_feature=17 13 9 17 23 16 15 9 14 19 17 16 14 9
split_gain=7753.34 2984.45 1394.76 2086.51 1756.1 954.27 611.125 575.666 352.948 346.79 335.242 296.404 272.707 193.426
threshold=4.127146804264183 1.7970476720112285 1422.5000000000002 3.007485931388084 38.200000000000024 1.9253515779513284 1.804824561403509 1800.5000000000002 0.05457676020289446 326.75000000000006 2.3004830204354181 0.58540103139209709 55.119286135364227 2305.5000000000005
decision_type=2 2 2 2 8 2 2 2 2 10 2 2 2 2
left_child=1 2 4 5 8 10 -2 -5 -1 12 13 -9 -10 -4
right_child=6 -3 3 7 -6 -7 -8 11 9 -11 -12 -13 -14 -15
leaf_value=-0.0038020746974388553 -0.010863359695024164 -0.010641264504136803 0.0064177496359385479 -0.0018157871201196138 -0.0029318019878511741 -0.0035487881393030975 -0.022512111966904353 -0.0021222059627374014 0.03612678966678113 0.0125407792001597 -0.012143242941532708 0.0313674649741678 0.014245420578299672 0.014267824640876994
leaf_weight=29 971 818 936 65 241 1170 966 25 467 143 59 400 108 520
leaf_count=29 971 818 936 65 241 1170 966 25 467 143 59 400 108 520
internal_value=2.47921e-05 0.00662958 0.0100602 0.00674871 0.020347 0.0031969 -0.0168485 0.0253029 0.027751 0.0291075 0.00839132 0.0293682 0.0326507 0.00938346
internal_weight=6918 4981 4163 3175 988 2685 1937 490 747 718 1515 425 575 1456
internal_count=6918 4981 4163 3175 988 2685 1937 490 747 718 1515 425 575 1456
is_linear=0
shrinkage=0.01


Tree=10
num_leaves=15
num_cat=0
split_feature=11 11 10 9 15 15 15 21 4 17 3 15 15 9
split_gain=12511.1 3297.83 2555.73 744.096 508.096 506.768 385.433 305.679 289.09 282.954 244.258 241.026 225.683 176.276
threshold=0.034137739864056486 0.020229433464281226 -0.0091508401602789155 1240.5000000000002 0.63853026695589155 0.59076950616564028 0.7884743464677626 244.48571428571705 0.017662070459492727 1.3817384654243854 0.11477520832741821 2.6415040341048548 0.39558454641884161 2705.5000000000005
decision_type=2 2 2 2 2 2 2 10 2 2 2 2 2 2
left_child=1 13 -2 7 5 9 8 -3 10 -4 -5 -6 -9 -1
right_child=2 3 4 6 11 -7 -8 12 -10 -11 -12 -13 -14 -15
leaf_value=0.038710481667337752 -0.02068647670856167 0.031890523059180741 0.0011442555951253744 -0.0042204121133416058 -0.006282057688622617 0.020173256440549837 -0.00026719289359517108 0.0043900482039416914 0.016336371137276366 -0.011100109093296793 0.0089484028602495273 -0.01689518884856139 0.022709174204394746 0.006960020312393198
leaf_weight=532 1660 178 773 160 1037 97 471 154 482 228 723 272 122 29
leaf_count=532 1660 178 773 160 1037 97 471 154 482 228 723 272 122 29
internal_value=2.57718e-05 0.016026 -0.0112116 0.0105115 -0.00455653 0.0004605 0.00751544 0.0217783 0.0101732 -0.00179768 0.00651051 -0.00871597 0.0135087 0.0373825
internal_weight=6918 2851 4067 2290 2407 1098 1836 454 1365 1001 883 1309 276 561
internal_count=6918 2851 4067 2290 2407 1098 1836 454 1365 1001 883 1309 276 561
is_linear=0
shrinkage=0.01


Tree=11
num_leaves=15
num_cat=0
split_feature=0 11 11 0 11 11 11 4 0 1 1 17 13 4
split_gain=13117.6 3196.44 2603.13 1074.82 604.703 603.719 460.406 356.374 333.224 284.847 206.897 178.384 157.921 117.946
threshold=0.89968988932022298 0.022009118257899463 0.040017781839351861 1.0886072067415673 0.024475109035076954 0.066135301356038775 0.030029870466207469 -0.034482758620689606 1.0353281306920199 1.0386729304379201 1.0901442599444071 4.2160740086719004 2.2180731912545748 -0.08395033087621008
decision_type=2 2 2 2 2 2 2 2 2 2 2 2 2 2
left_child=2 8 4 6 -1 9 12 -8 -2 -4 -6 -5 -3 -11
right_child=1 3 5 11 10 -7 7 -9 -10 13 -12 -13 -14 -15
leaf_value=0.013221131213851474 0.024784923605906936 0.016060735395350148 -0.018035499082872095 0.027888685063721396 -0.009647216574210889 -0.02260157100096041 -0.00033609473662240044 0.011404337890595776 0.043971839685916739 -0.010890609396396309 -0.00084608638517250133 0.0010153589732184703 0.0003774129644428429 -0.0025219633453873115
leaf_weight=241 273 546 587 342 362 1156 775 366 347 658 913 29 75 248
leaf_count=241 273 546 587 342 362 1156 775 366 347 658 913 29 75 248
internal_value=2.81895e-05 0.0168973 -0.0111471 0.0108855 -0.000666615 -0.0170913 0.00744731 0.00355287 0.0365776 -0.0125759 -0.00346304 0.025973 0.0142531 -0.0087146
internal_weight=6918 2753 4165 2133 1516 2649 1762 1141 620 1493 1275 371 621 906
internal_count=6918 2753 4165 2133 1516 2649 1762 1141 620 1493 1275 371 621 906
is_linear=0
shrinkage=0.01


Tree=12
num_leaves=15
num_cat=0
split_feature=0 0 10 10 1 14 14 0 15 0 20 10 16 20
split_gain=12867.4 2555.6 2523.77 813.521 781.815 478.604 471.436 342.485 299.616 288.92 222.134 203.336 155.635 189.801
threshold=0.89968988932022298 1.0886072067415673 -0.0067368927035123096 -0.0019931421131715843 1.1951597050318481 12.124038628878475 0.05457676020289446 0.98061044053216351 0.63853026695589155 0.81579658714317227 314.43166666666633 -0.016122052790899222 1.7775561589630364 201.47166666666664
decision_type=2 2 2 2 2 2 2 2 2 2 8 2 2 10
left_child=2 3 11 12 9 -3 -5 -8 -6 -4 -9 -1 13 -2
right_child=1 5 4 6 8 -7 7 10 -10 -11 -12 -13 -14 -15
leaf_value=-0.022623752520942109 0.021075805402227813 0.022726388900343217 -0.013212845208495489 0.00053783421358427825 0.0074503252133625289 0.043381751718257207 0.012248265333473682 0.02561661816829466 -0.0028224277056682601 -0.0028287992313479815 0.004400781343885979 -0.014873647186808487 -0.0034851040551670217 0.0026474474538662925
leaf_weight=1087 50 310 742 189 529 318 703 507 570 438 66 799 282 328
leaf_count=1087 50 310 742 189 529 318 703 507 570 438 66 799 282 328
internal_value=3.00364e-05 0.0167375 -0.0110382 0.0112962 -0.00389247 0.0342172 0.0154049 0.017557 0.00215817 -0.00947815 0.0234206 -0.0195362 0.00197664 0.00604678
internal_weight=6918 2753 4165 2125 2279 628 1465 1276 1099 1180 573 1886 660 378
internal_count=6918 2753 4165 2125 2279 628 1465 1276 1099 1180 573 1886 660 378
is_linear=0
shrinkage=0.01


Tree=13
num_leaves=15
num_cat=0
split_feature=0 11 11 0 11 11 11 0 0 13 4 24 0 4
split_gain=12622.3 3101.31 2512.15 1035.41 589.957 580.391 446.163 318.713 241.109 209.178 171.806 165.885 191.985 164.876
threshold=0.89968988932022298 0.022009118257899463 0.040017781839351861 1.0886072067415673 0.024475109035076954 0.066135301356038775 0.037545038322433603 1.0353281306920199 0.85385681885814801 3.290872717185537 -0.034482758620689606 20.305833333333435 0.95644541328300237 -0.068413325557543661
decision_type=2 2 2 2 2 2 2 2 2 2 2 8 2 2
left_child=2 7 4 6 -1 8 9 -2 -4 11 -8 12 -3 -6
right_child=1 3 5 -5 13 -7 10 -9 -10 -11 -12 -13 -14 -15
leaf_value=0.013082301332954302 0.02439895800483308 0.0081525336429608946 -0.014140552398112223 0.025466746320409697 -0.0068071713717109466 -0.022172832930790021 -0.0023415472124105174 0.043210146471512896 -0.0030979769506351853 -8.3886829824804008e-05 0.0093428662294678076 0.0053566819869922833 0.019599049278291904 0.00031213544190169363
leaf_weight=241 273 297 1240 371 657 1156 490 347 253 146 147 269 413 618
leaf_count=241 273 297 1240 371 657 1156 490 347 253 146 147 269 413 618
internal_value=3.20778e-05 0.0165797 -0.0109302 0.0106588 -0.000634656 -0.0167696 0.00728449 0.0359641 -0.0123416 0.0110174 0.000541963 0.0126515 0.0151791 -0.00339715
internal_weight=6918 2753 4165 2133 1516 2649 1762 620 1493 1125 637 979 710 1275
internal_count=6918 2753 4165 2133 1516 2649 1762 620 1493 1125 637 979 710 1275
is_linear=0
shrinkage=0.01


Tree=14
num_leaves=15
num_cat=0
split_feature=0 11 11 0 11 11 11 0 0 17 17 11 13 0
split_gain=12381.4 3043.23 2464.27 1015.74 622.129 509.27 438.648 313.626 230.037 207.172 175.278 174.508 150.92 112.883
threshold=0.89968988932022298 0.022009118257899463 0.041429053835218041 1.0886072067415673 0.024475109035076954 0.069283449343102183 0.030029870466207469 1.0042209115165934 0.85385681885814801 0.95452082597138055 4.2160740086719004 0.031227525781335946 2.2180731912545748 0.95233751168472891
decision_type=2 2 2 2 2 2 2 2 2 2 2 2 2 2
left_child=2 7 4 6 -1 8 12 -2 -4 13 -5 -6 -3 -8
right_child=1 3 5 10 11 -7 9 -9 -10 -11 -12 -13 -14 -15
leaf_value=0.012961503130194672 0.022313146010549408 0.015625701822298735 -0.014554189849467016 0.027122542131126175 0.0006805875021249219 -0.022375986588716618 0.0031627898631123464 0.041558477356074146 -0.0034035567923336642 -0.0011218868444727076 0.00070726347060836095 -0.0065390069877277269 0.00030830309417490898 0.011986683176843392
leaf_weight=241 221 546 1230 342 527 1059 342 399 237 532 29 871 75 267
leaf_count=241 221 546 1230 342 527 1059 342 399 237 532 29 871 75 267
internal_value=3.46766e-05 0.0164236 -0.0108225 0.0105584 -0.0012363 -0.01698 0.0072162 0.0356257 -0.0128295 0.00341587 0.0252251 -0.00383919 0.0138587 0.00730542
internal_weight=6918 2753 4165 2133 1639 2526 1762 620 1467 1141 371 1398 621 609
internal_count=6918 2753 4165 2133 1639 2526 1762 620 1467 1141 371 1398 621 609
is_linear=0
shrinkage=0.01


Tree=15
num_leaves=15
num_cat=0
split_feature=10 1 14 16 20 10 1 9 15 1 20 4 1 1
split_gain=9846.54 4111.44 1500.78 1277.65 913.706 544.628 501.798 404.634 383.97 329.14 305.529 277.093 242.701 176.777
threshold=-0.0052654026637165702 1.4234994044372724 14.32263354392177 1.6842445749776798 204.34666666666632 -0.016122052790899222 1.1155004638066539 1800.5000000000002 0.11665875592132696 1.6676202149078476 186.90499999999963 -0.011136880051593597 1.0644190644558809 1.3842590653287092
decision_type=2 2 2 2 8 2 2 2 2 2 8 2 2 2
left_child=5 3 7 4 8 -1 -5 10 -2 -4 -3 -8 -6 -7
right_child=1 2 9 6 12 13 11 -9 -10 -11 -12 -13 -14 -15
leaf_value=-0.021988915205467079 0.045906097519414865 0.023589599129540485 0.019206050184868744 -0.012172332938230404 -0.0041852745509429554 -0.013791268992632973 -0.0046925863261598018 0.019366324371987195 0.0051716614241401363 0.033796712518009038 0.0033510331781201508 0.0061846257161827416 0.0077492372011064119 -0.0039408922656507224
leaf_weight=1101 67 67 368 623 202 932 627 341 40 558 618 347 773 254
leaf_count=1101 67 67 368 623 202 932 627 341 40 558 618 347 773 254
internal_value=3.69367e-05 0.00841646 0.0193752 0.000343456 0.00864804 -0.0168525 -0.00531426 0.0107089 0.0339695 0.0285375 0.00595781 -0.000760911 0.00523218 -0.0117903
internal_weight=6918 4631 1952 2679 1082 2287 1597 1026 107 926 685 974 975 1186
internal_count=6918 4631 1952 2679 1082 2287 1597 1026 107 926 685 974 975 1186
is_linear=0
shrinkage=0.01


Tree=16
num_leaves=15
num_cat=0
split_feature=0 0 10 6 1 14 18 2 6 8 13 23 8 15
split_gain=11964.7 2387.51 2337.5 803.557 735.774 458.053 414.842 399.379 354.961 354.418 271.999 229.406 221.721 212.805
threshold=0.89968988932022298 1.0886072067415673 -0.0067368927035123096 0.99991965424749385 1.1951597050318481 12.124038628878475 -1.2378986724570494e-14 0.53842523783402119 1.2001537305020842 25.715700000000002 1.1839263696174613 34.800000000000018 467.50860000000006 0.71201123510302999
decision_type=2 2 2 2 2 2 8 2 2 2 2 8 2 2
left_child=2 3 -1 6 7 13 -2 -4 -6 -5 -11 12 -8 -3
right_child=1 5 4 9 8 -7 11 -9 -10 10 -12 -13 -14 -15
leaf_value=-0.018811810228217235 0.024062692508037782 0.024754863999056798 -0.0037495361527259451 0.0097604580393357981 -0.00041458211508108494 0.041983198420800401 0.0047262930686419362 -0.015517686131980011 0.014569293512521606 0.027394708831425588 0.0046610778236619967 -0.0015341693032895785 0.018738728021530229 -9.3504132317571821e-05
leaf_weight=1886 97 272 654 325 929 318 666 526 170 399 72 442 124 38
leaf_count=1886 97 272 654 325 929 318 666 526 170 399 72 442 124 38
internal_value=3.95812e-05 0.0161504 -0.0106333 0.0108912 -0.00375603 0.0330452 0.00597269 -0.00917487 0.00211325 0.0187433 0.0242713 0.00417878 0.00734644 0.0218576
internal_weight=6918 2753 4165 2125 2279 628 1329 1180 1099 796 471 1232 790 310
internal_count=6918 2753 4165 2125 2279 628 1329 1180 1099 796 471 1232 790 310
is_linear=0
shrinkage=0.01


Tree=17
num_leaves=15
num_cat=0
split_feature=0 11 11 0 11 11 8 11 8 13 1 0 8 23
split_gain=11737.7 2912.2 2333.8 965.336 792.216 421.516 307.229 272.866 209.338 197.32 192.827 172.981 167.642 205.436
threshold=0.89968988932022298 0.022009118257899463 0.047108201820321056 1.0886072067415673 0.028168050531988353 0.037545038322433603 26.538750000000004 0.069283449343102183 46.376100000000008 3.290872717185537 1.0869702371643335 0.8298557412466756 22.897350000000007 38.200000000000024
decision_type=2 2 2 2 2 2 2 2 2 2 2 2 2 8
left_child=2 6 4 5 8 9 -2 11 -1 12 -6 -4 -3 -14
right_child=1 3 7 -5 10 -7 -8 -9 -10 -11 -12 -13 13 -15
leaf_value=0.0014571837151560224 0.017922864871043147 0.0059093622036020419 -0.015852581274141474 0.024561167958971408 -0.011329231915804022 0.00045382774809568194 0.038978253520498378 -0.021774300608207384 0.013862455621128903 -0.0001390110317572772 -0.0039020595748013422 -0.0049836618432299402 0.017238748599655941 0
leaf_weight=306 145 334 795 371 554 637 475 1059 236 146 1004 211 566 79
leaf_count=306 145 334 795 371 554 637 475 1059 236 146 1004 211 566 79
internal_value=4.29769e-05 0.0160002 -0.0105282 0.0102634 -0.00304946 0.00700542 0.0347836 -0.0180266 0.00717763 0.0106336 -0.0066595 -0.0137242 0.0122208 0.015198
internal_weight=6918 2753 4165 2133 2100 1762 620 2065 542 1125 1558 1006 979 645
internal_count=6918 2753 4165 2133 2100 1762 620 2065 542 1125 1558 1006 979 645
is_linear=0
shrinkage=0.01


Tree=18
num_leaves=15
num_cat=0
split_feature=6 12 12 14 6 15 15 14 20 17 6 3 15 6
split_gain=7278.46 3143.85 1398.28 1289.59 786.69 726.54 711.31 538.106 526.518 384.135 274.892 235.734 217.647 209.666
threshold=0.73940087407964794 0.017075828356138925 0.013244546003979722 0.25968510979177462 1.2001537305020842 0.7062270558660152 0.099644470158808562 14.32263354392177 186.90499999999963 6.6061610580194587 0.90366769774635458 -0.14802791754585298 0.7062270558660152 0.85260789746149512
decision_type=2 2 2 2 2 2 2 2 8 2 2 2 2 2
left_child=2 6 5 -3 8 -1 -2 12 -5 -4 -10 -6 -8 -9
right_child=1 3 9 4 11 -7 7 13 10 -11 -12 -13 -14 -15
leaf_value=0.011523436391336836 0.036886321303546431 -0.0082169128810809199 -0.012675700442742967 0.028697636633835458 -0.0057190304588187824 -0.0089795645836328944 0.013932215727499536 0.0070611592795522442 -0.0023166423245167705 -0.021995208056897104 0.0058464493203759941 0.022524226128418996 0.0006324628593703342 0.026407503116881555
leaf_weight=291 230 801 1257 61 24 369 331 85 683 825 985 308 195 473
leaf_count=291 230 801 1257 61 24 369 331 85 683 825 985 308 195 473
internal_value=4.43673e-05 0.00834364 -0.0125605 0.00241215 0.00658717 0.000118732 0.0210256 0.0170439 0.00375734 -0.0165475 0.00251012 0.0202452 0.00922379 0.0238241
internal_weight=6918 4176 2742 2862 2061 660 1314 1084 1729 2082 1668 332 526 558
internal_count=6918 4176 2742 2862 2061 660 1314 1084 1729 2082 1668 332 526 558
is_linear=0
shrinkage=0.01


Tree=19
num_leaves=15
num_cat=0
split_feature=11 11 11 8 4 4 20 8 8 3 8 16 12 25
split_gain=10701.1 2882.79 1931.86 872.91 576.899 521.815 416.397 365.154 345.025 230.233 223.356 212.928 144.417 144.41
threshold=0.034137739864056486 0.020229433464281226 0.059144850375991785 390.01365000000004 -0.10205120425988116 0.10343512015723226 186.90499999999963 25.715700000000002 390.01365000000004 0.61113677505840436 36.914400000000008 0.58540103139209709 0.011639478312664913 10.400000000000036
decision_type=2 2 2 2 2 2 10 2 2 2 2 2 2 10
left_child=1 7 4 5 9 10 -5 -1 -6 -2 -3 -8 -13 -10
right_child=2 3 -4 6 8 -7 11 -9 13 -11 -12 12 -14 -15
leaf_value=0.01667318089435307 -0.010230556476468575 -0.0002666200484721844 -0.019505276751054925 0.038123671025658647 -0.0022734335379448224 0.017483968835526633 0.0073801048180734321 0.039581397729810702 0.016585945384694805 0.0059837223114795049 0.0075412400894731817 0.0094774837026904736 0.029123489941078901 -0.0024380130851359076
leaf_weight=136 1377 761 1456 100 970 311 228 425 138 80 680 92 118 46
leaf_count=136 1377 761 1456 100 970 311 228 425 138 80 680 92 118 46
internal_value=4.66509e-05 0.0148444 -0.0103461 0.00968981 -0.00512533 0.00612744 0.0206373 0.0348102 0.000160964 -0.00926453 0.00346382 0.0151327 0.0221327 0.0120082
internal_weight=6918 2851 4067 2290 2611 1752 538 561 1154 1457 1441 438 210 184
internal_count=6918 2851 4067 2290 2611 1752 538 561 1154 1457 1441 438 210 184
is_linear=0
shrinkage=0.01


Tree=20
num_leaves=15
num_cat=0
split_feature=11 11 10 1 1 1 14 18 2 2 13 23 2 4
split_gain=10498.5 2827.61 2124.48 826.827 559.226 398.73 363.268 349.656 347.547 331.445 300.785 203.719 192.957 189.1
threshold=0.034137739864056486 0.020229433464281226 -0.0091508401602789155 1.1567370640415726 1.4234994044372724 2.0000022500218573 48.659852916307571 -5.2735593669694928e-15 0.43241819920482555 0.42927291610562718 2.2180731912545748 27.300000000000015 0.52529965543133417 -0.14717263855771753
decision_type=2 2 2 2 2 2 2 10 2 2 2 8 2 2
left_child=1 6 -2 9 7 8 -1 11 -5 -4 13 -3 -9 -6
right_child=2 4 3 5 10 -7 -8 12 -10 -11 -12 -13 -14 -15
leaf_value=0.039130144532363374 -0.01888202838956966 0.028055584299120497 -0.0033866479675338673 0.0079963223971772496 0.006217162034514806 0.016063314513972918 0.016147413473135155 0.005680074358689619 -0.0039585991963368298 -0.015392504985392186 0.00097545192140755768 0.0063384455165854002 -0.0030568691617997384 0.019189096904569582
leaf_weight=429 1660 74 383 303 164 133 132 687 964 624 138 112 376 739
leaf_count=429 1660 74 383 303 164 133 132 687 964 624 138 112 376 739
internal_value=5.06594e-05 0.0147076 -0.0102432 -0.00417485 0.00960251 0.000806505 0.0344817 0.00495602 -0.001012 -0.0109908 0.0149695 0.0169121 0.00258106 0.0170298
internal_weight=6918 2851 4067 2407 2290 1400 561 1249 1267 1007 1041 186 1063 903
internal_count=6918 2851 4067 2407 2290 1400 561 1249 1267 1007 1041 186 1063 903
is_linear=0
shrinkage=0.01


Tree=21
num_leaves=15
num_cat=0
split_feature=0 11 11 0 11 0 4 17 1 2 9 2 0 11
split_gain=11055 2716.75 2148.18 786.583 727.439 543.536 289.64 266.886 183.727 191.223 181.465 166.106 161.144 149.033
threshold=0.89968988932022298 0.025593909851723873 0.047108201820321056 1.0991000212231081 0.028168050531988353 1.0353281306920199 0.023244641851864114 6.6061610580194587 1.3842590653287092 0.31047488699253961 1393.5000000000002 0.49375017752793687 0.81883866395278393 0.019955804785169399
decision_type=2 2 2 2 2 2 2 2 2 2 2 2 2 2
left_child=2 5 4 6 13 10 11 12 9 -6 -2 -3 -4 -1
right_child=1 3 7 -5 8 -7 -8 -9 -10 -11 -12 -13 -14 -15
leaf_value=0.018004426018893717 0.031529708216183408 0.0069837965829128573 -0.01570194497193042 0.022928388550687004 0.0018381352105325526 0.036965196962879893 0.0137387979761727 -0.021661493322269167 0.00092455906946019371 -0.00948705546964391 0.015072057821657943 -0.00034929784225264132 -0.0059598466374657369 0.0041399105420699385
leaf_weight=80 109 530 895 283 163 475 294 915 270 1125 367 695 255 462
leaf_count=80 109 530 895 283 163 475 294 915 270 1125 367 695 255 462
internal_value=5.31254e-05 0.0155393 -0.010206 0.00815731 -0.00302939 0.0290608 0.00513666 -0.0174004 -0.00648807 -0.00803998 0.0199803 0.00287658 -0.0136891 0.00677203
internal_weight=6918 2753 4165 1802 2100 951 1519 2065 1558 1288 476 1225 1150 542
internal_count=6918 2753 4165 1802 2100 951 1519 2065 1558 1288 476 1225 1150 542
is_linear=0
shrinkage=0.01


Tree=22
num_leaves=15
num_cat=0
split_feature=10 8 24 10 12 9 10 12 8 2 12 10 8 9
split_gain=8689.15 2282.47 1754.16 1025.26 754.386 626.604 487.278 431.643 417.585 501.268 318.31 402.017 221.462 208.398
threshold=-0.0052654026637165702 390.01365000000004 17.628333333333394 0.00047080239816920619 0.017075828356138925 1125.0000000000002 -0.016122052790899222 0.011270073272221071 467.50860000000006 0.77780758204045786 0.038425929042774774 0.0045603408593718206 599.97555000000011 1421.0000000000002
decision_type=2 2 10 2 2 2 2 2 2 2 2 2 2 2
left_child=6 3 8 7 13 -4 -1 -2 -3 -10 11 -6 -7 -5
right_child=1 2 5 4 10 12 -8 -9 9 -11 -12 -13 -14 -15
leaf_value=-0.020666485783061631 0.012880945481319246 0.018224570483853845 0.031185211040252864 0.028687907534358757 0.0018206612275580743 0.011751200895555116 -0.011025782532547487 -0.0033641778474505671 0.043385906465457862 0.0071750233465855996 -0.0069825000528246162 0.01402496693064113 -0.0029229528131609239 0.013579085518946734
leaf_weight=1101 163 219 66 155 680 128 1186 1527 313 54 180 438 318 390
leaf_count=1101 163 219 66 155 680 128 1186 1527 313 54 180 438 318 390
internal_value=5.55046e-05 0.00792718 0.0203911 0.00395779 0.00907633 0.00645329 -0.0158102 -0.00165916 0.0319375 0.0387299 0.00478103 0.0067732 0.0015906 0.0187572
internal_weight=6918 4631 1098 3533 1843 512 2287 1690 586 367 1298 1118 446 545
internal_count=6918 4631 1098 3533 1843 512 2287 1690 586 367 1298 1118 446 545
is_linear=0
shrinkage=0.01


Tree=23
num_leaves=15
num_cat=0
split_feature=0 11 11 0 11 11 11 0 1 13 1 17 8 6
split_gain=10707.4 2628.35 2063.49 890.597 498.641 482.661 373.794 295.967 281.96 184.897 176.371 158.575 156.135 155.719
threshold=0.89968988932022298 0.022009118257899463 0.040017781839351861 1.0886072067415673 0.024475109035076954 0.069283449343102183 0.037545038322433603 1.0042209115165934 1.0386729304379201 3.290872717185537 1.0901442599444071 4.2160740086719004 22.897350000000007 0.93472498501402679
decision_type=2 2 2 2 2 2 2 2 2 2 2 2 2 2
left_child=2 7 4 6 -1 8 9 -2 -4 12 -6 -5 -3 -8
right_child=1 3 5 11 10 -7 13 -9 -10 -11 -12 -13 -14 -15
leaf_value=0.011907697229778174 0.020473739879932333 0.0055911017534859735 -0.016741408366232929 0.025385236255310022 -0.0089530945034741547 -0.020647329351794842 -0.0022012820149516213 0.03882885098015014 -0.0078386436535850621 -0.00027270738933100761 -0.00082452027113047107 0.00042582029590801319 0.014543075265893293 0.0089225142810516016
leaf_weight=241 221 334 636 342 362 1059 490 399 954 146 913 29 645 147
leaf_count=241 221 334 636 342 362 1059 490 399 954 146 913 29 645 147
internal_value=5.89782e-05 0.0152998 -0.0100375 0.00984805 -0.000704069 -0.01533 0.00671859 0.033146 -0.0115697 0.0101355 -0.00324275 0.0235814 0.0116721 0.000543997
internal_weight=6918 2753 4165 2133 1516 2649 1762 620 1590 1125 1275 371 979 637
internal_count=6918 2753 4165 2133 1516 2649 1762 620 1590 1125 1275 371 979 637
is_linear=0
shrinkage=0.01


Tree=24
num_leaves=15
num_cat=0
split_feature=0 0 4 4 12 17 24 9 15 0 4 0 9 9
split_gain=10502.9 2127.39 1667.74 704.799 667.856 448.303 360.256 453.986 327.781 304.097 187.66 183.426 178.883 200.152
threshold=0.89968988932022298 1.0886072067415673 -0.14982122761397307 -1.0000000180025095e-35 0.019029298680714544 3.558134459055815 17.80250000000002 1154.0000000000002 2.6415040341048548 0.80487710309415872 0.055313169571094938 0.99509915263651261 1413.5000000000002 1701.5000000000002
decision_type=2 2 2 2 2 2 8 2 2 2 2 2 2 2
left_child=2 3 8 6 10 -3 7 -2 -1 -6 -4 -9 -5 -14
right_child=1 5 4 12 9 -7 -8 11 -10 -11 -12 -13 13 -15
leaf_value=-0.012707509901909804 0.030021129157745616 0.037307059174967468 0.0018799906170793943 0.025776345915372919 -0.01191286909772224 0.016716324668859358 0.00043793693865741074 0.0030194872402817779 -0.021336754445104376 -0.00224876088903173 0.014026939008811799 0.01550036555904874 0.0022497898342100369 0.016784845441530697
leaf_weight=1533 86 416 407 213 612 212 681 406 739 702 172 156 129 454
leaf_count=1533 86 416 407 213 612 212 681 406 739 702 172 156 129 454
internal_value=6.03659e-05 0.015155 -0.0099393 0.0101915 -0.0029517 0.031102 0.00558458 0.0108033 -0.0156803 -0.00686847 0.00585297 0.00691472 0.0175455 0.0137666
internal_weight=6918 2753 4165 2125 1893 628 1329 648 2272 1314 579 562 796 583
internal_count=6918 2753 4165 2125 1893 628 1329 648 2272 1314 579 562 796 583
is_linear=0
shrinkage=0.01


Tree=25
num_leaves=15
num_cat=0
split_feature=11 11 10 8 14 6 14 25 6 3 8 6 8 14
split_gain=9625.03 2622 1935.49 808.272 618.551 476.511 357.081 314.961 306.002 253.078 242.184 239.493 217.601 124.784
threshold=0.034137739864056486 0.020229433464281226 -0.0091508401602789155 390.01365000000004 0.25968510979177462 1.2500367538721859 48.659852916307571 -2.7999999999999825 0.93208559089700993 0.56299043691063877 22.897350000000007 0.73940087407964794 36.914400000000008 17.596300554763893
decision_type=2 2 2 2 2 2 2 10 2 2 2 2 2 2
left_child=1 6 -2 5 -4 12 -1 -5 9 -6 -10 -9 -3 -13
right_child=2 3 4 7 8 -7 -8 11 10 -11 -12 13 -14 -15
leaf_value=0.03771374179594808 -0.018038921051489611 -0.00034176770441887917 -0.010439309875593718 0.03159217858537175 -0.004269385725749043 0.017073745455707404 0.01519574910849578 -0.0023454952798783778 -0.0015330921250009319 0.012826451430097224 0.013278759840354034 0.012388978009566074 0.0073056686599837139 0.02993624596023246
leaf_weight=429 1660 772 904 154 1006 289 132 71 185 75 237 257 691 56
leaf_count=429 1660 772 904 154 1006 289 132 71 185 75 237 257 691 56
internal_value=6.31786e-05 0.0140972 -0.00979321 0.00918179 -0.00400059 0.00575589 0.0331381 0.0197142 -3.51408e-05 -0.00286274 0.00698723 0.0135977 0.00331332 0.0171679
internal_weight=6918 2851 4067 2290 2407 1752 561 538 1503 1081 422 384 1463 313
internal_count=6918 2851 4067 2290 2407 1752 561 538 1503 1081 422 384 1463 313
is_linear=0
shrinkage=0.01


Tree=26
num_leaves=15
num_cat=0
split_feature=11 11 10 8 13 8 6 8 6 25 6 8 13 3
split_gain=9442.2 2571.95 1897.77 794.852 571.709 520.63 468.598 349.039 337.711 309.172 235.509 196.98 185.607 164.112
threshold=0.034137739864056486 0.020229433464281226 -0.0091508401602789155 390.01365000000004 2.9727379293480429 25.272900000000003 1.2001537305020842 25.715700000000002 0.93472498501402679 -2.7999999999999825 0.73940087407964794 36.914400000000008 0.97093427165592117 0.56299043691063877
decision_type=2 2 2 2 2 2 2 2 2 10 2 2 2 2
left_child=1 7 -2 6 5 -4 11 -1 13 -5 -11 -3 -13 -7
right_child=2 3 4 9 -6 8 -8 -9 -10 10 -12 12 -14 -15
leaf_value=0.015358923115080613 -0.017860679313579264 -0.00053419530247472561 -0.0060089930588129612 0.031312569522930461 -0.011197841553441725 -0.0010116723220039644 0.015737221755892844 0.037450296040791808 0.015511842706255266 -0.0023271953192754431 0.017021914966650554 0.010198125962442009 -0.0012138014243780765 0.013416907481808703
leaf_weight=136 1660 742 867 154 733 531 350 425 204 71 313 466 194 72
leaf_count=136 1660 742 867 154 733 531 350 425 204 71 313 466 194 72
internal_value=6.66213e-05 0.0139667 -0.0096957 0.00909834 -0.00395978 -0.000689728 0.00570104 0.0328251 0.00502004 0.0195428 0.0134815 0.00300245 0.00689196 0.0010705
internal_weight=6918 2851 4067 2290 2407 1674 1752 561 807 538 384 1402 660 603
internal_count=6918 2851 4067 2290 2407 1674 1752 561 807 538 384 1402 660 603
is_linear=0
shrinkage=0.01


Tree=27
num_leaves=15
num_cat=0
split_feature=11 11 11 8 24 8 14 11 14 13 8 14 13 5
split_gain=9261.42 2523.36 1691.77 780.601 464.874 352.935 345.7 292.456 235.943 224.254 291.59 192.385 180.005 176.682
threshold=0.034137739864056486 0.020229433464281226 0.051132097672194635 390.01365000000004 17.495833333333369 390.01365000000004 48.659852916307571 0.069283449343102183 2.4090117190252536 0.97093427165592117 22.897350000000007 17.596300554763893 2.2180731912545748 0.098081151986341819
decision_type=2 2 2 2 10 2 2 2 2 2 2 2 2 2
left_child=1 6 5 9 -5 -2 12 -4 -7 10 13 -6 -1 -3
right_child=2 3 7 4 11 8 -8 -9 -10 -11 -12 -13 -14 -15
leaf_value=0.03872037303527804 -0.0053522618678434738 0.010830745079266351 -0.011459772725336581 0.028054554557940304 0.0043578093528747561 0.00028880886022371294 0.014879537719841067 -0.019857454364611345 0.017041322482506865 -0.0011290899508560989 0.012328240426860079 0.026707054483890533 0.0064240637266387551 1.3003332221695613e-05
leaf_weight=401 1697 190 875 278 230 320 132 1080 95 376 642 30 28 544
leaf_count=401 1697 190 875 278 230 320 132 1080 95 376 642 30 28 544
internal_value=6.92948e-05 0.0138357 -0.00959911 0.00901343 0.0193639 -0.00333578 0.0325152 -0.0162581 0.0047539 0.00564671 0.00749505 0.00869573 0.0370148 0.00303951
internal_weight=6918 2851 4067 2290 538 2112 561 1955 415 1752 1376 260 429 734
internal_count=6918 2851 4067 2290 538 2112 561 1955 415 1752 1376 260 429 734
is_linear=0
shrinkage=0.01


Tree=28
num_leaves=15
num_cat=0
split_feature=10 14 8 6 24 9 10 8 8 13 2 3 2 3
split_gain=7814.82 2539.36 1450.25 1390.76 1268.3 477.715 437.591 428.224 425.112 410.398 370.632 219.817 186.653 175.371
threshold=-0.0052654026637165702 0.25968510979177462 390.01365000000004 1.2001537305020842 17.628333333333394 1125.0000000000002 -0.016122052790899222 467.50860000000006 25.272900000000003 0.97093427165592117 0.77780758204045786 -0.034055633690714328 0.45214160315971136 0.12034482758620696
decision_type=2 2 2 2 10 2 2 2 2 2 2 2 2 2
left_child=6 12 3 8 7 -6 -1 -4 -3 -10 -9 -5 -2 -14
right_child=1 2 4 11 5 -7 -8 10 9 -11 -12 -13 13 -15
leaf_value=-0.019576488117937475 0.00073668764656160848 -0.001629453745159573 0.017316941793532614 0.0061421148320201973 0.029985702981912467 0.0037204538487372392 -0.010439540225193942 0.041779697838783582 0.010939872105655122 -0.0031611952517471226 0.0082464939842798873 0.02402186705196831 -0.015002907754920119 -0.0047826993151407959
leaf_weight=1101 272 924 219 102 66 404 1186 312 822 262 50 450 273 475
leaf_count=1101 272 924 219 102 66 404 1186 312 822 262 50 450 273 475
internal_value=7.22007e-05 0.00753736 0.0114609 0.00729509 0.0212727 0.00850254 -0.0149741 0.0309598 0.00333418 0.0075271 0.0378485 0.0210658 -0.00629632 -0.00881939
internal_weight=6918 4631 3611 2560 1051 470 2287 581 2008 1084 362 552 1020 748
internal_count=6918 4631 3611 2560 1051 470 2287 581 2008 1084 362 552 1020 748
is_linear=0
shrinkage=0.01


Tree=29
num_leaves=15
num_cat=0
split_feature=11 11 1 8 6 1 23 1 8 2 8 5 11 8
split_gain=8942.12 2447.83 1688.71 751.737 726.083 528.545 430.439 361.709 333.305 305.005 276.133 233.569 191.181 187.841
threshold=0.034137739864056486 0.020229433464281226 1.0644190644558809 390.01365000000004 0.80372924045317939 1.4747468523983533 31.600000000000026 2.0273262943799168 25.715700000000002 0.42927291610562718 390.01365000000004 0.19283944727096783 0.069283449343102183 467.50860000000006
decision_type=2 2 2 2 2 2 10 2 2 2 2 2 2 2
left_child=1 8 9 5 7 -3 13 12 -1 -2 -6 -7 -4 -5
right_child=2 3 4 6 10 11 -8 -9 -10 -11 -12 -13 -14 -15
leaf_value=0.014945359554094 -0.0065029599864052179 0.0014195815666570646 -0.007344134322373545 0.012154756819456816 0.00021237257607694109 0.022091599348932504 0.01029718284080007 0.01007819472296724 0.03651619218909339 -0.018908341906723181 0.013952939290074736 0.0082109679999461723 -0.016471944168923856 0.03586175936983943
leaf_weight=136 265 1135 1039 80 792 180 312 83 425 1414 160 437 314 146
leaf_count=136 265 1135 1039 80 792 180 312 83 425 1414 160 437 314 146
internal_value=7.40529e-05 0.0136011 -0.00942622 0.00885175 -0.00396056 0.0055476 0.0190093 -0.00840729 0.0319986 -0.0170559 0.00277158 0.0128426 -0.00967885 0.029181
internal_weight=6918 2851 4067 2290 2388 1752 538 1436 561 1679 952 617 1353 226
internal_count=6918 2851 4067 2290 2388 1752 538 1436 561 1679 952 617 1353 226
is_linear=0
shrinkage=0.01


Tree=30
num_leaves=15
num_cat=0
split_feature=10 13 8 23 8 8 10 10 10 19 15 17 3 8
split_gain=7530.23 2394.19 2396.23 794.077 1022.24 571.323 549.068 439.495 421.986 361.991 175.84 155.963 150.862 136.84
threshold=-0.0052654026637165702 1.7970476720112285 25.537500000000005 38.200000000000024 467.50860000000006 5546.6244000000015 0.0036854042196441156 0.0016583360565578895 -0.016122052790899222 320.85000000000008 1.9093632691144744 2.3004830204354181 0.015048082658374009 44.703450000000011
decision_type=2 2 2 10 2 2 2 2 2 10 2 2 2 2
left_child=8 2 6 4 7 9 11 -4 -1 -6 -3 -2 -8 -9
right_child=1 10 3 -5 5 -7 12 13 -10 -11 -12 -13 -14 -15
leaf_value=-0.019212540179045737 0.0001595491410430091 -0.0043019443526542021 0.010373333257138477 -0.0012594976946819834 0.038840161093964647 -0.010729557784592234 0.0040461249063736288 0.029911827511871547 -0.010240158531826441 0.014480212958795684 -0.015316013778223003 -0.0079780772845684123 0.016855091578574372 0.016611621876977182
leaf_weight=1101 812 797 905 195 378 21 187 189 1186 113 168 310 206 350
leaf_count=1101 812 797 905 195 378 21 187 189 1186 113 168 310 206 350
internal_value=7.67576e-05 0.00740474 0.0110834 0.0178198 0.0197204 0.0318503 0.00140507 0.0150363 -0.0146931 0.0340396 -0.00650162 -0.0021804 0.0112755 0.0221966
internal_weight=6918 4631 3666 2151 1956 512 1515 1444 2287 491 965 1122 393 539
internal_count=6918 4631 3666 2151 1956 512 1515 1444 2287 491 965 1122 393 539
is_linear=0
shrinkage=0.01


Tree=31
num_leaves=15
num_cat=0
split_feature=11 11 1 8 4 1 24 1 14 14 9 11 11 1
split_gain=8634.94 2377.81 1634.94 723.383 698.588 512.847 433.864 352.387 328.565 272.475 236.786 186.427 183.029 173.71
threshold=0.034137739864056486 0.020229433464281226 1.0644190644558809 390.01365000000004 -0.10968045648422688 1.4747468523983533 17.495833333333369 2.0273262943799168 48.659852916307571 0.05457676020289446 1127.0000000000002 0.048030701110568126 0.069283449343102183 1.1217697972837888
decision_type=2 2 2 2 2 2 10 2 2 2 2 2 2 2
left_child=1 8 11 5 7 13 -5 12 -1 -6 -8 -2 -4 -3
right_child=2 3 4 6 9 -7 10 -9 -10 -11 -12 -13 -14 -15
leaf_value=0.035883508888249573 -0.010388032469747222 -0.0052011930596083398 -0.0072168117369819859 0.027048896500534509 -0.0055436516626408174 0.012634173014436614 0.026261750616259495 0.0099905560310315153 0.014350524356460052 0.0060169701411163902 0.0032326794718682025 -0.018874648197246588 -0.016153954361414837 0.0036193474317661356
leaf_weight=429 448 280 1037 278 268 617 39 83 132 686 221 1231 314 855
leaf_count=429 448 280 1037 278 268 617 39 83 132 686 221 1231 314 855
internal_value=7.77841e-05 0.0133705 -0.00925788 0.00868988 -0.00388005 0.00544839 0.0186543 -0.00824936 0.0315025 0.00271192 0.00835185 -0.016765 -0.00950663 0.00138231
internal_weight=6918 2851 4067 2290 2388 1752 538 1434 561 954 260 1679 1351 1135
internal_count=6918 2851 4067 2290 2388 1752 538 1434 561 954 260 1679 1351 1135
is_linear=0
shrinkage=0.01


Tree=32
num_leaves=15
num_cat=0
split_feature=4 12 12 14 8 6 8 17 2 14 8 23 17 8
split_gain=5724.59 2459.4 1084.55 1065.9 1017.15 653.057 548.021 511.559 447.344 319.591 317.923 472.587 317.647 290.937
threshold=-0.14982122761397307 0.017075828356138925 0.013244546003979722 0.25968510979177462 467.50860000000006 1.2001537305020842 25.272900000000003 4.2457952378220734 0.51897828074894059 14.32263354392177 565.2225000000002 38.200000000000024 6.6061610580194587 390.01365000000004
decision_type=2 2 2 2 2 2 2 2 2 2 2 10 2 2
left_child=2 4 7 -3 9 6 -5 13 10 -2 -8 -12 -4 -1
right_child=1 3 12 5 -6 -7 8 -9 -10 -11 11 -13 -14 -15
leaf_value=-4.3863582992887598e-05 0.0078227372171241916 -0.0074774343374876661 -0.011107211210555041 -0.0030380114361106326 0.036008103084314964 0.018425603201559917 0.0081910858338329305 -0.0097392340206179113 -0.00076512460258196702 0.019270476132158643 0.034982610216507545 0.00050783955664491826 -0.019554399899587301 0.017139605648646302
leaf_weight=221 529 801 1257 742 258 332 464 281 354 529 110 59 825 156
leaf_count=221 529 801 1257 742 258 332 464 281 354 529 110 59 825 156
internal_value=7.92162e-05 0.00743509 -0.0111061 0.00218531 0.018641 0.00598128 0.00340264 8.03688e-05 0.00821866 0.0138072 0.0131276 0.0243273 -0.0146134 0.0075466
internal_weight=6918 4178 2740 2862 1316 2061 1729 658 987 1058 633 169 2082 377
internal_count=6918 4178 2740 2862 1316 2061 1729 658 987 1058 633 169 2082 377
is_linear=0
shrinkage=0.01


Tree=33
num_leaves=15
num_cat=0
split_feature=0 0 10 4 0 17 24 9 13 4 24 0 15 17
split_gain=9197.95 1873.09 1667.97 605.479 511.202 403.138 332.411 386.647 222.899 211.582 182.228 158.966 128.942 108.271
threshold=0.90055833070805669 1.0886072067415673 -0.0071274633909167821 -1.0000000180025095e-35 0.81795597058742997 3.558134459055815 17.80250000000002 1154.0000000000002 7.6143717136279179 0.058429319997560146 16.300000000000036 0.99509915263651261 1.5520928069556754 1.9998798916532659
decision_type=2 2 2 2 2 2 8 2 2 2 10 2 2 2
left_child=2 3 12 6 10 -3 7 -2 -5 13 -4 -9 -1 -6
right_child=1 5 4 8 9 -7 -8 11 -10 -11 -12 -13 -14 -15
leaf_value=-0.013375995465961805 0.028126066708761565 0.03515140482316375 -0.0030645658615016448 0.018305170676406728 0.0015698038243352631 0.015663425628625757 0.00037900370845938419 0.0029299885233392267 0.00099525247186979396 0.0092520100069046016 -0.011248490546008389 0.014647032473506195 -0.019726218339855685 -0.0052261954098476674
leaf_weight=1029 86 416 465 699 587 212 678 389 87 230 727 156 795 362
leaf_count=1029 86 416 465 699 587 212 678 389 87 230 727 156 795 362
internal_value=8.10364e-05 0.0143347 -0.00919282 0.00961705 -0.00360496 0.0292746 0.00530636 0.0104111 0.0164738 0.00105877 -0.00816744 0.00670132 -0.0163331 -0.0010666
internal_weight=6918 2723 4195 2095 2371 628 1309 631 786 1179 1192 545 1824 949
internal_count=6918 2723 4195 2095 2371 628 1309 631 786 1179 1192 545 1824 949
is_linear=0
shrinkage=0.01


Tree=34
num_leaves=15
num_cat=0
split_feature=0 11 11 0 8 11 11 0 4 24 0 10 4 24
split_gain=9023.24 2198.99 1686.72 648.916 532.175 414.898 396.478 256.342 246.147 218.152 203.217 128.442 126.589 116.154
threshold=0.90055833070805669 0.025593909851723873 0.040017781839351861 1.0991000212231081 467.50860000000006 0.024475109035076954 0.069283449343102183 1.0522193910841533 0.023244641851864114 20.305833333333435 0.85385681885814801 -0.0058089074911140178 -0.068413325557543661 16.815833333333362
decision_type=2 2 2 2 2 2 2 2 2 10 2 2 2 8
left_child=2 4 5 8 7 -1 10 -2 11 -6 -4 -3 -7 -13
right_child=1 3 6 -5 9 12 -8 -9 -10 -11 -12 13 -14 -15
leaf_value=0.010660385259924304 0.014090030616244826 -0.0049718468556966397 -0.012098620959976585 0.020888727175720382 0.041530788889725272 -0.0060160706877929338 -0.018714491840434708 0.028547091378448568 0.012728201314027297 0.010802106545521663 -0.0023851426747395522 0.0080220405839745539 0.000188561275045621 0.001180373693146129
leaf_weight=246 409 172 1327 283 251 663 1060 241 287 45 273 402 626 633
leaf_count=246 409 172 1327 283 251 663 1060 241 287 45 273 402 626 633
internal_value=8.24278e-05 0.0142 -0.00910293 0.00748933 0.0263793 -0.000727655 -0.0138908 0.0201573 0.00470215 0.0378702 -0.0104973 0.0026092 -0.00303832 0.0039489
internal_weight=6918 2723 4195 1777 946 1535 2660 650 1494 296 1600 1207 1289 1035
internal_count=6918 2723 4195 1777 946 1535 2660 650 1494 296 1600 1207 1289 1035
is_linear=0
shrinkage=0.01


Tree=35
num_leaves=15
num_cat=0
split_feature=11 11 11 13 6 11 17 13 3 24 6 13 17 17
split_gain=8057.24 2245.54 1470.1 402.61 331.479 311.183 266.95 261.39 202.123 183.541 187.291 157.264 140.195 128.409
threshold=0.034137739864056486 0.020229433464281226 0.051132097672194635 2.027737174034526 0.89605650772540335 0.028168050531988353 6.6061610580194587 2.9727379293480429 0.56299043691063877 8.4891666666666534 1.060266411985985 1.0988292737062391 1.8842635515216968 4.2160740086719004
decision_type=2 2 2 2 2 2 2 2 2 8 2 2 2 2
left_child=1 13 4 5 8 9 -4 -6 -2 -3 -11 12 -7 -1
right_child=2 3 6 -5 7 11 -8 -9 -10 10 -12 -13 -14 -15
leaf_value=0.031443945794879274 -0.0067706319623318479 0.025319153232057749 -0.011397733944830147 -0.0015130189001770593 0.0066184196055585299 0.0060805812785693462 -0.019391474561276715 -0.0067948250750367702 0.0069945409875206586 0.0074318819436049125 0.016852351715917594 0.016310637357229946 -0.0034989381835195954 0.0024121083337813615
leaf_weight=541 1353 119 1080 343 473 587 875 187 99 542 412 99 188 20
leaf_count=541 1353 119 1080 343 473 587 875 187 99 542 412 99 188 20
internal_value=8.46721e-05 0.012925 -0.00893326 0.00837713 -0.00309445 0.0101222 -0.0151407 0.00271522 -0.00574302 0.0137203 0.011773 0.00548557 0.00371463 0.0305448
internal_weight=6918 2851 4067 2290 2112 1947 1955 660 1452 1073 954 874 775 561
internal_count=6918 2851 4067 2290 2112 1947 1955 660 1452 1073 954 874 775 561
is_linear=0
shrinkage=0.01


Tree=36
num_leaves=15
num_cat=0
split_feature=0 11 11 0 0 11 11 2 0 14 13 11 11 17
split_gain=8737.96 2115.25 1614.4 630.785 444.974 397.691 381.832 208.583 197.889 133.903 106.136 101.505 95.5921 95.4267
threshold=0.90055833070805669 0.025593909851723873 0.040017781839351861 1.0991000212231081 1.0353281306920199 0.024475109035076954 0.069283449343102183 0.51376235300482553 0.85385681885814801 0.18878400559026068 2.406057576325757 0.031227525781335946 0.037928451440826356 4.2160740086719004
decision_type=2 2 2 2 2 2 2 2 2 2 2 2 2 2
left_child=2 4 5 7 10 -1 8 9 -4 -3 -2 -7 -9 -5
right_child=1 3 6 13 -6 11 -8 12 -10 -11 -12 -13 -14 -15
leaf_value=0.010391326408101403 0.019316173138428632 -0.0004370437110746335 -0.011886570049019747 0.02217793809203597 0.033038200912686687 0.00028027124597136205 -0.018371353571924071 0.0040434738926395973 -0.0023055343742167688 0.0099820335061553533 0.0028539241166555718 -0.0053510292971676041 -0.0031595070853502232 4.6799587351935247e-05
leaf_weight=246 418 147 1327 261 475 539 1060 365 273 649 53 750 333 22
leaf_count=246 418 147 1327 261 475 539 1060 365 273 649 53 750 333 22
internal_value=8.58749e-05 0.0139785 -0.0089531 0.00739588 0.0259242 -0.000758539 -0.0136372 0.00464757 -0.0103066 0.0080821 0.0176758 -0.00302034 0.000600879 0.0206071
internal_weight=6918 2723 4195 1777 946 1535 2660 1494 1600 796 471 1289 698 283
internal_count=6918 2723 4195 1777 946 1535 2660 1494 1600 796 471 1289 698 283
is_linear=0
shrinkage=0.01


Tree=37
num_leaves=15
num_cat=0
split_feature=0 11 11 0 1 11 2 8 0 2 1 4 11 11
split_gain=8570.01 2081.62 1583.08 725.598 417.004 390.279 319.267 293.808 248.633 186.563 156.68 131.961 103.897 102.043
threshold=0.90055833070805669 0.022009118257899463 0.040017781839351861 1.0886072067415673 1.0386729304379201 0.024475109035076954 0.51670852796590261 24.973650000000003 1.0353281306920199 0.51897828074894059 1.0901442599444071 0.094678049423527408 0.025593909851723873 0.048986879326930716
decision_type=2 2 2 2 2 2 2 2 2 2 2 2 2 2
left_child=2 8 5 6 -4 -1 7 -3 -2 -6 -7 -8 -9 -5
right_child=1 3 4 13 9 10 11 12 -10 -11 -12 -13 -14 -15
leaf_value=0.010295226174000567 0.019752835782710462 0.0031275810685726891 -0.017478394849023009 0.022613373911995242 -0.0016208181719088721 -0.0083748538592737908 0.00022087307190198926 0.023829477342920815 0.036008876518673731 -0.011130238230854494 -0.00073724082288633536 0.016021241037452824 0.011500443245656352 0.00024092208767353103
leaf_weight=246 268 395 1340 348 268 363 757 103 347 1052 926 37 445 23
leaf_count=246 268 395 1340 348 268 363 757 103 347 1052 926 37 445 23
internal_value=8.67925e-05 0.0138453 -0.00886489 0.00895375 -0.0135034 -0.000750141 0.00609078 0.0099654 0.0297859 -0.00926001 -0.00299083 0.001345 0.0145928 0.0213352
internal_weight=6918 2723 4195 2108 2660 1535 1737 943 615 1320 1289 794 548 371
internal_count=6918 2723 4195 2108 2660 1535 1737 943 615 1320 1289 794 548 371
is_linear=0
shrinkage=0.01


Tree=38
num_leaves=15
num_cat=0
split_feature=0 11 11 0 11 8 1 6 1 8 23 1 2 2
split_gain=8408.26 2058.68 1531.3 614.147 534.186 524.877 438.397 239.487 224.504 176.47 167.494 158.739 166.609 142.017
threshold=0.89968988932022298 0.025593909851723873 0.047108201820321056 1.0991000212231081 0.028168050531988353 467.50860000000006 1.5138701040630089 1.0460412625205027 1.0672653741612679 46.376100000000008 34.800000000000018 1.3842590653287092 0.31047488699253961 0.49375017752793687
decision_type=2 2 2 2 2 2 2 2 2 2 10 2 2 2
left_child=2 5 4 7 9 6 -2 13 -4 -1 -7 12 -6 -3
right_child=1 3 8 -5 11 10 -8 -9 -10 -11 -12 -13 -14 -15
leaf_value=0.00041870225797995832 0.0070053925868276447 0.0062356396619889908 -0.017664615709858392 0.020218899134091615 0.0019902710530326747 0.040372635185718535 0.025033704521051709 0.012254386530089364 -0.010302942553965119 0.011734710821456247 0.012881585926645331 0.0011144179898105433 -0.0085534075564397526 -0.00055067620677729814
leaf_weight=306 224 528 1262 283 163 245 430 298 803 236 52 270 1125 693
leaf_count=306 224 528 1262 283 163 245 430 298 803 236 52 270 1125 693
internal_value=8.89879e-05 0.0135948 -0.00885807 0.0071667 -0.00279513 0.0253663 0.0192648 0.00449733 -0.014933 0.00560602 0.0367073 -0.00575808 -0.0072014 0.00242909
internal_weight=6918 2753 4165 1802 2100 951 654 1519 2065 542 297 1558 1288 1221
internal_count=6918 2753 4165 1802 2100 951 654 1519 2065 542 297 1558 1288 1221
is_linear=0
shrinkage=0.01


Tree=39
num_leaves=15
num_cat=0
split_feature=11 11 10 1 8 1 24 8 1 9 4 1 10 8
split_gain=7490.58 2101.07 1507.53 671.126 654.927 462.425 404.323 309.364 308.784 228.745 222.701 158.782 150.466 134.31
threshold=0.034137739864056486 0.020229433464281226 -0.0091508401602789155 1.1567370640415726 390.01365000000004 1.4747468523983533 17.495833333333369 25.715700000000002 2.0000022500218573 1127.0000000000002 -0.04166666666666665 1.1217697972837888 0.0044627709697246439 565.2225000000002
decision_type=2 2 2 2 2 2 10 2 2 2 2 2 2 2
left_child=1 7 -2 -4 5 11 13 -1 10 -8 -5 -3 -7 -6
right_child=2 4 3 8 6 12 9 -9 -10 -11 -12 -13 -14 -15
leaf_value=0.013367460406361482 -0.015881166714628869 -0.0051559794721736888 -0.0096329684791036357 -0.0031833688443497926 0.013490087826024084 0.0082989427725558892 0.025226610709550016 0.03382685575265898 0.014416017276813199 0.0026726083057117167 0.0060087847255190707 0.0032753065489591767 0.020155318134260934 0.031848656647521387
leaf_weight=136 1660 280 1007 921 116 463 39 425 133 221 346 855 154 162
leaf_count=136 1660 280 1007 921 116 463 39 425 133 221 346 855 154 162
internal_value=9.11303e-05 0.0124717 -0.00860389 -0.00349145 0.00807277 0.00499126 0.0175512 0.0295151 0.000992476 0.00765167 -0.000610983 0.00113342 0.0118138 0.0256413
internal_weight=6918 2851 4067 2407 2290 1752 538 561 1400 260 1267 1135 617 278
internal_count=6918 2851 4067 2407 2290 1752 538 561 1400 260 1267 1135 617 278
is_linear=0
shrinkage=0.01


Tree=40
num_leaves=15
num_cat=0
split_feature=0 0 0 4 15 17 4 18 4 8 8 21 24 8
split_gain=8128.15 1674.93 1232.34 538.098 443.717 377.12 356.829 343.915 273.629 268.488 229.821 182.716 174.918 206.411
threshold=0.90055833070805669 1.0886072067415673 0.81795597058742997 -1.0000000180025095e-35 2.1107138664934415 3.558134459055815 -0.10018212824822244 -1.2378986724570494e-14 0.032358699969183329 25.715700000000002 54.102150000000009 323.07142857142986 17.695833333333386 565.2225000000002
decision_type=2 2 2 2 2 2 2 8 2 2 2 10 8 2
left_child=2 3 4 7 8 -3 -4 -2 -1 -5 -8 -11 13 -9
right_child=1 5 6 9 -6 -7 10 12 -10 11 -12 -13 -14 -15
leaf_value=-0.011069429071255511 0.021489008934204946 0.033279037311792783 -0.0066589088447140919 0.0077052781369832081 -0.018832714922119607 0.014561955171460608 -1.8976203268349028e-05 0.0040634180991538657 0.00077274648377552956 0.022130590525770044 0.011676073138569963 -0.00012470653375326577 -0.0001745290088997522 0.019205944895619106
leaf_weight=1731 96 416 631 321 803 212 603 456 215 426 212 39 658 99
leaf_count=1731 96 416 631 321 803 212 603 456 215 426 212 39 658 99
internal_value=9.43047e-05 0.0134934 -0.00862354 0.00903285 -0.0125317 0.0276204 -0.00111727 0.00496922 -0.00976143 0.0154968 0.003218 0.0203152 0.00332633 0.00735599
internal_weight=6918 2723 4195 2095 2749 628 1446 1309 1946 786 815 465 1213 555
internal_count=6918 2723 4195 2095 2749 628 1446 1309 1946 786 815 465 1213 555
is_linear=0
shrinkage=0.01


Tree=41
num_leaves=15
num_cat=0
split_feature=0 0 10 1 4 13 24 9 4 2 13 16 16 1
split_gain=7973.84 1642.95 1445.78 550.372 527.407 303.593 298.667 364.06 291.829 218.648 210.796 160.09 155.091 141.728
threshold=0.90055833070805669 1.0886072067415673 -0.0071274633909167821 1.1397873435288395 -1.0000000180025095e-35 1.1839263696174613 17.80250000000002 1154.0000000000002 0.047619047619047623 0.54287654167666044 7.6143717136279179 2.0822285950009016 1.7630835395910107 1.2404313214071709
decision_type=2 2 2 2 2 2 8 2 2 2 2 2 2 2
left_child=2 4 -1 9 6 -3 7 -2 12 -4 13 -9 -5 -6
right_child=1 5 3 8 10 -7 -8 11 -10 -11 -12 -13 -14 -15
leaf_value=-0.015186243549316572 0.026934422290409512 0.032322525444630143 -0.0044812894629494959 0.0032017022049123491 0.0071195228702840754 0.014798881594277075 0.00025818846796914126 0.010754460451092858 0.0089559691087118393 -0.0141118866958204 0.0004283757763697165 0 -0.0045736577534772572 0.019521389349189941
leaf_weight=1824 86 427 553 385 151 201 678 305 312 438 87 240 683 548
leaf_count=1824 86 427 553 385 151 201 678 305 312 438 87 240 683 548
internal_value=9.62156e-05 0.0133676 -0.00853847 -0.00333594 0.00894964 0.0273591 0.00492631 0.00976475 0.000753421 -0.00894265 0.0153492 0.00618018 -0.00175422 0.0171288
internal_weight=6918 2723 4195 2371 2095 628 1309 631 1380 991 786 545 1068 699
internal_count=6918 2723 4195 2371 2095 628 1309 631 1380 991 786 545 1068 699
is_linear=0
shrinkage=0.01


Tree=42
num_leaves=15
num_cat=0
split_feature=11 11 10 13 13 20 4 4 3 13 15 3 16 17
split_gain=7117.92 2010.17 1426.5 467.179 373.177 419.353 379.726 275.72 221.62 199.376 197.743 168.986 149.716 118.807
threshold=0.034137739864056486 0.020229433464281226 -0.0091508401602789155 2.9727379293480429 2.027737174034526 184.50999999999985 0.028890829313126944 -0.033452723533446638 0.56299043691063877 1.0988292737062391 0.11665875592132696 -0.041732364340038332 1.6842445749776798 4.2160740086719004
decision_type=2 2 2 2 2 8 2 2 2 2 2 2 2 2
left_child=1 13 -2 7 5 10 9 8 -4 12 -3 -9 -7 -1
right_child=2 4 3 -5 -6 6 -8 11 -10 -11 -12 -13 -14 -15
leaf_value=0.029699839449217027 -0.015457232934722145 0.034035842761981724 -0.003959803255938572 -0.009947346134907796 -0.0016478162232437491 0.0057658258738021743 0.014235673291705645 -0.006869174816407436 0.01218554231783618 0.017524348093127761 0.0091807032545686371 0.0089313065973578593 -0.0019099393110793036 0.0020642309486866
leaf_weight=541 1660 82 1173 733 343 710 614 66 72 88 78 363 375 20
leaf_count=541 1660 82 1173 733 343 710 614 66 72 88 78 363 375 20
internal_value=9.77981e-05 0.0121665 -0.00837816 -0.00340477 0.00786402 0.0095445 0.00795942 -0.000450433 -0.0028403 0.00448219 0.0243409 0.00628049 0.00311731 0.0288368
internal_weight=6918 2851 4067 2407 2290 1947 1787 1674 1245 1173 160 429 1085 561
internal_count=6918 2851 4067 2407 2290 1947 1787 1674 1245 1173 160 429 1085 561
is_linear=0
shrinkage=0.01


Tree=43
num_leaves=15
num_cat=0
split_feature=1 4 2 15 8 1 8 9 24 8 24 13 1 15
split_gain=5836.29 1710.67 1594.2 912.397 629.297 517.541 515.948 409.315 401.408 607.361 342.382 278.777 274.507 131.007
threshold=1.222017241031695 -1.0000000180025095e-35 0.53000701187748833 0.7062270558660152 467.50860000000006 1.5977846757459158 683.67465000000004 914.50000000000011 17.210000000000019 565.2225000000002 18.375833333333315 2.406057576325757 1.0303346950950483 0.72674210440156994
decision_type=2 2 2 2 2 2 2 2 10 2 10 2 2 2
left_child=2 3 6 8 5 -3 12 -5 9 -2 -8 -7 -1 -4
right_child=1 4 13 7 -6 11 10 -9 -10 -11 -12 -13 -14 -15
leaf_value=-0.0094406017838002433 0.0084647259038373758 0.0075116278553898101 -0.010736812291661272 0.018320779257718429 0.035410938308360111 0.023623868225005888 0.036095606569658246 -0.0050994931936447132 0.0025265186190922074 0.030105746884623336 0.0037178037248484725 0.0011547030162285356 0.00058289385440278476 -0.017071819597143024
leaf_weight=408 576 575 646 61 167 514 37 977 556 160 91 65 745 1340
leaf_count=408 576 575 646 61 167 514 37 977 556 160 91 65 745 1340
internal_value=9.95538e-05 0.00876699 -0.00957801 0.00354854 0.0177737 0.0146531 -0.000841305 -0.00339339 0.00910007 0.0138545 0.0167576 0.0212409 -0.00305598 -0.0151438
internal_weight=6918 3651 3267 2330 1321 1154 1281 1038 1292 736 128 579 1153 1986
internal_count=6918 3651 3267 2330 1321 1154 1281 1038 1292 736 128 579 1153 1986
is_linear=0
shrinkage=0.01


Tree=44
num_leaves=15
num_cat=0
split_feature=4 14 4 20 15 21 15 15 17 17 17 9 22 9
split_gain=4672.48 1869.53 925.506 859.008 767.322 358.257 334.176 267.016 250.952 475.362 298.539 190.079 155.921 155.905
threshold=-0.14982122761397307 0.25968510979177462 0.090350495421995761 206.61499999999981 0.63359360760746741 200.60000000000068 0.11665875592132696 2.6415040341048548 3.007485931388084 3.1239067679088719 1.9998798916532659 1127.0000000000002 295.7249844689407 1393.5000000000002
decision_type=2 2 2 8 2 10 2 2 2 2 2 2 10 2
left_child=4 -2 3 6 5 -1 -3 -6 10 -10 11 -5 13 -4
right_child=1 2 12 8 7 -7 -8 -9 9 -11 -12 -13 -14 -15
leaf_value=0.010131118338999909 -0.0056298742699998757 0.038800627064267429 0.028905374560729832 0.016872155465395517 -0.010018055161154607 -0.0052686650548374962 0.012779356197367401 -0.017989914242853382 0.028464981269377927 0.0045406536161203557 -0.0043984041939497242 0.004525541716189004 0.0028261129649976889 0.016401548396013762
leaf_weight=181 933 89 237 122 1201 589 152 769 110 261 343 1465 55 411
leaf_count=181 933 89 237 122 1201 589 152 769 110 261 343 1465 55 411
internal_value=0.000102253 0.00674792 0.0103225 0.00740177 -0.010003 -0.00147122 0.0246641 -0.0132845 0.00539251 0.0127529 0.00385623 0.00567908 0.020373 0.0217182
internal_weight=6918 4178 3245 2542 2740 770 241 1970 2301 371 1930 1587 703 648
internal_count=6918 4178 3245 2542 2740 770 241 1970 2301 371 1930 1587 703 648
is_linear=0
shrinkage=0.01


Tree=45
num_leaves=15
num_cat=0
split_feature=0 0 1 6 4 17 2 18 15 16 25 6 20 16
split_gain=7513.4 1559.96 1167.6 585.092 486.959 351.095 345.175 327.673 241.86 174.032 195.805 158.949 158.311 91.3084
threshold=0.90055833070805669 1.0886072067415673 1.0901442599444071 0.86866999188817962 -1.0000000180025095e-35 3.558134459055815 0.53953962269048183 -1.2378986724570494e-14 0.71201123510302999 1.7630835395910107 0.80000000000001148 1.777879961234248 309.07000000000011 0.0086743287189567017
decision_type=2 2 2 2 2 2 2 8 2 2 10 2 8 2
left_child=2 4 6 8 7 -3 -1 -2 -4 10 -9 -5 13 -6
right_child=1 5 3 11 12 -7 -8 9 -10 -11 -12 -13 -14 -15
leaf_value=-0.0068885222569111159 0.020938466241390539 0.032079897636405903 -0.0013125815953890288 0.0020726916379971688 0.0015354635917972173 0.014022625034096941 -0.016495091859929537 0.013419001808440757 -0.010193285538570036 -0.0011738017159043236 0.002360192701197326 0.01949002777928846 0.0041997669717285099 0.017832619096508972
leaf_weight=571 96 416 473 802 42 212 1408 237 904 514 462 37 137 607
leaf_count=571 96 416 473 802 42 212 1408 237 904 514 462 37 137 607
internal_value=0.000104774 0.0129873 -0.0082769 -0.00323838 0.00868272 0.0266205 -0.013825 0.00481441 -0.00721238 0.00321126 0.00639262 0.00328834 0.0148333 0.0168703
internal_weight=6918 2723 4195 2216 2095 628 1979 1309 1377 1213 699 839 786 649
internal_count=6918 2723 4195 2216 2095 628 1979 1309 1377 1213 699 839 786 649
is_linear=0
shrinkage=0.01


Tree=46
num_leaves=15
num_cat=0
split_feature=11 11 10 1 9 1 20 1 9 2 2 17 9 2
split_gain=6670.86 1902.31 1329.88 609.994 496.916 395.249 386.447 284.965 265.127 251.501 246.829 187.776 142.25 111.984
threshold=0.034137739864056486 0.020229433464281226 -0.0091508401602789155 1.1567370640415726 1240.5000000000002 1.1951597050318481 201.47166666666664 2.0000022500218573 1701.5000000000002 0.43241819920482555 0.42927291610562718 1.028211211583139 2705.5000000000005 0.51376235300482553
decision_type=2 2 2 2 2 2 10 2 2 2 2 2 2 2
left_child=1 12 -2 10 6 -6 -3 9 -7 -5 -4 -8 -1 -13
right_child=2 4 3 7 5 8 11 -9 -10 -11 -12 13 -14 -15
leaf_value=0.029160425415586517 -0.01493426085611628 0.032119198349246293 -0.0026072017720463704 0.0070936814362425413 -0.002905786208840399 0.0011663207752049068 0.018886905689843188 0.013872719504474815 0.010659319749192462 -0.0030750371951042445 -0.012947804746137584 0.0099515172974629848 0.0033714608057421082 -0.003574031179739257
leaf_weight=532 1660 108 383 303 446 432 136 133 958 964 624 112 29 98
leaf_count=532 1660 108 383 303 446 432 136 133 958 964 624 112 29 98
internal_value=0.000106433 0.01179 -0.00809902 -0.00329672 0.00760492 0.00517128 0.0167922 0.000977429 0.00777446 -0.000562997 -0.00915198 0.0104869 0.0280065 0.00383419
internal_weight=6918 2851 4067 2407 2290 1836 454 1400 1390 1267 1007 346 561 210
internal_count=6918 2851 4067 2407 2290 1836 454 1400 1390 1267 1007 346 561 210
is_linear=0
shrinkage=0.01


Tree=47
num_leaves=15
num_cat=0
split_feature=10 14 8 14 15 4 23 8 10 23 15 14 21 4
split_gain=5596.72 1901.92 1147.25 1235.5 623.573 484.226 411.783 394.274 324.92 262.439 179.888 160.836 127.315 81.6711
threshold=-0.0052654026637165702 0.25968510979177462 25.272900000000003 17.596300554763893 0.83968523858124133 0.094678049423527408 26.700000000000021 1697.5800000000002 -0.016122052790899222 38.10000000000003 2.6415040341048548 57.284237628496378 317.97857142857532 -1.0000000180025095e-35
decision_type=2 2 2 2 2 2 10 2 2 10 2 2 10 2
left_child=8 10 5 4 6 -3 7 -4 -1 12 -2 -5 13 -8
right_child=1 2 3 11 -6 -7 9 -9 -10 -11 -12 -13 -14 -15
leaf_value=-0.016586581661426573 -0.0029384997120597495 -0.0017249557051175605 0.013072951029313088 0.028197830850215194 -0.0033991780126306375 0.012915719005809187 0.0068699672133959834 0.039158220293286902 -0.00872542876533231 -0.0013646108004758614 -0.01250978257338368 0.0096524104651389189 0.020042645876071876 0.014036225043335245
leaf_weight=1101 764 926 218 518 304 277 605 84 1186 193 256 83 138 265
leaf_count=1101 764 926 218 518 304 277 605 84 1186 193 256 83 138 265
internal_value=0.000107884 0.00642548 0.00982137 0.0137798 0.00945408 0.00179408 0.0120709 0.022341 -0.0126252 0.00915654 -0.0055447 0.0260461 0.0111681 0.0093304
internal_weight=6918 4631 3611 2408 1807 1203 1503 302 2287 1201 1020 601 1008 870
internal_count=6918 4631 3611 2408 1807 1203 1503 302 2287 1201 1020 601 1008 870
is_linear=0
shrinkage=0.01


Tree=48
num_leaves=15
num_cat=0
split_feature=0 11 11 0 11 0 4 17 2 0 4 0 11 13
split_gain=7163.73 1765.97 1295.95 527.676 446.667 383.831 202.641 197.774 125.707 119.677 111.192 112.634 110.695 93.9551
threshold=0.90055833070805669 0.025593909851723873 0.047108201820321056 1.0991000212231081 0.028168050531988353 1.0353281306920199 0.023244641851864114 6.6061610580194587 0.49375017752793687 0.82738776433151928 0.041985951161996028 0.81795597058742997 0.018367818398719576 2.406057576325757
decision_type=2 2 2 2 2 2 2 2 2 2 2 2 2 2
left_child=2 5 4 6 12 13 8 9 -3 -4 11 -6 -1 -2
right_child=1 3 7 -5 10 -7 -8 -9 -10 -11 -12 -13 -14 -15
leaf_value=0.017676430104475001 0.017519263301882467 0.0058356316437837511 -0.01212733067228508 0.018756998098576779 -0.0088200134297177751 0.030189682495563922 0.011442891712503733 -0.017280999661988428 -0.00057704460805814179 -0.0036098694525379688 0.0018472428038352872 -0.0029728411047358796 0.0033678289561890362 0.002238476937253998
leaf_weight=44 418 527 930 283 742 475 287 916 680 230 185 645 503 53
leaf_count=44 418 527 930 283 742 475 287 916 680 230 185 645 503 53
internal_value=0.000109592 0.0126887 -0.00807471 0.00667473 -0.00252755 0.0236032 0.00416191 -0.0136538 0.00226419 -0.0105368 -0.00522557 -0.00618891 0.00511934 0.0159814
internal_weight=6918 2723 4195 1777 2119 946 1494 2076 1207 1160 1572 1387 547 471
internal_count=6918 2723 4195 1777 2119 946 1494 2076 1207 1160 1572 1387 547 471
is_linear=0
shrinkage=0.01


Tree=49
num_leaves=15
num_cat=0
split_feature=11 11 11 8 23 4 14 4 13 11 8 8 3 8
split_gain=6326.6 1818.46 1165.08 576.965 353.678 351.069 316.021 266.802 216.975 205.845 190.222 171.997 167.097 158.427
threshold=0.034137739864056486 0.020229433464281226 0.051132097672194635 390.01365000000004 31.600000000000026 0.10343512015723226 48.659852916307571 -0.055114355728905155 2.9727379293480429 0.069283449343102183 25.272900000000003 467.50860000000006 0.56299043691063877 36.914400000000008
decision_type=2 2 2 2 10 2 2 2 2 2 2 2 2 2
left_child=1 6 7 5 11 13 -1 12 10 -4 -9 -5 -2 -3
right_child=2 3 9 4 -6 -7 -8 8 -10 -11 -12 -13 -14 -15
leaf_value=0.031539147002787128 -0.0059957393939165608 -0.00079727616332824337 -0.0093893377634712265 0.0099110845156013955 0.0084773912512787052 0.013815084742916766 0.011284730207346575 -0.00023501567410018584 -0.006138095410252755 -0.016422242287614127 0.012133538667296644 0.031715761716028738 0.0065058103548128066 0.0057664803144655058
leaf_weight=429 1353 761 875 80 312 311 132 240 187 1080 233 146 99 680
leaf_count=429 1353 761 875 80 312 311 132 240 187 1080 233 146 99 680
internal_value=0.000110355 0.0114885 -0.00788054 0.007397 0.0162911 0.00450714 0.0273431 -0.00268286 0.00252661 -0.0134065 0.00608252 0.0254712 -0.00505975 0.00232982
internal_weight=6918 2851 4067 2290 538 1752 561 2112 660 1955 473 226 1452 1441
internal_count=6918 2851 4067 2290 538 1752 561 2112 660 1955 473 226 1452 1441
is_linear=0
shrinkage=0.01


Tree=50
num_leaves=15
num_cat=0
split_feature=4 12 14 12 15 15 4 14 14 23 9 12 9 4
split_gain=4210.69 1830.76 829.587 804.295 555.872 538.013 496.815 354.021 223.225 239.871 230.785 220.731 160.252 153.519
threshold=-0.14982122761397307 0.017075828356138925 0.25968510979177462 0.019214730906488866 0.63359360760746741 0.099644470158808562 0.094678049423527408 14.32263354392177 24.148985069510093 27.000000000000032 1278.5000000000002 0.011130594959556159 1127.0000000000002 -0.07771322335671195
decision_type=2 2 2 2 2 2 2 2 2 8 2 2 2 2
left_child=3 5 -3 4 11 -2 8 -7 9 10 -4 -1 -11 -9
right_child=1 2 6 -5 -6 7 -8 13 -10 12 -12 -13 -14 -15
leaf_value=0.014180390521691278 0.02974426945237443 -0.0066329091452569768 0.032878883367982406 -0.014597126534761118 -0.0082844633903626699 0.0064377465276523448 0.016246657739339268 0.0044644747927503762 -0.0023306995224935023 0.017982290209808821 0.0070556817581256225 -8.2437429013416965e-05 0.0022979004338711021 0.020381938467371064
leaf_weight=154 230 801 38 1437 865 528 324 86 528 51 130 284 990 472
leaf_count=154 230 801 38 1437 865 528 324 86 528 51 130 284 990 472
internal_value=0.000111937 0.00642069 0.00189069 -0.00948096 -0.00369571 0.0160891 0.00524007 0.0127026 0.00301976 0.00536448 0.0158262 0.00531076 0.00340021 0.0181854
internal_weight=6918 4178 2862 2740 1303 1316 2061 1086 1737 1209 168 438 1041 558
internal_count=6918 4178 2862 2740 1303 1316 2061 1086 1737 1209 168 438 1041 558
is_linear=0
shrinkage=0.01


Tree=51
num_leaves=15
num_cat=0
split_feature=11 11 10 8 4 8 16 22 17 8 4 22 19 8
split_gain=6106.28 1762.91 1214 562.255 338.49 289.389 283.744 243.877 232.448 231.911 179.543 157.84 157.61 155.572
threshold=0.034137739864056486 0.020229433464281226 -0.0091508401602789155 390.01365000000004 0.10343512015723226 25.715700000000002 4.6546640841929419 289.53765175013132 1.0048511714449184 27.660150000000005 -0.033452723533446638 290.0095832340034 288.2000000000001 467.50860000000006
decision_type=2 2 2 2 2 2 2 10 2 2 2 10 10 2
left_child=1 5 -2 4 8 -1 9 12 -3 -4 -11 -9 13 -5
right_child=2 3 6 7 -6 -7 -8 11 -10 10 -12 -13 -14 -15
leaf_value=0.011630001183157452 -0.014266916591399682 0.0054961227563975262 -0.0047611874663567684 0.0069680365810140237 0.013551515605064318 0.031025584441892216 -0.008067347236417997 -0.0053133982441255024 -0.002597037912017167 3.1317275451257308e-05 0.010214107067185514 0.012232952929212837 0.0074696291173840393 0.03385232141046049
leaf_weight=136 1660 867 755 41 311 425 771 50 574 666 215 257 67 123
leaf_count=136 1660 867 755 41 311 425 771 50 574 666 215 257 67 123
internal_value=0.000114328 0.0112926 -0.00773619 0.00726422 0.00441195 0.026903 -0.00314767 0.0160437 0.00227407 -0.000753697 0.002699 0.00919447 0.0236486 0.0286735
internal_weight=6918 2851 4067 2290 1752 561 2407 538 1441 1636 881 307 231 164
internal_count=6918 2851 4067 2290 1752 561 2407 538 1441 1636 881 307 231 164
is_linear=0
shrinkage=0.01


Tree=52
num_leaves=15
num_cat=0
split_feature=10 1 13 20 25 13 5 5 1 10 1 5 1 1
split_gain=5117.67 2368.86 708.721 632.394 618.048 465.087 355.502 338.955 320.451 299.344 261.293 183.853 166.604 116.58
threshold=-0.0052654026637165702 1.4747468523983533 2.9727379293480429 206.61499999999981 10.100000000000025 2.2180731912545748 0.18607238457091174 0.26674626960261721 1.6676202149078476 -0.016122052790899222 1.188344594594595 0.27458234101929907 1.1397873435288395 1.4763982188948668
decision_type=2 2 2 10 8 2 2 2 2 2 2 2 2 2
left_child=9 2 3 7 5 6 -3 -2 -8 -1 -5 -12 -4 -11
right_child=1 4 12 10 -6 -7 8 -9 -10 13 11 -13 -14 -15
leaf_value=-0.015861320390559593 0.028577575738060062 0.028390697637511481 -0.012265758129084779 -0.0023769140378260031 -0.0024076232857874066 0.0011578910114182221 0.0071016255079792076 0.0032733211048731684 0.019601241640981374 -0.0096393119613993137 0.0072669515461809397 -0.002080058720396382 -0.0027820527739374034 -0.00083473085663190072
leaf_weight=1101 125 344 363 868 169 162 337 94 696 1002 808 270 395 184
leaf_count=1101 125 344 363 868 169 162 337 94 696 1002 808 270 395 184
internal_value=0.000116052 0.00615725 0.000661804 0.00357896 0.0154396 0.0174116 0.0192727 0.018941 0.0157453 -0.0120599 0.00166995 0.00492151 -0.00753514 -0.00831813
internal_weight=6918 4631 2923 2165 1708 1539 1377 219 1033 2287 1946 1078 758 1186
internal_count=6918 4631 2923 2165 1708 1539 1377 219 1033 2287 1946 1078 758 1186
is_linear=0
shrinkage=0.01


Tree=53
num_leaves=15
num_cat=0
split_feature=0 11 11 0 8 11 9 6 24 0 8 9 2 8
split_gain=6653.15 1622.57 1164.89 495.383 460.367 403.216 292.378 193.809 177.757 176.059 160.534 149.201 120.644 108.046
threshold=0.90055833070805669 0.025593909851723873 0.047108201820321056 1.0991000212231081 467.50860000000006 0.028168050531988353 1393.5000000000002 1.0460412625205027 20.305833333333435 0.82738776433151928 59.616450000000007 1701.5000000000002 0.49375017752793687 36.914400000000008
decision_type=2 2 2 2 2 2 2 2 10 2 2 2 2 2
left_child=2 4 5 7 6 10 -2 12 -6 -4 -1 -8 13 -3
right_child=1 3 9 -5 8 -7 11 -9 -10 -11 -12 -13 -14 -15
leaf_value=0 0.028867809396840076 0.00052628911103937744 -0.014270157876459752 0.01817974160489912 0.036542258911604591 -0.0050729865083425163 -3.3967306464910505e-05 0.011099678405958836 0.009194098497812565 -0.0054261559827136806 0.010748405869454145 0.014687651580794197 -0.00061789499086611053 0.0095972090564135012
leaf_weight=317 153 238 1776 283 251 1572 80 291 45 300 230 417 678 287
leaf_count=317 153 238 1776 283 251 1572 80 291 45 300 230 417 678 287
internal_value=0.000116221 0.0122388 -0.007771 0.00647262 0.0227017 -0.00251014 0.0170287 0.00403754 0.0332613 -0.0130609 0.00475662 0.012389 0.00216749 0.00567363
internal_weight=6918 2723 4195 1777 946 2119 650 1494 296 2076 547 497 1203 525
internal_count=6918 2723 4195 1777 946 2119 650 1494 296 2076 547 497 1203 525
is_linear=0
shrinkage=0.01


Tree=54
num_leaves=15
num_cat=0
split_feature=11 10 11 1 9 6 24 17 6 1 9 10 9 9
split_gain=5793.52 1655.87 1189.35 691.414 432.86 254.561 227.958 222.489 209.771 203.77 206.011 185.593 177 143.825
threshold=0.030029870466207469 -0.0067368927035123096 0.019796903093877095 1.1804479644969272 1393.5000000000002 0.97206288300947019 12.711666666666698 1.0477024586221126 0.75052181411078289 1.2750737712151026 1739.5000000000002 -0.016122052790899222 1737.0000000000002 2705.5000000000005
decision_type=2 2 2 2 2 2 10 2 2 2 2 2 2 2
left_child=2 11 13 7 6 12 -4 -3 -8 -6 -11 -2 -5 -1
right_child=1 3 4 5 9 -7 8 -9 -10 10 -12 -13 -14 -15
leaf_value=0.02833918408349323 -0.015573505169324025 -0.0019511251783975675 0.032207633366562287 -0.0022854151921302317 -0.00014125489167350836 0.0099243055560802769 -0.0061553751462596965 -0.010754578157753525 0.016007770833333351 0.0012613987579833772 0.012111431846619143 -0.0090240372735431972 0.0051888598352053126 0.0014948328279636124
leaf_weight=481 1101 548 86 713 343 407 39 617 252 256 587 926 538 24
leaf_count=481 1101 548 86 713 343 407 39 617 252 256 587 926 538 24
internal_value=0.000118403 -0.00585538 0.0140552 -0.000879723 0.00951577 0.00325259 0.0186523 -0.00672481 0.0128005 0.00634205 0.0089337 -0.0127038 0.000952144 0.027188
internal_weight=6918 4850 2068 2823 1563 1658 377 1165 291 1186 843 2027 1251 505
internal_count=6918 4850 2068 2823 1563 1658 377 1165 291 1186 843 2027 1251 505
is_linear=0
shrinkage=0.01


Tree=55
num_leaves=15
num_cat=0
split_feature=0 0 0 4 15 17 4 24 8 8 4 8 5 17
split_gain=6435.64 1369.32 973.621 409.442 354.227 313.161 274.158 251.594 406.23 236.648 206.137 198.229 178.936 119.299
threshold=0.90055833070805669 1.0886072067415673 0.81795597058742997 -1.0000000180025095e-35 2.1107138664934415 3.558134459055815 -0.10018212824822244 17.854166666666703 467.50860000000006 25.715700000000002 0.032358699969183329 54.102150000000009 0.54289916236670688 1.2020718893160192
decision_type=2 2 2 2 2 2 2 8 2 2 2 2 2 2
left_child=2 3 4 7 10 -3 -4 8 13 -5 -1 -8 -10 -2
right_child=1 5 6 9 -6 -7 11 -9 12 -11 -12 -13 -14 -15
leaf_value=-0.0097726936222531161 0.0077058109499260107 0.029958304881904312 -0.0058240901095686784 0.0064187283293942196 -0.016740968190540956 0.01296203643476976 -0.00016743309702051511 0.00017099716676311592 0.028889234564034267 0.018152663554112936 0.00051293357337844816 0.010688963745367423 0.00072974172979593278 -0.0022424000835928478
leaf_weight=1731 332 416 631 321 803 212 603 677 100 465 215 212 30 170
leaf_count=1731 332 416 631 321 803 212 603 677 100 465 215 212 30 170
internal_value=0.000118967 0.0120418 -0.00763825 0.00801021 -0.011112 0.0248133 -0.000965862 0.00446108 0.00889507 0.0136512 -0.00863756 0.00283297 0.0234213 0.0043609
internal_weight=6918 2723 4195 2095 2749 628 1446 1309 632 786 1946 815 130 502
internal_count=6918 2723 4195 2095 2749 628 1446 1309 632 786 1946 815 130 502
is_linear=0
shrinkage=0.01


Tree=56
num_leaves=15
num_cat=0
split_feature=0 11 11 0 8 11 1 1 8 17 1 23 0 0
split_gain=6313.24 1544.27 1102.52 473.668 446.659 381.798 370.198 196.232 154.891 149.449 144.805 136.219 115.259 95.6904
threshold=0.90055833070805669 0.025593909851723873 0.047108201820321056 1.0991000212231081 467.50860000000006 0.028168050531988353 1.5138701040630089 1.0672653741612679 59.616450000000007 0.95452082597138055 1.3842590653287092 34.800000000000018 0.99133675392280907 0.82190761542015756
decision_type=2 2 2 2 2 2 2 2 2 2 2 10 2 2
left_child=2 4 5 9 6 8 -2 -4 -1 12 13 -6 -3 -7
right_child=1 3 7 -5 11 10 -8 -9 -10 -11 -12 -13 -14 -15
leaf_value=0 0.0054019706705470136 0.004230076218726269 -0.015247878363212881 0.017751024983317681 0.03582041711142555 -0.0085475926182742509 0.021865393692316069 -0.0084901503887478656 0.010511767284134403 0.000499934746442759 0.0014539407802578619 0.011258510142150853 0.012858221722489342 -0.0028281777705971263
leaf_weight=317 223 580 1262 283 244 773 427 814 230 699 281 52 215 518
leaf_count=317 223 580 1262 283 244 773 427 814 230 699 281 52 215 518
internal_value=0.000120183 0.0119291 -0.0075629 0.0063037 0.0221363 -0.00244463 0.016562 -0.0127092 0.00462628 0.00392284 -0.00493855 0.0325228 0.00683402 -0.00633852
internal_weight=6918 2723 4195 1777 946 2119 650 2076 547 1494 1572 296 795 1291
internal_count=6918 2723 4195 1777 946 2119 650 2076 547 1494 1572 296 795 1291
is_linear=0
shrinkage=0.01


Tree=57
num_leaves=15
num_cat=0
split_feature=0 0 0 4 14 4 14 24 9 13 20 21 9 0
split_gain=6193.63 1322.2 939.878 396.528 296.817 267.176 261.309 245.091 279.867 179.731 159.336 132.279 173.371 126.401
threshold=0.90055833070805669 1.0886072067415673 0.81795597058742997 -1.0000000180025095e-35 12.124038628878475 -0.10018212824822244 1.4209950353221501 17.695833333333386 1154.0000000000002 7.6143717136279179 186.90499999999963 323.07142857142986 1413.5000000000002 0.99509915263651261
decision_type=2 2 2 2 2 2 2 8 2 2 10 8 2 2
left_child=2 3 6 7 -3 -4 -1 8 -2 11 -7 12 -5 -10
right_child=1 4 5 9 -6 10 -8 -9 13 -11 -12 -13 -14 -15
leaf_value=-0.013186654304595128 0.024035285615290586 0.015629557302179322 -0.0057290652961099666 0.024990100202333068 0.031427778929832582 0.019642416131946276 -0.0064710768314063293 0.00019839946417194544 0.0022493729941646537 -4.3624897322086529e-05 0.0016223336051132862 0.00018732935577243953 0.012169327192432172 0.012718179948202202
leaf_weight=1786 84 310 631 174 318 33 963 688 382 87 782 57 468 155
leaf_count=1786 84 310 631 174 318 33 963 688 382 87 782 57 468 155
internal_value=0.000121541 0.011818 -0.00748841 0.00785652 0.0243678 -0.000932784 -0.0109015 0.00436423 0.00881373 0.0134075 0.00281696 0.0150503 0.0163092 0.00563722
internal_weight=6918 2723 4195 2095 628 1446 2749 1309 621 786 815 699 642 537
internal_count=6918 2723 4195 2095 628 1446 2749 1309 621 786 815 699 642 537
is_linear=0
shrinkage=0.01


Tree=58
num_leaves=15
num_cat=0
split_feature=11 1 11 10 14 15 2 13 20 1 5 15 5 13
split_gain=5422.62 1547.54 1120.57 691.38 293.597 276.02 271.124 250.648 285.154 244.025 192.674 171.252 169.662 111.528
threshold=0.030029870466207469 1.0644190644558809 0.019796903093877095 -0.0056970002674643838 48.659852916307571 0.63853026695589155 0.41957181501395008 2.027737174034526 184.50999999999985 1.222017241031695 0.13675672063083094 0.53559369914270161 0.26496302262718713 2.2180731912545748
decision_type=2 2 2 2 2 2 2 2 8 2 2 2 2 2
left_child=2 6 4 -3 13 11 -2 8 -4 -10 -7 -5 -11 -1
right_child=1 3 7 5 -6 10 -8 -9 9 12 -12 -13 -14 -15
leaf_value=0.031848063468618633 -0.0040748687990101199 -0.0080854222791785918 0.023905926487671262 0.0035195762134417759 0.010070330521051328 0.0091769738623575462 -0.014789562698586445 -0.00070290787193837373 0.00062865020138800243 0.014775917657690079 -0.0035361226493993069 0.014201282330702761 0.0055805150858791461 0.0039215193653390525
leaf_weight=365 306 997 136 922 118 118 1474 216 279 564 866 167 368 22
leaf_count=365 306 997 136 922 118 118 1474 216 279 564 866 167 368 22
internal_value=0.000123855 -0.00565552 0.0136071 -0.00132634 0.0263541 0.00196584 -0.0130189 0.00920138 0.010784 0.00893773 -0.00184919 0.00539322 0.0113491 0.0305558
internal_weight=6918 4850 2068 3070 505 2073 1780 1563 1347 1211 984 1089 932 387
internal_count=6918 4850 2068 3070 505 2073 1780 1563 1347 1211 984 1089 932 387
is_linear=0
shrinkage=0.01


Tree=59
num_leaves=15
num_cat=0
split_feature=0 0 10 10 0 8 17 8 0 24 24 21 17 18
split_gain=5986.16 1282.07 1011.73 395.88 359.632 319.331 299.048 182.137 161.939 171.709 133.156 124.277 105.61 88.3167
threshold=0.90055833070805669 1.0886072067415673 -0.0071274633909167821 -0.0019931421131715843 0.81795597058742997 25.715700000000002 3.558134459055815 59.616450000000007 0.98829345714922234 21.390000000000061 16.300000000000036 218.9500000000001 2.1137186140272424 -1.2378986724570494e-14
decision_type=2 2 2 2 2 2 2 2 2 8 10 10 2 8
left_child=2 3 -1 13 10 12 -3 -6 -7 -10 -4 -9 -5 -2
right_child=1 6 4 5 7 8 -8 11 9 -11 -12 -13 -14 -15
leaf_value=-0.012918327537472836 0.012280604103436836 0.029000377729129251 -0.002470845441778008 0.0072136795375278128 -0.0015111297339375131 0.0095070550769461703 0.012439940021020071 0.017372918043578611 0.021495253144706596 0.0028498044222333404 -0.0094605572640953824 0.0031844462589411945 -0.0019538071594918925 1.3063111030074677e-06
leaf_weight=1824 45 416 465 373 857 473 212 69 357 66 727 253 172 609
leaf_count=1824 45 416 465 373 857 473 212 69 357 66 727 253 172 609
internal_value=0.000125166 0.0116241 -0.00735623 0.00772325 -0.00300088 0.0106199 0.0239818 0.000909327 0.014253 0.0188686 -0.00682788 0.00709223 0.00433601 0.00120039
internal_weight=6918 2723 4195 2095 2371 1441 628 1179 896 423 1192 322 545 654
internal_count=6918 2723 4195 2095 2371 1441 628 1179 896 423 1192 322 545 654
is_linear=0
shrinkage=0.01


Tree=60
num_leaves=15
num_cat=0
split_feature=1 14 13 1 4 8 8 8 25 5 21 5 9 1
split_gain=4466.03 1417.76 861.615 615.431 535.6 462.749 395.938 376.057 363.835 323.846 272.231 159.246 144.996 131.288
threshold=1.222017241031695 14.32263354392177 0.40974298840601092 1.7011838104250059 -0.20272195356722073 565.2225000000002 390.01365000000004 36.914400000000008 9.8000000000000131 0.23279590311330159 240.30000000000072 0.19083190862238567 1737.0000000000002 0.97036874451273059
decision_type=2 2 2 2 2 2 2 2 10 2 8 2 2 2
left_child=2 4 7 5 -2 11 12 13 -8 10 -9 -3 -6 -1
right_child=1 3 -4 -5 6 -7 8 9 -10 -11 -12 -13 -14 -15
leaf_value=-0.011982341977660774 -0.0052411454666731255 0.01098865126863122 -0.013320090993443017 0.02406919594753433 -0.00041075962429687859 0.027862184524175621 0.016787614746856389 0.026314846681567229 -0.0022947698898456046 -0.0050569233371159927 0.0044811520062106114 0.0014262910260012011 0.0066755845625411283 -0.0040380414836528409
leaf_weight=285 583 355 1671 535 732 104 425 62 122 216 232 343 452 801
leaf_count=285 583 355 1671 535 732 104 425 62 122 216 232 343 452 801
internal_value=0.00012648 0.00770853 -0.00833906 0.0158304 0.00291611 0.00987031 0.00569767 -0.00301746 0.0125831 0.00395025 0.0105002 0.00647422 0.00235215 -0.00631089
internal_weight=6918 3651 3267 1337 2314 802 1731 1596 547 510 294 698 1184 1086
internal_count=6918 3651 3267 1337 2314 802 1731 1596 547 510 294 698 1184 1086
is_linear=0
shrinkage=0.01


Tree=61
num_leaves=15
num_cat=0
split_feature=11 11 8 6 24 6 17 14 8 8 11 19 24 17
split_gain=5161.23 1634.15 918.762 407.826 389.769 368.867 242.694 220.406 215.233 203.235 158.507 127.134 112.613 108.002
threshold=0.028168050531988353 0.049367376820980059 467.50860000000006 1.2500367538721859 17.920833333333363 0.93208559089700993 6.6061610580194587 0.05457676020289446 22.897350000000007 390.01365000000004 0.018754143899312303 289.4500000000001 28.408333333333363 4.2457952378220734
decision_type=2 2 2 2 10 2 2 2 2 2 2 10 10 2
left_child=2 5 3 10 11 9 -3 -7 -9 -2 -1 -4 13 -11
right_child=1 6 4 -5 -6 7 -8 8 -10 12 -12 -13 -14 -15
leaf_value=0.017322081470396371 -0.0043785440701443199 -0.0084732205118137633 0.038131499028903372 0.018123788988332154 0.0096876171643517049 -0.0031944834809653016 -0.015650764058988829 0.00075779486327143069 0.011761655457444181 0.0086028801459124542 0.004680755067611158 0.015953484021686018 -0.0047032249676929394 -0.0040065325919459481
leaf_weight=100 1564 1213 215 452 116 248 903 299 437 275 820 80 122 74
leaf_count=100 1564 1213 215 452 116 248 903 299 437 275 820 80 122 74
internal_value=0.000127414 -0.00496502 0.0146914 0.0104777 0.0275957 -0.000224266 -0.0116588 0.00474172 0.00744287 -0.00265316 0.00640477 0.0335437 0.00300077 0.00582991
internal_weight=6918 5135 1783 1372 411 3019 2116 984 736 2035 920 295 471 349
internal_count=6918 5135 1783 1372 411 3019 2116 984 736 2035 920 295 471 349
is_linear=0
shrinkage=0.01


Tree=62
num_leaves=15
num_cat=0
split_feature=0 11 11 0 11 8 6 18 15 8 0 9 6 0
split_gain=5705.75 1410.87 992.398 507.609 354.198 215.512 207.252 165.448 152.651 146.795 111.947 105.187 97.0076 96.548
threshold=0.90055833070805669 0.022009118257899463 0.048030701110568126 1.0886072067415673 0.028168050531988353 26.538750000000004 1.0460412625205027 -1.2378986724570494e-14 2.6415040341048548 59.616450000000007 0.82738776433151928 1737.0000000000002 1.0913296216997865 0.81795597058742997
decision_type=2 2 2 2 2 2 2 8 2 2 2 2 2 2
left_child=2 5 4 6 9 -2 7 -3 10 -1 -4 -9 13 -6
right_child=1 3 8 -5 12 -7 -8 11 -10 -11 -12 -13 -14 -15
leaf_value=-9.3181664609482914e-05 0.011264772935844729 0.014870904842046674 -0.011148258021296747 0.017681383349976796 -0.0079727941017948886 0.027841527032359429 0.011125929665277718 -0.00063148297178635348 -0.015933633755401588 0.010118461187966167 -0.0030459393160045148 0.00513543383086965 0.0018505013414074247 -0.0026667159461922548
leaf_weight=317 143 88 1031 371 792 472 397 712 754 230 230 540 184 657
leaf_count=317 143 88 1031 371 792 472 397 712 754 230 230 540 184 657
internal_value=0.000128608 0.011355 -0.00717544 0.00732734 -0.00245616 0.024479 0.00493407 0.00295563 -0.0122019 0.00438838 -0.00974887 0.00188962 -0.00478026 -0.0056428
internal_weight=6918 2723 4195 2108 2180 615 1737 1340 2015 547 1261 1252 1633 1449
internal_count=6918 2723 4195 2108 2180 615 1737 1340 2015 547 1261 1252 1633 1449
is_linear=0
shrinkage=0.01


Tree=63
num_leaves=15
num_cat=0
split_feature=0 0 10 10 0 8 17 23 0 8 21 2 8 23
split_gain=5597.05 1209.51 940.503 370.313 339.003 301.086 286.637 190.819 295.756 172.46 120.068 117.286 146.484 107.838
threshold=0.90055833070805669 1.0886072067415673 -0.0071274633909167821 -0.0019931421131715843 0.81795597058742997 25.715700000000002 3.558134459055815 38.300000000000018 0.98829345714922234 59.616450000000007 218.9500000000001 0.5601843492173334 38.722500000000004 34.10000000000003
decision_type=2 2 2 2 2 2 2 10 2 2 10 2 2 10
left_child=2 3 -1 11 13 -5 -3 8 -7 -6 -11 12 -2 -4
right_child=1 6 4 5 9 7 -8 -9 -10 10 -12 -13 -14 -15
leaf_value=-0.012467966215571877 -0.00099884038803395845 0.028155973437252891 -0.0040059145000746052 0.0041612804682711058 -0.0014646028838783585 0.0090828595250648896 0.011984012331331855 -0.0011801754465287037 0.021774718312917215 0.017008797509616681 0.0030710959271101398 -0.0021193509549338732 0.013612493609817809 -0.010329629400634118
leaf_weight=1824 131 416 725 545 857 455 212 74 367 69 253 407 116 467
leaf_count=1824 131 416 725 545 857 455 212 74 367 69 253 407 116 467
internal_value=0.000129005 0.011248 -0.00710513 0.00745951 -0.00290556 0.010261 0.0232505 0.0137885 0.0151439 0.000890522 0.00690699 0.00115061 0.00633136 -0.00662123
internal_weight=6918 2723 4195 2095 2371 1441 628 896 822 1179 322 654 247 1192
internal_count=6918 2723 4195 2095 2371 1441 628 896 822 1179 322 654 247 1192
is_linear=0
shrinkage=0.01


Tree=64
num_leaves=15
num_cat=0
split_feature=11 1 11 10 9 1 5 12 1 9 13 16 21 9
split_gain=4905.91 1413.04 1031.84 615.344 395.996 248.984 255.864 196.249 172.044 183.364 169.429 136.492 134.996 130.993
threshold=0.030029870466207469 1.0644190644558809 0.019796903093877095 -0.0056970002674643838 1393.5000000000002 2.3445961115821716 0.14879928256677391 0.012074688564881543 1.2750737712151026 1739.5000000000002 0.18734174682051799 1.3331191232701414 265.05000000000035 2705.5000000000005
decision_type=2 2 2 2 2 2 2 2 2 2 2 2 10 2
left_child=2 10 13 -3 7 6 -5 -4 -6 -10 -2 -8 -9 -1
right_child=1 3 4 5 8 -7 11 12 9 -11 -12 -13 -14 -15
leaf_value=0.026281481600699281 -0.0079293111567020954 -0.0076073229371505036 0.0010631613727001585 0.0082378563235973382 -0.00024664120675518738 0.013750904529509736 0.0031880200194578097 0.027961791525161046 0.00087181373728790145 0.011080095760454847 -0.014827408043719415 -0.0029720388388808318 0.012138963620664786 0.0010234348509799351
leaf_weight=481 657 997 65 359 343 143 522 141 256 587 1123 1049 171 24
leaf_count=481 657 997 65 359 343 143 522 141 256 587 1123 1049 171 24
internal_value=0.000129914 -0.00536718 0.0129548 -0.00123052 0.00872866 0.00187498 0.00085792 0.0174578 0.00570208 0.00808371 -0.0124033 -0.00090459 0.0205735 0.0251849
internal_weight=6918 4850 2068 3070 1563 2073 1930 377 1186 843 1780 1571 312 505
internal_count=6918 4850 2068 3070 1563 2073 1930 377 1186 843 1780 1571 312 505
is_linear=0
shrinkage=0.01


Tree=65
num_leaves=15
num_cat=0
split_feature=0 0 1 6 4 18 14 2 6 25 21 0 14 0
split_gain=5407.04 1172.86 870.531 415.644 349.178 281.33 270.619 252.244 140.438 134.464 132.308 129.915 121.647 96.9282
threshold=0.90055833070805669 1.0886072067415673 1.0901442599444071 0.86866999188817962 -1.0000000180025095e-35 -1.2378986724570494e-14 12.124038628878475 0.53953962269048183 1.777879961234248 0.80000000000001148 323.07142857142986 0.98829345714922234 0.05457676020289446 0.98405363675720448
decision_type=2 2 2 2 2 8 2 2 2 8 8 2 2 2
left_child=2 4 7 -4 5 -2 -3 -1 -5 11 12 -7 -6 -14
right_child=1 6 3 8 10 9 -8 -9 -10 -11 -12 -13 13 -15
leaf_value=-0.0058387758148715531 0.018979522003952802 0.014579496470682154 -0.0059805252639738961 0.0017308636851473644 -0.00014265893835966527 0.0027435120284021682 0.029597674144442969 -0.014052467524688377 0.018087333706616051 9.4413779489007851e-05 -0.0002828944388490457 0.014434653386924297 0.010289942408454962 0.019367591031981303
leaf_weight=571 96 310 1377 802 56 286 318 1408 37 792 71 135 353 306
leaf_count=571 96 310 1377 802 56 286 318 1408 37 792 71 135 353 306
internal_value=0.000130749 0.0110594 -0.00697952 -0.00263016 0.00732888 0.00405205 0.0228785 -0.0117697 0.00286816 0.00257384 0.0125377 0.00699974 0.0137975 0.0149661
internal_weight=6918 2723 4195 2216 2095 1309 628 1979 839 1213 786 421 715 659
internal_count=6918 2723 4195 2216 2095 1309 628 1979 839 1213 786 421 715 659
is_linear=0
shrinkage=0.01


Tree=66
num_leaves=15
num_cat=0
split_feature=11 11 8 6 24 6 13 8 11 8 11 24 13 8
split_gain=4743.45 1496.15 873.052 385.372 369.596 339.42 214.98 281.844 205.972 185 146.718 107.384 103.558 99.7554
threshold=0.028168050531988353 0.049367376820980059 467.50860000000006 1.2500367538721859 17.920833333333363 0.93208559089700993 2.9727379293480429 24.159150000000004 0.069283449343102183 390.01365000000004 0.018754143899312303 28.408333333333363 2.2180731912545748 42.876900000000013
decision_type=2 2 2 2 10 2 2 2 2 2 2 10 2 2
left_child=2 5 3 10 -4 9 7 -7 -3 -2 -1 -11 -5 -12
right_child=1 8 4 12 -6 6 -8 -9 -10 11 13 -13 -14 -15
leaf_value=0.016535265277256257 -0.0041894399721228055 -0.0076922354880011746 0.032454303907348755 0.019090460590441668 0.0092691372406175903 0.00067162822312735889 -0.0035861212642414298 0.012850351108259892 -0.014266084639076144 0.0056158883345179605 0.00085081946653352216 -0.0046656917959031928 0.00269977579307225 0.0078192159190213408
leaf_weight=100 1564 1036 295 400 116 365 233 386 1080 349 418 122 52 402
leaf_count=100 1564 1036 295 400 116 365 233 386 1080 349 418 122 52 402
internal_value=0.000132485 -0.00474947 0.0140947 0.00999208 0.0266675 -0.000213165 0.00455033 0.0071152 -0.0111544 -0.00254323 0.00603894 0.00285078 0.0174203 0.00438377
internal_weight=6918 5135 1783 1372 411 3019 984 751 2116 2035 920 471 452 820
internal_count=6918 5135 1783 1372 411 3019 984 751 2116 2035 920 471 452 820
is_linear=0
shrinkage=0.01


Tree=67
num_leaves=15
num_cat=0
split_feature=0 11 11 8 0 1 11 1 2 8 1 2 13 8
split_gain=5231.83 1305.07 905.621 404.713 402.796 336.99 324.086 164.755 153.596 139.743 133.065 132.754 130.263 121.28
threshold=0.90055833070805669 0.025593909851723873 0.048030701110568126 467.50860000000006 1.0991000212231081 1.5138701040630089 0.028168050531988353 1.0672653741612679 0.51030448436287512 59.616450000000007 1.3842590653287092 0.31047488699253961 2.406057576325757 36.914400000000008
decision_type=2 2 2 2 2 2 2 2 2 2 2 2 2 2
left_child=2 3 6 5 8 -2 9 -4 13 -1 11 -8 -7 -3
right_child=1 4 7 -5 -6 12 10 -9 -10 -11 -12 -13 -14 -15
leaf_value=-0.00017244893875289488 0.0044453254528535307 0.0022257313971173142 -0.014007362958366165 0.030101405377028205 0.016267603226128979 0.02158168400257628 0.0021320418045414906 -0.0077115399911142513 9.3766044826598294e-05 0.009785768250897527 0.0015181608024267021 -0.0070545338766683577 0.00038484247014769967 0.010178226113310674
leaf_weight=317 223 381 1231 296 283 394 170 784 706 230 285 1178 33 407
leaf_count=317 223 381 1231 296 283 394 170 784 706 230 285 1178 33 407
internal_value=0.000133336 0.0108834 -0.00686078 0.0202665 0.00571273 0.0150081 -0.00235222 -0.0116625 0.00351829 0.00419458 -0.00457544 -0.00587445 0.0200564 0.00649582
internal_weight=6918 2723 4195 946 1777 650 2180 2015 1494 547 1633 1348 427 788
internal_count=6918 2723 4195 946 1777 650 2180 2015 1494 547 1633 1348 427 788
is_linear=0
shrinkage=0.01


Tree=68
num_leaves=15
num_cat=0
split_feature=0 11 11 0 11 4 8 15 18 4 0 13 0 9
split_gain=5131.93 1281.46 888.137 462.373 318.159 212.56 204.892 145.725 135.991 125.34 104.757 97.6423 88.1274 86.0155
threshold=0.90055833070805669 0.022009118257899463 0.048030701110568126 1.0991000212231081 0.024475109035076954 0.014441268537309657 26.538750000000004 2.6415040341048548 -1.2378986724570494e-14 -0.055114355728905155 0.82738776433151928 7.6143717136279179 1.0042209115165934 1737.0000000000002
decision_type=2 2 2 2 2 2 2 2 8 2 2 2 2 2
left_child=2 6 4 5 -1 8 -2 10 -3 -6 -4 -7 -8 -10
right_child=1 3 7 -5 9 11 12 -9 13 -11 -12 -13 -14 -15
leaf_value=0.007958770347227381 0.010522183156743692 0.013519218410844001 -0.010517925601399421 0.017317338083971325 -0.005679450618448492 0.012399024199740614 0.015801825723413265 -0.015178859830961518 -0.00059724869810170826 -0.00042480076211701747 -0.0027104912412166593 -0.00085391554236412053 0.030102997810206769 0.0046475873347397081
leaf_weight=246 143 87 1031 341 1198 383 145 754 704 736 230 60 327 533
leaf_count=246 143 87 1031 341 1198 383 145 754 704 736 230 60 327 533
internal_value=0.0001341 0.0107811 -0.0067929 0.00694282 -0.00232804 0.00476371 0.0232884 -0.0115481 0.00266686 -0.00370968 -0.00916625 0.0106231 0.0265509 0.00169269
internal_weight=6918 2723 4195 2108 2180 1767 615 2015 1324 1934 1261 443 472 1237
internal_count=6918 2723 4195 2108 2180 1767 615 2015 1324 1934 1261 443 472 1237
is_linear=0
shrinkage=0.01


Tree=69
num_leaves=15
num_cat=0
split_feature=0 11 11 0 11 0 1 2 1 2 11 17 23 23
split_gain=5035 1261.47 871.036 387.792 313.613 301.077 160.383 149.102 130.565 129.447 94.8249 91.2804 84.0589 83.1114
threshold=0.90055833070805669 0.025593909851723873 0.048030701110568126 1.0991000212231081 0.028168050531988353 1.0353281306920199 1.0672653741612679 0.51030448436287512 1.3842590653287092 0.31047488699253961 0.016302227599505555 2.0100389836631876 38.200000000000024 34.60000000000003
decision_type=2 2 2 2 2 2 2 2 2 2 2 2 8 8
left_child=2 5 4 7 10 -2 -4 11 9 -6 -1 12 -3 -7
right_child=1 3 6 -5 8 13 -8 -9 -10 -11 -12 -13 -14 -15
leaf_value=0.019158270362764598 0.01323721346646441 0.0094111816532995284 -0.013747663985785964 0.015953922139456889 0.0021253398642262543 0.02740833459912162 -0.0075409824371370331 7.0700546755127038e-05 0.001542228644286267 -0.0069440574853530217 0.0028671960570377858 -0.00017704615641284634 -0.0013546799563725167 0.00938593403937725
leaf_weight=20 471 547 1231 283 170 417 784 706 285 1178 527 165 76 58
leaf_count=20 471 547 1231 283 170 417 784 706 285 1178 527 165 76 58
internal_value=0.000134959 0.0106809 -0.00672631 0.0055975 -0.00230459 0.0199058 -0.0114355 0.0034443 -0.0044917 -0.00577863 0.00413525 0.00637789 0.00808101 0.0256961
internal_weight=6918 2723 4195 1777 2180 946 2015 1494 1633 1348 547 788 623 475
internal_count=6918 2723 4195 1777 2180 946 2015 1494 1633 1348 547 788 623 475
is_linear=0
shrinkage=0.01


Tree=70
num_leaves=15
num_cat=0
split_feature=0 11 11 0 11 6 8 1 1 18 23 16 4 0
split_gain=4937.99 1238.56 854.459 445.402 308.32 207.049 201.028 184.313 157.179 153.192 103.317 111.132 88.6011 84.5176
threshold=0.90055833070805669 0.022009118257899463 0.048030701110568126 1.0991000212231081 0.024475109035076954 1.0460412625205027 26.538750000000004 1.0901442599444071 1.0672653741612679 -1.2378986724570494e-14 35.60000000000003 1.7775561589630364 -0.068413325557543661 1.0042209115165934
decision_type=2 2 2 2 2 2 2 2 2 8 8 2 2 2
left_child=2 6 4 5 -1 9 -2 -6 -4 -3 11 -11 -9 -8
right_child=1 3 8 -5 7 -7 13 12 -10 10 -12 -13 -14 -15
leaf_value=0.0078464015466826291 0.010269081549707548 0.014176098925096017 -0.013612385228228607 0.016988648966733893 -0.0078848221818715852 0.010781525407148254 0.0155466341643566 -0.0036526161599846323 -0.0074674484997032673 0.0067395367502279934 -0.0025619311115588064 -0.00023135504784441854 0.0015709128199067857 0.029587866324684461
leaf_weight=246 143 88 1231 341 653 406 145 723 784 476 380 417 558 327
leaf_count=246 143 88 1231 341 653 406 145 723 784 476 380 417 558 327
internal_value=0.000135725 0.0105796 -0.00665912 0.00680629 -0.00227966 0.00466753 0.0228757 -0.00363991 -0.0113233 0.0027067 0.0016991 0.00353966 -0.0013804 0.026102
internal_weight=6918 2723 4195 2108 2180 1767 615 1934 2015 1361 1273 893 1281 472
internal_count=6918 2723 4195 2108 2180 1767 615 1934 2015 1361 1273 893 1281 472
is_linear=0
shrinkage=0.01


Tree=71
num_leaves=15
num_cat=0
split_feature=11 1 8 1 10 19 14 24 6 11 17 11 7 8
split_gain=4345.64 1254.15 974.743 661.682 551.145 318.279 229.009 218.737 185.615 177.474 135.987 118.107 113.968 103.929
threshold=0.030029870466207469 1.0644190644558809 467.50860000000006 1.5006751295101186 -0.0062370046183893137 288.2000000000001 0.17926856918715153 20.255833333333335 0.93208559089700993 0.019796903093877095 2.4866578689162711 0.025593909851723873 1.0000000180025095e-35 24.159150000000004
decision_type=2 2 2 2 2 10 2 10 2 2 2 2 2 2
left_child=2 10 3 -1 -3 7 -6 -4 -8 -5 -2 -7 -11 -10
right_child=1 4 5 9 6 11 8 -9 13 12 -12 -13 -14 -15
leaf_value=0.002268269368676887 -0.0079778038915023376 -0.007440536577396472 0.035069024674162903 0.022022961714665275 -0.0035159287201519829 0.017315368175689804 0.00096016670724758464 0.0075320202638121218 0.0021349915370800611 0.014144382432522648 -0.014086063441796699 8.0319161032452998e-05 0.0035647915358318709 0.011208020483131534
leaf_weight=860 741 939 239 254 593 102 964 48 209 333 1039 61 171 365
leaf_count=860 741 939 239 254 593 102 964 48 209 333 1039 61 171 365
internal_value=0.000136648 -0.005037 0.012207 0.00838474 -0.00113978 0.0249873 0.00167529 0.0312868 0.0037027 0.0150747 -0.0116657 0.0116338 0.010847 0.00810438
internal_weight=6918 4850 2068 1618 3070 450 2131 287 1538 758 1780 163 504 574
internal_count=6918 4850 2068 1618 3070 450 2131 287 1538 758 1780 163 504 574
is_linear=0
shrinkage=0.01


Tree=72
num_leaves=15
num_cat=0
split_feature=0 11 11 0 9 11 9 0 6 17 14 14 6 15
split_gain=4774.44 1195 821.531 370.3 310.855 296.562 250.432 175.328 153.51 147.811 145.066 142.159 118.65 97.9778
threshold=0.90055833070805669 0.025593909851723873 0.048030701110568126 1.0991000212231081 1393.5000000000002 0.024475109035076954 2308.5000000000005 0.99509915263651261 1.0460412625205027 6.6061610580194587 66.859541956084243 56.029617079247956 0.89605650772540335 0.71201123510302999
decision_type=2 2 2 2 2 2 2 2 2 2 2 2 2 2
left_child=2 4 5 8 11 -1 13 -8 -3 -4 -9 -2 -7 -6
right_child=1 3 9 -5 6 12 7 10 -10 -11 -12 -13 -14 -15
leaf_value=0.0076820880435827313 0.030971185094541935 0.0016946757011319636 -0.0083857193988841686 0.015579315011724585 0.010537498499114995 -0.0054995252552582944 0.0068764393135836909 0.028023518494222053 0.0096366439373501943 -0.014246956365008501 0 0.0087940523479329916 -0.00038750349681962421 -0.0017332076555905268
leaf_weight=246 256 1203 1117 283 253 1198 89 195 291 898 20 56 736 77
leaf_count=246 256 1203 1117 283 253 1198 89 195 291 898 20 56 736 77
internal_value=0.000137768 0.0104072 -0.00654358 0.00545916 0.0193861 -0.00224906 0.0145115 0.0209318 0.00335508 -0.0111171 0.0256272 0.0277903 -0.0035831 0.00771033
internal_weight=6918 2723 4195 1777 946 2180 634 304 1494 2015 215 312 1934 330
internal_count=6918 2723 4195 1777 946 2180 634 304 1494 2015 215 312 1934 330
is_linear=0
shrinkage=0.01


Tree=73
num_leaves=15
num_cat=0
split_feature=1 6 13 15 8 1 20 8 23 1 13 17 1 8
split_gain=3615.99 1061.67 709.521 561.365 460.599 362.903 336.183 335.229 210.817 209.208 208.895 201.66 188.685 165.568
threshold=1.222017241031695 0.99991965424749385 0.40974298840601092 0.66342063769317716 467.50860000000006 1.5977846757459158 215.35999999999993 1697.5800000000002 29.800000000000015 2.0000022500218573 2.406057576325757 3.007485931388084 1.0303346950950483 565.2225000000002
decision_type=2 2 2 2 2 2 10 2 10 2 2 2 2 2
left_child=2 3 7 6 5 -3 13 12 -9 -5 -7 -8 -1 -2
right_child=1 4 -4 9 -6 10 11 8 -10 -11 -12 -13 -14 -15
leaf_value=-0.0088414393530360288 0.0087229303077285027 0.0054792239225497407 -0.011998197705766361 -0.0035595796546620088 0.02906561694660767 0.018981548460821313 0.0021531517895168393 0.023298472636638003 0.0014320684038102627 0.010338710539720275 0 0.013018619418308335 -0.0013608965331707926 0.02711396264214801
leaf_weight=540 139 575 1671 1036 167 514 750 52 124 101 65 207 880 97
leaf_count=540 139 575 1671 1036 167 514 750 52 124 101 65 207 880 97
internal_value=0.000139011 0.00696151 -0.00747833 0.00284872 0.0140576 0.011419 0.00758651 -0.00264994 0.00966177 -0.00215897 0.0169212 0.00473199 -0.00429584 0.0178487
internal_weight=6918 3651 3267 2330 1321 1154 1193 1596 176 1137 579 957 1420 236
internal_count=6918 3651 3267 2330 1321 1154 1193 1596 176 1137 579 957 1420 236
is_linear=0
shrinkage=0.01


Tree=74
num_leaves=15
num_cat=0
split_feature=11 11 11 9 6 14 20 6 13 15 3 16 9 13
split_gain=4132 1146.17 885.508 360.921 306.075 270.481 214.507 201.416 198.305 161.959 135.281 132.454 122.7 110.636
threshold=0.030029870466207469 0.051132097672194635 0.019796903093877095 1393.5000000000002 0.93208559089700993 48.659852916307571 201.47166666666664 0.75052181411078289 2.9727379293480429 2.6415040341048548 0.61113677505840436 1.2069649938406632 1683.5000000000002 1.0988292737062391
decision_type=2 2 2 2 2 2 10 2 2 2 2 2 2 2
left_child=2 4 5 6 10 -1 -4 -8 13 -3 11 -2 -5 -6
right_child=1 9 3 12 8 -7 7 -9 -10 -11 -12 -13 -14 -15
leaf_value=0.027224191874543124 0.000324044417152495 -0.0082552357086747002 0.028437621899206064 -0.00061090822942011676 0.0046550548967168046 0.0080469887360822469 -0.0083062670190225951 0.013677019503499782 -0.0042186850790963751 -0.014556595412025601 0.008395623308047653 -0.0053019306927747549 0.0068709486184104149 0.016124414249012869
leaf_weight=387 596 1212 96 280 580 118 35 246 208 743 80 1343 906 88
leaf_count=387 596 1212 96 280 580 118 35 246 208 743 80 1343 906 88
internal_value=0.000140975 -0.00490388 0.0119109 0.00799699 -0.000886706 0.0232395 0.0163224 0.0105357 0.00398729 -0.0107783 -0.0030247 -0.00358189 0.00511544 0.00660533
internal_weight=6918 4850 2068 1563 2895 505 377 281 876 1955 2019 1939 1186 668
internal_count=6918 4850 2068 1563 2895 505 377 281 876 1955 2019 1939 1186 668
is_linear=0
shrinkage=0.01


Tree=75
num_leaves=15
num_cat=0
split_feature=4 14 8 14 15 15 24 8 4 3 15 16 14 21
split_gain=2790.55 1172.95 841.665 723.519 475.611 361.256 347.162 486.094 299.258 252.682 179.728 119.84 117.165 107.168
threshold=-0.14982122761397307 0.25968510979177462 25.537500000000005 17.596300554763893 0.63359360760746741 0.60763970868423822 17.80250000000002 1697.5800000000002 0.094678049423527408 0.39263110307414112 2.6415040341048548 4.8917825324051405 57.284237628496378 200.60000000000068
decision_type=2 2 2 2 2 2 10 2 2 2 2 2 2 10
left_child=4 11 8 5 9 6 7 -4 -3 13 -6 -2 -5 -1
right_child=1 2 3 12 10 -7 -8 -9 -10 -11 -12 -13 -14 -15
leaf_value=0.0039798886309831572 -0.00089545256979028248 -0.0015073851828668651 0.011081021610650429 0.023755046088500726 -0.007591946528678002 -0.00058990444002052147 0.0038749856564162439 0.034201227078417766 0.0099796673061134308 0.0070671697505628947 -0.014092985989174162 -0.0080572082620553494 0.0078585400465218461 -0.0069460449617430899
leaf_weight=97 474 901 603 460 1201 355 464 99 281 245 769 459 82 428
leaf_count=97 474 901 603 460 1201 355 464 99 281 245 769 459 82 428
internal_value=0.000141684 0.00527764 0.00810943 0.0119355 -0.00766758 0.00820097 0.0108507 0.0152125 0.00133576 -0.000953647 -0.0102508 -0.0045244 0.0217331 -0.00483703
internal_weight=6918 4178 3245 2063 2740 1521 1166 702 1182 770 1970 933 542 525
internal_count=6918 4178 3245 2063 2740 1521 1166 702 1182 770 1970 933 542 525
is_linear=0
shrinkage=0.01


Tree=76
num_leaves=15
num_cat=0
split_feature=13 4 8 8 4 20 4 23 9 16 4 9 14 13
split_gain=2758.15 1501.26 794.811 669.855 531.115 448.963 267.814 165.666 278.694 154.036 139.422 128.602 123.474 109.841
threshold=1.7970476720112285 -1.0000000180025095e-35 29.691000000000003 25.715700000000002 -0.20272195356722073 206.61499999999981 -0.19168507261613241 38.300000000000018 1280.0000000000002 0.36466965826878145 0.11222887959688031 2311.0000000000005 15.890343137194366 1.0988292737062391
decision_type=2 2 2 2 2 8 2 10 2 2 2 2 2 2
left_child=1 2 -1 10 12 9 -2 8 -5 -6 -3 13 -4 -7
right_child=6 3 4 7 5 11 -8 -9 -10 -11 -12 -13 -14 -15
leaf_value=-0.0049438010172314015 -0.012396166302992119 0.0010262224801543464 -0.0048071762998816298 0.028746483634258139 -0.00042739799813083979 0.0030764608810582225 -0.0051924494376372997 -0.0037069625722037421 0.014598044371397518 0.02482466917250949 0.010348855801230522 0.016671623220611918 0.0077020481331868378 0.012661016647928748
leaf_weight=1423 1164 390 501 241 26 879 1012 25 544 171 262 81 74 125
leaf_count=1423 1164 390 501 241 26 879 1012 25 544 171 262 81 74 125
internal_value=0.000142058 0.00441858 0.000637218 0.0127722 0.00492633 0.00846949 -0.00912826 0.0187582 0.0195604 0.0217136 0.00498382 0.00570626 -0.00297571 0.0045035
internal_weight=6918 4742 3280 1462 1857 1282 2176 810 785 197 652 1085 575 1004
internal_count=6918 4742 3280 1462 1857 1282 2176 810 785 197 652 1085 575 1004
is_linear=0
shrinkage=0.01


Tree=77
num_leaves=15
num_cat=0
split_feature=0 0 0 4 15 14 24 8 4 8 8 4 5 20
split_gain=4441.31 985.949 699.135 283.292 260.374 242.335 199.53 303.574 198.459 187.851 158.44 149.624 140.4 133.563
threshold=0.90055833070805669 1.0886072067415673 0.81795597058742997 -1.0000000180025095e-35 2.1107138664934415 12.124038628878475 17.695833333333386 565.2225000000002 -0.10018212824822244 25.715700000000002 54.102150000000009 0.038480519239245635 0.54289916236670688 307.59666666666664
decision_type=2 2 2 2 2 2 8 2 2 2 2 2 2 8
left_child=2 3 4 6 11 -3 7 -2 -4 -5 -10 -1 -9 -11
right_child=1 5 8 9 -6 -7 -8 12 10 13 -12 -13 -14 -15
leaf_value=-0.0080647280083898463 0.0037409753662515145 0.013119354717772116 -0.0047845811450234494 0.004949333882969845 -0.014064487414479816 0.027198820324434166 -4.9115747642850685e-05 0.025334611374916684 -0.00010196470029885322 0.017441550015809118 0.0096034582245067279 0.00087678603474008999 0.00043888770416378972 0.0016353016439825297
leaf_weight=1743 494 310 631 321 803 318 688 97 603 397 212 203 30 68
leaf_count=1743 494 310 631 321 803 318 688 97 603 397 212 203 30 68
internal_value=0.000143208 0.0100479 -0.00630082 0.00662834 -0.00924437 0.0208836 0.00367508 0.00768948 -0.000648216 0.011321 0.00258021 -0.00712746 0.0203816 0.0153135
internal_weight=6918 2723 4195 2095 2749 628 1309 621 1446 786 815 1946 127 465
internal_count=6918 2723 4195 2095 2749 628 1309 621 1446 786 815 1946 127 465
is_linear=0
shrinkage=0.01


Tree=78
num_leaves=15
num_cat=0
split_feature=11 1 11 4 14 2 20 1 16 14 1 5 16 1
split_gain=3882.15 1139.32 840.7 452.662 261.074 207.284 193.863 190.635 182.407 178.496 145.805 243.153 142.344 109.22
threshold=0.030029870466207469 1.0644190644558809 0.019796903093877095 -0.10452358061100366 48.659852916307571 0.30555903244824184 208.04333333333338 2.0273262943799168 1.924381363812232 0.2897988112382342 1.4836715159762048 0.1800364221329234 1.7775561589630364 1.4234994044372724
decision_type=2 2 2 2 2 2 10 2 2 2 2 2 2 2
left_child=2 5 4 7 -1 -2 8 12 -4 -5 -8 -12 -3 -11
right_child=1 3 6 9 -6 -7 10 -9 -10 13 11 -13 -14 -15
leaf_value=0.026499733047774955 -0.00034778237552008528 -0.00021109608749096846 0.022187572595584824 -0.0018005076679496717 0.0077127438023740407 -0.012149258765960323 0.0029380687920173127 0.0076446077821215961 0.003721795295517001 0.0029707072589543432 0.01963384032936236 0.0052863333562574357 -0.0071131712692265774 0.010254985801165493
leaf_weight=387 167 404 146 467 118 1613 735 103 95 599 159 428 1176 321
leaf_count=387 167 404 146 467 118 1613 735 103 95 599 159 428 1176 321
internal_value=0.000144061 -0.00474587 0.0115526 -0.00103159 0.02259 -0.0110638 0.00773981 -0.00449593 0.0157898 0.00316913 0.0060514 0.00970797 -0.00537929 0.00568704
internal_weight=6918 4850 2068 3070 505 1780 1563 1683 241 1387 1322 587 1580 920
internal_count=6918 4850 2068 3070 505 1780 1563 1683 241 1387 1322 587 1580 920
is_linear=0
shrinkage=0.01


Tree=79
num_leaves=15
num_cat=0
split_feature=1 10 13 8 1 8 13 10 23 20 23 19 1 10
split_gain=3306.75 1120.25 642.26 589.625 492.546 315.548 242.381 217.804 199.527 193.416 190.479 232.707 176.447 144.204
threshold=1.222017241031695 -0.0018084721950417484 0.40974298840601092 467.50860000000006 1.4747468523983533 1697.5800000000002 2.2180731912545748 -0.0062370046183893137 29.800000000000015 209.81999999999996 39.000000000000036 325.75000000000006 0.98414347863392071 0.0044627709697246439
decision_type=2 2 2 2 2 2 2 2 10 8 10 10 2 2
left_child=2 7 5 4 -3 12 13 -2 -7 -9 11 -5 -1 -6
right_child=1 3 -4 10 6 8 -8 9 -10 -11 -12 -13 -14 -15
leaf_value=-0.0096693815089141343 -0.005415410710156921 0.0027249262057052414 -0.011439602509506392 0.028774719964712859 0.011219007673688317 0.022665930224595489 0.00027945829059493235 0.011419146780784314 0.0013908840127341035 9.2315852507192009e-05 0 0.0056170735066366755 -0.0018652283864133202 0.020453353932301643
leaf_weight=394 525 843 1671 260 617 52 134 175 124 674 35 66 1026 322
leaf_count=394 525 843 1671 260 617 52 134 175 124 674 35 66 1026 322
internal_value=0.000145193 0.00666947 -0.00713912 0.0109422 0.00855692 -0.0025445 0.012996 -0.000459539 0.00939915 0.00264764 0.022462 0.024711 -0.00414177 0.0147566
internal_weight=6918 3651 3267 2277 1916 1596 1073 1374 176 849 361 326 1420 939
internal_count=6918 3651 3267 2277 1916 1596 1073 1374 176 849 361 326 1420 939
is_linear=0
shrinkage=0.01


Tree=80
num_leaves=15
num_cat=0
split_feature=0 0 10 10 0 17 8 13 8 15 24 2 8 17
split_gain=4230.7 942.47 695.67 285.72 275.357 244.654 232.99 188.652 144.981 126.45 102.903 98.9545 132.408 90.7792
threshold=0.90055833070805669 1.0886072067415673 -0.0071274633909167821 -0.0018084721950417484 0.81795597058742997 3.558134459055815 25.715700000000002 11.765484519314397 54.102150000000009 0.63359360760746741 16.300000000000036 0.5601843492173334 38.722500000000004 2.1137186140272424
decision_type=2 2 2 2 2 2 2 2 2 2 10 2 2 2
left_child=2 3 -1 11 10 -3 13 -8 -6 -10 -4 12 -2 -5
right_child=1 5 4 6 8 -7 7 -9 9 -11 -12 -13 -14 -15
leaf_value=-0.010755984521301266 -0.00078500316901382327 0.024903642806403954 -0.0020531356794394784 0.0063327267345923343 -0.0012796515324685191 0.010154456023130856 0.013674051680926278 -0.0016803904478121729 0.010536714004788629 -0.002097569485664252 -0.0081930583476732891 -0.0017563459891192326 0.012710822516254017 -0.0022315717011532456
leaf_weight=1824 144 416 465 360 855 212 787 83 215 109 727 432 120 169
leaf_count=1824 144 416 465 360 855 212 787 83 215 109 727 432 120 169
internal_value=0.000146022 0.00981308 -0.00614334 0.00646972 -0.00253038 0.0204071 0.00904619 0.0121931 0.000888946 0.00638239 -0.00587953 0.00116886 0.00577738 0.00359685
internal_weight=6918 2723 4195 2095 2371 628 1399 870 1179 324 1192 696 264 529
internal_count=6918 2723 4195 2095 2371 628 1399 870 1179 324 1192 696 264 529
is_linear=0
shrinkage=0.01


Tree=81
num_leaves=15
num_cat=0
split_feature=11 11 8 6 6 20 17 8 8 11 11 25 20 17
split_gain=3697.5 1158.07 723.734 326.067 267.291 255.282 183.597 168.593 141.578 121.299 121.04 110.773 99.2674 94.0691
threshold=0.028168050531988353 0.049367376820980059 467.50860000000006 1.2500367538721859 0.93208559089700993 215.35999999999993 6.6061610580194587 390.01365000000004 390.01365000000004 0.025593909851723873 0.018754143899312303 10.800000000000013 227.17833333333337 2.1759701539193474
decision_type=2 2 2 2 2 10 2 2 2 2 2 10 10 2
left_child=2 4 3 10 8 -4 -3 13 -2 12 -1 -10 -7 -6
right_child=1 6 5 -5 7 9 -8 -9 11 -11 -12 -13 -14 -15
leaf_value=0.014635092109286537 -0.0036814733590599092 -0.0070386161704586231 0.035644248089194301 0.01556818410742365 0.0044644613902617885 0.0021223474930633199 -0.013263885090816241 0.013070701740122256 0.0059473837616157797 0.0017743386042444673 0.0036294336739145882 -0.003748845483530014 0.021985173055283431 -0.0024683651708454516
leaf_weight=100 1564 1213 130 452 551 35 903 153 304 53 820 167 193 280
leaf_count=100 1564 1213 130 452 551 35 903 153 304 53 820 167 193 280
internal_value=0.000145873 -0.00416426 0.012473 0.00874506 -0.000172954 0.0239112 -0.00979924 0.00405371 -0.00224114 0.0164422 0.00512227 0.00247641 0.0193934 0.00211363
internal_weight=6918 5135 1783 1372 3019 411 2116 984 2035 281 920 471 228 831
internal_count=6918 5135 1783 1372 3019 411 2116 984 2035 281 920 471 228 831
is_linear=0
shrinkage=0.01


Tree=82
num_leaves=15
num_cat=0
split_feature=1 14 15 13 1 20 9 9 20 15 4 4 14 14
split_gain=3153.78 996.947 690.78 610.903 451.579 266.675 237.783 198.089 167.1 162.105 156.847 147.596 135.75 170.196
threshold=1.222017241031695 14.32263354392177 0.66342063769317716 0.40974298840601092 1.7325945214684335 198.3049999999993 1139.5000000000002 1354.0000000000002 265.64499999999992 0.11665875592132696 -0.10968045648422688 -0.13031700508046748 24.148985069510093 17.596300554763893
decision_type=2 2 2 2 2 10 2 2 10 2 2 2 2 2
left_child=3 2 5 6 12 9 8 -7 11 -2 -8 -1 13 -3
right_child=1 4 -4 -5 -6 7 10 -9 -10 -11 -12 -13 -14 -15
leaf_value=0.0011488423077695954 0.028139103541096437 0.0064003588841196803 -0.0025173716373154882 -0.011161022813647043 0.020687197461745445 -0.0012244481674819436 -0.007847508644899413 0.0089324337537345731 -0.0013307503345510309 0.0049847753751504275 -0.00099390587508360107 0.023123888955874878 0.0046216326390685755 0.021156868243330643
leaf_weight=56 83 213 1252 1671 508 259 607 661 139 59 737 57 478 138
leaf_count=56 83 213 1252 1671 508 259 607 661 139 59 737 57 478 138
internal_value=0.000147027 0.00651863 0.00249846 -0.00696678 0.0133298 0.00835813 -0.00248547 0.0060972 0.0060892 0.0203835 -0.00416626 0.0141192 0.00842832 0.0130568
internal_weight=6918 3651 2314 3267 1337 1062 1596 920 252 142 1344 113 829 351
internal_count=6918 3651 2314 3267 1337 1062 1596 920 252 142 1344 113 829 351
is_linear=0
shrinkage=0.01


Tree=83
num_leaves=15
num_cat=0
split_feature=11 1 8 1 15 23 2 9 2 9 9 15 15 2
split_gain=3577.63 1054.64 832.027 567.201 467.705 390.651 211.851 199.072 194.011 178.802 165.804 146.596 143.679 108.833
threshold=0.030029870466207469 1.0644190644558809 467.50860000000006 1.5006751295101186 0.63853026695589155 38.200000000000024 0.49995325348859482 914.50000000000011 0.30555903244824184 1421.0000000000002 1739.5000000000002 2.6415040341048548 0.53559369914270161 0.46864102392308843
decision_type=2 2 2 2 2 10 2 2 2 2 2 2 2 2
left_child=2 8 3 -1 12 6 -4 -6 -2 -5 -11 -9 13 -3
right_child=1 4 5 9 7 -7 -8 11 -10 10 -12 -13 -14 -15
leaf_value=0.0019128299977766636 -0.00026451604341201607 0.0057434888540147536 0.036581314990491227 0.022453765394154473 0.011443609080359907 -0.001275313084601964 0.018078988827971185 -0.0033712231698061054 -0.011674562576628963 0.00098643592644726778 0.013405335183627905 -0.010682852465634527 0.01158650413652261 -0.00053427882123147498
leaf_weight=860 167 464 143 180 59 56 251 1406 1613 148 430 336 175 630
leaf_count=860 167 464 143 180 59 56 251 1406 1613 148 430 336 175 630
internal_value=0.000148299 -0.00454589 0.0111003 0.00757153 -0.000972323 0.0229048 0.0262613 -0.00423197 -0.0106245 0.0137646 0.0103815 -0.00489243 0.00363998 0.00217466
internal_weight=6918 4850 2068 1618 3070 450 394 1801 1780 758 578 1742 1269 1094
internal_count=6918 4850 2068 1618 3070 450 394 1801 1780 758 578 1742 1269 1094
is_linear=0
shrinkage=0.01


Tree=84
num_leaves=15
num_cat=0
split_feature=1 10 13 13 1 9 5 16 24 21 1 6 14 5
split_gain=3042.69 1034.08 590.566 494.643 408.612 230.963 214.022 210.743 190.756 184.688 153.838 152.146 136.737 128.725
threshold=1.222017241031695 -0.0018084721950417484 0.40974298840601092 11.765484519314397 1.6676202149078476 1139.5000000000002 0.1800364221329234 1.7630835395910107 8.4891666666666534 195.97857142857566 2.0273262943799168 0.88941027792031291 12.124038628878475 0.30521712056815148
decision_type=2 2 2 2 2 2 2 2 10 10 2 2 2 2
left_child=2 7 5 4 6 8 -3 9 13 -2 -9 -7 -6 -1
right_child=1 3 -4 -5 12 11 -8 10 -10 -11 -12 -13 -14 -15
leaf_value=0.029130822079522268 0.014915987089276314 0.012466967741030663 -0.010961634543355905 -0.0014310079728123511 0.011254472719667398 -0.0066578749316754896 0.0036722316888755909 -0.0049899379817094202 0.00098418951970044815 0.0010938688279168462 0.0071883863432348274 0.00022588469194590247 0.021045996691877861 -0.00024739288966520688
leaf_weight=29 110 564 1671 296 325 837 579 764 203 399 101 507 513 20
leaf_count=29 110 564 1671 296 325 837 579 764 203 399 101 507 513 20
internal_value=0.000149566 0.00640795 -0.00683781 0.0105131 0.0122992 -0.00243179 0.00816025 -0.00044111 0.00601834 0.00455087 -0.00342635 -0.00408853 0.0176111 0.0203988
internal_weight=6918 3651 3267 2277 1981 1596 1143 1374 252 509 865 1344 838 49
internal_count=6918 3651 3267 2277 1981 1596 1143 1374 252 509 865 1344 838 49
is_linear=0
shrinkage=0.01


Tree=85
num_leaves=15
num_cat=0
split_feature=0 11 11 8 0 1 4 8 1 4 0 24 13 15
split_gain=3918.6 987.461 650.606 330.822 308.283 278.401 238.188 134.606 131.668 128.013 125.37 124.232 110.312 90.775
threshold=0.90055833070805669 0.025593909851723873 0.048030701110568126 467.50860000000006 1.0991000212231081 1.5138701040630089 0.041985951161996028 36.914400000000008 1.043160096093547 0.023244641851864114 0.81023212552684132 20.305833333333435 2.406057576325757 0.71201123510302999
decision_type=2 2 2 2 2 2 2 2 2 2 2 10 2 2
left_child=2 3 6 5 9 -2 10 -8 -4 -3 -1 -5 -7 -10
right_child=1 4 8 11 -6 12 7 -9 13 -11 -12 -13 -14 -15
leaf_value=-0.0064528403803312227 0.0033750299872531571 0.0015307570963681652 -0.012249126383402188 0.029176983551235658 0.014189681736629446 0.018883462769591255 -0.00036520920704497813 0.010706880799543983 -0.00057084064196281687 0.0088187959328512224 -0.0010981741526225283 0.0068662185262028984 0 -0.0084299766879550302
leaf_weight=837 223 1207 1149 251 283 394 243 176 194 287 924 45 33 672
leaf_count=837 223 1207 1149 251 283 394 243 176 194 287 924 45 33 672
internal_value=0.000150367 0.00945404 -0.00590254 0.0176163 0.00495553 0.0129016 -0.00207921 0.00453872 -0.00997294 0.00303541 -0.00369273 0.026466 0.0174809 -0.0067333
internal_weight=6918 2723 4195 946 1777 650 2180 419 2015 1494 1761 296 427 866
internal_count=6918 2723 4195 946 1777 650 2180 419 2015 1494 1761 296 427 866
is_linear=0
shrinkage=0.01


Tree=86
num_leaves=15
num_cat=0
split_feature=0 11 11 0 6 8 6 8 1 0 16 23 20 4
split_gain=3844.27 969.614 638.041 356.125 239.191 172.083 165.391 133.68 129.016 121.43 111.161 200.992 99.1115 81.3532
threshold=0.90055833070805669 0.022009118257899463 0.048030701110568126 1.0991000212231081 1.0913296216997865 26.538750000000004 1.0460412625205027 36.914400000000008 1.043160096093547 0.81023212552684132 1.7775561589630364 38.500000000000036 186.90499999999963 0.26483229069539599
decision_type=2 2 2 2 2 2 2 2 2 2 2 10 10 2
left_child=2 5 4 6 9 -2 10 -6 -4 -1 11 12 -3 -9
right_child=1 3 8 -5 7 -7 -8 13 -10 -11 -12 -13 -14 -15
leaf_value=-0.006374753099462142 0.0087620706943098026 0.018575209048635598 -0.012128730741906291 0.015130888548746725 -0.00030392660037614408 0.023207376952054989 0.0095781795664481653 0.0063390742868421916 -0.0066681116239985551 -0.0011110962673492068 -0.00080346380344085532 -0.0039534880383523983 0.0058097892650969896 0.02408986796693104
leaf_weight=840 143 59 1149 341 240 472 406 153 866 926 607 181 514 21
leaf_count=840 143 59 1149 341 240 472 406 153 866 926 607 181 514 21
internal_value=0.000150728 0.00936575 -0.00584448 0.00602632 -0.00205821 0.0202461 0.00411402 0.00462056 -0.0098754 -0.00366371 0.00236166 0.00487754 0.00772322 0.0107956
internal_weight=6918 2723 4195 2108 2180 615 1767 414 2015 1766 1361 754 573 174
internal_count=6918 2723 4195 2108 2180 615 1767 414 2015 1766 1361 754 573 174
is_linear=0
shrinkage=0.01


Tree=87
num_leaves=15
num_cat=0
split_feature=1 1 5 17 8 5 8 25 24 1 5 16 5 17
split_gain=2884.15 743.152 588.118 545.391 459.367 345.621 280.152 219.767 188.94 173.843 173.84 164.525 140.357 117.624
threshold=1.222017241031695 1.6676202149078476 0.29173112564031273 1.0477024586221126 565.2225000000002 0.33857139095326366 683.67465000000004 6.6000000000000236 16.072500000000023 2.0000022500218573 0.19378128059821348 1.7630835395910107 0.28615669332707377 3.9907509541349477
decision_type=2 2 2 2 2 2 2 10 10 2 2 2 2 2
left_child=3 2 4 6 -2 13 10 -6 12 -7 -1 -4 -8 -3
right_child=1 5 11 -5 7 9 8 -9 -10 -11 -12 -13 -14 -15
leaf_value=0.00097169856134430297 0.004846421824720097 0.019378852942535146 0.0026368471386645003 -0.0098878920444061928 0.026630671596915529 0.00096093386472684565 0.0308272789109428 0.001857361186977843 0.0016602485360385016 0.011547601084672399 -0.0069370359626233311 -0.0051593035088870537 0 -0.0005739292091861063
leaf_weight=491 1142 530 414 1996 144 270 33 51 125 365 602 706 20 29
leaf_count=491 1142 530 414 1996 144 270 33 51 125 365 602 706 20 29
internal_value=0.000151532 0.00624471 0.00304787 -0.00665135 0.00748036 0.0126563 -0.00148645 0.0209735 0.00949136 0.00722824 -0.00342165 -0.00227304 0.0223089 0.0183424
internal_weight=6918 3651 2457 3267 1337 1194 1271 195 178 635 1093 1120 53 559
internal_count=6918 3651 2457 3267 1337 1194 1271 195 178 635 1093 1120 53 559
is_linear=0
shrinkage=0.01


Tree=88
num_leaves=15
num_cat=0
split_feature=0 0 11 16 11 14 13 14 6 21 11 10 4 18
split_gain=3714.85 1022.64 718.099 289.034 231.283 222.975 198.289 184.123 169.523 139.688 125.226 102.42 100.943 71.5857
threshold=0.95233751168472891 0.81795597058742997 0.024186181654504809 1.6842445749776798 0.050249116269401366 0.2897988112382342 7.6143717136279179 55.669639344324075 1.0035403338739204 229.81428571428751 0.018953767980624581 -0.0013272456832844586 0.032358699969183329 -9.8254737679326338e-15
decision_type=2 2 2 2 2 2 2 2 2 8 2 2 2 10
left_child=1 4 6 10 12 9 7 -2 -5 -4 -3 -7 -1 -12
right_child=2 3 5 8 -6 11 -8 -9 -10 -11 13 -13 -14 -15
leaf_value=-0.0062745885611207568 0.023636701587720493 0.016894375245838641 0.012102018255781341 -0.0043667609145364846 -0.010959071368665658 0.0046136210501014777 -0.0024250926550191182 0.0065401203472886171 0.0032948971421937318 -0.0017857446924481593 0.011456168734720936 0.012660784106472464 0.0012548815692869314 0.0025088830186185043
leaf_weight=975 545 63 71 1004 1567 271 32 94 384 335 87 549 207 734
leaf_count=975 545 63 71 1004 1567 271 32 94 384 335 87 549 207 734
internal_value=0.000152351 -0.00435253 0.0120021 0.000610522 -0.00843279 0.00724229 0.0202232 0.0214117 -0.00222331 0.00107358 0.00502184 0.0101864 -0.00494872 0.0037188
internal_weight=6918 5021 1897 2272 2749 1226 671 639 1388 406 884 820 1182 821
internal_count=6918 5021 1897 2272 2749 1226 671 639 1388 406 884 820 1182 821
is_linear=0
shrinkage=0.01


Tree=89
num_leaves=15
num_cat=0
split_feature=0 0 11 23 16 1 15 9 11 0 9 15 15 9
split_gain=3643.29 1003.16 704.159 289.749 283.847 244.607 134.557 132.354 130.54 126.393 114.543 203.24 88.981 85.3031
threshold=0.95233751168472891 0.81795597058742997 0.024186181654504809 38.500000000000036 1.6842445749776798 1.1662456041777161 2.6415040341048548 1159.0000000000002 0.0226820338665405 0.99991071805842136 1422.5000000000002 0.64631185807656411 1.1169133114050249 1119.5000000000002
decision_type=2 2 2 8 2 2 2 2 2 2 2 2 2 2
left_child=1 5 10 6 7 12 9 13 -6 -4 -2 -12 -1 -3
right_child=2 4 3 -5 8 -7 -8 -9 -10 -11 11 -13 -14 -15
leaf_value=-0.0076517249115989443 0.026229199240758515 0.0016946239240834833 0.004464191222197697 -0.0038503981024722023 0.0077347364140002697 -0.0034024332367758058 -0.0073085153861990517 0.003090399981650685 -0.003103271589377698 0.012407296024617214 0.018623385760298521 0.0009104383490907336 -0.012349959761001788 0.018342491734191915
leaf_weight=954 247 51 334 189 102 764 33 744 1286 670 341 83 1031 89
leaf_count=954 247 51 334 189 102 764 33 744 1286 670 341 83 1031 89
internal_value=0.000152879 -0.00430839 0.011888 0.00717438 0.000607103 -0.00834962 0.00922801 0.00497867 -0.00220116 0.00991344 0.020029 0.0153757 -0.0101958 0.0133103
internal_weight=6918 5021 1897 1226 2272 2749 1037 884 1388 1004 671 424 1985 140
internal_count=6918 5021 1897 1226 2272 2749 1037 884 1388 1004 671 424 1985 140
is_linear=0
shrinkage=0.01


Tree=90
num_leaves=15
num_cat=0
split_feature=0 11 11 0 11 0 5 1 1 20 14 15 17 14
split_gain=3574.84 909.916 599.167 334.699 222.121 159.872 159.422 143.804 122.457 107.159 98.8939 93.1114 88.6377 79.5117
threshold=0.90055833070805669 0.022009118257899463 0.048030701110568126 1.0991000212231081 0.024475109035076954 1.0353281306920199 0.26674626960261721 1.0901442599444071 0.99825265723162626 176.8666666666663 67.555787972333334 0.71201123510302999 3.558134459055815 0.05457676020289446
decision_type=2 2 2 2 2 2 2 2 2 8 2 2 2 2
left_child=2 5 4 6 -1 -2 9 -6 -4 -3 -7 -10 -5 -11
right_child=1 3 8 12 7 10 -8 -9 11 13 -12 -13 -14 -15
leaf_value=0.0066340381393464685 0.012161380472292269 0.020871675518505713 -0.012201350001120673 0.020642417713176986 -0.0068633310106357374 0.026061354964096322 4.5397124167308101e-05 -0.0011194073826720299 -0.0014219659433194962 -0.00083185048758700167 0.0046877510141242638 -0.0085567588751241479 0.0087470449426920588 0.0065748273647481537
leaf_weight=246 268 31 957 143 653 312 663 1281 251 164 35 807 198 909
leaf_count=246 268 31 957 143 653 312 663 1281 251 164 35 807 198 909
internal_value=0.000152988 0.00903925 -0.00562829 0.0058045 -0.00195942 0.019579 0.00395099 -0.00311431 -0.0095344 0.00624503 0.0243057 -0.00693116 0.0146304 0.00543912
internal_weight=6918 2723 4195 2108 2180 615 1767 1934 2015 1104 347 1058 341 1073
internal_count=6918 2723 4195 2108 2180 615 1767 1934 2015 1104 347 1058 341 1073
is_linear=0
shrinkage=0.01


Tree=91
num_leaves=15
num_cat=0
split_feature=0 0 14 24 0 9 6 1 14 17 13 9 9 17
split_gain=3512.24 968.169 605.9 426.288 281.609 262.981 260.716 258.644 183.311 165.469 124.416 113.781 108.055 103.277
threshold=0.95233751168472891 0.82575159333669534 14.32263354392177 17.56083333333336 1.0116466596357141 1154.0000000000002 1.0913296216997865 1.0571192145352233 55.669639344324075 2.2898224954208262 7.844485726212854 1737.0000000000002 1154.0000000000002 0.8625053431893106
decision_type=2 2 2 8 2 2 2 2 2 2 2 2 2 2
left_child=1 7 3 5 -4 -2 9 -1 -6 12 -7 -5 13 -3
right_child=2 6 4 11 8 10 -8 -9 -10 -11 -12 -13 -14 -15
leaf_value=-0.010783400207404299 0.026883800011449334 -0.0019157673774370507 0.0092548893207271936 -0.0023437211350290387 0.025420639724397259 0.011109945233262098 0.0076335040050913138 -0.0046648830567793398 0.0073136746107575002 -0.0054440344253301725 -0.0029260146955764573 0.0066914820933071453 6.7785828656597986e-05 0.0152580426314116
leaf_weight=1539 96 47 285 394 424 353 432 1349 89 528 66 190 1049 77
leaf_count=1539 96 47 285 394 424 353 432 1349 89 528 66 190 1049 77
internal_value=0.000153662 -0.00422662 0.0116758 0.00665398 0.0182478 0.0131045 0.000878379 -0.00798059 0.0226903 -0.000900171 0.00884367 0.000703495 0.00119374 0.00931718
internal_weight=6918 5021 1897 1099 798 515 2133 2888 513 1701 419 584 1173 124
internal_count=6918 5021 1897 1099 798 515 2133 2888 513 1701 419 584 1173 124
is_linear=0
shrinkage=0.01


Tree=92
num_leaves=15
num_cat=0
split_feature=11 10 8 14 23 11 8 10 15 23 11 25 8 14
split_gain=3085.97 983.299 631.302 346.691 298.767 259.573 204.453 140.956 126.137 146.061 117.66 115.094 113.479 98.3181
threshold=0.028168050531988353 -0.0067368927035123096 467.50860000000006 0.25968510979177462 31.500000000000032 0.019955804785169399 25.272900000000003 0.0043737373737373761 0.87834337090086578 38.200000000000024 0.082791938872714979 3.2000000000000175 390.01365000000004 56.029617079247956
decision_type=2 2 2 2 10 2 2 2 2 10 2 10 2 2
left_child=2 10 5 -3 -4 13 -5 -7 9 12 -2 -6 -8 -1
right_child=1 3 4 6 11 7 8 -9 -10 -11 -12 -13 -14 -15
leaf_value=0.018148887728870758 -0.0070444104762874783 -0.0051043489907946207 0.02855565791187447 -0.0019055467887245346 0.00019975702720459064 0.0028970481568240079 0.0040613370265913705 0.011385890136445887 -0.0021101993685254299 -0.0029388451601830667 -0.012318658519108766 0.016678615414033024 0.011294989199818011 0.0043784745003628946
leaf_weight=263 1257 977 256 805 79 768 546 256 231 151 773 76 395 85
leaf_count=263 1257 977 256 805 79 768 546 256 231 151 773 76 395 85
internal_value=0.000154505 -0.00378304 0.0114163 -0.000229497 0.0220935 0.00793912 0.00203066 0.0052063 0.00442586 0.00583057 -0.00915825 0.00931956 0.00728006 0.0152334
internal_weight=6918 5135 1783 3105 411 1372 2128 1024 1323 1092 2030 155 941 348
internal_count=6918 5135 1783 3105 411 1372 2128 1024 1323 1092 2030 155 941 348
is_linear=0
shrinkage=0.01


Tree=93
num_leaves=15
num_cat=0
split_feature=11 11 8 11 20 2 3 5 11 15 8 15 13 8
split_gain=3029.25 840.368 735.065 313.183 270.54 211.971 140.673 133.069 180.59 127.024 112.988 106.568 88.0654 88.9083
threshold=0.030029870466207469 0.051132097672194635 467.50860000000006 0.020229433464281226 215.35999999999993 0.41777434304545819 0.50095362358609374 0.33338048553051575 0.019955804785169399 2.6415040341048548 25.272900000000003 2.6415040341048548 2.406057576325757 29.165400000000002
decision_type=2 2 2 2 10 2 2 2 2 2 2 2 2 2
left_child=2 5 3 -1 -4 10 11 -6 -9 -3 -2 -7 13 -5
right_child=1 9 4 12 7 6 -8 8 -10 -11 -12 -13 -14 -15
leaf_value=0.014773983493927221 5.723622238033968e-05 -0.0069715291731548643 0.032549425870089271 0.0023777958143669222 0.01832908374778295 -0.0022954621973419439 0.0053022934126850541 0.013291487110933911 -0.010489332167239025 -0.012530049063987922 0.0077273452335489693 -0.0097377068012415822 -0.0015288336310383961 0.0083272374499859508
leaf_weight=372 402 1212 144 512 216 1739 199 52 38 743 353 202 201 533
leaf_count=372 402 1212 144 512 216 1739 199 52 38 743 353 202 201 533
internal_value=0.000154896 -0.00416451 0.0102327 0.0069191 0.0213242 -0.000724471 -0.00233254 0.0143383 0.00307823 -0.00919461 0.00376317 -0.00316649 0.00436973 0.00552108
internal_weight=6918 4850 2068 1618 450 2895 2140 306 90 1955 755 1941 1246 1045
internal_count=6918 4850 2068 1618 450 2895 2140 306 90 1955 755 1941 1246 1045
is_linear=0
shrinkage=0.01


Tree=94
num_leaves=15
num_cat=0
split_feature=1 2 4 15 13 23 1 1 1 22 25 22 16 15
split_gain=2574.95 772.958 767.088 396.04 320.655 233.324 206.347 153.043 138.489 123.812 116.992 114.649 154.754 109.354
threshold=1.222017241031695 0.53000701187748833 -1.0000000180025095e-35 0.66342063769317716 1.2406205431207613 27.800000000000015 1.4836715159762048 2.0000022500218573 0.92512607739573538 295.7249844689407 14.700000000000019 284.97182028313011 0.38655008129923246 0.10374333359773422
decision_type=2 2 2 2 2 10 2 2 2 10 10 10 2 2
left_child=1 8 3 5 6 13 -4 -5 -1 -8 -7 12 -10 -2
right_child=2 -3 4 7 -6 10 9 -9 11 -11 -12 -13 -14 -15
leaf_value=-0.0075205990367707004 0.020103491770214595 -0.010148017642799169 0.0073079357037026125 -0.0029894297039705139 0.00034864441497872272 0.0049919700704868708 0.018225669866783933 0.00889459126528876 0.022204764552157502 0.0018501424546794674 -0.0048868707469825086 6.0027226920804832e-06 0.00049005757430568332 0.0074178237834296723
leaf_weight=196 131 1986 372 1036 205 733 688 101 38 56 125 967 80 204
leaf_count=196 131 1986 372 1036 205 733 688 101 38 56 125 967 80 204
internal_value=0.000155082 -0.00627276 0.00591243 0.00241574 0.0119445 0.00639536 0.0140221 -0.00178962 -0.000193422 0.0170869 0.00346282 0.00123331 0.00976002 0.0132598
internal_weight=6918 3267 3651 2330 1321 1193 1116 1137 1281 744 858 1085 118 335
internal_count=6918 3267 3651 2330 1321 1193 1116 1137 1281 744 858 1085 118 335
is_linear=0
shrinkage=0.01


Tree=95
num_leaves=15
num_cat=0
split_feature=0 0 23 0 10 1 17 9 9 4 4 24 17 9
split_gain=3310.84 904.858 532.533 274.404 248.603 242.881 206.878 174.075 124.195 104.471 97.5665 83.7598 175.212 112.374
threshold=0.95233751168472891 0.82575159333669534 38.500000000000036 1.0353281306920199 -0.0035168599367061851 1.0571192145352233 6.0779542032790008 1154.0000000000002 1119.5000000000002 0.090350495421995761 0.041985951161996028 17.495833333333369 1.028211211583139 1468.5000000000002
decision_type=2 2 8 2 2 2 2 2 2 2 2 10 2 2
left_child=1 5 3 -2 -3 -1 11 8 -6 -9 -7 -5 13 -13
right_child=2 4 -4 6 7 10 -8 9 -10 -11 -12 12 -14 -15
leaf_value=-0.01044257619316947 0.0083712605591524519 -0.0042972565078251571 -0.0038890534740036215 0.020130345730558188 0.0040910099782482832 -0.0054302609885261812 -0.0052003239919073312 0.00054838528569854672 0.021603605860591304 0.008358548861914521 0.0029804886834152184 0.027322062937224785 0.0022380672073042071 0.0081097100464726929
leaf_weight=1539 777 638 196 610 109 1208 32 1142 61 183 141 62 128 92
leaf_count=1539 777 638 196 610 109 1208 32 1142 61 183 141 62 128 92
internal_value=0.000155529 -0.00409729 0.0113425 0.0131281 0.000837922 -0.00772644 0.0168555 0.00306379 0.0120402 0.00174276 -0.00451315 0.0177544 0.0115892 0.0181534
internal_weight=6918 5021 1897 1701 2133 2888 924 1495 170 1325 1349 892 282 154
internal_count=6918 5021 1897 1701 2133 2888 924 1495 170 1325 1349 892 282 154
is_linear=0
shrinkage=0.01


Tree=96
num_leaves=15
num_cat=0
split_feature=11 1 11 15 5 2 15 13 24 1 5 15 19 2
split_gain=2886.19 945.782 545.18 404.658 198.675 183.098 147.607 142.338 117.258 130.936 118.306 106.459 98.9043 96.7419
threshold=0.028168050531988353 1.0644190644558809 0.019796903093877095 0.63853026695589155 0.12189190813529213 0.31047488699253961 2.6415040341048548 2.406057576325757 8.4891666666666534 1.2344902531579753 0.14288228456440244 0.59076950616564028 302.9500000000001 0.50684912779228231
decision_type=2 2 2 2 2 2 2 2 8 2 2 2 10 2
left_child=2 5 -1 11 -5 -2 -6 8 12 -10 -11 13 -4 -3
right_child=1 3 7 4 6 -7 -8 -9 9 10 -12 -13 -14 -15
leaf_value=0.019724537770219503 6.5178222124886455e-05 0.0051290976069651361 0.021517276766164037 0.0078734834636079859 -0.002890975429399542 -0.010467761842461178 -0.010261330285534867 -0.0015267303222191264 0.0003943009247038379 0.015222779244373917 0.0062089183474960995 0.010510610951052815 0.00030051110502408475 -0.00037558565400468071
leaf_weight=505 181 626 96 125 1453 1631 326 151 229 216 557 173 29 620
leaf_count=505 181 626 96 125 1453 1631 326 151 229 216 557 173 29 620
internal_value=0.000156179 -0.00365175 0.0110473 -0.000465331 -0.00346527 -0.00942095 -0.00434621 0.00735975 0.00856498 0.0071363 0.00906068 0.00354522 0.0173843 0.00241945
internal_weight=6918 5135 1783 3323 1904 1812 1779 1278 1127 1002 773 1419 125 1246
internal_count=6918 5135 1783 3323 1904 1812 1779 1278 1127 1002 773 1419 125 1246
is_linear=0
shrinkage=0.01


Tree=97
num_leaves=15
num_cat=0
split_feature=0 0 0 10 17 25 1 9 13 18 9 2 6 4
split_gain=3202.21 872.191 442.678 252.187 226.558 224.078 213.372 174.55 154.043 147.163 126.881 111.161 108.818 106.75
threshold=0.95233751168472891 0.81795597058742997 1.0939888283275137 -0.0035168599367061851 3.558134459055815 14.700000000000019 1.1662456041777161 1154.0000000000002 2.2180731912545748 -6.161737786669618e-15 1119.5000000000002 0.69240320152219403 1.2001537305020842 0.024365968684724796
decision_type=2 2 2 2 2 8 2 2 2 10 2 2 2 2
left_child=1 6 5 -3 -4 8 -1 10 9 11 -5 -2 -9 -11
right_child=2 3 4 7 -6 -7 -8 12 -10 13 -12 -13 -14 -15
leaf_value=-0.0095186331128876336 0.023612224938697184 -0.0043538607194204817 0.022636077082153535 0.0040024405354565449 0.0085529568662375075 -0.0038533940520020398 -0.0031725615771589517 0.0003330552013215668 -0.0006504215075159972 0.0058841146480752586 0.021388515601923435 -0.00039112939135875643 0.0081660747681365636 0.013708639815576424
leaf_weight=1985 108 700 394 116 211 139 764 1206 139 611 61 21 189 274
leaf_count=1985 108 700 394 116 211 139 764 1206 139 611 61 21 189 274
internal_value=0.000156445 -0.004026 0.0111583 0.00055718 0.0181713 0.00763982 -0.0077942 0.00277754 0.00907598 0.0104057 0.0116081 0.0201096 0.00150179 0.00856709
internal_weight=6918 5021 1897 2272 605 1292 2749 1572 1153 1014 177 129 1395 885
internal_count=6918 5021 1897 2272 605 1292 2749 1572 1153 1014 177 129 1395 885
is_linear=0
shrinkage=0.01


Tree=98
num_leaves=15
num_cat=0
split_feature=1 10 2 13 1 9 23 2 9 10 1 23 2 17
split_gain=2397.42 829.613 727.369 409.685 329.859 177.241 251.118 166.028 203.635 165.273 137.713 123.282 68.2965 68.0061
threshold=1.222017241031695 -0.0018084721950417484 0.53000701187748833 11.765484519314397 1.6676202149078476 1139.5000000000002 30.200000000000021 0.49995325348859482 1393.5000000000002 -0.0062370046183893137 1.0303346950950483 24.000000000000032 0.71308147891613782 0.63296159627497717
decision_type=2 2 2 2 2 2 10 2 2 2 2 8 2 2
left_child=2 9 5 4 7 6 -1 8 13 -2 -7 12 -11 -3
right_child=1 3 -4 -5 -6 10 -8 -9 -10 11 -12 -13 -14 -15
leaf_value=0.024438487311655824 -0.0047383984589923619 0.0052853006786056636 -0.0098040826816925674 -0.0014681985539670068 0.015788467074370597 -0.0064237090772850704 0.00067946642657281222 0.002487540569217273 0.007144811878036568 0.016793211788484239 0.00087143202468733724 0.00082942606877385334 -0.00084960775854794879 0.024838787844309058
leaf_weight=46 525 38 1986 296 838 382 143 462 546 62 710 761 26 97
leaf_count=46 525 38 1986 296 838 382 143 462 546 62 710 761 26 97
internal_value=0.000157399 0.00571275 -0.00604487 0.00938972 0.0110156 -0.000147957 0.00829518 0.00729634 0.0103804 -0.000420864 -0.00174117 0.00228509 0.0122959 0.0207915
internal_weight=6918 3651 3267 2277 1981 1281 189 1143 681 1374 1092 849 88 135
internal_count=6918 3651 3267 2277 1981 1281 189 1143 681 1374 1092 849 88 135
is_linear=0
shrinkage=0.01


Tree=99
num_leaves=15
num_cat=0
split_feature=0 0 11 16 11 8 24 13 4 13 8 0 7 4
split_gain=3095.36 839.659 611.101 251.649 220.145 187.694 183.855 175.141 127.996 117.414 111.22 99.7146 90.5222 89.2735
threshold=0.95233751168472891 0.82575159333669534 0.024186181654504809 1.6842445749776798 0.050249116269401366 1697.5800000000002 28.408333333333363 7.6143717136279179 0.011938822430596159 2.2180731912545748 15.556050000000001 1.0285039011068855 1.0000000180025095e-35 0.039877672549818589
decision_type=2 2 2 2 2 2 8 2 2 2 2 2 2 2
left_child=1 4 7 5 13 -3 9 10 -5 11 -2 -4 -13 -1
right_child=2 3 6 8 -6 -7 -8 -9 -10 -11 -12 12 -14 -15
leaf_value=-0.0053747160258191852 0.0069129521980950681 0.0031555617675808061 0.0054723087319069339 -0.0038713479333703283 -0.0099145480697540936 0.017733134981787319 -0.0041079770704110464 -0.0025672677367065961 0.0031019526732072315 -0.0010679933816923962 0.02138396679709181 0.014860996856045397 0.0042147098406717575 0.0016702501118734411
leaf_weight=1077 88 765 488 941 1608 83 130 32 344 123 551 354 131 203
leaf_count=1077 88 765 488 941 1608 83 130 32 344 123 551 354 131 203
internal_value=0.000158069 -0.003954 0.0109749 0.000799988 -0.00744996 0.00496962 0.00658543 0.0185577 -0.00197797 0.00791366 0.0196765 0.00905777 0.012286 -0.00424123
internal_weight=6918 5021 1897 2133 2888 848 1226 671 1285 1096 639 973 485 1280
internal_count=6918 5021 1897 2133 2888 848 1226 671 1285 1096 639 973 485 1280
is_linear=0
shrinkage=0.01


Tree=100
num_leaves=15
num_cat=0
split_feature=0 0 11 6 11 24 17 17 0 9 9 9 17 4
split_gain=3035.59 823.862 599.354 240.732 190.405 180.51 161.791 149.898 117.807 116.025 170.453 93.1193 103.968 88.8373
threshold=0.95233751168472891 0.81795597058742997 0.024186181654504809 1.0913296216997865 0.050249116269401366 28.408333333333363 2.2898224954208262 6.0779542032790008 1.0312035683578606 1422.5000000000002 1701.5000000000002 1154.0000000000002 0.8625053431893106 0.032358699969183329
decision_type=2 2 2 2 2 8 2 2 2 2 2 2 2 2
left_child=1 4 9 6 13 7 11 8 -4 -2 -11 12 -3 -1
right_child=2 3 5 -5 -6 -7 -8 -9 -10 10 -12 -13 -14 -15
leaf_value=-0.0056613043412395373 0.024430924427908347 -0.0023839336985223732 0.005315378166834318 0.0069788049725245617 -0.0098682839162803973 -0.0040723746384183565 -0.0052363313496759656 -0.0053395071201797189 0.012433364487871822 -0.0036006039861709842 0.015921490200243853 -8.6398204669801325e-06 0.014132833516279471 0.0013863237093444834
leaf_weight=975 247 51 553 444 1567 130 602 67 476 42 382 1092 83 207
leaf_count=975 247 51 553 444 1567 130 602 67 476 42 382 1092 83 207
internal_value=0.000158005 -0.00391416 0.0108699 0.000540132 -0.00757648 0.00652269 -0.00107694 0.00783882 0.00879186 0.0183795 0.0138901 0.00100868 0.00828846 -0.00441622
internal_weight=6918 5021 1897 2272 2749 1226 1828 1096 1029 671 424 1226 134 1182
internal_count=6918 5021 1897 2272 2749 1226 1828 1096 1029 671 424 1226 134 1182
is_linear=0
shrinkage=0.01


Tree=101
num_leaves=15
num_cat=0
split_feature=0 0 14 24 0 10 2 14 17 20 14 17 10 17
split_gain=2977.12 807.973 532.302 386.296 255.205 227.729 178.286 176.265 165.732 111.669 89.9138 83.8449 68.2501 63.3965
threshold=0.95233751168472891 0.82575159333669534 14.32263354392177 17.56083333333336 1.0116466596357141 -0.0035168599367061851 0.46864102392308843 55.669639344324075 6.6061610580194587 184.50999999999985 0.2897988112382342 2.1137186140272424 -0.0068756767902440471 6.0779542032790008
decision_type=2 2 2 8 2 2 2 2 2 10 2 2 2 2
left_child=1 8 3 6 -4 -3 -2 -6 12 -7 -5 -11 -1 -8
right_child=2 5 4 10 7 9 13 -9 -10 11 -12 -13 -14 -15
leaf_value=-0.007550268888042601 0.019381142926803971 -0.0041262049228147574 0.0084102989746540121 -0.0030802778660639369 0.02379825626002826 0.013855476617143397 0.0082079565514204568 0.0063479047268629072 -0.010603578038279696 0.0037641451420860157 0.0045360799301480811 -0.0014466573740134301 -0.0035763328184418024 -0.0048511069050679607
leaf_weight=851 198 638 285 318 424 69 289 89 1007 999 266 427 1030 28
leaf_count=851 198 638 285 318 424 69 289 89 1007 999 266 427 1030 28
internal_value=0.000157677 -0.00387507 0.0107659 0.00606316 0.0169236 0.00078825 0.0122028 0.0211414 -0.00730444 0.00291891 0.000407591 0.00219848 -0.00544 0.00680536
internal_weight=6918 5021 1897 1099 798 2133 515 513 2888 1495 584 1426 1881 317
internal_count=6918 5021 1897 1099 798 2133 515 513 2888 1495 584 1426 1881 317
is_linear=0
shrinkage=0.01


Tree=102
num_leaves=15
num_cat=0
split_feature=0 0 11 16 23 1 17 6 0 11 10 24 17 16
split_gain=2920.74 792.864 581.179 244.11 244.108 202.073 136.127 136.005 122.348 111.494 84.3005 77.6285 116.799 97.5003
threshold=0.95233751168472891 0.81795597058742997 0.024186181654504809 1.6842445749776798 38.500000000000036 1.1217697972837888 6.0779542032790008 1.0035403338739204 0.99991071805842136 0.018067442480031854 0.007229198993200665 17.495833333333369 1.0048511714449184 0.13886068286039269
decision_type=2 2 2 2 8 2 2 2 2 2 2 8 2 2
left_child=1 5 11 9 6 -1 8 -5 -4 -3 -7 13 -13 -2
right_child=2 3 4 7 -6 10 -8 -9 -10 -11 -12 12 -14 -15
leaf_value=-0.0093563866872936087 0.0049733128248403468 0.016880162929317783 0.003822665166714625 -0.0039903698157161219 -0.0037189843980194419 -0.0040943337752234491 -0.0050455518477136576 0.0028723668989305857 0.011658564104889729 0.0034606447004695666 0.01006502977013588 0.016362181246570014 -0.00018729211058881548 0.021589090301738147
leaf_weight=1825 55 50 328 1004 189 899 59 384 650 834 25 83 70 463
leaf_count=1825 55 50 328 1004 189 899 59 384 650 834 25 83 70 463
internal_value=0.00015763 -0.00383674 0.0106649 0.000532853 0.00638496 -0.00742951 0.00827145 -0.00207081 0.00916987 0.00458739 -0.00349552 0.0180593 0.00958641 0.0200939
internal_weight=6918 5021 1897 2272 1226 2749 1037 1388 978 884 924 671 153 518
internal_count=6918 5021 1897 2272 1226 2749 1037 1388 978 884 924 671 153 518
is_linear=0
shrinkage=0.01


Tree=103
num_leaves=15
num_cat=0
split_feature=0 0 14 24 16 0 16 14 14 2 4 14 22 14
split_gain=2864.43 777.541 515.572 374.864 277.306 248.425 239.339 171.619 156.582 125.981 119.911 102.029 104.265 86.4159
threshold=0.95233751168472891 0.82575159333669534 14.32263354392177 17.56083333333336 2.8530516606538474 1.0116466596357141 1.6842445749776798 55.669639344324075 1.4209950353221501 0.46864102392308843 0.011938822430596159 0.2897988112382342 290.22597432345685 0.2897988112382342
decision_type=2 2 2 8 2 2 2 2 2 2 2 2 10 2
left_child=1 8 3 4 9 -4 11 -7 -1 -2 -8 12 -3 -5
right_child=2 6 5 13 -6 7 10 -9 -10 -11 -12 -13 -14 -15
leaf_value=-0.0089043208671705683 0.022369746910003215 0.02333306083553716 0.0082313571757308707 -0.0030522001399272865 -0.0019869652369946945 0.02340327119943476 -0.0037647120917407829 0.0062039468090536939 -0.0039089900015400964 0.0096504993829876189 0.0029846769318964518 0.003072744901945959 0.0049704912134874912 0.0044145358670372647
leaf_weight=1856 164 37 285 318 107 424 941 89 1032 244 344 705 106 266
leaf_count=1856 164 37 285 318 107 424 941 89 1032 244 344 705 106 266
internal_value=0.000157965 -0.0037977 0.0105635 0.00593596 0.011984 0.0166233 0.000776842 0.0207829 -0.00716189 0.0155929 -0.00193216 0.00484333 0.012063 0.000365751
internal_weight=6918 5021 1897 1099 515 798 2133 513 2888 408 1285 848 143 584
internal_count=6918 5021 1897 1099 515 798 2133 513 2888 408 1285 848 143 584
is_linear=0
shrinkage=0.01


Tree=104
num_leaves=15
num_cat=0
split_feature=11 10 11 14 14 9 23 6 3 9 14 22 16 22
split_gain=2538.35 806.197 486.756 292.629 233.529 200.477 170.849 149.015 98.8445 93.4992 102.264 93.2545 93.2526 89.3153
threshold=0.028168050531988353 -0.0091508401602789155 0.019796903093877095 0.25968510979177462 48.659852916307571 1393.5000000000002 26.900000000000038 0.93208559089700993 0.57212205270457706 1127.0000000000002 4.6467518420687952 290.08332956149326 1.2069649938406632 289.53765175013132
decision_type=2 2 2 2 2 2 10 2 2 2 2 10 2 10
left_child=2 -2 4 -3 -1 6 -4 8 12 -9 -11 13 -5 -8
right_child=1 3 5 7 -6 -7 11 9 -10 10 -12 -13 -14 -15
leaf_value=0.022216751427937151 -0.0090979495395311794 -0.004811912340320192 0.025707387103829332 0.0017359518157135405 0.0050544173342000325 0.0044451539972841991 0.0082158151302319862 0.013625069122726673 0.0080867510306979386 0.0084873576371693148 0.00062474194415799327 0.012677447447035264 -0.0033535792399744368 -0.0082362127132140674
leaf_weight=387 1661 1122 73 604 118 964 47 87 104 235 490 149 832 45
leaf_count=387 1661 1122 73 604 118 964 47 87 104 235 490 149 832 45
internal_value=0.000158951 -0.00341209 0.0103728 -0.000654174 0.0185709 0.00688938 0.0136478 0.00134887 -0.000481576 0.00476055 0.00334617 0.00826665 -0.00121155 4.55874e-05
internal_weight=6918 5135 1783 3474 505 1278 314 2352 1540 812 725 241 1436 92
internal_count=6918 5135 1783 3474 505 1278 314 2352 1540 812 725 241 1436 92
is_linear=0
shrinkage=0.01


Tree=105
num_leaves=15
num_cat=0
split_feature=0 0 11 23 6 11 8 13 8 13 0 8 4 7
split_gain=2773.02 752.004 553.618 234.129 225.538 177.972 169.686 162.959 104.634 103.587 97.1445 96.1518 89.82 87.1169
threshold=0.95233751168472891 0.81795597058742997 0.024186181654504809 38.500000000000036 1.0913296216997865 0.050249116269401366 1697.5800000000002 7.6143717136279179 15.556050000000001 2.2180731912545748 0.99991071805842136 46.376100000000008 -0.11988492087188533 1.0000000180025095e-35
decision_type=2 2 2 8 2 2 2 2 2 2 2 2 2 2
left_child=1 5 7 9 6 -1 12 8 -2 10 -4 -6 -3 -12
right_child=2 4 3 -5 11 -7 -8 -9 -10 -11 13 -13 -14 -15
leaf_value=-0.0041782253352783197 0.0064200582972693222 -0.0046584381498035628 0.0039346486250306633 -0.0036717995021572454 0.0031486489080633658 -0.0094459140522225923 0.009677527252122434 -0.002661915710195899 0.020345001686152379 -0.00073221508608157962 0.013292274912483408 0.013090357052839091 -3.936909887130307e-06 0.0036121406652964648
leaf_weight=1182 88 677 290 189 303 1567 117 32 551 114 493 141 1034 140
leaf_count=1182 88 677 290 189 303 1567 117 32 551 114 493 141 1034 140
internal_value=0.000159909 -0.00373211 0.010398 0.00622078 0.000523255 -0.00723109 -0.00104181 0.017615 0.0186955 0.00806859 0.00915866 0.00675552 -0.00188393 0.0113428
internal_weight=6918 5021 1897 1226 2272 2749 1828 671 639 1037 923 444 1711 633
internal_count=6918 5021 1897 1226 2272 2749 1828 671 639 1037 923 444 1711 633
is_linear=0
shrinkage=0.01


Tree=106
num_leaves=15
num_cat=0
split_feature=1 14 15 4 8 24 15 8 24 1 1 8 15 5
split_gain=2103.61 689.807 495.099 382.88 331.383 275.734 233.352 211.663 202.246 163.12 155.431 114.959 110.094 79.6863
threshold=1.222017241031695 14.32263354392177 0.66342063769317716 -0.10968045648422688 25.537500000000005 17.275000000000059 0.090469444658597367 683.67465000000004 17.628333333333394 1.5069486897230167 1.0303346950950483 565.2225000000002 0.093065218676334313 0.35067841779712433
decision_type=2 2 2 2 2 10 2 2 10 2 2 2 2 2
left_child=3 2 5 12 -3 6 -2 10 -9 11 -5 -6 -1 -11
right_child=1 4 -4 7 9 -7 -8 8 -10 13 -12 -13 -14 -15
leaf_value=-0.0012240563636763139 0.024061269698510492 0.0041449825446839787 -0.0022251011044355901 -0.007555388774035882 0.0040258670558687296 0.0020938333520109341 0.0077639655203425462 0.026584002697467805 0.00043190060078813987 0.020960464058971975 -3.0468374634101231e-05 0.019004984558496165 -0.0092049236159718502 0.010680699298145172
leaf_weight=202 113 483 1252 403 240 570 379 30 76 368 790 53 1766 193
leaf_count=202 113 483 1252 403 240 570 379 30 76 368 790 53 1766 193
internal_value=0.000159699 0.00536357 0.00201928 -0.00565004 0.0110292 0.0069809 0.0123203 -0.00139496 0.0109576 0.0147274 -0.00266332 0.00780859 -0.00841134 0.0179305
internal_weight=6918 3651 2314 3267 1337 1062 492 1299 106 854 1193 293 1968 561
internal_count=6918 3651 2314 3267 1337 1062 492 1299 106 854 1193 293 1968 561
is_linear=0
shrinkage=0.01


Tree=107
num_leaves=15
num_cat=0
split_feature=0 0 11 23 16 1 13 6 11 13 0 16 7 2
split_gain=2680.56 726.013 536.557 228.247 227.349 209.011 158.172 114.122 106.755 100.159 94.1654 87.7231 84.9633 84.3873
threshold=0.95233751168472891 0.82575159333669534 0.024186181654504809 38.500000000000036 1.6842445749776798 1.0571192145352233 7.6143717136279179 1.0035403338739204 0.018067442480031854 2.2180731912545748 0.99991071805842136 0.13886068286039269 1.0000000180025095e-35 0.57052901532172917
decision_type=2 2 2 8 2 2 2 2 2 2 2 2 2 2
left_child=1 5 6 9 8 -1 11 -6 -3 10 -4 -2 -12 -7
right_child=2 4 3 -5 7 13 -8 -9 -10 -11 12 -13 -14 -15
leaf_value=-0.0094336924656064896 0.0049551349001409244 0.01683750180905496 0.0038678178280261493 -0.0036507107457602102 -0.0037557845734151251 0.00026135385145312098 -0.0026351224820917621 0.002702686420789459 0.0035695861967564653 -0.00071412475056835086 0.013086325117326967 0.019634344540325449 0.003533219928620383 -0.0053942200076382832
leaf_weight=1539 63 49 290 189 917 349 32 368 799 114 493 576 140 1000
leaf_count=1539 63 49 290 189 917 349 32 368 799 114 493 576 140 1000
internal_value=0.000161028 -0.00366555 0.010227 0.00611471 0.000754645 -0.00691637 0.0173319 -0.00188546 0.00471806 0.00793939 0.00901127 0.0183966 0.0111617 -0.00394132
internal_weight=6918 5021 1897 1226 2133 2888 671 1285 848 1037 923 639 633 1349
internal_count=6918 5021 1897 1226 2133 2888 671 1285 848 1037 923 639 633 1349
is_linear=0
shrinkage=0.01


Tree=108
num_leaves=15
num_cat=0
split_feature=11 1 11 15 14 15 20 16 13 23 14 1 1 13
split_gain=2373.7 780.883 458.114 334.19 224.743 159.112 147.325 132.254 96.953 93.831 78.8959 76.9762 70.9528 68.2813
threshold=0.028168050531988353 1.0644190644558809 0.019796903093877095 0.63853026695589155 48.659852916307571 2.6415040341048548 208.04333333333338 1.924381363812232 0.36574125384488049 38.000000000000036 17.596300554763893 1.4445118306166871 1.6428289879544777 2.2180731912545748
decision_type=2 2 2 2 2 2 10 2 2 10 2 2 2 2
left_child=2 8 4 9 13 10 7 -4 -2 11 -5 -3 -8 -1
right_child=1 3 6 5 -6 -7 12 -9 -10 -11 -12 -13 -14 -15
leaf_value=0.022558794615717678 -0.0052749206836201368 0.0021938355508308101 0.020070423730452296 -0.0025893815892041529 0.0047726504087947522 -0.009054193998808446 0.0031776282537832562 0.0027799743177734089 -0.010367551779261101 -0.0032582187766875825 0.003762125413418508 0.0073953360279832283 0.0088761153633651491 0.0019374063333851242
leaf_weight=365 682 781 122 1347 118 348 759 77 1130 177 209 461 320 22
leaf_count=365 682 781 122 1347 118 348 759 77 1130 177 209 461 320 22
internal_value=0.000160682 -0.00329258 0.0100377 -0.000397114 0.0179907 -0.00312375 0.00665864 0.0142907 -0.00853476 0.00324708 -0.00169299 0.00421903 0.00500751 0.0215639
internal_weight=6918 5135 1783 3323 505 1904 1278 199 1812 1419 1556 1242 1079 387
internal_count=6918 5135 1783 3323 505 1904 1278 199 1812 1419 1556 1242 1079 387
is_linear=0
shrinkage=0.01


Tree=109
num_leaves=15
num_cat=0
split_feature=0 11 1 0 15 2 8 23 2 8 8 4 4 1
split_gain=2594.18 674.445 444.625 256.686 218.815 197.154 189.156 221.951 180.61 140.363 108.84 97.2968 88.5063 81.2354
threshold=0.90055833070805669 0.022009118257899463 1.1217697972837888 1.0991000212231081 0.63359360760746741 0.50006251692504022 565.2225000000002 38.200000000000024 0.59420346303000393 26.538750000000004 77.666400000000024 -0.14982122761397307 0.086738713775938697 1.1804479644969272
decision_type=2 2 2 2 2 2 2 10 2 2 2 2 2 2
left_child=2 9 8 5 10 6 13 -8 -1 -2 -4 -6 -12 -3
right_child=1 3 4 -5 11 -7 7 -9 -10 -11 12 -13 -14 -15
leaf_value=-0.0040512594652031666 0.006715211320291359 -0.00054819944533501396 -0.00013630823189215755 0.012672629306503053 -0.0062323587739854039 -0.00013760204482284874 0.024782120840692961 0.0003630328700653737 -0.010141372298776638 0.019444031104960336 0.0043126887324346731 -0.00065113444875033121 0.01840024748137073 0.0063667776649815704
leaf_weight=831 143 238 459 341 718 853 88 59 1346 472 240 558 43 529
leaf_count=831 143 238 459 341 718 853 88 59 1346 472 240 558 43 529
internal_value=0.000160487 0.00773052 -0.00476426 0.00494538 -0.00135457 0.00332342 0.00649794 0.0162584 -0.00787926 0.0168048 0.00290712 -0.0038471 0.00755945 0.00424895
internal_weight=6918 2723 4195 2108 2018 1767 914 147 2177 615 742 1276 283 767
internal_count=6918 2723 4195 2108 2018 1767 914 147 2177 615 742 1276 283 767
is_linear=0
shrinkage=0.01


Tree=110
num_leaves=15
num_cat=0
split_feature=1 14 2 15 8 24 8 15 24 1 1 8 2 15
split_gain=1957.07 646.865 613.883 464.803 312.673 264.807 264.375 226.843 223.354 152.724 127.561 111.322 83.2073 100.886
threshold=1.222017241031695 14.32263354392177 0.53000701187748833 0.66342063769317716 25.537500000000005 17.275000000000059 683.67465000000004 0.090469444658597367 17.316666666666794 1.5069486897230167 1.0303346950950483 565.2225000000002 0.52366507439476917 0.090469444658597367
decision_type=2 2 2 2 2 10 2 2 10 2 2 2 2 2
left_child=2 3 6 5 -3 7 10 -2 -8 11 -1 -6 -7 -14
right_child=1 4 -4 -5 9 12 8 -9 -10 -11 -12 -13 13 -15
leaf_value=-0.0059790039879148039 0.023545060540598475 0.0039815787750686971 -0.0088962294972582488 -0.0021703431535067051 0.0038502927531416597 0.0068089122490890257 0.028372787865144865 0.007500727035380658 0.0023221328124886247 0.017358766183974028 0.00084379701232355014 0.018569576983174234 -0.0057170395529049147 0.0042301040109078486
leaf_weight=408 113 483 1986 1252 240 202 36 379 92 561 745 53 189 179
leaf_count=408 113 483 1986 1252 240 202 36 379 92 561 745 53 189 179
internal_value=0.000160934 0.00518032 -0.00544277 0.00194178 0.0106668 0.00674934 -2.65596e-05 0.011981 0.0125605 0.0142587 -0.00162277 0.0075612 0.00196357 -0.000884202
internal_weight=6918 3651 3267 2314 1337 1062 1281 492 128 854 1153 293 570 368
internal_count=6918 3651 3267 2314 1337 1062 1281 492 128 854 1153 293 570 368
is_linear=0
shrinkage=0.01


Tree=111
num_leaves=15
num_cat=0
split_feature=1 4 13 8 1 13 8 24 16 4 8 13 21 1
split_gain=1919.34 602.616 410.078 312.27 242.844 242.233 237.101 163.042 198.109 153.886 143.414 142.343 112.58 109.537
threshold=1.222017241031695 -1.0000000180025095e-35 0.40974298840601092 565.2225000000002 1.5977846757459158 1.2406205431207613 36.914400000000008 17.56083333333336 0.59395236157880993 -0.096643983851663492 565.2225000000002 2.406057576325757 228.64285714286265 1.8827458443749896
decision_type=2 2 2 2 2 2 2 8 2 2 2 2 8 2
left_child=2 5 6 4 -3 7 -1 8 10 -8 -2 -6 -11 -10
right_child=1 3 -4 -5 11 -7 9 -9 13 12 -12 -13 -14 -15
leaf_value=-0.0043413276228917745 0.0020740334087550041 0.0036192634146517289 -0.0088226845512240411 0.023512958201342787 0.014516176744109743 -0.0038550039592382241 -0.0018241273702465392 0.00039600265899361549 0.0012874777625060307 0.01990095619319214 0.018964497749153424 -0.00076474241364528155 0.0045907896201343055 0.0097203206312183512
leaf_weight=1086 79 578 1671 149 529 522 246 811 558 52 161 65 212 199
leaf_count=1086 79 578 1671 149 529 522 246 811 558 52 161 65 212 199
internal_value=0.000162138 0.0051329 -0.00538727 0.010479 0.00844689 0.00203425 -0.00171955 0.00376362 0.00643148 0.00379757 0.0140304 0.0128573 0.00883075 0.00371031
internal_weight=6918 3651 3267 1321 1172 2330 1596 1808 997 510 240 594 264 757
internal_count=6918 3651 3267 1321 1172 2330 1596 1808 997 510 240 594 264 757
is_linear=0
shrinkage=0.01


Tree=112
num_leaves=15
num_cat=0
split_feature=11 10 11 9 15 23 5 4 3 3 3 9 22 9
split_gain=2223.88 635.132 516.526 239.851 230.469 183.84 183.758 139.427 97.374 96.1754 94.6202 84.3031 89.285 75.1603
threshold=0.030029870466207469 -0.0098680555089361594 0.019955804785169399 1413.5000000000002 2.6415040341048548 26.900000000000038 0.33338048553051575 -0.033452723533446638 0.087959667644450942 -0.077348882973083025 0.54556533601282831 2705.5000000000005 294.36047038699604 1676.0000000000002
decision_type=2 2 2 2 2 10 2 2 2 2 2 2 10 2
left_child=2 -2 11 5 7 -4 8 10 -7 -9 -3 12 -1 -5
right_child=1 4 3 13 -6 6 -8 9 -10 -11 -12 -13 -14 -15
leaf_value=0.019256373803027374 -0.0086380710435880106 -0.0020934383361478066 0.024228617400640532 -0.0013765818959071332 -0.0088406334841947352 0.0017196455653582779 -0.0082360674933745319 -0.0062790374861409273 0.015168232600726597 0.0042142595337992094 0.0063718107075128759 -2.3247457068899404e-05 0.0024431992138946247 0.0046556333595689278
leaf_weight=464 1607 1908 85 253 314 87 45 79 162 820 122 26 42 904
leaf_count=464 1607 1908 85 253 314 87 45 79 162 820 122 26 42 904
internal_value=0.000162851 -0.00353797 0.00879778 0.0057129 -0.000970202 0.0124393 0.00767285 -6.88365e-05 0.0109837 0.00316469 -0.00152261 0.0171567 0.0180258 0.0033271
internal_weight=6918 4850 2068 1536 3243 379 294 2929 249 899 2030 532 506 1157
internal_count=6918 4850 2068 1536 3243 379 294 2929 249 899 2030 532 506 1157
is_linear=0
shrinkage=0.01


Tree=113
num_leaves=15
num_cat=0
split_feature=13 8 6 20 14 6 5 2 20 8 6 21 2 8
split_gain=1561.88 881.42 744.174 288.258 312.88 275.167 183.045 149.927 103.435 217.279 77.2556 73.6902 65.2197 61.6177
threshold=1.7970476720112285 24.973650000000003 0.79078986070391533 206.61499999999981 17.596300554763893 1.2500367538721859 0.28615669332707377 0.64467367016986554 215.35999999999993 5546.6244000000015 1.0816478452986302 325.03571428571615 0.41957181501395008 467.50860000000006
decision_type=2 2 2 10 2 2 2 2 8 2 2 10 2 2
left_child=1 5 8 6 10 12 -4 -2 9 13 11 -5 -1 -3
right_child=7 2 3 4 -6 -7 -8 -9 -10 -11 -12 -13 -14 -15
leaf_value=-0.00027943398366963012 -0.0031068481467108186 0.0037126360642391128 0.028971982444154807 0.0029110258953199998 0.016179726604698706 0.0076114767873361449 0.0057176619055278512 -0.0087365901871999975 -0.0013341929132063563 -0.007249828498695314 0.010777426561952606 0.012064570813101321 -0.0043771006839267461 0.015856576089801129
leaf_weight=587 763 92 125 661 465 261 61 1413 789 77 257 88 1178 101
leaf_count=587 763 92 125 661 465 261 61 1413 789 77 257 88 1178 101
internal_value=0.00016245 0.00338078 0.00708473 0.0112296 0.00948886 -0.00160047 0.0226897 -0.00681339 0.000502192 0.00562492 0.00613132 0.00428528 -0.00303831 0.0110069
internal_weight=6918 4742 2716 1657 1471 2026 186 2176 1059 270 1006 749 1765 193
internal_count=6918 4742 2716 1657 1471 2026 186 2176 1059 270 1006 749 1765 193
is_linear=0
shrinkage=0.01


Tree=114
num_leaves=15
num_cat=0
split_feature=11 8 1 1 19 4 9 1 1 7 9 11 17 17
split_gain=2152.49 639.399 592.249 383.994 308.151 259.785 164.887 117.483 105.72 103.394 95.8937 83.9352 78.8882 77.2284
threshold=0.031227525781335946 467.50860000000006 1.0571192145352233 1.5006751295101186 288.2000000000001 -0.10452358061100366 1421.0000000000002 2.0273262943799168 1.4445118306166871 1.0000000180025095e-35 1165.5000000000002 0.069919752301124558 2.4445562636404383 0.95452082597138055
decision_type=2 2 2 2 10 2 2 2 2 2 2 2 2 2
left_child=1 3 12 -1 -3 7 10 11 13 -8 -5 -4 -2 -7
right_child=2 4 5 6 -6 8 9 -9 -10 -11 -12 -13 -14 -15
leaf_value=0.0010703528139714813 -0.0054746041045811355 0.024275759053239154 -0.0030046667490792578 0.011411066577069877 0.0065534386482726725 0.0031779088873842239 0.01019427481073237 0.0061343880935366881 0.0070296466303327847 0.0014498786237602979 0.030261963816389206 -0.008716263350207306 -0.010247017490007164 -0.0024359219835350175
leaf_weight=1006 674 295 1244 141 173 509 416 98 332 211 43 325 1015 436
leaf_count=1006 674 295 1244 141 173 509 416 98 332 211 43 325 1015 436
internal_value=0.000163123 0.00806645 -0.00375057 0.00525939 0.0182821 -0.00102105 0.0102928 -0.00360471 0.00234755 0.00740282 0.0184004 -0.00428887 -0.00843478 0.000580656
internal_weight=6918 2285 4633 1817 468 2944 811 1667 1277 627 184 1569 1689 945
internal_count=6918 2285 4633 1817 468 2944 811 1667 1277 627 184 1569 1689 945
is_linear=0
shrinkage=0.01


Tree=115
num_leaves=15
num_cat=0
split_feature=11 11 8 20 4 8 4 15 4 11 15 24 8 14
split_gain=2114.39 672.442 482.551 248.521 227.494 164.049 154.496 120.058 89.3082 95.8807 82.422 76.4167 74.2877 85.8747
threshold=0.028168050531988353 0.049367376820980059 467.50860000000006 215.35999999999993 0.11958911106524479 36.914400000000008 -0.03227186818470492 2.6415040341048548 -0.14717263855771753 0.025593909851723873 0.63359360760746741 28.408333333333363 15.902550000000003 14.32263354392177
decision_type=2 2 2 10 2 2 2 2 2 2 2 8 2 2
left_child=2 5 4 -4 12 -2 10 -3 -5 -10 11 -7 -1 -14
right_child=1 7 3 8 -6 6 -8 -9 9 -11 -12 -13 13 -15
leaf_value=-0.00092640795983669989 -0.0023823469150870292 -0.0054377070253570697 0.029879803508271775 -0.00031656552662155522 0.012405981146604628 0.0038756260650515328 0.0072554631516422068 -0.01058385526027715 0.017367845038542658 0.0010930592253588249 -0.0032328322826815055 -0.0043327719910877015 0.00132672990470594 0.0084443335245466909
leaf_weight=257 1503 1349 130 47 424 566 420 767 185 49 408 122 324 367
leaf_count=257 1503 1349 130 47 424 566 420 767 185 49 408 122 324 367
internal_value=0.000163616 -0.00309552 0.00948563 0.0188088 0.00645545 -5.38662e-05 0.0022491 -0.00738938 0.0120087 0.0143537 0.000225996 0.00232467 0.00358237 0.00525225
internal_weight=6918 5135 1783 411 1372 3019 1516 2116 281 234 1096 688 948 691
internal_count=6918 5135 1783 411 1372 3019 1516 2116 281 234 1096 688 948 691
is_linear=0
shrinkage=0.01


Tree=116
num_leaves=15
num_cat=0
split_feature=11 8 10 23 4 2 14 4 8 8 17 14 15 9
split_gain=2075.47 617.42 544.308 325.49 274.893 267.309 237.576 128.859 106.963 100.075 91.8276 98.9916 63.7296 62.1668
threshold=0.031227525781335946 467.50860000000006 -0.0098680555089361594 38.200000000000024 0.11958911106524479 0.49995325348859482 0.25968510979177462 -0.03227186818470492 22.897350000000007 36.914400000000008 1.8842635515216968 51.621746500379096 2.6415040341048548 1908.0000000000002
decision_type=2 2 2 10 2 2 2 2 2 2 2 2 2 2
left_child=1 4 -2 5 9 -3 12 13 -9 -1 11 -6 -4 -8
right_child=2 3 6 -5 10 -7 7 8 -10 -11 -12 -13 -14 -15
leaf_value=-0.00018802650894217594 -0.0083460393066609028 0.031496101086482695 -0.0032928611006908222 -0.0022587697970725242 0.018274070407990051 0.013076111237371797 0.00055874883489666707 -0.00034600055810177395 0.0081514402586099228 0.0052223702333529668 0.0040714745835205655 0.0051794575004449747 -0.0089348008852785099 -0.0040359463472037114
leaf_weight=614 1607 151 769 64 216 253 992 243 345 738 142 107 282 395
leaf_count=614 1607 151 769 64 216 253 992 243 345 738 142 107 282 395
internal_value=0.000163549 0.0079242 -0.00367947 0.0179629 0.0051657 0.0211453 -0.00115941 0.000884618 0.00472743 0.00279107 0.0116496 0.0145203 -0.0049546 -0.000781424
internal_weight=6918 2285 4633 468 1817 404 3026 1975 588 1352 465 323 1051 1387
internal_count=6918 2285 4633 468 1817 404 3026 1975 588 1352 465 323 1051 1387
is_linear=0
shrinkage=0.01


Tree=117
num_leaves=15
num_cat=0
split_feature=11 10 11 13 9 23 4 5 9 13 9 18 23 13
split_gain=2038.62 650.302 407.668 229.56 170.27 156.989 136.563 97.2409 88.1698 83.8605 70.6002 70.3794 67.0661 54.8922
threshold=0.028168050531988353 -0.0091508401602789155 0.019796903093877095 2.9727379293480429 1393.5000000000002 26.900000000000038 -0.034482758620689606 0.33338048553051575 2705.5000000000005 1.0988292737062391 1676.0000000000002 3.1030733538273132e-14 38.500000000000036 3.0955143270297065
decision_type=2 2 2 2 2 10 2 2 2 2 2 8 10 2
left_child=2 13 8 6 5 -4 11 12 -1 -8 -6 -3 -7 -2
right_child=1 3 4 -5 10 7 9 -9 -10 -11 -12 -13 -14 -15
leaf_value=0.017716494559193264 -0.005769092660654891 0.0013102893908072042 0.023841385047442171 -0.0048066929293943119 -0.0014020749315248704 0.012366219563460028 0.00283700530917395 -0.0060769607424019621 -0.00084878474135290495 0.011856986992647797 0.0052070722243157579 -0.0026784747203838083 -0.00081737111206166453 -0.0098423139056145713
leaf_weight=481 732 893 73 914 191 165 723 32 24 107 773 837 44 929
leaf_count=481 732 893 73 914 191 165 723 32 24 107 773 837 44 929
internal_value=0.000163604 -0.00303658 0.00931707 -0.000559496 0.00613255 0.0123553 0.000978517 0.00727754 0.0168164 0.00426321 0.00388554 -0.000622376 0.00971807 -0.0081432
internal_weight=6918 5135 1783 3474 1278 314 2560 241 505 830 964 1730 209 1661
internal_count=6918 5135 1783 3474 1278 314 2560 241 505 830 964 1730 209 1661
is_linear=0
shrinkage=0.01


Tree=118
num_leaves=15
num_cat=0
split_feature=0 0 14 24 0 6 13 14 14 14 6 14 12 6
split_gain=2289.82 609.117 420.778 325.828 215.626 177.69 165.208 150.732 131.596 123.926 104.692 75.207 64.7266 62.3819
threshold=0.95233751168472891 0.82575159333669534 14.32263354392177 17.56083333333336 1.0116466596357141 0.78589780417977861 7.844485726212854 55.669639344324075 0.2897988112382342 1.4209950353221501 1.4290195941402677 0.2897988112382342 0.022172092927509827 1.0035403338739204
decision_type=2 2 2 8 2 2 2 2 2 2 2 2 2 2
left_child=1 9 3 6 -4 -3 8 -6 -2 12 -7 -5 13 -1
right_child=2 5 4 11 7 10 -8 -9 -10 -11 -12 -13 -14 -15
leaf_value=-0.0061003311544133368 0.021800010125625175 -0.0034961356068090301 0.0071788087440807311 -0.0030787835030843358 0.021247714197525056 0.0018086965996981415 -0.0028814705863766288 0.0053024955927565218 0.0088205252674674346 -0.0034560763676975727 0.011672393627652601 0.0038878736779145847 -0.0094988955991839371 0.0044909708992793007
leaf_weight=706 118 675 285 318 424 1359 67 89 330 1032 99 266 1105 45
leaf_count=706 118 675 285 318 424 1359 67 89 330 1032 99 266 1105 45
internal_value=0.000163175 -0.00337345 0.00946672 0.00528704 0.0149407 0.000675055 0.010925 0.0188029 0.0130461 -0.00635109 0.00263411 0.000101495 -0.00790148 -0.00535269
internal_weight=6918 5021 1897 1099 798 2133 515 513 448 2888 1458 584 1856 751
internal_count=6918 5021 1897 1099 798 2133 515 513 448 2888 1458 584 1856 751
is_linear=0
shrinkage=0.01


Tree=119
num_leaves=15
num_cat=0
split_feature=0 0 11 8 6 14 11 13 14 22 2 6 22 10
split_gain=2246.67 597.354 443.964 202.105 164.193 160.773 159.77 139.096 150.29 94.6645 87.4013 82.3965 76.0501 74.0169
threshold=0.95233751168472891 0.82738776433151928 0.024186181654504809 1697.5800000000002 1.0913296216997865 0.2897988112382342 0.050249116269401366 7.6143717136279179 50.510796535331103 288.67028476678462 0.58994129849583865 1.0771435153643016 295.09344632697486 -0.0013272456832844586
decision_type=2 2 2 2 2 2 2 2 2 10 2 2 10 2
left_child=1 6 7 4 -3 9 11 8 12 -4 -5 -1 -2 -7
right_child=2 3 5 10 -6 13 -8 -9 -10 -11 -12 -13 -14 -15
leaf_value=-0.00467440542291068 0.02018108494632307 -0.001572194842154924 0.0091608071557639798 0.018065771413562092 0.0053865632733974059 0.0034460488206281286 -0.0083479074648523457 -0.0027375924963360799 0.0060117764015893424 -0.0020039783205762292 0.00065127748960742006 0.0018383104674814439 0.0012108881859635206 0.010226894518383411
leaf_weight=1083 481 1569 77 72 411 271 1618 32 132 329 46 222 26 549
leaf_count=1083 481 1569 77 72 411 271 1618 32 132 329 46 222 26 549
internal_value=0.000163236 -0.0033399 0.0093787 0.000726358 -8.33044e-05 0.00563492 -0.00624698 0.0158435 0.016844 0.00042068 0.0124278 -0.00354792 0.0193101 0.00813322
internal_weight=6918 5021 1897 2098 1980 1226 2923 671 639 406 118 1305 507 820
internal_count=6918 5021 1897 2098 1980 1226 2923 671 639 406 118 1305 507 820
is_linear=0
shrinkage=0.01


Tree=120
num_leaves=15
num_cat=0
split_feature=11 1 11 9 6 23 12 2 9 1 2 1 1 9
split_gain=1936.41 549.15 515.502 252.557 218.062 196.503 193.754 183.234 114.812 114.675 125.352 84.5372 79.2843 77.1172
threshold=0.031227525781335946 1.1126624102327247 0.019955804785169399 1413.5000000000002 0.72338999266555681 38.300000000000018 0.012074688564881543 0.30555903244824184 831.50000000000011 2.3445961115821716 0.45776370705203945 1.1951597050318481 2.0273262943799168 2705.5000000000005
decision_type=2 2 2 2 2 10 2 2 2 2 2 2 2 2
left_child=2 7 13 5 12 6 -4 -2 -8 10 -6 -5 -3 -1
right_child=1 4 3 11 9 -7 8 -9 -10 -11 -12 -13 -14 -15
leaf_value=0.016966799923480831 0.0013784171627655496 -0.0047171487819739986 -0.0019539210149967993 -0.0018404207278464764 0.0046366826767511912 -0.0028333036535316044 -0.0016035271571441133 -0.0083295251974709154 0.019589154819425726 0.011784241155863882 -0.0012924416980532552 0.0040664508184391898 0.0049846103936433796 -0.00017174168125442838
leaf_weight=506 209 963 54 298 591 70 24 1867 260 91 837 1047 75 26
leaf_count=506 209 963 54 298 591 70 24 1867 260 91 837 1047 75 26
internal_value=0.0001633 -0.00354871 0.00765948 0.00492864 -0.000430725 0.0116468 0.0146643 -0.00734359 0.0177777 0.00197105 0.00118466 0.0027426 -0.00392573 0.0161352
internal_weight=6918 4633 2285 1753 2557 408 338 2076 284 1519 1428 1345 1038 532
internal_count=6918 4633 2285 1753 2557 408 338 2076 284 1519 1428 1345 1038 532
is_linear=0
shrinkage=0.01


Tree=121
num_leaves=15
num_cat=0
split_feature=0 0 14 24 16 0 16 1 14 2 9 4 9 4
split_gain=2171.81 575.142 401.131 314.25 229.743 208.584 191.941 155.274 145.528 123.348 107.291 97.2661 80.2554 71.6743
threshold=0.95233751168472891 0.81795597058742997 14.32263354392177 17.56083333333336 2.8530516606538474 1.0116466596357141 1.6842445749776798 1.0571192145352233 55.669639344324075 0.46864102392308843 1159.0000000000002 -0.10968045648422688 1737.0000000000002 0.18783837862112648
decision_type=2 2 2 8 2 2 2 2 2 2 2 2 2 2
left_child=1 7 3 4 9 -4 10 -1 -7 -2 -3 -8 -5 -9
right_child=2 6 5 12 -6 8 11 13 -10 -11 -12 -13 -14 -15
leaf_value=-0.0084860122043816464 0.020551989362271424 0.011520263510174118 0.0069468140966205509 -0.0024880207311317039 -0.0020000455549030794 0.020764222664156558 -0.0050192135987017026 -0.0040455173757012039 0.0051241906513588139 0.0082804190838060374 0.0023493885964350849 0.00030656315124549165 0.0051010657272057688 0.008209015610171299
leaf_weight=1516 164 140 285 394 107 424 558 1202 89 244 744 830 190 31
leaf_count=1516 164 140 285 394 107 424 558 1202 89 244 744 830 190 31
internal_value=0.00016281 -0.00328146 0.00922348 0.00514278 0.0106796 0.014568 0.000439637 -0.00634145 0.0183637 0.0139663 0.00403559 -0.00186827 5.16278e-05 -0.00360332
internal_weight=6918 5021 1897 1099 515 798 2272 2749 513 408 884 1388 584 1233
internal_count=6918 5021 1897 1099 515 798 2272 2749 513 408 884 1388 584 1233
is_linear=0
shrinkage=0.01


Tree=122
num_leaves=15
num_cat=0
split_feature=11 1 8 1 10 20 10 8 13 5 11 25 11 13
split_gain=1871.67 635.001 440.788 311.82 275.789 242.797 119.844 112.856 107.037 100.843 102.977 97.9382 88.8813 78.5883
threshold=0.028168050531988353 1.0644190644558809 467.50860000000006 1.5006751295101186 -0.0055635361746848465 215.35999999999993 -0.0022310559586081152 36.914400000000008 2.9727379293480429 0.18607238457091174 0.018754143899312303 11.400000000000036 0.025593909851723873 0.36574125384488049
decision_type=2 2 2 2 2 10 2 2 2 2 2 10 2 2
left_child=2 13 3 -1 -3 -4 -7 -6 11 -5 -11 -9 -8 -2
right_child=1 4 5 9 7 6 12 8 -10 10 -12 -13 -14 -15
leaf_value=0.0011380886217805413 -0.0046957785869796665 -0.0045730363244029619 0.028716469451909265 0.015536326824907997 -0.00066493387917208044 -0.0045524587863698032 0.016136972753318424 0.0063348163100341486 -0.0025152753859993223 0.016325661502208332 0.0042019908714951391 -0.0025450753336037071 0.00062791369855403907 -0.0092802417317582493
leaf_weight=679 682 1020 130 265 1109 32 201 851 211 78 350 132 48 1130
leaf_count=679 682 1020 130 265 1109 32 201 851 211 78 350 132 48 1130
internal_value=0.000163174 -0.00290313 0.00893385 0.00604025 -0.000292229 0.0178416 0.0112035 0.00162249 0.00373126 0.0106627 0.00706395 0.00510546 0.0134534 -0.0076303
internal_weight=6918 5135 1783 1372 3323 411 281 2303 1194 693 428 983 249 1812
internal_count=6918 5135 1783 1372 3323 411 281 2303 1194 693 428 983 249 1812
is_linear=0
shrinkage=0.01


Tree=123
num_leaves=15
num_cat=0
split_feature=11 11 11 9 23 6 15 13 22 13 9 22 3 4
split_gain=1837.46 588.591 369.33 156.957 150.491 147.18 110.385 93.8465 92.6625 83.4759 82.593 86.1929 81.5402 76.9263
threshold=0.028168050531988353 0.049367376820980059 0.019796903093877095 1393.5000000000002 26.900000000000038 0.93208559089700993 2.6415040341048548 2.9727379293480429 290.08332956149326 1.0000000180025095e-35 2705.5000000000005 294.36047038699604 0.1481937715104262 -0.15663371682434946
decision_type=2 2 2 2 10 2 2 2 10 2 2 10 2 2
left_child=2 5 10 4 -4 12 -3 9 -6 -7 11 -1 -2 -14
right_child=1 6 3 -5 8 7 -8 -9 -10 -11 -12 -13 13 -15
leaf_value=0.018112488051005841 -0.0054996275333576792 -0.0050261189156795361 0.023012025804028554 0.0036662174851718318 -0.00092835839887681819 0.0028015292935506661 -0.0099501313194821882 -0.0022657314569619392 0.011263127020223876 0.010692116714983477 -0.00097965353253212845 0.001753778063127252 -0.0027500550325912899 0.0015366276065823822
leaf_weight=440 400 1349 73 964 92 584 767 233 149 167 24 41 792 843
leaf_count=440 400 1349 73 964 92 584 767 233 149 167 24 41 792 843
internal_value=0.000163278 -0.00287487 0.00885346 0.00582216 0.0117952 -2.9108e-05 -0.00689209 0.0031059 0.00685629 0.00480097 0.0159917 0.0168637 -0.00156534 -0.000541955
internal_weight=6918 5135 1783 1278 314 3019 2116 984 241 751 505 481 2035 1635
internal_count=6918 5135 1783 1278 314 3019 2116 984 241 751 505 481 2035 1635
is_linear=0
shrinkage=0.01


Tree=124
num_leaves=15
num_cat=0
split_feature=0 0 23 17 0 1 16 20 6 15 10 6 17 23
split_gain=2074.78 546.987 371.819 194.752 190.227 183.237 170.371 99.2334 80.2564 75.4154 65.504 64.6355 77.7415 64.5506
threshold=0.95233751168472891 0.842032939901037 38.500000000000036 6.0779542032790008 1.0353281306920199 1.1662456041777161 1.7630835395910107 184.50999999999985 1.0035403338739204 1.1169133114050249 -0.003980345105829783 0.99991965424749385 3.558134459055815 27.300000000000015
decision_type=2 2 8 2 2 2 2 10 2 2 2 2 2 10
left_child=1 5 3 4 -2 9 7 -3 -8 -1 -7 13 -13 -6
right_child=2 6 -4 -5 11 10 8 -9 -10 -11 -12 12 -14 -15
leaf_value=-0.0053009039423782605 0.0071240364125842648 0.018039227576469474 -0.0036718492148685514 -0.0046368202045559883 0.016056695365845117 -0.0046964079660572425 -0.0032386073855872346 0.0035346001937048149 0.0025151032117451343 -0.0093292330561500526 0.00027005578765064615 0.019443189351024306 0.0058294047668893288 0.0071705936360527576
leaf_weight=1053 739 33 196 70 152 506 758 743 333 1070 525 363 74 303
leaf_count=1053 739 33 196 70 152 506 758 743 333 1070 525 363 74 303
internal_value=0.000162955 -0.00320347 0.00901892 0.0105127 0.0112173 -0.0057309 0.0010764 0.00460173 -0.00145977 -0.00740398 -0.00220089 0.0143668 0.0175158 0.0107113
internal_weight=6918 5021 1897 1701 1631 3154 1867 776 1091 2123 1031 892 437 455
internal_count=6918 5021 1897 1701 1631 3154 1867 776 1091 2123 1031 892 437 455
is_linear=0
shrinkage=0.01


Tree=125
num_leaves=15
num_cat=0
split_feature=10 14 20 15 6 10 17 17 17 15 14 9 9 17
split_gain=1511.1 523.452 446.627 324.41 312.703 165.096 109.348 126.257 104.112 98.932 89.7211 108.158 114.403 89.9882
threshold=-0.0039128470089687785 0.25968510979177462 208.04333333333338 0.11665875592132696 1.2001537305020842 -0.016122052790899222 2.9371363380595219 0.95452082597138055 3.1239067679088719 2.6415040341048548 55.669639344324075 1393.5000000000002 831.50000000000011 1.028211211583139
decision_type=2 2 8 2 2 2 2 2 2 2 2 2 2 2
left_child=5 9 3 -3 6 -1 7 -4 -8 -2 11 12 -6 -14
right_child=1 2 4 -5 10 -7 8 -9 -10 -11 -12 -13 13 -15
leaf_value=-0.0086868749171151484 -0.00079015015360900615 0.028561412437238556 0.0032968189550009954 0.0078537907903638397 -0.0010992715340107681 -0.003550056832084572 0.01373127888805073 -0.0021200858606288332 0.0032175832017683533 -0.008168278798799623 0.003766879071504465 0.0085587808617036531 0.026266732243362997 0.0016222542088206221
leaf_weight=1101 677 118 1307 223 20 1554 137 618 289 233 183 335 102 21
leaf_count=1101 677 118 1307 223 20 1554 137 618 289 233 183 335 102 21
internal_value=0.00016277 0.00384662 0.00566629 0.0162325 0.00436756 -0.005733 0.00260747 0.00154872 0.0070853 -0.00282506 0.0103526 0.0126013 0.0197981 0.0229444
internal_weight=6918 4263 3353 341 3012 2655 2351 1925 426 910 661 478 143 123
internal_count=6918 4263 3353 341 3012 2655 2351 1925 426 910 661 478 143 123
is_linear=0
shrinkage=0.01


Tree=126
num_leaves=15
num_cat=0
split_feature=0 0 0 1 16 18 6 18 20 22 7 6 22 10
split_gain=2011.23 529.258 311.573 177.347 165.549 153.692 144.761 117.485 96.9726 81.9372 79.5793 77.6 68.0353 62.5077
threshold=0.95233751168472891 0.842032939901037 1.0939888283275137 1.1662456041777161 1.7630835395910107 -1.2378986724570494e-14 1.060266411985985 -3.2140956562898276e-14 184.50999999999985 289.47057828651185 1.0000000180025095e-35 1.0035403338739204 287.97341177423749 -0.003980345105829783
decision_type=2 2 2 2 2 8 2 10 10 10 2 2 10 2
left_child=1 3 5 -1 8 7 9 -2 -3 -7 -4 -6 -10 -5
right_child=2 4 10 13 11 6 -8 -9 12 -11 -12 -13 -14 -15
leaf_value=-0.007283334271933747 0.0014255467527187788 0.017816286079304397 0.016629494331624969 -0.0046020395264468605 -0.0031903830961417644 0.0067165831150647086 0.010292380036514446 0.021792363583082609 -0.0021180557811075014 0.00019919503338807095 0.0060470985024646453 0.0024672103941139815 0.0050157532462598176 0.00024948648726482185
leaf_weight=2123 45 33 482 506 758 271 309 81 157 586 123 333 586 525
leaf_count=2123 45 33 482 506 758 271 309 81 157 586 123 333 586 525
internal_value=0.000163259 -0.00315119 0.00888256 -0.00563733 0.00105868 0.0059414 0.00462178 0.0157787 0.00453381 0.00237769 0.0147564 -0.00144122 0.00347923 -0.00216432
internal_weight=6918 5021 1897 3154 1867 1292 1166 126 776 857 605 1091 743 1031
internal_count=6918 5021 1897 3154 1867 1292 1166 126 776 857 605 1091 743 1031
is_linear=0
shrinkage=0.01


Tree=127
num_leaves=15
num_cat=0
split_feature=11 1 11 9 10 23 12 1 5 9 17 7 1 9
split_gain=1724.11 489.812 466.038 233.905 220.265 182.611 186.663 152.217 151.194 110.825 90.1411 76.5164 104.567 71.9842
threshold=0.031227525781335946 1.0571192145352233 0.019955804785169399 1413.5000000000002 -0.0098680555089361594 38.300000000000018 0.012074688564881543 2.0000022500218573 0.14879928256677391 831.50000000000011 1.9134844569363731 1.0000000180025095e-35 1.4413154605734257 1737.0000000000002
decision_type=2 2 2 2 2 10 2 2 2 2 2 2 2 2
left_child=2 -2 -1 5 -3 6 -4 8 -6 -8 -11 12 -5 -10
right_child=1 4 3 11 7 -7 9 -9 13 10 -12 -13 -14 -15
leaf_value=0.015295584909204542 -0.0075985768466557517 -0.0060848028865188942 -0.0022051215592167666 0.0010755670243796467 0.0057918549458097135 -0.0028287108093500136 -0.00180423744361509 0.0087471380178560168 -0.0028117023538705575 0.021483325552986737 0.0039464017544845256 -0.0021832882097244889 0.0073903454438486293 0.0013288101899818388
leaf_weight=532 1689 614 54 651 330 70 24 187 1188 213 47 260 434 625
leaf_count=532 1689 614 54 651 330 70 24 187 1188 213 47 260 434 625
internal_value=0.000163773 -0.00333879 0.00723715 0.00464099 -0.000856752 0.0111048 0.0140152 0.000556746 -0.000227603 0.0170745 0.0188572 0.0025389 0.00369857 -0.00137995
internal_weight=6918 4633 2285 1753 2944 408 338 2330 2143 284 260 1345 1085 1813
internal_count=6918 4633 2285 1753 2944 408 338 2330 2143 284 260 1345 1085 1813
is_linear=0
shrinkage=0.01


Tree=128
num_leaves=15
num_cat=0
split_feature=1 14 13 8 5 8 13 20 5 1 18 1 5 5
split_gain=1475.86 482.429 318.302 251.287 226.009 202.45 159.258 146.841 136.918 118.251 107.207 103.812 78.9554 75.5691
threshold=1.222017241031695 14.32263354392177 0.40974298840601092 25.537500000000005 0.12189190813529213 36.914400000000008 3.0955143270297065 219.62500000000011 0.24683628141605907 1.4707619596039823 -5.3845816694320084e-15 2.0000022500218573 0.32522356138189407 0.35067841779712433
decision_type=2 2 2 2 2 2 2 8 2 2 10 2 2 2
left_child=2 4 5 -3 -2 -1 10 8 -7 -5 -6 12 -12 -11
right_child=1 3 -4 9 6 7 -8 -9 -10 13 11 -13 -14 -15
leaf_value=-0.0038953917337824452 0.01328076972726908 0.0032818377303111385 -0.0077295149720809798 0.0058872197056974006 0.0099274760493628465 0.023212011201450458 -0.0036647674704995982 0.00083259667866314728 0.00040666343122998724 0.017536194903956165 0.0029586734210185488 0.0075427587447333931 -0.0019984521189204919 0.0084251312816916498
leaf_weight=1086 138 483 1671 247 153 45 554 418 47 404 595 222 652 203
leaf_count=1086 138 483 1671 247 153 45 554 418 47 404 595 222 652 203
internal_value=0.000163275 0.0045222 -0.00470283 0.00926072 0.00172417 -0.00147129 0.000872427 0.00362397 0.0138038 0.0124783 0.00245397 0.00154599 0.000368291 0.0148711
internal_weight=6918 3651 3267 1337 2314 1596 2176 510 92 854 1622 1469 1247 607
internal_count=6918 3651 3267 1337 2314 1596 2176 510 92 854 1622 1469 1247 607
is_linear=0
shrinkage=0.01


Tree=129
num_leaves=15
num_cat=0
split_feature=10 13 8 6 10 6 24 9 8 25 8 9 9 22
split_gain=1413.63 550.43 631.404 210.77 181.717 143.901 139.973 112.445 110.124 91.8487 70.7631 65.3566 57.3658 57.2653
threshold=-0.0035168599367061851 2.9727379293480429 24.973650000000003 0.99991965424749385 -0.010675408952707438 1.2500367538721859 9.9475000000001135 1280.0000000000002 565.2225000000002 10.100000000000025 390.01365000000004 831.50000000000011 2311.0000000000005 291.34732911387385
decision_type=2 2 2 2 2 2 8 2 2 10 2 2 2 10
left_child=4 2 5 6 -1 -2 8 11 -4 13 -6 -5 -9 -8
right_child=1 -3 3 7 10 -7 9 12 -10 -11 -12 -13 -14 -15
leaf_value=-0.0076130417018096452 -0.0014797212023702081 -0.0035003551570134358 0.0046395485972364741 0.002828061507557923 -0.0036407297271866638 0.0065715130797199565 0.0033305514088381089 0.0075850945175398197 0.020860968638916275 -0.0029155416708640958 0.0020075552183743957 0.020170337515635267 0.016559868807604242 0.0087117072604404096
leaf_weight=1523 1036 797 94 33 1013 261 511 454 91 128 266 243 101 367
leaf_count=1523 1036 797 94 33 1013 261 511 454 91 128 266 243 101 367
internal_value=0.00016392 0.00388804 0.00567556 0.00914138 -0.00529186 0.000208056 0.00625345 0.0130244 0.0139243 0.00458914 -0.00244551 0.0184618 0.00975492 0.00573491
internal_weight=6918 4116 3319 2022 2802 1297 1191 831 185 1006 1279 276 555 878
internal_count=6918 4116 3319 2022 2802 1297 1191 831 185 1006 1279 276 555 878
is_linear=0
shrinkage=0.01


Tree=130
num_leaves=15
num_cat=0
split_feature=0 0 0 1 4 18 4 13 18 4 18 2 7 7
split_gain=1890.86 495.573 295.588 166.948 149.452 148.138 136.213 128.477 115.22 94.783 68.1371 67.5365 50.9387 49.4977
threshold=0.95233751168472891 0.842032939901037 1.0939888283275137 1.0571192145352233 0.17638752312695025 -1.2378986724570494e-14 0.028890829313126944 1.1839263696174613 -3.2140956562898276e-14 -0.11988492087188533 2.2759572004815713e-15 0.80029209663403367 1.0000000180025095e-35 1.0000000180025095e-35
decision_type=2 2 2 2 2 8 2 2 10 2 10 2 2 2
left_child=1 3 5 -1 9 8 10 12 -2 -3 -7 -5 -4 -12
right_child=2 4 7 11 -6 6 -8 -9 -10 -11 13 -13 -14 -15
leaf_value=-0.0077396892156274969 0.0012655388644108407 -0.0030377688181847085 0.019189979344945998 -0.0018280870212639495 0.012284501659440566 -0.0010891822897040289 0.0099612310565272092 0.0066710430506131948 0.021359736746047981 0.0018702102676935253 0.0055547762667932836 -0.0066542918017134071 0.0063663190874983277 -0.0038387398651855832
leaf_weight=1585 45 556 342 1189 91 346 309 198 81 1220 463 380 65 48
leaf_count=1585 45 556 342 1189 91 346 309 198 81 1220 463 380 65 48
internal_value=0.000164475 -0.00304923 0.00861884 -0.00545497 0.00102432 0.00575466 0.00446082 0.0143395 0.0154082 0.000311418 0.00228424 -0.00307229 0.0175595 0.00454223
internal_weight=6918 5021 1897 3154 1867 1292 1166 605 126 1776 857 1569 407 511
internal_count=6918 5021 1897 3154 1867 1292 1166 605 126 1776 857 1569 407 511
is_linear=0
shrinkage=0.01


Tree=131
num_leaves=15
num_cat=0
split_feature=0 0 11 23 1 6 13 17 6 0 15 18 18 17
split_gain=1855.56 486.235 373.605 175.809 151.255 143.199 124.553 103.929 92.846 91.6161 77.1204 67.2219 72.6745 59.3802
threshold=0.95233751168472891 0.82738776433151928 0.024186181654504809 38.500000000000036 1.0571192145352233 0.78589780417977861 7.6143717136279179 6.0779542032790008 1.5545358869972949 0.99991071805842136 0.71201123510302999 -5.2735593669694928e-15 -2.6090241078691175e-15 1.2020718893160192
decision_type=2 2 2 8 2 2 2 2 2 2 2 8 10 2
left_child=1 4 6 7 -1 -3 11 9 13 -4 -6 -2 -13 -7
right_child=2 5 3 -5 10 8 -8 -9 -10 -11 -12 12 -14 -15
leaf_value=-0.0077832365223314687 0.023377643019864051 -0.0031207530608954735 0.0029048120050293651 -0.0034450222676593151 -0.00013223797005641646 0.0032675190468058235 -0.0029388563699411373 -0.0048392040310781216 0.012619239022188327 0.0096469605913274553 -0.0049959820046233021 -0.0023542091492996658 0.013696094811809577 -0.0010332930632401258
leaf_weight=1548 112 665 328 189 533 888 32 59 65 650 842 23 504 480
leaf_count=1548 112 665 328 189 533 888 32 59 65 650 842 23 504 480
internal_value=0.000164598 -0.00301896 0.00853969 0.00510596 -0.00564179 0.000649282 0.0144697 0.00670959 0.00242457 0.00749934 -0.00314671 0.0154194 0.0129169 0.00175811
internal_weight=6918 5021 1897 1226 2923 2098 671 1037 1433 978 1375 639 527 1368
internal_count=6918 5021 1897 1226 2923 2098 671 1037 1433 978 1375 639 527 1368
is_linear=0
shrinkage=0.01


Tree=132
num_leaves=15
num_cat=0
split_feature=11 11 8 20 6 8 6 19 11 11 19 9 3 16
split_gain=1591.23 507.053 400.198 234.018 195.778 133.472 123.939 110.337 98.0748 91.6753 82.2653 60.9038 55.9689 55.9022
threshold=0.028168050531988353 0.049367376820980059 467.50860000000006 215.35999999999993 1.3509313146822282 36.914400000000008 0.9374740918540333 211.55000000000004 0.025593909851723873 0.069283449343102183 335.75000000000006 1156.0000000000002 -0.018043131583994936 11.042465950589744
decision_type=2 2 2 10 2 2 2 10 2 2 8 2 2 2
left_child=2 5 4 -4 -1 13 -7 -5 -9 -3 12 -8 -6 -2
right_child=1 9 3 7 10 6 11 8 -10 -11 -12 -13 -14 -15
leaf_value=0.0033499910121647207 -0.0012601852058563539 -0.0041185289826502084 0.027341769511252639 -0.0055748050608374969 0.0029770861110473808 0.00024124545560512146 0.014216796181510004 0.015238193110204662 0 -0.0084490075003948416 -0.0036021833012743693 0.0043181034414514381 0.01582230777250633 -0.0065642023278608989
leaf_weight=1069 1282 1036 130 27 54 1096 69 201 53 1080 21 351 228 221
leaf_count=1069 1282 1036 130 27 54 1096 69 201 53 1080 21 351 228 221
internal_value=0.0001639 -0.00266329 0.00825092 0.0167325 0.00549906 -2.17811e-05 0.00205504 0.0103005 0.0123083 -0.00639189 0.0123732 0.00653934 0.0137558 -0.00212261
internal_weight=6918 5135 1783 411 1372 3019 1516 281 254 2116 303 420 282 1503
internal_count=6918 5135 1783 411 1372 3019 1516 281 254 2116 303 420 282 1503
is_linear=0
shrinkage=0.01


Tree=133
num_leaves=15
num_cat=0
split_feature=0 0 11 23 15 4 13 14 15 15 0 4 9 9
split_gain=1796.81 471.032 360.015 171.803 161.731 143.598 121.585 142.324 101.715 93.5515 79.4388 79.3012 78.445 71.4666
threshold=0.95233751168472891 0.842032939901037 0.024186181654504809 38.500000000000036 2.1107138664934415 0.17638752312695025 7.6143717136279179 50.510796535331103 0.78060461047799456 2.6415040341048548 0.99991071805842136 0.039877672549818589 1159.0000000000002 1468.5000000000002
decision_type=2 2 2 8 2 2 2 2 2 2 2 2 2 2
left_child=1 4 6 9 11 8 7 13 12 10 -4 -1 -3 -2
right_child=2 5 3 -5 -6 -7 -8 -9 -10 -11 -12 -13 -14 -15
leaf_value=-0.0045115904639138182 0.02280922325245208 0.0090799694447076494 0.0029317642240206279 -0.0034180535109597818 -0.0090160122284931796 0.012039835366781231 -0.0029493682128556358 0.0048568318390875666 -0.0025936308091688521 -0.0069451514504990488 0.0091691708964463554 0.0013394344928518603 0.0011434996320225863 0.012744997966490826
leaf_weight=2050 205 126 334 189 855 91 32 132 706 33 670 249 944 302
leaf_count=2050 205 126 334 189 855 91 32 132 706 33 670 249 944 302
internal_value=0.000163837 -0.0029689 0.00840529 0.00503379 -0.00531433 0.00100236 0.014227 0.0151657 0.000303471 0.00661919 0.00720173 -0.00386748 0.00223671 0.0175445
internal_weight=6918 5021 1897 1226 3154 1867 671 639 1776 1037 1004 2299 1070 507
internal_count=6918 5021 1897 1226 3154 1867 671 639 1776 1037 1004 2299 1070 507
is_linear=0
shrinkage=0.01


Tree=134
num_leaves=15
num_cat=0
split_feature=0 0 14 24 15 0 16 14 15 16 20 4 4 14
split_gain=1762.24 462.299 337.541 279.933 268.414 183.481 163.423 135.411 130.116 90.1433 89.9041 80.3237 68.1288 61.3961
threshold=0.95233751168472891 0.81795597058742997 14.32263354392177 17.56083333333336 0.086140819372162017 1.0116466596357141 1.6842445749776798 55.669639344324075 2.1107138664934415 2.8530516606538474 184.50999999999985 -0.10968045648422688 0.038480519239245635 0.2897988112382342
decision_type=2 2 2 8 2 2 2 2 2 2 10 2 2 2
left_child=1 8 3 4 -2 -4 10 -7 12 -6 -3 -8 -1 -5
right_child=2 6 5 13 9 7 11 -9 -10 -11 -12 -13 -14 -15
leaf_value=-0.0048347935670515563 0.022353932912722516 0.014811567181208428 0.006122327664286875 -0.0030744646574072981 0.0081186420844184069 0.019078322687198886 -0.0045955980357320842 0.0042318522449104343 -0.0090717154123196846 -0.0021053793225400737 0.0027211587878951007 0.0002437401963288293 0.0011451526932969623 0.003219362243007009
leaf_weight=1743 112 49 285 318 296 424 558 89 803 107 835 830 203 266
leaf_count=1743 112 49 285 318 296 424 558 89 803 107 835 830 203 266
internal_value=0.000163573 -0.00293888 0.00832538 0.0045848 0.00981089 0.0132266 0.00039682 0.0167768 -0.00568234 0.00540924 0.00371525 -0.0017323 -0.0042006 -0.000179522
internal_weight=6918 5021 1897 1099 515 798 2272 513 2749 403 884 1388 1946 584
internal_count=6918 5021 1897 1099 515 798 2272 513 2749 403 884 1388 1946 584
is_linear=0
shrinkage=0.01


Tree=135
num_leaves=15
num_cat=0
split_feature=1 10 17 13 1 5 20 20 10 20 5 14 14 1
split_gain=1319.21 457.564 297.172 246.738 193.588 162.712 197.111 155.147 92.2422 96.7948 87.4053 76.4995 78.2964 66.062
threshold=1.222017241031695 -0.0018084721950417484 2.2898224954208262 11.765484519314397 1.6676202149078476 0.22449395413244924 219.62500000000011 206.61499999999981 -0.0062370046183893137 212.54666666666745 0.1800364221329234 12.124038628878475 55.669639344324075 1.4836715159762048
decision_type=2 2 2 2 2 2 8 10 2 8 2 2 2 2
left_child=2 8 5 4 7 6 -1 -3 -2 -10 13 -6 -13 -9
right_child=1 3 -4 -5 11 -7 -8 10 9 -11 -12 12 -14 -15
leaf_value=0.016594967216525862 -0.0034968369603840584 0.017126096554522244 -0.0072851181608246307 -0.0013904623844206946 0.0073178010987846745 -0.0045091686950891373 0.00022768729305382642 0.0044883407125391383 0.007719050725063778 -9.8518909950661432e-05 0.0012433634782760775 0.01628735804985362 0.0046695301081754468 0.012825868641957641
leaf_weight=62 525 86 1714 296 325 755 736 387 187 662 538 420 93 132
leaf_count=62 525 86 1714 296 325 755 736 387 187 662 538 420 93 132
internal_value=0.000163678 0.00428485 -0.0044369 0.00701559 0.00827795 -0.00123438 0.00188621 0.00543031 -0.000269098 0.00174989 0.00416907 0.0119333 0.0144542 0.00702465
internal_weight=6918 3651 3267 2277 1981 1553 798 1143 1374 849 1057 838 513 519
internal_count=6918 3651 3267 2277 1981 1553 798 1143 1374 849 1057 838 513 519
is_linear=0
shrinkage=0.01


Tree=136
num_leaves=15
num_cat=0
split_feature=11 8 1 1 23 2 2 1 5 11 8 2 1 8
split_gain=1487.77 493.274 427.753 292.443 262.388 276.594 207.348 202.376 127.641 106.443 95.3167 94.2917 76.5347 56.6605
threshold=0.031227525781335946 467.50860000000006 1.0571192145352233 1.4747468523983533 38.200000000000024 0.49995325348859482 0.51897828074894059 2.0273262943799168 0.18607238457091174 0.018754143899312303 91.692450000000022 0.31047488699253961 1.3440888421699875 42.876900000000013
decision_type=2 2 2 2 10 2 2 2 2 2 2 2 2 2
left_child=1 3 11 13 5 -3 10 12 -5 -10 -4 -2 -8 -1
right_child=2 4 6 8 -6 -7 7 -9 9 -11 -12 -13 -14 -15
leaf_value=-0.0014467953427068376 0.00029429820863979643 0.028857091440661259 0.0012710161372885503 0.013705177917746045 -0.0023541540643643765 0.010717945720662701 -0.0053861648798593214 0.0069326361532865179 0.015013186638908728 0.0033136671356224089 0.0088259075825217973 -0.0078097516959173743 -0.0011485901251963191 0.0035257587677706547
leaf_weight=603 154 151 774 290 64 253 1048 181 78 504 198 1535 743 342
leaf_count=603 154 151 774 290 64 253 1048 181 78 504 198 1535 743 342
internal_value=0.000164166 0.00673494 -0.00308942 0.00427394 0.0157025 0.0185626 -0.000769941 -0.00262818 0.00838146 0.00534494 0.00296697 -0.00707019 -0.00366582 0.000378208
internal_weight=6918 2285 4633 1817 468 404 2944 1972 872 582 972 1689 1791 945
internal_count=6918 2285 4633 1817 468 404 2944 1972 872 582 972 1689 1791 945
is_linear=0
shrinkage=0.01


Tree=137
num_leaves=15
num_cat=0
split_feature=10 13 8 14 2 21 9 15 6 9 10 24 8 16
split_gain=1233.6 490.929 576.282 252.21 242.614 205.731 173.957 164.241 126.696 112.407 81.4094 63.0302 52.0461 48.4498
threshold=-0.0035168599367061851 2.9727379293480429 24.973650000000003 17.596300554763893 0.51897828074894059 233.15714285714424 1440.5000000000002 1.7719830012759441 1.2500367538721859 1371.0000000000002 -0.010675408952707438 17.425000000000018 390.01365000000004 1.0402328766505538
decision_type=2 2 2 2 2 10 2 2 2 2 2 10 2 2
left_child=7 2 8 4 5 6 -4 10 -2 11 -1 -6 -12 -5
right_child=1 -3 3 13 9 -7 -8 -9 -10 -11 12 -13 -14 -15
leaf_value=-0.0055818698622846019 -0.0014722887592947562 -0.0033331456579863022 0.029203835251656447 0.019305815561579502 0.0059551983928451168 0.0068146414163465551 0.0074118681185963474 -0.0085161336888611491 0.0060825996028981925 0.004402536766234779 -0.0026008271257757748 -0.0068514389102888665 0.0023837392491419607 0.011122718764094756
leaf_weight=828 1036 797 79 176 32 504 90 870 261 581 847 152 257 408
leaf_count=828 1036 797 79 176 32 504 90 870 261 581 847 152 257 408
internal_value=0.000164724 0.00364368 0.00533197 0.00864298 0.0062308 0.0105301 0.0196639 -0.00493175 0.000109699 0.00226388 -0.00324183 -0.00420969 -0.00140981 0.014163
internal_weight=6918 4116 3319 2022 1438 673 169 2802 1297 765 1932 184 1104 584
internal_count=6918 4116 3319 2022 1438 673 169 2802 1297 765 1932 184 1104 584
is_linear=0
shrinkage=0.01


Tree=138
num_leaves=15
num_cat=0
split_feature=11 1 8 1 15 6 22 22 11 8 1 11 14 10
split_gain=1437.5 496.399 366.608 258.755 222.255 160.912 118.743 75.2593 108.129 71.7789 70.734 65.8473 74.0624 54.1441
threshold=0.028168050531988353 1.0644190644558809 467.50860000000006 1.7148765517554685 2.6415040341048548 0.81073545062554631 287.14400810944767 290.0095832340034 0.022290684228495783 27.660150000000005 2.0273262943799168 0.018953767980624581 56.029617079247956 0.0070239420592845851
decision_type=2 2 2 2 2 2 10 10 2 2 2 2 2 2
left_child=2 -2 3 -1 5 10 -4 8 -8 -7 -3 12 -5 -11
right_child=1 4 6 11 -6 9 7 -9 -10 13 -12 -13 -14 -15
leaf_value=0.001913646741245955 -0.0067016772871242745 -0.0022105714815503432 0.022034964088254193 0.019100082250402099 -0.0075487264186275471 0.00058110124799944844 0.011549318460868549 0.015168266568010248 -0.0049554609160293783 0.0041311586138973594 0.0054502104725124255 0.0073199001675341444 0.0021259044552758588 0.014148844482807012
leaf_weight=889 1812 1408 183 135 348 667 57 107 64 743 112 309 39 45
leaf_count=889 1812 1408 183 135 348 667 57 107 64 743 112 309 39 45
internal_value=0.00016496 -0.00252215 0.00785147 0.00521817 -0.000213651 0.000685709 0.0159687 0.00967503 0.00328396 0.00304472 -0.00157615 0.0109626 0.0159585 0.00505167
internal_weight=6918 5135 1783 1372 3323 2975 411 228 121 1455 1520 483 174 788
internal_count=6918 5135 1783 1372 3323 2975 411 228 121 1455 1520 483 174 788
is_linear=0
shrinkage=0.01


Tree=139
num_leaves=15
num_cat=0
split_feature=0 0 14 24 16 0 8 14 17 14 17 17 13 8
split_gain=1632.2 425.865 313.512 266.584 194.168 173.638 173.38 127.629 112.852 98.4433 78.0308 58.7047 52.5425 51.796
threshold=0.95233751168472891 0.842032939901037 14.32263354392177 17.56083333333336 2.8530516606538474 1.0116466596357141 1697.5800000000002 55.669639344324075 6.6061610580194587 0.2897988112382342 2.1759701539193474 0.95452082597138055 0.40974298840601092 10.266300000000003
decision_type=2 2 2 8 2 2 2 2 2 2 2 2 2 2
left_child=1 8 3 4 9 -4 10 13 12 -2 -3 -5 -1 -7
right_child=2 6 5 11 -6 7 -8 -9 -10 -11 -12 -13 -14 -15
leaf_value=-0.002066356199971879 0.02023141647789822 0.0016330009708572335 0.0058449157215654845 0.0043075691770809964 -0.0020960728329877686 0.0046464337318414643 0.01228891668989072 0.0040351731145600658 -0.0077398008181392324 0.0084265584353829144 -0.0027627077807463496 -0.0023077251116141659 -0.0052967570928019814 0.019612717728885773
leaf_weight=1101 114 1170 285 175 107 42 106 89 1047 294 591 409 1006 382
leaf_count=1101 114 1170 285 175 107 42 106 89 1047 294 591 409 1006 382
internal_value=0.000165764 -0.00281999 0.00802068 0.00441529 0.00951542 0.0127444 0.000955835 0.0161955 -0.00505017 0.0125396 0.000137707 -0.000231851 -0.00364873 0.0184288
internal_weight=6918 5021 1897 1099 515 798 1867 513 3154 408 1761 584 2107 424
internal_count=6918 5021 1897 1099 515 798 1867 513 3154 408 1761 584 2107 424
is_linear=0
shrinkage=0.01


Tree=140
num_leaves=15
num_cat=0
split_feature=11 8 15 4 4 24 9 13 8 3 8 11 14 9
split_gain=1392.07 460.911 371.763 206.666 187.059 168.949 148.16 94.4635 115.556 79.6792 72.5437 69.0055 60.0196 106.244
threshold=0.031227525781335946 467.50860000000006 2.6415040341048548 0.11958911106524479 -0.11682583480647406 17.495833333333369 1127.0000000000002 2.9727379293480429 25.272900000000003 0.2500115611525614 36.914400000000008 0.069283449343102183 55.669639344324075 1421.0000000000002
decision_type=2 2 2 2 2 10 2 2 2 2 2 2 2 2
left_child=1 3 4 10 11 9 -7 8 -6 -3 -1 -2 13 -5
right_child=2 5 -4 12 7 6 -8 -9 -10 -11 -12 -13 -14 -15
leaf_value=-0.00043778010677621181 -0.0024223368012214574 0.025898926516357283 -0.0084100106371364277 0.020765188833940084 -0.00080348563008085863 0.016494426934290932 -0.0017924410845420217 -0.0030998911540669762 0.0052150718755964295 0.012542507429789825 0.0041602949142343706 -0.0067857340632926722 0.0033659217270511771 0.0074404066580504129
leaf_weight=614 1528 129 974 88 597 53 102 404 648 184 738 482 135 242
leaf_count=614 1528 129 974 88 597 53 102 404 648 184 738 482 135 242
internal_value=0.000165829 0.00652179 -0.00298135 0.00414246 -0.00149569 0.0151906 0.0055738 0.000990751 0.00235408 0.0193021 0.00208889 -0.00353016 0.0097603 0.0120058
internal_weight=6918 2285 4633 1817 3659 468 155 1649 1245 313 1352 2010 465 330
internal_count=6918 2285 4633 1817 3659 468 155 1649 1245 313 1352 2010 465 330
is_linear=0
shrinkage=0.01


Tree=141
num_leaves=15
num_cat=0
split_feature=10 8 24 4 9 15 15 12 15 10 9 14 8 18
split_gain=1153.91 395.158 422.176 301.363 221.842 190.119 153.315 111.432 87.5057 76.4447 71.042 105.359 59.1685 71.6218
threshold=-0.0035168599367061851 390.01365000000004 17.628333333333394 0.11222887959688031 1127.0000000000002 0.09863688129757496 1.7719830012759441 0.011130594959556159 2.6415040341048548 -0.010675408952707438 1421.0000000000002 51.621746500379096 599.97555000000011 -7.9380946260698677e-15
decision_type=2 2 10 2 2 2 2 2 2 2 2 2 2 10
left_child=6 3 5 7 -4 -3 9 -2 -9 -1 11 -5 -6 -14
right_child=1 2 4 10 12 -7 -8 8 -10 -11 -12 -13 13 -15
leaf_value=-0.0053973934964246925 0.0075794966866343039 0.02121528617483754 0.016060533750781113 0.01861710714314271 0.0041219335953697903 0.0082205840903461901 -0.0082261345465500773 0.00030008095226547295 -0.0066314214644859542 -0.001354479827956227 0.0050204942182032145 0.0037107752315376115 0.0079068371394406187 -0.0058404000207531049
leaf_weight=828 176 249 68 115 111 272 870 2240 178 1104 346 95 26 240
leaf_count=828 176 249 68 115 111 272 870 2240 178 1104 346 95 26 240
internal_value=0.00016625 0.00353098 0.00906271 0.00178495 0.00173873 0.0150043 -0.00476282 0.000325456 -0.000256291 -0.00312983 0.00832908 0.0128263 -0.00149828 -0.00400276
internal_weight=6918 4116 966 3150 445 521 2802 2594 2418 1932 556 210 377 266
internal_count=6918 4116 966 3150 445 521 2802 2594 2418 1932 556 210 377 266
is_linear=0
shrinkage=0.01


Tree=142
num_leaves=15
num_cat=0
split_feature=0 0 14 24 15 0 15 4 14 17 17 4 9 0
split_gain=1561.16 406.617 298.937 256.389 245.369 167.244 137.417 131.962 121.635 91.6953 88.6229 68.9375 63.8563 59.5587
threshold=0.95233751168472891 0.842032939901037 14.32263354392177 17.56083333333336 0.086140819372162017 1.0116466596357141 2.1107138664934415 0.17638752312695025 55.669639344324075 1.9216435006311792 0.91306081359354441 0.039877672549818589 1737.0000000000002 0.73922906442883052
decision_type=2 2 2 8 2 2 2 2 2 2 2 2 2 2
left_child=1 6 3 4 -2 -4 11 9 -7 10 -3 13 -5 -1
right_child=2 7 5 12 -6 8 -8 -9 -10 -11 -12 -13 -14 -15
leaf_value=-0.0061023685218748345 0.021319763383715218 0.00073879790999807225 0.0056942769542458601 -0.0025161456434137147 0.0051223590428474191 0.018028639428283987 -0.0083461644232060237 0.011516510259469148 0.0039646608074870677 -0.0027658094530548572 0.008418735535034921 0.0012545143781042898 0.0042518863537836646 -0.0025851508764194609
leaf_weight=912 112 994 285 394 403 424 855 91 89 623 159 249 190 1138
leaf_count=912 112 994 285 394 403 424 855 91 89 623 159 249 190 1138
internal_value=0.000166527 -0.00275351 0.00784862 0.00432724 0.00932891 0.0124616 -0.00493272 0.000935883 0.0158478 0.000265968 0.00193188 -0.00359791 -0.000229782 -0.00419856
internal_weight=6918 5021 1897 1099 515 798 3154 1867 513 1776 1153 2299 584 2050
internal_count=6918 5021 1897 1099 515 798 3154 1867 513 1776 1153 2299 584 2050
is_linear=0
shrinkage=0.01


Tree=143
num_leaves=15
num_cat=0
split_feature=0 0 11 8 15 6 13 0 8 4 25 0 4 18
split_gain=1531.83 398.94 308.202 167.45 134.746 117.475 109.245 102.706 70.3031 67.6187 64.5559 58.3947 54.7235 48.8563
threshold=0.95233751168472891 0.842032939901037 0.024186181654504809 1697.5800000000002 2.1107138664934415 1.0913296216997865 7.6143717136279179 1.0991000212231081 15.556050000000001 0.039877672549818589 14.700000000000019 0.73922906442883052 -0.19301695093314705 -5.2735593669694928e-15
decision_type=2 2 2 2 2 2 2 2 2 2 8 2 2 8
left_child=1 4 6 5 9 -3 8 10 -2 11 -4 -1 -5 -10
right_child=2 3 7 12 -6 -7 -8 -9 13 -11 -12 -13 -14 -15
leaf_value=-0.0060426543652749012 0.0043139115865859726 -0.0012424550133946157 0.0039621168250901272 0.00042159957986957628 -0.0082646105362687797 0.0048850413954934623 -0.0030103799027319141 0.0095727300720603176 0.022617049650985779 0.0012429020416725525 -0.0031396788918683603 -0.0025597458706134182 0.015999667478665231 0.012724273017580532
leaf_weight=912 88 1378 789 33 855 383 32 302 107 249 135 1138 73 444
leaf_count=912 88 1378 789 33 855 383 32 302 107 249 135 1138 73 444
internal_value=0.000166592 -0.00272587 0.00777617 0.000928476 -0.00488441 0.000124492 0.0131632 0.0046558 0.0140551 -0.00356257 0.00286939 -0.00415746 0.012066 0.0153878
internal_weight=6918 5021 1897 1867 3154 1761 671 1226 639 2299 924 2050 106 551
internal_count=6918 5021 1897 1867 3154 1761 671 1226 639 2299 924 2050 106 551
is_linear=0
shrinkage=0.01


Tree=144
num_leaves=15
num_cat=0
split_feature=0 0 11 1 16 13 24 17 20 15 0 18 0 24
split_gain=1502.73 391.442 302.717 141.484 137.048 107.434 105.282 99.377 87.4128 79.6573 70.6254 69.3589 68.8112 65.4857
threshold=0.95233751168472891 0.842032939901037 0.024186181654504809 0.99377721258019591 1.7630835395910107 7.6143717136279179 28.408333333333363 6.0779542032790008 184.50999999999985 2.1107138664934415 1.0312035683578606 -5.2735593669694928e-15 1.0939888283275137 20.305833333333435
decision_type=2 2 2 2 2 2 8 2 10 2 2 8 2 8
left_child=1 3 5 -1 8 11 7 10 -3 -5 -4 -2 13 -13
right_child=2 4 6 9 -6 -7 -8 -9 -10 -11 -12 12 -14 -15
leaf_value=-0.0075077523471035867 0.021684636415236373 0.016674344869998265 0.003729590088794216 -0.0020534650103638959 -0.0013520605862641 -0.0029918545506034907 -0.0034413782812654971 -0.0050010909277132184 0.0030891545086691391 -0.0071708550075035727 0.0092125719833946341 0.0088791345670519075 0.015526741842347265 -0.0043519482157193127
leaf_weight=1214 112 33 553 1569 1091 32 130 67 743 371 476 253 244 30
leaf_count=1214 112 33 553 1569 1091 32 130 67 743 371 476 253 244 30
internal_value=0.000166438 -0.00269841 0.00770342 -0.00483659 0.00092137 0.0130423 0.00461091 0.00561953 0.00408388 -0.00310039 0.00640276 0.0139269 0.0115274 0.00724887
internal_weight=6918 5021 1897 3154 1867 671 1226 1096 776 1940 1029 639 527 283
internal_count=6918 5021 1897 3154 1867 671 1226 1096 776 1940 1029 639 527 283
is_linear=0
shrinkage=0.01


Tree=145
num_leaves=15
num_cat=0
split_feature=0 0 11 4 14 11 14 24 17 17 24 14 17 4
split_gain=1474.11 384.072 297.449 128.814 123.975 119.631 103.287 91.9227 88.7881 85.4011 78.9924 143.674 61.4061 58.4272
threshold=0.95233751168472891 0.842032939901037 0.024186181654504809 0.17638752312695025 0.2897988112382342 0.050249116269401366 55.669639344324075 17.80250000000002 1.9216435006311792 0.91306081359354441 17.425000000000018 17.596300554763893 1.2020718893160192 0.039877672549818589
decision_type=2 2 2 2 2 2 2 8 2 2 8 2 2 2
left_child=1 5 6 8 7 13 10 12 9 -3 -2 -12 -4 -1
right_child=2 3 4 -5 -6 -7 -8 -9 -10 -11 11 -13 -14 -15
leaf_value=-0.0035312218257853101 0.016544028151989111 0.00072048566965670995 0.010948910502218965 0.011367648605190151 0.0067584343118055369 -0.006621169645295767 0.0024542382851308374 -0.0030131166121112065 -0.0027308474901866628 0.008259638827190054 -0.0019999539058279388 0.01698074552675952 -0.0027429413612474474 0.0016815768954852087
leaf_weight=1238 444 994 81 91 820 1672 94 288 623 159 84 49 37 244
leaf_count=1238 444 994 81 91 820 1672 94 288 623 159 84 49 37 244
internal_value=0.00016604 -0.00267138 0.00763089 0.000914108 0.00456544 -0.00478934 0.0129231 3.40936e-06 0.00025229 0.00189177 0.0144725 0.00623318 0.00680792 -0.00265535
internal_weight=6918 5021 1897 1867 1226 3154 671 406 1776 1153 577 133 118 1482
internal_count=6918 5021 1897 1867 1226 3154 671 406 1776 1153 577 133 118 1482
is_linear=0
shrinkage=0.01


Tree=146
num_leaves=15
num_cat=0
split_feature=11 11 13 10 17 18 17 13 17 22 13 23 12 3
split_gain=1263.28 357.568 342.515 159.238 102.999 113.944 132.387 90.4032 108.718 65.4448 56.3848 49.4967 49.2897 42.2128
threshold=0.031227525781335946 0.019955804785169399 2.7433234191512939 -0.0065959595959595926 1.2020718893160192 -4.7739590058881723e-15 0.8625053431893106 1.0988292737062391 2.3004830204354181 294.36047038699604 7.844485726212854 38.500000000000036 0.013244546003979722 0.14076522515992798
decision_type=2 2 2 2 2 10 2 2 2 10 2 10 2 2
left_child=1 9 3 -2 5 6 -3 8 -5 -1 -4 12 -7 -14
right_child=2 4 10 7 -6 11 -8 -9 -10 -11 -12 -13 13 -15
leaf_value=0.014269197868429782 -0.0038431979817184574 0.0052657748446144981 -0.0086919536480217947 0.0015077521507320104 0.00056078678548708561 0.00051670537852635989 0.022415647702624223 0.0070735995732671151 -0.0048133614275001867 0.00068314531021901673 -0.0047441834515430806 -0.0032274660783318371 0.0030609555302087118 0.008471501538693884
leaf_weight=490 1010 140 645 1340 605 222 64 200 320 42 1118 71 313 338
leaf_count=490 1010 140 645 1340 605 222 64 200 320 42 1118 71 313 338
internal_value=0.000165996 0.00622083 -0.00283201 -0.000684534 0.00394775 0.00568397 0.0122118 0.00104797 0.000240476 0.0132783 -0.0062754 0.00403884 0.00470004 0.00605379
internal_weight=6918 2285 4633 2870 1753 1148 204 1860 1660 532 1763 944 873 651
internal_count=6918 2285 4633 2870 1753 1148 204 1860 1660 532 1763 944 873 651
is_linear=0
shrinkage=0.01


Tree=147
num_leaves=15
num_cat=0
split_feature=0 0 23 13 16 0 15 14 14 2 20 15 4 4
split_gain=1427.16 370.871 280.192 180.677 142.258 123.065 114.912 102.917 158.809 100.75 94.8319 70.6782 67.085 58.2082
threshold=0.95233751168472891 0.82738776433151928 38.500000000000036 3.0955143270297065 1.7630835395910107 0.99991071805842136 2.1107138664934415 14.32263354392177 55.669639344324075 0.39809874987786781 184.50999999999985 0.11665875592132696 0.039877672549818589 0.011938822430596159
decision_type=2 2 8 2 2 2 2 2 2 2 10 2 2 2
left_child=1 6 3 5 10 -2 12 9 -9 11 -3 -7 -1 -6
right_child=2 4 -4 -5 13 7 -8 8 -10 -11 -12 -13 -14 -15
leaf_value=-0.004220450791717705 0.0045632998425948722 0.016187748715024569 -0.0034812776896136779 -0.0017874307376332583 -0.0028593734054647136 0.022320530823879428 -0.0080784051164916292 0.016845510670035663 0.0028181107080895306 0.0050599659778680162 0.0027255380918341575 0.0062873805554894118 0.0014372735416876925 0.0018778127865540768
leaf_weight=1876 393 38 196 140 911 57 824 484 109 436 808 82 223 341
leaf_count=1876 393 38 196 140 911 57 824 484 109 436 808 82 223 341
internal_value=0.000165504 -0.00262635 0.00751054 0.00880864 0.000576699 0.00977587 -0.00491705 0.011415 0.0144595 0.00787788 0.00370166 0.0149056 -0.00360676 -0.00155203
internal_weight=6918 5021 1897 1701 2098 1561 2923 1168 593 575 846 139 2099 1252
internal_count=6918 5021 1897 1701 2098 1561 2923 1168 593 575 846 139 2099 1252
is_linear=0
shrinkage=0.01


Tree=148
num_leaves=15
num_cat=0
split_feature=11 1 11 15 4 20 18 10 10 1 7 1 16 16
split_gain=1220.49 430.42 263.11 193.065 140.089 105.283 109.947 65.0495 63.4934 61.4244 59.9118 50.802 62.6874 48.5941
threshold=0.028168050531988353 1.0644190644558809 0.019796903093877095 2.6415040341048548 -0.10452358061100366 208.04333333333338 -1.7208456881689924e-15 0.0043737373737373761 0.0064374226189282428 2.0273262943799168 1.0000000180025095e-35 0.92022727272727289 4.6546640841929419 0.048133985433956306
decision_type=2 2 2 2 2 10 8 2 2 2 2 2 2 2
left_child=2 11 13 4 9 6 -4 -7 10 -3 -6 -2 -13 -1
right_child=1 3 5 -5 8 7 -8 -9 -10 -11 -12 12 -14 -15
leaf_value=0.0010892616185758795 -0.0080341751043215386 -0.0020252593055808351 0.019700729725780068 -0.0069976333317248174 0.0031984421130280384 0.0018070833482264647 0.0042475855327211319 0.0074466648800639301 0.0096543660981927154 0.0051116889528930185 -0.0020515314398176503 -0.0015816693172413618 -0.006781746762131188 0.014101296284380997
leaf_weight=36 851 1408 71 348 1093 812 128 267 109 112 253 450 511 469
leaf_count=36 851 1408 71 348 1093 812 128 267 109 112 253 450 511 469
internal_value=0.000165628 -0.00231028 0.00724827 -0.000160708 0.00067709 0.00469345 0.0111023 0.00332183 0.00287811 -0.00143333 0.00218872 -0.00620211 -0.00443883 0.0132696
internal_weight=6918 5135 1783 3323 2975 1278 199 1079 1455 1520 1346 1812 961 505
internal_count=6918 5135 1783 3323 2975 1278 199 1079 1455 1520 1346 1812 961 505
is_linear=0
shrinkage=0.01


Tree=149
num_leaves=15
num_cat=0
split_feature=0 0 23 8 2 1 8 1 17 12 6 15 17 10
split_gain=1382.78 357.866 272.934 211.531 285.887 174.184 161.372 132.137 110.929 110.35 109.838 73.4282 57.8373 53.8539
threshold=0.95233751168472891 0.842032939901037 38.500000000000036 467.50860000000006 0.49995325348859482 1.4747468523983533 1697.5800000000002 0.99377721258019591 3.9907509541349477 0.019029298680714544 1.0913296216997865 2.1107138664934415 1.0048511714449184 -0.001463814158406254
decision_type=2 2 8 2 2 2 2 2 2 2 2 2 2 2
left_child=1 7 3 5 -5 12 10 -1 13 -6 -3 -9 -2 -7
right_child=2 6 -4 4 9 8 -8 11 -10 -11 -12 -13 -14 -15
leaf_value=-0.0072084074564345291 0.0038555855412501843 -0.0012323053902938087 -0.0034519341177548526 0.025276414204133849 0.010168795334784821 0.0040215619437396532 0.011811178841051602 -0.0019450982061318487 -0.0058469944222355784 -0.005929114491279636 0.0046927773636761738 -0.0068579069722581962 -0.003236321097342731 0.01147786569172894
leaf_weight=1214 330 1378 196 148 255 155 106 1569 33 36 383 371 152 592
leaf_count=1214 330 1378 196 148 255 155 106 1569 33 36 383 371 152 592
internal_value=0.000165121 -0.00258297 0.00739507 0.00867633 0.0146205 0.00640495 0.00087792 -0.0046274 0.00927292 0.00789192 8.89536e-05 -0.0029501 0.00155938 0.010089
internal_weight=6918 5021 1897 1701 439 1262 1867 3154 780 291 1761 1940 482 747
internal_count=6918 5021 1897 1701 439 1262 1867 3154 780 291 1761 1940 482 747
is_linear=0
shrinkage=0.01


Tree=150
num_leaves=15
num_cat=0
split_feature=0 0 23 9 9 5 1 16 18 17 16 9 0 17
split_gain=1356.32 351.097 267.87 168.373 156.282 148.809 129.51 128.554 102.327 87.4439 119.23 79.1873 71.0934 81.0493
threshold=0.95233751168472891 0.842032939901037 38.500000000000036 1421.0000000000002 2308.5000000000005 0.33338048553051575 0.99377721258019591 1.7630835395910107 -6.10622663543836e-16 1.028211211583139 0.13886068286039269 1159.0000000000002 1.2275875859730214 0.95452082597138055
decision_type=2 2 8 2 2 2 2 2 10 2 2 2 2 2
left_child=1 6 3 5 12 8 -1 11 -2 10 -10 -3 13 -5
right_child=2 7 -4 4 -6 -7 -8 -9 9 -11 -12 -13 -14 -15
leaf_value=-0.0071374916637220497 0.024113504864418735 0.010772497291925927 -0.0034206110370103961 0.0044885510750058196 0.011980453175201546 0.0033818339842636852 -0.0029215516671793756 -0.0013306306542112125 -0.00066484738086514616 0.0040303763374686238 0.020428748465221344 0.0023616600858437269 0.0095970694410656993 -0.0027451514581114883
leaf_weight=1214 123 122 196 489 332 131 1940 1091 31 123 111 654 156 205
leaf_count=1214 123 122 196 489 332 131 1940 1091 31 123 111 654 156 205
internal_value=0.000164467 -0.00255719 0.00732491 0.00859425 0.00630883 0.0133534 -0.0045822 0.000870759 0.0163648 0.0112933 0.0162485 0.00393399 0.00385758 0.00232075
internal_weight=6918 5021 1897 1701 1182 519 3154 1867 388 265 142 776 850 694
internal_count=6918 5021 1897 1701 1182 519 3154 1867 388 265 142 776 850 694
is_linear=0
shrinkage=0.01


Tree=151
num_leaves=15
num_cat=0
split_feature=1 2 4 15 20 1 20 15 22 3 2 1 2 25
split_gain=1023.94 351.978 333.003 161.718 174.934 118.141 118.102 125.833 88.4805 88.2816 71.2544 67.2029 65.4816 61.0694
threshold=1.222017241031695 0.5336070111703316 -1.0000000180025095e-35 0.66342063769317716 215.35999999999993 1.4836715159762048 184.50999999999985 0.18414119886488031 291.83484440927731 0.068982757200732506 0.41204688106060439 2.0000022500218573 0.30845825295648138 14.700000000000019
decision_type=2 2 2 2 10 2 8 2 10 2 2 2 2 10
left_child=1 6 3 4 -2 10 7 -1 9 -7 -4 -5 -8 -6
right_child=2 -3 5 11 13 8 12 -9 -10 -11 -12 -13 -14 -15
leaf_value=0.020989039616597781 0.011403636271390951 -0.0065283250649301088 0.0071189398009483505 -0.0019903065081315978 0.0030056647225294702 0.024425012541727888 0.0023971500296754693 -0.0039550398532734359 0.005654744483713281 0.010395350076166075 -0.00036383863845292265 0.0058801673954614435 -0.0022911685375912329 -0.0040374656446791933
leaf_weight=33 236 1971 247 1036 832 52 451 23 352 435 235 101 789 125
leaf_count=33 236 1971 247 1036 832 52 451 23 352 435 235 101 789 125
internal_value=0.000164954 -0.00388806 0.00379583 0.00149126 0.00403522 0.00777034 0.000157944 0.0122678 0.0100257 0.0128175 0.00358163 -0.00119297 -0.000567062 0.00201166
internal_weight=6918 3267 3651 2330 1193 1321 1296 56 839 487 482 1137 1240 957
internal_count=6918 3267 3651 2330 1193 1321 1296 56 839 487 482 1137 1240 957
is_linear=0
shrinkage=0.01


Tree=152
num_leaves=15
num_cat=0
split_feature=1 14 8 9 1 23 4 8 23 4 1 20 8 3
split_gain=1004.3 327.81 186.767 184.922 145.643 145.213 134.063 117.536 177.25 92.6496 85.4595 66.6652 52.6434 51.7958
threshold=1.222017241031695 14.32263354392177 25.537500000000005 1139.5000000000002 0.99377721258019591 26.700000000000021 -0.20953634728556197 343.06380000000007 33.900000000000041 -0.10452358061100366 1.4707619596039823 247.03833333333344 565.2225000000002 0.26668201496113791
decision_type=2 2 2 2 2 10 2 2 10 2 2 10 2 2
left_child=3 6 -3 5 -5 -1 -2 -8 11 -6 12 -9 -4 -10
right_child=1 2 10 4 9 -7 7 8 13 -11 -12 -13 -14 -15
leaf_value=0.014895351712166527 -0.002720695413349843 0.0025271941505897433 0.0020692455099536431 -0.0072912303864694581 -0.0049059182262428834 -0.00038995970864679744 0.00097094800352448432 0.016940153934167212 0.0058204866301651316 -0.00029312677609722284 0.012471241534775215 0.0064159394629342186 0.012861144253984094 -0.0028588797267487583
leaf_weight=61 562 483 203 1206 905 258 1184 121 87 837 607 188 44 172
leaf_count=61 562 483 203 1206 905 258 1184 121 87 837 607 188 44 172
internal_value=0.000165412 0.0037613 0.0076678 -0.00384853 -0.00463215 0.00320978 0.00145353 0.00281376 0.00647443 -0.00272371 0.0104394 0.0113467 0.00484852 0.000228986
internal_weight=6918 3651 1337 3267 2948 319 2314 1752 568 1742 854 309 247 259
internal_count=6918 3651 1337 3267 2948 319 2314 1752 568 1742 854 309 247 259
is_linear=0
shrinkage=0.01


Tree=153
num_leaves=15
num_cat=0
split_feature=1 10 2 9 15 8 24 8 15 20 1 6 9 17
split_gain=985.107 347.01 342.221 210.777 177.874 175.37 167.006 102.66 99.6852 116 81.7211 80.0537 144.129 161.137
threshold=1.222017241031695 -0.0018084721950417484 0.5336070111703316 1421.0000000000002 0.66342063769317716 683.67465000000004 17.316666666666794 565.2225000000002 0.71201123510302999 215.35999999999993 1.043160096093547 0.99991965424749385 1119.5000000000002 1.5968596935021619
decision_type=2 2 2 2 2 2 10 2 2 10 2 2 2 2
left_child=2 8 5 11 7 10 -7 -5 9 -2 -1 -3 -13 -14
right_child=1 3 -4 4 -6 6 -8 -9 -10 -11 -12 12 13 -15
leaf_value=-0.004266406740415514 0.0097384101641017923 0.0049935562688728221 -0.006413427507767939 0.0051720629853430379 -0.00043387464633501096 0.024107725717393415 0.0016629658782455539 0.014436758646503992 -0.0027788979003816484 0.00012462389984996936 0.0010419566426567671 0.0091056202949085802 0.0314101025958856 0.0035098061670682263
leaf_weight=464 148 182 1971 1035 546 36 92 129 719 507 704 285 64 36
leaf_count=464 148 182 1971 1035 546 36 92 129 719 507 704 285 64 36
internal_value=0.000165415 0.0037268 -0.00380998 0.00610489 0.00425551 0.000179119 0.0104479 0.00643379 -0.000238074 0.0025359 -0.00109475 0.0113303 0.0139067 0.0237083
internal_weight=6918 3651 3267 2277 1710 1296 128 1164 1374 655 1168 567 385 100
internal_count=6918 3651 3267 2277 1710 1296 128 1164 1374 655 1168 567 385 100
is_linear=0
shrinkage=0.01


Tree=154
num_leaves=15
num_cat=0
split_feature=13 6 9 15 20 17 19 9 15 7 15 7 13 25
split_gain=842.655 465.02 205.24 189.425 246.509 128.437 131.233 135.32 100.183 86.548 106.888 75.025 75.6031 74.6921
threshold=1.7970476720112285 0.99408016698551205 1422.5000000000002 0.85862809997822187 214.08166666666676 1.7974634398405598 332.15000000000009 1119.5000000000002 1.9093632691144744 1.0000000180025095e-35 0.090469444658597367 1.0000000180025095e-35 0.28911826515832101 1.8000000000000116
decision_type=2 2 2 2 8 2 10 2 2 2 2 2 2 10
left_child=1 3 5 4 9 6 7 -3 -2 10 -1 12 -6 -4
right_child=8 2 13 -5 11 -7 -8 -9 -10 -11 -12 -13 -14 -15
leaf_value=0.017046382122908731 -0.003180654664854809 0.011689169715509427 0.0068337984818536493 -0.0029514451660077289 0.00049370771411221405 0.002171586692954103 -0.0009671793567369981 0.028644876669906082 -0.0076782279151637383 -0.0029742561783641574 0.0048308421288621832 -0.0052684228143141587 0.0072136922387504264 0.0013380341670465666
leaf_weight=146 1345 207 610 1089 1483 97 38 80 831 40 171 176 170 435
leaf_count=146 1345 207 610 1089 1483 97 38 80 831 40 171 176 170 435
internal_value=0.000166483 0.00253062 0.0071688 0.000419064 0.00211422 0.0129545 0.0158314 0.0180063 -0.00495709 0.00947993 0.0111644 0.000584118 0.00126877 0.00462357
internal_weight=6918 4742 1467 3275 2186 422 325 287 2176 357 317 1829 1653 1045
internal_count=6918 4742 1467 3275 2186 422 325 287 2176 357 317 1829 1653 1045
is_linear=0
shrinkage=0.01


Tree=155
num_leaves=15
num_cat=0
split_feature=0 0 23 13 9 5 6 9 1 18 15 18 15 1
split_gain=1263.62 394.042 231.852 164.502 172.071 144.29 134.045 127.309 119.657 87.8276 77.0413 82.3954 68.1301 59.5015
threshold=0.97583605898174486 0.842032939901037 38.500000000000036 7.0372227372629608 1435.0000000000002 0.33100892270012672 1.4290195941402677 2308.5000000000005 0.99377721258019591 -6.10622663543836e-16 1.1434965732581579 -1.2767564783189299e-14 2.1107138664934415 1.3738982065710672
decision_type=2 2 8 2 2 2 2 2 2 10 2 10 2 2
left_child=1 8 3 4 5 9 10 -6 -1 -2 11 -3 -10 -9
right_child=2 6 -4 -5 7 -7 -8 13 12 -11 -12 -13 -14 -15
leaf_value=-0.0068569116255440534 0.027076418698449768 0.0087661717553342983 -0.0034112718943837129 -0.0024669287182757112 0.0044403440038539663 0.0048009847270419998 0.011201984083219882 0.0018521484272140596 -0.0018364072956994371 0.012897121883446777 -0.0030832102509401344 0.00079630434295821766 -0.0065676925800826468 0.014616061362662707
leaf_weight=1214 101 123 149 102 592 117 104 52 1569 208 451 1524 371 241
leaf_count=1214 101 123 149 102 592 117 104 52 1569 208 451 1524 371 241
internal_value=0.000166497 -0.00214426 0.00802319 0.00926671 0.0102105 0.0154586 0.00109357 0.00738744 -0.00440058 0.0189264 0.000486716 0.00149553 -0.00280409 0.0126458
internal_weight=6918 5356 1562 1413 1311 426 2202 885 3154 309 2098 1647 1940 293
internal_count=6918 5356 1562 1413 1311 426 2202 885 3154 309 2098 1647 1940 293
is_linear=0
shrinkage=0.01


Tree=156
num_leaves=15
num_cat=0
split_feature=0 0 0 4 17 1 2 8 2 8 15 12 8 12
split_gain=1240.36 386.64 156.483 128.576 123.263 122.393 92.2817 112.998 84.8006 141.534 71.6757 69.757 55.4081 54.6799
threshold=0.97583605898174486 0.84614411598135286 1.0939888283275137 0.17638752312695025 3.558134459055815 0.99377721258019591 0.53714848479107813 25.715700000000002 0.45998622308543341 343.06380000000007 2.1107138664934415 0.010189681340000189 29.165400000000002 0.022172092927509827
decision_type=2 2 2 2 2 2 2 2 2 2 2 2 2 2
left_child=1 5 6 8 -4 -1 7 -2 9 -3 -7 -8 -5 -9
right_child=2 3 4 12 -6 10 11 13 -10 -11 -12 -13 -14 -15
leaf_value=-0.006776582561290957 0.0011791290156303225 0.0011890477862970827 0.015178879006454498 0.0020128189395847065 0.0050163096954715459 -0.0017636185718466193 0.0093909442934184094 0.014692848017308073 -0.0011860505879725369 0.012480947853940907 -0.0065698193454572671 -0.0002360691397613361 0.016971856546653827 0.0054928899405870665
leaf_weight=1223 174 753 394 50 211 1637 74 193 1155 112 375 364 51 152
leaf_count=1223 174 753 394 50 211 1637 74 193 1155 112 375 364 51 152
internal_value=0.000166654 -0.00212273 0.00795071 0.00118585 0.0119245 -0.004289 0.00523562 0.0080206 0.000575005 0.00291143 -0.00272017 0.00170764 0.0112058 0.01119
internal_weight=6918 5356 1562 2121 605 3235 957 519 2020 865 2012 438 101 345
internal_count=6918 5356 1562 2121 605 3235 957 519 2020 865 2012 438 101 345
is_linear=0
shrinkage=0.01


Tree=157
num_leaves=15
num_cat=0
split_feature=1 10 2 9 15 8 15 20 22 20 15 8 9 2
split_gain=925.707 327.748 323.706 199.147 167.578 97.7045 93.6158 110.452 80.62 77.7096 72.6185 65.2839 64.0104 87.8924
threshold=1.222017241031695 -0.0018084721950417484 0.40086810340136408 1421.0000000000002 0.66342063769317716 565.2225000000002 0.71201123510302999 215.35999999999993 294.36047038699604 179.46333333333413 0.72674210440156994 1697.5800000000002 1165.5000000000002 0.41495434659455482
decision_type=2 2 2 2 2 2 2 10 10 8 2 2 2 2
left_child=2 6 9 8 5 -5 7 -2 12 -1 11 -4 13 -3
right_child=1 3 10 4 -6 -7 -8 -9 -10 -11 -12 -13 -14 -15
leaf_value=0.015318142640881422 0.0094823494117285707 0.018538234042195238 -0.0039826144509474189 0.005016627808991969 -0.00041855316296226619 0.014052872756189799 -0.0026961027418171257 0.00010174730012968246 0.0034570279802867004 0.0011012145583113959 -0.0068034877121677592 0.0045138280936381191 0.022281461164355278 0.0067207328835966387
leaf_weight=21 148 87 866 1035 546 129 719 507 134 764 1533 83 65 281
leaf_count=21 148 87 866 1035 546 129 719 507 134 764 1533 83 65 281
internal_value=0.000166979 0.00361934 -0.00368667 0.0059305 0.00413267 0.00624698 -0.00023369 0.0024543 0.0110099 0.00186509 -0.00544744 -0.00315136 0.0130694 0.0103519
internal_weight=6918 3651 3267 2277 1710 1164 1374 655 567 785 2482 949 433 368
internal_count=6918 3651 3267 2277 1710 1164 1374 655 567 785 2482 949 433 368
is_linear=0
shrinkage=0.01


Tree=158
num_leaves=15
num_cat=0
split_feature=0 0 14 24 15 14 15 10 17 18 11 17 24 20
split_gain=1200.83 373.243 240.01 179.623 170.409 146.796 113.277 102.833 84.7615 73.1725 79.2145 73.0539 82.24 66.0741
threshold=0.97583605898174486 0.84614411598135286 14.32263354392177 17.56083333333336 0.11665875592132696 55.669639344324075 2.1107138664934415 0.0048155140660995919 1.2020718893160192 -2.4813484600372246e-14 0.032605189010684155 0.83288092306986494 15.94500000000002 118.83666666666618
decision_type=2 2 2 8 2 2 2 2 2 10 2 2 10 10
left_child=1 6 3 4 13 9 -1 8 11 -4 -11 -3 -13 -2
right_child=2 7 5 -5 -6 -7 -8 -9 -10 10 -12 12 -14 -15
leaf_value=-0.0030363771623465458 0.0011325131120478236 0.00056437309168557738 8.2097860899838542e-05 -0.00018370910881756328 0.0044963899794131963 0.0024071141535558613 -0.0073134812608729961 0.0069011577972187066 -0.0024723257756296742 0.016776989051418376 0.0033380988733955176 0.014306932614891084 0.0022578638229115403 0.022327977474963314
leaf_weight=2376 21 942 35 456 315 137 859 253 672 454 63 71 183 81
leaf_count=2376 21 942 35 456 315 137 859 253 672 454 63 71 183 81
internal_value=0.000167895 -0.0020847 0.00782692 0.00417738 0.00875938 0.0121887 -0.00421312 0.00116598 0.000319044 0.0144298 0.0153433 0.00191053 0.00646087 0.0189472
internal_weight=6918 5356 1562 873 417 689 3235 2121 1868 552 517 1196 254 102
internal_count=6918 5356 1562 873 417 689 3235 2121 1868 552 517 1196 254 102
is_linear=0
shrinkage=0.01


Tree=159
num_leaves=15
num_cat=0
split_feature=11 11 8 19 9 9 2 5 12 8 8 8 13 2
split_gain=1029.35 333.615 282.719 197.132 124.726 174.774 121.789 93.1482 78.6457 71.7039 71.0064 69.9152 63.0676 61.7905
threshold=0.028168050531988353 0.049367376820980059 467.50860000000006 289.4500000000001 1393.5000000000002 1165.5000000000002 0.33357726690579381 0.24542062276281557 0.011130594959556159 38.272050000000007 42.876900000000013 22.897350000000007 2.9727379293480429 0.3939656776874309
decision_type=2 2 2 10 2 2 2 2 2 2 2 2 2 2
left_child=2 6 4 7 5 9 11 -4 -9 -1 13 -2 -3 -6
right_child=1 12 3 -5 10 -7 -8 8 -10 -11 -12 -13 -14 -15
leaf_value=-0.00074544314884586449 0.0005355473507152891 -0.0030502253850140798 0.025168111387874698 0.003635998005216772 0.0042486676239143839 0.024725371425943998 -0.0008534714694812416 0.016063365668501004 0.0011588593944907189 0.010755394114465971 0.0053033930299503478 0.0080805857259441498 -0.0066630549876409975 -0.0022699318710610252
leaf_weight=101 241 926 123 145 221 48 2534 81 62 88 568 244 1190 346
leaf_count=101 241 926 123 145 221 48 2534 81 62 88 568 244 1190 346
internal_value=0.000168077 -0.00210563 0.00667257 0.0137968 0.00436368 0.0107109 3.06964e-05 0.018659 0.0105977 0.00507839 0.00286712 0.0045209 -0.00513006 0.000311983
internal_weight=6918 5135 1783 411 1372 237 3019 266 143 189 1135 485 2116 567
internal_count=6918 5135 1783 411 1372 237 3019 266 143 189 1135 485 2116 567
is_linear=0
shrinkage=0.01


Tree=160
num_leaves=15
num_cat=0
split_feature=10 13 6 21 15 15 22 23 9 2 15 2 10 23
split_gain=851.971 354.964 191.346 165.538 135.605 114.551 89.8752 85.6212 105.947 99.293 80.6344 66.4286 57.4034 44.4654
threshold=-0.0035168599367061851 2.9727379293480429 1.4625644631932502 195.97857142857566 0.099644470158808562 1.7719830012759441 293.28077104173525 38.200000000000024 1470.5000000000002 0.52927032279051767 0.7884743464677626 0.57052901532172917 -0.010675408952707438 20.400000000000038
decision_type=2 2 2 10 2 2 10 10 2 2 2 2 2 8
left_child=5 2 3 4 -2 12 -4 8 9 -5 -10 -11 -1 -14
right_child=1 -3 6 7 -6 -7 -8 -9 10 11 -12 -13 13 -15
leaf_value=-0.0046193897885979888 0.018583042203910709 -0.0028706582442024038 0.015832312539574647 0.012014371996799609 0.005074584157008565 -0.0070600391010874151 0.0032545314481017234 -0.003187031275937292 0.0031586999851200134 -0.0043423999001846667 -0.0020400898435155605 0.0058116432587226284 0.0071330167257016713 -0.0015773170230873172
leaf_weight=828 107 797 190 227 244 870 98 203 1634 74 347 195 42 1062
leaf_count=828 107 797 190 227 244 870 98 203 1634 74 347 195 42 1062
internal_value=0.000168936 0.00306024 0.0044961 0.00369835 0.00999929 -0.0040663 0.0120741 0.00280146 0.00331784 0.00738153 0.00223177 0.00287653 -0.00265454 -0.00111602
internal_weight=6918 4116 3319 3031 351 2802 288 2680 2477 496 1981 269 1932 1104
internal_count=6918 4116 3319 3031 351 2802 288 2680 2477 496 1981 269 1932 1104
is_linear=0
shrinkage=0.01


Tree=161
num_leaves=15
num_cat=0
split_feature=0 0 14 14 6 16 15 16 11 6 14 5 19 14
split_gain=1153.21 356.083 230.22 142.064 122.312 116.303 106.759 87.0874 67.0755 62.6097 61.0147 58.1418 124.12 55.7004
threshold=0.97583605898174486 0.84614411598135286 14.32263354392177 55.669639344324075 1.4290195941402677 2.8530516606538474 2.1107138664934415 1.7775561589630364 0.032605189010684155 1.0771435153643016 34.142921061825412 0.24542062276281557 282.85000000000008 0.2897988112382342
decision_type=2 2 2 2 2 2 2 2 2 2 2 2 8 2
left_child=1 6 5 8 7 11 9 10 -4 -1 -3 12 -2 -13
right_child=2 4 3 -5 -6 -7 -8 -9 -10 -11 -12 13 -14 -15
leaf_value=-0.0035614192119979671 0.014079976656276328 0.0039627553157609062 0.015420795715609087 0.0023294804001132113 0.010908651352467493 -0.0036032497074767324 -0.0071284411904540884 -0.0013247388332723682 0.0032712575130511164 0.0013937467120185094 -0.0026570317688575712 -0.001488974733234746 0.0010482377774554165 0.0057082672914297418
leaf_weight=2100 173 757 486 137 101 147 859 1110 66 276 153 157 126 270
leaf_count=2100 173 757 486 137 101 147 859 1110 66 276 153 157 126 270
internal_value=0.000168549 -0.00203891 0.00767419 0.0119464 0.0011361 0.0040992 -0.00411784 0.000540412 0.0141508 -0.00297482 0.0028058 0.00572698 0.00902971 0.00309138
internal_weight=6918 5356 1562 689 2121 873 3235 2020 552 2376 910 726 299 427
internal_count=6918 5356 1562 689 2121 873 3235 2020 552 2376 910 726 299 427
is_linear=0
shrinkage=0.01


Tree=162
num_leaves=15
num_cat=0
split_feature=0 0 14 14 23 15 4 15 16 19 18 2 14 4
split_gain=1131.38 349.208 225.774 139.293 128.529 181.135 120.3 104.704 85.3725 79.4069 71.5346 69.2603 71.9684 63.0851
threshold=0.97583605898174486 0.84614411598135286 14.32263354392177 55.669639344324075 31.400000000000038 0.11665875592132696 0.17638752312695025 2.1107138664934415 1.7775561589630364 119.55000000000003 -2.4813484600372246e-14 0.4667717636802648 43.693793768979596 0.039877672549818589
decision_type=2 2 2 2 8 2 2 2 2 10 10 2 2 2
left_child=1 7 4 10 5 9 8 13 11 -2 -4 12 -3 -1
right_child=2 6 3 -5 -6 -7 -8 -9 -10 -11 -12 -13 -14 -15
leaf_value=-0.0035235744598491126 0.0016905097697268833 0.0077029534612156163 0 0.0023091531312093138 0.00089457574729985881 0.0036867748434066443 0.010817595856064115 -0.0070587787356183145 -0.0013117259143371612 0.02438972687326282 0.01491888120376767 8.7630427808636023e-05 -0.0015570718782643479 0.0015155868441229913
leaf_weight=2109 24 334 35 137 534 252 101 859 1110 63 517 476 100 267
leaf_count=2109 24 334 35 137 534 252 101 859 1110 63 517 476 100 267
internal_value=0.000167998 -0.00201846 0.00760228 0.0118331 0.00406173 0.00869508 0.00112571 -0.00407723 0.000534908 0.0197078 0.014016 0.00277792 0.00557268 -0.00294521
internal_weight=6918 5356 1562 689 873 339 2121 3235 2020 87 552 910 434 2376
internal_count=6918 5356 1562 689 873 339 2121 3235 2020 87 552 910 434 2376
is_linear=0
shrinkage=0.01


Tree=163
num_leaves=15
num_cat=0
split_feature=11 8 1 20 1 10 15 9 9 10 7 15 1 15
split_gain=965.721 351.728 289.133 234.155 213.372 128.083 128.004 115.662 122.391 87.0482 81.5881 61.002 55.1194 64.3081
threshold=0.031227525781335946 467.50860000000006 1.1126624102327247 215.35999999999993 1.4747468523983533 -0.0016484827113621111 0.63853026695589155 1421.0000000000002 1165.5000000000002 0.0050390008728311087 1.0000000180025095e-35 0.53559369914270161 0.92022727272727289 0.2284559759333932
decision_type=2 2 2 10 2 2 2 2 2 2 2 2 2 2
left_child=1 4 12 -3 -1 -5 11 8 -6 -8 -9 -4 -2 -14
right_child=2 3 6 5 7 -7 9 10 -10 -11 -12 -13 13 -15
leaf_value=6.2992709915641066e-05 -0.0072173990369915507 0.022719973015506368 0.0013826817066537702 -0.0052784976679576589 0.0070822056004755107 0.010069431519122716 -0.0025737929732508455 0.0069586862228503549 0.025381296164158622 0.0079759514960179839 -0.00036657118232564091 0.0079848792558612179 0.0004926008947133023 -0.0049335560954646271
leaf_weight=945 838 151 886 53 146 264 1457 465 46 63 215 151 272 966
leaf_count=945 838 151 886 53 146 264 1457 465 46 63 215 151 272 966
internal_value=0.000167971 0.00546201 -0.00245316 0.0130318 0.00338618 0.00731272 -0.000190673 0.0068942 0.0134944 -0.00203214 0.00468403 0.0024864 -0.00520667 -0.00374455
internal_weight=6918 2285 4633 468 1817 317 2557 872 192 1520 680 1037 2076 1238
internal_count=6918 2285 4633 468 1817 317 2557 872 192 1520 680 1037 2076 1238
is_linear=0
shrinkage=0.01


Tree=164
num_leaves=15
num_cat=0
split_feature=0 0 23 8 1 1 1 0 16 20 13 11 10 11
split_gain=1093.55 337.327 211.531 151.356 120.541 116.88 112.215 110.114 100.512 116.462 82.1072 59.1069 52.9556 52.5231
threshold=0.97583605898174486 0.84614411598135286 38.500000000000036 467.50860000000006 1.5006751295101186 1.565363505207215 0.99377721258019591 1.1489346958962472 1.7630835395910107 184.50999999999985 13.972206031358414 0.082105679167964907 0.0048401778799731917 0.022290684228495783
decision_type=2 2 8 2 2 2 2 2 2 10 2 2 2 2
left_child=1 6 3 4 -2 -5 -1 13 9 -3 -6 -8 -10 -7
right_child=2 8 -4 5 10 7 11 -9 12 -11 -12 -13 -14 -15
leaf_value=-0.0063855217138870249 0.0015383227649045754 0.016861664152914478 -0.0034276125904950366 0.021148755829664148 0.0096238737191256425 0.0081431445436535681 -0.0017718781821074725 0.017452722528814961 -0.0016862867253720861 0.0025179511830361713 -0.0050017159637839852 -0.0066937580781292697 0.0042725407778039228 -0.0017638390718234908
leaf_weight=1223 356 42 149 139 632 93 1739 77 1020 905 28 273 154 88
leaf_count=1223 356 42 149 139 632 93 1739 77 1020 905 28 273 154 88
internal_value=0.000168359 -0.00198121 0.00747729 0.00866597 0.00638329 0.0138975 -0.00400467 0.00871437 0.00110893 0.00350003 0.00885983 -0.00250394 -0.000837786 0.0035805
internal_weight=6918 5356 1562 1413 1016 397 3235 258 2121 947 660 2012 1174 181
internal_count=6918 5356 1562 1413 1016 397 3235 258 2121 947 660 2012 1174 181
is_linear=0
shrinkage=0.01


Tree=165
num_leaves=15
num_cat=0
split_feature=1 2 4 9 7 9 13 2 1 8 9 20 24 2
split_gain=819.848 291.121 274.546 196.01 144.795 142.353 118.82 107.512 142.22 99.3417 91.2829 72.3992 69.3127 64.1744
threshold=1.222017241031695 0.40086810340136408 -1.0000000180025095e-35 1421.0000000000002 1.0000000180025095e-35 1119.5000000000002 2.406057576325757 0.4667717636802648 1.6107776467851871 38.272050000000007 1701.5000000000002 179.46333333333413 17.920833333333363 0.59222171686325853
decision_type=2 2 2 2 2 2 2 2 2 2 2 8 10 2
left_child=1 11 4 5 7 9 -7 -2 -9 -4 -5 -1 -12 -3
right_child=2 13 3 10 -6 6 -8 8 -10 -11 12 -13 -14 -15
leaf_value=0.014791707541884445 0.0076897016225960279 -0.0026478375708229199 0.00098549492286623152 -0.00095417345086252505 -0.0051278984262975629 0.028104709743157676 0.0023095810661713282 -0.00071664570381376261 0.0052601135756303301 0.012905754189877237 0.0076588175884172759 0.0010675701003388636 -7.554969183452751e-05 -0.0062297878122071224
leaf_weight=21 292 787 122 233 284 72 28 1177 577 163 562 764 141 1695
leaf_count=21 292 787 122 233 284 72 28 1177 577 163 562 764 141 1695
internal_value=0.000168256 -0.00345831 0.00341728 0.00702614 0.00132458 0.0129091 0.0225541 0.00226605 0.00128098 0.00823506 0.00437643 0.00180551 0.00613453 -0.00512825
internal_weight=6918 3267 3651 1321 2330 385 100 2046 1754 285 936 785 703 2482
internal_count=6918 3267 3651 1321 2330 385 100 2046 1754 285 936 785 703 2482
is_linear=0
shrinkage=0.01


Tree=166
num_leaves=15
num_cat=0
split_feature=0 0 23 13 9 4 9 2 2 16 16 2 20 0
split_gain=1057.75 324.742 206.638 145.196 158.214 115.715 111.216 103.215 103.781 85.0292 80.3503 80.073 69.2012 57.4054
threshold=0.97583605898174486 0.84614411598135286 38.500000000000036 7.0372227372629608 1440.5000000000002 0.17638752312695025 2308.5000000000005 0.53714848479107813 0.57052901532172917 0.30163190899318998 1.7775561589630364 0.52366507439476917 186.90499999999963 1.2774659182036892
decision_type=2 2 8 2 2 2 2 2 2 2 2 2 10 2
left_child=1 11 3 4 7 10 13 9 -9 -2 12 -1 -3 -6
right_child=2 5 -4 -5 6 -7 -8 8 -10 -11 -12 -13 -14 -15
leaf_value=-0.00085574618025550009 0.00091159269612814701 0.012797571062110364 -0.0034180846570346221 -0.0024661844368779758 0.0019926249393277889 0.010591465569108971 0.011630637251679747 -0.0025843495631616719 0.012157297363376309 0.02323417911593469 -0.0012842517074844512 -0.0047446177386968368 0.0018807338796578072 0.0091093339423643314
leaf_weight=688 22 44 149 102 448 101 293 51 212 142 1110 2547 866 143
leaf_count=688 22 44 149 102 448 101 293 51 212 142 1110 2547 866 143
internal_value=0.000168477 -0.0019456 0.0073568 0.00853183 0.00941922 0.00108629 0.00672319 0.0144278 0.0092827 0.0207186 0.000506946 -0.00393097 0.0026832 0.00397278
internal_weight=6918 5356 1562 1413 1311 2121 884 427 263 164 2020 3235 910 591
internal_count=6918 5356 1562 1413 1311 2121 884 427 263 164 2020 3235 910 591
is_linear=0
shrinkage=0.01


Tree=167
num_leaves=15
num_cat=0
split_feature=11 1 8 1 2 23 2 1 22 8 5 11 2 1
split_gain=908.38 322.456 256.076 189.332 163.642 157.409 152.183 126.244 118.526 108.225 79.9024 79.9592 76.1922 56.743
threshold=0.028168050531988353 1.0644190644558809 467.50860000000006 1.4836715159762048 0.51897828074894059 31.500000000000032 0.66540616186462409 2.0273262943799168 290.0095832340034 175.94505000000004 0.18607238457091174 0.018754143899312303 0.31047488699253961 1.3440888421699875
decision_type=2 2 2 2 2 10 2 2 10 2 2 2 2 2
left_child=2 12 3 -1 9 6 -4 13 -7 -3 -5 -12 -2 -6
right_child=1 4 5 10 7 8 -8 -9 -10 -11 11 -13 -14 -15
leaf_value=3.9009303352191252e-05 0.00070179101280460883 0.0013641609003406769 0.022408900527716286 0.011611256894833069 -0.0041164255934137087 -0.0041319637310031493 0.0043567549192099547 0.0049799177651274878 0.011624651386430769 0.0091010099801230801 0.012664560518246524 0.0022871364149497824 -0.006012021727178617 -0.00064271274951831648
leaf_weight=635 181 964 178 279 1063 76 78 229 79 207 78 380 1631 860
leaf_count=635 181 964 178 279 1063 76 78 229 79 207 78 380 1631 860
internal_value=0.000168809 -0.00196706 0.0062792 0.00408283 -0.000106316 0.0130582 0.0176591 -0.00174202 0.00425241 0.00287008 0.0074607 0.00453134 -0.00533558 -0.00259067
internal_weight=6918 5135 1783 1372 3323 411 256 2152 155 1171 737 458 1812 1923
internal_count=6918 5135 1783 1372 3323 411 256 2152 155 1171 737 458 1812 1923
is_linear=0
shrinkage=0.01


Tree=168
num_leaves=15
num_cat=0
split_feature=0 0 14 14 23 15 4 1 16 18 11 2 14 15
split_gain=1021.72 312.784 209.038 132.662 120.523 170.051 112.251 107.06 78.0901 68.9559 71.399 67.2402 69.6574 61.8544
threshold=0.97583605898174486 0.84614411598135286 14.32263354392177 55.669639344324075 31.400000000000038 0.11665875592132696 0.17638752312695025 0.99377721258019591 1.7775561589630364 -2.4813484600372246e-14 0.032605189010684155 0.4667717636802648 43.693793768979596 0.73496548222687585
decision_type=2 2 2 2 8 2 2 2 2 10 2 2 2 2
left_child=1 7 4 9 5 -2 8 -1 11 -4 -11 12 -3 -9
right_child=2 6 3 -5 -6 -7 -8 13 -10 10 -12 -13 -14 -15
leaf_value=-0.0061820840756993288 0.018980994161879906 0.0074919852583786193 0 0.0020458883732248833 0.00076623089289602016 0.0034713125325266875 0.010428658150567496 -0.00041886943508618642 -0.0012695156420922046 0.015677226289933871 0.002990110112601016 0 -0.0016069639582807819 -0.0039539059776574547
leaf_weight=1223 87 334 35 137 534 252 101 903 1110 454 63 476 100 1109
leaf_count=1223 87 334 35 137 534 252 101 903 1110 454 63 476 100 1109
internal_value=0.000169116 -0.00190863 0.00723397 0.0113039 0.0038294 0.00831522 0.00106684 -0.00385711 0.000496191 0.0134323 0.0143188 0.0026417 0.00539499 -0.00239202
internal_weight=6918 5356 1562 689 873 339 2121 3235 2020 552 517 910 434 2012
internal_count=6918 5356 1562 689 873 339 2121 3235 2020 552 517 910 434 2012
is_linear=0
shrinkage=0.01


Tree=169
num_leaves=15
num_cat=0
split_feature=0 1 23 2 8 2 1 11 1 13 12 2 11 6
split_gain=1002.72 254.443 220.401 169.521 162.428 260.472 142.786 97.9298 95.6257 73.2858 60.194 53.4461 52.1323 48.2141
threshold=0.95233751168472891 1.0229439658752715 38.500000000000036 0.40913190078935552 467.50860000000006 0.49995325348859482 1.4747468523983533 0.022290684228495783 1.3938870531139111 13.972206031358414 0.016743634544630823 0.66698420351978605 0.018953767980624581 1.4625644631932502
decision_type=2 2 8 2 2 2 2 2 2 2 2 2 2 2
left_child=1 -1 4 10 6 -6 -2 -7 11 12 -3 -5 -8 -10
right_child=2 3 -4 8 5 7 9 -9 13 -11 -12 -13 -14 -15
leaf_value=-0.0055808598009150761 0.0011159678775653895 0.011673195491818819 -0.00339892660349573 -0.0015029890050646997 0.022788940563775777 0.011625550910045046 0.014514933000073622 0.00026640824169259182 7.2825386357274632e-05 -0.0048307491702084641 0.0024852341882932918 -0.0049228191866522051 0.0070397068510278009 0.007602473998540327
leaf_weight=1507 482 65 196 1059 148 146 132 145 843 29 634 838 619 75
leaf_count=1507 482 65 196 1059 148 146 132 145 843 29 634 838 619 75
internal_value=0.000168852 -0.00217116 0.00632568 -0.000682755 0.0074785 0.0126848 0.00548998 0.00637877 -0.00178145 0.00808492 0.00365447 -0.00305451 0.008709 0.000847637
internal_weight=6918 5021 1897 3514 1701 439 1262 291 2815 780 699 1897 751 918
internal_count=6918 5021 1897 3514 1701 439 1262 291 2815 780 699 1897 751 918
is_linear=0
shrinkage=0.01


Tree=170
num_leaves=15
num_cat=0
split_feature=11 1 8 1 23 6 1 22 9 9 8 13 23 18
split_gain=862.629 305.387 244.74 180.953 150.584 133.407 126.319 115.835 82.639 98.6005 73.776 59.6618 70.7252 59.1433
threshold=0.028168050531988353 1.0644190644558809 467.50860000000006 1.4836715159762048 31.500000000000032 0.72915588659210784 1.8570023986559181 290.0095832340034 1421.0000000000002 1165.5000000000002 36.914400000000008 2.9727379293480429 38.500000000000036 2.2000000000000353
decision_type=2 2 2 2 10 2 2 10 2 2 2 2 10 10
left_child=2 -2 3 -1 6 -3 13 -6 9 -5 -7 12 -12 -4
right_child=1 5 4 8 7 10 -8 -9 -10 -11 11 -13 -14 -15
leaf_value=2.3183746824133431e-05 -0.0051905974028652385 -0.0026049092815862433 0.024410391425782885 0.0069011678798534216 -0.0041388457170978658 -0.00041530824027262875 0.0056953795146573024 0.011431705487346408 0.0050126784164620485 0.023973473338853746 0.0055954360091389618 -0.0015900258509243287 -0.0026220247603396273 0.0036851381195916071
leaf_weight=635 1812 1285 142 139 76 1018 89 79 555 43 726 186 108 25
leaf_count=635 1812 1285 142 139 76 1018 89 79 555 43 726 186 108 25
internal_value=0.00016892 -0.00191244 0.00612347 0.00397636 0.0127506 -0.000101545 0.0172504 0.00413948 0.00727861 0.0129585 0.00148199 0.00335676 0.00448311 0.0220872
internal_weight=6918 5135 1783 1372 411 3323 256 155 737 182 2038 1020 834 167
internal_count=6918 5135 1783 1372 411 3323 256 155 737 182 2038 1020 834 167
is_linear=0
shrinkage=0.01


Tree=171
num_leaves=15
num_cat=0
split_feature=11 9 13 20 17 9 11 6 20 2 9 7 2 9
split_gain=847.961 285.326 243.935 157.753 147.124 141.521 125.34 123.983 75.3488 67.8833 55.7418 53.9595 60.2056 47.5211
threshold=0.031227525781335946 1413.5000000000002 2.7433234191512939 195.06833333333319 1.028211211583139 1165.5000000000002 0.018754143899312303 0.93208559089700993 272.61833333333351 0.4667717636802648 924.00000000000011 1.0000000180025095e-35 0.35161204681593566 1421.0000000000002
decision_type=2 2 2 10 2 2 2 2 10 2 2 2 2 2
left_child=1 3 7 9 5 8 -3 -2 -5 -1 -10 12 -8 -4
right_child=2 6 13 4 -6 -7 11 -9 10 -11 -12 -13 -14 -15
leaf_value=0.027918899277975032 -0.0016101554516860424 0.0092487178382519349 -0.0068005689619860489 0.00016649502030802223 0.0019433415539105794 0.026108781359533765 0.0073281708063037175 0.0032766616345347404 0.016951021334020103 0.0095548032819244427 5.160909780162446e-06 -0.0020404744315065297 0.0015319651878709156 -0.0033412089616105169
leaf_weight=57 2214 248 912 86 246 47 209 656 62 75 27 284 944 851
leaf_count=57 2214 248 912 86 246 47 209 656 62 75 27 284 944 851
internal_value=0.000169283 0.0051301 -0.00228678 0.0109541 0.00761084 0.0131701 0.00294623 -0.000474763 0.00732243 0.0201807 0.0128461 0.00173964 0.00269818 -0.00519255
internal_weight=6918 2285 4633 600 468 222 1685 2870 175 132 89 1437 1153 1763
internal_count=6918 2285 4633 600 468 222 1685 2870 175 132 89 1437 1153 1763
is_linear=0
shrinkage=0.01


Tree=172
num_leaves=15
num_cat=0
split_feature=0 0 14 14 8 2 1 10 2 0 20 17 2 11
split_gain=961.976 323.495 213.985 126.205 101.529 178.914 100.479 99.6735 93.5892 82.799 88.0542 60.3219 57.2529 55.1634
threshold=0.99509915263651261 0.84614411598135286 14.32263354392177 55.669639344324075 1697.5800000000002 0.52927032279051767 0.99377721258019591 0.0044627709697246439 0.284891078339157 1.2774659182036892 176.8666666666663 2.2113558189280655 0.80029209663403367 0.032605189010684155
decision_type=2 2 2 2 2 2 2 2 2 2 8 2 2 2
left_child=1 6 8 13 7 -6 -1 11 -2 10 -10 -3 -8 -4
right_child=2 4 3 -5 5 -7 12 -9 9 -11 -12 -13 -14 -15
leaf_value=-0.0059828297857252083 0.012918487836186793 0.00067652593731494298 0.015107544686995511 0.0017291368638711552 0.01742654436198755 -0.00045209861155731462 -0.001302624934426717 0.0053813936116410737 0.011007731764669149 0.0086959542713382042 -0.00086409364239282136 -0.0033622091432716911 -0.0052032809870998023 0.0028847242340546203
leaf_weight=1223 82 1269 448 110 81 121 1516 326 51 145 498 498 496 54
leaf_count=1223 82 1269 448 110 81 121 1516 326 51 145 498 498 496 54
internal_value=0.000170278 -0.00170156 0.00755331 0.0119123 0.00116143 0.0075961 -0.00373038 0.000469654 0.00389003 0.00247728 0.000569329 -0.00048102 -0.00231089 0.0139728
internal_weight=6918 5530 1388 612 2295 202 3235 2093 776 694 549 1767 2012 502
internal_count=6918 5530 1388 612 2295 202 3235 2093 776 694 549 1767 2012 502
is_linear=0
shrinkage=0.01


Tree=173
num_leaves=15
num_cat=0
split_feature=0 0 14 4 14 1 16 8 20 20 8 4 7 7
split_gain=944.348 317.392 209.602 140.017 123.751 98.4857 89.6934 89.6685 121.644 77.287 81.9152 63.2044 50.3445 50.0748
threshold=0.99509915263651261 0.84614411598135286 14.32263354392177 0.17638752312695025 55.669639344324075 0.99377721258019591 2.8530516606538474 1697.5800000000002 258.63333333333344 204.34666666666632 1697.5800000000002 -0.10968045648422688 1.0000000180025095e-35 1.0000000180025095e-35
decision_type=2 2 2 2 2 2 2 2 10 8 2 2 2 2
left_child=1 5 6 7 12 -1 9 11 -9 -2 -11 -3 -4 -13
right_child=2 3 4 -5 -6 -7 -8 8 -10 10 -12 13 -14 -15
leaf_value=-0.0059239641610787375 0.012994448845892881 -0.0027233008988122205 0.014917816902056083 0.010962989863796827 0.0017145056765025051 -0.0022884689073899202 -0.0037249341349610511 0.016150274205593819 0.00057111712679109694 0.0060478225923358076 -0.0019052871893897342 0.0018962645846632847 0.0029877372376926961 -0.0032369908015141141
leaf_weight=1223 93 625 449 117 110 2012 116 63 134 392 175 1149 53 207
leaf_count=1223 93 625 449 117 110 2012 116 63 134 392 175 1149 53 207
internal_value=0.000170295 -0.00168431 0.00748537 0.00115152 0.0117998 -0.0036939 0.00385924 0.000524946 0.00662869 0.00527727 0.00359484 -0.000137228 0.0138402 0.00106972
internal_weight=6918 5530 1388 2295 612 3235 776 2178 197 660 567 1981 502 1356
internal_count=6918 5530 1388 2295 612 3235 776 2178 197 660 567 1981 502 1356
is_linear=0
shrinkage=0.01


Tree=174
num_leaves=15
num_cat=0
split_feature=0 0 14 6 14 15 2 2 9 9 0 18 6 10
split_gain=926.425 311.419 205.583 137.623 121.411 92.0835 91.8325 83.3912 88.5252 93.6648 80.6069 85.312 54.3554 51.5935
threshold=0.99509915263651261 0.84614411598135286 14.32263354392177 1.4290195941402677 48.659852916307571 2.1107138664934415 0.284891078339157 0.45998622308543341 1278.5000000000002 1119.5000000000002 1.2774659182036892 -1.2378986724570494e-14 1.0771435153643016 -0.0029886274564971962
decision_type=2 2 2 2 2 2 2 2 2 2 2 8 2 2
left_child=1 5 6 7 13 12 -2 8 9 -3 11 -8 -1 -4
right_child=2 3 4 -5 -6 -7 10 -9 -10 -11 -12 -13 -14 -15
leaf_value=-0.0031453033800466559 0.012765788262728237 -0.0010993675358061279 -0.00033872267276775547 0.010869364404275906 0.0033913159787388788 -0.0064509818363225934 0.010502150454123815 -0.0011602744868865287 0.0013443047898621025 0.014874299889499391 0.008560914634190727 -0.00091149054685107467 0.0014638311908591376 0.014928516611750972
leaf_weight=2100 82 50 21 117 155 859 55 1246 794 88 145 494 276 436
leaf_count=2100 82 50 21 117 155 859 55 1246 794 88 145 494 276 436
internal_value=0.000170017 -0.00166689 0.00741535 0.00114209 0.0116883 -0.0036575 0.00382389 0.000520849 0.00275602 0.00961689 0.00242536 0.000543331 -0.00259798 0.0142212
internal_weight=6918 5530 1388 2295 612 3235 776 2178 932 138 694 549 2376 457
internal_count=6918 5530 1388 2295 612 3235 776 2178 932 138 694 549 2376 457
is_linear=0
shrinkage=0.01


Tree=175
num_leaves=15
num_cat=0
split_feature=11 1 8 20 1 2 1 8 19 19 9 9 2 15
split_gain=795.661 283.596 228.005 204.72 171.227 148.041 114.06 100.802 80.408 82.6808 78.5791 97.1823 69.3521 58.9697
threshold=0.028168050531988353 1.0644190644558809 467.50860000000006 215.35999999999993 1.4836715159762048 0.51897828074894059 2.0273262943799168 175.94505000000004 211.55000000000004 298.9500000000001 1421.0000000000002 1165.5000000000002 0.31047488699253961 2.6415040341048548
decision_type=2 2 2 10 2 2 2 2 10 10 2 2 2 2
left_child=2 12 4 -4 -1 7 13 -3 -5 -10 11 -6 -2 -7
right_child=1 5 3 8 10 6 -8 -9 9 -11 -12 -13 -14 -15
leaf_value=0 0.00076198660407159752 0.0012939738063342829 0.021963782792538408 -0.0063643913805742367 0.0066034924780141637 -0.0016685588674526775 0.0047486903236423393 0.0087604047415782149 0.01382351311828409 0.0023005740357677803 0.0048226987549265764 0.023458660091199571 -0.005633313255363411 -0.006546488686434173
leaf_weight=635 181 964 130 27 139 1642 229 207 120 134 555 43 1631 281
leaf_count=635 181 964 130 27 139 1642 229 207 120 134 555 43 1631 281
internal_value=0.000170237 -0.00182867 0.005889 0.0122854 0.0038167 -8.35573e-05 -0.0016396 0.00274717 0.0066128 0.00839263 0.00702893 0.0125636 -0.00498769 -0.00244655
internal_weight=6918 5135 1783 411 1372 3323 2152 1171 281 254 737 182 1812 1923
internal_count=6918 5135 1783 411 1372 3323 2152 1171 281 254 737 182 1812 1923
is_linear=0
shrinkage=0.01


Tree=176
num_leaves=15
num_cat=0
split_feature=1 10 17 9 15 18 17 9 9 22 16 15 1 9
split_gain=690.185 244.917 174.774 160.304 129.422 92.3361 89.4356 80.8813 78.4002 111.317 74.2546 72.9723 68.0309 69.4696
threshold=1.222017241031695 -0.0018084721950417484 2.323547636242187 1421.0000000000002 0.66342063769317716 -1.0547118733938985e-15 1.028211211583139 1165.5000000000002 1139.5000000000002 287.04500000000007 2.6176773208787179 0.71201123510302999 1.4348253652655798 2311.0000000000005
decision_type=2 2 2 2 2 8 2 2 2 10 2 2 2 2
left_child=2 11 8 5 12 -3 7 10 9 -1 -7 -2 -5 -14
right_child=1 3 -4 4 -6 6 -8 -9 -10 -11 -12 -13 13 -15
leaf_value=0.013680789666811386 0.0021935176558893917 0.016748867207267263 -0.0054583991004930566 0.0018430179144646884 -0.00045598225308748382 -0.0031492509206079624 0.0017054034928826564 0.021966239758606614 -0.0018158471622730405 0 0.0099919924990020011 -0.002353656378899813 0.0048985446692263604 0.011849373816334188
leaf_weight=63 655 134 1628 392 546 46 204 38 1366 210 145 719 557 215
leaf_count=63 655 134 1628 392 546 46 204 38 1366 210 145 719 557 215
internal_value=0.000170564 0.00315167 -0.0031568 0.00514955 0.0035389 0.00970393 0.00685846 0.0109031 -0.000826378 0.00387646 0.00678118 -0.000178427 0.00539729 0.0070973
internal_weight=6918 3651 3267 2277 1710 567 433 229 1639 273 191 1374 1164 772
internal_count=6918 3651 3267 2277 1710 567 433 229 1639 273 191 1374 1164 772
is_linear=0
shrinkage=0.01


Tree=177
num_leaves=15
num_cat=0
split_feature=0 0 23 4 17 9 9 5 15 17 17 23 9 12
split_gain=883.552 296.254 187.608 132.917 119.643 94.5741 101.694 92.3708 87.2737 73.8651 64.5788 75.4319 62.3733 59.646
threshold=0.99509915263651261 0.84614411598135286 38.300000000000018 0.17638752312695025 6.0779542032790008 1440.5000000000002 2308.5000000000005 0.29173112564031273 2.1107138664934415 1.9216435006311792 0.82167983554609447 29.600000000000026 1462.0000000000002 0.010189681340000189
decision_type=2 2 8 2 2 2 2 2 2 2 2 10 2 2
left_child=1 8 4 9 5 7 -7 -2 -1 10 -3 12 -12 -9
right_child=2 3 -4 -5 -6 6 -8 13 -10 -11 11 -13 -14 -15
leaf_value=-0.0025327469417409675 0.016533192762715331 0.00051548078719997168 -0.0037579112780292997 0.010676238603182953 -0.0049618704641126365 0.0040232896247334718 0.011711373234608849 0.01126553200185299 -0.0062842906593367359 -0.0021198519065407286 0.019947473256116999 0.0022303342689985049 0.0033589150351233401 -0.00077066361031029372
leaf_weight=2376 262 1104 128 117 51 545 265 61 859 702 36 278 58 76
leaf_count=2376 262 1104 128 117 51 545 265 61 859 702 36 278 58 76
internal_value=0.000170968 -0.00162291 0.00724668 0.00111672 0.00841367 0.0090576 0.00677217 0.0131286 -0.00356447 0.00050617 0.00177346 0.00526452 0.0121847 0.00527723
internal_weight=6918 5530 1388 2295 1260 1209 810 399 3235 2178 1476 372 94 137
internal_count=6918 5530 1388 2295 1260 1209 810 399 3235 2178 1476 372 94 137
is_linear=0
shrinkage=0.01


Tree=178
num_leaves=15
num_cat=0
split_feature=0 0 14 24 14 15 1 17 20 15 20 15 10 22
split_gain=866.729 290.825 193.717 150.078 117.498 95.8957 93.0061 92.017 117.866 105.557 58.6862 56.2843 54.844 50.9739
threshold=0.99509915263651261 0.84614411598135286 14.32263354392177 17.56083333333336 55.669639344324075 0.11665875592132696 0.99377721258019591 1.9216435006311792 184.50999999999985 0.11665875592132696 118.83666666666618 0.73496548222687585 -0.0062370046183893137 290.29024759717504
decision_type=2 2 2 8 2 2 2 2 8 2 10 2 2 10
left_child=1 6 3 5 -4 10 -1 8 9 -3 -2 -8 -10 -5
right_child=2 7 4 13 -6 -7 11 -9 12 -11 -12 -13 -14 -15
leaf_value=-0.0056959360433601544 0.00016381232113372987 0.022562258901724697 0.01331380803379769 -0.0076164596010043859 0.0015283334385961867 0.0044732541113702302 -0.00028485318226619943 -0.0017574455240193499 -0.0039361384271687228 -0.00098209395680738535 0.019305501662670296 -0.0036538751273266674 0.002427279814054066 0.0010516771884300771
leaf_weight=1223 21 33 502 64 110 286 903 739 131 26 74 1109 1366 331
leaf_count=1223 21 33 502 64 110 286 903 739 131 26 74 1109 1366 331
internal_value=0.000171012 -0.0016057 0.00717905 0.00369297 0.0113267 0.00800561 -0.0035294 0.00110867 0.00248127 0.0144383 0.0159255 -0.00216444 0.00181928 -0.000628058
internal_weight=6918 5530 1388 776 612 381 3235 2295 1556 59 95 2012 1497 395
internal_count=6918 5530 1388 776 612 381 3235 2295 1556 59 95 2012 1497 395
is_linear=0
shrinkage=0.01


Tree=179
num_leaves=15
num_cat=0
split_feature=0 0 14 14 8 19 1 25 13 15 15 1 5 1
split_gain=850.381 285.308 189.846 115.323 94.3309 150.664 91.1732 66.2177 76.8171 64.8883 55.1793 45.3728 48.025 46.6437
threshold=0.99509915263651261 0.84614411598135286 14.32263354392177 48.659852916307571 1697.5800000000002 260.4500000000001 0.99377721258019591 10.00000000000003 7.844485726212854 2.6415040341048548 0.73496548222687585 1.0386729304379201 0.14288228456440244 1.4836715159762048
decision_type=2 2 2 2 2 10 2 8 2 2 2 2 2 2
left_child=1 6 7 -4 9 -6 -1 8 -2 11 -8 -3 13 -13
right_child=2 4 3 -5 5 -7 10 -9 -10 -11 -12 12 -14 -15
leaf_value=-0.0056398931757372954 0.0060244741709864959 -0.0042926702429266538 0.01368450594130724 0.0031569445860439118 0.017282221031271749 0.00036508404012573396 -0.00028206637357477651 -0.003053810968851814 -0.0040015969901224194 -0.005529850473311464 -0.0036179836698112485 0.0023801947751127036 0.00039738459185962866 0.010528563943077275
leaf_weight=1223 594 133 457 155 70 132 903 110 72 148 1109 385 1353 74
leaf_count=1223 594 133 457 155 70 132 903 110 72 148 1109 385 1353 74
internal_value=0.00017048 -0.00158938 0.00711212 0.0112183 0.00109908 0.00730132 -0.00349476 0.00366066 0.00484093 0.000432314 -0.00214323 0.000942745 0.00137515 0.00409951
internal_weight=6918 5530 1388 612 2295 202 3235 776 666 2093 2012 1945 1812 459
internal_count=6918 5530 1388 612 2295 202 3235 776 666 2093 2012 1945 1812 459
is_linear=0
shrinkage=0.01


Tree=180
num_leaves=15
num_cat=0
split_feature=0 13 23 8 8 1 6 5 1 9 6 20 0 0
split_gain=833.891 217.053 195.561 193.039 138.602 127.099 122.563 94.6612 86.757 79.0476 74.6325 69.3959 64.1945 61.8586
threshold=0.95233751168472891 0.40974298840601092 38.500000000000036 36.914400000000008 467.50860000000006 1.4747468523983533 1.4881370504453442 0.33338048553051575 1.1662456041777161 1421.0000000000002 1.2001537305020842 216.51166666666668 0.96071471621380733 1.1256357623709283
decision_type=2 2 8 2 2 2 2 2 2 2 2 8 2 2
left_child=1 3 4 -1 5 -2 11 12 -3 -7 -10 -5 -6 -9
right_child=2 8 -4 6 7 9 -8 13 10 -11 -12 -13 -14 -15
leaf_value=-0.0020780984836017056 0.00091320657272418715 -0.0056116604740844194 -0.0033639485206179045 0.0082128626850626156 -0.00041628662886661154 0.013628498230841054 0.018094636684114283 -0.0003790888774806891 -0.0025010694342723983 0.0055287823003297536 0.0072282360873088761 0.0012500459018393219 0.016183366101856035 0.011922650465598473
leaf_weight=1634 482 1483 196 159 23 158 35 103 846 622 67 797 268 45
leaf_count=1634 482 1483 196 159 23 158 35 103 846 622 67 797 268 45
internal_value=0.000169566 -0.00196429 0.00578426 2.2465e-05 0.00687103 0.00503415 0.00346844 0.0116803 -0.00412723 0.00748169 -0.00163673 0.0025629 0.0148968 0.00427586
internal_weight=6918 5021 1897 2625 1701 1262 991 439 2396 780 913 956 291 148
internal_count=6918 5021 1897 2625 1701 1262 991 439 2396 780 913 956 291 148
is_linear=0
shrinkage=0.01


Tree=181
num_leaves=15
num_cat=0
split_feature=1 4 13 8 8 14 20 15 20 1 1 23 7 1
split_gain=634.627 239.43 145.315 171.079 126.244 140.85 101.775 71.3422 106.843 64.4794 57.1908 49.0722 45.9451 59.4256
threshold=1.188344594594595 -0.11682583480647406 0.40974298840601092 1697.5800000000002 25.715700000000002 17.596300554763893 206.61499999999981 0.71201123510302999 215.35999999999993 0.79937254460433382 1.9282211600461028 37.60000000000003 1.0000000180025095e-35 1.4747468523983533
decision_type=2 2 2 2 2 2 10 2 10 2 2 10 2 2
left_child=2 7 3 -1 12 6 -6 8 -2 -5 -9 -11 13 -3
right_child=1 4 -4 9 5 -7 -8 10 -10 11 -12 -13 -14 -15
leaf_value=-0.0022037202053280156 0.0085719478689134116 0.00057370744923349948 -0.0054096429178565834 -0.0035166223466639285 0.012801656498387458 0.010716411535707864 0.0030405599594826162 -0.0034710516342669933 -0.00038775949983386462 0.015266542671799508 0.0045542533982328133 0.0015765074227864927 -0.0023748205351876096 0.0065143693675843127
leaf_weight=1258 158 462 1553 26 105 494 996 689 514 78 83 45 204 253
leaf_count=1258 158 462 1553 26 105 494 996 689 514 78 83 45 204 253
internal_value=0.000169877 0.00278469 -0.00331842 -0.000959723 0.00463719 0.00632672 0.00419216 -0.000452967 0.00189125 0.00850195 -0.00250238 0.0112489 0.00162193 0.00280946
internal_weight=6918 3958 2960 1407 2514 1595 1101 1444 672 149 772 123 919 715
internal_count=6918 3958 2960 1407 2514 1595 1101 1444 672 149 772 123 919 715
is_linear=0
shrinkage=0.01


Tree=182
num_leaves=15
num_cat=0
split_feature=1 10 2 1 8 8 23 14 2 2 14 23 22 2
split_gain=622.355 258.088 192.776 134.496 106.767 104.217 94.4814 88.8582 79.7855 73.7812 65.8409 51.7674 48.0036 44.7123
threshold=1.188344594594595 -0.0018084721950417484 0.40086810340136408 1.4747468523983533 175.94505000000004 683.67465000000004 35.200000000000024 14.32263354392177 0.41957181501395008 0.46864102392308843 55.669639344324075 37.60000000000003 295.3562173793959 0.45776370705203945
decision_type=2 2 2 2 2 2 10 2 2 2 2 10 10 2
left_child=2 9 5 4 13 -1 -6 8 12 -2 -9 -7 -5 -3
right_child=1 3 -4 7 6 11 -8 10 -10 -11 -12 -13 -14 -15
leaf_value=-0.00014689162577963651 0.0060188212480006996 0.0027124939344998107 -0.0046727618028486176 0.013096349571759884 0.012507482893010485 0.016612739291836005 -0.0012068368413153737 0.010651826449215593 0.0017313339262895022 -0.0011854930418391261 0.0025701547003396863 0.00034928295474786027 -0.0013191810527513194 -0.0016610397918873357
leaf_weight=609 138 449 2278 97 138 41 67 595 475 1388 143 32 23 445
leaf_count=609 138 449 2278 97 138 41 67 595 475 1388 143 32 23 445
internal_value=0.00016954 0.00275896 -0.00328485 0.00476889 0.00210989 0.00133781 0.00827194 0.00689015 0.00379278 -0.000458086 0.00920819 0.0111994 0.0104682 0.00053586
internal_weight=6918 3958 2960 2432 1099 682 205 1333 595 1526 738 73 120 894
internal_count=6918 3958 2960 2432 1099 682 205 1333 595 1526 738 73 120 894
is_linear=0
shrinkage=0.01


Tree=183
num_leaves=15
num_cat=0
split_feature=11 8 20 1 1 5 11 4 5 11 17 1 14 25
split_gain=699.623 267.859 216.728 211.784 160.437 110.725 93.3176 87.0642 85.1022 74.9938 73.0982 57.5761 56.2505 68.8038
threshold=0.031227525781335946 467.50860000000006 215.35999999999993 1.1804479644969272 1.4747468523983533 0.33338048553051575 0.016004421638187955 -0.013766901651606876 0.18607238457091174 0.018754143899312303 2.2898224954208262 2.3445961115821716 55.669639344324075 -3.0999999999999654
decision_type=2 2 10 2 2 2 2 2 2 2 2 2 2 10
left_child=1 4 -3 10 -1 -4 -7 11 12 -10 -2 -5 13 -6
right_child=3 2 5 7 8 6 -8 -9 9 -11 -12 -13 -14 -15
leaf_value=0 -0.0019393540140790031 0.020533275975034255 0.0094167272873767992 -0.001126121414283233 -0.0011208980492851202 0.0077508769114062468 -0.0095309140275304134 0.00462731214202105 0.011534092464313216 0.0018141621594342883 -0.0054484001216260416 0.0061274639255980146 0.0022053809717297555 0.014776703733767342
leaf_weight=945 1063 151 226 1651 27 33 58 359 78 504 1463 97 80 183
leaf_count=945 1063 151 226 1651 27 33 58 359 78 504 1463 97 80 183
internal_value=0.000169489 0.00467562 0.0112809 -0.00206133 0.00286457 0.00588694 -0.00290644 0.000276876 0.00590638 0.00347336 -0.00400247 -0.000653188 0.0102178 0.0127695
internal_weight=6918 2285 468 4633 1817 317 91 2107 872 582 2526 1748 290 210
internal_count=6918 2285 468 4633 1817 317 91 2107 872 582 2526 1748 290 210
is_linear=0
shrinkage=0.01


Tree=184
num_leaves=15
num_cat=0
split_feature=1 6 2 9 23 8 8 9 2 8 8 5 1 23
split_gain=599.479 227.863 187.595 137.501 141.445 125.282 101.477 86.5809 134.323 178.899 87.316 85.2092 62.9625 64.3922
threshold=1.188344594594595 0.79078986070391533 0.40086810340136408 1421.0000000000002 38.200000000000024 188.69580000000005 683.67465000000004 1119.5000000000002 0.51897828074894059 59.616450000000007 38.272050000000007 0.28310769728522361 2.0273262943799168 25.900000000000038
decision_type=2 2 2 2 10 2 2 2 2 2 2 2 2 8
left_child=2 12 6 4 7 -5 -1 10 -9 -10 -3 -12 13 -2
right_child=1 3 -4 5 -6 -7 -8 8 9 -11 11 -13 -14 -15
leaf_value=-0.00012656250663008393 0.0036578002272328303 0.00028151339060574209 -0.0045899427018512937 0.0018187543262063747 -0.0029626375370776481 0.008406034528416359 0.011069646747682684 0.023320649668182196 0.018702095253714201 -0.0044306799733922599 0.014669578002813535 0.0012436857578965526 0.0053340965931951761 -0.0021690554999736294
leaf_weight=609 209 139 2278 1541 83 343 73 94 38 64 136 76 147 1088
leaf_count=609 209 139 2278 1541 83 343 73 94 38 64 136 76 147 1088
internal_value=0.000169547 0.00271094 -0.00322074 0.00451816 0.00852085 0.00309898 0.00133885 0.010324 0.0156069 0.00575856 0.00666471 0.0104218 -0.000447325 -0.00118123
internal_weight=6918 3958 2960 2514 630 1884 682 547 196 102 351 212 1444 1297
internal_count=6918 3958 2960 2514 630 1884 682 547 196 102 351 212 1444 1297
is_linear=0
shrinkage=0.01


Tree=185
num_leaves=15
num_cat=0
split_feature=10 20 4 16 16 3 7 3 10 14 14 20 14 19
split_gain=570.609 236.173 160.273 135.244 133.999 84.5414 80.4437 77.6763 76.6645 72.785 69.8702 57.0831 80.5908 53.0503
threshold=-0.0035168599367061851 206.61499999999981 0.11222887959688031 0.99271977835340131 0.36466965826878145 0.079297809377651754 1.0000000180025095e-35 -0.077348882973083025 -0.016122052790899222 15.890343137194366 0.2897988112382342 311.69166666666689 49.282620024754095 334.9500000000001
decision_type=2 8 2 2 2 2 2 2 2 2 2 8 2 10
left_child=8 3 5 4 -2 -3 10 -4 -1 -5 -7 12 13 -9
right_child=1 2 7 9 -6 6 -8 11 -10 -11 -12 -13 -14 -15
leaf_value=-0.0053411012475949879 -0.0012823870694454837 -0.002013771544898282 -0.0015309869605770782 -0.0017009900842816378 0.021270968678924775 -0.00050235122418194401 -0.0028202023071323607 0.012598522882865466 -0.0019194450534686471 0.0093239585459818988 0.00362183099509751 -5.9628318622708322e-05 0.0022689889492829539 -0.0018720341673711452
leaf_weight=1101 29 776 101 101 115 556 313 304 1701 107 1466 80 147 21
leaf_count=1101 29 776 101 101 115 556 313 304 1701 107 1466 80 147 21
internal_value=0.000170049 0.0025364 0.00177153 0.0101534 0.0170655 0.000805045 0.00175523 0.00620041 -0.0032958 0.00424703 0.00248907 0.00763658 0.00891075 0.0115802
internal_weight=6918 4116 3764 352 144 3111 2335 653 2802 208 2022 552 472 325
internal_count=6918 4116 3764 352 144 3111 2335 653 2802 208 2022 552 472 325
is_linear=0
shrinkage=0.01


Tree=186
num_leaves=15
num_cat=0
split_feature=0 2 8 23 15 17 6 24 0 8 2 2 8 17
split_gain=764.152 259.209 209.448 170.141 129.521 111.223 85.0657 73.9817 73.0472 66.4767 158.169 68.8411 60.913 54.8326
threshold=0.99509915263651261 0.45998622308543341 1697.5800000000002 38.300000000000018 2.6415040341048548 6.0779542032790008 1.4290195941402677 17.316666666666794 0.73922906442883052 467.50860000000006 0.49995325348859482 0.57514629374640547 24.973650000000003 0.25948945066592116
decision_type=2 2 2 8 2 2 2 10 2 2 2 2 2 2
left_child=1 2 12 5 6 9 8 -4 -3 13 -11 -12 -1 -2
right_child=3 4 7 -5 -6 -7 -8 -9 -10 10 11 -13 -14 -15
leaf_value=-0.00060393004260936203 0.010202832289131282 -0.0044997465511041092 0.024899293553829194 -0.0037149445871142925 -0.0060332777671777849 -0.004988890555129767 0.0061184491579001415 0.0055003475563393705 -0.0010946747063646605 0.020900246974292169 -0.0019934170129766436 0.0093900531840232591 0.0037058455988071186 0.0044785407477158715
leaf_weight=865 280 893 30 128 933 51 111 61 2136 121 61 191 501 556
leaf_count=865 280 893 30 128 933 51 111 61 2136 121 61 191 501 556
internal_value=0.000169128 -0.00149907 0.00209666 0.00674946 -0.00279174 0.00786176 -0.00179331 0.0153198 -0.00212476 0.00848434 0.0121292 0.0066538 0.00100019 0.00660104
internal_weight=6918 5530 1457 1388 4073 1260 3140 91 3029 1209 373 252 1366 836
internal_count=6918 5530 1457 1388 4073 1260 3140 91 3029 1209 373 252 1366 836
is_linear=0
shrinkage=0.01


Tree=187
num_leaves=15
num_cat=0
split_feature=11 15 9 18 11 9 9 9 14 9 9 9 5 3
split_gain=657.925 224.261 169.246 140.578 111.083 89.3825 80.4283 70.5405 64.0375 63.7748 45.0705 90.348 100.63 47.492
threshold=0.028168050531988353 2.6415040341048548 1393.5000000000002 -2.9420910152566644e-15 0.069283449343102183 2299.5000000000005 1165.5000000000002 1119.5000000000002 28.652605846613188 2311.0000000000005 1908.0000000000002 1676.0000000000002 0.097189706632341957 -1.0000000180025095e-35
decision_type=2 2 2 10 2 2 2 2 2 2 2 2 2 2
left_child=2 4 3 7 10 -4 -5 -1 9 -7 11 12 13 -2
right_child=1 -3 5 6 -6 8 -8 -9 -10 -11 -12 -13 -14 -15
leaf_value=0.005861185219357995 0.00061641022562980657 -0.0058755844617539108 0.00064170227109548977 0.0043717974384245659 -0.004889881528711895 0.0039923850942459958 0.017688148580491544 0.024630690488316447 0.0010883942699833175 0.012087878407177483 -0.0019440721576274159 0.003592943273420717 -0.0011287911990312514 0.011365088504748513
leaf_weight=48 78 990 641 341 510 242 39 72 204 196 873 735 1870 79
leaf_count=48 78 990 641 341 510 242 39 72 204 196 873 735 1870 79
internal_value=0.000169232 -0.00164835 0.00536958 0.0102239 -0.000612938 0.00334225 0.00657955 0.0191042 0.00592264 0.00800652 7.86658e-06 0.000637961 -0.00045328 0.00675453
internal_weight=6918 5135 1783 500 4145 1283 380 120 642 438 3635 2762 2027 157
internal_count=6918 5135 1783 500 4145 1283 380 120 642 438 3635 2762 2027 157
is_linear=0
shrinkage=0.01


Tree=188
num_leaves=15
num_cat=0
split_feature=0 2 8 1 11 1 6 0 22 19 2 8 8 12
split_gain=740.392 252.128 205.233 173.597 115.285 86.5079 85.7691 70.565 65.8266 63.5963 61.519 66.1592 48.3047 40.8401
threshold=0.99509915263651261 0.45998622308543341 1697.5800000000002 1.2663919143891391 0.039153429752138071 1.0571192145352233 1.4290195941402677 1.0939888283275137 290.69908111180365 332.15000000000009 0.56533670819515536 25.715700000000002 24.159150000000004 0.027214429677328126
decision_type=2 2 2 2 2 2 2 2 10 8 2 2 2 2
left_child=1 2 5 13 7 -1 -5 9 -4 10 11 -2 -7 -3
right_child=4 3 8 6 -6 12 -8 -9 -10 -11 -12 -13 -14 -15
leaf_value=-0.0029181058402719369 0.0015032423537636756 -0.0032652545844694065 0.024109752715802658 -0.00080478923280497255 6.9429716585498109e-05 0.00063642734451060587 0.0084475224736477381 0.01065052152984523 0.005544015668332577 -0.0030136395360089163 0.0017503461905651622 0.01138111761790475 0.0051328456622876453 -0.0060265123996088403
leaf_weight=385 102 1455 31 1545 227 578 87 529 60 68 205 257 403 986
leaf_count=385 102 1455 31 1545 227 578 87 529 60 68 205 257 403 986
internal_value=0.000169704 -0.00147234 0.00207384 -0.00274726 0.00664693 0.000988416 -0.000209207 0.00790155 0.0151632 0.00532913 0.00642088 0.0088284 0.00255922 -0.00442459
internal_weight=6918 5530 1457 4073 1388 1366 1632 1161 91 632 564 359 981 2441
internal_count=6918 5530 1457 4073 1388 1366 1632 1161 91 632 564 359 981 2441
is_linear=0
shrinkage=0.01


Tree=189
num_leaves=15
num_cat=0
split_feature=0 0 14 24 14 8 21 15 15 15 20 11 18 9
split_gain=726.063 244.024 171.776 136.3 106.611 87.7128 138.757 85.7628 73.2395 58.7521 58.3861 48.8396 45.4892 43.8782
threshold=0.99509915263651261 0.84614411598135286 14.32263354392177 17.56083333333336 55.669639344324075 1697.5800000000002 241.35714285714394 0.11665875592132696 2.1107138664934415 2.6415040341048548 118.83666666666618 0.032605189010684155 -2.4813484600372246e-14 1737.0000000000002
decision_type=2 2 2 8 2 2 10 2 2 2 10 2 10 2
left_child=1 8 3 7 11 9 -7 10 -1 -3 -2 12 -4 -5
right_child=2 5 4 13 -6 6 -8 -9 -10 -11 -12 -13 -14 -15
leaf_value=-0.0022736713922064042 0 0.00087290398045858451 0.0002565329093882378 -0.0033672105937570564 0.0012035548950975331 0.017251706114375449 0.00071905900750590375 0.0040896635855627219 -0.0057100284796296084 -0.005285892093809144 0.018266648713578568 0.0021969011068545484 0.014210210090378679 0.0031196311925877035
leaf_weight=2376 21 1945 27 242 110 63 139 286 859 148 74 54 421 153
leaf_count=2376 21 1945 27 242 110 63 139 286 859 148 74 54 421 153
internal_value=0.000169598 -0.00145647 0.00658385 0.00330687 0.010487 0.00102957 0.00701001 0.0074184 -0.00321869 0.000386761 0.0148986 0.012378 0.0134375 -0.000801236
internal_weight=6918 5530 1388 776 612 2295 202 381 3235 2093 95 502 448 395
internal_count=6918 5530 1388 776 612 2295 202 381 3235 2093 95 502 448 395
is_linear=0
shrinkage=0.01


Tree=190
num_leaves=15
num_cat=0
split_feature=0 2 14 15 20 14 2 0 20 12 0 15 12 7
split_gain=712.65 245.494 168.353 119.883 112.684 104.557 84.2904 74.7074 77.0071 73.6094 50.0496 49.7194 47.5832 47.2492
threshold=0.99509915263651261 0.45998622308543341 14.32263354392177 2.6415040341048548 176.8666666666663 55.669639344324075 0.284891078339157 1.2774659182036892 176.8666666666663 0.019640195891634762 1.0002375396795216 0.63248096795890929 0.016450621926446751 1.0000000180025095e-35
decision_type=2 2 2 2 8 2 2 2 8 2 2 2 2 2
left_child=1 4 6 9 -1 13 -2 8 -8 11 -10 -3 -6 -4
right_child=2 3 5 -5 12 -7 7 -9 10 -11 -12 -13 -14 -15
leaf_value=0.016283744837122936 0.011827149623457123 0.0016350605022912258 0.013292208745363734 -0.0058186914259592297 0.0072815136301259591 0.0011933709752316086 0.0099314313875117771 0.0078543364046649508 0.006375954153114244 -0.0033899134155547417 -0.0023844414067684446 -0.0017774862112355642 0.00089487947307618598 0.0021397795288325989
leaf_weight=34 82 725 449 933 110 110 51 145 56 1437 442 978 1313 53
leaf_count=34 82 725 449 933 110 110 51 145 56 1437 442 978 1313 53
internal_value=0.000169282 -0.00144168 0.00652402 -0.00269976 0.00205741 0.0103883 0.00327943 0.00195246 0.000154819 -0.0017389 -0.00117189 -0.00031678 0.00148958 0.012261
internal_weight=6918 5530 1388 4073 1457 612 776 694 549 3140 498 1703 1423 502
internal_count=6918 5530 1388 4073 1457 612 776 694 549 3140 498 1703 1423 502
is_linear=0
shrinkage=0.01


Tree=191
num_leaves=15
num_cat=0
split_feature=11 1 9 18 11 1 9 9 5 9 1 7 9 25
split_gain=615.868 223.357 162.789 137.438 102.459 84.5971 92.7967 80.3241 73.6369 69.611 64.4807 63.0965 43.2597 51.8138
threshold=0.028168050531988353 1.0571192145352233 1393.5000000000002 -2.9420910152566644e-15 0.069283449343102183 1.4381839717931713 2311.0000000000005 1165.5000000000002 0.098081151986341819 1119.5000000000002 3.0312500000000004 1.0000000180025095e-35 936.00000000000011 -3.3999999999999768
decision_type=2 2 2 10 2 2 2 2 2 2 2 2 2 10
left_child=2 -2 3 9 8 -4 -7 12 -3 -1 11 -10 -5 -14
right_child=1 4 5 7 -6 6 -8 -9 10 -11 -12 -13 13 -15
leaf_value=0.0056704644617788938 -0.0044788164241840482 0.0056889868854907233 0.00015075730830831554 0.0077168901713228245 -0.0050739010013437467 0.0026544796328754785 0.010173248451577736 0.017444535032924958 0.00034997966080897025 0.024201725454920015 0.0065185132830671653 -0.0038341671642405689 0.010642142240845023 -0.0016745378856884911
leaf_weight=48 1741 232 538 157 348 499 246 39 2281 72 126 407 22 162
leaf_count=48 1741 232 538 157 348 499 246 39 2281 72 126 407 22 162
internal_value=0.000169559 -0.00158893 0.00520097 0.00996052 -8.6044e-05 0.00321403 0.00535132 0.0063683 0.000509929 0.0187296 4.22783e-05 -0.000303503 0.00417754 0.000648059
internal_weight=6918 5135 1783 500 3394 1283 745 380 3046 120 2814 2688 341 184
internal_count=6918 5135 1783 500 3394 1283 745 380 3046 120 2814 2688 341 184
is_linear=0
shrinkage=0.01


Tree=192
num_leaves=15
num_cat=0
split_feature=0 17 11 6 13 9 9 5 17 15 0 2 0 15
split_gain=690.809 187.868 151.745 122.243 95.9077 83.7963 101.222 152.193 73.5206 71.7668 62.6497 60.6073 55.0993 54.2561
threshold=0.95233751168472891 2.2898224954208262 0.024186181654504809 1.6368657388592676 0.40974298840601092 1422.5000000000002 1119.5000000000002 0.33338048553051575 0.95452082597138055 0.64631185807656411 1.2103479389227765 0.35694288435929511 1.0312035683578606 1.9093632691144744
decision_type=2 2 2 2 2 2 2 2 2 2 2 2 2 2
left_child=1 3 5 4 11 6 -2 -8 12 -7 -10 -1 -4 -3
right_child=2 13 8 -5 -6 9 7 -9 10 -11 -12 -13 -14 -15
leaf_value=0.0039311606628864553 0.0073603366277288666 -0.0024855821532159149 0.0031120294324220878 0.012591015802402246 -0.0038560729966099772 0.007808714706909913 0.02755731474868087 -0.0013504603281617165 -0.00069714223796485408 -0.0020074554445963463 0.0062825291570141372 -0.00018587254177061623 0.010020435876755532 -0.0056203911067315157
leaf_weight=443 161 1457 344 56 561 341 66 20 550 83 146 1546 186 958
leaf_count=443 161 1457 344 56 561 341 66 20 550 83 146 1546 186 958
internal_value=0.000170145 -0.00177194 0.00528056 8.97143e-05 -0.000276781 0.00905978 0.0136634 0.0217539 0.00309191 0.00586076 0.00088761 0.000756123 0.00583089 -0.00376918
internal_weight=6918 5021 1897 2606 2550 671 247 86 1226 424 696 1989 530 2415
internal_count=6918 5021 1897 2606 2550 671 247 86 1226 424 696 1989 530 2415
is_linear=0
shrinkage=0.01


Tree=193
num_leaves=15
num_cat=0
split_feature=0 2 8 24 17 9 0 17 24 10 8 24 2 8
split_gain=678.884 236.184 197.987 124.473 162.315 120.706 94.2831 78.7033 70.3621 64.1125 57.7407 49.1095 48.1908 59.1479
threshold=0.99509915263651261 0.45998622308543341 1697.5800000000002 17.495833333333369 1.0048511714449184 1468.5000000000002 0.81795597058742997 6.0779542032790008 17.316666666666794 0.008954929420343212 24.973650000000003 8.6441666666666475 0.6628741947479585 467.50860000000006
decision_type=2 2 2 8 2 2 2 2 10 2 2 10 2 2
left_child=1 2 10 7 5 -5 -3 12 -4 -8 -1 -12 13 -2
right_child=3 6 8 4 -6 -7 9 -9 -10 -11 11 -13 -14 -15
leaf_value=-0.00059760787873528896 0.0079784001785053599 -0.0038903691166482608 0.024223081946372984 0.017600286354621252 -0.0022151038759867805 0.0027340498307926787 -0.0011067017797628069 -0.0046128623974509538 0.0053235121880784442 0.0106141738560594 -0.0052017956798275315 0.0045670798700278639 0.0049263769012671248 0.015870339746812959
leaf_weight=865 387 2415 30 73 310 160 1630 30 61 28 40 461 244 184
leaf_count=865 387 2415 30 73 310 160 1630 30 61 28 40 461 244 184
internal_value=0.000170245 -0.00140207 0.00202988 0.00637262 0.00248308 0.00845437 -0.00263612 0.00874529 0.0148861 -0.000778652 0.000963762 0.00359819 0.00934769 0.0109894
internal_weight=6918 5530 1457 1388 543 233 4073 845 91 1658 1366 501 815 571
internal_count=6918 5530 1457 1388 543 233 4073 845 91 1658 1366 501 815 571
is_linear=0
shrinkage=0.01


Tree=194
num_leaves=15
num_cat=0
split_feature=11 8 19 1 1 2 1 2 9 9 8 22 1 11
split_gain=588.195 231.02 203.041 182.315 141.959 120.541 108.577 92.9275 89.3715 117.708 62.0784 54.777 52.674 51.1839
threshold=0.031227525781335946 467.50860000000006 288.2000000000001 0.99377721258019591 1.4747468523983533 0.51897828074894059 2.3445961115821716 0.49995325348859482 1421.0000000000002 1165.5000000000002 91.692450000000022 290.29024759717504 1.3440888421699875 0.018067442480031854
decision_type=2 2 10 2 2 2 2 2 2 2 2 10 2 2
left_child=1 4 7 -2 -1 10 12 -3 9 -6 -5 -4 -7 -10
right_child=3 2 11 5 8 6 -8 -9 13 -11 -12 -13 -14 -15
leaf_value=-6.8192791823452157e-05 -0.005114255946384828 0.021626978256956558 -0.0029082788131105891 0.00074701547735576902 0.0052938671259725664 -0.0037367768560293102 0.0063306804858399811 0.0086183624484307726 0.0095320760913681791 0.022690339571598807 0.0064660371067952749 0.0073856735422035283 -0.00046915302234992853 0.0022087659614930012
leaf_weight=945 1246 126 104 898 146 1340 128 169 102 46 225 69 796 578
leaf_count=945 1246 126 104 898 146 1340 128 169 102 46 225 69 796 578
internal_value=0.000170768 0.00430256 0.0104367 -0.00187462 0.00262074 -0.000656873 -0.00198245 0.0152267 0.00548217 0.0112563 0.0019947 0.00148548 -0.00253935 0.00356251
internal_weight=6918 2285 468 4633 1817 3387 2264 295 872 192 1123 173 2136 680
internal_count=6918 2285 468 4633 1817 3387 2264 295 872 192 1123 173 2136 680
is_linear=0
shrinkage=0.01


Tree=195
num_leaves=15
num_cat=0
split_feature=11 1 9 18 15 9 9 5 9 1 1 5 1 16
split_gain=578.218 210.453 154.514 132.892 120.792 80.7202 78.2796 76.7693 67.2899 64.3493 58.9147 49.2423 51.6542 44.1272
threshold=0.028168050531988353 1.0571192145352233 1393.5000000000002 -2.9420910152566644e-15 2.6415040341048548 2299.5000000000005 1165.5000000000002 0.098081151986341819 1119.5000000000002 1.4763982188948668 2.0000022500218573 0.28615669332707377 1.4445118306166871 0.048133985433956306
decision_type=2 2 2 10 2 2 2 2 2 2 2 2 2 2
left_child=2 -2 3 8 7 -4 13 -3 -1 -7 11 12 -9 -5
right_child=1 4 5 6 -6 9 -8 10 -10 -11 -12 -13 -14 -15
leaf_value=0.0055009646647993264 -0.0043376323508023621 0.0060940457508365953 0.00054620731902363709 -0.0057150258852375884 -0.0053615307748623312 0.0016559380502360571 0.017079025446358375 0.00030954126344471606 0.023670363825285281 0.008193865047197952 0.0045924170279124784 -0.0014898600719381199 0.0062257278745135904 0.0050986414741159281
leaf_weight=48 1741 214 641 25 364 273 39 904 72 369 248 1506 158 316
leaf_count=48 1741 214 641 25 364 273 39 904 72 369 248 1506 158 316
internal_value=0.000171384 -0.00153248 0.0050466 0.0096834 -7.36333e-05 0.00311101 0.00615907 0.000589326 0.0182981 0.00556284 0.000127446 -0.000332044 0.00129778 0.00400545
internal_weight=6918 5135 1783 500 3394 1283 380 3030 120 642 2816 2568 1062 341
internal_count=6918 5135 1783 500 3394 1283 380 3030 120 642 2816 2568 1062 341
is_linear=0
shrinkage=0.01


Tree=196
num_leaves=15
num_cat=0
split_feature=0 2 14 1 20 14 23 15 6 19 1 7 2 23
split_gain=647.302 226.773 156.933 153.897 106.701 99.7444 86.9457 103.202 80.4331 71.5939 61.0182 45.7869 47.9904 44.7806
threshold=0.99509915263651261 0.45998622308543341 14.32263354392177 1.2663919143891391 176.8666666666663 55.669639344324075 31.600000000000026 0.11665875592132696 1.4290195941402677 119.55000000000003 1.043160096093547 1.0000000180025095e-35 0.77780758204045786 23.200000000000021
decision_type=2 2 2 2 8 2 8 2 2 10 2 2 2 10
left_child=1 4 6 -3 -1 11 7 9 -5 -2 -6 12 -4 -12
right_child=2 3 5 8 10 -7 -8 -9 -10 -11 13 -13 -14 -15
leaf_value=0.01584281210753101 0 -0.0041522870118960989 0.013813610065519042 -0.00076030553336933662 -0.0019457953838793065 0.0010083587588025974 0.00018319685029860399 0.0030210968261025141 0.0081996323140425091 0.020192213023637797 -0.0048988009650260209 0.0019156860218268552 0.0015168855719703942 0.0031862026747860616
leaf_weight=34 24 2441 407 1545 372 110 452 243 87 57 55 53 42 996
leaf_count=34 24 2441 407 1545 372 110 452 243 87 57 55 53 42 996
internal_value=0.000171545 -0.00136374 0.00622794 -0.002573 0.00199901 0.0099579 0.00309743 0.00688688 -0.000183122 0.0154905 0.00144631 0.011786 0.0127984 0.00267019
internal_weight=6918 5530 1388 4073 1457 612 776 324 1632 81 1423 502 449 1051
internal_count=6918 5530 1388 4073 1457 612 776 324 1632 81 1423 502 449 1051
is_linear=0
shrinkage=0.01


Tree=197
num_leaves=15
num_cat=0
split_feature=0 2 8 14 1 14 23 1 9 19 22 1 9 5
split_gain=635.41 222.403 191.137 153.781 150.93 97.9815 85.5708 79.1983 76.9709 71.1308 61.6262 50.3119 47.9195 47.341
threshold=0.99509915263651261 0.45998622308543341 1697.5800000000002 14.32263354392177 1.2663919143891391 48.659852916307571 31.600000000000026 1.1339551365324343 1278.5000000000002 119.55000000000003 290.69908111180365 2.8284313725490198 1254.0000000000002 0.14288228456440244
decision_type=2 2 2 2 2 2 8 2 2 10 10 2 2 2
left_child=1 2 7 6 -3 -5 8 -1 9 -2 -4 13 -8 -6
right_child=3 4 10 5 11 -7 12 -9 -10 -11 -12 -13 -14 -15
leaf_value=-0.0017296780286760155 0 -0.004111101595762323 0.023263050241797579 0.012131670591991543 0.005952261165894185 0.0025005728402041965 -0.0035753481819760053 0.0030469248539452855 0.0036673689713580125 0.020598503459477797 0.0053193970909342168 0.010126114293285039 0.0027764057088643314 -0.00092306541205130284
leaf_weight=604 24 2441 31 457 87 155 180 762 256 44 60 26 272 1519
leaf_count=604 24 2441 31 457 87 155 180 762 256 44 60 26 272 1519
internal_value=0.000171563 -0.00134955 0.0019806 0.00617208 -0.00254711 0.00986457 0.00307271 0.000933172 0.00683208 0.0150914 0.0146123 -0.00018033 0.000181442 -0.000475834
internal_weight=6918 5530 1457 1388 4073 612 776 1366 324 68 91 1632 452 1606
internal_count=6918 5530 1457 1388 4073 612 776 1366 324 68 91 1632 452 1606
is_linear=0
shrinkage=0.01


Tree=198
num_leaves=15
num_cat=0
split_feature=0 2 8 14 1 10 14 23 1 2 23 10 14 8
split_gain=623.462 218.326 188.784 150.63 148.098 115.802 96.2817 84.2531 77.6678 73.4194 60.6632 42.2879 37.5807 32.2065
threshold=0.99509915263651261 0.45998622308543341 1697.5800000000002 14.32263354392177 1.2663919143891391 0.0085415541589537024 55.669639344324075 31.600000000000026 1.1339551365324343 0.46864102392308843 30.100000000000026 -0.0029886274564971962 0.2897988112382342 68.211450000000013
decision_type=2 2 2 2 2 2 2 8 2 2 10 2 2 2
left_child=1 2 8 7 -3 -6 11 9 -1 -2 -4 -5 -9 -10
right_child=3 4 10 6 5 -7 -8 12 13 -11 -12 -13 -14 -15
leaf_value=-0.0017129356409676781 0.012362904024087419 -0.0040703246766845003 0.023462261004107341 -0.0010240482829692887 -0.00066573922046013565 0.014087381400675936 0.00097866783244535322 -0.0026969447089953626 0.0017607610358792388 0.0025506867177633417 0.0055111382220213003 0.012155386553917515 0.0028338779430068192 0.0066174829714096741
leaf_weight=604 122 2441 29 21 1597 35 110 215 589 202 62 481 237 173
leaf_count=604 122 2441 29 21 1597 35 110 215 589 202 62 481 237 173
internal_value=0.000172212 -0.00133452 0.00196491 0.00611605 -0.00252108 -0.00017657 0.00977071 0.00304813 0.000923958 0.00677844 0.0145186 0.0115668 0.000179078 0.00301723
internal_weight=6918 5530 1457 1388 4073 1632 612 776 1366 324 91 502 452 762
internal_count=6918 5530 1457 1388 4073 1632 612 776 1366 324 91 502 452 762
is_linear=0
shrinkage=0.01


Tree=199
num_leaves=15
num_cat=0
split_feature=11 15 8 24 10 21 25 10 12 8 13 25 5 25
split_gain=540.961 189.886 164.421 103.841 100.204 85.6421 82.8681 80.2945 62.6993 60.3603 83.2739 51.5171 48.9247 43.3138
threshold=0.028168050531988353 2.6415040341048548 565.2225000000002 17.920833333333363 -0.0062370046183893137 249.44285714285942 3.2000000000000175 0.0044627709697246439 0.011130594959556159 24.973650000000003 2.9727379293480429 11.400000000000036 0.24017884383562801 -3.4999999999999711
decision_type=2 2 2 10 2 10 10 2 2 2 2 10 2 10
left_child=2 4 7 5 -2 -4 -5 8 -1 -6 11 -11 -7 -9
right_child=1 -3 3 6 9 12 -8 13 -10 10 -12 -13 -14 -15
leaf_value=0.0056938923714745342 -0.002700960536152841 -0.0053651054265014464 0.018632446244009771 -0.006176527597429887 -0.0010747217926414716 0.011043546749051751 0.0086080404430082663 -0.0018194535675068056 8.1819876231843157e-05 0.0039777594790108631 -0.0021104215562662639 -0.002115335441942355 -0.00048514451739596734 0.0079675604154830076
leaf_weight=254 1383 990 148 51 1217 62 62 42 744 1023 377 145 61 359
leaf_count=254 1383 990 148 51 1217 62 62 42 744 1023 377 145 61 359
internal_value=0.000172627 -0.0014754 0.00488818 0.0105541 -0.000522675 0.0137338 0.00193478 0.00319911 0.00160377 0.000576026 0.00187983 0.00319004 0.00598793 0.006881
internal_weight=6918 5135 1783 384 4145 271 113 1399 998 2762 1545 1168 123 401
internal_count=6918 5135 1783 384 4145 271 113 1399 998 2762 1545 1168 123 401
is_linear=0
shrinkage=0.01


Tree=200
num_leaves=15
num_cat=0
split_feature=10 20 15 6 17 15 15 20 3 2 3 2 9 15
split_gain=448.477 202.178 223.426 137.367 91.5724 77.3988 67.0166 60.113 58.6756 83.0008 60.0728 52.6479 48.0752 44.6147
threshold=-0.0035168599367061851 206.61499999999981 0.11665875592132696 1.2500367538721859 3.9907509541349477 2.6415040341048548 1.7719830012759441 311.69166666666689 0.079297809377651754 0.51670852796590261 0.43236411806704794 0.23780302066439354 1291.5000000000002 1.0681207785057483
decision_type=2 8 2 2 2 2 2 8 2 2 2 2 2 2
left_child=6 2 -2 5 7 8 -1 -5 11 13 12 -3 -11 -10
right_child=1 3 -4 4 -6 -7 -8 -9 9 10 -12 -13 -14 -15
leaf_value=-0.0018225842545738112 0.019649179341806169 0.003009694274134782 0.0031250969801054625 0.0082281526503727651 -0.0037115846538193983 -0.005230305179743132 -0.0051886955998796096 -0.00086618911969114324 0.004811228454642897 -0.0044240088392771115 0.0052198641704261041 -0.0030679896716017271 0.00042160633870134398 -0.0018206553266490581
leaf_weight=1932 115 176 237 502 78 188 870 78 850 247 181 507 855 102
leaf_count=1932 115 176 237 502 78 188 870 78 850 247 181 507 855 102
internal_value=0.000171857 0.00226982 0.00931664 0.00156241 0.00564377 0.000664012 -0.00290065 0.00700035 0.00108019 0.00186277 0.000181802 -0.00144656 -0.000715067 0.00406754
internal_weight=6918 4116 352 3764 658 3106 2802 580 2918 2235 1283 683 1102 952
internal_count=6918 4116 352 3764 658 3106 2802 580 2918 2235 1283 683 1102 952
is_linear=0
shrinkage=0.01


Tree=201
num_leaves=15
num_cat=0
split_feature=11 11 8 20 4 2 5 11 11 17 20 8 8 2
split_gain=523.423 179.878 160.508 160.67 86.4826 85.4468 63.5166 64.7621 59.6389 55.3468 51.0338 48.9329 43.466 42.0158
threshold=0.028168050531988353 0.049367376820980059 565.2225000000002 198.3049999999993 0.17638752312695025 0.29420795355332796 0.33338048553051575 0.016004421638187955 0.025593909851723873 0.25948945066592116 313.08333333333343 21.922200000000004 43.570350000000005 0.51897828074894059
decision_type=2 2 2 10 2 2 2 2 2 2 8 2 2 2
left_child=2 5 4 -4 9 -2 8 -8 -5 -1 -6 -7 -11 -13
right_child=1 -3 3 6 10 11 7 -9 -10 12 -12 13 -14 -15
leaf_value=0.0039931873549984764 0.0046523163270948279 -0.00367138108815252 0.019564728372827619 0.011010826188915719 0.0099423272263634357 -0.0022260909812324044 0.0066018400162458427 -0.0087979856976231584 -0.00085275105187590701 -0.0022289036590904918 -0.0015091082750488137 0.0029825302325701343 0.0034851707082190031 -0.00046028051814329273
leaf_weight=579 346 2116 114 148 218 1000 30 41 51 385 39 480 178 1193
leaf_count=579 346 2116 114 148 218 1000 30 41 51 385 39 480 178 1193
internal_value=0.000170638 -0.00145043 0.00480914 0.0104068 0.0031406 0.000116841 0.00542306 -0.00216028 0.00812454 0.00187545 0.00818497 -0.00049672 -0.000347585 0.000545153
internal_weight=6918 5135 1783 384 1399 3019 270 71 199 1142 257 2673 563 1673
internal_count=6918 5135 1783 384 1399 3019 270 71 199 1142 257 2673 563 1673
is_linear=0
shrinkage=0.01


Tree=202
num_leaves=15
num_cat=0
split_feature=11 8 20 13 4 4 4 20 23 7 14 13 8 8
split_gain=514.224 207.01 189.808 165.453 103.185 92.1784 84.4966 76.656 60.2415 56.3523 49.7103 60.5477 49.6221 49.6097
threshold=0.031227525781335946 467.50860000000006 215.35999999999993 2.7433234191512939 0.15089983647401631 -0.14982122761397307 0.036823894947707797 313.08333333333343 38.200000000000024 1.0000000180025095e-35 56.029617079247956 7.6143717136279179 15.902550000000003 29.691000000000003
decision_type=2 2 10 2 2 2 2 8 10 2 2 2 2 2
left_child=1 4 -3 6 9 -4 13 10 -7 -1 11 -6 -8 -2
right_child=3 2 5 -5 7 8 12 -9 -10 -11 -12 -13 -14 -15
leaf_value=0.0020966534584923179 -0.0022092893550576735 0.018465129244222975 -0.0050283684730529788 -0.004135098445173865 0.014379518973080188 0.0095517861613735374 7.6842128865340417e-05 -0.002941687925585679 -0.0019234986449865735 -0.0031567893946091094 0.0022057248778500648 0 0.008761848268955345 0.00052457179388466432
leaf_weight=1268 1266 151 60 1763 156 209 119 50 48 223 86 34 135 1350
leaf_count=1268 1266 151 60 1763 156 209 119 50 48 223 86 34 135 1350
internal_value=0.000170156 0.00403347 0.00983981 -0.00174223 0.00244165 0.00484953 -0.00025042 0.00737549 0.00738831 0.00127293 0.00935081 0.0120192 0.005032 -0.000801397
internal_weight=6918 2285 468 4633 1817 317 2870 326 257 1491 276 190 254 2616
internal_count=6918 2285 468 4633 1817 317 2870 326 257 1491 276 190 254 2616
is_linear=0
shrinkage=0.01


Tree=203
num_leaves=15
num_cat=0
split_feature=11 1 11 15 2 1 20 16 12 2 16 1 19 2
split_gain=504.529 189.927 137.777 110.067 78.7596 65.7692 63.9585 66.5886 52.7726 50.243 44.0064 40.1165 49.598 34.4817
threshold=0.028168050531988353 1.0571192145352233 0.019955804785169399 2.6415040341048548 0.51897828074894059 2.0273262943799168 208.04333333333338 2.3647064478086457 0.013680825033212671 0.31047488699253961 0.048133985433956306 1.4836715159762048 333.35000000000008 0.6628741947479585
decision_type=2 2 2 2 2 2 10 2 2 2 2 2 10 2
left_child=2 9 10 4 -3 -6 7 -4 -8 -2 -1 -10 -13 -12
right_child=1 3 6 -5 5 -7 8 -9 11 -11 13 12 -14 -15
leaf_value=-0.00082580302552930237 0.00088944807322937128 0.0026617836653814366 0.011827922239374946 -0.0050843319939546444 -0.0013442909741207321 0.0041971829834760036 -0.0016881149972287064 3.5146150149797135e-05 0.0013511533417458674 -0.0046464275931707832 0.011331278670034091 0.0078843701533099393 -0.0032534476735375144 0.0042706234751914455
leaf_weight=38 173 1132 122 364 1673 225 301 75 495 1568 361 223 35 133
leaf_count=38 173 1132 122 364 1673 225 301 75 495 1568 361 223 35 133
internal_value=0.000169516 -0.00142201 0.00472354 -3.6199e-05 0.000596328 -0.000645242 0.00281969 0.0078014 0.00175132 -0.0040868 0.00891798 0.00314723 0.00621209 0.00968993
internal_weight=6918 5135 1783 3394 3030 1898 1251 197 1054 1741 532 753 258 494
internal_count=6918 5135 1783 3394 3030 1898 1251 197 1054 1741 532 753 258 494
is_linear=0
shrinkage=0.01


Tree=204
num_leaves=15
num_cat=0
split_feature=0 0 14 6 14 16 1 16 20 15 25 7 20 15
split_gain=573.997 193.036 141.299 105.065 92.3987 71.5859 69.1076 59.9488 78.1834 55.0561 52.4097 41.9971 36.6738 39.8707
threshold=0.99509915263651261 0.84614411598135286 14.32263354392177 1.4290195941402677 48.659852916307571 2.8530516606538474 0.94034119139914163 1.1494387826985395 186.90499999999963 0.73496548222687585 11.200000000000019 1.0000000180025095e-35 273.08499999999947 0.090469444658597367
decision_type=2 2 2 2 2 2 2 2 10 2 8 2 8 2
left_child=1 6 5 7 11 10 -1 8 -3 -8 -2 -4 -9 -14
right_child=2 3 4 -5 -6 -7 9 12 -10 -11 -12 -13 13 -15
leaf_value=-0.0051167410225374374 0.0052891590703375239 0.013511360842320654 0.012592748081011226 0.0094322739362064072 0.0022828235098959078 -0.003829536375260967 -8.7635494765411255e-05 -0.0025335525187642079 0.0016899747075191612 -0.0032142763529502023 -0.0023837622198032904 0.0015258864017034118 -0.0074316380301426201 0.0011293022350305259
leaf_weight=939 569 43 411 117 155 116 996 625 632 1300 91 46 38 840
leaf_count=939 569 43 411 117 155 116 996 625 632 1300 91 46 38 840
internal_value=0.000168646 -0.00127703 0.00587186 0.000933617 0.00941088 0.00290188 -0.0028445 0.000390857 0.00282457 -0.00187473 0.00417753 0.0116104 -0.000718304 0.000590384
internal_weight=6918 5530 1388 2295 612 776 3235 2178 675 2296 660 457 1503 878
internal_count=6918 5530 1388 2295 612 776 3235 2178 675 2296 660 457 1503 878
is_linear=0
shrinkage=0.01


Tree=205
num_leaves=15
num_cat=0
split_feature=0 2 1 20 7 25 1 5 1 0 2 18 16 11
split_gain=562.893 200.274 132.958 98.6361 96.129 79.4041 55.0026 50.323 48.1585 46.4021 83.1868 81.953 73.7168 61.4613
threshold=0.99509915263651261 0.45998622308543341 1.2663919143891391 176.8666666666663 1.0000000180025095e-35 9.5000000000000302 1.043160096093547 0.084379219010709647 2.8284313725490198 1.2275875859730214 0.66540616186462409 -6.161737786669618e-15 0.46939228966590196 0.027992702151304488
decision_type=2 2 2 8 2 8 2 2 2 2 2 10 2 2
left_child=1 3 -3 -1 5 9 -5 -6 -4 10 11 -2 13 -13
right_child=4 2 8 6 7 -7 -8 -9 -10 -11 -12 12 -14 -15
leaf_value=0.015205612973206573 0.016336177869029998 -0.0038684675853214298 -0.0004677933644370401 -0.0018550524760598355 0.006625583281134626 -0.0013984490856528281 0.0025268266213615189 -0.0026356783515308051 0.0099046751144139661 0.01253669413013081 0.00064274515100772045 -0.0026084837385663587 0.0089379469762366579 0.0074859184510253293
leaf_weight=34 94 2441 1606 372 63 95 1051 180 26 183 196 135 363 79
leaf_count=34 94 2441 1606 372 63 95 1051 180 26 183 196 135 363 79
internal_value=0.000167618 -0.00126399 -0.00240052 0.00189584 0.00581541 0.00700885 0.00136455 4.86226e-05 -0.000178582 0.00779078 0.00651768 0.00815101 0.0062982 0.00139654
internal_weight=6918 5530 4073 1457 1388 1145 1423 243 1632 1050 867 671 577 214
internal_count=6918 5530 4073 1457 1388 1145 1423 243 1632 1050 867 671 577 214
is_linear=0
shrinkage=0.01


Tree=206
num_leaves=15
num_cat=0
split_feature=11 1 15 9 9 5 10 7 10 1 15 9 11 1
split_gain=481.777 236.245 130.636 120.047 142.519 109.44 99.6183 87.819 68.5137 62.4896 54.3959 49.4315 35.8904 34.4978
threshold=0.024186181654504809 1.0644190644558809 2.6415040341048548 1422.5000000000002 1119.5000000000002 0.33338048553051575 0.007229198993200665 1.0000000180025095e-35 -0.0049393939393939379 1.4600928457605702 0.39558454641884161 1737.0000000000002 0.018754143899312303 0.88960086685716189
decision_type=2 2 2 2 2 2 2 2 2 2 2 2 2 2
left_child=3 13 6 4 10 -6 7 8 -3 -5 -1 -11 -13 -2
right_child=1 2 -4 9 5 -7 -8 -9 -10 11 -12 12 -14 -15
leaf_value=-0.0048947462528944018 -0.0056556836233150887 -0.0010881929757699696 -0.0051072431373041724 -0.00027443716888065771 0.022299539215393422 -0.00076816644696962269 0.0094748622660678055 -0.0028925775242127499 0.0023048277686933049 -0.0019078850250963759 0.007157580423027313 0.010024581406513281 0.0036575572870800144 -0.0027350812104118311
leaf_weight=30 697 805 367 248 107 22 114 558 2127 62 184 198 223 1176
leaf_count=30 697 805 367 248 107 22 114 558 2127 62 184 198 223 1176
internal_value=0.000167913 -0.00096766 0.000413912 0.00626082 0.0110336 0.0187233 0.00100398 0.000672022 0.0013688 0.00377383 0.00515132 0.00580059 0.00699353 -0.00387548
internal_weight=6918 5844 3971 1074 343 129 3604 3490 2932 731 214 483 421 1873
internal_count=6918 5844 3971 1074 343 129 3604 3490 2932 731 214 483 421 1873
is_linear=0
shrinkage=0.01


Tree=207
num_leaves=15
num_cat=0
split_feature=6 8 14 2 15 15 23 17 3 3 6 8 4 8
split_gain=364.415 188.387 146.267 184.103 108.856 90.3115 220.467 63.0663 59.1161 55.6662 41.1626 46.0031 39.199 38.148
threshold=0.81479770853375644 24.973650000000003 17.596300554763893 0.51897828074894059 0.72674210440156994 0.09863688129757496 38.200000000000024 2.1759701539193474 0.44218292020560201 0.17556065188112169 1.2500367538721859 17.654400000000006 0.13828100844671184 621.29250000000013
decision_type=2 2 2 2 2 2 10 2 2 2 2 2 2 2
left_child=4 7 3 5 9 6 -3 10 13 -1 -2 -12 -7 -5
right_child=1 2 -4 8 -6 12 -8 -9 -10 -11 11 -13 -14 -15
leaf_value=-0.0044096743846337568 -7.9050014065627769e-05 0.020968977413346281 0.0089024877465898617 -0.00071242753691096476 -0.0036822450984377829 0.002997045603587174 -0.00164943945150645 -0.0032321910887945508 0.0056235500534896881 0.0007241599579944709 0.0062960956176654412 -0.0051717710494995116 0.010523017473857513 -0.006889194148331881
leaf_weight=232 690 93 514 557 1938 562 64 483 104 1282 201 25 68 105
leaf_count=232 690 93 514 557 1938 562 64 483 104 1282 201 25 68 105
internal_value=0.000167029 0.00245183 0.00435567 0.00275038 -0.00212506 0.00608581 0.0125477 -0.000375765 -0.000731425 -0.000103248 0.0011566 0.00466954 0.00412355 -0.00188009
internal_weight=6918 3466 2067 1553 3452 787 157 1399 766 1514 916 226 630 662
internal_count=6918 3466 2067 1553 3452 787 157 1399 766 1514 916 226 630 662
is_linear=0
shrinkage=0.01


Tree=208
num_leaves=15
num_cat=0
split_feature=13 8 4 4 18 21 14 10 10 21 9 25 13 15
split_gain=393.626 292.783 228.425 89.86 68.2924 103.453 83.9152 63.9084 43.0648 48.5745 40.8936 38.9149 36.31 35.6292
threshold=2.406057576325757 26.538750000000004 -0.11682583480647406 0.19681617386906322 -9.6589403142388603e-15 233.15714285714424 17.596300554763893 0.0044627709697246439 -0.010105853014891088 195.97857142857566 1840.0000000000002 3.3000000000000118 7.844485726212854 1.1323315478819815
decision_type=2 2 2 2 10 10 2 2 2 8 2 8 2 2
left_child=1 7 8 4 5 10 -6 -1 -3 13 -4 -9 -2 -10
right_child=12 2 3 -5 6 -7 -8 11 9 -11 -12 -13 -14 -15
leaf_value=-0.0018650495525426632 -0.0054138349941590938 -0.0023551773073305247 0.023619504778180273 0.012862554126716566 0.0024323087111510779 0.0041530742421006126 0.0080061693594508116 0.005072469613899685 0.0077890832067073678 0.00026988232526255397 0.0033155908151751472 -0.001793115703532329 -0.0024918110829449912 -0.0032932913179198903
leaf_weight=1771 677 372 44 171 887 131 394 222 148 596 22 110 1351 22
leaf_count=1771 677 372 44 171 887 131 394 222 148 596 22 110 1351 22
internal_value=0.000166201 0.00170322 0.00381856 0.00617461 0.00523276 0.0105899 0.00425108 -0.00110498 0.000348243 0.00170038 0.0193128 0.00279668 -0.00351549 0.00610657
internal_weight=6918 4890 2787 1649 1478 197 1281 2103 1138 766 66 332 2028 170
internal_count=6918 4890 2787 1649 1478 197 1281 2103 1138 766 66 332 2028 170
is_linear=0
shrinkage=0.01


Tree=209
num_leaves=15
num_cat=0
split_feature=1 2 18 5 19 15 14 7 10 23 14 25 1 1
split_gain=416.957 292.173 139.3 136.078 96.1436 84.5209 80.2403 77.235 74.4855 69.6083 65.382 52.9745 52.2099 48.4044
threshold=1.4763982188948668 0.45998622308543341 -1.2767564783189299e-14 0.18607238457091174 335.25000000000006 0.72674210440156994 55.669639344324075 1.0000000180025095e-35 0.0074758755351834773 39.60000000000003 0.2897988112382342 -5.3999999999999764 1.0621611546990251 0.94034119139914163
decision_type=2 2 8 2 8 2 2 2 2 10 2 10 2 2
left_child=1 2 10 4 6 13 11 9 -9 -5 -1 -2 -4 -3
right_child=3 5 12 7 -6 -7 -8 8 -10 -11 -12 -13 -14 -15
leaf_value=0.016575870740242585 0 -0.004596638424253373 -0.0017914317213527542 0.0045822273237880306 -0.0066001549221220467 -0.0043120757719187896 0.0014968846825377962 -0.0029216476950707062 0.011202297650632406 -0.0038520237971684554 0.0029233234938349307 0.014231615771643738 0.0023263371802611454 -9.7102282064518138e-05
leaf_weight=72 28 287 416 1092 22 2009 87 321 22 91 77 257 1030 1107
leaf_count=72 28 287 416 1092 22 2009 87 321 22 91 77 257 1030 1107
internal_value=0.000166018 -0.00135506 0.00215488 0.00410387 0.00922567 -0.00300608 0.0104761 0.00267275 -0.0014209 0.00387187 0.0107606 0.0129065 0.0011266 -0.00108246
internal_weight=6918 4998 1595 1920 394 3403 372 1526 343 1183 149 285 1446 1394
internal_count=6918 4998 1595 1920 394 3403 372 1526 343 1183 149 285 1446 1394
is_linear=0
shrinkage=0.01


Tree=210
num_leaves=15
num_cat=0
split_feature=11 11 8 21 4 7 17 18 4 4 8 18 21 8
split_gain=453.569 206.578 116.418 78.6849 74.302 85.0007 70.4679 69.1555 69.838 54.4106 53.5209 53.1578 46.9299 45.4422
threshold=0.024186181654504809 0.049367376820980059 565.2225000000002 183.57142857143378 0.036823894947707797 1.0000000180025095e-35 2.1759701539193474 1.5000000000000004 -0.14285714285714279 0.17638752312695025 43.570350000000005 -9.6589403142388603e-15 232.26428571428906 36.914400000000008
decision_type=2 2 2 10 2 2 2 10 2 2 2 10 8 2
left_child=2 4 6 -4 5 13 9 8 -5 11 -8 -1 -6 -2
right_child=1 -3 3 7 12 -7 10 -9 -10 -11 -12 -13 -14 -15
leaf_value=0.010959275691520149 -0.00095410193211041734 -0.0034170736521723366 0.020708854807839717 -0.001705212475731969 0.0092696697124422106 -0.0045645619596753123 -0.0042612028193378384 -0.0013085553226992489 0.013928461836380813 0.010456621206365526 0.0056936662552165397 0.0018783076212247171 0.0021490754970665453 0.0016330648283775086
leaf_weight=62 1239 2116 61 30 98 368 142 60 111 160 61 387 573 1450
leaf_count=62 1239 2116 61 30 98 368 142 60 111 160 61 387 573 1450
internal_value=0.000165176 -0.000936614 0.00607705 0.0117096 0.000479339 -0.000185785 0.00400985 0.00730626 0.0107414 0.00566824 -0.000982636 0.00356745 0.00344171 0.000439052
internal_weight=6918 5844 1074 262 3728 3057 812 201 141 609 203 449 671 2689
internal_count=6918 5844 1074 262 3728 3057 812 201 141 609 203 449 671 2689
is_linear=0
shrinkage=0.01


Tree=211
num_leaves=15
num_cat=0
split_feature=1 10 9 1 14 20 25 15 20 9 20 10 15 14
split_gain=404.467 165.755 120.019 98.9562 86.1764 81.6278 61.4421 60.8201 66.4634 50.5047 49.9306 49.8114 43.8691 38.3433
threshold=1.1804479644969272 -0.0018084721950417484 1139.5000000000002 1.4747468523983533 0.25968510979177462 194.26333333333312 10.100000000000025 0.71201123510302999 215.35999999999993 1421.0000000000002 265.64499999999992 0.0074758755351834773 0.066462426358952817 46.678631354870042
decision_type=2 2 2 2 2 10 8 2 10 2 10 2 2 2
left_child=2 7 4 5 -1 -3 11 8 -2 -4 -6 12 -5 -13
right_child=1 3 9 6 10 -7 -8 -9 -10 -11 -12 13 -14 -15
leaf_value=-0.0043008992502179284 0.0071218337007077403 0.011414660300729396 -0.0052256569616409192 0.010163795560307011 0.011487234211732856 0.00083525961490910473 -0.0025016839347877786 -0.0021297044264213549 6.9230794617085875e-05 -0.0022615245512688257 0.0013198329517696084 0.016583592276362812 0.0043953291113448647 0.0031314088957327783
leaf_weight=84 157 59 918 159 93 1068 75 844 559 1704 99 65 988 46
leaf_count=84 157 59 918 159 93 1068 75 844 559 1704 99 65 988 46
internal_value=0.000165296 0.00221523 -0.00267057 0.00382216 0.00340481 0.0015872 0.00565294 -0.000328744 0.00178077 -0.0033348 0.00691093 0.00617847 0.00536402 0.0124143
internal_weight=6918 4020 2898 2460 276 1127 1333 1560 716 2622 192 1258 1147 111
internal_count=6918 4020 2898 2460 276 1127 1333 1560 716 2622 192 1258 1147 111
is_linear=0
shrinkage=0.01


Tree=212
num_leaves=15
num_cat=0
split_feature=11 1 20 16 6 1 20 14 7 23 6 20 19 23
split_gain=439.257 217.121 117.093 103.776 100.213 94.6485 53.473 52.0817 49.9995 63.1215 52.2036 69.1127 39.799 34.7793
threshold=0.024186181654504809 1.0644190644558809 195.06833333333319 1.2069649938406632 0.72915588659210784 2.0610566368845133 267.15333333333405 50.510796535331103 1.0000000180025095e-35 35.800000000000018 1.074955406553278 260.33666666666699 321.15000000000009 28.300000000000015
decision_type=2 2 8 2 2 2 10 2 2 10 2 10 10 8
left_child=2 -2 3 -1 -3 6 13 12 9 -6 -10 -12 -8 -4
right_child=1 4 5 -5 8 -7 7 -9 10 -11 11 -13 -14 -15
leaf_value=0.021126639578167513 -0.0037067881616059711 -0.0017714667550764738 0.0026145463468086332 0.0037872232179108419 0.0030769890763513441 0.0096709615871844474 0.0085153808495537792 -0.00098851541193345428 -0.0042926427266038545 -0.001138344690261232 0.0094720505568243202 -0.0014966261832899338 -0.00029261900391429666 -0.0039231475616658207
leaf_weight=72 1873 1364 135 75 1692 238 233 110 253 433 64 165 60 151
leaf_count=72 1873 1364 135 75 1692 238 233 110 253 433 64 165 60 151
internal_value=0.000165145 -0.000919106 0.00598301 0.0138529 0.000405239 0.00445827 0.00242154 0.0046867 0.00155273 0.00221079 -0.00130103 0.00204328 0.0067763 -0.000835306
internal_weight=6918 5844 1074 147 3971 927 689 403 2607 2125 482 229 293 286
internal_count=6918 5844 1074 147 3971 927 689 403 2607 2125 482 229 293 286
is_linear=0
shrinkage=0.01


Tree=213
num_leaves=15
num_cat=0
split_feature=0 13 8 6 17 0 9 6 21 8 13 0 6 9
split_gain=506.047 169.328 158.036 106.102 84.7512 71.6815 62.7816 49.4175 47.1044 56.0876 46.9864 53.9743 43.2989 41.5082
threshold=0.99509915263651261 0.40974298840601092 24.973650000000003 1.4881370504453442 6.0779542032790008 1.0939888283275137 1371.0000000000002 1.2001537305020842 222.27142857142957 1697.5800000000002 1.1839263696174613 1.2774659182036892 0.79078986070391533 1127.0000000000002
decision_type=2 2 2 2 2 2 2 2 10 2 2 2 2 2
left_child=1 2 -1 8 5 13 -3 -8 9 -4 -7 -12 -10 -2
right_child=4 6 3 -5 -6 10 7 -9 12 -11 11 -13 -14 -15
leaf_value=-0.0016151929544071433 0.0094443895800263977 -0.0047396762950374502 0.002397495945464278 0.0145085623830949 -0.0051197806977985524 0.010604640469860802 -0.0021491543258218512 0.0043528944801969026 -0.0015373768498113747 0.012005947657803795 -0.0042835236346492403 0.0067010989661018053 0.0026983411516922039 0.0026937371008410884
leaf_weight=1703 96 1208 207 56 56 399 1177 110 366 78 45 142 625 650
leaf_count=1703 96 1208 207 56 56 399 1177 110 366 78 45 142 625 650
internal_value=0.000164637 -0.0011927 0.000391977 0.00295153 0.0055197 0.00604353 -0.00311212 -0.00152767 0.00222054 0.0056748 0.00866418 0.00385096 0.00112463 0.00379942
internal_weight=6918 5530 3035 1332 1388 1332 2495 1287 1276 285 586 187 991 746
internal_count=6918 5530 3035 1332 1388 1332 2495 1287 1276 285 586 187 991 746
is_linear=0
shrinkage=0.01


Tree=214
num_leaves=15
num_cat=0
split_feature=13 10 9 9 19 2 24 22 15 15 12 3 24 22
split_gain=361.801 215.671 131.346 105.729 110.335 87.0142 75.2984 65.6339 46.9659 45.0339 44.8658 41.7069 41.3949 42.5725
threshold=2.406057576325757 -0.0018084721950417484 1422.5000000000002 1165.5000000000002 289.4500000000001 0.3874259381171824 16.300000000000036 290.7385313088983 0.71924665222950768 1.0681207785057483 0.022393982368161893 0.066168534187701994 16.507500000000025 296.66234217130511
decision_type=2 2 2 2 10 2 10 10 2 2 2 2 10 10
left_child=1 8 3 4 5 -3 9 -6 -1 11 -7 -4 -9 -14
right_child=-2 2 6 -5 7 10 -8 12 -10 -11 -12 -13 13 -15
leaf_value=0.00053344996093140765 -0.0033653164541283332 0.018432529366851511 0.00092938697219318797 0.018006299173181084 -0.0039702719845000605 0.0077565024694133747 -0.00027153879128686577 -0.0018528064571321011 -0.0024116953437792548 -0.0028246490801505457 -0.0025501625191780833 0.0052684546864459085 0.010578681533751281 -0.0011802720434286379
leaf_weight=1285 2028 71 314 67 124 170 757 55 904 84 42 887 95 35
leaf_count=1285 2028 71 314 67 124 170 757 55 904 84 42 887 95 35
internal_value=0.000164344 0.00163796 0.0035188 0.00734976 0.00557833 0.00987784 0.00221831 0.0012491 -0.000689115 0.00367444 0.0056277 0.00417601 0.00484231 0.00761089
internal_weight=6918 4890 2701 659 592 283 2042 309 2189 1285 212 1201 185 130
internal_count=6918 4890 2701 659 592 283 2042 309 2189 1285 212 1201 185 130
is_linear=0
shrinkage=0.01


Tree=215
num_leaves=15
num_cat=0
split_feature=11 1 15 20 8 1 20 11 8 3 21 21 15 23
split_gain=419.556 208.63 119.068 114.878 153.926 91.3562 52.6953 47.5551 45.2665 43.7492 43.3844 63.0726 47.9346 41.1282
threshold=0.024186181654504809 1.0644190644558809 2.6415040341048548 195.06833333333319 467.50860000000006 2.0610566368845133 275.00166666666684 0.069283449343102183 29.165400000000002 0.1277585594731076 282.57142857142918 328.8428571428592 0.66342063769317716 25.600000000000026
decision_type=2 2 2 8 2 2 10 2 2 2 8 10 2 10
left_child=3 -2 7 4 -1 6 -5 8 -3 -10 12 -12 -11 -8
right_child=1 2 -4 5 -6 -7 13 -9 9 10 11 -13 -14 -15
leaf_value=0.0015622554501790679 -0.0036283708708559972 -6.6751118697156418e-05 -0.0048684455786930344 -0.00050693731590978461 0.021723605652805417 0.0094621526788515858 -0.0015640358511735215 -0.0036443307762744868 0.0054994414750765197 0.004449546131810104 -0.0016390000524912031 0.00587308455573614 -0.00054092537451037013 0.006487564924596385
leaf_weight=69 1873 1478 367 332 78 238 69 191 326 624 605 116 264 288
leaf_count=69 1873 1478 367 332 78 238 69 191 326 624 605 116 264 288
internal_value=0.000163914 -0.000895717 0.000402411 0.00584983 0.0136404 0.00434188 0.00234207 0.000965814 0.00124645 0.00224504 0.0015201 -0.000291006 0.00297564 0.00490443
internal_weight=6918 5844 3971 1074 147 927 689 3604 3413 1935 1609 721 888 357
internal_count=6918 5844 3971 1074 147 927 689 3604 3413 1935 1609 721 888 357
is_linear=0
shrinkage=0.01


Tree=216
num_leaves=15
num_cat=0
split_feature=11 1 2 20 15 1 1 9 15 20 2 20 1 2
split_gain=412.054 204.598 124.678 113.235 117.152 89.6944 78.6438 59.4509 53.0388 51.779 47.9921 38.3947 37.5156 36.249
threshold=0.024186181654504809 1.0571192145352233 0.51897828074894059 195.06833333333319 0.11665875592132696 2.0610566368845133 2.8284313725490198 1352.5000000000002 2.6415040341048548 267.15333333333405 0.31047488699253961 315.97166666666686 1.3333185376084644 0.284891078339157
decision_type=2 2 2 8 2 2 2 2 2 10 2 10 2 2
left_child=3 10 7 4 -1 9 8 11 -4 -5 -2 -3 -11 -9
right_child=1 2 6 5 -6 -7 -8 13 -10 12 -12 -13 -14 -15
leaf_value=0.021399870856018324 0.00086315386525187901 0.0087738684877067593 -0.00085696396178293343 -0.00088167586887340525 0.003339622125567235 0.0093748661797753603 0.0054923274041817193 0.005009358013637639 -0.0051910989086356865 -0.00077610928753162165 -0.0042453964060854684 0 0.0061485598355780803 0.00077087940567947995
leaf_weight=70 197 198 2054 286 77 238 154 237 312 94 1599 62 309 1031
leaf_count=70 197 198 2054 286 77 238 154 237 312 94 1599 62 309 1031
internal_value=0.000163358 -0.000886745 0.000360403 0.00579822 0.0135325 0.00430129 -0.00100202 0.0025977 -0.00147141 0.00231961 -0.00367621 0.00679872 0.00454941 0.00163633
internal_weight=6918 5844 4048 1074 147 927 2520 1528 2366 689 1796 260 403 1268
internal_count=6918 5844 4048 1074 147 927 2520 1528 2366 689 1796 260 403 1268
is_linear=0
shrinkage=0.01


Tree=217
num_leaves=15
num_cat=0
split_feature=0 2 23 7 12 12 4 14 14 2 6 11 15 15
split_gain=476.786 176.927 129.094 96.2402 85.4018 82.3796 73.6908 61.7066 67.5533 58.8275 44.7749 44.6945 42.7634 67.9594
threshold=0.99509915263651261 0.45998622308543341 38.300000000000018 1.0000000180025095e-35 0.015838659898604005 0.026720357176596463 0.17638752312695025 67.555787972333334 14.32263354392177 0.3939656776874309 0.98523777268751667 0.027992702151304488 0.083224359763866371 0.084576290118964961
decision_type=2 2 8 2 2 2 2 2 2 2 2 2 2 2
left_child=1 4 3 7 -1 6 -3 8 9 -2 -5 -11 -6 -14
right_child=2 5 -4 10 12 -7 -8 -9 -10 11 -12 -13 13 -15
leaf_value=0.0094466984371043075 0.011415322021291148 -0.0016402143162513284 -0.0037057088698084291 -0.0070910369160194558 -0.0028047549888429802 -0.0045689498463530641 0.0067765432789369867 -0.0023042539153580689 0.010867483323897285 -0.0013151258474239445 0.0026080102453410045 0.0054256678786248069 0.010250735205880712 0.0010893311817425665
leaf_weight=114 102 2903 128 42 221 1082 88 50 483 138 184 261 69 1053
leaf_count=114 102 2903 128 42 221 1082 88 50 483 138 184 261 69 1053
internal_value=0.000163174 -0.0011543 0.00536114 0.00633354 0.00181522 -0.00222269 -0.00134589 0.00760393 0.00815322 0.00520056 0.000334918 0.00311891 0.00103098 0.00183115
internal_weight=6918 5530 1388 1260 1457 4073 2991 1034 984 501 226 399 1343 1122
internal_count=6918 5530 1388 1260 1457 4073 2991 1034 984 501 226 399 1343 1122
is_linear=0
shrinkage=0.01


Tree=218
num_leaves=15
num_cat=0
split_feature=0 2 23 8 13 12 14 5 14 0 2 2 12 23
split_gain=467.514 174.043 126.745 122.28 83.1581 78.9308 54.6794 92.8319 54.4591 52.1881 74.819 44.3369 39.2576 38.2605
threshold=0.99509915263651261 0.40913190078935552 38.300000000000018 1697.5800000000002 7.6143717136279179 0.019029298680714544 67.555787972333334 0.10205164552485298 15.890343137194366 1.1536820766522433 0.66540616186462409 0.66698420351978605 0.023186216802755306 31.700000000000021
decision_type=2 2 8 2 2 2 2 2 2 2 2 2 2 10
left_child=1 3 4 -1 6 -3 7 -2 -9 10 12 -7 -10 -5
right_child=2 5 -4 13 -6 11 -8 8 9 -11 -12 -13 -14 -15
leaf_value=0.0014093564109521556 0.013880849196667794 -0.00045248261495326326 -0.0036736594603673832 0.021346860677003861 -0.0030647281353774758 -0.0018819677707585453 -0.0012126899103427099 0.003538344592035037 0.0099152156462272018 0.014619876240975545 -0.0018966314890513233 -0.004576915763351468 -0.0022699297128654108 0.0045132495620055129
leaf_weight=1017 182 1887 128 22 77 1378 70 521 205 102 82 1182 21 44
leaf_count=1017 182 1887 128 22 77 1378 70 521 205 102 82 1182 21 44
internal_value=0.000162535 -0.00114206 0.00530971 0.00241788 0.00627327 -0.00201821 0.00693022 0.00746355 0.00593299 0.00864657 0.00586707 -0.00315599 0.00864982 0.0139002
internal_weight=6918 5530 1388 1083 1260 4447 1183 1113 931 410 308 2560 226 66
internal_count=6918 5530 1388 1083 1260 4447 1183 1113 931 410 308 2560 226 66
is_linear=0
shrinkage=0.01


Tree=219
num_leaves=15
num_cat=0
split_feature=1 2 18 5 19 12 5 1 9 2 12 18 1 21
split_gain=360.844 262.816 125.762 123.406 90.9871 68.241 79.9094 68.1579 67.4893 55.0341 47.2717 38.257 35.7648 44.2244
threshold=1.4763982188948668 0.40086810340136408 -1.0602629885170243e-14 0.18607238457091174 335.25000000000006 0.011130594959556159 0.38025176456810766 0.99825265723162626 1393.5000000000002 0.66698420351978605 0.012074688564881543 0.49999999999999534 1.0491836323321913 319.90000000000015
decision_type=2 2 8 2 8 2 2 2 2 2 2 10 2 8
left_child=1 2 8 4 -2 6 -5 -3 -1 -9 -7 -12 -4 -14
right_child=3 7 12 5 -6 10 -8 9 -10 -11 11 -13 13 -15
leaf_value=0.019585543303401211 0.0099243529544363971 -0.0045572445032633834 -0.0013858248439154145 0.01144539153250824 -0.0066148609561579568 -0.0032983253365426275 0.0026558517068719775 -0.0004279094749734922 0.0041598478649364839 -0.003346108361231856 0.003533473467805462 -0.00086125607104011034 0.0037570504532276521 -0.0023501315818646473
leaf_weight=44 372 1142 277 137 22 193 371 1602 81 1082 531 294 642 128
leaf_count=44 372 1142 277 137 22 193 371 1602 81 1082 531 294 642 128
internal_value=0.000162328 -0.00125261 0.0028535 0.0038257 0.00870174 0.00246399 0.00538895 -0.00252132 0.0116112 -0.00162407 0.000919043 0.0019722 0.00160052 0.00269538
internal_weight=6918 4998 1172 1920 394 1526 508 3826 125 2684 1018 825 1047 770
internal_count=6918 4998 1172 1920 394 1526 508 3826 125 2684 1018 825 1047 770
is_linear=0
shrinkage=0.01


Tree=220
num_leaves=15
num_cat=0
split_feature=0 2 8 14 24 14 13 2 24 8 11 4 20 8
split_gain=452.347 168.058 163.464 117.519 105.602 84.4621 74.0858 69.0507 60.4236 53.0742 49.8603 46.4854 53.4946 46.352
threshold=0.99509915263651261 0.45998622308543341 1697.5800000000002 14.32263354392177 17.56083333333336 48.659852916307571 0.40974298840601092 0.4667717636802648 17.316666666666794 21.922200000000004 0.032605189010684155 0.19681617386906322 215.35999999999993 24.973650000000003
decision_type=2 2 2 2 8 2 2 2 10 2 2 2 10 2
left_child=1 2 13 4 7 10 9 -2 -4 -3 -5 12 -11 -1
right_child=3 6 8 5 -6 -7 -8 -9 -10 11 -12 -13 -14 -15
leaf_value=-0.00059284809923212511 0.011472985398556505 -0.0024888030119048191 0.022068349058926105 0.011631243190877921 -0.0010787297409611295 0.0017121703920752874 -0.0033848193277778412 0.0025704720787257515 0.0046900955518638645 0.0049279415919583772 0.00046102244899991679 0.0094247249489029256 -0.00082751391159702659 0.0031654176025337679
leaf_weight=865 134 843 30 409 395 155 2226 247 61 182 48 40 782 501
leaf_count=865 134 843 30 409 395 155 2226 247 61 182 48 40 782 501
internal_value=0.000161605 -0.00112163 0.00177239 0.00522462 0.00251945 0.00845061 -0.00216293 0.00614253 0.0134533 -0.000664475 0.0105475 0.000876232 0.00032701 0.000804121
internal_weight=6918 5530 1457 1388 776 612 4073 381 91 1847 457 1004 964 1366
internal_count=6918 5530 1457 1388 776 612 4073 381 91 1847 457 1004 964 1366
is_linear=0
shrinkage=0.01


Tree=221
num_leaves=15
num_cat=0
split_feature=4 8 20 15 15 4 2 3 20 3 20 8 25 20
split_gain=292.12 162.892 144.067 93.579 89.4286 87.2832 76.0398 55.6059 54.3952 49.7577 42.1999 47.7991 40.8188 38.7428
threshold=-0.10205120425988116 24.973650000000003 194.26333333333312 0.11665875592132696 0.72674210440156994 0.19681617386906322 0.51670852796590261 0.27497567288922159 313.08333333333343 0.17556065188112169 215.35999999999993 565.2225000000002 4.3000000000000123 316.73833333333448
decision_type=2 2 10 2 2 2 2 2 10 2 8 2 8 10
left_child=4 12 3 -3 9 6 13 -8 -7 -1 11 -11 -2 -4
right_child=1 2 5 -5 -6 8 7 -9 -10 10 -12 -13 -14 -15
leaf_value=-0.0041290631455402557 0.00080134284595376377 0.020170638297938488 0.0051537254652880039 0.0044981184301866308 -0.0033021680860526497 0.01139426819436001 -0.0015493423657491803 0.00373376934401591 -0.0020675940159708261 0.00072991297060820328 -0.00022825127209566597 0.0092217856766988668 -0.0027369282151332563 -0.001198892465033451
leaf_weight=232 921 68 760 98 1938 158 580 278 28 179 1009 92 478 99
leaf_count=232 921 68 760 98 1938 158 580 278 28 179 1009 92 478 99
internal_value=0.000161884 0.00220645 0.0039756 0.0124505 -0.00189134 0.00310932 0.00233178 0.000197105 0.00931522 -5.69855e-05 0.000725555 0.00408279 -0.000422077 0.00439959
internal_weight=6918 3468 2069 166 3450 1903 1717 858 186 1512 1280 271 1399 859
internal_count=6918 3468 2069 166 3450 1903 1717 858 186 1512 1280 271 1399 859
is_linear=0
shrinkage=0.01


Tree=222
num_leaves=15
num_cat=0
split_feature=11 1 20 15 2 2 1 1 25 9 20 22 1 15
split_gain=375.914 189.459 108.735 113.55 98.1499 98.069 84.5215 70.3815 53.5191 52.323 47.2474 40.6353 38.7173 37.4924
threshold=0.024186181654504809 1.1804479644969272 195.06833333333319 0.11665875592132696 0.30845825295648138 0.49995325348859482 2.0610566368845133 2.8284313725490198 -5.7999999999999821 1421.0000000000002 275.00166666666684 286.21214759504193 1.2125242678878592 2.6415040341048548
decision_type=2 2 8 2 2 2 2 2 10 2 10 10 2 2
left_child=2 4 3 -1 -2 9 8 13 -4 12 11 -10 -3 -7
right_child=1 5 6 -5 -6 7 -8 -9 10 -11 -12 -13 -14 -15
leaf_value=0.020850772224366664 0.0018973609007518794 -0.0012724197062910819 -0.0051840356029988679 0.003129642632473068 -0.0034341210171833971 -0.00042027760816258771 0.0090033562213918845 0.0057424904674355116 0.0072176000893567549 0.002288003739859097 0.0056591989987315313 -0.0015293414441944269 0.010208353849779243 -0.0053670650394357878
leaf_weight=70 386 29 69 77 2440 1781 238 156 46 760 323 251 143 149
leaf_count=70 386 29 69 77 2440 1781 238 156 46 760 323 251 143 149
internal_value=0.000161432 -0.000841512 0.00554355 0.0131146 -0.00269417 0.000896307 0.00408078 -0.000310197 0.00216028 0.00355699 0.00312971 0.000163754 0.00828965 -0.000858438
internal_weight=6918 5844 1074 147 2826 3018 927 2086 689 932 620 297 172 1930
internal_count=6918 5844 1074 147 2826 3018 927 2086 689 932 620 297 172 1930
is_linear=0
shrinkage=0.01


Tree=223
num_leaves=15
num_cat=0
split_feature=17 6 8 20 8 2 8 22 2 6 6 3 3 22
split_gain=287.327 185.47 197.218 150.747 69.9049 66.9164 71.704 59.693 56.8424 53.8612 50.0805 54.3393 49.9572 44.6686
threshold=3.9907509541349477 1.2001537305020842 390.01365000000004 215.35999999999993 467.50860000000006 0.49995325348859482 599.97555000000011 291.28130296687283 0.67337550549565706 1.4881370504453442 0.78335665727561821 0.30465829923307691 0.58425925925925937 290.7385313088983
decision_type=2 2 2 10 2 2 2 10 2 2 2 2 2 10
left_child=1 2 10 4 -4 -5 -7 9 -6 -3 -1 -12 -11 -8
right_child=-2 7 3 5 8 6 13 -9 -10 12 11 -13 -14 -15
leaf_value=-0.0021221010396803388 -0.0030814809544912644 0.0051770200403049018 6.4890542581899844e-05 0.0060576472100389959 0.017292629567802781 0.0035446324770201203 -0.0097503777411652778 0.0027611907546693988 0.0034633963289981084 0.016120027277188805 -0.00014209592506608234 0.0053129109011829968 0 -0.00080290145039009053
leaf_weight=1267 1941 240 47 274 124 275 62 338 55 110 1782 183 23 197
leaf_count=1267 1941 240 47 274 124 275 62 338 55 110 1782 183 23 197
internal_value=0.000161253 0.00143517 0.000631921 0.00439003 0.0112774 0.00222567 9.36931e-05 0.00609185 0.0138688 0.00879043 -0.000586925 0.000409302 0.0137164 -0.00352602
internal_weight=6918 4977 4266 1034 226 808 534 711 179 373 3232 1965 133 259
internal_count=6918 4977 4266 1034 226 808 534 711 179 373 3232 1965 133 259
is_linear=0
shrinkage=0.01


end of trees

feature_importances:
green_corr7=293
BG=287
catchment_area_sqkm=281
BR=275
elevation_m=185
pct_impervious_2006=174
pct_forest_2006=170
MNDWI=154
NDVI=150
pct_cropland_2006=126
fai=122
pct_wetland_2006=121
NR=111
srad_Wm2_prev30=104
tmax_degC_prev30=95
tmean_degC_prev30=76
pct_urban_2006=68
NDWI=63
precip_mm_prev3=45
NDSSI=43
nir_corr7=40
temp_corr7=37
tmin_degC_prev30=31
atm_corr_LaSRC=30
srad_Wm2_prev1=28
srad_Wm2_prev7=27

parameters:
[boosting: gbdt]
[objective: regression]
[metric: rmse]
[tree_learner: serial]
[device_type: cpu]
[data_sample_strategy: bagging]
[data: ]
[valid: ]
[num_iterations: 5000]
[learning_rate: 0.01]
[num_leaves: 15]
[num_threads: 0]
[seed: 0]
[deterministic: 0]
[force_col_wise: 0]
[force_row_wise: 0]
[histogram_pool_size: -1]
[max_depth: -1]
[min_data_in_leaf: 20]
[min_sum_hessian_in_leaf: 0.001]
[bagging_fraction: 0.6]
[pos_bagging_fraction: 1]
[neg_bagging_fraction: 1]
[bagging_freq: 0]
[bagging_seed: 3]
[bagging_by_query: 0]
[feature_fraction: 0.5]
[feature_fraction_bynode: 1]
[feature_fraction_seed: 2]
[extra_trees: 0]
[extra_seed: 6]
[early_stopping_round: 0]
[early_stopping_min_delta: 0]
[first_metric_only: 0]
[max_delta_step: 0]
[lambda_l1: 1]
[lambda_l2: 20]
[linear_lambda: 0]
[min_gain_to_split: 0]
[drop_rate: 0.1]
[max_drop: 50]
[skip_drop: 0.5]
[xgboost_dart_mode: 0]
[uniform_drop: 0]
[drop_seed: 4]
[top_rate: 0.2]
[other_rate: 0.1]
[min_data_per_group: 100]
[max_cat_threshold: 32]
[cat_l2: 10]
[cat_smooth: 10]
[max_cat_to_onehot: 4]
[top_k: 20]
[monotone_constraints: ]
[monotone_constraints_method: basic]
[monotone_penalty: 0]
[feature_contri: ]
[forcedsplits_filename: ]
[refit_decay_rate: 0.9]
[cegb_tradeoff: 1]
[cegb_penalty_split: 0]
[cegb_penalty_feature_lazy: ]
[cegb_penalty_feature_coupled: ]
[path_smooth: 0]
[interaction_constraints: ]
[verbosity: -1]
[saved_feature_importance_type: 0]
[use_quantized_grad: 0]
[num_grad_quant_bins: 4]
[quant_train_renew_leaf: 0]
[stochastic_rounding: 1]
[linear_tree: 0]
[max_bin: 255]
[max_bin_by_feature: ]
[min_data_in_bin: 3]
[bin_construct_sample_cnt: 200000]
[data_random_seed: 1]
[is_enable_sparse: 1]
[enable_bundle: 1]
[use_missing: 1]
[zero_as_missing: 0]
[feature_pre_filter: 1]
[pre_partition: 0]
[two_round: 0]
[header: 0]
[label_column: ]
[weight_column: ]
[group_column: ]
[ignore_column: ]
[categorical_feature: ]
[forcedbins_filename: ]
[precise_float_parser: 0]
[parser_config_file: ]
[objective_seed: 5]
[num_class: 1]
[is_unbalance: 0]
[scale_pos_weight: 1]
[sigmoid: 1]
[boost_from_average: 1]
[reg_sqrt: 0]
[alpha: 0.9]
[fair_c: 1]
[poisson_max_delta_step: 0.7]
[tweedie_variance_power: 1.5]
[lambdarank_truncation_level: 30]
[lambdarank_norm: 1]
[label_gain: ]
[lambdarank_position_bias_regularization: 0]
[eval_at: ]
[multi_error_top_k: 1]
[auc_mu_weights: ]
[num_machines: 1]
[local_listen_port: 12400]
[time_out: 120]
[machine_list_filename: ]
[machines: ]
[gpu_platform_id: -1]
[gpu_device_id: -1]
[gpu_device_id_list: ]
[gpu_use_dp: 0]
[num_gpu: 1]

end of parameters

pandas_categorical:[]
