tree
version=v4
num_class=1
num_tree_per_iteration=1
label_index=0
max_feature_idx=24
objective=regression
feature_names=BG BR MNDWI NDSSI NDVI NDWI NR atm_corr_LaSRC catchment_area_sqkm elevation_m fai green_corr7 nir_corr7 pct_cropland_2006 pct_forest_2006 pct_impervious_2006 pct_wetland_2006 shore_flag srad_Wm2_prev1 srad_Wm2_prev30 swir1_corr7 temp_corr7 tmax_degC_prev30 tmean_degC_prev30 tmin_degC_prev30
feature_infos=[0.12830030126777722:2.2033088716179861] [-105.87161617224014:92.127279903956847] [0.024880271524219028:1.6666666666666667] [-0.68388911486000381:1] [-1:1.0917556111650639] [-0.21741769238387876:1] [-22.797032079074647:14.055159328485072] [0:1] [0.16289999999999999:8426.6694000000007] [586:3506] [-0.085655864770718459:0.063646464646464646] [0.0050000000000000001:0.16600000000000001] [0:0.13300000000000001] [0:76.178382012400093] [0:90.328758378550901] [0:43.09341660161332] [0:33.866154426645622] [0:1] [37.200000000000003:362.20000000000005] [65.353333333332927:345.65666666666664] [-0.002:0.060136068068232663] [272.50441569690122:306.76999999999998] [8.3500000000000227:44.550000000000011] [-5.3849999999999767:31.364999999999917] [-27.449999999999989:20.650000000000034]
tree_sizes=728 766 755 776 779 769 777 772 767 765 777 774 777 765 782 762 776 764 771 771 771 778 766 777 773 771 779 777 778 766 781 745 772 773 763 769 772 776 771 782 768 769 769 772 772 766 774 771 759 750 775 767 780 765 771 772 773 767 781 778 781 770 770 765 772 768 776 774 752 774 766 770 766 770 770 777 767 778 772 774 771 766 774 769 772 768 776 765 773 776 772 769 766 759 767 778 767 772 768 769 770 782 762 767 777 770 778 774 776 778 775 748 786 770 765 777 779 765 776 774 738 766 752 765 763 779 756 772 780 782 782 768 765 754 756 765 744 765 780 755 773 771 777 766 772 767 758 756 767 774 757 785 745 781 762 781 767 766 773 776 751 766 772 781 773 784 775 793 776 795 780 777 773 770 783 741 774 771 757 743 759 737 766 758 755

Tree=0
num_leaves=7
num_cat=0
split_feature=1 2 6 8 1 12
split_gain=9088.62 3063.3 2238 1320.02 805.135 711.454
threshold=1.3961909846460621 0.52995658537098367 0.8451032284338228 353.03220000000005 1.0299847454823723 0.010464426607230662
decision_type=2 2 2 2 2 2
left_child=1 3 5 4 -1 -2
right_child=2 -3 -4 -5 -6 -7
leaf_value=3.3391680304941502 3.4291696736683046 3.3323498452382774 3.4525407121426186 3.4382783647326702 3.3839824011231361 3.3765043895398703
leaf_weight=460 324 2213 1448 304 1425 679
leaf_count=460 324 2213 1448 304 1425 679
internal_value=3.38282 3.35707 3.42891 3.38237 3.37278 3.39394
internal_weight=6853 4402 2451 2189 1885 1003
internal_count=6853 4402 2451 2189 1885 1003
is_linear=0
shrinkage=1


Tree=1
num_leaves=7
num_cat=0
split_feature=0 0 10 4 0 14
split_gain=11543.4 2901.13 1915.53 907.387 622.405 368.101
threshold=0.90188618595086767 1.0886072067415673 -0.0067373737373737363 -1.0000000180025095e-35 0.82351320743855083 11.795512369064053
decision_type=2 2 2 2 2 2
left_child=2 3 -1 -2 -4 -3
right_child=1 5 4 -5 -6 -7
leaf_value=-0.062361376101014873 0.012558172461039208 0.064837871194920613 -0.031780150663593888 0.051801895902161534 -0.0019017689457083854 0.1203041824655065
leaf_weight=1361 1418 304 1359 859 1177 375
leaf_count=1361 1418 304 1359 859 1177 375
internal_value=0 0.0445464 -0.0338326 0.0277503 -0.0180952 0.0982512
internal_weight=6853 2956 3897 2277 2536 679
internal_count=6853 2956 3897 2277 2536 679
is_linear=0
shrinkage=0.03


Tree=2
num_leaves=7
num_cat=0
split_feature=0 11 11 9 0 0
split_gain=10889.7 2625.34 2236.14 1025.22 973.001 823.86
threshold=0.93717757240540722 0.03225325646719001 0.022290684228495783 2401.5000000000005 0.81494565101168004 1.0886072067415673
decision_type=2 2 2 2 2 2
left_child=1 -1 3 -2 -3 -4
right_child=2 4 5 -5 -6 -7
leaf_value=0.0076430243572113785 0.12000614456649375 -0.055147786169336896 0.020470740767976846 0.030502108077290559 -0.020565999552342534 0.071016518915740151
leaf_weight=1378 499 1920 1241 176 1261 378
leaf_count=1378 499 1920 1241 176 1261 378
internal_value=0 -0.0267846 0.0530639 0.098434 -0.0417 0.0330861
internal_weight=6853 4559 2294 675 3181 1619
internal_count=6853 4559 2294 675 3181 1619
is_linear=0
shrinkage=0.03


Tree=3
num_leaves=7
num_cat=0
split_feature=11 10 1 1 2 11
split_gain=9224.14 2575.94 2141.25 981.223 620.065 502.608
threshold=0.029067438789956265 -0.0052811208215593477 1.6677997554550095 1.1908926800915662 0.37629777124491698 0.022009118257899463
decision_type=2 2 2 2 2 2
left_child=2 -2 -1 4 -3 -4
right_child=1 3 5 -5 -6 -7
leaf_value=0.028419955465385782 -0.052918831185400486 -0.0013091222313864265 0.11122974576102569 0.0086436082373564441 -0.044026493249528467 0.052058705150187512
leaf_weight=1502 1730 533 460 1626 726 276
leaf_count=1502 1730 533 460 1626 726 276
internal_value=1.55017e-05 -0.0241852 0.0497586 -0.0066576 -0.0263626 0.0912032
internal_weight=6853 4615 2238 2885 1259 736
internal_count=6853 4615 2238 2885 1259 736
is_linear=0
shrinkage=0.03


Tree=4
num_leaves=7
num_cat=0
split_feature=10 8 6 21 16 10
split_gain=7307.38 3007.31 2037.65 1078.82 969.656 711.519
threshold=-0.0035099870093014437 390.01365000000004 1.2051278129401368 294.6910528688403 0.51263142394566519 -0.0091749073446847369
decision_type=2 2 2 10 2 2
left_child=5 2 4 -3 -2 -1
right_child=1 3 -4 -5 -6 -7
leaf_value=-0.059951901139712306 0.020468374004097865 0.087618072917955037 0.056178248190679847 0.0059396572568193428 -0.014516071363019516 -0.025768080775361159
leaf_weight=1142 1144 704 673 191 1819 1180
leaf_count=1142 1144 704 673 191 1819 1180
internal_value=2.39494e-05 0.022204 0.00986369 0.070862 -0.000911789 -0.0430127
internal_weight=6853 4531 3636 895 2963 2322
internal_count=6853 4531 3636 895 2963 2322
is_linear=0
shrinkage=0.03


Tree=5
num_leaves=7
num_cat=0
split_feature=0 11 11 0 9 1
split_gain=9596.39 2628.74 1675.21 1013.87 988.097 586.121
threshold=0.90188618595086767 0.022009118257899463 0.032078216370458136 1.0886072067415673 2401.5000000000005 1.0299847454823723
decision_type=2 2 2 2 2 2
left_child=2 4 -1 -3 -2 -4
right_child=1 3 5 -5 -6 -7
leaf_value=0.0025149153860950131 0.10935914144378188 0.01403686185027112 -0.059418494757574887 0.067226180654356718 0.026917209561423978 -0.030731744648409765
leaf_weight=1000 545 1833 1129 380 198 1768
leaf_count=1000 545 1833 1129 380 198 1768
internal_value=2.93391e-05 0.0406608 -0.0308029 0.0237576 0.0888675 -0.0422935
internal_weight=6853 2956 3897 2213 743 2897
internal_count=6853 2956 3897 2213 743 2897
is_linear=0
shrinkage=0.03


Tree=6
num_leaves=7
num_cat=0
split_feature=0 10 0 0 10 16
split_gain=9052.04 2084.54 1682.72 760.663 578.056 386.006
threshold=0.93717757240540722 -0.0037034433320374464 1.090834309561991 0.82351320743855083 -0.0019931076242434352 3.4097677133620552
decision_type=2 2 2 2 2 2
left_child=1 -1 4 -3 -2 -4
right_child=2 3 5 -5 -6 -7
leaf_value=-0.047084325545098636 0.0018122322399860252 -0.025696521873393826 0.10520515463857782 0.0073325838625774818 0.042129052200106168 0.047111902704987774
leaf_weight=2009 449 1042 445 1508 1186 214
leaf_count=2009 449 1042 445 1508 1186 214
internal_value=4.11089e-05 -0.0243764 0.0484236 -0.00620059 0.0313037 0.0885045
internal_weight=6853 4559 2294 2550 1635 659
internal_count=6853 4559 2294 2550 1635 659
is_linear=0
shrinkage=0.03


Tree=7
num_leaves=7
num_cat=0
split_feature=11 11 11 9 9 4
split_gain=7673.42 1732.57 1723.36 923.759 706.009 652.06
threshold=0.029067438789956265 0.049367376820980059 0.019796903093877095 2401.5000000000005 1338.0000000000002 -0.035684417604476597
decision_type=2 2 2 2 2 2
left_child=2 5 3 -1 -4 -2
right_child=1 -3 4 -5 -6 -7
leaf_value=0.10794823782714372 -0.018096581519554438 -0.046965945525974731 0.066977745658191659 0.018355095650330517 0.017856602795009724 0.011418563665558644
leaf_weight=465 2024 1609 325 149 1299 982
leaf_count=465 2024 1609 325 149 1299 982
internal_value=5.26045e-05 -0.0220185 0.0454239 0.0877081 0.0284733 -0.00839326
internal_weight=6853 4615 2238 614 1624 3006
internal_count=6853 4615 2238 614 1624 3006
is_linear=0
shrinkage=0.03


Tree=8
num_leaves=7
num_cat=0
split_feature=1 2 14 1 2 1
split_gain=6358.36 2169.92 1894.63 723.226 689.67 672.153
threshold=1.3961909846460621 0.52995658537098367 14.526378100694391 1.7055998836138067 0.49493202822374927 1.0571192145352233
decision_type=2 2 2 2 2 2
left_child=1 5 4 -4 -2 -1
right_child=2 -3 3 -5 -6 -7
leaf_value=-0.025593026617764525 0.052775876953091008 -0.04225829080333604 0.040755087017658502 0.091716387725410686 0.0017163367400447362 0.010474507967272964
leaf_weight=641 293 2213 579 550 1029 1548
leaf_count=641 293 2213 579 550 1029 1548
internal_value=6.60846e-05 -0.0214509 0.0386321 0.0668761 0.0137625 -0.000155257
internal_weight=6853 4402 2451 1129 1322 2189
internal_count=6853 4402 2451 1129 1322 2189
is_linear=0
shrinkage=0.03


Tree=9
num_leaves=7
num_cat=0
split_feature=0 0 6 6 1 22
split_gain=7984.09 2077.63 1131.25 659.01 504.678 402.125
threshold=0.90188618595086767 1.0886072067415673 0.8451032284338228 1.049013132425564 1.0906631365472974 35.000000000000036
decision_type=2 2 2 2 2 10
left_child=2 3 -1 5 -4 -2
right_child=1 -3 4 -5 -6 -7
leaf_value=-0.040960626099040172 0.02155385734152784 0.082592586608675536 -0.031137595349898586 0.048455153446539292 0.0046523505285651755 -0.01107236365317584
leaf_weight=2369 1188 679 519 637 1009 452
leaf_count=2369 1188 679 519 637 1009 452
internal_value=7.67244e-05 0.0371398 -0.0280446 0.0229194 -0.00765239 0.0124463
internal_weight=6853 2956 3897 2277 1528 1640
internal_count=6853 2956 3897 2277 1528 1640
is_linear=0
shrinkage=0.03


Tree=10
num_leaves=7
num_cat=0
split_feature=1 10 10 14 9 14
split_gain=5741.88 2008.71 1855.77 875.299 898.225 749.637
threshold=1.418716518885675 -0.0055635361746848465 -0.002075163413802377 0.24343759247946584 1156.0000000000002 14.526378100694391
decision_type=2 2 2 2 2 2
left_child=1 -1 -2 -3 -5 -4
right_child=2 3 5 4 -6 -7
leaf_value=-0.048219858449012803 -0.0018485811987137485 -0.032186388815154045 0.03089108794962717 0.056437435260947001 -0.0027105424351370282 0.074053501754150042
leaf_weight=1461 710 800 696 240 2037 909
leaf_count=1461 710 800 696 240 2037 909
internal_value=8.08899e-05 -0.019495 0.0383573 -0.00558434 0.00389558 0.0560392
internal_weight=6853 4538 2315 3077 2277 1605
internal_count=6853 4538 2315 3077 2277 1605
is_linear=0
shrinkage=0.03


Tree=11
num_leaves=7
num_cat=0
split_feature=0 11 11 0 11 0
split_gain=7263.57 1814.03 1487.76 637.492 484.604 463.302
threshold=0.95332890264960579 0.036207150348735354 0.024186181654504809 0.84091959220919577 0.022009118257899463 1.0996773227721872
decision_type=2 2 2 2 2 2
left_child=1 4 -2 -3 -1 -4
right_child=2 3 5 -5 -6 -7
leaf_value=0.034656783700353751 0.079121274766322025 -0.044496277894667903 0.014970885396337391 -0.01317509893457422 -0.0044645947073206592 0.057291681237255955
leaf_weight=325 788 1993 959 877 1605 306
leaf_count=325 788 1993 959 877 1605 306
internal_value=8.38248e-05 -0.0200908 0.047064 -0.0351346 0.00233417 0.0260573
internal_weight=6853 4800 2053 2870 1930 1265
internal_count=6853 4800 2053 2870 1930 1265
is_linear=0
shrinkage=0.03


Tree=12
num_leaves=7
num_cat=0
split_feature=0 11 11 9 0 10
split_gain=6850.89 1939.01 1194.44 835.147 757.326 407.148
threshold=0.90188618595086767 0.022009118257899463 0.032078216370458136 2401.5000000000005 1.0886072067415673 -0.0091749073446847369
decision_type=2 2 2 2 2 2
left_child=2 3 -1 -2 -3 -4
right_child=1 4 5 -5 -6 -7
leaf_value=0.0021555232523447448 0.094596356077399926 0.011496736661479387 -0.050633583141434263 0.019553898392296439 0.057471088194265024 -0.026393686877740734
leaf_weight=1000 545 1833 1067 198 380 1830
leaf_count=1000 545 1833 1067 198 380 1830
internal_value=9.21268e-05 0.0344259 -0.0259557 0.0758318 0.0199023 -0.0356589
internal_weight=6853 2956 3897 743 2213 2897
internal_count=6853 2956 3897 743 2213 2897
is_linear=0
shrinkage=0.03


Tree=13
num_leaves=7
num_cat=0
split_feature=1 2 10 8 14 19
split_gain=4908.65 1771.77 1634.12 1029.56 664.827 552.396
threshold=1.418716518885675 0.53524277834643719 -0.002075163413802377 353.03220000000005 14.526378100694391 219.62500000000011
decision_type=2 2 2 2 2 10
left_child=1 3 -2 -1 -4 -5
right_child=2 -3 4 5 -6 -7
leaf_value=-0.0076285830676848512 -0.0022128717525390115 -0.036835062589845355 0.028418231031651916 0.1128547586241494 0.069043882275037813 0.022645505033801062
leaf_weight=1977 710 2243 696 72 909 246
leaf_count=1977 710 2243 696 72 909 246
internal_value=0.000100122 -0.0179982 0.035492 0.00050629 0.0520857 0.0489833
internal_weight=6853 4538 2315 2295 1605 318
internal_count=6853 4538 2315 2295 1605 318
is_linear=0
shrinkage=0.03


Tree=14
num_leaves=7
num_cat=0
split_feature=0 0 11 22 11 11
split_gain=6258.09 1571.19 1293.51 511.076 504.939 468.464
threshold=0.95332890264960579 0.82483643160812448 0.024186181654504809 38.500000000000036 0.024186181654504809 0.039153429752138071
decision_type=2 2 2 8 2 2
left_child=1 5 -2 -4 -3 -1
right_child=2 4 3 -5 -6 -7
leaf_value=-0.015266784707681067 0.073617124289193814 0.028887445993826422 0.031944224849050518 -0.020203499987094413 -0.0072262281013175519 -0.043884226236120136
leaf_weight=804 788 406 1083 182 1890 1700
leaf_count=804 788 406 1083 182 1890 1700
internal_value=0.000113381 -0.0186114 0.0437221 0.0241271 -0.000581193 -0.0349488
internal_weight=6853 4800 2053 1265 2296 2504
internal_count=6853 4800 2053 1265 2296 2504
is_linear=0
shrinkage=0.03


Tree=15
num_leaves=7
num_cat=0
split_feature=1 10 2 1 9 22
split_gain=4450.21 1567.9 1447 857.612 444.78 467.081
threshold=1.310175440566858 -0.002075163413802377 0.43179906562160059 1.6677997554550095 1156.0000000000002 30.800000000000015
decision_type=2 2 2 2 2 10
left_child=2 -2 4 -3 5 -1
right_child=1 3 -4 -5 -6 -7
leaf_value=0.10361029141827632 -0.0044472582944621039 0.023469065216865301 -0.03524165216394317 0.062827649785000952 -0.0035506349270972791 0.0063784667431748101
leaf_weight=56 974 1175 2446 926 1153 123
leaf_count=56 974 1175 2446 926 1153 123
internal_value=0.000112849 0.0268368 -0.0216257 0.0413156 0.00341835 0.044907
internal_weight=6853 3075 3778 2101 1332 179
internal_count=6853 3075 3778 2101 1332 179
is_linear=0
shrinkage=0.03


Tree=16
num_leaves=7
num_cat=0
split_feature=0 0 22 6 11 11
split_gain=5714.65 1739.12 846.754 586.392 586.005 428.621
threshold=0.98067445558201249 0.82483643160812448 38.300000000000018 1.0881693672004278 0.019796903093877095 0.039153429752138071
decision_type=2 2 8 2 2 2
left_child=1 5 4 -3 -2 -1
right_child=2 3 -4 -5 -6 -7
leaf_value=-0.014389530565720775 0.085995307290092263 -0.0055714678810536086 -0.01755277439310567 0.029000789296045344 0.041961359948093739 -0.041765927378001597
leaf_weight=804 412 2163 147 533 1094 1700
leaf_count=804 412 2163 147 533 1094 1700
internal_value=0.000122824 -0.0153198 0.0483943 0.00137147 0.0550753 -0.0332188
internal_weight=6853 5200 1653 2696 1506 2504
internal_count=6853 5200 1653 2696 1506 2504
is_linear=0
shrinkage=0.03


Tree=17
num_leaves=7
num_cat=0
split_feature=0 0 22 8 6 6
split_gain=5384.62 1638.3 799.85 970.493 553.622 448.369
threshold=0.98067445558201249 0.82483643160812448 38.300000000000018 467.50860000000006 1.1898361925290739 1.1822677294035564
decision_type=2 2 8 2 2 2
left_child=1 -1 3 5 -3 -2
right_child=2 4 -4 -5 -6 -7
leaf_value=-0.032237413009593041 0.025140998010569623 -0.0037282934569980602 -0.017089254749704619 0.095342312323212011 0.037010315910651029 0.067906318453320277
leaf_weight=2504 815 2373 147 369 323 322
leaf_count=2504 815 2373 147 369 323 322
internal_value=0.000124611 -0.0148648 0.046982 0.0534763 0.00133385 0.0383463
internal_weight=6853 5200 1653 1506 2696 1137
internal_count=6853 5200 1653 1506 2696 1137
is_linear=0
shrinkage=0.03


Tree=18
num_leaves=7
num_cat=0
split_feature=11 1 1 6 11 1
split_gain=4693.09 1227.74 1111.76 694.332 310.803 303.941
threshold=0.029067438789956265 1.0386729304379201 1.6677997554550095 0.89437349410086708 0.019796903093877095 2.0273262943799168
decision_type=2 2 2 2 2 2
left_child=2 -2 -1 5 -4 -3
right_child=1 3 4 -5 -6 -7
leaf_value=0.020211984883691657 -0.04157280780066204 -0.020106944933081287 0.086056369616630948 0.011483891611877897 0.04165348701711212 0.024184106236696243
leaf_weight=1502 1304 2040 364 1141 372 130
leaf_count=1502 1304 2040 364 1141 372 130
internal_value=0.000135918 -0.0171202 0.0356229 -0.00725304 0.0655077 -0.0171884
internal_weight=6853 4615 2238 3311 736 2170
internal_count=6853 4615 2238 3311 736 2170
is_linear=0
shrinkage=0.03


Tree=19
num_leaves=7
num_cat=0
split_feature=0 11 11 8 0 11
split_gain=4897.39 1421.94 869.481 648.763 580.89 285.265
threshold=0.90188618595086767 0.022009118257899463 0.039153429752138071 26.745300000000004 1.0886072067415673 0.024475109035076954
decision_type=2 2 2 2 2 2
left_child=2 3 5 -2 -3 -1
right_child=1 4 -4 -5 -6 -7
leaf_value=0.020110132677180915 0.020137327819490642 0.0093661769441192849 -0.033938075565301422 0.083280026387510864 0.049628998922591559 -0.0111429950378262
leaf_weight=304 234 1833 2249 509 380 1344
leaf_count=304 234 1833 2249 509 380 1344
internal_value=0.000143792 0.0291758 -0.0218761 0.0646396 0.0167296 -0.00511592
internal_weight=6853 2956 3897 743 2213 1648
internal_count=6853 2956 3897 743 2213 1648
is_linear=0
shrinkage=0.03


Tree=20
num_leaves=7
num_cat=0
split_feature=11 1 1 6 15 13
split_gain=4218.11 1190.68 954.024 672.168 580.055 351.496
threshold=0.028168050531988353 1.0386729304379201 1.6677997554550095 0.89437349410086708 0.17021881020370608 7.6143717136279179
decision_type=2 2 2 2 2 2
left_child=2 -2 4 -3 -1 -4
right_child=1 3 5 -5 -6 -7
leaf_value=0.042801820296927383 -0.039488155790949976 -0.015783692394262215 0.069487592400900064 0.011695503048487323 0.0034263111450579422 -0.0056433576618547775
leaf_weight=576 1315 2229 654 1221 804 54
leaf_count=576 1315 2229 654 1221 804 54
internal_value=0.000152786 -0.0154023 0.0355314 -0.00600386 0.0203451 0.0635536
internal_weight=6853 4765 2088 3450 1380 708
internal_count=6853 4765 2088 3450 1380 708
is_linear=0
shrinkage=0.03


Tree=21
num_leaves=7
num_cat=0
split_feature=0 10 0 23 8 8
split_gain=4492.68 1383.27 631.874 617.297 714.741 421.96
threshold=0.98067445558201249 -0.0067373737373737363 0.83921900132740346 22.030833333333366 467.50860000000006 42.876900000000013
decision_type=2 2 2 8 2 2
left_child=1 -1 -3 4 -2 -4
right_child=3 2 5 -5 -6 -7
leaf_value=-0.038053299483441182 0.036050621184236041 -0.018182950925885795 -0.0028572578432749809 -0.0049547475719649023 0.085679406245603926 0.024633167429378718
leaf_weight=1464 1082 1564 1425 203 368 747
leaf_count=1464 1082 1564 1425 203 368 747
internal_value=0.000154008 -0.013536 -0.00373719 0.0429567 0.0497424 0.00666738
internal_weight=6853 5200 3736 1653 1450 2172
internal_count=6853 5200 3736 1653 1450 2172
is_linear=0
shrinkage=0.03


Tree=22
num_leaves=7
num_cat=0
split_feature=11 8 1 23 1 6
split_gain=3832.22 1595.18 1107.37 810.687 715.791 439.951
threshold=0.034137739864056486 467.50860000000006 1.57220418330556 17.615833333333338 1.0299847454823723 0.89437349410086708
decision_type=2 2 2 10 2 2
left_child=1 2 -1 -3 -2 -6
right_child=4 3 -4 -5 5 -7
leaf_value=0.0012869894602375463 -0.040507438415928236 0.10099015269360759 0.042212833086612347 0.019302073107548775 -0.01942104781286207 0.0082455188023270991
leaf_weight=1849 1132 310 864 188 1811 699
leaf_count=1849 1132 310 864 188 1811 699
internal_value=0.000155264 0.0239904 0.0145889 0.0723776 -0.0208345 -0.0116527
internal_weight=6853 3211 2713 498 3642 2510
internal_count=6853 3211 2713 498 3642 2510
is_linear=0
shrinkage=0.03


Tree=23
num_leaves=7
num_cat=0
split_feature=0 10 0 14 8 22
split_gain=4068.58 1070.83 781.444 441.996 472.002 441.308
threshold=0.95332890264960579 -0.0037034433320374464 1.0948045632924039 0.24343759247946584 77.666400000000024 38.500000000000036
decision_type=2 2 2 2 2 8
left_child=1 -1 5 -3 -5 -2
right_child=2 3 -4 4 -6 -7
leaf_value=-0.031300551953450662 0.028723776089312966 -0.022300930941462582 0.062627686888236708 -0.0043061200562633586 0.027653204142656582 -0.018857602224282882
leaf_weight=2041 1228 733 639 1471 555 186
leaf_count=2041 1228 733 639 1471 555 186
internal_value=0.000161702 -0.0149321 0.0353277 -0.00263132 0.0045602 0.0221845
internal_weight=6853 4800 2053 2759 2026 1414
internal_count=6853 4800 2053 2759 2026 1414
is_linear=0
shrinkage=0.03


Tree=24
num_leaves=7
num_cat=0
split_feature=0 0 23 8 1 10
split_gain=3847.13 1187.64 536.056 637.876 490.587 411.076
threshold=0.98067445558201249 0.82351320743855083 22.030833333333366 467.50860000000006 1.5006751295101186 -0.0035099870093014437
decision_type=2 2 8 2 2 2
left_child=1 -1 3 4 -2 -3
right_child=2 5 -4 -5 -6 -7
leaf_value=-0.027447597768712858 0.0070349474005773245 -0.017937349377640497 -0.0048188879935597085 0.080018640974951788 0.049034712541058373 0.0081841984346442652
leaf_weight=2478 423 720 203 368 659 2002
leaf_count=2478 423 720 203 368 659 2002
internal_value=0.000159229 -0.0125075 0.0397691 0.0460941 0.033177 0.00113961
internal_weight=6853 5200 1653 1450 1082 2722
internal_count=6853 5200 1653 1450 1082 2722
is_linear=0
shrinkage=0.03


Tree=25
num_leaves=7
num_cat=0
split_feature=0 0 4 4 9 12
split_gain=3641.04 1082.8 561.242 410.1 261.341 246.815
threshold=0.90188618595086767 1.0948045632924039 -0.071428571428571411 -1.0000000180025095e-35 1411.0000000000002 0.017075828356138925
decision_type=2 2 2 2 2 2
left_child=2 3 -1 -2 -5 -4
right_child=1 -3 5 4 -6 -7
leaf_value=-0.027301002510936256 0.0051093291339262686 0.059292021067685843 0.019397040037011062 0.058587578901055232 0.020250394074382842 -0.010195825402339358
leaf_weight=2497 1432 639 307 223 662 1093
leaf_count=2497 1432 639 307 223 662 1093
internal_value=0.000162665 0.0251982 -0.018821 0.0153044 0.0311575 -0.0034191
internal_weight=6853 2956 3897 2317 885 1400
internal_count=6853 2956 3897 2317 885 1400
is_linear=0
shrinkage=0.03


Tree=26
num_leaves=7
num_cat=0
split_feature=0 10 11 11 9 13
split_gain=3445.65 1165.21 598.363 525.934 550.517 335.313
threshold=0.99509915263651261 -0.0067373737373737363 0.024186181654504809 0.022009118257899463 2401.5000000000005 0.42996321795718195
decision_type=2 2 2 2 2 2
left_child=1 -1 -3 4 -2 -4
right_child=3 2 5 -5 -6 -7
leaf_value=-0.033773569201170535 0.079595987113777453 0.024063068285637732 -0.0013957569862511167 0.02565028948234092 0.0049254320553959677 -0.022613574783410098
leaf_weight=1469 410 618 2300 997 121 938
leaf_count=1469 410 618 2300 997 121 938
internal_value=0.000170018 -0.0112233 -0.00246381 0.0396041 0.0636493 -0.00768937
internal_weight=6853 5325 3856 1528 531 3238
internal_count=6853 5325 3856 1528 531 3238
is_linear=0
shrinkage=0.03


Tree=27
num_leaves=7
num_cat=0
split_feature=11 10 8 14 1 8
split_gain=3094.02 1105.21 1057.6 583.639 536.525 411.577
threshold=0.025593909851723873 -0.0055635361746848465 467.50860000000006 0.21344667982076007 2.0610566368845133 25.243200000000005
decision_type=2 2 2 2 2 2
left_child=2 -2 4 -3 -1 -5
right_child=1 3 -4 5 -6 -7
leaf_value=0.014053251180011446 -0.030423340195598364 -0.021296107999842204 0.0857470487594027 -0.0067930950904336344 0.065606526533964191 0.016587853283247397
leaf_weight=1008 1701 940 309 1221 211 1463
leaf_count=1008 1701 940 309 1221 211 1463
internal_value=0.000171592 -0.0106236 0.0375405 -0.00117308 0.0240128 0.00592439
internal_weight=6853 5325 1528 3624 1219 2684
internal_count=6853 5325 1528 3624 1219 2684
is_linear=0
shrinkage=0.03


Tree=28
num_leaves=7
num_cat=0
split_feature=11 10 8 14 4 8
split_gain=2920.58 1043.58 998.557 605.149 441.392 377.839
threshold=0.025593909851723873 -0.0065959595959595926 467.50860000000006 0.21344667982076007 0.15052084412404096 25.243200000000005
decision_type=2 2 2 2 2 2
left_child=2 -2 4 -3 -1 -5
right_child=1 3 -4 5 -6 -7
leaf_value=0.012581087909170291 -0.03099327162424953 -0.021599015447675673 0.083331015126094615 -0.0065576930883513808 0.054948302416550757 0.015418384842338741
leaf_weight=934 1537 998 309 1270 285 1520
leaf_count=934 1537 998 309 1270 285 1520
internal_value=0.000177224 -0.0103105 0.0364842 -0.00176022 0.0233346 0.00538608
internal_weight=6853 5325 1528 3788 1219 2790
internal_count=6853 5325 1528 3788 1219 2790
is_linear=0
shrinkage=0.03


Tree=29
num_leaves=7
num_cat=0
split_feature=1 10 8 2 6 24
split_gain=2392.04 1053.89 751.027 680.255 553.427 252.674
threshold=1.2142949772507745 -0.0019931076242434352 467.50860000000006 0.40096976097440784 1.2051278129401368 6.6000000000000236
decision_type=2 2 2 2 2 10
left_child=3 -2 4 -1 -3 -4
right_child=1 2 5 -5 -6 -7
leaf_value=0.0012873178049292321 -0.005770439793284403 0.010181988374505423 0.076885439826210378 -0.02934151224469099 0.043928797002703517 0.0035482928588202126
leaf_weight=934 1321 1568 301 2066 607 56
leaf_count=934 1321 1568 301 2066 607 56
internal_value=0.00018126 0.0158079 0.0270816 -0.0198107 0.0199828 0.066578
internal_weight=6853 3853 2532 3000 2175 357
internal_count=6853 3853 2532 3000 2175 357
is_linear=0
shrinkage=0.03


Tree=30
num_leaves=7
num_cat=0
split_feature=11 10 13 11 13 16
split_gain=2646.47 942.557 515.387 415.989 372.718 317.978
threshold=0.025593909851723873 -0.0065959595959595926 1.2368036181260067 0.019796903093877095 1.0915986397280018 1.6912008336978779
decision_type=2 2 2 2 2 2
left_child=3 -2 4 -1 5 -3
right_child=1 2 -4 -5 -6 -7
leaf_value=0.053800155514768952 -0.029452983928011704 0.0072008740221620035 -0.021807261818123438 0.02091082663568708 0.039534644270766403 -0.015958354164627861
leaf_weight=614 1537 1993 862 914 228 705
leaf_count=614 1537 1993 862 914 228 705
internal_value=0.000185924 -0.00979647 -0.00166856 0.0347481 0.00432116 0.00102117
internal_weight=6853 5325 3788 1528 2926 2698
internal_count=6853 5325 3788 1528 2926 2698
is_linear=0
shrinkage=0.03


Tree=31
num_leaves=7
num_cat=0
split_feature=11 11 9 1 9 19
split_gain=2504.68 934.985 572.275 535.661 449.098 411.848
threshold=0.034137739864056486 0.019796903093877095 2401.5000000000005 1.0299847454823723 1240.5000000000002 206.88833333333386
decision_type=2 2 2 2 2 10
left_child=1 2 -1 -2 5 -3
right_child=3 4 -4 -5 -6 -7
leaf_value=0.068036535716990074 -0.03379084219835931 0.087662701654105876 0 -0.0088423195653203907 0.0054816946538924841 0.019638024164164922
leaf_weight=465 1132 98 149 2510 2163 336
leaf_count=465 1132 98 149 2510 2163 336
internal_value=0.00018508 0.0194584 0.0522371 -0.0167799 0.0113114 0.038514
internal_weight=6853 3211 614 3642 2597 434
internal_count=6853 3211 614 3642 2597 434
is_linear=0
shrinkage=0.03


Tree=32
num_leaves=7
num_cat=0
split_feature=0 0 1 8 11 15
split_gain=2686.15 836.866 512.006 447.11 439.004 320.551
threshold=0.90188618595086767 1.0948045632924039 1.0285878213709796 26.745300000000004 0.025593909851723873 0.63493267431040901
decision_type=2 2 2 2 2 2
left_child=2 3 -1 -2 -5 -4
right_child=1 -3 5 4 -6 -7
leaf_value=-0.032078754216516042 -0.0025688019710270204 0.051674224223315496 0.0042040736639326016 0.046085002417158745 0.010418444696426383 -0.016855646100911871
leaf_weight=1224 957 639 1050 493 867 1623
leaf_count=1224 957 639 1050 493 867 1623
internal_value=0.000192772 0.021699 -0.0161096 0.0129966 0.0239368 -0.00855754
internal_weight=6853 2956 3897 2317 1360 2673
internal_count=6853 2956 3897 2317 1360 2673
is_linear=0
shrinkage=0.03


Tree=33
num_leaves=7
num_cat=0
split_feature=1 6 16 9 10 9
split_gain=1981.16 903.826 422.806 420.044 351.535 313.408
threshold=1.2142949772507745 0.99951270403072356 1.0477024586221126 1411.0000000000002 -0.0048467563667738524 1737.0000000000002
decision_type=2 2 2 2 2 2
left_child=2 4 -1 -3 -2 -5
right_child=1 3 -4 5 -6 -7
leaf_value=-0.0056741944103795528 -0.015652657303797942 0.059605667072768521 -0.028446797229140449 -0.0070061078267570596 0.0099884172765598214 0.031286158967997468
leaf_weight=1397 630 390 1603 237 1816 780
leaf_count=1397 630 390 1603 237 1816 780
internal_value=0.000192304 0.0144155 -0.0179998 0.0334034 0.00325 0.0222549
internal_weight=6853 3853 3000 1407 2446 1017
internal_count=6853 3853 3000 1407 2446 1017
is_linear=0
shrinkage=0.03


Tree=34
num_leaves=7
num_cat=0
split_feature=0 0 22 13 6 9
split_gain=2454.38 818.6 477.399 377.328 368.689 325.49
threshold=0.99509915263651261 0.82351320743855083 38.300000000000018 1.7580699840619169 1.2051278129401368 1432.0000000000002
decision_type=2 2 8 2 2 2
left_child=1 -1 3 5 -3 -2
right_child=2 4 -4 -5 -6 -7
leaf_value=-0.021961512993622249 0.066328503915568507 -0.0024301638132547573 -0.019848850428100702 -0.019955530255948276 0.030354895760567907 0.03149528507986131
leaf_weight=2478 375 2516 123 79 331 951
leaf_count=2478 375 2516 123 79 331 951
internal_value=0.000189075 -0.00942342 0.033474 0.0384604 0.00151436 0.0422969
internal_weight=6853 5325 1528 1405 2847 1326
internal_count=6853 5325 1528 1405 2847 1326
is_linear=0
shrinkage=0.03


Tree=35
num_leaves=7
num_cat=0
split_feature=1 6 8 13 9 1
split_gain=1785.38 820.62 437.239 368.687 335.186 326.186
threshold=1.2142949772507745 0.99951270403072356 565.2225000000002 0.37901010977051075 1696.5000000000002 1.5977846757459158
decision_type=2 2 2 2 2 2
left_child=3 4 5 -1 -2 -3
right_child=1 2 -4 -5 -6 -7
leaf_value=-0.0090719179279821968 -0.0077942473586221656 0.0094830075143349912 0.078248839928112796 -0.031284481460376844 0.01421189749809861 0.040570250542669044
leaf_weight=1946 1237 650 149 1054 1209 608
leaf_count=1946 1237 650 149 1054 1209 608
internal_value=0.000187679 0.0136909 0.031784 -0.0170811 0.00304909 0.0250248
internal_weight=6853 3853 1407 3000 2446 1258
internal_count=6853 3853 1407 3000 2446 1258
is_linear=0
shrinkage=0.03


Tree=36
num_leaves=7
num_cat=0
split_feature=0 0 11 9 16 16
split_gain=2236.16 566.708 523.253 421.21 305.15 296.417
threshold=0.95332890264960579 0.81494565101168004 0.024186181654504809 2401.5000000000005 1.0477024586221126 1.0277764234424422
decision_type=2 2 2 2 2 2
left_child=1 -1 3 -2 5 -3
right_child=2 4 -4 -5 -6 -7
leaf_value=-0.021556532441693567 0.056523725945092959 0.0042548394011442904 0.013781045105600012 0.0022806779261805234 -0.013029860510884195 0.059171309993253089
leaf_weight=2327 617 1341 1265 171 1056 76
leaf_count=2327 617 1341 1265 171 1056 76
internal_value=0.000190286 -0.0109942 0.0262662 0.0452862 -0.000902065 0.00808718
internal_weight=6853 4800 2053 788 2473 1417
internal_count=6853 4800 2053 788 2473 1417
is_linear=0
shrinkage=0.03


Tree=37
num_leaves=7
num_cat=0
split_feature=4 8 14 12 19 14
split_gain=1346.81 802.727 582.474 460.114 359.897 460.006
threshold=-0.069715619410810462 25.845300000000005 0.055571781155891155 0.011130594959556159 194.26333333333312 17.877604077128598
decision_type=2 2 2 2 10 2
left_child=3 -2 -3 -1 -4 -6
right_child=1 2 4 -5 5 -7
leaf_value=0.013357204997398335 -0.00090437679583333795 -0.020670482972941287 0.082683025432818427 -0.016790285834663823 0.015828912176703725 0.052990673119202254
leaf_weight=513 1604 175 119 3085 886 471
leaf_count=513 1604 175 119 3085 886 471
internal_value=0.000194741 0.0141536 0.0287083 -0.0124003 0.0348612 0.0294186
internal_weight=6853 3255 1651 3598 1476 1357
internal_count=6853 3255 1651 3598 1476 1357
is_linear=0
shrinkage=0.03


Tree=38
num_leaves=7
num_cat=0
split_feature=0 0 14 9 4 1
split_gain=2061.33 674.731 395.668 604.914 323.024 215.936
threshold=0.99509915263651261 0.82351320743855083 14.526378100694391 2401.5000000000005 0.092150092595450886 0.99980632471583386
decision_type=2 2 2 2 2 2
left_child=1 5 -2 -4 -3 -1
right_child=2 4 3 -5 -6 -7
leaf_value=-0.031574393928414386 0.014452536530272883 -0.0023697562113186958 0.061755814806335053 0.0017781142588370502 0.028317656669304029 -0.012766023086631505
leaf_weight=918 758 2516 556 214 331 1560
leaf_count=918 758 2516 556 214 331 1560
internal_value=0.000199942 -0.00860754 0.0307051 0.0457436 0.00131838 -0.0199908
internal_weight=6853 5325 1528 770 2847 2478
internal_count=6853 5325 1528 770 2847 2478
is_linear=0
shrinkage=0.03


Tree=39
num_leaves=7
num_cat=0
split_feature=10 13 6 15 12 10
split_gain=1478.94 785.334 509.936 311.249 296.414 202.223
threshold=-0.0035099870093014437 1.2368036181260067 1.1898361925290739 2.6816638682833962 0.011130594959556159 -0.0091749073446847369
decision_type=2 2 2 2 2 2
left_child=5 2 3 4 -2 -1
right_child=1 -3 -4 -5 -6 -7
leaf_value=-0.028157076589164956 0.037262638941985754 -0.016720560359092664 0.038274906530069971 -0.023155771261806804 0.0089165145435772149 -0.0099844058844086245
leaf_weight=1142 376 784 725 211 2435 1180
leaf_count=1142 376 784 725 211 2435 1180
internal_value=0.000199146 0.0101886 0.0159177 0.0102883 0.0129975 -0.0191502
internal_weight=6853 4531 3747 3022 2811 2322
internal_count=6853 4531 3747 3022 2811 2322
is_linear=0
shrinkage=0.03


Tree=40
num_leaves=7
num_cat=0
split_feature=0 0 22 13 4 9
split_gain=1882.69 610.373 413.241 324.838 286.783 283.547
threshold=0.99509915263651261 0.83921900132740346 38.300000000000018 1.7580699840619169 0.17608317831302964 1432.0000000000002
decision_type=2 2 8 2 2 2
left_child=1 -1 3 5 -3 -2
right_child=2 4 -4 -5 -6 -7
leaf_value=-0.018060137012788205 0.059920737021213651 -0.00016777250837064301 -0.020088507817680394 -0.019942863957222664 0.043473562624279434 0.027556176153561925
leaf_weight=2735 375 2467 123 79 123 951
leaf_count=2735 375 2467 123 79 123 951
internal_value=0.000192424 -0.0082238 0.0293467 0.034001 0.00216455 0.0375748
internal_weight=6853 5325 1528 1405 2590 1326
internal_count=6853 5325 1528 1405 2590 1326
is_linear=0
shrinkage=0.03


Tree=41
num_leaves=7
num_cat=0
split_feature=0 8 14 1 14 2
split_gain=1778.26 628.99 574.076 377.586 321.711 295.259
threshold=0.90188618595086767 26.745300000000004 17.877604077128598 1.0285878213709796 46.682969850675825 0.46837270075175919
decision_type=2 2 2 2 2 2
left_child=3 -2 5 -1 -4 -3
right_child=1 2 4 -5 -6 -7
leaf_value=-0.026779562250121087 -0.00035810364537327557 0.035247053494305201 0.067656357481340079 -0.0065821991968879794 0.016955716922546601 0.0051825163932171349
leaf_weight=1224 1086 456 394 2673 190 830
leaf_count=1224 1086 456 394 2673 190 830
internal_value=0.000191688 0.0176939 0.0281498 -0.0130686 0.0525173 0.0163344
internal_weight=6853 2956 1870 3897 584 1286
internal_count=6853 2956 1870 3897 584 1286
is_linear=0
shrinkage=0.03


Tree=42
num_leaves=7
num_cat=0
split_feature=16 8 13 6 19 6
split_gain=1123.29 1008.41 921.434 536.747 468.179 289.497
threshold=4.127146804264183 26.745300000000004 2.535451304868213 0.99951270403072356 215.90166666666758 1.2515701369337131
decision_type=2 2 2 2 8 2
left_child=1 5 3 4 -3 -1
right_child=-2 2 -4 -5 -6 -7
leaf_value=-0.010544281919140995 -0.024122261926725817 0.046783980060389016 -0.018311421904606582 0.046275665024097107 0.0069891023747666384 0.021035895367656925
leaf_weight=2363 1348 325 488 790 1267 272
leaf_count=2363 1348 325 488 790 1267 272
internal_value=0.000193909 0.00624108 0.0185005 0.0261943 0.0156858 -0.00709399
internal_weight=6853 5505 2870 2382 1592 2635
internal_count=6853 5505 2870 2382 1592 2635
is_linear=0
shrinkage=0.03


Tree=43
num_leaves=7
num_cat=0
split_feature=11 8 1 1 2 1
split_gain=1539.58 824.243 440.165 418.354 279.304 261.871
threshold=0.030029870466207469 467.50860000000006 0.99704108169522998 1.7055998836138067 0.51686425246047851 2.3445961115821716
decision_type=2 2 2 2 2 2
left_child=1 3 -2 -1 -4 -6
right_child=2 -3 4 -5 5 -7
leaf_value=0.0022954926462118411 -0.027810595452077685 0.056910351286397168 0.0055283445338629436 0.032867884179675615 -0.014789913748812555 0.024142435828731063
leaf_weight=1440 980 417 1338 548 1982 148
leaf_count=1440 980 417 1338 548 1982 148
internal_value=0.000194037 0.0194599 -0.0102298 0.011041 -0.00508773 -0.0118156
internal_weight=6853 2405 4448 1988 3468 2130
internal_count=6853 2405 4448 1988 3468 2130
is_linear=0
shrinkage=0.03


Tree=44
num_leaves=7
num_cat=0
split_feature=0 13 8 23 15 16
split_gain=1554.67 542.252 539.922 357.624 464.355 360.018
threshold=0.99509915263651261 0.37901010977051075 24.653250000000003 17.536666666666701 0.17021881020370608 0.96716057709993353
decision_type=2 2 2 8 2 2
left_child=1 2 -1 4 -2 -5
right_child=3 -3 -4 5 -6 -7
leaf_value=-0.0097500479154711741 0.063460616318595384 -0.020683764674586162 0.014306215150979315 0.03224123037047507 0.020033624309743973 -0.015224104688635895
leaf_weight=2173 368 1812 1340 243 622 295
leaf_count=2173 368 1812 1340 243 622 295
internal_value=0.000196435 -0.00744959 -0.00050252 0.0266913 0.0372617 0.00633307
internal_weight=6853 5325 3513 1528 990 538
internal_count=6853 5325 3513 1528 990 538
is_linear=0
shrinkage=0.03


Tree=45
num_leaves=7
num_cat=0
split_feature=0 0 10 13 19 9
split_gain=1471.6 535.574 265.357 198.882 236.285 188.033
threshold=0.90188618595086767 1.0948045632924039 -0.0091749073446847369 1.7580699840619169 179.30999999999938 1641.5000000000002
decision_type=2 2 2 2 8 2
left_child=2 3 -1 4 5 -2
right_child=1 -3 -4 -5 -6 -7
leaf_value=-0.024542149860033183 0.086575891051222292 0.040095503865098171 -0.0068912310989264177 -0.014566503931437769 0.0097229290505275682 0.0017785231055070956
leaf_weight=1067 48 639 2830 259 1967 43
leaf_count=1067 48 639 2830 259 1967 43
internal_value=0.000197908 0.0161215 -0.011863 0.00915901 0.0123285 0.0553983
internal_weight=6853 2956 3897 2317 2058 91
internal_count=6853 2956 3897 2317 2058 91
is_linear=0
shrinkage=0.03


Tree=46
num_leaves=7
num_cat=0
split_feature=10 8 16 22 4 2
split_gain=1116.92 713.482 546.706 457.857 241.703 237.877
threshold=-0.0030238266877174835 390.01365000000004 0.51263142394566519 33.900000000000041 0.086065307596167664 0.47808487224897167
decision_type=2 2 2 10 2 2
left_child=-1 2 4 5 -2 -3
right_child=1 3 -4 -5 -6 -7
leaf_value=-0.015425989202588527 0.0096312113187656118 0.07831587982904166 -0.0065878064194740934 0.0033922725957110348 0.037763239299551443 0.032227630062597531
leaf_weight=2553 1071 180 2021 299 373 356
leaf_count=2553 1071 180 2021 299 373 356
internal_value=0.000200018 0.00954069 0.00341546 0.0341087 0.0174171 0.0502352
internal_weight=6853 4300 3465 835 1444 536
internal_count=6853 4300 3465 835 1444 536
is_linear=0
shrinkage=0.03


Tree=47
num_leaves=7
num_cat=0
split_feature=0 13 8 22 8 16
split_gain=1341.3 481.63 488.928 346.86 385.714 335.273
threshold=0.99509915263651261 0.37901010977051075 24.653250000000003 38.300000000000018 467.50860000000006 0.25948945066592116
decision_type=2 2 2 8 2 2
left_child=1 2 -1 4 5 -2
right_child=3 -3 -4 -5 -6 -7
leaf_value=-0.0091473702299050882 0.045938985613802767 -0.019365005581379172 0.01374548061469592 -0.02028476988935804 0.055762742520085867 0.0080674636988927826
leaf_weight=2173 284 1812 1340 123 354 767
leaf_count=2173 284 1812 1340 123 354 767
internal_value=0.000207489 -0.00689299 -0.000344277 0.0248185 0.0291016 0.0191079
internal_weight=6853 5325 3513 1528 1405 1051
internal_count=6853 5325 3513 1528 1405 1051
is_linear=0
shrinkage=0.03


Tree=48
num_leaves=7
num_cat=0
split_feature=0 8 14 23 8 14
split_gain=1278.87 477.6 461.159 362.211 370.774 263.443
threshold=0.90188618595086767 26.745300000000004 17.877604077128598 17.536666666666701 1697.5800000000002 46.682969850675825
decision_type=2 2 2 8 2 2
left_child=-1 -2 3 4 -3 -4
right_child=1 2 5 -5 -6 -7
leaf_value=-0.011034141999921938 -0.00065518623078157743 0.017491127940652079 0.059669430444803273 -0.0028769076305382064 0.077774533400059506 0.013938944626732595
leaf_weight=3897 1086 574 394 614 98 190
leaf_count=3897 1086 574 394 614 98 190
internal_value=0.000207787 0.0150534 0.0241659 0.0135859 0.028493 0.0459939
internal_weight=6853 2956 1870 1286 672 584
internal_count=6853 2956 1870 1286 672 584
is_linear=0
shrinkage=0.03


Tree=49
num_leaves=7
num_cat=0
split_feature=6 8 8 13 2 8
split_gain=891.506 431.09 361.894 461.099 343.305 437.14
threshold=0.99951270403072356 390.01365000000004 25.845300000000005 2.535451304868213 0.52910730452485055 1697.5800000000002
decision_type=2 2 2 2 2 2
left_child=1 -1 -2 -4 -3 -6
right_child=2 4 3 -5 5 -7
leaf_value=-0.011314778916329621 0.0035332424825727012 0.038635759501754442 0.03952719801258512 -0.0091217390826664312 0.026246484361671131 -0.017934094129864013
leaf_weight=3831 948 261 810 208 320 475
leaf_count=3831 948 261 810 208 320 475
internal_value=0.000215024 -0.0066273 0.0171944 0.0294584 0.010133 0
internal_weight=6853 4887 1966 1018 1056 795
internal_count=6853 4887 1966 1018 1056 795
is_linear=0
shrinkage=0.03


Tree=50
num_leaves=7
num_cat=0
split_feature=11 1 15 15 1 22
split_gain=1196.35 521.957 302.311 299.797 234.979 218.664
threshold=0.024186181654504809 1.0386729304379201 0.17021881020370608 0.66342063769317716 1.7312722399274849 32.500000000000036
decision_type=2 2 2 2 2 10
left_child=2 -2 5 -3 -4 -1
right_child=1 3 4 -5 -6 -7
leaf_value=0.050513404431055342 -0.021661627320133995 0.007821433134090559 -5.4520869686521224e-05 -0.0081702880769393832 0.033107089584044035 -0.0044930563009409012
leaf_weight=458 1381 2007 466 2178 297 66
leaf_count=458 1381 2007 466 2178 297 66
internal_value=0.000214647 -0.00580956 0.026073 -0.000464744 0.0131781 0.0433989
internal_weight=6853 5566 1287 4185 763 524
internal_count=6853 5566 1287 4185 763 524
is_linear=0
shrinkage=0.03


Tree=51
num_leaves=7
num_cat=0
split_feature=11 11 8 8 2 13
split_gain=1128.22 477.073 410.443 213.323 235.539 160.443
threshold=0.024186181654504809 0.049367376820980059 26.745300000000004 36.914400000000008 0.49995325348859482 11.154407964223916
decision_type=2 2 2 2 2 2
left_child=2 3 -1 -2 -5 -4
right_child=1 -3 5 4 -6 -7
leaf_value=0.0022553487006795698 -0.0064554082180083199 -0.019301884654475441 0.040835203115606809 0.021432466050283167 -0.00060426411715640055 -0.013329443159844663
leaf_weight=465 2124 1609 783 664 1169 39
leaf_count=465 2124 1609 783 664 1169 39
internal_value=0.000211879 -0.00563763 0.0253237 0 0.00744271 0.0378316
internal_weight=6853 5566 1287 3957 1833 822
internal_count=6853 5566 1287 3957 1833 822
is_linear=0
shrinkage=0.03


Tree=52
num_leaves=7
num_cat=0
split_feature=11 11 10 14 15 14
split_gain=1066.01 339.921 316.736 302.95 245.856 229.131
threshold=0.030029870466207469 0.019955804785169399 -0.0091749073446847369 46.682969850675825 2.315718638934555 0.21344667982076007
decision_type=2 2 2 2 2 2
left_child=1 3 -2 4 -1 -4
right_child=2 -3 5 -5 -6 -7
leaf_value=0.054097014860014572 -0.021969100210694245 0.0090623047680987532 -0.015346924175660255 0.00083420190987560673 -0.011493459251611979 0.0015854835906569356
leaf_weight=419 1142 1755 1019 184 47 2287
leaf_count=419 1142 1755 1019 184 47 2287
internal_value=0.000206381 0.0162409 -0.00846371 0.0345503 0.0469723 -0.00364935
internal_weight=6853 2405 4448 650 466 3306
internal_count=6853 2405 4448 650 466 3306
is_linear=0
shrinkage=0.03


Tree=53
num_leaves=7
num_cat=0
split_feature=10 8 23 6 9 2
split_gain=844.054 527.658 491.785 387.845 242.075 216.529
threshold=-0.0030238266877174835 390.01365000000004 17.615833333333338 1.2515701369337131 1127.0000000000002 0.66321731738963863
decision_type=2 2 10 2 2 2
left_child=-1 3 5 -2 -4 -3
right_child=1 2 4 -5 -6 -7
leaf_value=-0.013379277466136485 -0.0013921763922577438 0.062440131589394522 0.046647992260147667 0.025323935270274385 -0.010189800782002581 0.015826853205125484
leaf_weight=2553 2899 322 66 566 289 158
leaf_count=2553 2899 322 66 566 289 158
internal_value=0.000201654 0.00832427 0.0294559 0.00304909 0.00190154 0.0486434
internal_weight=6853 4300 835 3465 355 480
internal_count=6853 4300 835 3465 355 480
is_linear=0
shrinkage=0.03


Tree=54
num_leaves=7
num_cat=0
split_feature=0 13 8 24 13 4
split_gain=1009.68 435.551 474.948 258.826 211.413 174.746
threshold=1.0311073836754885 0.37901010977051075 24.653250000000003 10.00000000000003 1.7580699840619169 -0.12339498008586887
decision_type=2 2 2 8 2 2
left_child=1 2 -1 4 -2 -4
right_child=3 -3 5 -5 -6 -7
leaf_value=-0.007750677273594889 0.033626453700277531 -0.016632937186574877 -8.4184928707539398e-05 -0.019278161870139948 -0.023570137608509796 0.020607468809427119
leaf_weight=2299 972 1874 541 86 45 1036
leaf_count=2299 972 1874 541 86 45 1036
internal_value=0.000206541 -0.00483749 0.000883069 0.0262528 0.0305452 0.013503
internal_weight=6853 5750 3876 1103 1017 1577
internal_count=6853 5750 3876 1103 1017 1577
is_linear=0
shrinkage=0.03


Tree=55
num_leaves=7
num_cat=0
split_feature=1 15 9 22 16 8
split_gain=840.631 405.533 470.26 238.038 230.597 197.325
threshold=1.2142949772507745 0.63493267431040901 969.00000000000011 38.200000000000024 1.0477024586221126 565.2225000000002
decision_type=2 2 2 10 2 2
left_child=4 3 -3 5 -1 -2
right_child=1 2 -4 -5 -6 -7
leaf_value=-0.0025470829361745064 0.01700079712480591 0.038150268769995478 -0.0065787739753582269 -0.01588756738464811 -0.019354076576574109 0.044825971764906984
leaf_weight=1397 1600 223 1608 147 1603 275
leaf_count=1397 1600 223 1608 147 1603 275
internal_value=0.000196583 0.00946863 -0.000696774 0.0186639 -0.011646 0.021591
internal_weight=6853 3853 1831 2022 3000 1875
internal_count=6853 3853 1831 2022 3000 1875
is_linear=0
shrinkage=0.03


Tree=56
num_leaves=7
num_cat=0
split_feature=0 0 11 22 16 6
split_gain=918.545 358.962 202.478 155.869 210.199 150.615
threshold=0.90188618595086767 1.090834309561991 0.048030701110568126 38.500000000000036 1.7245124024971086 1.7821895712633917
decision_type=2 2 2 8 2 2
left_child=2 3 5 4 -2 -1
right_child=1 -3 -4 -5 -6 -7
leaf_value=-0.0049909841899358175 0.016037900759752886 0.032033993457310277 -0.017961762564788313 -0.015380063989390451 -0.0042756632458128179 0.043782616206284222
leaf_weight=2366 1421 659 1493 229 647 38
leaf_count=2366 1421 659 1493 229 647 38
internal_value=0.000194231 0.012779 -0.00932991 0.0069612 0.00963063 -0.00380326
internal_weight=6853 2956 3897 2297 2068 2404
internal_count=6853 2956 3897 2297 2068 2404
is_linear=0
shrinkage=0.03


Tree=57
num_leaves=7
num_cat=0
split_feature=11 1 8 1 6 1
split_gain=873.265 416.556 340.746 265.326 211.227 160.528
threshold=0.024186181654504809 1.0386729304379201 565.2225000000002 1.7312722399274849 0.87252578268637371 1.5770710227880838
decision_type=2 2 2 2 2 2
left_child=2 -2 3 -1 -3 -4
right_child=1 4 5 -5 -6 -7
leaf_value=0.0021823535749345589 -0.019112515388691312 -0.0062612552623772435 0.085472548784005759 0.033665812079436502 0.0072234216282365043 0.028803648940346975
leaf_weight=668 1381 2309 81 370 1876 168
leaf_count=668 1381 2309 81 370 1876 168
internal_value=0.000191394 -0.00495229 0.0222869 0.0139708 -0.000175233 0.05278
internal_weight=6853 5566 1287 1038 4185 249
internal_count=6853 5566 1287 1038 4185 249
is_linear=0
shrinkage=0.03


Tree=58
num_leaves=7
num_cat=0
split_feature=10 8 19 4 10 15
split_gain=675.024 405.04 350.858 310.524 184.343 169.601
threshold=-0.0017646340149048143 390.01365000000004 242.52333333333328 0.15741952933097067 -0.0091749073446847369 2.6415040341048548
decision_type=2 2 10 2 2 2
left_child=4 3 -3 5 -1 -2
right_child=1 2 -4 -5 -6 -7
leaf_value=-0.019407311760214586 0.0031300315318261588 0.066696363834434017 0.01600089350781676 0.030223642751710869 -0.0042713146625225516 -0.021683439391199499
leaf_weight=1142 2391 158 506 342 2058 256
leaf_count=1142 2391 158 506 342 2058 256
internal_value=0.000198482 0.00900933 0.0298807 0.00415515 -0.00980655 0.000529388
internal_weight=6853 3653 664 2989 3200 2647
internal_count=6853 3653 664 2989 3200 2647
is_linear=0
shrinkage=0.03


Tree=59
num_leaves=7
num_cat=0
split_feature=11 11 8 2 13 8
split_gain=798.829 339.559 323.496 175.094 133.546 126.613
threshold=0.024186181654504809 0.051132097672194635 26.745300000000004 0.30732508714455592 11.154407964223916 36.914400000000008
decision_type=2 2 2 2 2 2
left_child=2 3 -1 -2 -4 -5
right_child=1 -3 4 5 -6 -7
leaf_value=0.00087647151493361775 0.014196907577332992 -0.017290308408712336 0.035195999919845122 -0.0082928597575213092 -0.013663672109971107 0.0029758471805449386
leaf_weight=465 611 1417 783 1868 39 1670
leaf_count=465 611 1417 783 1868 39 1670
internal_value=0.000198699 -0.00471995 0.0213323 -0.000328493 0.0324302 -0.00294484
internal_weight=6853 5566 1287 4149 822 3538
internal_count=6853 5566 1287 4149 822 3538
is_linear=0
shrinkage=0.03


Tree=60
num_leaves=7
num_cat=0
split_feature=10 8 13 19 8 10
split_gain=611.116 375.393 497.424 247.826 171.179 168.44
threshold=-0.0016581490152078689 25.845300000000005 1.3745847287117063 194.26333333333312 1697.5800000000002 -0.0091749073446847369
decision_type=2 2 2 10 2 2
left_child=5 -2 3 -3 -5 -1
right_child=1 2 -4 4 -6 -7
leaf_value=-0.018402040506684637 -0.0015467287667787876 0.060327603598289627 -0.013426083057877784 0.023582336850497425 -0.011447429106907641 -0.0039961010045509743
leaf_weight=1142 1686 150 356 1289 121 2109
leaf_count=1142 1686 150 356 1289 121 2109
internal_value=0.00019396 0.00870347 0.0177235 0.0250069 0.0203533 -0.009184
internal_weight=6853 3602 1916 1560 1410 3251
internal_count=6853 3602 1916 1560 1410 3251
is_linear=0
shrinkage=0.03


Tree=61
num_leaves=7
num_cat=0
split_feature=0 13 8 19 16 8
split_gain=761.483 345.131 372.806 254.325 224.821 232.273
threshold=1.0368951541594527 0.37901010977051075 24.653250000000003 185.28333333333345 0.95731794723447783 390.01365000000004
decision_type=2 2 2 8 2 2
left_child=1 2 -1 -4 -2 -6
right_child=4 -3 3 -5 5 -7
leaf_value=-0.0066895860139300151 0.040411077774088755 -0.014596199961988876 0.04981610075620984 0.0080203481470581296 -0.014923861080813887 0.02286566199986674
leaf_weight=2313 411 1876 128 1478 190 457
leaf_count=2313 411 1876 128 1478 190 457
internal_value=0.000188586 -0.00408322 0.000959751 0.0120155 0.0233674 0.0114287
internal_weight=6853 5795 3919 1606 1058 647
internal_count=6853 5795 3919 1606 1058 647
is_linear=0
shrinkage=0.03


Tree=62
num_leaves=7
num_cat=0
split_feature=1 6 2 15 23 15
split_gain=643.036 325.283 274.743 260.749 195.485 177.89
threshold=1.2142949772507745 1.2051278129401368 0.40096976097440784 0.66342063769317716 17.075000000000021 0.084576290118964961
decision_type=2 2 2 2 10 2
left_child=2 3 -1 4 5 -2
right_child=1 -3 -4 -5 -6 -7
leaf_value=0.0031626033092264682 0.040672319395769686 0.027010605961155797 -0.016233923843075135 -0.004458674408646392 -0.00042757608226388579 0.011926431125022821
leaf_weight=934 276 671 2066 1567 621 718
leaf_count=934 276 671 2066 1567 621 718
internal_value=0.00019034 0.00830236 -0.0101645 0.00416637 0.012579 0.0207009
internal_weight=6853 3853 3000 3182 1615 994
internal_count=6853 3853 3000 3182 1615 994
is_linear=0
shrinkage=0.03


Tree=63
num_leaves=7
num_cat=0
split_feature=0 0 14 14 15 19
split_gain=694.008 309.745 225.578 186.623 158.366 377.169
threshold=1.0368951541594527 0.81494565101168004 14.526378100694391 46.682969850675825 0.17021881020370608 185.28333333333345
decision_type=2 2 2 2 2 8
left_child=1 -1 -2 -4 5 -3
right_child=2 4 3 -5 -6 -7
leaf_value=-0.012312724806656251 0.00751223878989763 0.068398645198903971 0.046066089595749392 0.00428357980834941 -0.0023706323446792132 0.0055328829019076617
leaf_weight=2327 524 76 392 142 2436 956
leaf_count=2327 524 76 392 142 2436 956
internal_value=0.000190012 -0.00388717 0.0223189 0.0357819 0.00176149 0.0115175
internal_weight=6853 5795 1058 534 3468 1032
internal_count=6853 5795 1058 534 3468 1032
is_linear=0
shrinkage=0.03


Tree=64
num_leaves=7
num_cat=0
split_feature=0 1 4 11 13 13
split_gain=654.728 322.4 207.813 188.679 165.601 127.249
threshold=1.0368951541594527 1.0386729304379201 0.17608317831302964 0.039153429752138071 0.42996321795718195 1.7580699840619169
decision_type=2 2 2 2 2 2
left_child=1 -1 4 5 -3 -2
right_child=3 2 -4 -5 -6 -7
leaf_value=-0.016129328996849497 0.029699165257920004 0.0026435170437921619 0.029174719553467045 -0.005721370666215456 -0.010314941882134065 -0.018260732673640759
leaf_weight=1411 849 2949 193 173 1242 36
leaf_count=1411 849 2949 193 173 1242 36
internal_value=0.000195845 -0.00376366 0.000237366 0.0216899 -0.00119184 0.0272221
internal_weight=6853 5795 4384 1058 4191 885
internal_count=6853 5795 4384 1058 4191 885
is_linear=0
shrinkage=0.03


Tree=65
num_leaves=7
num_cat=0
split_feature=0 8 14 2 9 16
split_gain=618.28 266.354 279.999 218.905 174.746 164.01
threshold=0.90188618595086767 26.745300000000004 17.877604077128598 0.46837270075175919 2519.0000000000005 0.18990058040356347
decision_type=2 2 2 2 2 2
left_child=-1 5 3 -3 -4 -2
right_child=1 2 4 -5 -6 -7
leaf_value=-0.0076203255143931087 0.020345797726725477 0.025306201873116291 0.042239444739619381 -3.4527673479169605e-05 8.3694666858599349e-05 -0.007331155915305399
leaf_weight=3897 226 456 467 830 117 860
leaf_count=3897 226 456 467 830 117 860
internal_value=0.000189628 0.0105182 0.0173272 0.00908607 0.0343246 -0.00117211
internal_weight=6853 2956 1870 1286 584 1086
internal_count=6853 2956 1870 1286 584 1086
is_linear=0
shrinkage=0.03


Tree=66
num_leaves=7
num_cat=0
split_feature=11 0 8 16 0 23
split_gain=604.893 325.088 244.465 148.824 137.887 104.831
threshold=0.022009118257899463 0.85707523713312661 26.745300000000004 4.2987666115004206 1.0886072067415673 15.999166666666619
decision_type=2 2 2 2 2 10
left_child=2 -2 -1 4 5 -3
right_child=1 3 -4 -5 -6 -7
leaf_value=0.00086736961696662416 -0.010415557563261294 0.010134278169065362 0.033565223797877887 -0.016628701192878036 0.022582258213326101 -0.0024594946911082587
leaf_weight=324 2930 1022 600 274 361 1342
leaf_count=324 2930 1022 600 274 361 1342
internal_value=0.000190311 -0.00332843 0.0225199 0.00356909 0.00576099 0.00296145
internal_weight=6853 5929 924 2999 2725 2364
internal_count=6853 5929 924 2999 2725 2364
is_linear=0
shrinkage=0.03


Tree=67
num_leaves=7
num_cat=0
split_feature=11 0 8 2 1 16
split_gain=577.712 407.901 174.375 189.957 154.687 128.504
threshold=0.039153429752138071 1.0368951541594527 77.666400000000024 0.51686425246047851 0.96883101480365796 0.95731794723447783
decision_type=2 2 2 2 2 2
left_child=1 2 -1 -4 -2 -3
right_child=4 5 3 -5 -6 -7
leaf_value=-0.0026087084644848147 -0.021665243084950672 0.038412430025060833 0.026673886637774206 0.00052792180996824611 -0.0056710793745481745 0.013994824922464398
leaf_weight=2056 740 384 445 569 2158 501
leaf_count=2056 740 384 445 569 2158 501
internal_value=0.000187888 0.00764995 0.00236201 0.0124413 -0.00992707 0.0253701
internal_weight=6853 3955 3070 1014 2898 885
internal_count=6853 3955 3070 1014 2898 885
is_linear=0
shrinkage=0.03


Tree=68
num_leaves=7
num_cat=0
split_feature=6 9 10 23 9 9
split_gain=456.549 224.078 205.177 193.968 259.878 238.957
threshold=0.99951270403072356 1411.0000000000002 -0.0091749073446847369 17.075000000000021 1150.0000000000002 1121.5000000000002
decision_type=2 2 2 10 2 2
left_child=2 -2 -1 4 5 -4
right_child=1 -3 3 -5 -6 -7
leaf_value=-0.015728744580290197 0.03014374912930633 0.0063747724922475976 0 -0.0083826640831585891 0.0017148819723970727 0.070868186431400707
leaf_weight=1142 467 1499 76 1783 1807 79
leaf_count=1142 467 1499 76 1783 1807 79
internal_value=0.000186587 0.012343 -0.00470366 -0.00123614 0.00520175 0.040153
internal_weight=6853 1966 4887 3745 1962 155
internal_count=6853 1966 4887 3745 1962 155
is_linear=0
shrinkage=0.03


Tree=69
num_leaves=7
num_cat=0
split_feature=0 1 16 14 8 14
split_gain=517.563 272.901 214.271 187.56 184.592 168.402
threshold=1.0368951541594527 0.92526636637110893 1.0477024586221126 14.526378100694391 24.653250000000003 46.682969850675825
decision_type=2 2 2 2 2 2
left_child=1 -1 4 -2 -3 -5
right_child=3 2 -4 5 -6 -7
leaf_value=-0.020779711043797156 0.0058287768546656212 -0.0027791307385772769 -0.0073713982709440098 0.041303642758968494 0.012754392465329341 0.0019706354204875728
leaf_weight=689 524 1364 2408 392 1334 142
leaf_count=689 524 1364 2408 392 1334 142
internal_value=0.000189111 -0.00332888 -0.000872927 0.0193017 0.00488342 0.0315638
internal_weight=6853 5795 5106 1058 2698 534
internal_count=6853 5795 5106 1058 2698 534
is_linear=0
shrinkage=0.03


Tree=70
num_leaves=7
num_cat=0
split_feature=0 2 8 23 24 1
split_gain=488.68 284.664 281.571 253.896 154.312 153.48
threshold=1.0368951541594527 0.51686425246047851 353.03220000000005 17.784166666666696 10.00000000000003 1.205328684139269
decision_type=2 2 2 10 8 2
left_child=1 2 -1 -4 -2 -3
right_child=4 5 3 -5 -6 -7
leaf_value=0.00060297073307804833 0.022110987364177454 -0.01588391071826321 0.059997676906879155 0.0039210990887994946 -0.017347797947286657 -0.0029139239621904299
leaf_weight=2128 979 1519 127 162 79 1859
leaf_count=2128 979 1519 127 162 79 1859
internal_value=0.000186137 -0.00323166 0.00456647 0.0313375 0.0187583 -0.0088495
internal_weight=6853 5795 2417 289 1058 3378
internal_count=6853 5795 2417 289 1058 3378
is_linear=0
shrinkage=0.03


Tree=71
num_leaves=7
num_cat=0
split_feature=10 8 14 22 8 14
split_gain=396.144 253.999 222.679 224.208 149.409 146.536
threshold=-0.0015881810077747348 25.845300000000005 17.877604077128598 26.700000000000021 1697.5800000000002 46.682969850675825
decision_type=2 2 2 10 2 2
left_child=-1 -2 3 4 -3 -4
right_child=1 2 5 -5 -6 -7
leaf_value=-0.0072432804007356265 -0.0013257281807365891 0.017056945598113441 0.040594849683316281 0.0016999631666516264 0.079236606040171215 0.0072668160891741912
leaf_weight=3305 1662 166 378 1105 36 201
leaf_count=3305 1662 166 378 1105 36 201
internal_value=0.000184961 0.0071483 0.0146301 0.00740188 0.0349542 0.0299044
internal_weight=6853 3548 1886 1307 202 579
internal_count=6853 3548 1886 1307 202 579
is_linear=0
shrinkage=0.03


Tree=72
num_leaves=7
num_cat=0
split_feature=0 15 0 2 15 18
split_gain=448.955 274.838 256.002 143.345 97.6786 233.115
threshold=0.84523008673899469 2.6415040341048548 1.090834309561991 0.50862203736465428 0.23626357998032446 227.45000000000002
decision_type=2 2 2 2 2 8
left_child=-1 2 3 4 5 -2
right_child=1 -3 -4 -5 -6 -7
leaf_value=-0.008841989630349819 0.054566726309267129 -0.021755797600788277 0.025983688989629224 -0.001760534802473482 0.0045777542091094657 0.01035976564069103
leaf_weight=2853 121 263 633 1425 981 577
leaf_count=2853 121 263 633 1425 981 577
internal_value=0.000192706 0.00668595 0.00883268 0.0051431 0.0110424 0.0195386
internal_weight=6853 4000 3737 3104 1679 698
internal_count=6853 4000 3737 3104 1679 698
is_linear=0
shrinkage=0.03


Tree=73
num_leaves=7
num_cat=0
split_feature=0 13 8 19 8 8
split_gain=423.784 218.404 282.537 233.361 218.064 215.09
threshold=0.86954412023709604 3.6061101886015936 24.653250000000003 194.92166666666654 467.50860000000006 1697.5800000000002
decision_type=2 2 2 10 2 2
left_child=-1 2 -2 4 -4 -5
right_child=1 -3 3 5 -6 -7
leaf_value=-0.0075723866597323056 -0.0011096346164062008 -0.013706273205110302 0.0098736635921187962 0.017579893098771102 0.068157208985019785 -0.0093329757193625889
leaf_weight=3269 1256 374 119 1399 128 308
leaf_count=3269 1256 374 119 1399 128 308
internal_value=0.000192436 0.00731914 0.00988497 0.0169678 0.043482 0.0125852
internal_weight=6853 3584 3210 1954 247 1707
internal_count=6853 3584 3210 1954 247 1707
is_linear=0
shrinkage=0.03


Tree=74
num_leaves=7
num_cat=0
split_feature=11 16 8 0 4 15
split_gain=458.059 249.411 194.686 162.927 127.45 106.266
threshold=0.022009118257899463 3.9907509541349477 26.745300000000004 1.0886072067415673 0.023469778898802047 0.67252002315899861
decision_type=2 2 2 2 2 2
left_child=2 3 -1 4 -2 -4
right_child=1 -3 5 -5 -6 -7
leaf_value=0.00028882545031550297 -0.0036629679259753568 -0.014247448228643576 0.03969632325394961 0.019507931652497701 0.0097423168350736795 0.011698964546846512
leaf_weight=324 3498 1323 360 351 757 240
leaf_count=324 3498 1323 360 351 757 240
internal_value=0.000190931 -0.00286828 0.0196247 0.00041524 -0.00120855 0.029478
internal_weight=6853 5929 924 4606 4255 600
internal_count=6853 5929 924 4606 4255 600
is_linear=0
shrinkage=0.03


Tree=75
num_leaves=7
num_cat=0
split_feature=11 15 9 11 4 7
split_gain=432.592 242.579 186.889 181 106.668 113.181
threshold=0.022009118257899463 2.6415040341048548 2401.5000000000005 0.063025853238729501 0.023469778898802047 1.0000000180025095e-35
decision_type=2 2 2 2 2 2
left_child=2 3 -1 4 5 -2
right_child=1 -3 -4 -5 -6 -7
leaf_value=0.027156411255851141 0.00084986575944064036 -0.02092833065952001 -0.0023246587487162343 -0.015718001252389511 0.01020720980694844 -0.015397702754445132
leaf_weight=672 3377 577 252 620 941 414
leaf_count=672 3377 577 252 620 941 414
internal_value=0.000192014 -0.00278034 0.0190783 -0.000725242 0.00126547 -0.000956602
internal_weight=6853 5929 924 5352 4732 3791
internal_count=6853 5929 924 5352 4732 3791
is_linear=0
shrinkage=0.03


Tree=76
num_leaves=7
num_cat=0
split_feature=0 16 19 16 22 16
split_gain=372.056 205.318 227.258 175.641 184.796 145.491
threshold=1.0368951541594527 1.0477024586221126 179.30999999999938 0.95731794723447783 34.500000000000036 1.0277764234424422
decision_type=2 2 8 2 8 2
left_child=1 2 5 -2 -5 -1
right_child=3 -3 -4 4 -6 -7
leaf_value=-0.00068769813231113605 0.031351117152178316 -0.0085605913540366778 0.00091509446893018947 0.014492205394093686 -0.02244309562596546 0.065742965218633764
leaf_weight=39 411 2830 2864 510 137 62
leaf_count=39 411 2830 2864 510 137 62
internal_value=0.000183534 -0.00279591 0.00267654 0.0163911 0.00600795 0.0429781
internal_weight=6853 5795 2965 1058 647 101
internal_count=6853 5795 2965 1058 647 101
is_linear=0
shrinkage=0.03


Tree=77
num_leaves=7
num_cat=0
split_feature=11 15 9 11 23 15
split_gain=396.88 223.926 172.74 168.432 103.25 113.282
threshold=0.022009118257899463 2.6415040341048548 2401.5000000000005 0.067052536146172695 16.177500000000027 0.084576290118964961
decision_type=2 2 2 2 10 2
left_child=2 3 -1 4 5 -2
right_child=1 -3 -4 -5 -6 -7
leaf_value=0.02604345256472114 0.021585724110338825 -0.020097506991610978 -0.0022781602975866164 -0.016709308557644378 -0.0029386785410563626 0.0027801404807800533
leaf_weight=672 329 577 252 513 2622 1888
leaf_count=672 329 577 252 513 2622 1888
internal_value=0.000185083 -0.00266101 0.0182759 -0.000685429 0.00104423 0.00580596
internal_weight=6853 5929 924 5352 4839 2217
internal_count=6853 5929 924 5352 4839 2217
is_linear=0
shrinkage=0.03


Tree=78
num_leaves=7
num_cat=0
split_feature=16 4 23 9 15 16
split_gain=326.244 297.368 155.449 249.409 261.04 129.67
threshold=4.127146804264183 0.092150092595450886 17.075000000000021 1240.5000000000002 0.086016241073786109 3.007485931388084
decision_type=2 2 8 2 2 2
left_child=1 2 3 4 -1 -5
right_child=-2 -3 -4 5 -6 -7
leaf_value=0.061590723633847162 -0.012914851862070989 0.020881302340911612 -0.005518615442344073 -0.00064897551539715213 0.0048812336726161429 0.019597655887706972
leaf_weight=118 1348 740 2057 2106 177 307
leaf_count=118 1348 740 2057 2106 177 307
internal_value=0.000178953 0.0034475 0.000632742 0.00536651 0.0305115 0.00200522
internal_weight=6853 5505 4765 2708 295 2413
internal_count=6853 5505 4765 2708 295 2413
is_linear=0
shrinkage=0.03


Tree=79
num_leaves=7
num_cat=0
split_feature=11 0 16 23 15 15
split_gain=365.445 245.596 111.185 164.343 189.574 108.326
threshold=0.039153429752138071 1.0368951541594527 0.95731794723447783 17.615833333333338 0.31947180215479559 0.61715716620643224
decision_type=2 2 2 8 2 2
left_child=1 5 -3 4 -4 -1
right_child=-2 2 3 -5 -6 -7
leaf_value=0.0071904002844156425 -0.0078590191760016404 0.031869445942634189 0.043007305802257603 -0.018434177904788934 0.0005873118545607585 -0.0040136067972327601
leaf_weight=1660 2898 384 152 120 229 1410
leaf_count=1660 2898 384 152 120 229 1410
internal_value=0.000181255 0.00612035 0.0198762 0.00952536 0.0191858 0.00200337
internal_weight=6853 3955 885 501 381 3070
internal_count=6853 3955 885 501 381 3070
is_linear=0
shrinkage=0.03


Tree=80
num_leaves=7
num_cat=0
split_feature=11 8 11 2 8 22
split_gain=344.451 261.499 200.301 122.089 230.927 299.632
threshold=0.039153429752138071 26.745300000000004 0.019955804785169399 0.51686425246047851 565.2225000000002 38.200000000000024
decision_type=2 2 2 2 2 10
left_child=1 -1 -3 4 -4 -6
right_child=-2 2 3 -5 5 -7
leaf_value=-0.0025703526294926986 -0.0076248646099834113 0.030317413404609281 0.0059877648744757449 0.00094123433249380093 0.06523918284281234 -0.010336375973236405
leaf_weight=1764 2898 453 532 1013 137 56
leaf_count=1764 2898 453 532 1013 137 56
internal_value=0.000180387 0.00594696 0.0128334 0.00789791 0.0171305 0.0436948
internal_weight=6853 3955 2191 1738 725 193
internal_count=6853 3955 2191 1738 725 193
is_linear=0
shrinkage=0.03


Tree=81
num_leaves=7
num_cat=0
split_feature=1 6 2 0 2 8
split_gain=333.861 200.092 159.892 159.015 178.387 282.478
threshold=1.1908926800915662 1.2051278129401368 0.32879139031291366 1.2343444385039548 0.49995325348859482 565.2225000000002
decision_type=2 2 2 2 2 2
left_child=2 3 -1 4 5 -2
right_child=1 -3 -4 -5 -6 -7
leaf_value=0.0053093955747207352 0.004376146835269738 0.020139069196744953 -0.011771890540815681 0.030589951095682692 -0.0036256641779333107 0.048303736715384245
leaf_weight=614 866 689 2125 153 2267 139
leaf_count=614 866 689 2125 153 2267 139
internal_value=0.00018213 0.0055966 -0.00787769 0.00252764 0.000992001 0.011422
internal_weight=6853 4114 2739 3425 3272 1005
internal_count=6853 4114 2739 3425 3272 1005
is_linear=0
shrinkage=0.03


Tree=82
num_leaves=7
num_cat=0
split_feature=1 15 11 23 9 9
split_gain=317.005 230.964 239.619 112.803 132.685 95.1629
threshold=1.0571192145352233 2.6415040341048548 0.019955804785169399 17.536666666666701 957.00000000000011 2401.5000000000005
decision_type=2 2 2 10 2 2
left_child=-1 2 5 -4 -5 -2
right_child=1 -3 3 4 -6 -7
leaf_value=-0.01169655786527818 0.028764280991083784 -0.017560871794193064 0.0073019097984276631 0.032862311296707407 -0.0041398690383200269 -0.00056773767497333635
leaf_weight=1538 479 402 2402 71 1850 111
leaf_count=1538 479 402 2402 71 1850 111
internal_value=0.000186122 0.00368368 0.00551655 0.00297816 -0.00237047 0.0231623
internal_weight=6853 5315 4913 4323 1921 590
internal_count=6853 5315 4913 4323 1921 590
is_linear=0
shrinkage=0.03


Tree=83
num_leaves=7
num_cat=0
split_feature=0 8 19 8 16 4
split_gain=286.555 193.589 183.276 359.954 188.371 172.526
threshold=0.84523008673899469 26.745300000000004 202.14166666666708 467.50860000000006 0.96716057709993353 0.14291969778332761
decision_type=2 2 10 2 2 2
left_child=-1 -2 3 -3 5 -4
right_child=1 2 4 -5 -6 -7
leaf_value=-0.0070311502346033193 -0.0021737570255805521 0.0019800186874035976 0.011037003656334757 0.063546852078627453 -0.0017321714464140954 0.048594476267531078
leaf_weight=2853 1712 191 838 145 998 116
leaf_count=2853 1712 191 838 145 998 116
internal_value=0.000182281 0.00537396 0.0110564 0.0310478 0.00725925 0.0166618
internal_weight=6853 4000 2288 336 1952 954
internal_count=6853 4000 2288 336 1952 954
is_linear=0
shrinkage=0.03


Tree=84
num_leaves=7
num_cat=0
split_feature=1 15 11 2 9 22
split_gain=290.687 214.786 218.523 148.084 123.163 160.154
threshold=1.0571192145352233 2.6415040341048548 0.019955804785169399 0.51686425246047851 1411.0000000000002 38.000000000000036
decision_type=2 2 2 2 2 10
left_child=-1 2 -2 4 5 -4
right_child=1 -3 3 -5 -6 -7
leaf_value=-0.011190940007602224 0.022158665415960684 -0.016947190524078906 0.038120885215381657 -0.0018093634868640482 0.0056378832639547806 -0.010388638300003571
leaf_weight=1538 590 402 226 2502 1529 66
leaf_count=1538 590 402 226 2502 1529 66
internal_value=0.000186784 0.00353688 0.00530528 0.00287916 0.0093522 0.0267125
internal_weight=6853 5315 4913 4323 1821 292
internal_count=6853 5315 4913 4323 1821 292
is_linear=0
shrinkage=0.03


Tree=85
num_leaves=7
num_cat=0
split_feature=11 9 22 9 15 4
split_gain=278.925 183.04 302.192 172.239 143.268 131.617
threshold=0.039153429752138071 1411.0000000000002 26.900000000000038 1089.5000000000002 0.74181198997145625 0.023469778898802047
decision_type=2 2 10 2 2 2
left_child=1 2 3 -1 -3 -4
right_child=-2 4 5 -5 -6 -7
leaf_value=0.0069495614528865884 -0.0068393378700156411 0.0067549038655124608 -0.0030018062170404989 0.082117276769725883 -0.0064953521395091952 0.022798260220207592
leaf_weight=51 2898 2050 360 74 1111 309
leaf_count=51 2898 2050 360 74 1111 309
internal_value=0.000182104 0.00537328 0.0180865 0.057672 0.00203911 0.00901298
internal_weight=6853 3955 794 125 3161 669
internal_count=6853 3955 794 125 3161 669
is_linear=0
shrinkage=0.03


Tree=86
num_leaves=7
num_cat=0
split_feature=1 10 7 2 2 1
split_gain=269.441 208.075 163.669 142.273 137.633 118.441
threshold=1.1908926800915662 0.0073394578979708589 1.0000000180025095e-35 0.32879139031291366 0.45452545390042814 1.8570023986559181
decision_type=2 2 2 2 2 2
left_child=3 2 4 -1 -2 -6
right_child=1 -3 -4 -5 5 -7
leaf_value=0.0053748240853308728 0.017023389184904942 0.034318306718253345 -0.010909059877628057 -0.010730092810684249 -0.00058674241778565949 0.015282792626181837
leaf_weight=614 770 189 582 2125 2066 507
leaf_count=614 770 189 582 2125 2066 507
internal_value=0.00018557 0.00505173 0.00343759 -0.0070527 0.0060299 0.0025762
internal_weight=6853 4114 3925 2739 3343 2573
internal_count=6853 4114 3925 2739 3343 2573
is_linear=0
shrinkage=0.03


Tree=87
num_leaves=7
num_cat=0
split_feature=1 0 15 5 19 16
split_gain=257.752 203.153 170.721 160.8 95.355 86.385
threshold=1.0571192145352233 1.2343444385039548 2.6415040341048548 0.15163111988074288 198.00500000000008 0.95731794723447783
decision_type=2 2 2 2 8 2
left_child=-1 2 3 4 -2 -6
right_child=1 -3 -4 -5 5 -7
leaf_value=-0.010528085254698311 0.046238623491781594 0.029518178312053136 -0.016307893298201814 0.00059909263259871101 0.017407186889374652 -0.00059947189641493888
leaf_weight=1538 61 235 399 3639 627 354
leaf_count=1538 61 235 399 3639 627 354
internal_value=0.000184348 0.00334017 0.00198875 0.00364298 0.0139205 0.0108774
internal_weight=6853 5315 5080 4681 1042 981
internal_count=6853 5315 5080 4681 1042 981
is_linear=0
shrinkage=0.03


Tree=88
num_leaves=7
num_cat=0
split_feature=11 1 15 8 2 8
split_gain=250.56 178.001 149.871 140.264 110.261 238.941
threshold=0.022009118257899463 0.92526636637110893 2.6415040341048548 26.745300000000004 0.51686425246047851 565.2225000000002
decision_type=2 2 2 2 2 2
left_child=3 -2 4 -1 5 -3
right_child=1 2 -4 -5 -6 -7
leaf_value=-0.0009379138183363084 -0.016238777121278955 0.0029816222328600721 -0.015692596598180921 0.022934892320337016 -0.0025089346290468567 0.03563873479053313
leaf_weight=324 684 1874 486 600 2676 209
leaf_count=324 684 1874 486 600 2676 209
internal_value=0.000184608 -0.00207231 -0.000141705 0.0145625 0.00147403 0.00663741
internal_weight=6853 5929 5245 924 4759 2083
internal_count=6853 5929 5245 924 4759 2083
is_linear=0
shrinkage=0.03


Tree=89
num_leaves=7
num_cat=0
split_feature=13 4 15 1 16 7
split_gain=236.323 198.612 125.418 111.989 99.0117 85.0467
threshold=1.2368036181260067 0.18556639693904989 2.6816638682833962 0.92526636637110893 1.7245124024971086 1.0000000180025095e-35
decision_type=2 2 2 2 2 2
left_child=1 2 3 -1 -3 -5
right_child=-2 4 -4 5 -6 -7
leaf_value=-0.011989981197890033 -0.010188483726290994 0.03807169459940303 -0.015124908839931343 0.0059421150425777291 0.00066971174644065963 -0.0072673268220005702
leaf_weight=385 1512 192 348 3844 104 468
leaf_count=385 1512 192 348 3844 104 468
internal_value=0.000180046 0.00317034 0.00168647 0.00302267 0.0262793 0.00444688
internal_weight=6853 5341 5045 4697 296 4312
internal_count=6853 5341 5045 4697 296 4312
is_linear=0
shrinkage=0.03


Tree=90
num_leaves=7
num_cat=0
split_feature=1 10 7 2 8 2
split_gain=227.638 180.171 208.71 143.037 144.66 132.291
threshold=1.2142949772507745 0.0061735416514486306 1.0000000180025095e-35 0.45452545390042814 565.2225000000002 0.30732508714455592
decision_type=2 2 2 2 2 2
left_child=5 2 3 4 -2 -1
right_child=1 -3 -4 -5 -6 -7
leaf_value=0.0067466087883427178 0.010939748334764313 0.026494889302455166 -0.014608359325319788 0.0024755612251873959 0.04881968857441097 -0.0090359862087369645
leaf_weight=567 545 304 496 2408 100 2433
leaf_count=567 545 304 496 2408 100 2433
internal_value=0.000173345 0.00500811 0.00298741 0.00597136 0.0183298 -0.00597848
internal_weight=6853 3853 3549 3053 645 3000
internal_count=6853 3853 3549 3053 645 3000
is_linear=0
shrinkage=0.03


Tree=91
num_leaves=7
num_cat=0
split_feature=0 15 4 19 15 4
split_gain=224.9 187.842 157.905 180.069 134.632 70.8212
threshold=1.2343444385039548 2.6415040341048548 -0.11323257533334409 185.28333333333345 0.11665875592132696 0.092150092595450886
decision_type=2 2 2 8 2 2
left_child=1 2 -1 4 -4 -5
right_child=-2 -3 3 5 -6 -7
leaf_value=-0.0050672310827542498 0.027729074273961467 -0.016068477676990864 0.067402296406282494 0.0010325391344852158 0.007735637178475206 0.011802263520277139
leaf_weight=2424 237 640 51 2728 90 683
leaf_count=2424 237 640 51 2728 90 683
internal_value=0.000175725 -0.000869291 0.000781618 0.00482108 0.0359409 0.00328896
internal_weight=6853 6616 5976 3552 141 3411
internal_count=6853 6616 5976 3552 141 3411
is_linear=0
shrinkage=0.03


Tree=92
num_leaves=7
num_cat=0
split_feature=0 2 9 22 9 1
split_gain=212.479 205.742 201.369 216.846 206.038 86.2633
threshold=1.2343444385039548 0.51686425246047851 1338.0000000000002 31.300000000000015 1089.5000000000002 1.1114287209698366
decision_type=2 2 2 10 2 2
left_child=1 2 3 4 -1 -3
right_child=-2 5 -4 -5 -6 -7
leaf_value=0.0013030780903995037 0.026961939361323295 -0.012260467007444069 0.0016145080507701018 0.0075589517150687685 0.076255210150244099 -0.0023310296007485721
leaf_weight=55 237 1129 2315 314 86 2717
leaf_count=55 237 1129 2315 314 86 2717
internal_value=0.000180018 -0.000835135 0.00534959 0.0231694 0.051744 -0.00533298
internal_weight=6853 6616 2770 455 141 3846
internal_count=6853 6616 2770 455 141 3846
is_linear=0
shrinkage=0.03


Tree=93
num_leaves=7
num_cat=0
split_feature=13 8 5 22 8 6
split_gain=207.533 241.619 192.569 129.89 158.395 119.195
threshold=1.2368036181260067 24.653250000000003 0.18676765846128318 38.200000000000024 565.2225000000002 1.4737669766989971
decision_type=2 2 2 10 2 2
left_child=1 -1 3 4 5 -3
right_child=-2 2 -4 -5 -6 -7
leaf_value=-0.0034571220562134566 -0.00953035180116657 0.0086125492389916986 0.0043380309772782814 -0.016050626590243866 0.052480277581819432 0.046285768116221704
leaf_weight=2622 1512 417 2017 54 149 82
leaf_count=2622 1512 417 2017 54 149 82
internal_value=0.000184578 0.00298808 0.00923798 0.0225987 0.0264281 0.0166374
internal_weight=6853 5341 2719 702 648 499
internal_count=6853 5341 2719 702 648 499
is_linear=0
shrinkage=0.03


Tree=94
num_leaves=7
num_cat=0
split_feature=11 2 8 9 18 1
split_gain=208.958 154.904 262.643 151.207 127.475 92.1052
threshold=0.019955804785169399 0.51686425246047851 666.19845000000009 2401.5000000000005 271.9500000000001 1.043497136715003
decision_type=2 2 2 2 10 2
left_child=3 2 5 -1 -4 -2
right_child=1 -3 4 -5 -6 -7
leaf_value=0.024258207208101869 -0.009645708497768888 -0.0054385803385380137 0.059000023666091944 -0.0077043919947554062 0.0085760184335747676 0.0044261121493306193
leaf_weight=489 520 3679 90 161 104 1810
leaf_count=489 520 3679 90 161 104 1810
internal_value=0.000186259 -0.00150615 0.00416452 0.0161238 0.0359973 0.00116643
internal_weight=6853 6203 2524 650 194 2330
internal_count=6853 6203 2524 650 194 2330
is_linear=0
shrinkage=0.03


Tree=95
num_leaves=7
num_cat=0
split_feature=1 10 23 9 13 9
split_gain=194.067 157.92 105.153 87.5568 85.1012 229.974
threshold=1.0571192145352233 0.0044741951146443941 17.536666666666701 969.00000000000011 0.42996321795718195 1470.5000000000002
decision_type=2 2 10 2 2 2
left_child=-1 2 4 -4 5 -2
right_child=1 -3 3 -5 -6 -7
leaf_value=-0.0091050067635085174 0.033053291986456165 0.016008277635410195 0.024164367926173977 -0.0057810671415267495 -0.0042977393800622873 0.0036189059551714033
leaf_weight=1538 262 700 71 1878 668 1736
leaf_count=1538 262 700 71 1878 668 1736
internal_value=0.000187085 0.0029281 0.000851235 -0.00437964 0.00473529 0.00784233
internal_weight=6853 5315 4615 1949 2666 1998
internal_count=6853 5315 4615 1949 2666 1998
is_linear=0
shrinkage=0.03


Tree=96
num_leaves=7
num_cat=0
split_feature=0 16 4 22 8 1
split_gain=193.402 171.881 141.5 80.5568 173.871 245.491
threshold=1.2343444385039548 1.0477024586221126 0.086065307596167664 38.500000000000036 1697.5800000000002 1.5667597849842663
decision_type=2 2 2 10 2 2
left_child=1 2 3 4 -1 -6
right_child=-2 -3 -4 -5 5 -7
leaf_value=0.00042920002353578798 0.025738359905619911 -0.0058332888169834495 0.018463852707017947 -0.014218495680009024 0.04088897289154006 -0.032543036864613586
leaf_weight=2494 237 3163 488 253 185 33
leaf_count=2494 237 3163 488 253 185 33
internal_value=0.000186506 -0.000781028 0.00381067 0.00124115 0.0028318 0.0273423
internal_weight=6853 6616 3453 2965 2712 218
internal_count=6853 6616 3453 2965 2712 218
is_linear=0
shrinkage=0.03


Tree=97
num_leaves=7
num_cat=0
split_feature=1 6 7 9 9 20
split_gain=181.653 125.583 136.014 119.995 112.194 152.234
threshold=1.0386729304379201 0.99951270403072356 1.0000000180025095e-35 1411.0000000000002 1121.5000000000002 0.013351589572752924
decision_type=2 2 2 2 2 2
left_child=-1 2 -2 4 -3 -6
right_child=1 3 -4 -5 5 -7
leaf_value=-0.0092996238002394996 0.0014588042573616935 0.010917956376701102 -0.017584249272271993 0.0044895251800125815 0.061727080619440669 -0.0054585312765378221
leaf_weight=1413 3326 306 355 1328 93 32
leaf_count=1413 3326 306 355 1328 93 32
internal_value=0.000183785 0.00269955 -0.000422301 0.00924815 0.0227285 0.0451125
internal_weight=6853 5440 3681 1759 431 125
internal_count=6853 5440 3681 1759 431 125
is_linear=0
shrinkage=0.03


Tree=98
num_leaves=7
num_cat=0
split_feature=0 2 8 22 11 1
split_gain=180.582 174.171 367.178 255.629 115.522 69.4865
threshold=1.2343444385039548 0.51686425246047851 565.2225000000002 38.000000000000036 0.033362775903970174 1.0321939544759096
decision_type=2 2 2 10 2 2
left_child=1 2 5 4 -4 -1
right_child=-2 -3 3 -5 -6 -7
leaf_value=-0.0091436400900085837 0.024873304768929308 -0.0048919179153554884 0.062492257244682506 -0.0094454798348728684 0.0064315528251432082 0.0034838034452733028
leaf_weight=463 237 3846 164 73 54 2016
leaf_count=463 237 3846 164 73 54 2016
internal_value=0.000182309 -0.000751873 0.00493646 0.0356787 0.0509433 0.00101106
internal_weight=6853 6616 2770 291 218 2479
internal_count=6853 6616 2770 291 218 2479
is_linear=0
shrinkage=0.03


Tree=99
num_leaves=7
num_cat=0
split_feature=15 0 6 0 8 23
split_gain=180.356 170.475 94.4047 99.9175 80.2384 71.0818
threshold=2.6415040341048548 1.090834309561991 1.7149022985868174 0.73892578833481115 23.862150000000003 17.075000000000021
decision_type=2 2 2 2 2 10
left_child=1 2 3 -1 -4 -5
right_child=-2 -3 4 5 -6 -7
leaf_value=-0.0089980920599976883 -0.014668302535947531 0.016291121292111799 -0.001517009416789706 0.0047740937552353769 0.044675856044945804 -0.0027823180284840053
leaf_weight=999 643 633 47 2493 58 1980
leaf_count=999 643 633 47 2493 58 1980
internal_value=0.000183282 0.00178728 6.19408e-05 -0.000498251 0.0258646 0.00139832
internal_weight=6853 6210 5577 5472 105 4473
internal_count=6853 6210 5577 5472 105 4473
is_linear=0
shrinkage=0.03


Tree=100
num_leaves=7
num_cat=0
split_feature=13 8 22 16 9 2
split_gain=167.76 201.454 152.548 150.815 159.003 181.565
threshold=1.2368036181260067 24.653250000000003 38.500000000000036 4.2457952378220734 1432.0000000000002 0.51686425246047851
decision_type=2 2 10 2 2 2
left_child=1 -1 3 4 5 -3
right_child=-2 2 -4 -5 -6 -7
leaf_value=-0.0031791313804647864 -0.0085523248309459215 0.047475533691594893 -0.013059647740440421 -0.010130829366364445 0.008260070295682289 0.01158025483073559
leaf_weight=2622 1512 218 247 257 1654 343
leaf_count=2622 1512 218 247 257 1654 343
internal_value=0.000179772 0.00270243 0.00841073 0.0107038 0.0132573 0.0269412
internal_weight=6853 5341 2719 2472 2215 561
internal_count=6853 5341 2719 2472 2215 561
is_linear=0
shrinkage=0.03


Tree=101
num_leaves=7
num_cat=0
split_feature=15 11 2 15 11 10
split_gain=166.161 173.436 108.289 89.9496 70.5671 59.261
threshold=2.6415040341048548 0.019955804785169399 0.33357726690579381 0.17021881020370608 0.069283449343102183 0.0085363869858639339
decision_type=2 2 2 2 2 2
left_child=1 3 -3 -1 5 -4
right_child=-2 2 4 -5 -6 -7
leaf_value=0.029198288570211541 -0.014078280025454684 0.0093954500929265168 -0.0012163006229280794 0.0052644242741121923 -0.012964567379213348 0.019021743065608079
leaf_weight=268 643 911 4140 336 441 114
leaf_count=268 643 911 4140 336 441 114
internal_value=0.000175898 0.00171635 1.94812e-05 0.0167199 -0.00180012 -0.000552386
internal_weight=6853 6210 5606 604 4695 4254
internal_count=6853 6210 5606 604 4695 4254
is_linear=0
shrinkage=0.03


Tree=102
num_leaves=7
num_cat=0
split_feature=0 16 6 9 9 22
split_gain=159.7 140.807 118.882 83.3997 77.812 69.6008
threshold=1.2343444385039548 1.0477024586221126 1.1822677294035564 1422.5000000000002 1127.0000000000002 38.500000000000036
decision_type=2 2 2 2 2 10
left_child=1 2 5 4 -4 -1
right_child=-2 -3 3 -5 -6 -7
leaf_value=0.0025520732618222889 0.02339411970854878 -0.0052781789680407089 0.014832239584648051 0.0066780858899404515 0.062562662928455304 -0.013298734517174435
leaf_weight=2702 237 3163 124 332 42 253
leaf_count=2702 237 3163 124 332 42 253
internal_value=0.000173643 -0.000703563 0.00344993 0.0167286 0.0331437 0.00106427
internal_weight=6853 6616 3453 498 166 2955
internal_count=6853 6616 3453 498 166 2955
is_linear=0
shrinkage=0.03


Tree=103
num_leaves=7
num_cat=0
split_feature=11 2 8 22 8 0
split_gain=152.874 119.336 219.346 203.45 115.851 71.3498
threshold=0.019955804785169399 0.51686425246047851 666.19845000000009 38.200000000000024 25.537500000000005 1.1650017805206163
decision_type=2 2 2 10 2 2
left_child=4 2 -2 -4 -1 -3
right_child=1 5 3 -5 -6 -7
leaf_value=-0.0045500564011227759 0.00096214489314378176 -0.0057291906662946058 0.052565808285694765 -0.0071068249114377554 0.02191337363911874 0.01238183810676941
leaf_weight=196 2330 3495 128 66 454 184
leaf_count=196 2330 3495 128 66 454 184
internal_value=0.000177726 -0.00126669 0.0037066 0.032797 0.0138121 -0.00472079
internal_weight=6853 6203 2524 194 650 3679
internal_count=6853 6203 2524 194 650 3679
is_linear=0
shrinkage=0.03


Tree=104
num_leaves=7
num_cat=0
split_feature=1 13 8 10 5 8
split_gain=154.58 110.803 161.081 137.959 71.5807 88.3142
threshold=0.92526636637110893 1.2368036181260067 24.653250000000003 0.0061735416514486306 0.28551342564175364 565.2225000000002
decision_type=2 2 2 2 2 2
left_child=-1 2 -2 4 5 -4
right_child=1 -3 3 -5 -6 -7
leaf_value=-0.013044730099576293 -0.0018502402817631505 -0.0061577804557266264 0.0064719594676021543 0.035644969362152105 0.0017552804465882392 0.024886036428989126
leaf_weight=691 2350 1246 839 147 1240 340
leaf_count=691 2350 1246 839 147 1240 340
internal_value=0.000178543 0.00172306 0.00376776 0.00894538 0.00698239 0.0122339
internal_weight=6853 6162 4916 2566 2419 1179
internal_count=6853 6162 4916 2566 2419 1179
is_linear=0
shrinkage=0.03


Tree=105
num_leaves=7
num_cat=0
split_feature=1 0 2 19 16 16
split_gain=145.806 131.216 119.498 196.411 57.7501 56.3154
threshold=0.92526636637110893 1.2749632933512227 0.41777434304545819 179.30999999999938 6.6061610580194587 3.9572668644050748
decision_type=2 2 2 8 2 2
left_child=-1 2 3 -2 -4 -3
right_child=1 5 4 -5 -6 -7
leaf_value=-0.012664396506281671 0.052761273638087525 0.046148581515209605 -0.00056012895203264631 0.0051870585902523622 -0.012330150324551205 0.010033609793172218
leaf_weight=691 64 58 3980 1521 399 140
leaf_count=691 64 58 3980 1521 399 140
internal_value=0.000177351 0.00167799 0.000813562 0.00783502 -0.00171786 0.0245641
internal_weight=6853 6162 5964 1585 4379 198
internal_count=6853 6162 5964 1585 4379 198
is_linear=0
shrinkage=0.03


Tree=106
num_leaves=7
num_cat=0
split_feature=1 10 7 2 2 3
split_gain=139.139 133.121 150.156 98.0474 89.2808 82.9741
threshold=1.2142949772507745 0.0073394578979708589 1.0000000180025095e-35 0.33357726690579381 0.30732508714455592 0.043200720703640026
decision_type=2 2 2 2 2 2
left_child=4 2 3 -2 -1 -4
right_child=1 -3 5 -5 -6 -7
leaf_value=0.0058030881085615518 0.024347465506718052 0.028147807893514329 0.025718680000305177 0.0036781555381773974 -0.0071435581406480084 -0.014386567614051264
leaf_weight=567 208 176 30 2900 2433 539
leaf_count=567 208 176 30 2900 2433 539
internal_value=0.000179763 0.00396392 0.00261977 0.00525621 -0.00462475 -0.0112159
internal_weight=6853 3853 3677 3108 3000 569
internal_count=6853 3853 3677 3108 3000 569
is_linear=0
shrinkage=0.03


Tree=107
num_leaves=7
num_cat=0
split_feature=15 11 2 15 11 2
split_gain=141.202 141.496 87.2828 83.7025 59.1062 57.5829
threshold=2.6415040341048548 0.019955804785169399 0.33357726690579381 0.17021881020370608 0.069283449343102183 0.66321731738963863
decision_type=2 2 2 2 2 2
left_child=1 3 -3 5 -4 -1
right_child=-2 2 4 -5 -6 -7
leaf_value=0.035361114888290891 -0.012956470604859528 0.0084868312244319524 -0.00041898063877059225 0.0041704690854556942 -0.011779702439128447 0.0021786756236010143
leaf_weight=191 643 911 4254 336 441 77
leaf_count=191 643 911 4254 336 441 77
internal_value=0.000181456 0.0016031 6.75567e-05 0.0151558 -0.00156334 0.0271616
internal_weight=6853 6210 5606 604 4695 268
internal_count=6853 6210 5606 604 4695 268
is_linear=0
shrinkage=0.03


Tree=108
num_leaves=7
num_cat=0
split_feature=0 15 1 19 15 4
split_gain=135.375 116.619 109.636 70.0415 355.162 63.7799
threshold=1.2343444385039548 2.6415040341048548 0.88440819166668383 194.92166666666654 0.11665875592132696 0.10343512015723226
decision_type=2 2 2 10 2 2
left_child=1 2 -1 4 -4 -5
right_child=-2 -3 3 5 -6 -7
leaf_value=-0.012660401739149488 0.021558067303774645 -0.012606932836055585 0.051480400601821019 -0.00045832222923019341 -0.002446157908724511 0.0098944905601346736
leaf_weight=486 237 640 130 4385 388 587
leaf_count=486 237 640 130 4385 388 587
internal_value=0.000178199 -0.000627737 0.00066793 0.00191671 0.0122194 0.000768639
internal_weight=6853 6616 5976 5490 518 4972
internal_count=6853 6616 5976 5490 518 4972
is_linear=0
shrinkage=0.03


Tree=109
num_leaves=7
num_cat=0
split_feature=0 2 19 15 10 12
split_gain=128.502 120.822 125.896 257.757 54.2297 59.5818
threshold=1.2749632933512227 0.66321731738963863 185.28333333333345 0.11665875592132696 0.0044741951146443941 0.009294042506698014
decision_type=2 2 8 2 2 2
left_child=1 2 3 -1 5 -4
right_child=-2 -3 4 -5 -6 -7
leaf_value=0.055943699231820881 0.022751207772388374 -0.0065670868279960864 0.021631200679710933 -0.0012939612965851544 0.008613236416066393 -0.0012578861969929649
leaf_weight=96 200 2059 85 167 662 3584
leaf_count=96 200 2059 85 167 662 3584
internal_value=0.000176324 -0.00054599 0.00213688 0.0215459 0.000830173 -0.000572552
internal_weight=6853 6653 4594 263 4331 3669
internal_count=6853 6653 4594 263 4331 3669
is_linear=0
shrinkage=0.03


Tree=110
num_leaves=7
num_cat=0
split_feature=15 11 15 11 19 15
split_gain=124.071 127.118 78.209 73.1425 56.2137 167.69
threshold=2.6415040341048548 0.019955804785169399 0.17021881020370608 0.068025517173600877 208.53499999999994 0.18414119886488031
decision_type=2 2 2 2 10 2
left_child=1 2 -1 4 5 -3
right_child=-2 3 -4 -5 -6 -7
leaf_value=0.025957194875033261 -0.012133747048797697 0.030612717439208854 0.0037486622023417122 -0.010845394288996732 1.4102831724807319e-05 -0.0024190387894307856
leaf_weight=268 643 200 336 482 4578 346
leaf_count=268 643 200 336 482 4578 346
internal_value=0.000179748 0.00151366 0.0143593 5.68586e-05 0.00114974 0.0100697
internal_weight=6853 6210 604 5606 5124 546
internal_count=6853 6210 604 5606 5124 546
is_linear=0
shrinkage=0.03


Tree=111
num_leaves=7
num_cat=0
split_feature=0 15 13 19 8 14
split_gain=120.607 103.276 78.0243 150.332 207.986 53.8976
threshold=1.2749632933512227 2.6415040341048548 0.37901010977051075 185.28333333333345 467.50860000000006 11.795512369064053
decision_type=2 2 2 8 2 2
left_child=1 2 3 4 -1 -2
right_child=5 -3 -4 -5 -6 -7
leaf_value=0 0.0084157179093182627 -0.01180012806438026 -0.0045644969441527034 0.0013288098355255427 0.049751714956487565 0.043231407662781024
leaf_weight=152 143 640 1757 3982 122 57
leaf_count=152 143 640 1757 3982 122 57
internal_value=0.000177405 -0.000521695 0.000689012 0.0029041 0.0236395 0.0220481
internal_weight=6853 6653 6013 4256 274 200
internal_count=6853 6653 6013 4256 274 200
is_linear=0
shrinkage=0.03


Tree=112
num_leaves=7
num_cat=0
split_feature=13 6 7 22 10 9
split_gain=111.871 112.95 75.267 63.4935 68.7763 67.1606
threshold=1.2368036181260067 1.4737669766989971 1.0000000180025095e-35 38.500000000000036 -0.0037979797979797976 2364.0000000000005
decision_type=2 2 2 10 2 2
left_child=1 2 3 4 -1 -6
right_child=-2 -3 -4 -5 5 -7
leaf_value=-0.0023077847365651338 -0.0069463627786851955 0.019943866420337013 -0.0089120321755050396 -0.011111121661969219 0.0084166118932117555 -0.0020868798332892105
leaf_weight=1272 1512 287 568 266 2264 684
leaf_count=1272 1512 287 568 266 2264 684
internal_value=0.000179776 0.00224351 0.00113415 0.00247336 0.00341338 0.00593139
internal_weight=6853 5341 5054 4486 4220 2948
internal_count=6853 5341 5054 4486 4220 2948
is_linear=0
shrinkage=0.03


Tree=113
num_leaves=7
num_cat=0
split_feature=0 2 19 14 2 14
split_gain=112.05 107.332 164.576 79.492 72.5688 69.2921
threshold=1.2749632933512227 0.428898929631431 179.30999999999938 24.148985069510093 0.28470392307444053 11.795512369064053
decision_type=2 2 8 2 2 2
left_child=1 2 -1 4 -4 -3
right_child=-2 5 3 -5 -6 -7
leaf_value=0.046352866017367947 0.021252655468510719 -0.005463356151678039 0.018091030389664666 -0.0051593769325397653 0.0022233434085681849 0.0020088146685473627
leaf_weight=66 200 3168 404 591 754 1670
leaf_count=66 200 3168 404 591 754 1670
internal_value=0.000171502 -0.000501551 0.00565419 0.0035269 0.00809972 -0.00285555
internal_weight=6853 6653 1815 1749 1158 4838
internal_count=6853 6653 1815 1749 1158 4838
is_linear=0
shrinkage=0.03


Tree=114
num_leaves=7
num_cat=0
split_feature=0 2 8 23 19 0
split_gain=105.94 103.982 165.677 271.548 93.9707 60.0413
threshold=1.2749632933512227 0.66321731738963863 353.03220000000005 17.075000000000021 242.52333333333328 1.1256357623709283
decision_type=2 2 2 10 10 2
left_child=1 2 -1 4 5 -4
right_child=-2 -3 3 -5 -6 -7
leaf_value=-0.00045670553535488435 0.020673037744211881 -0.0060666014296024938 0.055789129343664576 -0.0016219626024697403 0.012835422059910933 0.003616955902620728
leaf_weight=3864 200 2059 147 398 152 33
leaf_count=3864 200 2059 147 398 152 33
internal_value=0.00017459 -0.000479262 0.00200788 0.0149176 0.0341369 0.0482924
internal_weight=6853 6653 4594 730 332 180
internal_count=6853 6653 4594 730 332 180
is_linear=0
shrinkage=0.03


Tree=115
num_leaves=7
num_cat=0
split_feature=1 15 11 15 2 10
split_gain=111.874 98.7414 88.6983 70.5174 62.0335 68.2921
threshold=0.92526636637110893 2.6415040341048548 0.019955804785169399 0.17021881020370608 0.33357726690579381 0.0085363869858639339
decision_type=2 2 2 2 2 2
left_child=-1 2 3 -2 -4 -6
right_child=1 -3 4 -5 5 -7
leaf_value=-0.011068580079831591 0.024432737268483228 -0.010335454697060478 0.0086859701333563168 0.0032400850637817223 -0.0008076095047033538 0.022239263899264339
leaf_weight=691 268 552 842 329 4072 99
leaf_count=691 268 552 842 329 4072 99
internal_value=0.000176752 0.00149378 0.00271696 0.0134804 0.00135685 -0.000121276
internal_weight=6853 6162 5610 597 5013 4171
internal_count=6853 6162 5610 597 5013 4171
is_linear=0
shrinkage=0.03


Tree=116
num_leaves=7
num_cat=0
split_feature=15 11 15 11 23 9
split_gain=99.6499 104.171 67.2526 61.588 48.8259 81.4623
threshold=2.6415040341048548 0.019955804785169399 0.17021881020370608 0.068025517173600877 16.177500000000027 936.00000000000011
decision_type=2 2 2 2 10 2
left_child=1 2 -1 4 -3 -6
right_child=-2 3 -4 -5 5 -7
leaf_value=0.023750656552147122 -0.010857877528275958 0.0041646116056140332 0.0031526741373229749 -0.0099508892303004307 0.022189538568930061 -0.0028097822157421314
leaf_weight=268 643 2410 336 482 102 2612
leaf_count=268 643 2410 336 482 102 2612
internal_value=0.000174626 0.00137223 0.0130009 5.0913e-05 0.00105595 -0.00165992
internal_weight=6853 6210 604 5606 5124 2714
internal_count=6853 6210 604 5606 5124 2714
is_linear=0
shrinkage=0.03


Tree=117
num_leaves=7
num_cat=0
split_feature=11 9 16 9 9 11
split_gain=92.086 97.7179 66.9918 54.7032 145.398 45.561
threshold=0.019955804785169399 2401.5000000000005 6.6061610580194587 1062.0000000000002 1489.0000000000002 0.068025517173600877
decision_type=2 2 2 2 2 2
left_child=1 3 5 -1 -5 -2
right_child=2 -3 -4 4 -6 -7
leaf_value=0.00010052319666182127 0.00089695343046370334 -0.008170162473807821 -0.010115890305483507 0.059246365613786565 0.011697783382347173 -0.0091757115995677267
leaf_weight=138 5162 161 623 63 288 418
leaf_count=138 5162 161 623 63 288 418
internal_value=0.000171975 0.0107574 -0.000944153 0.01736 0.0233703 8.55448e-05
internal_weight=6853 650 6203 489 351 5580
internal_count=6853 650 6203 489 351 5580
is_linear=0
shrinkage=0.03


Tree=118
num_leaves=7
num_cat=0
split_feature=16 19 16 10 11 7
split_gain=88.7602 129.683 180.887 113.411 94.786 75.1246
threshold=1.0477024586221126 215.90166666666758 0.90845127546791848 0.0044741951146443941 0.032930148913952288 1.0000000180025095e-35
decision_type=2 8 2 2 2 2
left_child=1 2 -1 -3 -4 -2
right_child=5 3 4 -5 -6 -7
leaf_value=0.0048877421270048646 -0.0012798539300264364 -0.0010816760094056923 0.061386507926907925 0.015054236198251855 0.00035231890533136067 -0.01365768659127331
leaf_weight=311 2832 2638 85 438 36 513
leaf_count=311 2832 2638 85 438 36 513
internal_value=0.000170699 0.00351556 0.0185468 0.00124992 0.0469171 -0.00329263
internal_weight=6853 3508 432 3076 121 3345
internal_count=6853 3508 432 3076 121 3345
is_linear=0
shrinkage=0.03


Tree=119
num_leaves=7
num_cat=0
split_feature=1 10 7 3 2 0
split_gain=99.9918 121.981 123.488 70.7391 67.7451 71.7664
threshold=1.1341916589474257 0.0073394578979708589 1.0000000180025095e-35 0.043200720703640026 0.41777434304545819 1.1650017805206163
decision_type=2 2 2 2 2 2
left_child=-1 2 4 -4 -2 -6
right_child=1 -3 3 -5 5 -7
leaf_value=-0.0050307785982361079 0.011526643675083928 0.024653232918631435 0.018184669412996457 -0.013643162770527864 0.00010911693501456101 0.016730798681480412
leaf_weight=2210 767 198 49 582 2810 237
leaf_count=2210 767 198 49 582 2810 237
internal_value=0.00017131 0.00269055 0.0015726 -0.0104584 0.00364634 0.00155155
internal_weight=6853 4643 4445 631 3814 3047
internal_count=6853 4643 4445 631 3814 3047
is_linear=0
shrinkage=0.03


Tree=120
num_leaves=7
num_cat=0
split_feature=11 2 19 6 21 18
split_gain=83.9101 73.2868 66.3789 42.8968 41.116 39.8241
threshold=0.019955804785169399 0.51686425246047851 179.30999999999938 1.8332076191295177 291.8494516095397 136.15000000000003
decision_type=2 2 10 2 10 8
left_child=3 2 5 -1 -5 -2
right_child=1 -3 -4 4 -6 -7
leaf_value=0.0064314510121154618 0 -0.0036039141504455052 0.0018420918264575915 0.046191897941263098 0.0026905960403382774 0.036213049192114592
leaf_weight=567 35 3679 2425 37 46 64
leaf_count=567 35 3679 2425 37 46 64
internal_value=0.000172066 -0.000892362 0.00299831 0.0102773 0.0287429 0.0249898
internal_weight=6853 6203 2524 650 83 99
internal_count=6853 6203 2524 650 83 99
is_linear=0
shrinkage=0.03


Tree=121
num_leaves=7
num_cat=0
split_feature=1 0 2 8 22 14
split_gain=95.9418 87.5491 77.3461 129.649 225.98 55.696
threshold=0.9151602256019874 1.2749632933512227 0.41777434304545819 565.2225000000002 38.000000000000036 22.616345906112088
decision_type=2 2 2 2 10 2
left_child=-1 2 3 5 -5 -2
right_child=1 -3 -4 4 -6 -7
leaf_value=-0.010488557089407342 0.0076194739521476262 0.020069266658729164 -0.0013669018698913415 0.046594743477585521 -0.017766087417666977 -0.0043520302195873325
leaf_weight=661 849 198 4398 141 54 552
leaf_count=661 849 198 4398 141 54 552
internal_value=0.000176407 0.00136915 0.000661798 0.00629271 0.0280794 0.00280222
internal_weight=6853 6192 5994 1596 195 1401
internal_count=6853 6192 5994 1596 195 1401
is_linear=0
shrinkage=0.03


Tree=122
num_leaves=7
num_cat=0
split_feature=0 2 19 9 16 16
split_gain=89.3168 83.2071 90.621 131.739 54.4619 52.9224
threshold=1.2749632933512227 0.66321731738963863 185.28333333333345 1154.0000000000002 3.9572668644050748 0.77735397879266999
decision_type=2 2 8 2 2 2
left_child=1 2 3 -1 -2 -4
right_child=4 -3 5 -5 -6 -7
leaf_value=0.041114806345708313 0.039718522082727692 -0.0054253163008613327 0.0042241594443910057 0 0.0057470799821102347 -0.0023773216657096475
leaf_weight=106 58 2059 2027 157 142 2304
leaf_count=106 58 2059 2027 157 142 2304
internal_value=0.000173324 -0.000425268 0.00179701 0.0182666 0.0189958 0.000683052
internal_weight=6853 6653 4594 263 200 4331
internal_count=6853 6653 4594 263 200 4331
is_linear=0
shrinkage=0.03


Tree=123
num_leaves=7
num_cat=0
split_feature=1 0 7 6 22 0
split_gain=91.703 62.8167 64.9191 96.9459 69.3323 53.1846
threshold=1.2142949772507745 1.2749632933512227 1.0000000180025095e-35 1.7149022985868174 39.700000000000024 0.99266784448235679
decision_type=2 2 2 2 10 2
left_child=-1 2 4 -4 -2 -5
right_child=1 -3 3 5 -6 -7
leaf_value=-0.0037200434695956659 0.0051275605007356706 0.019043321045124174 -0.011248404191673479 0.039354425575899875 -0.014946940476928045 -0.0037620685815811161
leaf_weight=3000 2917 197 529 39 141 30
leaf_count=3000 2917 197 529 39 141 30
internal_value=0.000175977 0.00325175 0.00226105 -0.00653975 0.00406211 0.02229
internal_weight=6853 3853 3656 598 3058 69
internal_count=6853 3853 3656 598 3058 69
is_linear=0
shrinkage=0.03


Tree=124
num_leaves=7
num_cat=0
split_feature=1 0 10 13 9 9
split_gain=87.5162 74.3789 56.7003 44.4097 43.7066 73.048
threshold=0.92526636637110893 1.2749632933512227 0.0044741951146443941 1.1839263696174613 1411.0000000000002 1127.0000000000002
decision_type=2 2 2 2 2 2
left_child=-1 2 -2 -3 5 -4
right_child=1 3 4 -5 -6 -7
leaf_value=-0.0097709297472984378 -0.0003882634109107803 0.037415283604596665 0.0064656639091360069 0.0061363385862205173 0.0031161348639301995 0.046238916702568529
leaf_weight=691 5242 58 160 140 514 48
leaf_count=691 5242 58 160 140 514 48
internal_value=0.000171994 0.00133925 0.000681658 0.0185789 0.00845294 0.0195529
internal_weight=6853 6162 5964 198 722 208
internal_count=6853 6162 5964 198 722 208
is_linear=0
shrinkage=0.03


Tree=125
num_leaves=7
num_cat=0
split_feature=1 15 23 15 8 7
split_gain=83.6734 64.3241 99.9773 85.3032 79.1205 69.3083
threshold=1.2142949772507745 0.78060461047799456 17.536666666666701 0.090469444658597367 1697.5800000000002 1.0000000180025095e-35
decision_type=2 2 10 2 2 2
left_child=-1 2 4 -4 -2 -3
right_child=1 5 3 -5 -6 -7
leaf_value=-0.0035445407656080588 0.008803905813420795 0.0010588898514492103 -0.016964097492483201 0.0037577344843782484 0.039675821051001543 -0.016148656637594103
leaf_weight=3000 1466 1259 228 605 65 230
leaf_count=3000 1466 1259 228 605 65 230
internal_value=0.000175932 0.00311482 0.00618563 -0.00200295 0.010706 -0.00167849
internal_weight=6853 3853 2364 833 1531 1489
internal_count=6853 3853 2364 833 1531 1489
is_linear=0
shrinkage=0.03


Tree=126
num_leaves=7
num_cat=0
split_feature=1 10 7 2 1 1
split_gain=80.9352 69.3555 123.932 76.2945 70.4566 65.8098
threshold=0.9151602256019874 0.0073394578979708589 1.0000000180025095e-35 0.33357726690579381 1.4405882352941177 2.0273262943799168
decision_type=2 2 2 2 2 2
left_child=-1 2 3 -2 -3 -5
right_child=1 4 -4 5 -6 -7
leaf_value=-0.0096210955329227056 0.01148265614322172 0 -0.010101412455995671 -0.00033099465891167932 0.029702457755200539 0.012148976098953827
leaf_weight=661 687 137 821 4017 132 398
leaf_count=661 687 137 821 4017 132 398
internal_value=0.000172106 0.00126929 0.000540972 0.00231556 0.0156396 0.000809932
internal_weight=6853 6192 5923 5102 269 4415
internal_count=6853 6192 5923 5102 269 4415
is_linear=0
shrinkage=0.03


Tree=127
num_leaves=7
num_cat=0
split_feature=1 23 9 14 8 18
split_gain=77.6665 60.8911 109.462 54.3777 142.905 56.8292
threshold=1.0571192145352233 17.536666666666701 957.00000000000011 1.1112690705430659 1697.5800000000002 204.65000000000006
decision_type=2 10 2 2 2 10
left_child=-1 3 -3 4 5 -2
right_child=1 2 -4 -5 -6 -7
leaf_value=-0.0057000076161758664 -0.0091772953348699966 0.025569078284086749 -0.0035974584536161273 0.0025882159059165445 0.043611874041546664 0.011899198050681157
leaf_weight=1538 145 102 2050 2589 92 337
leaf_count=1538 145 102 2050 2589 92 337
internal_value=0.000169216 0.00191071 -0.00192326 0.00456203 0.0128254 0.00514693
internal_weight=6853 5315 2152 3163 574 482
internal_count=6853 5315 2152 3163 574 482
is_linear=0
shrinkage=0.03


Tree=128
num_leaves=7
num_cat=0
split_feature=15 2 14 10 3 12
split_gain=79.9262 63.1947 90.928 58.6934 103.795 61.3365
threshold=2.6415040341048548 0.29761599910588193 19.100383604645327 0.0073394578979708589 -0.038184955398897193 0.019029298680714544
decision_type=2 2 2 2 2 2
left_child=1 2 -1 5 -5 -3
right_child=-2 3 -4 4 -6 -7
leaf_value=0.017584940660857806 -0.0097078109063799128 0.0025089447064059688 -0.0042241325701670301 -0.0074950293136720096 0.030287525497672971 -0.003927339588800492
leaf_weight=444 643 2793 248 95 131 2499
leaf_count=444 643 2793 248 95 131 2499
internal_value=0.000169831 0.00124455 0.00965919 0.000131127 0.0144776 -0.000505517
internal_weight=6853 6210 692 5518 226 5292
internal_count=6853 6210 692 5518 226 5292
is_linear=0
shrinkage=0.03


Tree=129
num_leaves=7
num_cat=0
split_feature=15 1 10 3 23 15
split_gain=75.3662 73.2809 62.337 72.7124 46.7607 148.155
threshold=2.6415040341048548 0.88440819166668383 0.0073394578979708589 -0.038184955398897193 16.177500000000027 0.17021881020370608
decision_type=2 2 2 2 8 2
left_child=1 -1 4 -4 5 -3
right_child=-2 2 3 -5 -6 -7
leaf_value=-0.0096635195028630817 -0.0094253619669407707 0.013658163249145708 -0.0010095113340253365 0.029117738371370015 -0.001246958066680089 -0.00085165202572885237
leaf_weight=488 643 953 111 142 2757 1759
leaf_count=488 643 953 111 142 2757 1759
internal_value=0.000165611 0.00120983 0.00219372 0.0162448 0.00145956 0.00425487
internal_weight=6853 6210 5722 253 5469 2712
internal_count=6853 6210 5722 253 5469 2712
is_linear=0
shrinkage=0.03


Tree=130
num_leaves=7
num_cat=0
split_feature=0 16 6 7 18 15
split_gain=71.8561 62.8412 77.0248 62.7248 61.1405 54.6838
threshold=1.2749632933512227 1.0477024586221126 1.4932461948445932 1.0000000180025095e-35 330.15000000000009 0.070906705919482713
decision_type=2 2 2 2 10 2
left_child=1 2 -1 4 5 -3
right_child=-2 3 -4 -5 -6 -7
leaf_value=0.0013040552017234165 0.017043866080062631 0.010636830734979848 0.021787958568179007 -0.013386644270090344 0.011239892636415928 -0.0046018796002641783
leaf_weight=3311 200 210 156 467 275 2234
leaf_count=3311 200 210 156 467 275 2234
internal_value=0.00015982 -0.000374825 0.00238844 -0.00342473 -0.00157371 -0.00315591
internal_weight=6853 6653 3467 3186 2719 2444
internal_count=6853 6653 3467 3186 2719 2444
is_linear=0
shrinkage=0.03


Tree=131
num_leaves=7
num_cat=0
split_feature=11 14 7 2 9 9
split_gain=62.2834 129.065 68.3041 75.2868 63.173 85.1859
threshold=0.019955804785169399 46.682969850675825 1.0000000180025095e-35 0.35740804345643207 1489.0000000000002 1121.5000000000002
decision_type=2 2 2 2 2 2
left_child=1 4 3 -2 5 -1
right_child=2 -3 -4 -5 -6 -7
leaf_value=0.0088395334596538706 0.008433082346547752 -0.011103577782701263 -0.0083244954710755183 -0.0010537846153248196 0.0083324819656149674 0.057912714583416507
leaf_weight=88 884 184 897 4422 325 53
leaf_count=88 884 184 897 4422 325 53
internal_value=0.000160179 0.00886847 -0.000753811 0.000524333 0.0171955 0.0331199
internal_weight=6853 650 6203 5306 466 141
internal_count=6853 650 6203 5306 466 141
is_linear=0
shrinkage=0.03


Tree=132
num_leaves=7
num_cat=0
split_feature=15 0 14 19 15 4
split_gain=68.8209 62.1191 52.3841 46.2471 223.425 61.4747
threshold=2.6415040341048548 1.2749632933512227 11.795512369064053 194.92166666666654 0.11665875592132696 -0.20036928671226448
decision_type=2 2 2 8 2 2
left_child=1 3 -3 4 5 -1
right_child=-2 2 -4 -5 -6 -7
leaf_value=0.0036123477777137473 -0.0090029753588679404 0.0044437423291290466 0.037901208298029128 -0.00026292680970983637 -0.0029546377425160733 0.049170007968543775
leaf_weight=48 643 143 54 5457 406 102
leaf_count=48 643 143 54 5457 406 102
internal_value=0.000160876 0.00115966 0.016954 0.000562847 0.00865574 0.037614
internal_weight=6853 6210 197 6013 556 150
internal_count=6853 6210 197 6013 556 150
is_linear=0
shrinkage=0.03


Tree=133
num_leaves=7
num_cat=0
split_feature=1 2 8 22 8 8
split_gain=67.2634 53.7889 109.251 179.81 85.8934 65.8866
threshold=0.88440819166668383 0.66321731738963863 353.03220000000005 31.800000000000015 1697.5800000000002 1697.5800000000002
decision_type=2 2 2 10 2 2
left_child=-1 2 -2 4 -4 -5
right_child=1 -3 3 5 -6 -7
leaf_value=-0.0097004473120145575 0.00066747418308825141 -0.0030752609055760415 0.016531926751238473 0.012131152101470173 0.05312200404494722 -0.010162018236649388
leaf_weight=548 3630 1908 241 204 87 235
leaf_count=548 3630 1908 241 204 87 235
internal_value=0.000163287 0.00107227 0.00291176 0.0130558 0.0291635 0
internal_weight=6853 6305 4397 767 328 439
internal_count=6853 6305 4397 767 328 439
is_linear=0
shrinkage=0.03


Tree=134
num_leaves=7
num_cat=0
split_feature=1 10 7 22 15 14
split_gain=64.9712 84.4584 110.19 60.8439 57.8407 57.1554
threshold=1.2142949772507745 0.0073394578979708589 1.0000000180025095e-35 39.700000000000024 0.40221950495386044 49.282620024754095
decision_type=2 2 2 10 2 2
left_child=-1 2 3 -2 -4 -3
right_child=1 5 4 -5 -6 -7
leaf_value=-0.0031120305891701523 0.0049298194851440415 0.034365157134635671 0.0015950035392949037 -0.013851342762542762 -0.017262014852891073 0
leaf_weight=3000 2967 104 212 141 357 72
leaf_count=3000 2967 104 212 141 357 72
internal_value=0.000163584 0.00275565 0.00167908 0.00394671 -0.0101659 0.0220157
internal_weight=6853 3853 3677 3108 569 176
internal_count=6853 3853 3677 3108 569 176
is_linear=0
shrinkage=0.03


Tree=135
num_leaves=7
num_cat=0
split_feature=13 8 5 19 9 19
split_gain=62.53 99.3878 97.334 63.7275 68.7446 52.3356
threshold=1.2368036181260067 24.653250000000003 0.18676765846128318 309.16166666666635 1840.5000000000002 295.53166666666613
decision_type=2 2 2 10 2 10
left_child=1 -1 3 4 -3 -6
right_child=-2 2 -4 -5 5 -7
leaf_value=-0.0024122747271054634 -0.0051625613967873464 0.031216587433009407 0.0022273585143576572 -0.0053170849151240708 0.0021461977843315366 0.028304791212307685
leaf_weight=2622 1512 236 2017 97 290 79
leaf_count=2622 1512 236 2017 97 290 79
internal_value=0.000158839 0.00170691 0.00572252 0.0152172 0.0188143 0.00929947
internal_weight=6853 5341 2719 702 605 369
internal_count=6853 5341 2719 702 605 369
is_linear=0
shrinkage=0.03


Tree=136
num_leaves=7
num_cat=0
split_feature=0 2 8 19 8 8
split_gain=62.7007 64.348 114.627 189.91 64.5822 63.9441
threshold=1.2749632933512227 0.66321731738963863 353.03220000000005 194.92166666666654 467.50860000000006 1697.5800000000002
decision_type=2 2 2 10 2 2
left_child=1 2 -1 4 -4 -5
right_child=-2 -3 3 5 -6 -7
leaf_value=-0.00043165468426196665 0.015930873576284449 -0.0047391532426417776 0 0.012090215151013748 0.049416193979771907 -0.0072324168909597029
leaf_weight=3864 200 2059 30 341 117 242
leaf_count=3864 200 2059 30 341 117 242
internal_value=0.000158526 -0.000339464 0.00161193 0.012352 0.0406846 0.00384689
internal_weight=6853 6653 4594 730 147 583
internal_count=6853 6653 4594 730 147 583
is_linear=0
shrinkage=0.03


Tree=137
num_leaves=7
num_cat=0
split_feature=1 0 2 19 14 2
split_gain=60.5897 56.1038 55.7558 105.522 67.2897 56.5633
threshold=0.88440819166668383 1.2749632933512227 0.41777434304545819 179.30999999999938 24.148985069510093 0.2800591961464145
decision_type=2 2 2 8 2 2
left_child=-1 2 3 -2 5 -5
right_child=1 -3 -4 4 -6 -7
leaf_value=-0.00920129867316909 0.038177704739251306 0.015998966759647487 -0.001236958172366758 0.016989823683999573 -0.0051168060422718629 0.0021351012352470045
leaf_weight=548 64 198 4486 365 528 664
leaf_count=548 64 198 4486 365 528 664
internal_value=0.000158899 0.00102268 0.000462 0.00521292 0.0032958 0.00777073
internal_weight=6853 6305 6107 1621 1557 1029
internal_count=6853 6305 6107 1621 1557 1029
is_linear=0
shrinkage=0.03


Tree=138
num_leaves=7
num_cat=0
split_feature=1 9 23 9 9 2
split_gain=57.7022 65.7968 47.3778 102.527 61.5968 57.3093
threshold=1.1341916589474257 1139.0000000000002 17.536666666666701 957.00000000000011 1128.5000000000002 0.47808487224897167
decision_type=2 2 10 2 2 2
left_child=1 -1 5 -4 -5 -2
right_child=2 -3 3 4 -6 -7
leaf_value=0.0096898190174917014 0.010223097804424399 -0.0057398592620812742 0.025621670006356876 -0.015893018881746587 -0.00079156471698093255 0.0011935187991171769
leaf_weight=260 1005 1950 96 278 1476 1788
leaf_count=260 1005 1950 96 278 1476 1788
internal_value=0.000159173 -0.00378671 0.00207771 -0.00157657 -0.00342182 0.00454552
internal_weight=6853 2210 4643 1850 1754 2793
internal_count=6853 2210 4643 1850 1754 2793
is_linear=0
shrinkage=0.03


Tree=139
num_leaves=7
num_cat=0
split_feature=15 14 2 14 9 23
split_gain=59.5756 52.9439 71.2645 86.4951 143.863 58.489
threshold=2.6415040341048548 54.999629760735139 0.28470392307444053 38.395273105418617 1892.5000000000002 15.960000000000077
decision_type=2 2 2 2 2 10
left_child=1 2 -1 5 -5 -4
right_child=-2 -3 3 4 -6 -7
leaf_value=0.01247330358234456 -0.0083676762482187209 -0.0072763781899687421 0.0037463613735773593 0.035660311588007643 0 -0.0030211389562351787
leaf_weight=513 643 588 1916 146 248 2799
leaf_count=513 643 588 1916 146 248 2799
internal_value=0.00015652 0.00108724 0.00201127 0.000886975 0.0140409 -0.000235192
internal_weight=6853 6210 5622 5109 394 4715
internal_count=6853 6210 5622 5109 394 4715
is_linear=0
shrinkage=0.03


Tree=140
num_leaves=7
num_cat=0
split_feature=1 0 11 16 14 6
split_gain=55.1371 51.8216 51.0516 42.7729 81.7884 91.2204
threshold=0.88440819166668383 1.2749632933512227 0.023116111152882968 1.0477024586221126 54.999629760735139 1.4932461948445932
decision_type=2 2 2 2 2 2
left_child=-1 3 -3 4 5 -2
right_child=1 2 -4 -5 -6 -7
leaf_value=-0.0087742279324283783 0.0032717159543991397 0.034304409836668791 0.0024888320290483534 -0.0021999364543627592 -0.01017330249925474 0.028611787982679306
leaf_weight=548 2770 62 136 2859 361 117
leaf_count=548 2770 62 136 2859 361 117
internal_value=0.000153603 0.000978573 0.0153726 0.000438756 0.00280657 0.00454004
internal_weight=6853 6305 198 6107 3248 2887
internal_count=6853 6305 198 6107 3248 2887
is_linear=0
shrinkage=0.03


Tree=141
num_leaves=7
num_cat=0
split_feature=15 0 16 14 13 6
split_gain=55.2076 48.1028 50.9391 39.1402 59.718 75.8757
threshold=2.6415040341048548 1.2749632933512227 3.9572668644050748 56.144846009606745 0.37901010977051075 1.4932461948445932
decision_type=2 2 2 2 2 2
left_child=1 3 -3 4 5 -1
right_child=-2 2 -4 -5 -6 -7
leaf_value=0.0026024171597819929 -0.0080515910667468427 0.03523280552588403 0.0027921222208964602 -0.0067800873496107975 -0.0031572513390996592 0.025325733725513732
leaf_weight=3571 643 55 142 570 1752 120
leaf_count=3571 643 55 142 570 1752 120
internal_value=0.000153144 0.00104988 0.0149529 0.000521462 0.00133557 0.00351412
internal_weight=6853 6210 197 6013 5443 3691
internal_count=6853 6210 197 6013 5443 3691
is_linear=0
shrinkage=0.03


Tree=142
num_leaves=7
num_cat=0
split_feature=15 11 15 7 10 2
split_gain=52.1056 51.8783 55.045 53.752 69.3399 57.4852
threshold=2.6415040341048548 0.019955804785169399 0.17021881020370608 1.0000000180025095e-35 0.0085363869858639339 0.33357726690579381
decision_type=2 2 2 2 2 2
left_child=1 2 -1 5 -5 -3
right_child=-2 3 -4 4 -6 -7
leaf_value=0.018878767239705968 -0.0078173299020733583 0.0090418550797654838 0.00048888001004966457 -0.0093111359201009155 0.02217642746031729 -2.3906400473428682e-05
leaf_weight=268 643 718 336 779 47 4062
leaf_count=268 643 718 336 779 47 4062
internal_value=0.000152737 0.0010245 0.00923257 8.3812e-05 -0.00686026 0.0013386
internal_weight=6853 6210 604 5606 826 4780
internal_count=6853 6210 604 5606 826 4780
is_linear=0
shrinkage=0.03


Tree=143
num_leaves=7
num_cat=0
split_feature=1 15 0 11 2 19
split_gain=50.9041 50.118 43.3729 51.2703 46.5251 37.1785
threshold=0.88440819166668383 2.6415040341048548 1.2749632933512227 0.023116111152882968 0.28845719504833328 255.07000000000019
decision_type=2 2 2 2 2 8
left_child=-1 2 4 -4 5 -2
right_child=1 -3 3 -5 -6 -7
leaf_value=-0.008426089571071764 0.02203429465188134 -0.0072379156384288117 0.034568885713344127 0.002367659056236824 0.00025923336213838573 0.0042051047898607379
leaf_weight=548 135 583 59 136 4914 478
leaf_count=548 135 583 59 136 4914 478
internal_value=0.000151074 0.000944561 0.00182668 0.0151177 0.0012779 0.00894069
internal_weight=6853 6305 5722 195 5527 613
internal_count=6853 6305 5722 195 5527 613
is_linear=0
shrinkage=0.03


Tree=144
num_leaves=7
num_cat=0
split_feature=1 10 7 22 21 15
split_gain=49.0091 63.8926 82.0308 46.7788 40.3733 33.2392
threshold=1.4836715159762048 0.0070239420592845851 1.0000000180025095e-35 39.60000000000003 291.4398553380604 0.40221950495386044
decision_type=2 2 2 10 10 2
left_child=-1 2 3 -2 -3 -4
right_child=1 4 5 -5 -6 -7
leaf_value=-0.0014140510438527183 0.0073932731053524044 0.03584958256682852 0.00095173558284400287 -0.013047903962081895 0.0026577642476037543 -0.015919866213564175
leaf_weight=4924 1313 71 147 86 74 238
leaf_count=4924 1313 71 147 86 74 238
internal_value=0.000152021 0.00420006 0.00242448 0.0058648 0.0221948 -0.00937873
internal_weight=6853 1929 1784 1399 145 385
internal_count=6853 1929 1784 1399 145 385
is_linear=0
shrinkage=0.03


Tree=145
num_leaves=7
num_cat=0
split_feature=13 6 21 3 7 14
split_gain=46.4345 54.4254 74.9829 57.8962 48.635 47.4463
threshold=1.2368036181260067 1.4737669766989971 291.4398553380604 0.32200396273190862 1.0000000180025095e-35 51.621746500379096
decision_type=2 2 10 2 2 2
left_child=1 4 3 5 -1 -3
right_child=-2 2 -4 -5 -6 -7
leaf_value=0.0017896491707608084 -0.0044332369724806829 0.049163638176089458 -0.0010621721023279759 -0.0011579361577567302 -0.0073624041485861515 0.0025301154901420601
leaf_weight=4486 1512 71 142 37 568 37
leaf_count=4486 1512 71 142 37 568 37
internal_value=0.000148899 0.00148575 0.0137786 0.0275885 0.000706556 0.0372508
internal_weight=6853 5341 287 145 5054 108
internal_count=6853 5341 287 145 5054 108
is_linear=0
shrinkage=0.03


Tree=146
num_leaves=7
num_cat=0
split_feature=2 19 15 0 15 10
split_gain=46.4938 60.979 108.481 38.1698 46.2516 42.9153
threshold=0.66321731738963863 175.745 0.11665875592132696 1.0368951541594527 1.0337737050746936 -0.0020872486892390472
decision_type=2 8 2 2 2 2
left_child=1 2 -1 -3 5 -5
right_child=-2 3 -4 4 -6 -7
leaf_value=0.040655406826373301 -0.0034310512194655504 -6.5861305025562817e-05 -0.00038797292425493956 -0.0079190971125121957 -0.010130019778929029 0.014181736882706764
leaf_weight=79 2178 3824 122 71 88 491
leaf_count=79 2178 3824 122 71 88 491
internal_value=0.000146568 0.00185278 0.0172841 0.0010523 0.00765998 0.0109557
internal_weight=6853 4675 201 4474 650 562
internal_count=6853 4675 201 4474 650 562
is_linear=0
shrinkage=0.03


Tree=147
num_leaves=7
num_cat=0
split_feature=1 7 10 18 2 22
split_gain=46.5343 47.0116 110.72 87.0531 46.3525 47.9098
threshold=0.88440819166668383 1.0000000180025095e-35 0.0061735416514486306 253.40000000000003 0.41777434304545819 38.200000000000024
decision_type=2 2 2 8 2 10
left_child=-1 4 -3 -4 5 -2
right_child=1 2 3 -5 -6 -7
leaf_value=-0.0080572179394887283 0.0081982435961087587 -0.010175842569591908 0.041665396039754568 0 0.00034191454228036332 -0.014875155027423585
leaf_weight=548 1279 759 51 109 4043 64
leaf_count=548 1279 759 51 109 4043 64
internal_value=0.000142424 0.000902036 -0.00525434 0.0157953 0.00199578 0.0067865
internal_weight=6853 6305 919 160 5386 1343
internal_count=6853 6305 919 160 5386 1343
is_linear=0
shrinkage=0.03


Tree=148
num_leaves=7
num_cat=0
split_feature=15 2 19 18 8 11
split_gain=44.3124 44.0624 51.8227 37.6622 37.0302 74.1774
threshold=2.6415040341048548 0.2439905785632899 255.07000000000019 313.9500000000001 21.314700000000006 0.01451478361359407
decision_type=2 2 8 10 2 2
left_child=1 2 -1 -4 -3 -6
right_child=-2 4 3 -5 5 -7
leaf_value=0.028543180179582021 -0.0072094426141225843 -0.0026859387497398411 -0.0060268744721154992 0.012793090525899352 0.026989524147279981 0.0013658594755409652
leaf_weight=87 643 2306 160 174 86 3397
leaf_count=87 643 2306 160 174 86 3397
internal_value=0.000138487 0.00094409 0.0100933 0.00352266 0.00022044 0.00219184
internal_weight=6853 6210 421 334 5789 3483
internal_count=6853 6210 421 334 5789 3483
is_linear=0
shrinkage=0.03


Tree=149
num_leaves=7
num_cat=0
split_feature=0 2 14 12 9 2
split_gain=44.2384 48.4022 57.0202 61.2967 51.2088 46.4255
threshold=1.2749632933512227 0.66321731738963863 54.652457235543316 0.011130594959556159 2469.0000000000005 0.29761599910588193
decision_type=2 2 2 2 2 2
left_child=1 2 3 -1 -4 -5
right_child=-2 -3 4 5 -6 -7
leaf_value=0.01838976489715104 0.01338927105414173 -0.0040942851328364914 -0.015272235960208245 0.0091533917688519772 0.0023401303623599569 0.00024752726078469803
leaf_weight=194 200 2059 306 619 241 3234
leaf_count=194 200 2059 306 619 241 3234
internal_value=0.000139026 -0.000275755 0.0014135 0.00267762 -0.00743911 0.0017569
internal_weight=6853 6653 4594 4047 547 3853
internal_count=6853 6653 4594 4047 547 3853
is_linear=0
shrinkage=0.03


Tree=150
num_leaves=7
num_cat=0
split_feature=15 11 15 2 7 10
split_gain=41.6551 41.099 49.7577 47.9878 44.6767 60.8975
threshold=2.6415040341048548 0.019955804785169399 0.17021881020370608 0.66321731738963863 1.0000000180025095e-35 0.0085363869858639339
decision_type=2 2 2 2 2 2
left_child=1 2 3 -1 -3 -6
right_child=-2 4 -4 -5 5 -7
leaf_value=0.024833500400048756 -0.0069850301757783837 0.0012259376538527249 0 -0.00086639779735087725 -0.0085579641172207777 0.020919450083747505
leaf_weight=191 643 4780 336 77 779 47
leaf_count=191 643 4780 336 77 779 47
internal_value=0.000138273 0.000919972 0.00822618 0.0173813 7.96819e-05 -0.00624848
internal_weight=6853 6210 604 268 5606 826
internal_count=6853 6210 604 268 5606 826
is_linear=0
shrinkage=0.03


Tree=151
num_leaves=7
num_cat=0
split_feature=1 10 7 17 23 21
split_gain=43.2738 65.2378 89.7283 59.4738 47.4869 49.5964
threshold=1.2142949772507745 0.0073394578979708589 1.0000000180025095e-35 1.0000000180025095e-35 28.417500000000029 291.08800902968807
decision_type=2 2 2 2 10 10
left_child=-1 2 4 -3 5 -2
right_child=1 3 -4 -5 -6 -7
leaf_value=-0.0025322700668197078 0.00059506088977398779 0.035794032575201466 -0.0093783821525520224 0.00086372379245141801 -0.013863162180512315 0.0084521603240164077
leaf_weight=3000 1668 78 569 98 115 1325
leaf_count=3000 1668 78 569 98 115 1325
internal_value=0.000136695 0.00225586 0.00130571 0.0191823 0.00335713 0.0041562
internal_weight=6853 3853 3677 176 3108 2993
internal_count=6853 3853 3677 176 3108 2993
is_linear=0
shrinkage=0.03


Tree=152
num_leaves=7
num_cat=0
split_feature=0 2 8 19 8 14
split_gain=41.4369 44.8104 92.7565 166.206 56.7743 53.208
threshold=1.2749632933512227 0.66321731738963863 353.03220000000005 194.92166666666654 467.50860000000006 2.378395317445499
decision_type=2 2 2 10 2 2
left_child=1 2 -1 4 -4 -5
right_child=-2 -3 3 5 -6 -7
leaf_value=-0.00047636320962557172 0.012958627612869762 -0.0039411941678279203 0 -0.0025057931267977529 0.045698602933463825 0.016444874975627209
leaf_weight=3864 200 2059 30 415 117 168
leaf_count=3864 200 2059 30 415 117 168
internal_value=0.000134334 -0.00026639 0.00135807 0.0110218 0.0375132 0.00307067
internal_weight=6853 6653 4594 730 147 583
internal_count=6853 6653 4594 730 147 583
is_linear=0
shrinkage=0.03


Tree=153
num_leaves=7
num_cat=0
split_feature=1 7 11 14 2 14
split_gain=41.059 39.9456 47.9333 44.9737 62.1831 64.5221
threshold=0.88440819166668383 1.0000000180025095e-35 0.016302227599505555 54.999629760735139 0.47655677655677664 38.395273105418617
decision_type=2 2 2 2 2 2
left_child=-1 3 -3 4 -2 -6
right_child=1 2 -4 -5 5 -7
leaf_value=-0.0075648730260633179 0.0076201050388367032 0.021747127454727889 -0.0065276371824100265 -0.006574721859186645 -0.00070970838724033407 0.01587151692562069
leaf_weight=548 1578 36 883 487 3115 206
leaf_count=548 1578 36 883 487 3115 206
internal_value=0.000135618 0.000850427 -0.00482068 0.00186008 0.00275238 0.000362774
internal_weight=6853 6305 919 5386 4899 3321
internal_count=6853 6305 919 5386 4899 3321
is_linear=0
shrinkage=0.03


Tree=154
num_leaves=7
num_cat=0
split_feature=6 14 9 9 15 23
split_gain=39.3782 58.1798 89.0646 59.4954 46.2678 40.8409
threshold=1.0658775204745972 54.652457235543316 1411.0000000000002 1127.0000000000002 0.17021881020370608 16.587500000000006
decision_type=2 2 2 2 2 10
left_child=-1 2 3 5 -4 -2
right_child=1 -3 4 -5 -6 -7
leaf_value=-0.0010189959897504656 -0.0030004377357470682 -0.0071857672144254349 0.012216598311639843 0.040128765567079991 -0.0019165264743404757 0.022790622763956585
leaf_weight=5417 97 277 285 91 607 79
leaf_count=5417 97 277 285 91 607 79
internal_value=0.000132324 0.00453279 0.00753513 0.0221586 0.00260351 0.00895521
internal_weight=6853 1436 1159 267 892 176
internal_count=6853 1436 1159 267 892 176
is_linear=0
shrinkage=0.03


Tree=155
num_leaves=7
num_cat=0
split_feature=1 10 17 2 16 15
split_gain=39.1476 53.7071 48.3144 44.2005 39.487 29.7843
threshold=1.0571192145352233 0.0073394578979708589 1.0000000180025095e-35 0.29761599910588193 1.6693286726340382 0.073884993993132572
decision_type=2 2 2 2 2 2
left_child=-1 3 -3 4 -2 -5
right_child=1 2 -4 5 -6 -7
leaf_value=-0.0040272678102183414 0.014336122501997993 0.029765889122250623 0.0013652797620620158 0.0084144566981955923 -0.0051060337139690508 -0.00085932745394519741
leaf_weight=1538 342 92 131 315 102 4333
leaf_count=1538 342 92 131 315 102 4333
internal_value=0.000132458 0.00137486 0.0151849 0.000683672 0.00951884 -0.00016534
internal_weight=6853 5315 223 5092 444 4648
internal_count=6853 5315 223 5092 444 4648
is_linear=0
shrinkage=0.03


Tree=156
num_leaves=7
num_cat=0
split_feature=0 2 8 19 11 8
split_gain=38.6104 40.0616 85.6492 157.496 69.4483 50.8362
threshold=1.2749632933512227 0.66321731738963863 353.03220000000005 194.92166666666654 0.024788927380572149 1697.5800000000002
decision_type=2 2 2 10 2 2
left_child=1 2 -1 4 -4 -5
right_child=-2 -3 3 5 -6 -7
leaf_value=-0.00048035935013030824 0.012511822254684045 -0.0037293445679572818 0.058704003390989128 0.010222029860319769 0.012732234813272953 -0.0070041154261024398
leaf_weight=3864 200 2059 57 341 90 242
leaf_count=3864 200 2059 57 341 90 242
internal_value=0.000132316 -0.000253738 0.00128091 0.0105678 0.0363518 0.00282765
internal_weight=6853 6653 4594 730 147 583
internal_count=6853 6653 4594 730 147 583
is_linear=0
shrinkage=0.03


Tree=157
num_leaves=7
num_cat=0
split_feature=16 4 14 22 5 8
split_gain=37.2562 80.5295 60.1146 65.534 53.3073 67.4265
threshold=1.0477024586221126 0.25044483185365202 56.144846009606745 38.500000000000036 0.15163111988074288 666.19845000000009
decision_type=2 2 2 10 2 2
left_child=1 2 3 4 5 -1
right_child=-2 -3 -4 -5 -6 -7
leaf_value=0.0072945730352210521 -0.0020999151619888472 0.026971603540928455 -0.0098622521516086824 -0.01087465215820713 0.0017719783503448237 0.03639497650663058
leaf_weight=602 3345 96 354 261 2125 70
leaf_count=602 3345 96 354 261 2125 70
internal_value=0.000135588 0.00230956 0.00141882 0.00282907 0.0042292 0.0115069
internal_weight=6853 3508 3412 3058 2797 672
internal_count=6853 3508 3412 3058 2797 672
is_linear=0
shrinkage=0.03


Tree=158
num_leaves=7
num_cat=0
split_feature=0 2 11 12 7 10
split_gain=36.3411 37.6167 36.3396 34.8843 30.9268 86.1408
threshold=1.2749632933512227 0.29761599910588193 0.023116111152882968 0.019029298680714544 1.0000000180025095e-35 0.0088466235809641549
decision_type=2 2 2 2 2 2
left_child=1 3 -2 -1 -3 -6
right_child=2 4 -4 -5 5 -7
leaf_value=0.025319348267497658 0.027804207677753375 -0.00017093125208314638 0.0011959845427190886 0.0034690417913160057 -0.0094394214860135332 0.025557363255716423
leaf_weight=59 64 5137 136 672 737 48
leaf_count=59 64 5137 136 672 737 48
internal_value=0.00013585 -0.000238038 0.012146 0.00605966 -0.00105844 -0.00653136
internal_weight=6853 6653 200 731 5922 785
internal_count=6853 6653 200 731 5922 785
is_linear=0
shrinkage=0.03


Tree=159
num_leaves=7
num_cat=0
split_feature=1 5 14 18 14 23
split_gain=36.9858 52.0869 65.8968 71.4538 36.0987 42.0114
threshold=1.4836715159762048 0.18676765846128318 54.652457235543316 332.15000000000009 24.148985069510093 16.788333333333366
decision_type=2 2 2 8 2 10
left_child=4 2 3 -2 5 -1
right_child=1 -3 -4 -5 -6 -7
leaf_value=0.0037176540194314061 0.024462034613545982 0.00094889987603845099 -0.0070820910323943411 -0.013774309689706226 -0.0061537873024950784 -0.0025518961039042959
leaf_weight=1652 280 1524 92 33 1031 2241
leaf_count=1652 280 1524 92 33 1031 2241
internal_value=0.000139521 0.00365853 0.0129774 0.0193951 -0.00121795 7.56658e-05
internal_weight=6853 1929 405 313 4924 3893
internal_count=6853 1929 405 313 4924 3893
is_linear=0
shrinkage=0.03


Tree=160
num_leaves=7
num_cat=0
split_feature=8 13 19 8 6 11
split_gain=33.3511 63.6169 106.963 109.138 88.2162 76.6328
threshold=21.314700000000006 0.42996321795718195 215.90166666666758 467.50860000000006 1.4737669766989971 0.032930148913952288
decision_type=2 2 8 2 2 2
left_child=-1 2 3 -2 -4 -5
right_child=1 -3 4 5 -6 -7
leaf_value=-0.0022762830375387812 0.0055259023200036313 -0.0024651330898055957 0.0001404135370407865 0.047541234507293431 0.026815185599029061 0
leaf_weight=2901 274 1654 1771 117 100 36
leaf_count=2901 274 1654 1771 117 100 36
internal_value=0.000133988 0.00194359 0.00517539 0.0184055 0.00191396 0.0372985
internal_weight=6853 3952 2298 427 1871 153
internal_count=6853 3952 2298 427 1871 153
is_linear=0
shrinkage=0.03


Tree=161
num_leaves=7
num_cat=0
split_feature=15 2 19 0 11 18
split_gain=34.2957 36.1763 42.9229 35.4481 37.5919 34.5935
threshold=2.6415040341048548 0.2439905785632899 255.07000000000019 1.2749632933512227 0.023116111152882968 313.9500000000001
decision_type=2 2 8 2 2 10
left_child=1 2 -1 -3 -5 -4
right_child=-2 3 5 4 -6 -7
leaf_value=0.025943231659584513 -0.0063238009101315084 -0.00024343163507068675 -0.0060019683645417292 0.028421696875658299 0.0010830495406182544 0.012033957939393358
leaf_weight=87 643 5593 160 61 135 174
leaf_count=87 643 5593 160 61 135 174
internal_value=0.000136931 0.000848123 0.00913868 0.000189989 0.0121298 0.0031193
internal_weight=6853 6210 421 5789 196 334
internal_count=6853 6210 421 5789 196 334
is_linear=0
shrinkage=0.03


Tree=162
num_leaves=7
num_cat=0
split_feature=1 7 6 15 1 8
split_gain=35.375 38.4103 55.4239 43.8087 33.2536 55.6252
threshold=0.88440819166668383 1.0000000180025095e-35 1.7149022985868174 0.53559369914270161 1.4836715159762048 666.19845000000009
decision_type=2 2 2 2 2 2
left_child=-1 4 -3 -4 -2 -6
right_child=1 2 3 -5 5 -7
leaf_value=-0.0070077492016725057 0.00030641364630190355 -0.0076558004515886674 0.032703349685360643 -0.00027681664593758119 0.00860370846837759 -0.0054295474025642587
leaf_weight=548 3926 808 38 73 1165 295
leaf_count=548 3926 808 38 73 1165 295
internal_value=0.000137617 0.000802568 -0.0047582 0.0131378 0.00179323 0.00563182
internal_weight=6853 6305 919 111 5386 1460
internal_count=6853 6305 919 111 5386 1460
is_linear=0
shrinkage=0.03


Tree=163
num_leaves=7
num_cat=0
split_feature=1 10 3 21 15 18
split_gain=33.3684 33.3618 57.2307 28.9792 72.3822 108.98
threshold=0.88440819166668383 0.0073394578979708589 -0.038184955398897193 291.22703556613891 0.17021881020370608 320.4500000000001
decision_type=2 2 2 10 2 8
left_child=-1 3 -3 4 5 -2
right_child=1 2 -4 -5 -6 -7
leaf_value=-0.0068049192306393769 0.0088907540358498342 -0.0029119755730964243 0.022383688310841598 0.0022844288594691155 -0.0051539823871308444 -0.020186183333284872
leaf_weight=548 821 130 147 3133 1961 113
leaf_count=548 821 130 147 3133 1961 113
internal_value=0.000134034 0.00078046 0.0106104 0.000270358 -0.00185855 0.00486621
internal_weight=6853 6305 277 6028 2895 934
internal_count=6853 6305 277 6028 2895 934
is_linear=0
shrinkage=0.03


Tree=164
num_leaves=7
num_cat=0
split_feature=0 16 1 20 8 22
split_gain=31.6529 40.1228 26.903 31.9666 57.9192 58.9901
threshold=1.2749632933512227 1.0277764234424422 0.88440819166668383 0.0092476956614456745 353.03220000000005 38.000000000000036
decision_type=2 2 2 2 2 10
left_child=2 -2 -1 -4 -5 -6
right_child=1 -3 3 4 5 -7
leaf_value=-0.00648975752777002 0.032797904933913283 0.0022613358697841121 -0.0017692823869974422 0.00071397406250017575 0.018444929276356253 -0.0049019626371393154
leaf_weight=546 39 161 3097 2564 334 112
leaf_count=546 39 161 3097 2564 334 112
internal_value=0.000128572 0.0113381 -0.000218897 0.000336625 0.00255028 0.0123014
internal_weight=6853 200 6653 6107 3010 446
internal_count=6853 200 6653 6107 3010 446
is_linear=0
shrinkage=0.03


Tree=165
num_leaves=7
num_cat=0
split_feature=15 2 1 22 15 21
split_gain=31.1282 34.1332 41.2101 35.6491 25.324 41.9491
threshold=2.6415040341048548 0.2439905785632899 1.2142949772507745 40.300000000000018 0.78060461047799456 289.19882526225587
decision_type=2 2 2 10 2 10
left_child=1 -1 -3 4 -4 -6
right_child=-2 2 3 -5 5 -7
leaf_value=0.0088594394305176061 -0.0060256498300997703 -0.0029697986496415832 0.0047500029835571868 -0.012757832833876211 -0.0086021743987042161 0.0030683392511795539
leaf_weight=421 643 2245 2190 115 383 856
leaf_count=421 643 2245 2190 115 383 856
internal_value=0.000128299 0.000806871 0.000166947 0.00220157 0.00281783 -0.000499453
internal_weight=6853 6210 5789 3544 3429 1239
internal_count=6853 6210 5789 3544 3429 1239
is_linear=0
shrinkage=0.03


Tree=166
num_leaves=7
num_cat=0
split_feature=7 1 2 16 4 0
split_gain=30.422 48.7701 46.0114 40.0152 68.8617 43.8217
threshold=1.0000000180025095e-35 1.0571192145352233 0.35482809160663104 1.6693286726340382 0.25044483185365202 0.90021073250882599
decision_type=2 2 2 2 2 2
left_child=1 -1 -3 4 -2 -5
right_child=3 2 -4 5 -6 -7
leaf_value=-0.0040041447328560921 -0.0028643928382824342 0.0098732854751594542 0.0011918585393629426 -0.0018533165113069116 0.028300700857214731 -0.020319222159491016
leaf_weight=1323 468 635 3882 280 53 212
leaf_count=1323 468 635 3882 280 53 212
internal_value=0.000121947 0.000979534 0.0024835 -0.00460012 0.000957722 -0.010586
internal_weight=6853 5840 4517 1013 521 492
internal_count=6853 5840 4517 1013 521 492
is_linear=0
shrinkage=0.03


Tree=167
num_leaves=7
num_cat=0
split_feature=12 10 7 21 22 15
split_gain=29.8989 34.8831 45.9772 40.233 80.3172 76.3811
threshold=0.047623304218267402 0.0044741951146443941 1.0000000180025095e-35 291.22703556613891 34.200000000000024 0.090469444658597367
decision_type=2 2 2 10 10 2
left_child=1 2 3 4 5 -1
right_child=-2 -3 -4 -5 -6 -7
leaf_value=0.011192973336238147 -0.012507747980970435 0.0063541194575899582 -0.00713103164216941 0.0033127156249637352 -0.020577786335543066 -0.0028574345059160476
leaf_weight=400 144 776 759 2604 173 1997
leaf_count=400 144 776 759 2604 173 1997
internal_value=0.00011788 0.000447535 -0.000318565 0.000675521 -0.00194359 -0.000377491
internal_weight=6853 6709 5933 5174 2570 2397
internal_count=6853 6709 5933 5174 2570 2397
is_linear=0
shrinkage=0.03


Tree=168
num_leaves=7
num_cat=0
split_feature=8 13 22 6 15 2
split_gain=29.9439 54.0972 74.4128 65.1405 44.4525 136.639
threshold=21.314700000000006 0.42996321795718195 38.200000000000024 1.4737669766989971 0.11665875592132696 0.49995325348859482
decision_type=2 2 8 2 2 2
left_child=-1 2 3 4 5 -2
right_child=1 -3 -4 -5 -6 -7
leaf_value=-0.002171652082236299 0.032325095283387575 -0.0022335799183705062 -0.01080380611937524 0.027921209348631754 0.0025223839443528711 -0.00010624574624786251
leaf_weight=2901 177 1654 222 106 1528 265
leaf_count=2901 177 1654 222 106 1528 265
internal_value=0.000111095 0.00182703 0.00480844 0.00663668 0.00514694 0.0133934
internal_weight=6853 3952 2298 2076 1970 442
internal_count=6853 3952 2298 2076 1970 442
is_linear=0
shrinkage=0.03


Tree=169
num_leaves=7
num_cat=0
split_feature=12 10 7 21 23 15
split_gain=28.0688 32.0333 43.0665 38.8512 93.5115 88.8835
threshold=0.047623304218267402 0.0044741951146443941 1.0000000180025095e-35 291.22703556613891 17.736666666666725 0.090469444658597367
decision_type=2 2 2 10 10 2
left_child=1 2 3 4 5 -1
right_child=-2 -3 -4 -5 -6 -7
leaf_value=0.013014710792306506 -0.012121791152919574 0.0060911818153482873 -0.0068964536710827513 0.0032507564334204419 -0.017666909512039274 -0.0025201781402378813
leaf_weight=380 144 776 759 2604 280 1910
leaf_count=380 144 776 759 2604 280 1910
internal_value=0.000110595 0.000430687 -0.00030245 0.000658809 -0.00191434 8.30911e-05
internal_weight=6853 6709 5933 5174 2570 2290
internal_count=6853 6709 5933 5174 2570 2290
is_linear=0
shrinkage=0.03


Tree=170
num_leaves=7
num_cat=0
split_feature=0 16 15 1 20 11
split_gain=29.8618 37.5972 23.9305 23.6701 25.1856 68.4202
threshold=1.2749632933512227 1.0277764234424422 2.6415040341048548 0.7717131868805498 0.0092476956614456745 0.025593909851723873
decision_type=2 2 2 2 2 2
left_child=2 -2 3 -1 -5 -6
right_child=1 -3 -4 4 5 -7
leaf_value=-0.0085987640269424587 0.031775316554358446 0.0021763027620949468 -0.0056685366557424205 -0.0012303044077833455 0.016637056124855006 0.0011385765764074429
leaf_weight=233 39 161 640 2828 268 2684
leaf_count=233 39 161 640 2828 268 2684
internal_value=0.000104497 0.0109939 -0.000232346 0.000338271 0.000752806 0.00269858
internal_weight=6853 200 6653 6013 5780 2952
internal_count=6853 200 6653 6013 5780 2952
is_linear=0
shrinkage=0.03


Tree=171
num_leaves=7
num_cat=0
split_feature=14 9 13 10 9 15
split_gain=31.5306 48.3055 38.0686 42.2298 51.5137 27.6579
threshold=56.144846009606745 2469.0000000000005 1.2368036181260067 0.005103761233478883 1600.5000000000002 0.67252002315899861
decision_type=2 2 2 2 2 2
left_child=2 -2 3 5 -5 -1
right_child=1 -3 -4 4 -6 -7
leaf_value=0.003303327516483582 -0.013637599020015441 0.0031012649984520314 -0.0033408957022270243 0.026517724467684394 0.0024720729095505847 -0.0014349530684843079
leaf_weight=2492 334 244 1506 118 242 1917
leaf_count=2492 334 244 1506 118 242 1917
internal_value=0.000104525 -0.00645314 0.000750973 0.00208302 0.0117293 0.00121211
internal_weight=6853 578 6275 4769 360 4409
internal_count=6853 578 6275 4769 360 4409
is_linear=0
shrinkage=0.03


Tree=172
num_leaves=7
num_cat=0
split_feature=0 16 7 10 0 0
split_gain=28.2354 36.1357 26.638 68.8883 57.1286 37.8448
threshold=1.2749632933512227 1.0277764234424422 1.0000000180025095e-35 0.0088466235809641549 0.93562139328216709 0.73892578833481115
decision_type=2 2 2 2 2 2
left_child=2 -2 5 4 -4 -1
right_child=1 -3 3 -5 -6 -7
leaf_value=-0.0047452467282307941 0.031059412472581458 0.0020425916999290334 -0.0016888704135286788 0.023180798633644976 -0.018117063168205858 0.0016755971036143378
leaf_weight=975 39 161 637 52 271 4718
leaf_count=975 39 161 637 52 271 4718
internal_value=0.000102872 0.0106919 -0.000224064 -0.00480881 -0.00703842 0.000536926
internal_weight=6853 200 6653 960 908 5693
internal_count=6853 200 6653 960 908 5693
is_linear=0
shrinkage=0.03


Tree=173
num_leaves=7
num_cat=0
split_feature=8 13 19 8 1 19
split_gain=27.6883 47.4539 97.2639 95.3537 82.4274 43.302
threshold=21.314700000000006 0.42996321795718195 215.90166666666758 467.50860000000006 2.6753505969125961 267.15333333333405
decision_type=2 2 8 2 2 8
left_child=-1 2 3 -2 -4 -3
right_child=1 5 4 -5 -6 -7
leaf_value=-0.0020915269680981288 0.0050813654779779662 -0.0083710585624555446 3.914666034160197e-05 0.0348213980793603 0.031244570096489038 0.0015138693378855476
leaf_weight=2901 274 601 1811 153 60 1053
leaf_count=2901 274 601 1811 153 60 1053
internal_value=0.000102702 0.00175358 0.00454671 0.0171544 0.00143905 -0.00204543
internal_weight=6853 3952 2298 427 1871 1654
internal_count=6853 3952 2298 427 1871 1654
is_linear=0
shrinkage=0.03


Tree=174
num_leaves=7
num_cat=0
split_feature=0 7 10 0 1 21
split_gain=26.7816 25.0604 65.76 54.1505 35.9345 32.5621
threshold=1.2749632933512227 1.0000000180025095e-35 0.0088466235809641549 0.93562139328216709 1.0571192145352233 291.08800902968807
decision_type=2 2 2 2 2 10
left_child=1 4 3 -3 -1 -6
right_child=-2 2 -4 -5 5 -7
leaf_value=-0.0037335648942747528 0.010419119054197587 -0.0016267944537060649 0.022676740049694975 -0.017628113634106653 -0.00066976299011591988 0.0044424923937577679
leaf_weight=1323 200 637 52 271 2185 2185
leaf_count=1323 200 637 52 271 2185 2185
internal_value=0.000106364 -0.000211474 -0.00465904 -0.00684115 0.000525939 0.00186079
internal_weight=6853 6653 960 908 5693 4370
internal_count=6853 6653 960 908 5693 4370
is_linear=0
shrinkage=0.03


Tree=175
num_leaves=7
num_cat=0
split_feature=2 9 11 0 11 9
split_gain=26.9802 36.324 30.8871 28.7378 23.1543 27.7532
threshold=0.2800591961464145 1740.5000000000002 0.032605189010684155 1.2343444385039548 0.023116111152882968 1062.0000000000002
decision_type=2 2 2 2 2 2
left_child=1 2 -1 -2 5 -5
right_child=3 -3 -4 4 -6 -7
leaf_value=0.024638428337963057 -0.0009138312437870842 -0.00048818977212469121 0.0036554590236319569 0 0.00070708610583096736 0.030941311428454559
leaf_weight=113 6000 328 176 33 152 51
leaf_count=113 6000 328 176 33 152 51
internal_value=0.000103075 0.00600234 0.013409 -0.000473954 0.00932112 0.0203326
internal_weight=6853 617 289 6236 236 84
internal_count=6853 617 289 6236 236 84
is_linear=0
shrinkage=0.03


Tree=176
num_leaves=7
num_cat=0
split_feature=8 2 8 22 8 13
split_gain=26.0173 56.2381 92.4358 139.738 48.4805 54.6516
threshold=24.653250000000003 0.51686425246047851 666.19845000000009 38.200000000000024 599.97555000000011 0.83123004490501329
decision_type=2 2 2 10 2 2
left_child=-1 2 -2 -4 5 -3
right_child=1 4 3 -5 -6 -7
leaf_value=-0.0019032248491441543 0.0028162339757942033 0.006726340736894783 0.038965927894122503 -0.0081918098702189624 -0.0084190605265327314 -0.003077615753951169
leaf_weight=3092 991 933 149 69 553 1066
leaf_count=3092 991 933 149 69 553 1066
internal_value=0.000105389 0.00179772 0.00708168 0.0239755 -0.000682819 0.00144523
internal_weight=6853 3761 1209 218 2552 1999
internal_count=6853 3761 1209 218 2552 1999
is_linear=0
shrinkage=0.03


Tree=177
num_leaves=7
num_cat=0
split_feature=14 4 9 9 9 7
split_gain=29.4178 46.694 69.8231 61.1239 44.781 42.2717
threshold=54.999629760735139 0.031888367206669981 1411.0000000000002 1127.0000000000002 2477.5000000000005 1.0000000180025095e-35
decision_type=2 2 2 2 2 2
left_child=1 5 3 -3 -2 -1
right_child=4 2 -4 -5 -6 -7
leaf_value=0.00044944607885276611 -0.012819000268015204 0.0061961326396510917 0.0017757643844378557 0.036958939203035987 0.0031879254964571019 -0.008179498624315008
leaf_weight=4537 350 176 905 91 241 553
leaf_count=4537 350 176 905 91 241 553
internal_value=0.000103268 0.000735552 0.00609016 0.0190484 -0.00615545 -0.000487031
internal_weight=6853 6262 1172 267 591 5090
internal_count=6853 6262 1172 267 591 5090
is_linear=0
shrinkage=0.03


Tree=178
num_leaves=7
num_cat=0
split_feature=14 11 2 14 22 14
split_gain=27.7881 50.0875 42.0254 49.3911 60.4808 43.0775
threshold=56.144846009606745 0.014863896224169854 0.29761599910588193 38.395273105418617 28.500000000000032 19.100383604645327
decision_type=2 2 2 2 8 2
left_child=1 -1 5 -4 -5 -3
right_child=-2 2 3 4 -6 -7
leaf_value=0.018473252488566294 -0.0060505178428615549 0.012244409616090645 -0.0013291592968503704 0 0.024672121262177826 -0.0045556046467375103
leaf_weight=120 578 458 5165 237 130 165
leaf_count=120 578 458 5165 237 130 165
internal_value=0.000103886 0.000712028 0.000282747 -0.000533876 0.00976127 0.00755838
internal_weight=6853 6275 6155 5532 367 623
internal_count=6853 6275 6155 5532 367 623
is_linear=0
shrinkage=0.03


Tree=179
num_leaves=7
num_cat=0
split_feature=14 6 9 9 9 8
split_gain=26.3105 44.0862 63.9492 58.7749 42.4778 37.981
threshold=54.999629760735139 1.0658775204745972 1411.0000000000002 1127.0000000000002 2469.0000000000005 21.071700000000003
decision_type=2 2 2 2 2 2
left_child=1 -1 3 -3 5 -2
right_child=4 2 -4 -5 -6 -7
leaf_value=-0.00048262593495825408 -0.019330386377386131 0.0057481371054463846 0.0017648412467874504 0.035854444736929454 0.0031521267086039033 0
leaf_weight=5092 222 176 903 91 245 124
leaf_count=5092 222 176 903 91 245 124
internal_value=0.000104243 0.000703318 0.00591212 0.0183153 -0.00581306 -0.0123964
internal_weight=6853 6262 1170 267 591 346
internal_count=6853 6262 1170 267 591 346
is_linear=0
shrinkage=0.03


Tree=180
num_leaves=7
num_cat=0
split_feature=12 7 3 6 2 24
split_gain=25.7911 26.4597 47.2625 46.4022 32.9205 34.9069
threshold=0.047623304218267402 1.0000000180025095e-35 0.032273428653242793 1.5695101390261559 0.33357726690579381 -3.8999999999999768
decision_type=2 2 2 2 2 10
left_child=1 4 3 -3 5 -1
right_child=-2 2 -4 -5 -6 -7
leaf_value=-0.0020499612078128848 -0.011619643334344756 0 -0.0070023197882244734 0.034248477548360828 0.00028319037833018462 0.011111996593719357
leaf_weight=236 144 134 837 30 4940 532
leaf_count=236 144 134 837 30 4940 532
internal_value=0.000104717 0.000412445 -0.00400423 0.00957974 0.00122445 0.00692771
internal_weight=6853 6709 1001 164 5708 768
internal_count=6853 6709 1001 164 5708 768
is_linear=0
shrinkage=0.03


Tree=181
num_leaves=7
num_cat=0
split_feature=14 9 6 9 9 0
split_gain=25.1395 41.904 41.3128 58.3462 57.8405 65.1949
threshold=56.144846009606745 2469.0000000000005 1.0658775204745972 1411.0000000000002 1127.0000000000002 0.84861863860527131
decision_type=2 2 2 2 2 2
left_child=2 -2 -1 4 -4 -6
right_child=1 -3 3 -5 5 -7
leaf_value=-0.00046417295376540503 -0.012455794835991968 0.003111585543623402 0.0051432141125427955 0.0017251409369118244 0 0.048379968337894201
leaf_weight=5101 334 244 178 903 30 63
leaf_count=5101 334 244 178 903 30 63
internal_value=0.00010332 -0.00574898 0.000682766 0.00571611 0.0174664 0.0346405
internal_weight=6853 578 6275 1174 271 93
internal_count=6853 578 6275 1174 271 93
is_linear=0
shrinkage=0.03


Tree=182
num_leaves=7
num_cat=0
split_feature=12 10 3 2 14 12
split_gain=24.4513 25.6894 39.0672 27.6839 73.086 40.5618
threshold=0.047623304218267402 0.0073394578979708589 -0.038184955398897193 0.29761599910588193 19.100383604645327 0.019029298680714544
decision_type=2 2 2 2 2 2
left_child=1 3 -3 4 5 -1
right_child=-2 2 -4 -5 -6 -7
leaf_value=0.038844442930486466 -0.011310383663896084 -0.0028041164921098994 0.018805600906976246 -0.00065490728835366412 -0.0067416886149955389 0.0086876055716974543
leaf_weight=34 144 111 145 5782 242 395
leaf_count=34 144 111 145 5782 242 395
internal_value=0.0001044 0.000404584 0.00936806 0 0.00569701 0.0130355
internal_weight=6853 6709 256 6453 671 429
internal_count=6853 6709 256 6453 671 429
is_linear=0
shrinkage=0.03


Tree=183
num_leaves=7
num_cat=0
split_feature=0 16 12 20 12 23
split_gain=23.5622 32.5378 21.8461 21.9543 63.0719 32.0025
threshold=1.2749632933512227 1.0277764234424422 0.047623304218267402 0.0092476956614456745 0.019029298680714544 28.417500000000029
decision_type=2 2 2 2 2 8
left_child=2 -2 3 5 -5 -1
right_child=1 -3 -4 4 -6 -7
leaf_value=-0.0010809041488923448 0.029071667398310311 0.0015791258116082921 -0.011012451667210836 0.011356810928724053 0 -0.01882335108035477
leaf_weight=3188 39 161 144 504 2741 76
leaf_count=3188 39 161 144 504 2741 76
internal_value=0.000103872 0.0097775 -0.000192887 5.65026e-05 0.00182036 -0.00165182
internal_weight=6853 200 6653 6509 3245 3264
internal_count=6853 200 6653 6509 3245 3264
is_linear=0
shrinkage=0.03


Tree=184
num_leaves=7
num_cat=0
split_feature=7 3 6 1 2 1
split_gain=23.682 44.097 45.0771 36.9199 36.1916 25.1827
threshold=1.0000000180025095e-35 0.032273428653242793 1.5695101390261559 1.0571192145352233 0.35482809160663104 1.4836715159762048
decision_type=2 2 2 2 2 2
left_child=3 2 -2 -1 -5 -6
right_child=1 -3 -4 4 5 -7
leaf_value=-0.0034702511495524496 0 -0.0069665456939563023 0.0332782623231411 0.0087277880317268471 -0.00074316092347324219 0.0042282124689523373
leaf_weight=1323 139 844 30 635 2484 1398
leaf_count=1323 139 844 30 635 2484 1398
internal_value=0.000101037 -0.0040624 0.00884993 0.000860219 0.00217135 0.0010212
internal_weight=6853 1013 169 5840 4517 3882
internal_count=6853 1013 169 5840 4517 3882
is_linear=0
shrinkage=0.03


end of trees

feature_importances:
BG=118
catchment_area_sqkm=102
BR=97
green_corr7=92
MNDWI=80
pct_impervious_2006=77
elevation_m=75
fai=63
pct_forest_2006=55
pct_wetland_2006=47
NR=43
tmax_degC_prev30=39
pct_cropland_2006=38
srad_Wm2_prev30=38
atm_corr_LaSRC=32
tmean_degC_prev30=28
NDVI=26
nir_corr7=15
srad_Wm2_prev1=10
temp_corr7=10
NDSSI=9
NDWI=6
swir1_corr7=4
tmin_degC_prev30=4
shore_flag=2

parameters:
[boosting: gbdt]
[objective: regression]
[metric: rmse]
[tree_learner: serial]
[device_type: cpu]
[data_sample_strategy: bagging]
[data: ]
[valid: ]
[num_iterations: 5000]
[learning_rate: 0.03]
[num_leaves: 7]
[num_threads: 0]
[seed: 0]
[deterministic: 0]
[force_col_wise: 0]
[force_row_wise: 0]
[histogram_pool_size: -1]
[max_depth: -1]
[min_data_in_leaf: 30]
[min_sum_hessian_in_leaf: 0.001]
[bagging_fraction: 0.8]
[pos_bagging_fraction: 1]
[neg_bagging_fraction: 1]
[bagging_freq: 0]
[bagging_seed: 3]
[bagging_by_query: 0]
[feature_fraction: 0.5]
[feature_fraction_bynode: 1]
[feature_fraction_seed: 2]
[extra_trees: 0]
[extra_seed: 6]
[early_stopping_round: 0]
[early_stopping_min_delta: 0]
[first_metric_only: 0]
[max_delta_step: 0]
[lambda_l1: 5]
[lambda_l2: 20]
[linear_lambda: 0]
[min_gain_to_split: 0]
[drop_rate: 0.1]
[max_drop: 50]
[skip_drop: 0.5]
[xgboost_dart_mode: 0]
[uniform_drop: 0]
[drop_seed: 4]
[top_rate: 0.2]
[other_rate: 0.1]
[min_data_per_group: 100]
[max_cat_threshold: 32]
[cat_l2: 10]
[cat_smooth: 10]
[max_cat_to_onehot: 4]
[top_k: 20]
[monotone_constraints: ]
[monotone_constraints_method: basic]
[monotone_penalty: 0]
[feature_contri: ]
[forcedsplits_filename: ]
[refit_decay_rate: 0.9]
[cegb_tradeoff: 1]
[cegb_penalty_split: 0]
[cegb_penalty_feature_lazy: ]
[cegb_penalty_feature_coupled: ]
[path_smooth: 0]
[interaction_constraints: ]
[verbosity: -1]
[saved_feature_importance_type: 0]
[use_quantized_grad: 0]
[num_grad_quant_bins: 4]
[quant_train_renew_leaf: 0]
[stochastic_rounding: 1]
[linear_tree: 0]
[max_bin: 255]
[max_bin_by_feature: ]
[min_data_in_bin: 3]
[bin_construct_sample_cnt: 200000]
[data_random_seed: 1]
[is_enable_sparse: 1]
[enable_bundle: 1]
[use_missing: 1]
[zero_as_missing: 0]
[feature_pre_filter: 1]
[pre_partition: 0]
[two_round: 0]
[header: 0]
[label_column: ]
[weight_column: ]
[group_column: ]
[ignore_column: ]
[categorical_feature: ]
[forcedbins_filename: ]
[precise_float_parser: 0]
[parser_config_file: ]
[objective_seed: 5]
[num_class: 1]
[is_unbalance: 0]
[scale_pos_weight: 1]
[sigmoid: 1]
[boost_from_average: 1]
[reg_sqrt: 0]
[alpha: 0.9]
[fair_c: 1]
[poisson_max_delta_step: 0.7]
[tweedie_variance_power: 1.5]
[lambdarank_truncation_level: 30]
[lambdarank_norm: 1]
[label_gain: ]
[lambdarank_position_bias_regularization: 0]
[eval_at: ]
[multi_error_top_k: 1]
[auc_mu_weights: ]
[num_machines: 1]
[local_listen_port: 12400]
[time_out: 120]
[machine_list_filename: ]
[machines: ]
[gpu_platform_id: -1]
[gpu_device_id: -1]
[gpu_device_id_list: ]
[gpu_use_dp: 0]
[num_gpu: 1]

end of parameters

pandas_categorical:[]
