tree
version=v4
num_class=1
num_tree_per_iteration=1
label_index=0
max_feature_idx=24
objective=regression
feature_names=BG BR MNDWI NDSSI NDVI NDWI NR atm_corr_LaSRC catchment_area_sqkm elevation_m fai green_corr7 nir_corr7 pct_cropland_2006 pct_forest_2006 pct_impervious_2006 pct_wetland_2006 shore_flag srad_Wm2_prev1 srad_Wm2_prev30 swir1_corr7 temp_corr7 tmax_degC_prev30 tmean_degC_prev30 tmin_degC_prev30
feature_infos=[0.0012370235446707079:2.2033088716179861] [-105.87161617224014:92.127279903956847] [0.024880271524219028:1.6666666666666667] [-0.99111252421617468:0.86668134267587205] [-0.88112036960896178:1.0917556111650639] [-0.22345183879546426:0.91738356013974887] [-22.797032079074647:14.055159328485072] [0:1] [0.189:2666.5794000000001] [586:3506] [-0.096525252525252514:0.057571340836246272] [0.0050000000000000001:0.20000000000000001] [0.001:0.13300000000000001] [0:76.178382012400093] [0:94.2222222222222] [0:43.09341660161332] [0:26.883732534930136] [0:1] [18.400000000000002:362.20000000000005] [56.006666666666028:345.65666666666664] [-0.002:0.055096946047985457] [273.25616272332024:306.76999999999998] [5.3500000000000227:43.850000000000023] [-5.3849999999999767:31.364999999999917] [-27.449999999999989:20.650000000000034]
tree_sizes=729 769 761 779 769 774 778 772 766 763 776 767 771 771 777 776 776 766 771 774 773 770 770 775 773 773 771 774 769 761 774 774 770 767 769 765 769 763 775 780 780 776 769 775 770 779 776 750 772 769 773 771 757 775 775 744 780 769 773 775 774 775 772 768 766 775 751 750 780 774 769 771 776 766 778 778 761 774 753 778 772 769 770 764 765 770 776 771 770 777 763 777 769 763 760 777 775 768 775 762 775 772 769 774 778 768 762 775 765 769 771 771 782 770 776 747 764 769 770 784 763 768 766 775 785 770 784 773 767 779 776 746 777 771 779 786 763 768 775 772 774 749 773 764 784 753 762 775 776 764 770 776 771 766 741 781 738 779 753 773 772 753 781 771 771 751 743 769 772 733 773 770 779 785 773 768 771 768 754 766 744 772 772 767 771 778 738 754 771 775 742 777 751 750 728 732 784 770 774 753 775 766 778 774 779 771 779 774 759 775 765 780 741 745 774 780 737 772 750 779 762 773 777 742 743 736 766 746 782 776 777 772 764 778 770 783 776 748 751 769 740 771 771 758 750 779 750 754 747 769 775 745 748 755 759 776 747 750 729 777 753 757 751 773 743 773 742 710 766 782 767 779 773 731 772 780 776 764 781 767 740 781 763 771 778 788 771 782 775 767 751 731 767 712 777 773 767 767 765 774 793 751 779 769 773 762 748 778 762 778 772 780 758 729 783 765 778 773 774 775 780 769 773 784 753 771 774 764 779 762 758 775 748 745 763 750 740 760 759 728 733 737 760 734 770 731 789 775 772 752 742 766 773 785 767 765 770 779 740 745 745 754 744 730 736 728 770 753 743 762 761 730 761 755 758 741 750 768 734 768 757 771 731 769 755 777 772 740 774 770 743 781 741 753 750 786 753 756 737 748 766 751 788 776

Tree=0
num_leaves=7
num_cat=0
split_feature=1 2 1 5 8 4
split_gain=13901.1 3065.23 2679.85 1470.05 844.877 768.056
threshold=1.2404313214071709 0.53181510285056721 1.5989832033194358 0.28877024444488619 1652.6740500000003 -0.035684417604476597
decision_type=2 2 2 2 2 2
left_child=1 4 3 -2 -1 -4
right_child=2 -3 5 -5 -6 -7
leaf_value=3.259337499390111 3.3156972517720895 3.208985792262764 3.3209177386126445 3.2646772744022177 3.33456253571714 3.3705367185052757
leaf_weight=1252 1326 1997 557 799 130 779
leaf_count=1252 1326 1997 557 799 130 779
internal_value=3.27574 3.23259 3.31788 3.29652 3.26726 3.35093
internal_weight=6840 3379 3461 2125 1382 1336
internal_count=6840 3379 3461 2125 1382 1336
is_linear=0
shrinkage=1


Tree=1
num_leaves=7
num_cat=0
split_feature=0 10 0 24 10 14
split_gain=14804.1 3013.71 2388.86 942.96 764.882 716.946
threshold=0.89968988932022298 -0.00684924454549339 1.0312035683578606 10.100000000000025 -0.0026634837020920606 0.25968510979177462
decision_type=2 2 2 8 2 2
left_child=1 -1 4 -4 -2 -3
right_child=2 5 3 -5 -6 -7
leaf_value=-0.069989503489303273 -0.0063560965542419261 -0.043703152979701169 0.091232881792820977 -0.011809086564815406 0.038491886508020788 -0.0052564556802008775
leaf_weight=1621 431 589 1048 79 1465 1607
leaf_count=1621 431 589 1048 79 1465 1607
internal_value=0 -0.0391765 0.0494287 0.0837991 0.0282588 -0.0159375
internal_weight=6840 3817 3023 1127 1896 2196
internal_count=6840 3817 3023 1127 1896 2196
is_linear=0
shrinkage=0.03


Tree=2
num_leaves=7
num_cat=0
split_feature=0 11 11 8 11 0
split_gain=13942.6 3204.52 3130.15 966.954 828.724 750.748
threshold=0.89968988932022298 0.025593909851723873 0.047108201820321056 220.44105000000005 0.02714946328841409 1.1003268807341395
decision_type=2 2 2 2 2 2
left_child=2 3 4 -2 -1 -3
right_child=1 5 -4 -5 -6 -7
leaf_value=0.018561521692274381 0.062798895565096186 0.011275299092574373 -0.066550572111161929 0.12208614524784628 -0.023857258710988191 0.065288940006668891
leaf_weight=555 909 1444 1802 408 1460 262
leaf_count=555 909 1444 1802 408 1460 262
internal_value=0 0.0479663 -0.0380222 0.0828295 -0.0120324 0.0203178
internal_weight=6840 3023 3817 1317 2015 1706
internal_count=6840 3023 3817 1317 2015 1706
is_linear=0
shrinkage=0.03


Tree=3
num_leaves=7
num_cat=0
split_feature=11 1 10 11 1 11
split_gain=12771.3 3108.76 2519.95 1109.62 980.399 583.576
threshold=0.034137739864056486 1.4836715159762048 -0.0093823269610439908 0.022009118257899463 1.1811982964823209 0.025593909851723873
decision_type=2 2 2 2 2 2
left_child=1 5 -2 -3 -4 -1
right_child=2 3 4 -5 -6 -7
leaf_value=0.036623681567616494 -0.068615823033081724 0.10229462130866464 -0.037501332666634295 0.04638740530072278 0.0030534615382984262 0.0023150275734744779
leaf_weight=758 1483 724 1059 690 1049 1077
leaf_count=758 1483 724 1059 690 1049 1077
internal_value=6.66122e-06 0.0429872 -0.0388616 0.0761452 -0.0174106 0.0168101
internal_weight=6840 3249 3591 1414 2108 1835
internal_count=6840 3249 3591 1414 2108 1835
is_linear=0
shrinkage=0.03


Tree=4
num_leaves=7
num_cat=0
split_feature=10 12 14 8 6 6
split_gain=10750.7 2791.29 1483.91 1296.51 1070.8 1011.58
threshold=-0.0052211441507508446 0.016743634544630823 0.25968510979177462 467.50860000000006 1.2030073338077449 1.1181892492673984
decision_type=2 2 2 2 2 2
left_child=-1 3 -3 5 -4 -2
right_child=1 2 4 -5 -6 -7
leaf_value=-0.058213249866854479 0.024265564588499482 -0.03755755300379026 0.0069986694255143528 0.10959740787938044 0.061819389741385219 0.07614062630050894
leaf_weight=1996 1147 558 1995 288 366 490
leaf_count=1996 1147 558 1995 288 366 490
internal_value=1.51692e-05 0.0241801 0.00553125 0.0520337 0.0160078 0.0406153
internal_weight=6840 4844 2919 1925 2361 1637
internal_count=6840 4844 2919 1925 2361 1637
is_linear=0
shrinkage=0.03


Tree=5
num_leaves=7
num_cat=0
split_feature=0 11 11 11 9 0
split_gain=12127.6 2699.11 2599.01 785.69 730.164 676.691
threshold=0.89968988932022298 0.025593909851723873 0.051132097672194635 0.028168050531988353 2393.0000000000005 1.1003268807341395
decision_type=2 2 2 2 2 2
left_child=2 4 3 -1 -2 -3
right_child=1 5 -4 -5 -6 -7
leaf_value=0.012885025334440536 0.088555070505082129 0.010789675123671825 -0.064853941298031861 -0.025705214399476803 0.030465718448931027 0.062086064823051082
leaf_weight=652 1033 1444 1568 1597 284 262
leaf_count=652 1033 1444 1568 1597 284 262
internal_value=3.20363e-05 0.0447796 -0.0354169 -0.0144366 0.0767839 0.0193826
internal_weight=6840 3023 3817 2249 1317 1706
internal_count=6840 3023 3817 2249 1317 1706
is_linear=0
shrinkage=0.03


Tree=6
num_leaves=7
num_cat=0
split_feature=0 10 0 1 24 10
split_gain=11426.8 2218.59 1978.87 852.614 802.49 610.391
threshold=0.89968988932022298 -0.0067020794678639547 1.0265563531775697 1.1935974300643526 10.100000000000025 -0.0026634837020920606
decision_type=2 2 2 2 8 2
left_child=1 -1 5 -3 -4 -2
right_child=2 3 4 -5 -6 -7
leaf_value=-0.060517393267790813 -0.0074778249155969135 -0.031317226315618618 0.080544213657935917 0.00601919006064589 -0.010791972446835265 0.032895013433705912
leaf_weight=1642 424 1175 1091 1000 86 1422
leaf_count=1642 424 1175 1091 1000 86 1422
internal_value=4.23773e-05 -0.0343665 0.0434785 -0.0141843 0.0736764 0.0235608
internal_weight=6840 3817 3023 2175 1177 1846
internal_count=6840 3817 3023 2175 1177 1846
is_linear=0
shrinkage=0.03


Tree=7
num_leaves=7
num_cat=0
split_feature=11 11 11 9 16 13
split_gain=10365.6 2535.89 1916.35 741.87 510.746 504.774
threshold=0.034137739864056486 0.022290684228495783 0.059030219190585417 2393.0000000000005 1.2020718893160192 1.2368036181260067
decision_type=2 2 2 2 2 2
left_child=1 3 5 -1 -3 -2
right_child=2 4 -4 -5 -6 -7
leaf_value=0.088963417735677522 -0.0089967639613473781 0.031523418852215761 -0.064128506646416658 0.02714990275323606 0.001692585178734709 -0.040031650734855345
leaf_weight=845 1643 1257 1285 257 890 663
leaf_count=845 1643 1257 1285 257 890 663
internal_value=4.06123e-05 0.038764 -0.034974 0.0754224 0.0193566 -0.0182516
internal_weight=6840 3249 3591 1102 2147 2306
internal_count=6840 3249 3591 1102 2147 2306
is_linear=0
shrinkage=0.03


Tree=8
num_leaves=7
num_cat=0
split_feature=1 2 1 2 14 15
split_gain=9351.53 2096.76 1912.71 884.341 882.374 486.139
threshold=1.2404313214071709 0.53181510285056721 1.6687533036961899 0.5139958600554958 16.265073570448624 0.090480928079361561
decision_type=2 2 2 2 2 2
left_child=1 -1 3 5 -4 -2
right_child=2 -3 4 -5 -6 -7
leaf_value=-0.0066387633030062353 0.087084698706735367 -0.054849972439963084 0.034719888292373359 0.0024021744115074115 0.090305332332281413 0.029233118178479026
leaf_weight=1382 152 1997 514 1329 621 845
leaf_count=1382 152 1997 514 1329 621 845
internal_value=4.25578e-05 -0.035331 0.0346256 0.0186725 0.0662997 0.0397396
internal_weight=6840 3379 3461 2326 1135 997
internal_count=6840 3379 3461 2326 1135 997
is_linear=0
shrinkage=0.03


Tree=9
num_leaves=7
num_cat=0
split_feature=0 1 0 6 6 23
split_gain=9917.83 1874.11 1748.42 913.089 652.531 404.893
threshold=0.90055833070805669 1.0851739281705528 1.0904608515622776 1.0447650372404209 0.87476533093248721 17.885000000000016
decision_type=2 2 2 2 2 8
left_child=1 -1 3 5 -3 -2
right_child=2 4 -4 -5 -6 -7
leaf_value=-0.052422060025362344 0.027790309955086249 -0.025081941647563818 0.083707829630673136 0.054656755291775376 0.010024721867892286 -0.0025476303852122908
leaf_weight=1933 884 1115 656 769 799 684
leaf_count=1933 884 1115 656 769 799 684
internal_value=5.85337e-05 -0.031714 0.040886 0.0281939 -0.010397 0.0145963
internal_weight=6840 3847 2993 2337 1914 1568
internal_count=6840 3847 2993 2337 1914 1568
is_linear=0
shrinkage=0.03


Tree=10
num_leaves=7
num_cat=0
split_feature=1 10 2 1 10 1
split_gain=8379.62 1911.97 1824.84 1231.38 439.552 375.601
threshold=1.2258826367757309 -0.002075163413802377 0.53181510285056721 1.6687533036961899 -0.0055580663251071144 1.0571192145352233
decision_type=2 2 2 2 2 2
left_child=2 4 5 -3 -2 -1
right_child=1 3 -4 -5 -6 -7
leaf_value=-0.025176656025397353 -0.029240137524018633 0.028924937178837852 -0.052956183251843196 0.072841487603653679 0.011244477721713057 0.0064541854644456585
leaf_weight=572 348 1605 1937 939 678 761
leaf_count=572 348 1605 1937 939 678 761
internal_value=6.51855e-05 0.0317817 -0.0344982 0.0456349 -0.00264027 -0.0071795
internal_weight=6840 3570 3270 2544 1026 1333
internal_count=6840 3570 3270 2544 1026 1333
is_linear=0
shrinkage=0.03


Tree=11
num_leaves=7
num_cat=0
split_feature=0 11 11 0 23 0
split_gain=8930.34 2110.74 1948.67 590.593 470 453.667
threshold=0.90055833070805669 0.022009118257899463 0.041429053835218041 0.98967848262916291 20.305833333333393 1.0043020516136354
decision_type=2 2 2 2 8 2
left_child=2 5 -1 -3 -5 -2
right_child=1 3 -4 4 -6 -7
leaf_value=-0.0054092711611274076 0.045543055690266933 0.0061130172094304783 -0.048604346683280161 0.050740658753525146 0.0041848451476544143 0.094649039037496802
leaf_weight=1664 358 1089 2183 721 280 545
leaf_count=1664 358 1089 2183 721 280 545
internal_value=6.42874e-05 0.038807 -0.0300839 0.0217695 0.038202 0.0767519
internal_weight=6840 2993 3847 2090 1001 903
internal_count=6840 2993 3847 2090 1001 903
is_linear=0
shrinkage=0.03


Tree=12
num_leaves=7
num_cat=0
split_feature=0 11 11 8 11 0
split_gain=8416.55 2007.35 1860.15 876.085 579.828 496.051
threshold=0.90055833070805669 0.025593909851723873 0.051132097672194635 220.44105000000005 0.02714946328841409 1.1003268807341395
decision_type=2 2 2 2 2 2
left_child=2 3 4 -2 -1 -3
right_child=1 5 -4 -5 -6 -7
leaf_value=0.014346173180358584 0.046776375899597614 0.0081058194134335897 -0.054150251085483721 0.10206974383804317 -0.020248610070489975 0.052072097179182666
leaf_weight=561 905 1420 1569 406 1717 262
leaf_count=561 905 1420 1569 406 1717 262
internal_value=7.65469e-05 0.0376889 -0.029191 0.0652891 -0.011613 0.0155739
internal_weight=6840 2993 3847 1311 2278 1682
internal_count=6840 2993 3847 1311 2278 1682
is_linear=0
shrinkage=0.03


Tree=13
num_leaves=7
num_cat=0
split_feature=1 10 2 1 8 14
split_gain=7159.89 1661.13 1578.25 1082.75 628.247 531.05
threshold=1.2258826367757309 -0.002075163413802377 0.56748531353667242 1.4747468523983533 1652.6740500000003 16.265073570448624
decision_type=2 2 2 2 2 2
left_child=2 -2 4 -3 -1 -5
right_child=1 3 -4 5 -6 -7
leaf_value=-0.015125904267625351 -0.0026646214319271948 0.019262547739788881 -0.050814998846504221 0.034041276455504185 0.049262961853875332 0.074105813302976886
leaf_weight=1361 1026 1104 1778 557 131 883
leaf_count=1361 1026 1104 1778 557 131 883
internal_value=8.8592e-05 0.0294076 -0.0318588 0.0423208 -0.00879641 0.05939
internal_weight=6840 3570 3270 2544 1492 1440
internal_count=6840 3570 3270 2544 1492 1440
is_linear=0
shrinkage=0.03


Tree=14
num_leaves=7
num_cat=0
split_feature=0 11 11 0 11 22
split_gain=7588.91 1835.08 1665.71 521.155 518.872 514.734
threshold=0.90055833070805669 0.022009118257899463 0.051132097672194635 0.98967848262916291 0.028168050531988353 38.300000000000018
decision_type=2 2 2 2 2 8
left_child=2 -2 4 -3 -1 -5
right_child=1 3 -4 5 -6 -7
leaf_value=0.01102947839652188 0.071191933648020053 0.0052207097389662428 -0.051315428523002152 0.044382664052523293 -0.020142487744481314 -0.013143441298750438
leaf_weight=658 903 1089 1569 848 1620 153
leaf_count=658 903 1089 1569 848 1620 153
internal_value=9.53862e-05 0.0358116 -0.0276948 0.0199242 -0.0110556 0.0353578
internal_weight=6840 2993 3847 2090 2278 1001
internal_count=6840 2993 3847 2090 2278 1001
is_linear=0
shrinkage=0.03


Tree=15
num_leaves=7
num_cat=0
split_feature=1 10 2 1 10 1
split_gain=6408.45 1498.22 1429.4 999.456 356.863 320.121
threshold=1.2258826367757309 -0.002075163413802377 0.53181510285056721 1.6687533036961899 -0.0055580663251071144 1.0571192145352233
decision_type=2 2 2 2 2 2
left_child=2 4 5 -3 -2 -1
right_child=1 3 -4 -5 -6 -7
leaf_value=-0.022571544314504952 -0.026587875129239956 0.025052994714261822 -0.046462794514792322 0.064602999997706897 0.0098837062339485228 0.006623832113607387
leaf_weight=572 348 1605 1937 939 678 761
leaf_count=572 348 1605 1937 939 678 761
internal_value=9.66548e-05 0.0278356 -0.0301267 0.0400996 -0.00261521 -0.00594172
internal_weight=6840 3570 3270 2544 1026 1333
internal_count=6840 3570 3270 2544 1026 1333
is_linear=0
shrinkage=0.03


Tree=16
num_leaves=7
num_cat=0
split_feature=0 11 11 15 1 11
split_gain=6829.78 1682.75 1486.18 561.013 532.364 466.366
threshold=0.90055833070805669 0.025593909851723873 0.051132097672194635 0.099644470158808562 1.8905865584981962 0.02714946328841409
decision_type=2 2 2 2 2 2
left_child=2 3 5 -2 -5 -1
right_child=1 -3 -4 4 -6 -7
leaf_value=0.012722279675402671 0.097011948863845926 0.013729710474040358 -0.048581337542211556 0.030788977383044317 0.079141222893924057 -0.018292299454793694
leaf_weight=561 285 1682 1569 712 314 1717
leaf_count=561 285 1682 1569 712 314 1717
internal_value=9.46773e-05 0.0339785 -0.0262679 0.0592482 0.0469605 -0.0105449
internal_weight=6840 2993 3847 1311 1026 2278
internal_count=6840 2993 3847 1311 1026 2278
is_linear=0
shrinkage=0.03


Tree=17
num_leaves=7
num_cat=0
split_feature=0 10 0 6 8 8
split_gain=6447.45 1440.53 1189.59 703.126 481.762 382.37
threshold=0.91308926894373366 -0.0067020794678639547 1.0948045632924039 0.99500702334967328 1652.6740500000003 25.537500000000005
decision_type=2 2 2 2 2 2
left_child=1 -1 3 -2 -3 -5
right_child=2 4 -4 5 -6 -7
leaf_value=-0.045151332446135367 0.0088587655386151813 -0.011362517031156391 0.070970480079270315 0.017232446121203341 0.05965246019068729 0.059106903458514493
leaf_weight=1666 1229 2335 635 349 69 557
leaf_count=1666 1229 2335 635 349 69 557
internal_value=0.000107713 -0.0238569 0.0352917 0.0240501 -0.00878699 0.043859
internal_weight=6840 4070 2770 2135 2404 906
internal_count=6840 4070 2770 2135 2404 906
is_linear=0
shrinkage=0.03


Tree=18
num_leaves=7
num_cat=0
split_feature=11 1 1 16 16 11
split_gain=6162.9 1609.06 1241.6 628.493 496.352 457.704
threshold=0.030029870466207469 1.0643010331660039 1.4836715159762048 3.9907509541349477 1.742280160551871 0.021234974916484069
decision_type=2 2 2 2 2 2
left_child=2 -2 4 -3 -1 -4
right_child=1 3 5 -5 -6 -7
leaf_value=0.029971918172624304 -0.043450332593158406 0.0015663947277028869 0.075696613413326674 -0.034713007774870464 -0.0075860193054378038 0.035760650915602758
leaf_weight=846 1777 1994 669 525 480 549
leaf_count=846 1777 1994 669 525 480 549
internal_value=0.000119727 -0.0217433 0.0369795 -0.00614961 0.0163541 0.0586856
internal_weight=6840 4296 2544 2519 1326 1218
internal_count=6840 4296 2544 2519 1326 1218
is_linear=0
shrinkage=0.03


Tree=19
num_leaves=7
num_cat=0
split_feature=0 11 11 8 10 0
split_gain=5820.13 1474.63 1280.11 555.325 480.581 361.502
threshold=0.90055833070805669 0.022009118257899463 0.041429053835218041 25.537500000000005 -0.005105818896624024 1.0886072067415673
decision_type=2 2 2 2 2 2
left_child=2 3 -1 -2 -3 -6
right_child=1 4 -4 -5 5 -7
leaf_value=-0.0041981332706964086 0.022923902873149406 -0.024022043559976801 -0.039225237533127559 0.077959914023996366 0.015429992641216562 0.050008240334775009
leaf_weight=1664 260 209 2183 643 1552 329
leaf_count=1664 260 209 2183 643 1552 329
internal_value=0.000121142 0.0314019 -0.0242133 0.0631161 0.0171601 0.0220194
internal_weight=6840 2993 3847 903 2090 1881
internal_count=6840 2993 3847 903 2090 1881
is_linear=0
shrinkage=0.03


Tree=20
num_leaves=7
num_cat=0
split_feature=11 1 1 15 15 14
split_gain=5541.52 1452.81 1125.61 644.771 508.933 446.692
threshold=0.030029870466207469 1.0643010331660039 1.4836715159762048 0.60749575603287143 0.17321169278622614 0.2897988112382342
decision_type=2 2 2 2 2 2
left_child=2 -2 4 -3 5 -1
right_child=1 3 -4 -5 -6 -7
leaf_value=0.083266657067864555 -0.041230956936964082 0.0073807151471716485 0.055747792633099327 -0.022973446337180087 0.0015312110958778224 0.018488131175209949
leaf_weight=133 1777 1428 1218 1091 868 325
leaf_count=133 1777 1428 1218 1091 868 325
internal_value=0.000126156 -0.0206043 0.0350794 -0.00578425 0.0154368 0.04031
internal_weight=6840 4296 2544 2519 1326 458
internal_count=6840 4296 2544 2519 1326 458
is_linear=0
shrinkage=0.03


Tree=21
num_leaves=7
num_cat=0
split_feature=0 0 23 8 10 6
split_gain=5273.01 1778.96 747.74 834.118 515.174 476.106
threshold=0.84450960754699989 0.98664534783302871 17.926666666666687 467.50860000000006 -0.0093823269610439908 1.098522526684705
decision_type=2 2 8 2 2 2
left_child=4 5 3 -3 -1 -2
right_child=1 2 -4 -5 -6 -7
leaf_value=-0.044362724677772476 -0.0021743345956946468 0.044575616020003463 0.014545426313045288 0.10957957198798657 -0.01842000647322312 0.030329278086113052
leaf_weight=1308 1756 934 509 230 1599 504
leaf_count=1308 1756 934 509 230 1599 504
internal_value=0.000132623 0.0227537 0.0460216 0.0591808 -0.0303675 0.00521093
internal_weight=6840 3933 1673 1164 2907 2260
internal_count=6840 3933 1673 1164 2907 2260
is_linear=0
shrinkage=0.03


Tree=22
num_leaves=7
num_cat=0
split_feature=11 1 8 1 23 11
split_gain=5017.11 1333.39 1029.48 935.853 592.672 562.602
threshold=0.034137739864056486 1.4836715159762048 213.18345000000002 1.0571192145352233 18.116666666666646 0.021234974916484069
decision_type=2 2 2 2 10 2
left_child=1 2 -1 -2 -4 -3
right_child=3 5 4 -5 -6 -7
leaf_value=-0.0018368154761621634 -0.041111081580152906 0.068853270480293022 0.08268286956489837 -0.01014693864250228 0.0074532118823905889 0.029278236016265901
leaf_weight=1446 1609 669 218 1982 171 745
leaf_count=1446 1609 669 218 1982 171 745
internal_value=0.000140371 0.0270869 0.00992416 -0.0242133 0.0519611 0.048806
internal_weight=6840 3249 1835 3591 389 1414
internal_count=6840 3249 1835 3591 389 1414
is_linear=0
shrinkage=0.03


Tree=23
num_leaves=7
num_cat=0
split_feature=0 10 0 6 16 8
split_gain=4760.89 1064.43 965.786 573.871 501.466 333.853
threshold=0.91308926894373366 -0.0093823269610439908 1.0948045632924039 0.99500702334967328 1.0477024586221126 24.394500000000004
decision_type=2 2 2 2 2 2
left_child=1 -1 3 -2 5 -3
right_child=2 4 -4 -5 -6 -7
leaf_value=-0.041172792113990456 0.006562857100094804 -0.013837025054211503 0.062515096463956185 0.038152284818765814 -0.021101019771843255 0.017436851908422181
leaf_weight=1427 1229 491 635 906 1408 744
leaf_count=1427 1229 491 635 906 1408 744
internal_value=0.000147983 -0.0204421 0.0303847 0.0202673 -0.00896779 0.00486138
internal_weight=6840 4070 2770 2135 2643 1235
internal_count=6840 4070 2770 2135 2643 1235
is_linear=0
shrinkage=0.03


Tree=24
num_leaves=7
num_cat=0
split_feature=0 10 16 23 8 8
split_gain=4519.96 1699.41 749.385 669.622 773.997 459.501
threshold=0.98664534783302871 -0.0067020794678639547 1.0477024586221126 17.926666666666687 467.50860000000006 24.394500000000004
decision_type=2 2 2 8 2 2
left_child=1 -1 5 4 -2 -3
right_child=3 2 -4 -5 -6 -7
leaf_value=-0.037472621254706406 0.041169358051283897 -0.0090379954844719852 -0.016241983279816932 0.012970636667576328 0.10362707866430283 0.022435907771074258
leaf_weight=1761 934 611 1588 509 230 1207
leaf_count=1761 934 611 1588 509 230 1207
internal_value=0.00014779 -0.0137228 -0.00125255 0.0427311 0.0551793 0.0117932
internal_weight=6840 5167 3406 1673 1164 1818
internal_count=6840 5167 3406 1673 1164 1818
is_linear=0
shrinkage=0.03


Tree=25
num_leaves=7
num_cat=0
split_feature=0 0 22 15 4 15
split_gain=4305.56 1454.5 686.393 522.342 414.922 399.467
threshold=0.84276287049933907 0.98664534783302871 38.300000000000018 2.6190311519793492 0.044111295096325574 1.5520928069556754
decision_type=2 2 8 2 2 2
left_child=5 4 3 -3 -2 -1
right_child=1 2 -4 -5 -6 -7
leaf_value=-0.019007652643773892 -0.0021664847979388645 0.052151190876548625 -0.015448715732375671 -0.017853173822291533 0.027892926224903691 -0.04303179408339227
leaf_weight=1875 1776 1424 159 90 515 1001
leaf_count=1875 1776 1424 159 90 515 1001
internal_value=0.000153629 0.0204089 0.0415104 0.0477135 0.00470866 -0.0276606
internal_weight=6840 3964 1673 1514 2291 2876
internal_count=6840 3964 1673 1514 2291 2876
is_linear=0
shrinkage=0.03


Tree=26
num_leaves=7
num_cat=0
split_feature=11 0 8 4 19 4
split_gain=4188.46 1167.83 1135.37 660.984 416.596 308.764
threshold=0.030029870466207469 0.85962479875921416 220.44105000000005 0.090504870026481818 206.73666666666699 -0.035684417604476597
decision_type=2 2 2 2 10 2
left_child=2 -2 3 -1 -4 -3
right_child=1 5 4 -5 -6 -7
leaf_value=0.006553132563688115 -0.030372811816788556 -0.0075784842548497688 0.10470707943145045 0.04603361667689141 0.04620129986128637 0.019130773017469262
leaf_weight=1348 2610 1114 167 524 505 572
leaf_count=1348 2610 1114 167 524 505 572
internal_value=0.000144869 -0.0178751 0.0305354 0.0180534 0.0635634 0.00151314
internal_weight=6840 4296 2544 1872 672 1686
internal_count=6840 4296 2544 1872 672 1686
is_linear=0
shrinkage=0.03


Tree=27
num_leaves=7
num_cat=0
split_feature=11 8 11 1 23 8
split_gain=3950.25 1073.78 1066.35 921.175 619.958 322.252
threshold=0.030029870466207469 220.44105000000005 0.051132097672194635 1.4747468523983533 17.926666666666687 36.914400000000008
decision_type=2 2 2 2 10 2
left_child=1 3 5 -1 -3 -2
right_child=2 4 -4 -5 -6 -7
leaf_value=-0.001451154677935743 -0.01686767800800832 0.082076613060501097 -0.035530712648909314 0.040419985943024421 0.018767915938384828 0.0042961924278285876
leaf_weight=1030 1132 442 1717 842 230 1447
leaf_count=1030 1132 442 1717 842 230 1447
internal_value=0.000157987 0.0296723 -0.0173415 0.0175308 0.0617939 -0.00499386
internal_weight=6840 2544 4296 1872 672 2579
internal_count=6840 2544 4296 1872 672 2579
is_linear=0
shrinkage=0.03


Tree=28
num_leaves=7
num_cat=0
split_feature=11 11 13 8 8 23
split_gain=3724.81 1065.11 778.313 620.564 360.233 423.153
threshold=0.034137739864056486 0.022009118257899463 3.0611025807431425 220.44105000000005 213.18345000000002 17.725833333333451
decision_type=2 2 2 2 2 10
left_child=1 3 -2 -1 -3 -6
right_child=2 4 -4 -5 5 -7
leaf_value=0.031844735979410711 -0.0092326515920979867 0.0034904235352482072 -0.03789743749737641 0.083924630773032 0.054118375509529214 0.0011263208124870645
leaf_weight=796 2163 1610 1428 295 302 246
leaf_count=796 2163 1610 1428 295 302 246
internal_value=0.000161269 0.0233823 -0.0208198 0.0473191 0.0108885 0.0314713
internal_weight=6840 3249 3591 1091 2158 548
internal_count=6840 3249 3591 1091 2158 548
is_linear=0
shrinkage=0.03


Tree=29
num_leaves=7
num_cat=0
split_feature=1 13 1 8 8 21
split_gain=3301.19 1010.89 771.451 713.956 458.657 701.566
threshold=1.1811982964823209 1.2368036181260067 1.8905865584981962 1652.6740500000003 220.44105000000005 289.57696797618297
decision_type=2 2 2 2 2 10
left_child=3 2 4 -1 -2 -6
right_child=1 -3 -4 -5 5 -7
leaf_value=-0.027350438677501733 0.0097106725551473344 -0.018046727149093972 0.053771842256442388 0.036895112840077238 0.071823970220911373 0.01008604654000316
leaf_weight=2775 2030 573 640 146 292 384
leaf_count=2775 2030 573 640 146 292 384
internal_value=0.000168883 0.0181463 0.0244593 -0.0238592 0.0171279 0.038267
internal_weight=6840 3919 3346 2921 2706 676
internal_count=6840 3919 3346 2921 2706 676
is_linear=0
shrinkage=0.03


Tree=30
num_leaves=7
num_cat=0
split_feature=11 10 11 13 16 19
split_gain=3394.16 1066.47 588.778 356.156 294.507 224.824
threshold=0.028168050531988353 -0.0067020794678639547 0.019796903093877095 3.0611025807431425 1.1605994000666919 173.96833333333305
decision_type=2 2 2 2 2 8
left_child=2 -2 -1 -3 5 -4
right_child=1 3 4 -5 -6 -7
leaf_value=0.051904994804206871 -0.032766911707464055 0.002636548066283181 0.071522494585563742 -0.022784790609318029 0.0015487298811200875 0.022918664734909961
leaf_weight=740 1770 2186 88 618 577 861
leaf_count=740 1770 2186 88 618 577 861
internal_value=0.000177102 -0.0146655 0.0300692 -0.00303487 0.0188489 0.0289636
internal_weight=6840 4574 2266 2804 1526 949
internal_count=6840 4574 2266 2804 1526 949
is_linear=0
shrinkage=0.03


Tree=31
num_leaves=7
num_cat=0
split_feature=11 16 1 9 19 1
split_gain=3202.76 924.775 721.706 489.996 492.618 443.425
threshold=0.030029870466207469 3.9907509541349477 1.4836715159762048 1338.0000000000002 221.63000000000019 1.0643010331660039
decision_type=2 2 2 2 8 2
left_child=2 5 3 4 -1 -2
right_child=1 -3 -4 -5 -6 -7
leaf_value=0.082282752721727664 -0.023104978202412096 -0.035236640649914344 0.043305178659867272 0.00092185808735015132 0.0050835883781167393 0.0021618205941071346
leaf_weight=134 883 1419 1218 1034 158 1994
leaf_count=134 883 1419 1218 1034 158 1994
internal_value=0.000181408 -0.0155735 0.0267589 0.0110312 0.0439949 -0.00564718
internal_weight=6840 4296 2544 1326 292 2877
internal_count=6840 4296 2544 1326 292 2877
is_linear=0
shrinkage=0.03


Tree=32
num_leaves=7
num_cat=0
split_feature=0 11 22 16 8 16
split_gain=3149.05 1153.91 565.847 524.348 450.115 378.401
threshold=0.98664534783302871 0.051132097672194635 38.300000000000018 1.0477024586221126 467.50860000000006 0.3531559894771617
decision_type=2 2 8 2 2 2
left_child=1 3 4 -1 5 -2
right_child=2 -3 -4 -5 -6 -7
leaf_value=0.009334073027538135 0.054706104889575558 -0.031758264962345573 -0.015793869896224756 -0.01379585789250346 0.076545533724778209 0.01930487350197509
leaf_weight=1855 442 1669 159 1643 267 805
leaf_count=1855 442 1669 159 1643 267 805
internal_value=0.000183874 -0.0113902 0.0357308 -0.00150401 0.041375 0.0326367
internal_weight=6840 5167 1673 3498 1514 1247
internal_count=6840 5167 1673 3498 1514 1247
is_linear=0
shrinkage=0.03


Tree=33
num_leaves=7
num_cat=0
split_feature=1 6 16 16 16 5
split_gain=2715.68 884.47 464.778 459.499 463.55 238.831
threshold=1.1811982964823209 1.1976155987790402 2.2898224954208262 4.539228846181163 3.007485931388084 0.23283990079170702
decision_type=2 2 2 2 2 2
left_child=2 3 5 4 -2 -1
right_child=1 -3 -4 -5 -6 -7
leaf_value=0.0036159587535741075 0.0087148609032544622 0.045845147727473459 -0.032155101147625403 -0.021222809098336428 0.044704845215504364 -0.021944412724556939
leaf_weight=715 2463 732 1636 366 358 570
leaf_count=715 2463 732 1636 366 358 570
internal_value=0.000186976 0.0164943 -0.0216043 0.00946225 0.0136175 -0.00776971
internal_weight=6840 3919 2921 3187 2821 1285
internal_count=6840 3919 2921 3187 2821 1285
is_linear=0
shrinkage=0.03


Tree=34
num_leaves=7
num_cat=0
split_feature=0 0 22 16 13 9
split_gain=2856.44 1038.03 526.016 413.008 255.538 323.764
threshold=0.98664534783302871 0.81714171619400655 38.300000000000018 1.742280160551871 2.2180731912545748 1469.5000000000002
decision_type=2 2 8 2 2 2
left_child=1 -1 4 -3 5 -2
right_child=2 3 -4 -5 -6 -7
leaf_value=-0.024767765016664112 0.066464525525964005 0.011179599782930011 -0.015589693356825652 -0.01286107454558711 -0.016372396496015709 0.032315253627719573
leaf_weight=2478 374 1675 159 1014 57 1083
leaf_count=2478 374 1675 159 1014 57 1083
internal_value=0.000183777 -0.0108384 0.0340399 0.00203066 0.0394851 0.0419639
internal_weight=6840 5167 1673 2689 1514 1457
internal_count=6840 5167 1673 2689 1514 1457
is_linear=0
shrinkage=0.03


Tree=35
num_leaves=7
num_cat=0
split_feature=1 6 8 13 8 23
split_gain=2443.31 813.575 611.125 547.485 441.131 421.416
threshold=1.1811982964823209 1.1976155987790402 1652.6740500000003 2.7433234191512939 24.394500000000004 17.885000000000016
decision_type=2 2 2 2 2 8
left_child=2 3 -1 4 -2 -6
right_child=1 -3 -4 -5 5 -7
leaf_value=-0.023728492081509976 -0.0064411779149323965 0.043799477661915318 0.03563747205345117 -0.020962172467046517 0.031277819735775689 0.0028442381372725638
leaf_weight=2775 690 732 146 451 1289 757
leaf_count=2775 690 732 146 451 1289 757
internal_value=0.000180483 0.0156495 -0.020488 0.00890434 0.0139983 0.0209597
internal_weight=6840 3919 2921 3187 2736 2046
internal_count=6840 3919 2921 3187 2736 2046
is_linear=0
shrinkage=0.03


Tree=36
num_leaves=7
num_cat=0
split_feature=0 11 22 16 16 22
split_gain=2585.94 966.69 487.268 416.121 291.703 253.504
threshold=0.98664534783302871 0.042094307456136973 38.300000000000018 1.0477024586221126 0.92919222506915333 31.300000000000015
decision_type=2 2 8 2 2 10
left_child=1 3 -2 4 -1 -6
right_child=2 -3 -4 -5 5 -7
leaf_value=0.0076948620374501352 0.03763863651046858 -0.024063071638657622 -0.015325873144928302 -0.010824404776439251 0.096467297139452471 0.01356315854510675
leaf_weight=1363 1514 2418 159 1247 47 92
leaf_count=1363 1514 2418 159 1247 47 92
internal_value=0.000180528 -0.0103057 0.0323948 0.00182732 0.0124339 0.0511471
internal_weight=6840 5167 1673 2749 1502 139
internal_count=6840 5167 1673 2749 1502 139
is_linear=0
shrinkage=0.03


Tree=37
num_leaves=7
num_cat=0
split_feature=14 4 8 23 8 8
split_gain=1972.73 988.995 705.965 628.776 409.566 202.081
threshold=0.25968510979177462 -1.0000000180025095e-35 390.01365000000004 17.588333333333402 25.448850000000004 467.50860000000006
decision_type=2 2 2 10 2 2
left_child=-1 2 -2 5 -3 -4
right_child=1 4 3 -5 -6 -7
leaf_value=-0.026609597931501066 -0.0080378879586985204 0.0085216269274458814 0.019375507775602568 -0.0013040067546181316 0.03881418287352028 0.067854381079128764
leaf_weight=1797 2455 668 158 424 1107 231
leaf_count=1797 2455 668 158 424 1107 231
internal_value=0.000184309 0.00982896 0 0.0238911 0.0277195 0.0504408
internal_weight=6840 5043 3268 813 1775 389
internal_count=6840 5043 3268 813 1775 389
is_linear=0
shrinkage=0.03


Tree=38
num_leaves=7
num_cat=0
split_feature=11 0 8 1 10 1
split_gain=2374.62 951.348 752.111 533.22 289.002 229.303
threshold=0.025593909851723873 0.82765040007883395 220.44105000000005 1.8905865584981962 -0.0053865720360919437 1.0229439658752715
decision_type=2 2 2 2 2 2
left_child=2 5 3 -1 -3 -2
right_child=1 4 -4 -5 -6 -7
leaf_value=0.0066182366951033321 -0.031741926373295294 -0.018898485311071665 0.062994493527243595 0.051947671585805003 0.0071585819791191631 -0.012945845961237622
leaf_weight=974 1335 443 454 295 2168 1171
leaf_count=974 1335 443 454 295 2168 1171
internal_value=0.000187405 -0.0100576 0.0304655 0.0179147 0.0025705 -0.0231903
internal_weight=6840 5117 1723 1269 2611 2506
internal_count=6840 5117 1723 1269 2611 2506
is_linear=0
shrinkage=0.03


Tree=39
num_leaves=7
num_cat=0
split_feature=10 15 6 12 13 2
split_gain=2042.39 653.593 539.095 432.732 226.163 209.576
threshold=-0.0038608088551997442 2.6415040341048548 1.1899538302328072 0.011130594959556159 3.0611025807431425 0.51691794760825449
decision_type=2 2 2 2 2 2
left_child=4 2 3 -2 -1 -5
right_child=1 -3 -4 5 -6 -7
leaf_value=-0.013424471399133426 0.036250338694995402 -0.024386801864175748 0.037071837007535142 0.012424456083690701 -0.032780140228254165 -0.0038635654974659367
leaf_weight=1273 463 385 821 1613 1058 1227
leaf_count=1273 463 385 821 1613 1058 1227
internal_value=0.00018748 0.0119852 0.0155182 0.00992482 -0.0224776 0.00535709
internal_weight=6840 4509 4124 3303 2331 2840
internal_count=6840 4509 4124 3303 2331 2840
is_linear=0
shrinkage=0.03


Tree=40
num_leaves=7
num_cat=0
split_feature=0 11 16 22 11 9
split_gain=2175.17 798.039 439.503 433.831 260.003 223.722
threshold=0.98664534783302871 0.059030219190585417 1.0477024586221126 38.300000000000018 0.024475109035076954 1440.5000000000002
decision_type=2 2 2 8 2 2
left_child=1 2 4 5 -1 -2
right_child=3 -3 -4 -5 -6 -7
leaf_value=0.028515945620780442 0.054427718541464595 -0.029889199856921109 -0.012814932686181075 -0.015214303952522117 0.0016019584710177566 0.026674755487185623
leaf_weight=391 398 1271 1915 159 1590 1116
leaf_count=391 398 1271 1915 159 1590 1116
internal_value=0.000181531 -0.00943409 -0.00260411 0.0297283 0.00722099 0.0346827
internal_weight=6840 5167 3896 1673 1981 1514
internal_count=6840 5167 3896 1673 1981 1514
is_linear=0
shrinkage=0.03


Tree=41
num_leaves=7
num_cat=0
split_feature=0 0 10 8 1 15
split_gain=2055.65 768.406 444.513 409.527 281.054 267.797
threshold=0.84450960754699989 1.0948045632924039 -0.0016169593967150472 24.394500000000004 1.1111651559106657 0.15022140441576598
decision_type=2 2 2 2 2 2
left_child=4 2 -2 -4 -1 -3
right_child=1 5 3 -5 -6 -7
leaf_value=-0.025702464187099483 -0.0067289979442887535 0.075152491138531605 -0.0029702468003973892 0.024922175180427508 -0.005848597087535724 0.029301816956489347
leaf_weight=1884 1135 175 671 1492 1023 460
leaf_count=1884 1135 175 671 1492 1023 460
internal_value=0.000180747 0.0143125 0.00830557 0.0162528 -0.0188547 0.0440757
internal_weight=6840 3933 3298 2163 2907 635
internal_count=6840 3933 3298 2163 2907 635
is_linear=0
shrinkage=0.03


Tree=42
num_leaves=7
num_cat=0
split_feature=13 8 6 19 6 14
split_gain=1662.74 1237.07 536.13 371.659 285.648 233.58
threshold=1.2368036181260067 25.233750000000004 0.83557178612915051 202.14166666666708 1.1822677294035564 16.265073570448624
decision_type=2 2 2 10 2 2
left_child=1 4 -3 -4 -1 -5
right_child=-2 2 3 5 -6 -7
leaf_value=-0.013857912581326246 -0.023760478430792563 0.0049726699533264576 0.070296773397620166 0.011569090568670072 0.018570964614267157 0.035197187847645188
leaf_weight=1685 1870 1160 187 680 264 994
leaf_count=1685 1870 1160 187 680 264 994
internal_value=0.000181721 0.00927934 0.0212619 0.0311748 -0.00924509 0.0259376
internal_weight=6840 4970 3021 1861 1949 1674
internal_count=6840 4970 3021 1861 1949 1674
is_linear=0
shrinkage=0.03


Tree=43
num_leaves=7
num_cat=0
split_feature=11 1 8 1 15 2
split_gain=1899.29 753.253 690.043 438.422 406.125 219.472
threshold=0.025593909851723873 1.0229439658752715 467.50860000000006 1.8905865584981962 2.6415040341048548 0.52949685940151758
decision_type=2 2 2 2 2 2
left_child=2 -2 3 -1 5 -3
right_child=1 4 -4 -5 -6 -7
leaf_value=0.0083195605521327876 -0.026659671117211157 0.011101852247739361 0.06976436495133484 0.046150866278851919 -0.026479056799157876 -0.0047187107832273173
leaf_weight=1089 1505 1434 272 362 484 1694
leaf_count=1089 1505 1434 272 362 484 1694
internal_value=0.000186589 -0.00897357 0.0272675 0.018359 -0.00145683 0.00251087
internal_weight=6840 5117 1723 1451 3612 3128
internal_count=6840 5117 1723 1451 3612 3128
is_linear=0
shrinkage=0.03


Tree=44
num_leaves=7
num_cat=0
split_feature=0 16 23 8 4 16
split_gain=1805.63 672.371 385.875 498.834 370.816 259.157
threshold=0.98664534783302871 3.9907509541349477 17.926666666666687 467.50860000000006 0.044111295096325574 0.3531559894771617
decision_type=2 2 8 2 2 2
left_child=1 4 3 5 -1 -2
right_child=2 -3 -4 -5 -6 -7
leaf_value=-0.0059830796928317578 0.045579843417276965 -0.024904477117730462 0.0047231651904564948 0.075040984315574155 0.018563719960162414 0.012290120639850168
leaf_weight=2948 347 1559 509 230 660 587
leaf_count=2948 347 1559 509 230 660 587
internal_value=0.000187768 -0.00857116 0.0271097 0.0365272 -0.00137388 0.0255114
internal_weight=6840 5167 1673 1164 3608 934
internal_count=6840 5167 1673 1164 3608 934
is_linear=0
shrinkage=0.03


Tree=45
num_leaves=7
num_cat=0
split_feature=0 10 22 13 9 16
split_gain=1709.71 534.047 430.947 255.727 240.081 235.387
threshold=0.95277519279357026 -0.0037676767676767674 38.500000000000036 2.2180731912545748 1413.5000000000002 1.0477024586221126
decision_type=2 2 8 2 2 2
left_child=1 -1 3 4 -2 -3
right_child=2 5 -4 -5 -6 -7
leaf_value=-0.02059382239970425 0.047971250484558935 0.0081358064343307057 -0.017377570950098939 -0.014461724613363352 0.022244587648657856 -0.010028206713830172
leaf_weight=2190 484 1344 202 110 1318 1192
leaf_count=2190 484 1344 202 110 1318 1192
internal_value=0.000194407 -0.00981232 0.0225178 0.0269466 0.0296876 -0.00035483
internal_weight=6840 4726 2114 1912 1802 2536
internal_count=6840 4726 2114 1912 1802 2536
is_linear=0
shrinkage=0.03


Tree=46
num_leaves=7
num_cat=0
split_feature=10 8 22 15 4 18
split_gain=1448.68 686.196 486.865 823.708 243.213 230.963
threshold=-0.0034570318005063641 36.914400000000008 34.10000000000003 0.098224169966781211 0.097406704617330836 312.75000000000006
decision_type=2 2 10 2 2 10
left_child=-1 4 3 5 -2 -3
right_child=1 2 -4 -5 -6 -7
leaf_value=-0.018085668653625243 -0.0092937643885272099 0.08625637235995158 -0.00095296903709711793 0.019157721859003767 0.018680019360602547 0.010522681818902492
leaf_weight=2467 1428 229 701 1635 325 55
leaf_count=2467 1428 229 701 1635 325 55
internal_value=0.000188652 0.0105675 0.0202409 0.0279902 -0.00387071 0.0737403
internal_weight=6840 4373 2620 1919 1753 284
internal_count=6840 4373 2620 1919 1753 284
is_linear=0
shrinkage=0.03


Tree=47
num_leaves=7
num_cat=0
split_feature=11 1 8 1 22 13
split_gain=1589.84 645.084 586.701 396.962 345.247 342.115
threshold=0.025593909851723873 1.0229439658752715 467.50860000000006 2.0005766917963013 32.60000000000003 3.0611025807431425
decision_type=2 2 2 2 10 2
left_child=2 -2 3 -1 -4 -3
right_child=1 5 4 -5 -6 -7
leaf_value=0.0087561547719433343 -0.024553536678218572 0.0037609462145008756 0.080753887533210209 0.048590468367032763 0 -0.018027278339601455
leaf_weight=1184 1505 2790 212 267 60 822
leaf_count=1184 1505 2790 212 267 60 822
internal_value=0.000192289 -0.00818666 0.0249707 0.0167491 0.0641647 -0.00122817
internal_weight=6840 5117 1723 1451 272 3612
internal_count=6840 5117 1723 1451 272 3612
is_linear=0
shrinkage=0.03


Tree=48
num_leaves=7
num_cat=0
split_feature=0 13 8 2 22 8
split_gain=1490.53 554.101 387.006 357.844 341.144 281.547
threshold=0.98664534783302871 3.0611025807431425 24.394500000000004 0.468048182931809 38.300000000000018 467.50860000000006
decision_type=2 2 2 2 8 2
left_child=1 2 -1 -4 5 -2
right_child=4 -3 3 -5 -6 -7
leaf_value=-0.011621682730414706 0.0222218300657782 -0.022133825804111201 0.028016626753020458 -0.00021282559641620484 -0.015032771275945883 0.056731192137565764
leaf_weight=1646 1247 1628 552 1341 159 267
leaf_count=1646 1247 1628 552 1341 159 267
internal_value=0.000195865 -0.00776025 -0.00101879 0.00814734 0.024658 0.0290658
internal_weight=6840 5167 3539 1893 1673 1514
internal_count=6840 5167 3539 1893 1673 1514
is_linear=0
shrinkage=0.03


Tree=49
num_leaves=7
num_cat=0
split_feature=16 6 8 19 8 13
split_gain=1215.17 691.581 459.676 388.639 310.242 296.052
threshold=3.9907509541349477 0.99500702334967328 390.01365000000004 215.44166666666669 25.448850000000004 2.7433234191512939
decision_type=2 2 2 10 2 2
left_child=1 2 -1 -4 -3 -6
right_child=-2 4 3 -5 5 -7
leaf_value=-0.0069276912840244105 -0.02247548832499565 0.0058153871386626317 0.053793696069843924 0.0062716334871308899 0.037848793792384108 -0.0056392875244451121
leaf_weight=2601 1603 691 192 636 965 152
leaf_count=2601 1603 691 192 636 965 152
internal_value=0.000193747 0.00722024 -0.000678174 0.018477 0.0221257 0.031804
internal_weight=6840 5237 3429 828 1808 1117
internal_count=6840 5237 3429 828 1808 1117
is_linear=0
shrinkage=0.03


Tree=50
num_leaves=7
num_cat=0
split_feature=11 1 15 15 22 1
split_gain=1394.88 569.466 395.703 310.847 293.375 271.466
threshold=0.025593909851723873 1.0229439658752715 0.099644470158808562 2.6415040341048548 32.300000000000018 1.7320110517923852
decision_type=2 2 2 2 10 2
left_child=2 -2 4 -3 -1 -4
right_child=1 3 5 -5 -6 -7
leaf_value=0.064953501375456302 -0.023030897994976124 0.0023523191128041417 0.0056723437045302777 -0.023009703278935159 -0.0033048500209283756 0.033613718677936125
leaf_weight=270 1505 3128 910 484 63 480
leaf_count=270 1505 3128 910 484 63 480
internal_value=0.000193942 -0.00765309 0.0234047 -0.00111283 0.0521592 0.0157675
internal_weight=6840 5117 1723 3612 333 1390
internal_count=6840 5117 1723 3612 333 1390
is_linear=0
shrinkage=0.03


Tree=51
num_leaves=7
num_cat=0
split_feature=11 8 13 16 8 19
split_gain=1316.15 505.771 502.546 288.477 270.996 222.897
threshold=0.025593909851723873 220.44105000000005 3.0611025807431425 1.6368371676102438 29.602800000000006 194.36833333333382
decision_type=2 2 2 2 2 10
left_child=1 3 4 -1 -2 -3
right_child=2 5 -4 -5 -6 -7
leaf_value=0.02336595766930652 -0.0099233858934857627 0.087929344952356908 -0.021228042481934935 -0.0056406858545713914 0.0066816248637344977 0.034117973800376053
leaf_weight=794 1630 99 1605 475 1882 355
leaf_count=794 1630 99 1605 475 1882 355
internal_value=0.000193131 0.0227399 -0.0074286 0.012473 -0.000995225 0.0493836
internal_weight=6840 1723 5117 1269 3512 454
internal_count=6840 1723 5117 1269 3512 454
is_linear=0
shrinkage=0.03


Tree=52
num_leaves=7
num_cat=0
split_feature=11 15 15 22 10 14
split_gain=1242.9 484.496 360.076 275.069 265.237 265.084
threshold=0.025593909851723873 2.6415040341048548 0.099644470158808562 32.300000000000018 -0.0053865720360919437 50.510796535331103
decision_type=2 2 2 10 2 2
left_child=2 4 3 5 -2 -1
right_child=1 -3 -4 -5 -6 -7
leaf_value=0.075346427234281005 -0.013968298739873907 -0.025135302954723753 0.014821137187303974 -0.0039187741943870688 0.0025948698869514915 0
leaf_weight=218 1227 1055 1390 63 2835 52
leaf_count=218 1227 1055 1390 63 2835 52
internal_value=0.000197422 -0.0072086 0.0221084 0.0495385 -0.00241551 0.0619391
internal_weight=6840 5117 1723 333 4062 270
internal_count=6840 5117 1723 333 4062 270
is_linear=0
shrinkage=0.03


Tree=53
num_leaves=7
num_cat=0
split_feature=10 8 13 19 13 8
split_gain=1071.37 472.607 380.318 274.643 241.394 229.796
threshold=-0.0018068345714802624 36.914400000000008 1.3745847287117063 202.14166666666708 3.0611025807431425 467.50860000000006
decision_type=2 2 2 10 2 2
left_child=4 -2 3 5 -1 -3
right_child=1 2 -4 -5 -6 -7
leaf_value=-0.0058374846645885799 -0.0014975720387043691 0.025399440614435866 -0.0088306972204161803 0.020718337478401648 -0.022994210335718801 0.093214141783118251
leaf_weight=2024 1491 138 323 1592 1192 80
leaf_count=2024 1491 138 323 1592 1192 80
internal_value=0.000195324 0.0113723 0.0203686 0.0257008 -0.0123457 0.0566577
internal_weight=6840 3624 2133 1810 3216 218
internal_count=6840 3624 2133 1810 3216 218
is_linear=0
shrinkage=0.03


Tree=54
num_leaves=7
num_cat=0
split_feature=0 1 22 4 8 10
split_gain=1160.47 471.647 298.726 241.595 239.679 193.85
threshold=0.98664534783302871 1.0571192145352233 38.500000000000036 0.044111295096325574 25.537500000000005 0.0045051848560487906
decision_type=2 2 8 2 2 2
left_child=1 -1 4 -3 5 -2
right_child=2 3 -4 -5 -6 -7
leaf_value=-0.01891962850851292 -0.0087010334981131848 -0.0040575147321493749 -0.016206300751420488 0.016081722699045183 0.032725516531324196 0.03457872717496422
leaf_weight=1840 275 2678 151 649 1132 115
leaf_count=1840 275 2678 151 649 1132 115
internal_value=0.000196914 -0.00682071 0.0217837 -1.15035e-05 0.0258114 0.00475933
internal_weight=6840 5167 1673 3327 1522 390
internal_count=6840 5167 1673 3327 1522 390
is_linear=0
shrinkage=0.03


Tree=55
num_leaves=7
num_cat=0
split_feature=1 8 22 1 5 12
split_gain=1032.89 488.373 523.625 380.123 347.55 198.43
threshold=1.4763982188948668 1652.6740500000003 31.700000000000021 1.0571192145352233 0.18706134921814607 0.011130594959556159
decision_type=2 2 10 2 2 2
left_child=1 3 -3 -1 -2 -6
right_child=4 2 -4 -5 5 -7
leaf_value=-0.020308100077432497 0.041224700389641149 0.077867382701393983 0 -0.0026214220465521246 0.02562832138160967 0.0022344047496655741
leaf_weight=1772 465 101 216 2885 517 884
leaf_count=1772 465 101 216 2885 517 884
internal_value=0.0001928 -0.00692905 0.027904 -0.00944138 0.0191285 0.011212
internal_weight=6840 4974 317 4657 1866 1401
internal_count=6840 4974 317 4657 1866 1401
is_linear=0
shrinkage=0.03


Tree=56
num_leaves=7
num_cat=0
split_feature=0 11 14 6 24 11
split_gain=1055.73 481.932 299.094 187.011 147.622 144.799
threshold=0.84450960754699989 0.022009118257899463 36.037860194726278 0.87006561771823565 -0.79999999999998284 0.066135301356038775
decision_type=2 2 2 2 10 2
left_child=5 2 -2 -3 -4 -1
right_child=1 3 4 -5 -6 -7
leaf_value=-0.0083701101536725799 0.045257047216308237 -0.0044693788382890376 -0.0018142357035281342 0.010680556821852087 0.028544006475649687 -0.022796682803734217
leaf_weight=1921 468 1277 304 1647 237 986
leaf_count=1921 468 1277 304 1647 237 986
internal_value=0.000198439 0.0103317 0.0280208 0.00402775 0.0117611 -0.0134369
internal_weight=6840 3933 1009 2924 541 2907
internal_count=6840 3933 1009 2924 541 2907
is_linear=0
shrinkage=0.03


Tree=57
num_leaves=7
num_cat=0
split_feature=11 8 1 1 9 8
split_gain=988.743 423.184 422.153 348.451 206.299 112.401
threshold=0.025593909851723873 220.44105000000005 1.0229439658752715 1.8905865584981962 1704.5000000000002 34.596900000000012
decision_type=2 2 2 2 2 2
left_child=1 3 -2 -1 -4 -6
right_child=2 -3 4 -5 5 -7
leaf_value=0.0013034234018912032 -0.01964777848879257 0.044096414769139093 -0.0071364295416725719 0.037808703409951357 -0.0016979970827233047 0.014101801711767304
leaf_weight=974 1505 454 2022 295 690 900
leaf_count=974 1505 454 2022 295 690 900
internal_value=0.000195288 0.0197401 -0.0064079 0.010361 -0.000772167 0.0072162
internal_weight=6840 1723 5117 1269 3612 1590
internal_count=6840 1723 5117 1269 3612 1590
is_linear=0
shrinkage=0.03


Tree=58
num_leaves=7
num_cat=0
split_feature=10 8 19 8 15 15
split_gain=856.87 394.364 284.994 220.362 180.135 158.708
threshold=-0.0018068345714802624 36.914400000000008 193.51000000000082 467.50860000000006 1.5520928069556754 0.068045798647470859
decision_type=2 2 10 2 2 2
left_child=4 -2 3 -3 -1 -4
right_child=1 2 5 -5 -6 -7
leaf_value=-0.0059997670173132164 -0.0015536733191025606 0.020154858816382036 0.044831006665145286 0.087442817126816882 -0.021413168423614935 0.011695687056565861
leaf_weight=2200 1491 128 129 74 1016 1802
leaf_count=2200 1491 128 129 74 1016 1802
internal_value=0.000195449 0.0101933 0.0184124 0.0511376 -0.0110178 0.014423
internal_weight=6840 3624 2133 202 3216 1931
internal_count=6840 3624 2133 202 3216 1931
is_linear=0
shrinkage=0.03


Tree=59
num_leaves=7
num_cat=0
split_feature=11 8 13 22 4 8
split_gain=904.169 388.878 365.176 260.413 227.414 202.756
threshold=0.025593909851723873 467.50860000000006 3.0611025807431425 32.60000000000003 0.090504870026481818 29.602800000000006
decision_type=2 2 2 10 2 2
left_child=1 4 5 -3 -1 -2
right_child=2 3 -4 -5 -6 -7
leaf_value=0.0029703150741896981 -0.0083536204902307041 0.065229333095846623 -0.017874678795564061 -0.0019305385071784256 0.027733486614967759 0.0060104434415187589
leaf_weight=931 1630 212 1605 60 520 1882
leaf_count=931 1630 212 1605 60 520 1882
internal_value=0.000201407 0.0188925 -0.00611212 0.0507834 0.0122032 -0.000623332
internal_weight=6840 1723 5117 272 1451 3512
internal_count=6840 1723 5117 272 1451 3512
is_linear=0
shrinkage=0.03


Tree=60
num_leaves=7
num_cat=0
split_feature=10 8 19 8 6 10
split_gain=783.501 455.052 393.739 426.923 207.082 180.753
threshold=-0.005105818896624024 36.914400000000008 206.73666666666699 467.50860000000006 1.0627619686885186 0.0045051848560487906
decision_type=2 2 10 2 2 2
left_child=-1 5 3 -3 -4 -2
right_child=1 2 4 -5 -6 -7
leaf_value=-0.015353872437713353 -0.0089682996265107052 0.01507271378414568 0.0033459066553347514 0.07928436870387956 0.021949122231967919 0.013059978876320698
leaf_weight=2023 1553 258 1653 146 804 403
leaf_count=2023 1553 258 1653 146 804 403
internal_value=0.000201818 0.00680224 0.0143996 0.0412769 0.00962203 -0.00426759
internal_weight=6840 4817 2861 404 2457 1956
internal_count=6840 4817 2861 404 2457 1956
is_linear=0
shrinkage=0.03


Tree=61
num_leaves=7
num_cat=0
split_feature=0 16 24 15 15 19
split_gain=864.678 342.717 218.136 182.192 163.578 213.506
threshold=0.98664534783302871 2.2898224954208262 10.00000000000003 2.6190311519793492 0.23086402388038704 216.50166666666675
decision_type=2 2 8 2 2 10
left_child=1 4 3 -2 5 -1
right_child=2 -3 -4 -5 -6 -7
leaf_value=0.038981888777532496 0.02460332509434815 -0.014475347654750559 -0.015113457446668747 -0.017831271275539289 -0.0046057947613704952 0.0038210731744112757
leaf_weight=171 1457 2285 137 79 1769 942
leaf_count=171 1457 2285 137 79 1769 942
internal_value=0.000206556 -0.00584809 0.0188429 0.0221233 0.000992986 0.00994829
internal_weight=6840 5167 1673 1536 2882 1113
internal_count=6840 5167 1673 1536 2882 1113
is_linear=0
shrinkage=0.03


Tree=62
num_leaves=7
num_cat=0
split_feature=1 2 10 19 15 15
split_gain=774.883 433.977 279.707 248.817 196.387 184.994
threshold=1.4763982188948668 0.52949685940151758 0.0054807159114764435 178.94333333333324 0.074840578291907767 0.11636840050524551
decision_type=2 2 2 10 2 2
left_child=1 3 4 5 -2 -1
right_child=2 -3 -4 -5 -6 -7
leaf_value=0.076477126112828642 0.040238236352306556 -0.013786630276142676 0.044551424057990577 0.0013913611724386489 0.007412651020433262 0.00040369959594681857
leaf_weight=52 172 2787 261 2080 1433 55
leaf_count=52 172 2787 261 2080 1433 55
internal_value=0.000200392 -0.00596527 0.0166041 0.0039685 0.0114747 0.0447766
internal_weight=6840 4974 1866 2187 1605 107
internal_count=6840 4974 1866 2187 1605 107
is_linear=0
shrinkage=0.03


Tree=63
num_leaves=7
num_cat=0
split_feature=0 0 4 19 15 8
split_gain=782.413 381.72 219.303 250.244 159.799 137.443
threshold=0.84450960754699989 1.0948045632924039 -0.069715619410810462 178.94333333333324 2.5069154200685726 24.394500000000004
decision_type=2 2 2 10 2 2
left_child=-1 2 -2 -4 -3 -5
right_child=1 4 3 5 -6 -7
leaf_value=-0.011524572341884511 -0.0047288672503427139 0.034758889144051723 0.060857663202861484 -0.0026321212188743495 -0.011735632000956685 0.014102376165844078
leaf_weight=2907 1307 575 68 639 60 1284
leaf_count=2907 1307 575 68 639 60 1284
internal_value=0.000210709 0.00893698 0.00469717 0.010945 0.0299125 0.00849456
internal_weight=6840 3933 3298 1991 635 1923
internal_count=6840 3933 3298 1991 635 1923
is_linear=0
shrinkage=0.03


Tree=64
num_leaves=7
num_cat=0
split_feature=11 1 13 9 4 9
split_gain=755.537 394.758 224.606 214.315 162.727 148.549
threshold=0.022009118257899463 1.0229439658752715 3.0611025807431425 1440.5000000000002 0.029512865117352186 1040.5000000000002
decision_type=2 2 2 2 2 2
left_child=3 -2 4 5 -3 -1
right_child=1 2 -4 -5 -6 -7
leaf_value=0.026624202656525153 -0.017087709390332235 0.00071501418329206862 -0.012818267344997494 0.013845601612441723 0.017045815754177504 0.078557611210866171
leaf_weight=223 1529 2675 866 794 679 74
leaf_count=223 1529 2675 866 794 679 74
internal_value=0.000209994 -0.00413137 0.000586086 0.0228843 0.004147 0.044177
internal_weight=6840 5749 4220 1091 3354 297
internal_count=6840 5749 4220 1091 3354 297
is_linear=0
shrinkage=0.03


Tree=65
num_leaves=7
num_cat=0
split_feature=0 2 8 0 4 16
split_gain=713.32 326.267 359.336 162.59 154.563 127.771
threshold=0.98664534783302871 0.51691794760825449 353.03220000000005 1.2343444385039548 -1.0000000180025095e-35 2.2898224954208262
decision_type=2 2 2 2 2 2
left_child=1 2 -1 4 -2 -3
right_child=3 5 -4 -5 -6 -7
leaf_value=-8.2157323300109428e-05 0.003159456091094524 -0.0042582287224921158 0.040087447209931938 0.039450812675058837 0.023124053198644263 -0.01630317288245884
leaf_weight=1649 762 1509 207 241 670 1802
leaf_count=1649 762 1509 207 241 670 1802
internal_value=0.000214354 -0.00528292 0.00469762 0.0171429 0.0127936 -0.0109172
internal_weight=6840 5167 1856 1673 1432 3311
internal_count=6840 5167 1856 1673 1432 3311
is_linear=0
shrinkage=0.03


Tree=66
num_leaves=7
num_cat=0
split_feature=11 16 8 6 8 18
split_gain=694.555 354.104 268.711 184.006 141.023 136.29
threshold=0.022009118257899463 3.9907509541349477 25.537500000000005 0.87006561771823565 22.958100000000005 334.85000000000008
decision_type=2 2 2 2 2 10
left_child=2 3 -1 -2 -5 -4
right_child=1 -3 5 4 -6 -7
leaf_value=0 -0.0054428694666254209 -0.01610479806112956 0.03510296469631162 -0.0030304328766507624 0.013092801114675172 -0.013934684801846743
leaf_weight=350 2172 1550 701 753 1274 40
leaf_count=350 2172 1550 701 753 1274 40
internal_value=0.000215374 -0.00394622 0.0219561 0.000561458 0.0070589 0.0319621
internal_weight=6840 5749 1091 4199 2027 741
internal_count=6840 5749 1091 4199 2027 741
is_linear=0
shrinkage=0.03


Tree=67
num_leaves=7
num_cat=0
split_feature=11 2 8 8 0 18
split_gain=654.094 359.089 292.655 252.908 183.007 182.928
threshold=0.022009118257899463 0.51691794760825449 220.44105000000005 25.537500000000005 1.1319040832218619 226.55000000000004
decision_type=2 2 2 2 2 10
left_child=3 2 -2 -1 -3 -4
right_child=1 4 5 -5 -6 -7
leaf_value=0 0.00016738620995346382 -0.011191848182292515 0.059361389035118679 0.031014011486830573 0.018587098460931043 0.013858690302300372
leaf_weight=350 1727 3429 104 741 175 314
leaf_count=350 1727 3429 104 741 175 314
internal_value=0.000208098 -0.00382981 0.00581157 0.0213067 -0.00960988 0.027716
internal_weight=6840 5749 2145 1091 3604 418
internal_count=6840 5749 2145 1091 3604 418
is_linear=0
shrinkage=0.03


Tree=68
num_leaves=7
num_cat=0
split_feature=10 9 19 9 3 10
split_gain=558.496 199.484 200.266 181.173 128.779 125.14
threshold=-0.0016169593967150472 1338.0000000000002 221.63000000000019 1704.5000000000002 0.079297809377651754 -0.0093823269610439908
decision_type=2 2 8 2 2 2
left_child=5 2 -2 -3 -5 -1
right_child=1 3 -4 4 -6 -7
leaf_value=-0.015014657139192965 0.048403205212565477 -0.0064435301162302488 0.01237277314941107 -0.001595709158429481 0.015159077876640861 -0.0031623105210135563
leaf_weight=1485 178 882 612 579 1272 1832
leaf_count=1485 178 882 612 579 1272 1832
internal_value=0.000213907 0.00852979 0.0216709 0.00454691 0.00987691 -0.00857167
internal_weight=6840 3523 790 2733 1851 3317
internal_count=6840 3523 790 2733 1851 3317
is_linear=0
shrinkage=0.03


Tree=69
num_leaves=7
num_cat=0
split_feature=0 1 6 0 4 16
split_gain=597.371 269.635 150.81 149.384 135.863 118.147
threshold=0.98664534783302871 1.0180130925572668 1.777879961234248 1.2343444385039548 -1.0000000180025095e-35 1.0477024586221126
decision_type=2 2 2 2 2 2
left_child=1 -1 5 4 -2 -3
right_child=3 2 -4 -5 -6 -7
leaf_value=-0.015415191025338185 0.0025175886317748753 0.0040344635783484137 0.040859076403654541 0.037055711601459387 0.021226737994315993 -0.0067528751847773082
leaf_weight=1506 762 1815 58 241 670 1788
leaf_count=1506 762 1815 58 241 670 1788
internal_value=0.000210527 -0.0048183 -0.000358313 0.0157039 0.0115463 -0.00128511
internal_weight=6840 5167 3661 1673 1432 3603
internal_count=6840 5167 3661 1673 1432 3603
is_linear=0
shrinkage=0.03


Tree=70
num_leaves=7
num_cat=0
split_feature=0 2 8 23 8 24
split_gain=563.391 268.668 322.542 218.606 241.303 172.54
threshold=0.98664534783302871 0.51691794760825449 353.03220000000005 17.479166666666689 467.50860000000006 -1.4999999999999714
decision_type=2 2 2 8 2 10
left_child=1 2 -1 4 -2 -4
right_child=3 -3 5 -5 -6 -7
leaf_value=-0.00014192517656819539 0.015035537703140133 -0.0097849464409428474 0.072731185542309978 0.00013956138863388621 0.050202362677140386 0.014035549474259217
leaf_weight=1649 868 3311 65 584 221 142
leaf_count=1649 868 3311 65 584 221 142
internal_value=0.000212828 -0.00467026 0.00438115 0.0152597 0.0230842 0.0379115
internal_weight=6840 5167 1856 1673 1089 207
internal_count=6840 5167 1856 1673 1089 207
is_linear=0
shrinkage=0.03


Tree=71
num_leaves=7
num_cat=0
split_feature=10 8 14 2 8 22
split_gain=490.052 248.594 216.249 240.149 141.318 354.326
threshold=-0.0016169593967150472 25.448850000000004 16.265073570448624 0.51691794760825449 1652.6740500000003 38.300000000000018
decision_type=2 2 2 2 2 10
left_child=-1 -2 3 4 -3 -6
right_child=1 2 -4 -5 5 -7
leaf_value=-0.0080080335627093144 -0.0021848657060855158 0.0096700143106730092 0.024020757602187193 -0.0077179791977337294 0.083862931526504286 -0.0094095338084926351
leaf_weight=3317 1318 437 1037 612 66 53
leaf_count=3317 1318 437 1037 612 66 53
internal_value=0.000220194 0.0080111 0.0141378 0.00498043 0.0190009 0.0458656
internal_weight=6840 3523 2205 1168 556 119
internal_count=6840 3523 2205 1168 556 119
is_linear=0
shrinkage=0.03


Tree=72
num_leaves=7
num_cat=0
split_feature=0 15 16 6 15 13
split_gain=522.896 277.195 171.111 168.552 151.129 105.299
threshold=1.0265563531775697 2.6415040341048548 0.3531559894771617 1.098522526684705 0.074840578291907767 0.03017420747164325
decision_type=2 2 2 2 2 2
left_child=1 3 -2 5 -4 -1
right_child=2 -3 4 -5 -6 -7
leaf_value=0.00062271504840733655 0.037724292303363861 -0.016775062613933626 0.039158847909388832 0.011762588493359713 0.0052261407693981908 -0.0099192646928539362
leaf_weight=2433 292 1121 126 837 759 1272
leaf_count=2433 292 1121 126 837 759 1272
internal_value=0.000220169 -0.0035541 0.0182609 -0.000198955 0.0109816 -0.00299011
internal_weight=6840 5663 1177 4542 885 3705
internal_count=6840 5663 1177 4542 885 3705
is_linear=0
shrinkage=0.03


Tree=73
num_leaves=7
num_cat=0
split_feature=1 8 19 14 1 2
split_gain=505.12 320.975 386.175 205.311 194.067 188.097
threshold=1.4763982188948668 1652.6740500000003 219.66833333333309 16.265073570448624 1.0425051327050385 0.51691794760825449
decision_type=2 2 10 2 2 2
left_child=1 4 -3 5 -1 -2
right_child=3 2 -4 -5 -6 -7
leaf_value=-0.014966232193507435 0.02500309992110334 0.062319403345956648 -0.00218170204794627 0.022780478051320413 -0.0021421484944392122 -0.0054496218365940432
leaf_weight=1663 229 117 200 983 2994 654
leaf_count=1663 229 117 200 983 2994 654
internal_value=0.000220805 -0.00475307 0.0234652 0.0134685 -0.00679808 0.00266083
internal_weight=6840 4974 317 1866 4657 883
internal_count=6840 4974 317 1866 4657 883
is_linear=0
shrinkage=0.03


Tree=74
num_leaves=7
num_cat=0
split_feature=11 15 8 15 4 16
split_gain=494.877 272.026 212.82 178.367 151.435 124.033
threshold=0.022009118257899463 2.6415040341048548 25.537500000000005 0.60749575603287143 -0.069715619410810462 0.7418672406877671
decision_type=2 2 2 2 2 2
left_child=2 4 -1 -4 -2 -5
right_child=1 -3 3 5 -6 -7
leaf_value=-0.00034697808961799316 -0.0050093472419092469 -0.016510689722834992 0.04149891403676742 0.033481979394237769 0.0058242744813679619 -0.0014571363279788658
leaf_weight=350 2531 1107 381 119 2111 241
leaf_count=350 2531 1107 381 119 2111 241
internal_value=0.000220336 -0.00328911 0.0185746 0.0274832 -4.66143e-05 0.0108518
internal_weight=6840 5749 1091 741 4642 360
internal_count=6840 5749 1091 741 4642 360
is_linear=0
shrinkage=0.03


Tree=75
num_leaves=7
num_cat=0
split_feature=11 15 8 15 9 4
split_gain=467.264 256.234 201.279 167.783 146.696 142.562
threshold=0.022009118257899463 2.6415040341048548 25.537500000000005 0.60749575603287143 1156.5000000000002 -0.069715619410810462
decision_type=2 2 2 2 2 2
left_child=2 5 -1 -4 -5 -2
right_child=1 -3 3 4 -6 -7
leaf_value=-0.00033713131257162956 -0.0048602449937747488 -0.016024158976595277 0.040316039566786727 0.032239939388047693 -0.0046009413230445094 0.0056511860886547562
leaf_weight=350 2531 1107 381 143 217 2111
leaf_count=350 2531 1107 381 143 217 2111
internal_value=0.000217441 -0.00319207 0.0180528 0.0267167 0.010565 -4.41457e-05
internal_weight=6840 5749 1091 741 360 4642
internal_count=6840 5749 1091 741 360 4642
is_linear=0
shrinkage=0.03


Tree=76
num_leaves=7
num_cat=0
split_feature=0 16 6 16 22 16
split_gain=445.5 221.867 163.526 153.209 99.6333 109.423
threshold=1.0265563531775697 3.9907509541349477 1.777879961234248 0.3531559894771617 34.500000000000036 0.98669152895064438
decision_type=2 2 2 2 8 2
left_child=1 2 -1 -2 -5 -6
right_child=3 -3 -4 4 5 -7
leaf_value=-0.00040601583307928283 0.035277086736347815 -0.012756555847330386 0.042889303252100941 0.01534927464557922 0.023891711902359256 -0.020723057813676338
leaf_weight=4027 292 1576 60 688 49 148
leaf_count=4027 292 1576 60 688 49 148
internal_value=0.000214188 -0.0032679 0.000398831 0.0168678 0.0099827 -0.00775551
internal_weight=6840 5663 4087 1177 885 197
internal_count=6840 5663 4087 1177 885 197
is_linear=0
shrinkage=0.03


Tree=77
num_leaves=7
num_cat=0
split_feature=11 11 15 16 9 23
split_gain=428.79 225.411 195.86 114.805 111.703 103.946
threshold=0.041429053835218041 0.019796903093877095 0.17321169278622614 1.2020718893160192 1469.5000000000002 8.0133333333333656
decision_type=2 2 2 2 2 8
left_child=1 2 -1 5 -4 -3
right_child=-2 3 4 -5 -6 -7
leaf_value=0.040945540318717694 -0.0092281450631969339 0.029577752101700751 0.026880068676245789 -0.0033399264016210251 -0.0020305197134399679 0.0052636930974657168
leaf_weight=264 2629 160 166 1491 310 1820
leaf_count=264 2629 160 166 1491 310 1820
internal_value=0.000215067 0.00616183 0.0209976 0.00285378 0.00842666 0.0075796
internal_weight=6840 4211 740 3471 476 1980
internal_count=6840 4211 740 3471 476 1980
is_linear=0
shrinkage=0.03


Tree=78
num_leaves=7
num_cat=0
split_feature=15 4 23 15 9 21
split_gain=389.696 274.822 141.102 212.455 201.141 121.513
threshold=2.6415040341048548 0.086738713775938697 16.136666666666752 0.090480928079361561 1163.0000000000002 293.28077104173525
decision_type=2 2 8 2 2 10
left_child=1 2 3 4 -1 -3
right_child=-2 5 -4 -5 -6 -7
leaf_value=0.056733708710624615 -0.015357678441996663 0.025986436679288242 -0.0040756338626154994 0.0016154809776344336 0.01040148994811785 0
leaf_weight=110 1172 608 2556 1870 309 215
leaf_count=110 1172 608 2556 1870 309 215
internal_value=0.000216318 0.00350568 0.000719815 0.00612851 0.0249373 0.0193219
internal_weight=6840 5668 4845 2289 419 823
internal_count=6840 5668 4845 2289 419 823
is_linear=0
shrinkage=0.03


Tree=79
num_leaves=7
num_cat=0
split_feature=0 4 15 4 0 15
split_gain=401.599 259.809 130.785 95.1636 91.0269 88.2882
threshold=1.0948045632924039 -0.069715619410810462 0.15022140441576598 0.25583855164502706 0.96342054697531865 0.46191536783613124
decision_type=2 2 2 2 2 2
left_child=1 5 -2 4 -3 -1
right_child=2 3 -4 -5 -6 -7
leaf_value=-0.0015673542546966437 0.043806737678555335 -0.00021937463032006005 0.012704156638574203 0.029232614813777414 0.011838464124285382 -0.011449166024339588
leaf_weight=1404 175 1825 460 118 780 2078
leaf_count=1404 175 1825 460 118 780 2078
internal_value=0.000216935 -0.00211279 0.0225806 0.00477584 0.00339658 -0.0075392
internal_weight=6840 6205 635 2723 2605 3482
internal_count=6840 6205 635 2723 2605 3482
is_linear=0
shrinkage=0.03


Tree=80
num_leaves=7
num_cat=0
split_feature=0 0 15 23 8 15
split_gain=380.982 230.349 176.669 349.744 363.461 93.8044
threshold=0.82227653033394488 1.2343444385039548 0.17321169278622614 17.885000000000016 1652.6740500000003 2.6415040341048548
decision_type=2 2 2 8 2 2
left_child=-1 2 3 4 -2 -4
right_child=1 -3 5 -5 -6 -7
leaf_value=-0.0088740114446683397 0.015019984472431842 0.033118623343842302 0.0015442937263969569 -0.0072006664486133562 0.069645278328783145 -0.014979475821578271
leaf_weight=2560 755 241 2340 493 116 335
leaf_count=2560 755 241 2340 493 116 335
internal_value=0.000217804 0.00570676 0.00387906 0.0125855 0.0238634 -0.000565188
internal_weight=6840 4280 4039 1364 871 2675
internal_count=6840 4280 4039 1364 871 2675
is_linear=0
shrinkage=0.03


Tree=81
num_leaves=7
num_cat=0
split_feature=1 8 0 2 8 23
split_gain=364.816 210.761 210.513 226.611 246.273 119.763
threshold=1.1811982964823209 1652.6740500000003 1.2343444385039548 0.51691794760825449 220.44105000000005 18.876666666666711
decision_type=2 2 2 2 2 10
left_child=1 -1 3 4 -2 -6
right_child=2 -3 -4 -5 5 -7
leaf_value=-0.0096969128095158348 0.006472603541980316 0.024992801203751507 0.032520695029173131 -0.0016583053201886611 0.048700234310143919 0.0071009299098405724
leaf_weight=2775 1135 146 238 2229 208 109
leaf_count=2775 1135 146 238 2229 208 109
internal_value=0.00021899 -0.00775385 0.00620877 0.00430046 0.0134481 0.0361118
internal_weight=6840 2921 3919 3681 1452 317
internal_count=6840 2921 3919 3681 1452 317
is_linear=0
shrinkage=0.03


Tree=82
num_leaves=7
num_cat=0
split_feature=11 1 8 9 15 15
split_gain=356.705 218.622 174.087 155.365 151.062 129.909
threshold=0.022009118257899463 1.0180130925572668 25.537500000000005 1440.5000000000002 0.60749575603287143 2.6415040341048548
decision_type=2 2 2 2 2 2
left_child=2 -2 -1 -4 -5 -3
right_child=1 5 3 4 -6 -7
leaf_value=-0.0012304285599258602 -0.012514216366688504 0.0027834879935656918 0.044101620638857079 0.026308875929547147 -0.005411606201376892 -0.012572541625994126
leaf_weight=350 1502 3696 225 307 209 551
leaf_count=350 1502 3696 225 307 209 551
internal_value=0.000223217 -0.00275301 0.0158086 0.0238747 0.0134585 0.000706473
internal_weight=6840 5749 1091 741 516 4247
internal_count=6840 5749 1091 741 516 4247
is_linear=0
shrinkage=0.03


Tree=83
num_leaves=7
num_cat=0
split_feature=0 4 19 8 16 8
split_gain=336.125 223.336 184.901 244.301 122.155 103.382
threshold=1.0948045632924039 -0.069715619410810462 193.51000000000082 467.50860000000006 0.3531559894771617 24.394500000000004
decision_type=2 2 10 2 2 2
left_child=1 -1 3 -3 -2 -4
right_child=4 2 5 -5 -6 -7
leaf_value=-0.0069433069914116453 0.042864516303906669 0.0044422950537703117 -0.0050287359187562433 0.083972326429560776 0.011850068200167692 0.0071775609007909561
leaf_weight=3482 154 99 986 40 481 1598
leaf_count=3482 154 99 986 40 481 1598
internal_value=0.000218835 -0.0019107 0.0044737 0.0359558 0.0206799 0.00245944
internal_weight=6840 6205 2723 139 635 2584
internal_count=6840 6205 2723 139 635 2584
is_linear=0
shrinkage=0.03


Tree=84
num_leaves=7
num_cat=0
split_feature=13 0 1 19 15 15
split_gain=326.755 263.823 143.449 136.009 163.922 95.5933
threshold=3.0611025807431425 1.1044757649989823 0.92165371937900775 173.96833333333305 0.11636840050524551 0.16960488602000998
decision_type=2 2 2 10 2 2
left_child=1 2 -1 4 -4 -3
right_child=-2 5 3 -5 -6 -7
leaf_value=-0.0151014754967248 -0.011146465068253439 0.041592639023972457 0.054617395500093702 0.0017884756753227327 0.0033298118266222232 0.013427381812425499
leaf_weight=403 1684 163 80 3940 150 420
leaf_count=403 1684 163 80 3940 150 420
internal_value=0.000225681 0.00399763 0.00149624 0.00320052 0.0247112 0.0226692
internal_weight=6840 5156 4573 4170 230 583
internal_count=6840 5156 4573 4170 230 583
is_linear=0
shrinkage=0.03


Tree=85
num_leaves=7
num_cat=0
split_feature=11 2 9 15 9 9
split_gain=315.661 209.575 160.144 135.975 130.801 92.8246
threshold=0.022009118257899463 0.51691794760825449 1469.5000000000002 0.18414119886488031 1040.5000000000002 1704.5000000000002
decision_type=2 2 2 2 2 2
left_child=2 -2 4 -4 -1 -3
right_child=1 5 3 -5 -6 -7
leaf_value=0.016790573070124711 0.0047849666860210541 -0.010134249476823393 0.021629877219623291 -0.0030647439948263931 0.06141656176257386 0.00020973858266486154
leaf_weight=223 2145 2518 317 465 86 1086
leaf_count=223 2145 2518 317 465 86 1086
internal_value=0.000227964 -0.00257052 0.0148903 0.00704846 0.0326452 -0.00699193
internal_weight=6840 5749 1091 782 309 3604
internal_count=6840 5749 1091 782 309 3604
is_linear=0
shrinkage=0.03


Tree=86
num_leaves=7
num_cat=0
split_feature=1 10 2 7 2 21
split_gain=304.65 202.363 189.765 119.527 97.6508 82.7743
threshold=1.4763982188948668 0.0054807159114764435 0.40885859853417533 1.0000000180025095e-35 0.49840392086528323 291.44428183424156
decision_type=2 2 2 2 2 10
left_child=2 3 -1 4 -2 -3
right_child=1 5 -4 -5 -6 -7
leaf_value=0.0063064763779905591 0.026764593533531972 0.050222524219751354 -0.007049859245385353 -0.011275318049815993 0.0057340445325701562 0.012724367384224458
leaf_weight=1259 238 130 3715 267 1100 131
leaf_count=1259 238 130 3715 267 1100 131
internal_value=0.000230451 0.0105229 -0.0036274 0.00621008 0.00992444 0.0341806
internal_weight=6840 1866 4974 1605 1338 261
internal_count=6840 1866 4974 1605 1338 261
is_linear=0
shrinkage=0.03


Tree=87
num_leaves=7
num_cat=0
split_feature=1 0 15 4 19 15
split_gain=291.903 203.981 165.815 128.443 111.707 199.785
threshold=1.0571192145352233 1.2343444385039548 2.6415040341048548 0.086738713775938697 193.51000000000082 0.11636840050524551
decision_type=2 2 2 2 8 2
left_child=-1 2 3 4 5 -2
right_child=1 -3 -4 -5 -6 -7
leaf_value=-0.009845018099975825 0.045240044381148342 0.030023649467198484 -0.013047286126004956 0.016221760335889991 0.00019288362258348737 0.00085625899412358796
leaf_weight=1854 125 239 519 694 3141 268
leaf_count=1854 125 239 519 694 3141 268
internal_value=0.000232147 0.00403358 0.0025731 0.00457826 0.00217111 0.0168436
internal_weight=6840 4986 4747 4228 3534 393
internal_count=6840 4986 4747 4228 3534 393
is_linear=0
shrinkage=0.03


Tree=88
num_leaves=7
num_cat=0
split_feature=11 2 8 8 9 15
split_gain=279.478 186.781 203.814 153.889 137.373 132.689
threshold=0.022009118257899463 0.51691794760825449 220.44105000000005 25.537500000000005 1440.5000000000002 0.60749575603287143
decision_type=2 2 2 2 2 2
left_child=3 2 -2 -1 -5 -6
right_child=1 -3 -4 4 5 -7
leaf_value=-0.0019393439117844238 -6.4550759244132324e-06 -0.0065744914852625663 0.022820675311807849 0.040612165945829171 0.023924774426727663 -0.0057576922875092933
leaf_weight=350 1727 3604 418 225 307 209
leaf_count=350 1727 3604 418 225 307 209
internal_value=0.000232585 -0.00239934 0.00454235 0.01403 0.0216227 0.0118561
internal_weight=6840 5749 2145 1091 741 516
internal_count=6840 5749 2145 1091 741 516
is_linear=0
shrinkage=0.03


Tree=89
num_leaves=7
num_cat=0
split_feature=13 10 1 1 7 23
split_gain=270.41 195.151 112.258 110.819 101.25 102.124
threshold=3.0611025807431425 0.0045051848560487906 0.92165371937900775 1.4947250035363717 1.0000000180025095e-35 17.479166666666689
decision_type=2 2 2 2 2 8
left_child=1 2 -1 -3 5 -4
right_child=-2 3 4 -5 -6 -7
leaf_value=-0.013719656618534406 -0.010112408376974689 0.0046022862199345026 0.0082352281271810164 0.029963091630031854 -0.010409600882741966 -0.0020704708564831479
leaf_weight=382 1684 311 2363 347 436 1317
leaf_count=382 1684 311 2363 347 436 1317
internal_value=0.000230688 0.00366384 0.00135995 0.018687 0.00285531 0.00451522
internal_weight=6840 5156 4498 658 4116 3680
internal_count=6840 5156 4498 658 4116 3680
is_linear=0
shrinkage=0.03


Tree=90
num_leaves=7
num_cat=0
split_feature=1 10 7 2 8 12
split_gain=257.771 204.377 132.405 126.023 130.876 112.816
threshold=1.0571192145352233 0.0045051848560487906 1.0000000180025095e-35 0.47434210526315795 36.914400000000008 0.0099105257129071048
decision_type=2 2 2 2 2 2
left_child=-1 2 3 4 -2 -5
right_child=1 -3 -4 5 -6 -7
leaf_value=-0.0092452448300208209 0 0.018736726471470219 -0.012708352059169831 0.013855348194393227 0.020657732270956273 -0.0029203215257721173
leaf_weight=1854 495 689 510 408 617 2267
leaf_count=1854 495 689 510 408 617 2267
internal_value=0.000223022 0.00379655 0.00129052 0.00327203 0.0116655 -0.000222147
internal_weight=6840 4986 4297 3787 1112 2675
internal_count=6840 4986 4297 3787 1112 2675
is_linear=0
shrinkage=0.03


Tree=91
num_leaves=7
num_cat=0
split_feature=0 4 15 15 19 15
split_gain=248.419 171.872 106.291 102.73 156.412 112.294
threshold=1.1044757649989823 0.010896695061615733 0.15022140441576598 0.46191536783613124 214.20666666666656 0.10148121430577815
decision_type=2 2 2 2 10 2
left_child=1 3 -2 4 5 -1
right_child=2 -3 -4 -5 -6 -7
leaf_value=0.037805502769687478 0.038087819104434033 0.0072678058824433853 0.0093295899471578497 -0.0083450864120896522 -0.0031389771984754399 0.0033206587493581278
leaf_weight=135 163 1485 430 2596 1809 222
leaf_count=135 163 1485 430 2596 1809 222
internal_value=0.00021836 -0.00154307 0.0184639 -0.00434096 0.000421895 0.0180728
internal_weight=6840 6247 593 4762 2166 357
internal_count=6840 6247 593 4762 2166 357
is_linear=0
shrinkage=0.03


Tree=92
num_leaves=7
num_cat=0
split_feature=15 0 2 1 9 15
split_gain=240.181 219.172 151.76 106.052 90.6421 83.7067
threshold=2.6415040341048548 1.0904608515622776 0.51691794760825449 1.1401094061048143 1159.0000000000002 0.15022140441576598
decision_type=2 2 2 2 2 2
left_child=1 2 3 4 -1 -3
right_child=-2 5 -4 -5 -6 -7
leaf_value=0.016928300365989843 -0.012000814476962616 0.035925135611006534 -0.0039152289060648271 0.011587681887582605 -0.0067849077547719478 0.01090851990313434
leaf_weight=162 1172 181 2820 1381 675 449
leaf_count=162 1172 181 2820 1381 675 449
internal_value=0.000220497 0.00280724 0.000658468 0.00652358 -0.00173228 0.0192108
internal_weight=6840 5668 5038 2218 837 630
internal_count=6840 5668 5038 2218 837 630
is_linear=0
shrinkage=0.03


Tree=93
num_leaves=7
num_cat=0
split_feature=1 8 22 5 15 21
split_gain=231.611 206.162 297.028 161.427 118.88 138.488
threshold=1.4763982188948668 1652.6740500000003 31.700000000000021 0.18706134921814607 2.1117043381382383 296.27063537526391
decision_type=2 2 10 2 2 10
left_child=1 -1 -3 4 5 -2
right_child=3 2 -4 -5 -6 -7
leaf_value=-0.0047894258715886857 0.03488271382301205 0.057115582925813993 -0.00086464596618266798 0.0038428486282180239 -0.012006409817188977 -0.019340671949526843
leaf_weight=4657 379 101 216 1401 55 31
leaf_count=4657 379 101 216 1401 55 31
internal_value=0.000218487 -0.00314241 0.0194568 0.00919514 0.0241883 0.0297252
internal_weight=6840 4974 317 1866 465 410
internal_count=6840 4974 317 1866 465 410
is_linear=0
shrinkage=0.03


Tree=94
num_leaves=7
num_cat=0
split_feature=11 2 8 15 18 1
split_gain=224.268 175.229 225.876 141.644 121.697 88.3674
threshold=0.019796903093877095 0.51691794760825449 220.44105000000005 0.17321169278622614 226.55000000000004 1.0304186907240345
decision_type=2 2 2 2 10 2
left_child=3 2 5 -1 -4 -2
right_child=1 -3 4 -5 -6 -7
leaf_value=0.032511033018309834 -0.012455969062190214 -0.0056303294347438363 0.046340423455874392 0.0049926460240901846 0.01153791140927733 0.0034227417511626048
leaf_weight=264 381 3803 129 476 329 1458
leaf_count=264 381 3803 129 476 329 1458
internal_value=0.000215767 -0.00167146 0.00481028 0.0156046 0.023183 0
internal_weight=6840 6100 2297 740 458 1839
internal_count=6840 6100 2297 740 458 1839
is_linear=0
shrinkage=0.03


Tree=95
num_leaves=7
num_cat=0
split_feature=13 10 1 1 23 14
split_gain=217.553 158.072 112.26 99.9876 85.3118 141.996
threshold=3.0611025807431425 0.0054807159114764435 1.4152125070424815 0.92165371937900775 17.419166666666694 1.1112690705430659
decision_type=2 2 2 2 8 2
left_child=1 3 -3 -1 5 -5
right_child=-2 2 -4 4 -6 -7
leaf_value=-0.012644505120185084 -0.0090571847950103417 0.00064825075667108631 0.031136955759473933 0.022672099210206353 -0.0025163995807664587 0.0032083389433055359
leaf_weight=384 1684 189 277 383 1587 2336
leaf_count=384 1684 189 277 383 1587 2336
internal_value=0.000217666 0.00329919 0.0196156 0.00156974 0.00292461 0.00615031
internal_weight=6840 5156 466 4690 4306 2719
internal_count=6840 5156 466 4690 4306 2719
is_linear=0
shrinkage=0.03


Tree=96
num_leaves=7
num_cat=0
split_feature=0 4 8 1 16 22
split_gain=211.423 171.081 93.6672 85.5645 69.7474 58.789
threshold=1.2343444385039548 -1.0000000180025095e-35 25.448850000000004 0.92165371937900775 0.3531559894771617 26.500000000000032
decision_type=2 2 2 2 2 8
left_child=1 3 -3 -1 -2 -5
right_child=4 2 -4 5 -6 -7
leaf_value=-0.012656221265124959 0.058429938421437615 -0.0011997963918678411 0.012183083719826479 0.0051987435816053165 0.015589043712077129 -0.0038414096033405885
leaf_weight=812 37 761 1126 786 204 3114
leaf_count=812 37 761 1126 786 204 3114
internal_value=0.000214061 -0.000808883 0.00675132 -0.00388393 0.0267144 -0.00196398
internal_weight=6840 6599 1887 4712 241 3900
internal_count=6840 6599 1887 4712 241 3900
is_linear=0
shrinkage=0.03


Tree=97
num_leaves=7
num_cat=0
split_feature=1 5 2 21 14 22
split_gain=197.466 140.566 135.968 108.287 80.2781 99.3997
threshold=1.4763982188948668 0.18706134921814607 0.39402909603265163 295.75369244036983 24.148985069510093 32.10000000000003
decision_type=2 2 2 10 2 10
left_child=2 3 4 -2 5 -1
right_child=1 -3 -4 -5 -6 -7
leaf_value=0.022085013531725376 0.02708720209084849 0.003502923425026159 -0.0056417643742008583 -0.016544798813760281 -0.0030508125798931196 -0.00039135405961062433
leaf_weight=388 425 1401 3812 40 485 289
leaf_count=388 425 1401 3812 40 485 289
internal_value=0.000214086 0.00850412 -0.00288749 0.0224971 0.0059637 0.0125391
internal_weight=6840 1866 4974 465 1162 677
internal_count=6840 1866 4974 465 1162 677
is_linear=0
shrinkage=0.03


Tree=98
num_leaves=7
num_cat=0
split_feature=0 2 8 18 1 11
split_gain=198.554 180.838 315.975 174.828 87.0215 75.1212
threshold=1.2343444385039548 0.51691794760825449 220.44105000000005 226.55000000000004 1.5006751295101188 0.019955804785169399
decision_type=2 2 2 10 2 2
left_child=1 2 4 -4 -1 -3
right_child=-2 5 3 -5 -6 -7
leaf_value=-0.0026038274646220752 0.025890306321497275 0.0068650976430658433 0.051745511553528009 0.012708359871374293 0.013990128646303406 -0.0061340033314742489
leaf_weight=1717 241 422 151 350 320 3639
leaf_count=1717 241 422 151 350 320 3639
internal_value=0.000208717 -0.000781927 0.00544737 0.0262967 4.07367e-05 -0.00471942
internal_weight=6840 6599 2538 501 2037 4061
internal_count=6840 6599 2538 501 2037 4061
is_linear=0
shrinkage=0.03


Tree=99
num_leaves=7
num_cat=0
split_feature=15 0 8 5 22 8
split_gain=195.024 169.469 109.577 179.792 82.0711 127.729
threshold=2.6415040341048548 1.1044757649989823 24.394500000000004 0.13838335269507243 38.500000000000036 1652.6740500000003
decision_type=2 2 2 2 10 2
left_child=1 2 -1 4 5 -4
right_child=-2 -3 3 -5 -6 -7
leaf_value=-0.005183099866064517 -0.01079750032295026 0.01775059108688249 0.015956312037025761 0.00051765656625427569 -0.013560343414188963 0.066502056627401274
leaf_weight=1781 1172 572 541 2690 48 36
leaf_count=1781 1172 572 541 2690 48 36
internal_value=0.000212729 0.0025457 0.000746988 0.00398991 0.0182225 0.0214834
internal_weight=6840 5668 5096 3315 625 577
internal_count=6840 5668 5096 3315 625 577
is_linear=0
shrinkage=0.03


Tree=100
num_leaves=7
num_cat=0
split_feature=13 8 22 8 2 10
split_gain=182.701 226.355 140.362 147.92 322.628 102.606
threshold=3.0611025807431425 26.538750000000004 38.300000000000018 565.2225000000002 0.49840392086528323 0.0065303030303030295
decision_type=2 2 10 2 2 2
left_child=1 -1 3 5 -5 -3
right_child=-2 2 -4 4 -6 -7
leaf_value=-0.0042357124125841795 -0.0082849228515089607 0.0052938829595903635 -0.010229616841440152 0.056150309318842379 0.0033686756255208615 0.028829348882997131
leaf_weight=2181 1684 2084 302 171 250 168
leaf_count=2181 1684 2084 302 171 250 168
internal_value=0.000212573 0.00303821 0.00841354 0.0106359 0.0267217 0.00735398
internal_weight=6840 5156 2975 2673 421 2252
internal_count=6840 5156 2975 2673 421 2252
is_linear=0
shrinkage=0.03


Tree=101
num_leaves=7
num_cat=0
split_feature=0 2 8 16 16 20
split_gain=177.142 161.221 278.225 90.445 85.4226 72.9957
threshold=1.2343444385039548 0.51691794760825449 220.44105000000005 0.95452082597138055 1.028211211583139 0.013351589572752924
decision_type=2 2 2 2 2 2
left_child=1 2 -1 -3 -4 -6
right_child=-2 3 4 -5 5 -7
leaf_value=7.9638620214113451e-05 0.024470339197807292 0.0019840447787035807 0.0068291404736893517 -0.0075025859615059998 0.04883471043486344 0.015532337286509573
leaf_weight=2037 241 1297 190 2764 151 160
leaf_count=2037 241 1297 190 2764 151 160
internal_value=0.000212396 -0.000722121 0.00515813 -0.00444112 0.024723 0.0341286
internal_weight=6840 6599 2538 4061 501 311
internal_count=6840 6599 2538 4061 501 311
is_linear=0
shrinkage=0.03


Tree=102
num_leaves=7
num_cat=0
split_feature=11 1 9 18 5 1
split_gain=170.171 125.18 107.955 133.981 82.4298 77.8919
threshold=0.019796903093877095 0.92165371937900775 2393.0000000000005 320.25000000000006 0.10284670296320107 1.4947250035363717
decision_type=2 2 2 10 2 2
left_child=2 -2 3 -1 5 -3
right_child=1 4 -4 -5 -6 -7
leaf_value=0.026584944606662643 -0.011775882980418869 0.0047791995090392019 -0.0066510223799392757 -0.0077478508503091613 -0.0011698980334747548 0.031504423421770331
leaf_weight=465 878 619 163 112 4498 105
leaf_count=465 878 619 163 112 4498 105
internal_value=0.00021654 -0.00142457 0.0136235 0.0196331 0.000325517 0.00959941
internal_weight=6840 6100 740 577 5222 724
internal_count=6840 6100 740 577 5222 724
is_linear=0
shrinkage=0.03


Tree=103
num_leaves=7
num_cat=0
split_feature=0 2 8 22 16 16
split_gain=164.924 149.644 262.016 142.452 113.767 82.7432
threshold=1.2343444385039548 0.51691794760825449 220.44105000000005 33.200000000000024 1.028211211583139 0.95452082597138055
decision_type=2 2 2 10 2 2
left_child=1 2 -1 4 -4 -3
right_child=-2 5 3 -5 -6 -7
leaf_value=4.4989435160255566e-05 0.023618601094289073 0.0018687190663372855 0.0096016500328551038 0.0049330827457297046 0.052601846163337289 -0.0072013807880795923
leaf_weight=2037 241 1297 108 228 165 2764
leaf_count=2037 241 1297 108 228 165 2764
internal_value=0.000211839 -0.000689113 0.0049751 0.0239611 0.0379193 -0.00427286
internal_weight=6840 6599 2538 501 273 4061
internal_count=6840 6599 2538 501 273 4061
is_linear=0
shrinkage=0.03


Tree=104
num_leaves=7
num_cat=0
split_feature=1 10 7 23 8 8
split_gain=157.539 135.452 119.573 112.777 239.856 72.4798
threshold=1.0571192145352233 0.0045051848560487906 1.0000000180025095e-35 17.479166666666689 1652.6740500000003 1652.6740500000003
decision_type=2 2 2 8 2 2
left_child=5 2 3 4 -2 -1
right_child=1 -3 -4 -5 -6 -7
leaf_value=-0.0085725037617848856 0.0046396609510093376 0.015178026156027508 -0.012336147740900621 -0.0036389701113942372 0.049358271191301553 0.017201386260635713
leaf_weight=1772 2247 689 510 1445 95 82
leaf_count=1772 2247 689 510 1445 95 82
internal_value=0.000215583 0.00301364 0.000967121 0.00285349 0.00691969 -0.0071811
internal_weight=6840 4986 4297 3787 2342 1854
internal_count=6840 4986 4297 3787 2342 1854
is_linear=0
shrinkage=0.03


Tree=105
num_leaves=7
num_cat=0
split_feature=0 2 19 1 16 16
split_gain=153.386 138.075 183.28 83.0163 76.3406 72.9016
threshold=1.2343444385039548 0.51691794760825449 178.94333333333324 1.4747468523983533 0.95452082597138055 0.3531559894771617
decision_type=2 2 10 2 2 2
left_child=1 2 -1 -4 -3 -2
right_child=5 4 3 -5 -6 -7
leaf_value=0.037763255928487824 0.05439878328164157 0.0017987775681794944 1.2396069362873099e-05 0.0143372596307056 -0.00691027068820584 0.012039888688845427
leaf_weight=124 37 1297 1982 432 2764 204
leaf_count=124 37 1297 1982 432 2764 204
internal_value=0.000214523 -0.000653579 0.00478623 0.00273429 -0.00409684 0.022788
internal_weight=6840 6599 2538 2414 4061 241
internal_count=6840 6599 2538 2414 4061 241
is_linear=0
shrinkage=0.03


Tree=106
num_leaves=7
num_cat=0
split_feature=0 2 8 19 1 8
split_gain=146.402 130.383 242.249 175.591 71.3478 63.399
threshold=1.2343444385039548 0.51691794760825449 220.44105000000005 223.11333333333332 1.5006751295101188 599.97555000000011
decision_type=2 2 2 10 2 2
left_child=1 2 4 -4 -1 -3
right_child=-2 5 3 -5 -6 -7
leaf_value=-0.0024704181615646044 0.022274325696173412 -0.0020099060409096235 0.049768864113212671 0.010246302781872179 0.012557181172785075 -0.011401946524695894
leaf_weight=1717 241 3248 138 363 320 813
leaf_count=1717 241 3248 138 363 320 813
internal_value=0.000220633 -0.000626991 0.00465838 0.0229133 0 -0.00397358
internal_weight=6840 6599 2538 501 2037 4061
internal_count=6840 6599 2538 501 2037 4061
is_linear=0
shrinkage=0.03


Tree=107
num_leaves=7
num_cat=0
split_feature=15 11 18 8 6 15
split_gain=146.982 141.728 109.278 71.8103 67.9685 52.5183
threshold=2.6415040341048548 0.020229433464281226 320.25000000000006 25.537500000000005 1.0241866821266918 0.58151300226011571
decision_type=2 2 10 2 2 2
left_child=1 2 3 -1 -3 -5
right_child=-2 4 -4 5 -6 -7
leaf_value=0.00036667395943491637 -0.0093340078338878321 -0.0016170726073142332 -0.0088137108670367347 0.033792714569717643 0.0066830005902898228 0.011295620185084456
leaf_weight=157 1172 3752 135 263 1139 222
leaf_count=157 1172 3752 135 263 1139 222
internal_value=0.000220921 0.00224888 0.0139845 0.0191266 0.000304622 0.0246473
internal_weight=6840 5668 777 642 4891 485
internal_count=6840 5668 777 642 4891 485
is_linear=0
shrinkage=0.03


Tree=108
num_leaves=7
num_cat=0
split_feature=15 11 18 1 8 4
split_gain=138.542 134.007 103.619 99.4476 68.0094 59.7339
threshold=2.6415040341048548 0.020229433464281226 320.25000000000006 0.91348836564716362 15.556050000000001 0.21406602667563104
decision_type=2 2 10 2 2 2
left_child=1 2 4 -3 -1 -6
right_child=-2 3 -4 -5 5 -7
leaf_value=-0.0031960243632835625 -0.0090586859273722852 -0.01166914329077016 -0.0085834171800844138 0.0018362700311138542 0.016653771465464044 0.0459423267480214
leaf_weight=93 1172 532 135 4359 471 78
leaf_count=93 1172 532 135 4359 471 78
internal_value=0.000217125 0.00218661 0.0135982 0.000295186 0.0186076 0.0225472
internal_weight=6840 5668 777 4891 642 549
internal_count=6840 5668 777 4891 642 549
is_linear=0
shrinkage=0.03


Tree=109
num_leaves=7
num_cat=0
split_feature=0 2 19 15 14 0
split_gain=134.879 114.75 167.965 73.1927 64.0426 90.2892
threshold=1.2723730332504524 0.47434210526315795 178.94333333333324 0.14600011065614313 16.265073570448624 1.0043020516136354
decision_type=2 2 8 2 2 2
left_child=1 2 3 -1 -3 -6
right_child=-2 4 -4 -5 5 -7
leaf_value=0.058658458871666236 0.023124267654093273 -0.0056097017825333887 0.0030022857582428846 0.0048235617002800983 -0.0029223573337966466 0.013354046568464563
leaf_weight=54 204 3147 2000 48 966 421
leaf_count=54 204 3147 2000 48 966 421
internal_value=0.000212091 -0.000537093 0.0051995 0.0394978 -0.00324072 0.00203105
internal_weight=6840 6636 2102 102 4534 1387
internal_count=6840 6636 2102 102 4534 1387
is_linear=0
shrinkage=0.03


Tree=110
num_leaves=7
num_cat=0
split_feature=15 11 0 4 19 8
split_gain=127.604 125.504 87.1016 58.5468 58.0945 55.8673
threshold=2.6816638682833962 0.020229433464281226 1.2723730332504524 0.010896695061615733 310.59833333333364 25.537500000000005
decision_type=2 2 2 2 10 2
left_child=1 2 5 -3 -5 -1
right_child=-2 3 -4 4 -6 -7
leaf_value=-0.0037449629568291815 -0.0094588374510082337 -0.0015838823591420496 0.044933105254847859 0.0091451650549277969 -0.0073301300082491642 0.014211233337454082
leaf_weight=191 1017 3862 54 971 213 532
leaf_count=191 1017 3862 54 971 213 532
internal_value=0.0002153 0.00195717 0.0130232 0.0001789 0.00598417 0.00929262
internal_weight=6840 5823 777 5046 1184 723
internal_count=6840 5823 777 5046 1184 723
is_linear=0
shrinkage=0.03


Tree=111
num_leaves=7
num_cat=0
split_feature=0 15 8 19 8 5
split_gain=123.875 104.562 183.475 213.941 117.606 86.9886
threshold=1.2723730332504524 0.54210171007786123 25.448850000000004 215.44166666666669 599.97555000000011 0.2351133382738102
decision_type=2 2 2 8 2 2
left_child=1 2 -1 5 -5 -4
right_child=-2 -3 3 4 -6 -7
leaf_value=-0.0046034040233210475 0.022169601751375011 -0.0041508680484027786 0.054684820599255286 0.0094147011055409034 -0.0099078953009468299 0.017564795542848066
leaf_weight=1416 204 3433 92 1118 353 224
leaf_count=1416 204 3433 92 1118 353 224
internal_value=0.000211567 -0.000505505 0.0033566 0.00972817 0.0046065 0.0314301
internal_weight=6840 6636 3203 1787 1471 316
internal_count=6840 6636 3203 1787 1471 316
is_linear=0
shrinkage=0.03


Tree=112
num_leaves=7
num_cat=0
split_feature=13 10 7 18 22 17
split_gain=116.418 103.259 92.4618 85.5496 79.402 51.386
threshold=3.0611025807431425 0.0054807159114764435 1.0000000180025095e-35 228.15000000000006 38.000000000000036 1.0000000180025095e-35
decision_type=2 2 2 10 8 2
left_child=1 2 4 -3 5 -1
right_child=-2 3 -4 -5 -6 -7
leaf_value=0.0079005694188821213 -0.006565418798713387 0.03827850164172529 -0.010294144815495683 0.0075081231374322446 -0.011043152378365999 0.00079560866838371659
leaf_weight=1631 1684 99 543 367 326 2190
leaf_count=1631 1684 99 543 367 326 2190
internal_value=0.000212669 0.00247225 0.00106913 0.0156601 0.00263528 0.00389277
internal_weight=6840 5156 4690 466 4147 3821
internal_count=6840 5156 4690 466 4147 3821
is_linear=0
shrinkage=0.03


Tree=113
num_leaves=7
num_cat=0
split_feature=15 0 2 19 14 10
split_gain=115.315 101.789 85.1301 121.248 66.7354 49.45
threshold=2.9490770638425214 1.2723730332504524 0.39402909603265163 178.94333333333324 11.795512369064053 0.0069418828387325278
decision_type=2 2 2 8 2 2
left_child=1 2 3 -1 -3 -4
right_child=-2 4 5 -5 -6 -7
leaf_value=0.045225871762633318 -0.009652636014254392 0.0075093101511473749 -0.0016953797910691847 0.0052821577658705727 0.045522200429439545 0.012451289913720999
leaf_weight=55 900 146 4287 1184 55 213
leaf_count=55 900 146 4287 1184 55 213
internal_value=0.000208614 0.00175529 0.000955167 0.0078647 0.0217679 -0.000940454
internal_weight=6840 5940 5739 1239 201 4500
internal_count=6840 5940 5739 1239 201 4500
is_linear=0
shrinkage=0.03


Tree=114
num_leaves=7
num_cat=0
split_feature=0 2 8 22 8 14
split_gain=109.486 103.107 212.883 191.107 58.5841 53.5163
threshold=1.2343444385039548 0.51691794760825449 565.2225000000002 38.000000000000036 24.394500000000004 16.265073570448624
decision_type=2 2 2 10 2 2
left_child=1 2 4 -4 -1 -3
right_child=-2 5 3 -5 -6 -7
leaf_value=-0.0036151705953358011 0.019285799745877071 -0.005677755407202713 0.043440087006761219 -0.0077045664536400165 0.0059269523156947326 0.0018249757157054818
leaf_weight=1159 241 2899 192 81 1106 1162
leaf_count=1159 241 2899 192 81 1106 1162
internal_value=0.00021282 -0.000517245 0.00418006 0.0282633 0.000989699 -0.00349577
internal_weight=6840 6599 2538 273 2265 4061
internal_count=6840 6599 2538 273 2265 4061
is_linear=0
shrinkage=0.03


Tree=115
num_leaves=7
num_cat=0
split_feature=1 15 10 21 1 2
split_gain=113.092 103.116 89.6887 58.0634 74.1207 52.3133
threshold=0.92165371937900775 2.9490770638425214 0.0045051848560487906 291.44428183424156 1.4947250035363717 0.64720277520515312
decision_type=2 2 2 10 2 2
left_child=-1 2 -2 4 -4 -6
right_child=1 -3 3 -5 5 -7
leaf_value=-0.0096663934319407094 0.0015043618826362974 -0.0094042056493542862 0.0047078788062374201 0.0034813828174477843 0.039407766984930884 0
leaf_weight=882 4583 641 173 367 160 34
leaf_count=882 4583 641 173 367 160 34
internal_value=0.000211113 0.00172588 0.00312601 0.0127439 0.0209603 0.032958
internal_weight=6840 5958 5317 734 367 194
internal_count=6840 5958 5317 734 367 194
is_linear=0
shrinkage=0.03


Tree=116
num_leaves=7
num_cat=0
split_feature=11 15 22 15 23 9
split_gain=104.574 98.3082 71.9836 62.6845 56.2515 96.4811
threshold=0.019468567683450278 0.17321169278622614 28.500000000000032 2.9490770638425214 16.944166666666725 2275.0000000000005
decision_type=2 2 10 2 10 2
left_child=1 4 -3 -2 5 -1
right_child=3 2 -4 -5 -6 -7
leaf_value=0.065907612663918522 0.00015686376635713851 -0.009974780006047625 0.012745988611801514 -0.0084647290177287046 -0.0065788035929203025 0.016458025749831816
leaf_weight=38 5258 214 246 861 30 193
leaf_count=38 5258 214 246 861 30 193
internal_value=0.000207886 0.0108712 0.0018882 -0.00105546 0.0249084 0.0297936
internal_weight=6840 721 460 6119 261 231
internal_count=6840 721 460 6119 261 231
is_linear=0
shrinkage=0.03


Tree=117
num_leaves=7
num_cat=0
split_feature=11 9 18 6 9 17
split_gain=99.4837 87.3774 107.979 64.8132 53.5203 42.7764
threshold=0.019468567683450278 2393.0000000000005 320.25000000000006 1.0447650372404209 1360.0000000000002 1.0000000180025095e-35
decision_type=2 2 10 2 2 2
left_child=1 2 -1 -2 5 -5
right_child=3 -3 -4 4 -6 -7
leaf_value=0.02245653493624605 -0.0025690889053701618 -0.007627217722435793 -0.0087435917497619871 0.025569854149875858 0.0012223890786778858 0.0016243720279796228
leaf_weight=454 4921 160 107 159 904 135
leaf_count=454 4921 160 107 159 904 135
internal_value=0.000207793 0.0106087 0.0161514 -0.00102388 0.00513815 0.015856
internal_weight=6840 721 561 6119 1198 294
internal_count=6840 721 561 6119 1198 294
is_linear=0
shrinkage=0.03


Tree=118
num_leaves=7
num_cat=0
split_feature=11 2 8 9 18 22
split_gain=93.4094 83.6134 88.196 82.5408 102.22 78.1122
threshold=0.019468567683450278 0.46913804554191185 220.44105000000005 2393.0000000000005 320.25000000000006 33.800000000000018
decision_type=2 2 2 2 10 10
left_child=3 2 -2 4 -1 -4
right_child=1 -3 5 -5 -6 -7
leaf_value=0.021811265052278535 0.00076073785880898383 -0.0033399180279568711 0.02829094685221973 -0.00742382513374711 -0.0085225917942598328 0.00052099341744906271
leaf_weight=454 1500 4239 208 160 107 172
leaf_count=454 1500 4239 208 160 107 172
internal_value=0.000204353 -0.000988438 0.00421405 0.0102832 0.0156733 0.0167509
internal_weight=6840 6119 1880 721 561 380
internal_count=6840 6119 1880 721 561 380
is_linear=0
shrinkage=0.03


Tree=119
num_leaves=7
num_cat=0
split_feature=1 10 7 15 19 15
split_gain=102.294 90.3075 84.0785 86.3857 104.022 198.656
threshold=0.91348836564716362 0.0045051848560487906 1.0000000180025095e-35 0.60749575603287143 193.51000000000082 0.11636840050524551
decision_type=2 2 2 2 10 2
left_child=-1 2 3 4 5 -2
right_child=1 -3 -4 -5 -6 -7
leaf_value=-0.0095307123770214941 0.046033267266680729 0.011051621019854975 -0.01009699808548041 -0.0029812337150990379 0.0029612190584498948 -0.0019507161852699226
leaf_weight=828 132 770 612 2046 2308 144
leaf_count=828 132 770 612 2046 2308 144
internal_value=0.000201029 0.00159335 0.000138792 0.00156164 0.00521154 0.0220511
internal_weight=6840 6012 5242 4630 2584 276
internal_count=6840 6012 5242 4630 2584 276
is_linear=0
shrinkage=0.03


Tree=120
num_leaves=7
num_cat=0
split_feature=11 2 19 18 6 21
split_gain=85.8384 76.7791 77.6524 69.9096 60.0771 64.4811
threshold=0.019468567683450278 0.46913804554191185 178.94333333333324 320.25000000000006 1.5558994925965719 291.21086527797667
decision_type=2 2 8 10 2 10
left_child=3 2 -2 4 -1 -6
right_child=1 -3 -4 -5 5 -7
leaf_value=0.008774150828527779 0.029399810883019548 -0.0031998795410303842 0.0024586683657201874 -0.0095370970768614352 0.05651216576714068 0.0054901631802320482
leaf_weight=510 84 4239 1796 116 40 55
leaf_count=510 84 4239 1796 116 40 55
internal_value=0.00019679 -0.000945718 0.00403817 0.00985931 0.0140045 0.0343695
internal_weight=6840 6119 1880 721 605 95
internal_count=6840 6119 1880 721 605 95
is_linear=0
shrinkage=0.03


Tree=121
num_leaves=7
num_cat=0
split_feature=0 1 2 8 22 1
split_gain=96.7801 81.1397 73.8689 148.936 190.657 56.4911
threshold=1.2723730332504524 0.91348836564716362 0.47962434134169635 565.2225000000002 37.800000000000018 4.5773809523809534
decision_type=2 2 2 2 10 2
left_child=1 -1 3 -3 -5 -2
right_child=5 2 -4 4 -6 -7
leaf_value=-0.0091269309382290397 0.029333029046988569 0.0023142028778802412 -0.0016406086480786131 0.045447508980404339 -0.0084442183368810229 -0.0014273937050910555
leaf_weight=826 139 1803 3782 149 76 65
leaf_count=826 139 1803 3782 149 76 65
internal_value=0.000200061 -0.00043122 0.000806378 0.00541444 0.0274285 0.0196099
internal_weight=6840 6636 5810 2028 225 204
internal_count=6840 6636 5810 2028 225 204
is_linear=0
shrinkage=0.03


Tree=122
num_leaves=7
num_cat=0
split_feature=0 2 19 11 14 22
split_gain=91.552 77.3509 104.438 56.1963 50.0736 63.1444
threshold=1.2723730332504524 0.39402909603265163 178.94333333333324 0.023116111152882968 24.148985069510093 32.200000000000024
decision_type=2 2 8 2 2 10
left_child=1 2 -1 -2 5 -4
right_child=3 -3 4 -5 -6 -7
leaf_value=0.040660463877022261 0.038577218731475432 -0.0020544726899599732 0.016255994970556988 0.005097765755851435 -0.0030085084841795307 -0.00080577613597964499
leaf_weight=55 66 5315 415 138 529 322
leaf_count=55 66 5315 415 138 529 322
internal_value=0.000197685 -0.00041571 0.00599824 0.0190763 0.0037668 0.0087791
internal_weight=6840 6636 1321 204 1266 737
internal_count=6840 6636 1321 204 1266 737
is_linear=0
shrinkage=0.03


Tree=123
num_leaves=7
num_cat=0
split_feature=1 0 16 14 22 16
split_gain=89.0246 79.4574 59.832 88.7488 102.843 106.874
threshold=0.91348836564716362 1.2723730332504524 1.0477024586221126 56.144846009606745 38.300000000000018 0.92919222506915333
decision_type=2 2 2 2 10 2
left_child=-1 2 3 4 5 -2
right_child=1 -3 -4 -5 -6 -7
leaf_value=-0.0088767372707387153 0.0051061050491541544 0.019146331173660412 -0.00229000288931272 -0.012702906423740371 -0.011198423152996432 0.025731909627887024
leaf_weight=828 2221 202 2826 245 277 241
leaf_count=828 2221 202 2826 245 277 241
internal_value=0.00020004 0.00150029 0.000797472 0.00376718 0.00537618 0.00737664
internal_weight=6840 6012 5810 2984 2739 2462
internal_count=6840 6012 5810 2984 2739 2462
is_linear=0
shrinkage=0.03


Tree=124
num_leaves=7
num_cat=0
split_feature=1 10 8 13 23 8
split_gain=83.9513 81.4953 64.834 98.7978 83.7613 169.338
threshold=0.92165371937900775 0.0045051848560487906 18.968400000000006 0.0079365820836721519 17.271666666666686 1652.6740500000003
decision_type=2 2 2 2 10 2
left_child=-1 2 -2 4 5 -4
right_child=1 -3 3 -5 -6 -7
leaf_value=-0.0083126164841318007 -0.0054415910668536996 0.010493664451969194 0.0068289567320589948 -0.0036178916710832188 -0.0011534112185845576 0.041464501041408676
leaf_weight=882 1360 768 1299 1551 854 126
leaf_count=882 1360 768 1299 1551 854 126
internal_value=0.000194031 0.00150201 0.000107491 0.00213491 0.00611271 0.0105268
internal_weight=6840 5958 5190 3830 2279 1425
internal_count=6840 5958 5190 3830 2279 1425
is_linear=0
shrinkage=0.03


Tree=125
num_leaves=7
num_cat=0
split_feature=1 15 2 1 3 19
split_gain=79.2706 80.7353 51.9624 53.946 64.016 60.0357
threshold=0.91348836564716362 2.9490770638425214 0.29957735905295396 2.1613148467266226 0.33115787055097495 165.11333333333351
decision_type=2 2 2 2 2 10
left_child=-1 2 -2 5 -5 -4
right_child=1 -3 3 4 -6 -7
leaf_value=-0.0083732189360985355 0.011323188033445317 -0.0082824308710739928 0.014803560014947184 0.029347273072450084 0.0033197757056741802 -0.00025047998988383187
leaf_weight=828 545 659 232 112 304 4160
leaf_count=828 545 659 232 112 304 4160
internal_value=0.00019042 0.00141856 0.00266714 0.00161204 0.011696 0.000574227
internal_weight=6840 6012 5353 4808 416 4392
internal_count=6840 6012 5353 4808 416 4392
is_linear=0
shrinkage=0.03


Tree=126
num_leaves=7
num_cat=0
split_feature=1 10 7 24 21 2
split_gain=75.7885 97.9921 71.7315 75.8937 61.5426 59.0035
threshold=1.4407272252793077 0.0054807159114764435 1.0000000180025095e-35 11.600000000000025 291.30106099996817 0.39402909603265163
decision_type=2 2 2 10 10 2
left_child=5 2 3 -2 -3 -1
right_child=1 4 -4 -5 -6 -7
leaf_value=0.0039633936090487029 0.0069607561875374806 0.033566569839932732 -0.011153914899032651 -0.015956837303262757 0.0043729854308724126 -0.0037639367977791998
leaf_weight=1142 1389 143 279 121 142 3624
leaf_count=1142 1389 143 279 121 142 3624
internal_value=0.000188371 0.00496779 0.00216847 0.00484169 0.0207534 -0.00187219
internal_weight=6840 2074 1789 1510 285 4766
internal_count=6840 2074 1789 1510 285 4766
is_linear=0
shrinkage=0.03


Tree=127
num_leaves=7
num_cat=0
split_feature=1 23 8 8 8 23
split_gain=73.3672 56.3941 182.11 64.2885 49.7475 41.3665
threshold=1.0571192145352233 17.885000000000016 1652.6740500000003 599.97555000000011 1652.6740500000003 10.559166666666661
decision_type=2 10 2 2 2 8
left_child=4 2 5 -3 -1 -2
right_child=1 3 -4 -5 -6 -7
leaf_value=-0.0060306314650025736 -0.0030690313186897246 0.00064690064378834897 0.038440573975498223 -0.0133493614718547 0.015269844356157322 0.0048855077718908801
leaf_weight=1772 744 1438 117 346 82 2341
leaf_count=1772 744 1438 117 346 82 2341
internal_value=0.000184293 0.0021002 0.00448675 -0.00210238 -0.00485559 0.00291142
internal_weight=6840 4986 3202 1784 1854 3085
internal_count=6840 4986 3202 1784 1854 3085
is_linear=0
shrinkage=0.03


Tree=128
num_leaves=7
num_cat=0
split_feature=15 23 8 2 21 14
split_gain=71.1189 162.448 141.64 75.4097 72.1478 47.5874
threshold=0.17321169278622614 17.271666666666686 1652.6740500000003 0.60778484924699649 291.11840476123615 56.144846009606745
decision_type=2 8 2 2 10 2
left_child=1 2 -1 -4 -3 -2
right_child=5 4 3 -5 -6 -7
leaf_value=0.0075195344198245402 -0.00095460039618970312 -0.027618932228471182 0.051608557396263272 0.0028126963951757974 -0.0014341192620692176 -0.014467241519987583
leaf_weight=998 4754 96 96 50 616 230
leaf_count=998 4754 96 96 50 616 230
internal_value=0.000181982 0.00518255 0.0121464 0.0381535 -0.00582773 -0.00166348
internal_weight=6840 1856 1144 146 712 4984
internal_count=6840 1856 1144 146 712 4984
is_linear=0
shrinkage=0.03


Tree=129
num_leaves=7
num_cat=0
split_feature=0 15 23 1 1 10
split_gain=77.4562 63.6089 64.7383 64.6677 53.0414 47.3203
threshold=1.2723730332504524 0.54210171007786123 17.271666666666686 1.0515030946065431 4.5773809523809534 0.0054807159114764435
decision_type=2 2 8 2 2 2
left_child=1 2 3 -1 -2 -3
right_child=4 5 -4 -5 -6 -7
leaf_value=-0.0043216008603256858 0.027023948625186985 -0.004384205972091923 -0.0026126394117043017 0.0088024450406198503 -0.0025559504569015084 0.0074340856958161668
leaf_weight=400 139 3122 1247 1556 65 311
leaf_count=400 139 3122 1247 1556 65 311
internal_value=0.000176739 -0.000385686 0.00262096 0.0060261 0.0175426 -0.00323327
internal_weight=6840 6636 3203 1956 204 3433
internal_count=6840 6636 3203 1956 204 3433
is_linear=0
shrinkage=0.03


Tree=130
num_leaves=7
num_cat=0
split_feature=0 15 23 15 15 11
split_gain=73.2582 59.7635 61.0626 61.4072 57.1439 53.6206
threshold=1.2723730332504524 0.54210171007786123 16.136666666666752 0.17321169278622614 0.36353844911905792 0.023116111152882968
decision_type=2 2 8 2 2 2
left_child=1 2 3 -1 -5 -2
right_child=5 -3 -4 4 -6 -7
leaf_value=0.01127282781014609 0.035984085272716057 -0.0031344419572138056 -0.0016857389290462156 -0.0062802997966597204 0.011542221917174295 0.0036532589145995015
leaf_weight=976 66 3433 1538 467 222 138
leaf_count=976 66 3433 1538 467 222 138
internal_value=0.000172695 -0.000373672 0.00253989 0.0065059 -0.000162607 0.0170618
internal_weight=6840 6636 3203 1665 689 204
internal_count=6840 6636 3203 1665 689 204
is_linear=0
shrinkage=0.03


Tree=131
num_leaves=7
num_cat=0
split_feature=8 2 14 8 22 9
split_gain=67.5136 126.186 94.3222 59.8393 145.354 50.1147
threshold=24.394500000000004 0.46913804554191185 16.265073570448624 565.2225000000002 31.700000000000021 1276.5000000000002
decision_type=2 2 2 2 10 2
left_child=-1 3 -3 -2 -5 -4
right_child=1 2 5 4 -6 -7
leaf_value=-0.0040947367603765775 0.0067588215997725336 -0.00354727630158184 0.01875799960306344 0.045337208707810099 0 0.0029933807213752463
leaf_weight=2211 843 2556 240 117 126 747
leaf_count=2211 843 2556 240 117 126 747
internal_value=0.000172005 0.00225109 -0.000467241 0.0111032 0.0239438 0.0072721
internal_weight=6840 4629 3543 1086 243 987
internal_count=6840 4629 3543 1086 243 987
is_linear=0
shrinkage=0.03


Tree=132
num_leaves=7
num_cat=0
split_feature=0 8 15 19 22 15
split_gain=69.5587 57.0027 117.507 147.764 80.7383 63.7046
threshold=1.2723730332504524 21.242700000000003 0.54210171007786123 215.44166666666669 38.000000000000036 0.11636840050524551
decision_type=2 2 2 8 10 2
left_child=1 -1 3 5 -5 -3
right_child=-2 2 -4 4 -6 -7
leaf_value=-0.0045972423832463553 0.016630953373886381 0.037573468053703145 -0.0027147817411697383 0.005944714940778844 -0.011477534036483621 0.0088548471637687736
leaf_weight=1991 204 161 2617 1437 263 167
leaf_count=1991 204 161 2617 1437 263 167
internal_value=0.000173668 -0.000358169 0.0014386 0.00684568 0.00306006 0.0247318
internal_weight=6840 6636 4645 2028 1700 328
internal_count=6840 6636 4645 2028 1700 328
is_linear=0
shrinkage=0.03


Tree=133
num_leaves=7
num_cat=0
split_feature=1 2 8 11 18 9
split_gain=64.2818 53.1172 90.6541 37.3836 66.2895 39.9026
threshold=0.91348836564716362 0.62072056612535753 24.394500000000004 0.021234974916484069 335.25000000000006 1440.5000000000002
decision_type=2 2 2 2 10 2
left_child=-1 2 -2 4 5 -4
right_child=1 -3 3 -5 -6 -7
leaf_value=-0.0075362080186405023 -0.0021253476031179333 -0.0021562192293906597 0.033955034530372359 0.005189381502177343 -0.017142330094312243 0.011143607652882609
leaf_weight=828 1458 2377 108 1729 32 308
leaf_count=828 1458 2377 108 1729 32 308
internal_value=0.00017285 0.00128091 0.00356906 0.00743567 0.0151922 0.0186958
internal_weight=6840 6012 3635 2177 448 416
internal_count=6840 6012 3635 2177 448 416
is_linear=0
shrinkage=0.03


Tree=134
num_leaves=7
num_cat=0
split_feature=10 7 1 18 15 22
split_gain=61.352 62.8605 61.4389 90.7652 47.826 114.06
threshold=0.0045051848560487906 1.0000000180025095e-35 1.4152125070424815 316.9500000000001 0.17321169278622614 26.800000000000015
decision_type=2 2 2 10 2 10
left_child=1 4 -2 -4 5 -1
right_child=2 -3 3 -5 -6 -7
leaf_value=0.017756980578319412 -0.00038540457107592374 -0.008619461047269664 0.023485041361958552 -0.005939816743643446 -0.00145509492958226 -0.00032952694339290369
leaf_weight=418 400 796 312 112 3752 1050
leaf_count=418 400 796 312 112 3752 1050
internal_value=0.000168218 -0.000869307 0.00776198 0.0154572 0.00031228 0.00488909
internal_weight=6840 6016 824 424 5220 1468
internal_count=6840 6016 824 424 5220 1468
is_linear=0
shrinkage=0.03


Tree=135
num_leaves=7
num_cat=0
split_feature=10 7 2 8 12 9
split_gain=57.7491 59.2418 49.1181 60.6452 54.6424 39.2447
threshold=0.0045051848560487906 1.0000000180025095e-35 0.33357726690579381 25.537500000000005 0.019029298680714544 1489.0000000000002
decision_type=2 2 2 2 2 2
left_child=1 2 3 -1 -4 -2
right_child=5 -3 4 -5 -6 -7
leaf_value=-0.00084231422157201642 0.015130051098453067 -0.0083672150431469642 0.0026500418701222756 0.018347469239985609 -0.0037983391923954806 0.0015599056278546837
leaf_weight=273 338 796 2248 268 2431 486
leaf_count=273 338 796 2248 268 2431 486
internal_value=0.000162691 -0.000843242 0.000303023 0.00871172 -0.000670235 0.00753065
internal_weight=6840 6016 5220 541 4679 824
internal_count=6840 6016 5220 541 4679 824
is_linear=0
shrinkage=0.03


Tree=136
num_leaves=7
num_cat=0
split_feature=0 2 19 1 8 22
split_gain=64.4449 54.6969 76.6577 49.2929 31.6902 44.7676
threshold=1.2723730332504524 0.39402909603265163 178.94333333333324 4.5773809523809534 18.968400000000006 37.60000000000003
decision_type=2 2 8 2 2 10
left_child=1 2 -1 -2 -4 -6
right_child=3 -3 4 -5 5 -7
leaf_value=0.034754379053413866 0.025186091767237431 -0.0017324767964654786 -0.0017113101765167014 -0.0031792025995605131 0.010334458795087516 -0.012093943675582329
leaf_weight=55 139 5315 595 65 602 69
leaf_count=55 139 5315 595 65 602 69
internal_value=0.000159969 -0.000351107 0.00503788 0.0160016 0.00310981 0.00752775
internal_weight=6840 6636 1321 204 1266 671
internal_count=6840 6636 1321 204 1266 671
is_linear=0
shrinkage=0.03


Tree=137
num_leaves=7
num_cat=0
split_feature=0 2 14 11 19 11
split_gain=60.9158 52.785 53.9576 50.2756 46.9069 60.9784
threshold=1.2723730332504524 0.29957735905295396 17.982045981909494 0.023116111152882968 150.31666666666749 0.024788927380572149
decision_type=2 2 2 2 10 2
left_child=1 2 -1 -2 5 -3
right_child=3 4 -4 -5 -6 -7
leaf_value=0.015413366553629368 0.033813293674137698 0.035476934849151535 -0.0016124951434903778 0.0027062441225022167 -0.0017599999973171273 0.00041959994254541335
leaf_weight=346 66 50 276 138 5814 150
leaf_count=346 66 50 276 138 5814 150
internal_value=0.000158367 -0.00033791 0.00780996 0.0155604 -0.00122856 0.0122942
internal_weight=6840 6636 622 204 6014 200
internal_count=6840 6636 622 204 6014 200
is_linear=0
shrinkage=0.03


Tree=138
num_leaves=7
num_cat=0
split_feature=1 2 8 23 1 20
split_gain=56.7076 47.548 95.0347 174.881 78.7773 64.9299
threshold=0.91348836564716362 0.66540616186462409 224.16165000000004 17.479166666666689 1.4407272252793077 0.0087146209951968479
decision_type=2 2 2 10 2 2
left_child=-1 2 4 -4 -2 -5
right_child=1 -3 3 5 -6 -7
leaf_value=-0.0070767766337447467 -0.0022850423812661789 -0.002723608551323399 0.026157308734074711 -0.019321385476478312 0.0076569874873049304 0.0056590868616059643
leaf_weight=828 2336 1858 387 109 1007 315
leaf_count=828 2336 1858 387 109 1007 315
internal_value=0.000162315 0.00120434 0.0030018 0.0120931 0.000692883 -0.001006
internal_weight=6840 6012 4154 811 3343 424
internal_count=6840 6012 4154 811 3343 424
is_linear=0
shrinkage=0.03


Tree=139
num_leaves=7
num_cat=0
split_feature=0 2 14 14 10 17
split_gain=57.1787 49.1557 50.1637 47.5797 37.1593 55.0042
threshold=1.2723730332504524 0.29957735905295396 17.982045981909494 11.795512369064053 0.0054807159114764435 1.0000000180025095e-35
decision_type=2 2 2 2 2 2
left_child=1 2 -1 -2 -3 -6
right_child=3 4 -4 -5 5 -7
leaf_value=0.0148707912934142 0.0033126780199145066 -0.0018899428665965551 -0.0015305430618979231 0.034331340655111349 0.01749615071536607 -0.0022655054514503312
leaf_weight=346 146 5555 276 58 209 250
leaf_count=346 146 5555 276 58 209 250
internal_value=0.000156839 -0.000323292 0.00753843 0.0150792 -0.00118354 0.00677439
internal_weight=6840 6636 622 204 6014 459
internal_count=6840 6636 622 204 6014 459
is_linear=0
shrinkage=0.03


Tree=140
num_leaves=7
num_cat=0
split_feature=0 16 8 6 14 20
split_gain=54.6591 48.8289 48.261 69.1897 48.2673 71.4758
threshold=1.2723730332504524 0.7418672406877671 21.242700000000003 1.816418629583042 16.265073570448624 0.0078375534055355033
decision_type=2 2 2 2 2 2
left_child=2 -2 -1 4 5 -4
right_child=1 -3 3 -5 -6 -7
leaf_value=-0.0042134043049144362 0.041654591792821882 0.0055194507975409712 -0.0063894850640578479 0.03079385040432844 0.0054753004286680574 0.0026142191593041923
leaf_weight=1991 30 174 1347 51 1398 1849
leaf_count=1991 30 174 1347 51 1398 1849
internal_value=0.00015776 0.0147478 -0.000311188 0.00134017 0.000848618 -0.00115002
internal_weight=6840 204 6636 4645 4594 3196
internal_count=6840 204 6636 4645 4594 3196
is_linear=0
shrinkage=0.03


Tree=141
num_leaves=7
num_cat=0
split_feature=15 14 6 9 9 15
split_gain=52.6358 51.7501 57.9898 77.7257 108.953 68.1859
threshold=2.9490770638425214 56.144846009606745 1.0627619686885186 1435.0000000000002 907.00000000000011 0.46191536783613124
decision_type=2 2 2 2 2 2
left_child=1 2 -1 4 -4 -5
right_child=-2 -3 3 5 -6 -7
leaf_value=0.00030496392775691611 -0.0064929157875088525 -0.0085023798458892519 0 0.010193250102502492 0.03305725838523358 -0.0058619870576405034
leaf_weight=4251 900 431 155 488 196 419
leaf_count=4251 900 431 155 488 196 419
internal_value=0.000160939 0.00121267 0.00202787 0.00763662 0.0192853 0.00264807
internal_weight=6840 5940 5509 1258 351 907
internal_count=6840 5940 5509 1258 351 907
is_linear=0
shrinkage=0.03


Tree=142
num_leaves=7
num_cat=0
split_feature=15 11 18 21 8 7
split_gain=49.6232 51.4896 72.9393 56.9747 48.2743 42.6528
threshold=2.9490770638425214 0.020229433464281226 320.25000000000006 287.79215704821183 25.537500000000005 1.0000000180025095e-35
decision_type=2 2 10 10 2 2
left_child=1 2 4 -4 -1 -3
right_child=-2 5 3 -5 -6 -7
leaf_value=-0.00097293053935203016 -0.0063023627908446733 0.0012223532841600527 -0.031071116283316824 0.0037016123863182976 0.017102016688163142 -0.0063884341169838507
leaf_weight=157 900 4404 48 87 485 759
leaf_count=157 900 4404 48 87 485 759
internal_value=0.000157503 0.0011793 0.00827798 -0.0101082 0.0125594 5.42351e-05
internal_weight=6840 5940 777 135 642 5163
internal_count=6840 5940 777 135 642 5163
is_linear=0
shrinkage=0.03


Tree=143
num_leaves=7
num_cat=0
split_feature=0 2 19 15 11 21
split_gain=51.824 45.8127 86.7991 45.0107 43.9713 39.2343
threshold=1.2723730332504524 0.47962434134169635 178.94333333333324 0.14600011065614313 0.023116111152882968 282.48825558995122
decision_type=2 2 8 2 2 10
left_child=1 2 3 -1 -2 -4
right_child=4 -3 5 -5 -6 -7
leaf_value=0.042789023574945087 0.031421066401742921 -0.002054296142166713 -0.013283952811859004 0.0017007714536573205 0.002301742329668914 0.002839490128598742
leaf_weight=54 66 4480 124 50 138 1928
leaf_count=54 66 4480 124 50 138 1928
internal_value=0.00014948 -0.000306558 0.00324167 0.0277052 0.0143566 0.00167396
internal_weight=6840 6636 2156 104 204 2052
internal_count=6840 6636 2156 104 204 2052
is_linear=0
shrinkage=0.03


Tree=144
num_leaves=7
num_cat=0
split_feature=1 10 7 22 15 22
split_gain=49.8094 53.4673 81.859 52.5981 51.6326 66.7821
threshold=0.91348836564716362 0.005056135532337476 1.0000000180025095e-35 35.10000000000003 0.60749575603287143 38.000000000000036
decision_type=2 2 2 8 2 10
left_child=-1 2 4 -4 5 -2
right_child=1 -3 3 -5 -6 -7
leaf_value=-0.0066308521315636849 0.0059014691718316109 0.009317529720888543 -0.016335128154927745 0.00053384067630914622 -0.001953695578174566 -0.0095022044938875075
leaf_weight=828 2407 622 392 249 2084 258
leaf_count=828 2407 622 392 249 2084 258
internal_value=0.000152055 0.00112998 0.000126471 -0.00973747 0.00152457 0.00429469
internal_weight=6840 6012 5390 641 4749 2665
internal_count=6840 6012 5390 641 4749 2665
is_linear=0
shrinkage=0.03


Tree=145
num_leaves=7
num_cat=0
split_feature=15 14 6 13 24 14
split_gain=44.5524 49.5969 52.3208 50.1728 49.3039 42.9323
threshold=2.9490770638425214 56.144846009606745 1.0627619686885186 0.87770219997576671 -2.6999999999999882 57.988932715106976
decision_type=2 2 2 2 10 2
left_child=1 2 -1 4 -4 -3
right_child=-2 5 3 -5 -6 -7
leaf_value=0.00027457648307134969 -0.0059751097737013046 -0.025107405710861914 0 -0.0032200258291335561 0.014603821388296833 -0.0025498436915318765
leaf_weight=4251 900 88 272 287 699 343
leaf_count=4251 900 88 272 287 699 343
internal_value=0.000144549 0.00111388 0.0019128 0.00724036 0.0104861 -0.00839732
internal_weight=6840 5940 5509 1258 971 431
internal_count=6840 5940 5509 1258 971 431
is_linear=0
shrinkage=0.03


Tree=146
num_leaves=7
num_cat=0
split_feature=0 2 19 5 3 24
split_gain=48.5426 43.9734 43.4327 50.7896 36.8097 36.2559
threshold=1.2723730332504524 0.29957735905295396 150.31666666666749 0.26022246846131064 0.53884086434521272 -0.89999999999997715
decision_type=2 2 10 2 2 10
left_child=1 -1 3 -3 5 -2
right_child=4 2 -4 -5 -6 -7
leaf_value=0.007129279378851632 0.00086461770889018812 0.032871700366827801 -0.0016321455150566733 0.00078304329918719518 0.0008560886254291171 0.04123261981643736
leaf_weight=622 42 51 5814 149 118 44
leaf_count=622 42 51 5814 149 118 44
internal_value=0.000135848 -0.000304795 -0.00111961 0.0118919 0.0138868 0.026816
internal_weight=6840 6636 6014 200 204 86
internal_count=6840 6636 6014 200 204 86
is_linear=0
shrinkage=0.03


Tree=147
num_leaves=7
num_cat=0
split_feature=0 16 2 1 10 7
split_gain=46.6761 44.8666 41.3965 32.4569 66.2276 56.718
threshold=1.2723730332504524 0.7418672406877671 0.29957735905295396 1.1694986277374275 0.00950939424351613 1.0000000180025095e-35
decision_type=2 2 2 2 2 2
left_child=2 -2 -1 -4 5 -5
right_child=1 -3 3 4 -6 -7
leaf_value=0.006922063840456333 0.039362269976735115 0.0048142972041687144 -0.0037410619848029527 0.0015813515126252109 0.027197545688733997 -0.0094968660715764111
leaf_weight=622 30 174 2443 3047 63 461
leaf_count=622 30 174 2443 3047 63 461
internal_value=0.000141578 0.0136254 -0.000290093 -0.00108134 0.000707159 3.74185e-05
internal_weight=6840 204 6636 6014 3571 3508
internal_count=6840 204 6636 6014 3571 3508
is_linear=0
shrinkage=0.03


Tree=148
num_leaves=7
num_cat=0
split_feature=8 15 19 8 20 5
split_gain=47.5858 105.276 122.007 80.0366 68.0072 65.5418
threshold=24.394500000000004 0.54210171007786123 215.44166666666669 599.97555000000011 0.0084177579148204413 0.19302361507193502
decision_type=2 2 8 2 2 2
left_child=-1 2 -2 5 -5 -4
right_child=1 -3 3 4 -6 -7
leaf_value=-0.003433811406693966 0.023259855441363036 -0.0019787620879470774 0.01582936873630747 -0.024475578954254552 0.0010478342759841102 0.0016787940900133752
leaf_weight=2211 331 2645 466 128 225 834
leaf_count=2211 331 2645 466 128 225 834
internal_value=0.000144471 0.00189329 0.00709846 0.00353323 -0.00862109 0.00702785
internal_weight=6840 4629 1984 1653 353 1300
internal_count=6840 4629 1984 1653 353 1300
is_linear=0
shrinkage=0.03


Tree=149
num_leaves=7
num_cat=0
split_feature=0 16 2 14 12 6
split_gain=44.9444 43.2126 38.4066 43.9513 43.0719 30.0346
threshold=1.2723730332504524 0.7418672406877671 0.29957735905295396 17.982045981909494 0.023186216802755306 1.6753941161274046
decision_type=2 2 2 2 2 2
left_child=2 -2 3 4 -1 -4
right_child=1 -3 5 -5 -6 -7
leaf_value=0.028326191547356785 0.038638537377119066 0.0047089954960332775 -0.0014046270332990327 -0.0017850435345207114 0.0049387648123679047 0.01198495071390461
leaf_weight=104 30 174 5881 276 242 133
leaf_count=104 30 174 5881 276 242 133
internal_value=0.00014118 0.0133726 -0.000281998 0.0066636 0.0135421 -0.00104491
internal_weight=6840 204 6636 622 346 6014
internal_count=6840 204 6636 622 346 6014
is_linear=0
shrinkage=0.03


Tree=150
num_leaves=7
num_cat=0
split_feature=8 15 19 6 2 11
split_gain=44.7433 98.846 115.235 77.841 65.1134 57.4874
threshold=24.394500000000004 0.54210171007786123 215.44166666666669 1.4599989954695902 0.49840392086528323 0.03225325646719001
decision_type=2 2 8 2 2 2
left_child=-1 2 5 4 -4 -2
right_child=1 -3 3 -5 -6 -7
leaf_value=-0.0033232545209420168 0.029858606791691892 -0.0019084932427069453 0.0090005450451228711 0.031169653517868497 -0.0031492007197082322 0.00042217181028848111
leaf_weight=2211 239 2645 649 67 937 92
leaf_count=2211 239 2645 649 67 937 92
internal_value=0.000145727 0.00184209 0.00688623 0.00341861 0.00177931 0.0225945
internal_weight=6840 4629 1984 1653 1586 331
internal_count=6840 4629 1984 1653 1586 331
is_linear=0
shrinkage=0.03


Tree=151
num_leaves=7
num_cat=0
split_feature=0 16 8 13 6 24
split_gain=43.122 41.4631 38.6217 66.2417 60.8396 33.1537
threshold=1.2723730332504524 0.7418672406877671 21.242700000000003 0.0079365820836721519 1.4859568526776787 14.700000000000019
decision_type=2 2 2 2 2 10
left_child=2 -2 -1 4 5 -4
right_child=1 -3 3 -5 -6 -7
leaf_value=-0.003760205797519612 0.037865850538015361 0.0046014890499825869 0.0043060947607337268 -0.0026970089650063763 0.025453728585973504 -0.0089870425834620415
leaf_weight=1991 30 174 2298 2089 101 157
leaf_count=1991 30 174 2298 2089 101 157
internal_value=0.000146784 0.0131071 -0.000267284 0.00120744 0.00445292 0.00332962
internal_weight=6840 204 6636 4645 2556 2455
internal_count=6840 204 6636 4645 2556 2455
is_linear=0
shrinkage=0.03


Tree=152
num_leaves=7
num_cat=0
split_feature=0 14 8 2 15 19
split_gain=41.4091 37.0133 36.3789 77.2784 74.0223 89.7342
threshold=1.2723730332504524 11.795512369064053 21.242700000000003 0.46913804554191185 0.54210171007786123 232.72333333333344
decision_type=2 2 2 2 2 8
left_child=2 -2 -1 4 5 -4
right_child=1 -3 3 -5 -6 -7
leaf_value=-0.0036485215081876257 0.0024264035871566598 0.029808966118949821 0.036294256268199258 -0.00099030270260455351 -0.0016061651603936143 0.0080749902242481641
leaf_weight=1991 146 58 116 3517 425 587
leaf_count=1991 146 58 116 3517 425 587
internal_value=0.000147347 0.0128477 -0.000257975 0.00117258 0.00794669 0.013814
internal_weight=6840 204 6636 4645 1128 703
internal_count=6840 204 6636 4645 1128 703
is_linear=0
shrinkage=0.03


Tree=153
num_leaves=7
num_cat=0
split_feature=1 0 1 2 19 18
split_gain=41.0363 36.8294 42.0278 37.7479 56.2861 53.6615
threshold=0.91348836564716362 1.2723730332504524 4.5773809523809534 0.62072056612535753 178.94333333333324 172.60000000000005
decision_type=2 2 2 2 10 8
left_child=-1 3 -3 4 5 -2
right_child=1 2 -4 -5 -6 -7
leaf_value=-0.0060049489610949263 0.004366407148223111 0.021733891699540243 -0.0042625917529358582 -0.0024591491710119991 0.0014634722692438299 0.037672370127760445
leaf_weight=828 142 137 65 2236 3374 58
leaf_count=828 142 137 65 2236 3374 58
internal_value=0.00014908 0.00103861 0.0130626 0.000551456 0.00247992 0.0172536
internal_weight=6840 6012 202 5810 3574 200
internal_count=6840 6012 202 5810 3574 200
is_linear=0
shrinkage=0.03


Tree=154
num_leaves=7
num_cat=0
split_feature=0 2 14 19 19 0
split_gain=37.5121 34.8641 39.3381 37.005 44.8153 36.0792
threshold=1.2343444385039548 0.29957735905295396 17.982045981909494 150.31666666666749 112.37166666666597 0.84839875861568792
decision_type=2 2 2 10 8 2
left_child=1 2 -1 4 -3 -6
right_child=-2 3 -4 -5 5 -7
leaf_value=0.012853571913724184 0.0113182215660211 -0.0089824666364879246 -0.0016248873225727899 -0.0014769785600615599 0 0.029060617358977529
leaf_weight=346 241 51 276 5779 56 91
leaf_count=346 241 51 276 5779 56 91
internal_value=0.000149201 -0.000269004 0.00634492 -0.00100116 0.0110597 0.0191543
internal_weight=6840 6599 622 5977 198 147
internal_count=6840 6599 622 5977 198 147
is_linear=0
shrinkage=0.03


Tree=155
num_leaves=7
num_cat=0
split_feature=1 10 16 17 15 8
split_gain=38.3347 41.6869 38.2955 57.0604 35.8629 80.0736
threshold=0.88710722762015137 0.005056135532337476 0.25178309711913505 1.0000000180025095e-35 0.54210171007786123 25.448850000000004
decision_type=2 2 2 2 2 2
left_child=-1 4 3 -3 5 -2
right_child=1 2 -4 -5 -6 -7
leaf_value=-0.0064176447357741388 -0.0036609505947181359 0.034098587986081834 0.0024911882353911134 0.0013224277743615035 -0.0022764881736532651 0.0067697720650824883
leaf_weight=692 1077 88 440 107 2821 1615
leaf_count=692 1077 88 440 107 2821 1615
internal_value=0.00014755 0.00092924 0.00808632 0.0186074 5.15112e-05 0.00254517
internal_weight=6840 6148 635 195 5513 2692
internal_count=6840 6148 635 195 5513 2692
is_linear=0
shrinkage=0.03


Tree=156
num_leaves=7
num_cat=0
split_feature=1 10 18 1 23 19
split_gain=36.2344 42.5375 45.54 43.0977 33.093 34.8806
threshold=0.91348836564716362 0.005056135532337476 228.15000000000006 1.4152125070424815 9.8499999999999854 275.50500000000017
decision_type=2 2 10 2 8 8
left_child=-1 -2 3 -3 -4 -6
right_child=1 2 4 -5 5 -7
leaf_value=-0.00563511232530903 8.5111428545499575e-05 0 -0.018102899778972972 0.034451808976856145 -0.0050961448944009903 0.01150726650376894
leaf_weight=828 5390 44 35 79 142 322
leaf_count=828 5390 44 35 79 142 322
internal_value=0.000145951 0.000983056 0.00828558 0.0234622 0.00349567 0.00611552
internal_weight=6840 6012 622 123 499 464
internal_count=6840 6012 622 123 499 464
is_linear=0
shrinkage=0.03


Tree=157
num_leaves=7
num_cat=0
split_feature=8 13 4 22 24 22
split_gain=35.5997 63.8837 95.1932 71.4677 49.5567 44.648
threshold=24.394500000000004 0.0079365820836721519 0.1915164115790641 38.200000000000024 7.900000000000035 26.700000000000021
decision_type=2 2 2 10 10 8
left_child=-1 2 3 4 5 -2
right_child=1 -3 -4 -5 -6 -7
leaf_value=-0.0029493829117594674 0.011197260118868181 -0.0019575763734164865 0.029904032201695262 -0.010395024249635195 0.023157328951941884 0.0010129796837963234
leaf_weight=2211 547 2220 113 267 118 1364
leaf_count=2211 547 2220 113 267 118 1364
internal_value=0.000142178 0.00165743 0.00503927 0.00350309 0.00548879 0.00409156
internal_weight=6840 4629 2409 2296 2029 1911
internal_count=6840 4629 2409 2296 2029 1911
is_linear=0
shrinkage=0.03


Tree=158
num_leaves=7
num_cat=0
split_feature=0 11 2 24 6 7
split_gain=34.4944 35.6407 32.228 24.8932 24.1178 36.1933
threshold=1.2723730332504524 0.023116111152882968 0.29957735905295396 -0.99999999999997147 1.6753941161274046 1.0000000180025095e-35
decision_type=2 2 2 10 2 2
left_child=2 3 -1 -2 5 -4
right_child=1 -3 4 -5 -6 -7
leaf_value=0.0061349780626636357 0 0.00098195512779057029 -0.00030121692222013244 0.038999280380085107 0.0107394577056973 -0.0072715005092382377
leaf_weight=622 30 138 5119 36 133 762
leaf_count=622 30 138 5119 36 133 762
internal_value=0.000142283 0.0117345 -0.000225732 0.0270161 -0.000926604 -0.00125136
internal_weight=6840 204 6636 66 6014 5881
internal_count=6840 204 6636 66 6014 5881
is_linear=0
shrinkage=0.03


Tree=159
num_leaves=7
num_cat=0
split_feature=14 16 6 5 18 12
split_gain=34.115 44.3691 79.4783 51.2409 100.405 52.8369
threshold=56.144846009606745 1.0477024586221126 1.816418629583042 0.14523111093199123 321.05000000000007 0.011130594959556159
decision_type=2 2 2 2 8 2
left_child=1 2 3 4 -1 -5
right_child=-2 -3 -4 5 -6 -7
leaf_value=0.015336607675738504 -0.0078050390123998829 -0.00156524019397498 0.034748312927161649 0.011579990364493998 -0.0094973218091763539 -0.0016577009819392994
leaf_weight=569 431 3435 52 296 172 1885
leaf_count=569 431 3435 52 296 172 1885
internal_value=0.000143591 0.000724079 0.00341116 0.00257007 0.00927697 0.000159635
internal_weight=6840 6409 2974 2922 741 2181
internal_count=6840 6409 2974 2922 741 2181
is_linear=0
shrinkage=0.03


Tree=160
num_leaves=7
num_cat=0
split_feature=8 13 22 6 19 8
split_gain=32.9096 58.5744 85.8813 75.0077 55.1803 78.2785
threshold=24.394500000000004 0.0079365820836721519 38.200000000000024 1.4599989954695902 215.44166666666669 467.50860000000006
decision_type=2 2 10 2 8 2
left_child=-1 2 3 4 5 -2
right_child=1 -3 -4 -5 -6 -7
leaf_value=-0.0028298992456610304 0.0030020513820546591 -0.0018602449444989101 -0.010400780472247038 0.029078191129448719 0.0025778027494414752 0.029527558646652668
leaf_weight=2211 255 2220 269 113 1603 169
leaf_count=2211 255 2220 269 113 1603 169
internal_value=0.000141569 0.0015992 0.00483805 0.0069016 0.00532 0.0147664
internal_weight=6840 4629 2409 2140 2027 424
internal_count=6840 4629 2409 2140 2027 424
is_linear=0
shrinkage=0.03


Tree=161
num_leaves=7
num_cat=0
split_feature=0 11 2 19 11 21
split_gain=32.6395 33.0189 29.8014 34.0695 50.5188 34.4735
threshold=1.2723730332504524 0.023116111152882968 0.29957735905295396 150.31666666666749 0.024788927380572149 282.66646593465663
decision_type=2 2 2 10 2 8
left_child=2 -2 -1 4 -4 -5
right_child=1 -3 3 5 -6 -7
leaf_value=0.0058996551870433697 0.026138904914259908 0.0010107392071498722 0.031694996204227208 -0.010581211008050519 0 -0.00073725257251033393
leaf_weight=622 66 138 50 325 150 5489
leaf_count=622 66 138 50 325 150 5489
internal_value=0.000141616 0.011418 -0.000215768 -0.000890576 0.0106287 -0.00134762
internal_weight=6840 204 6636 6014 200 5814
internal_count=6840 204 6636 6014 200 5814
is_linear=0
shrinkage=0.03


Tree=162
num_leaves=7
num_cat=0
split_feature=1 15 11 0 20 8
split_gain=32.2595 35.1293 43.9125 51.208 46.9384 49.4701
threshold=0.88710722762015137 2.1117043381382383 0.019468567683450278 1.2502232939580304 0.0075899628930456266 207.53325000000004
decision_type=2 2 2 2 2 2
left_child=-1 2 3 -2 -4 -6
right_child=1 -3 4 -5 5 -7
leaf_value=-0.0058769066963438666 0.0060410396972159575 -0.0039296684238645163 -0.0036858705793723092 0.036340970362796154 0.00073748951542774446 0.0096865820286336068
leaf_weight=692 548 1091 1366 41 2376 726
leaf_count=692 548 1091 1366 41 2376 726
internal_value=0.00014322 0.000862005 0.00193672 0.00952071 0.000865552 0.00292864
internal_weight=6840 6148 5057 589 4468 3102
internal_count=6840 6148 5057 589 4468 3102
is_linear=0
shrinkage=0.03


Tree=163
num_leaves=7
num_cat=0
split_feature=1 15 15 11 0 21
split_gain=30.4771 33.5047 43.1099 34.0662 53.1239 35.3549
threshold=0.87960289250993029 2.1117043381382383 2.0335194444688542 0.019955804785169399 1.2502232939580304 293.64516951811942
decision_type=2 2 2 2 2 10
left_child=-1 2 3 4 5 -2
right_child=1 -3 -4 -5 -6 -7
leaf_value=-0.0058359439794080804 0.0080489219530084869 -0.0038232553905470212 0.021305578633704605 0.00046912243483388915 0.036172450047574543 -0.010849025457595977
leaf_weight=665 489 1103 82 4380 37 84
leaf_count=665 489 1103 82 4380 37 84
internal_value=0.000142362 0.000827155 0.00187897 0.00144602 0.00798481 0.00475312
internal_weight=6840 6175 5072 4990 610 573
internal_count=6840 6175 5072 4990 610 573
is_linear=0
shrinkage=0.03


Tree=164
num_leaves=7
num_cat=0
split_feature=8 5 19 21 16 9
split_gain=30.2451 36.8747 45.6609 44.8038 46.7261 30.9467
threshold=21.242700000000003 0.1547640528623585 232.72333333333344 286.59819847085805 0.95452082597138055 2832.0000000000005
decision_type=2 2 10 10 2 2
left_child=5 2 -2 -4 -5 -1
right_child=1 -3 3 4 -6 -7
leaf_value=-0.0039327213840982681 0.019614658608803275 0.00011325569250409581 -0.013601484824903309 0.013015741429561894 -0.0024482639822141303 0.010689521273187197
leaf_weight=1888 181 3901 100 366 288 116
leaf_count=1888 181 3901 100 366 288 116
internal_value=0.00014207 0.00144655 0.00673338 0.00302046 0.00611278 -0.00291495
internal_weight=6840 4836 935 754 654 2004
internal_count=6840 4836 935 754 654 2004
is_linear=0
shrinkage=0.03


Tree=165
num_leaves=7
num_cat=0
split_feature=8 15 22 2 12 8
split_gain=28.7195 80.7838 103.097 69.1234 51.6662 57.1332
threshold=26.538750000000004 0.54210171007786123 38.000000000000036 0.39402909603265163 0.033372345042563027 1652.6740500000003
decision_type=2 2 10 2 2 2
left_child=-1 2 3 4 5 -2
right_child=1 -3 -4 -5 -6 -7
leaf_value=-0.0024280594103271947 0.015114701422413751 -0.0017125838771073207 -0.010275548556313404 0.0056359943663058451 0 0.049002275197470392
leaf_weight=2448 203 2606 256 1175 84 68
leaf_count=2448 203 2606 256 1175 84 68
internal_value=0.000139859 0.00160967 0.00650561 0.00950657 0.0209338 0.0269168
internal_weight=6840 4392 1786 1530 355 271
internal_count=6840 4392 1786 1530 355 271
is_linear=0
shrinkage=0.03


Tree=166
num_leaves=7
num_cat=0
split_feature=0 1 24 2 8 8
split_gain=29.1263 34.7554 31.9634 26.3732 27.1127 22.5299
threshold=1.2723730332504524 4.5773809523809534 -2.4999999999999711 0.29957735905295396 1652.6740500000003 15.010200000000001
decision_type=2 2 10 2 2 2
left_child=3 2 -2 4 -1 -5
right_child=1 -3 -4 5 -6 -7
leaf_value=0.0026793241464266818 0 -0.0047319981894072358 0.028459607513191609 -0.0045404836989882133 0.021344227921217679 4.337299610068897e-05
leaf_weight=554 55 65 84 1166 68 4848
leaf_count=554 55 65 84 1166 68 4848
internal_value=0.000139923 0.0107925 0.0186776 -0.000196462 0.00555487 -0.000832594
internal_weight=6840 204 139 6636 622 6014
internal_count=6840 204 139 6636 622 6014
is_linear=0
shrinkage=0.03


Tree=167
num_leaves=7
num_cat=0
split_feature=14 15 22 21 8 5
split_gain=30.8514 43.5812 86.0262 54.4811 69.5019 45.8754
threshold=56.144846009606745 0.54210171007786123 26.700000000000021 280.38297240929393 41.480100000000007 0.36700591490434042
decision_type=2 2 8 8 2 2
left_child=1 2 3 -1 -5 -6
right_child=-2 -3 -4 4 5 -7
leaf_value=-0.0078710744322575254 -0.0074171373305197989 -0.0015015660251564021 0.00055795409300316771 0.0034634877918390456 0.034182459365681934 0.007116580233799622
leaf_weight=77 431 3540 2231 253 192 116
leaf_count=77 431 3540 2231 253 192 116
internal_value=0.000140208 0.000693258 0.00344497 0.0129887 0.0162824 0.0255016
internal_weight=6840 6409 2869 638 561 308
internal_count=6840 6409 2869 638 561 308
is_linear=0
shrinkage=0.03


Tree=168
num_leaves=7
num_cat=0
split_feature=1 15 8 2 22 8
split_gain=27.6273 29.9453 22.1195 65.8018 53.7942 91.7699
threshold=0.87960289250993029 2.9490770638425214 207.53325000000004 0.52883139093949649 38.000000000000036 1652.6740500000003
decision_type=2 2 2 2 10 2
left_child=-1 2 -2 4 5 -4
right_child=1 -3 3 -5 -6 -7
leaf_value=-0.0055520472139584066 0.00040030282756724477 -0.0048445451369748885 0.0075511060403541551 -0.00011891093845572528 -0.0070783514253795147 0.038567805538948313
leaf_weight=665 4054 716 334 878 80 113
leaf_count=665 4054 716 334 878 80 113
internal_value=0.000138497 0.000791484 0.00157307 0.00479859 0.0129703 0.0170291
internal_weight=6840 6175 5459 1405 527 447
internal_count=6840 6175 5459 1405 527 447
is_linear=0
shrinkage=0.03


Tree=169
num_leaves=7
num_cat=0
split_feature=21 22 22 15 23 11
split_gain=28.8203 40.2574 38.83 57.2051 46.847 39.9866
threshold=282.66646593465663 16.900000000000038 27.000000000000032 0.17321169278622614 11.826666666666711 0.019468567683450278
decision_type=8 10 10 2 8 2
left_child=1 -1 3 4 -2 -4
right_child=2 -3 5 -5 -6 -7
leaf_value=0.011825329992459731 0.020431153968153964 -0.0097884004335558224 0.0081411693981569451 0 0 -0.0011306866536828098
leaf_weight=69 295 465 437 602 156 4816
leaf_count=69 295 465 437 602 156 4816
internal_value=0.00013556 -0.00639877 0.000731088 0.00593881 0.0137716 -0.000302956
internal_weight=6840 534 6306 1053 451 5253
internal_count=6840 534 6306 1053 451 5253
is_linear=0
shrinkage=0.03


Tree=170
num_leaves=7
num_cat=0
split_feature=0 16 20 1 24 1
split_gain=27.4481 34.2139 25.4792 45.8123 35.7184 25.6348
threshold=1.2723730332504524 0.7418672406877671 0.0092476956614456745 0.91348836564716362 14.700000000000019 1.4666839404473311
decision_type=2 2 2 2 8 2
left_child=2 -2 4 -4 -1 -5
right_child=1 -3 3 5 -6 -7
leaf_value=-0.0013724546284044424 0.032794890475273127 0.0028698368804510105 -0.0068332384858266612 0.0018979909112024932 -0.01862124414722386 0.010145579385737489
leaf_weight=3364 30 174 452 2326 94 400
leaf_count=3364 30 174 452 2326 94 400
internal_value=0.000133794 0.0104754 -0.000192107 0.00171624 -0.00198885 0.00322791
internal_weight=6840 204 6636 3178 3458 2726
internal_count=6840 204 6636 3178 3458 2726
is_linear=0
shrinkage=0.03


Tree=171
num_leaves=7
num_cat=0
split_feature=14 14 15 22 0 18
split_gain=29.7104 39.7407 38.8409 77.8766 59.363 41.5796
threshold=56.144846009606745 57.988932715106976 0.54210171007786123 26.700000000000021 1.1798805924784113 319.9500000000001
decision_type=2 2 2 8 2 10
left_child=2 -2 3 5 -5 -1
right_child=1 -3 -4 4 -6 -7
leaf_value=0.015201063193788885 -0.023302240740093922 -0.0017041582559295045 -0.0013955097009685038 -0.00032289065544657131 0.026436284276499567 -0.0059177546825958409
leaf_weight=562 88 343 3540 2174 57 76
leaf_count=562 88 343 3540 2174 57 76
internal_value=0.000131606 -0.00728437 0.000674766 0.00327313 0.000522955 0.012354
internal_weight=6840 431 6409 2869 2231 638
internal_count=6840 431 6409 2869 2231 638
is_linear=0
shrinkage=0.03


Tree=172
num_leaves=7
num_cat=0
split_feature=21 19 23 0 15 21
split_gain=27.7515 53.198 32.8707 55.1205 59.8906 38.5153
threshold=282.66646593465663 203.45833333333366 17.419166666666694 1.0265563531775697 0.17321169278622614 290.01942554806743
decision_type=8 10 10 2 2 10
left_child=1 -1 3 -2 -5 -4
right_child=2 -3 5 4 -6 -7
leaf_value=0.00058044817488388419 0.00080474109615507271 -0.018125147401258559 -0.013365263078614825 0.022380402315528646 0.0029405908878517512 -0.00050100477159138257
leaf_weight=342 2693 192 210 227 407 2769
leaf_count=342 2693 192 210 227 407 2769
internal_value=0.000125821 -0.00628594 0.000710645 0.0027687 0.0106018 -0.00154095
internal_weight=6840 534 6306 3327 634 2979
internal_count=6840 534 6306 3327 634 2979
is_linear=0
shrinkage=0.03


Tree=173
num_leaves=7
num_cat=0
split_feature=12 8 15 19 8 20
split_gain=25.9457 23.8472 49.1692 83.9815 53.1445 60.8264
threshold=0.047623304218267402 18.968400000000006 0.54210171007786123 215.44166666666669 599.97555000000011 0.0084177579148204413
decision_type=2 2 2 8 2 2
left_child=1 -1 3 -3 -5 -6
right_child=-2 2 -4 4 5 -7
leaf_value=-0.0022979512568534291 -0.008878154254048554 0.018590156863316554 -0.00094754734876537885 0.0050104926038440443 -0.022789408916569488 0.0016012297737783884
leaf_weight=1871 255 332 2682 1360 127 213
leaf_count=1871 255 332 2682 1360 127 213
internal_value=0.000121584 0.000518631 0.00167321 0.00518093 0.00228926 -0.00785266
internal_weight=6840 6585 4714 2032 1700 340
internal_count=6840 6585 4714 2032 1700 340
is_linear=0
shrinkage=0.03


Tree=174
num_leaves=7
num_cat=0
split_feature=21 19 18 23 0 15
split_gain=26.726 50.0173 39.2463 29.9587 51.79 55.3262
threshold=282.66646593465663 203.45833333333366 161.95000000000005 17.419166666666694 1.0265563531775697 0.17321169278622614
decision_type=8 10 10 10 2 2
left_child=1 2 -1 4 -2 -6
right_child=3 -3 -4 -5 5 -7
leaf_value=-0.0073453856103976884 0.00075034502212401337 -0.017653273542022844 0.012075939052593633 -0.0014578629481531479 0.021575124034363971 0.0028646510349372859
leaf_weight=201 2693 192 141 2979 227 407
leaf_count=201 2693 192 141 2979 227 407
internal_value=0.000115775 -0.00617617 0.000472088 0.000690139 0.0026555 0.0102481
internal_weight=6840 534 342 6306 3327 634
internal_count=6840 534 342 6306 3327 634
is_linear=0
shrinkage=0.03


Tree=175
num_leaves=7
num_cat=0
split_feature=10 9 9 11 17 3
split_gain=25.3902 36.0221 46.1261 60.8927 31.5862 28.1736
threshold=0.005056135532337476 1469.5000000000002 907.00000000000011 0.047729610201947922 1.0000000180025095e-35 0.079297809377651754
decision_type=2 2 2 2 2 2
left_child=5 2 -2 4 -4 -1
right_child=1 -3 3 -5 -6 -7
leaf_value=-0.0053453650222785891 -0.0037868790395557883 -2.6555556084360063e-05 0.038253159847768857 -0.0080537297473730219 0.0065963730709997686 0.00034003477810060301
leaf_weight=895 80 394 96 37 68 5270
leaf_count=895 80 394 96 37 68 5270
internal_value=0.000113248 0.00556705 0.013389 0.020628 0.0280861 -0.000475703
internal_weight=6840 675 281 201 164 6165
internal_count=6840 675 281 201 164 6165
is_linear=0
shrinkage=0.03


Tree=176
num_leaves=7
num_cat=0
split_feature=7 6 3 22 2 3
split_gain=25.4078 61.2318 68.0207 61.9052 38.1862 39.2558
threshold=1.0000000180025095e-35 1.6753941161274046 0.32200396273190862 35.700000000000024 0.2567539526785847 0.079297809377651754
decision_type=2 2 2 8 2 2
left_child=4 3 -3 -2 -1 -6
right_child=1 2 -4 -5 5 -7
leaf_value=0.010823082015087658 -0.012519213056537819 0.031701391808289507 -0.009892369017737811 0.0033873368742212921 -0.0051992487170928617 0.0014541838390549518
leaf_weight=310 593 64 41 313 943 4576
leaf_count=310 593 64 41 313 943 4576
internal_value=0.000110985 -0.00420641 0.0152759 -0.00690745 0.000897276 0.000275601
internal_weight=6840 1011 105 906 5829 5519
internal_count=6840 1011 105 906 5829 5519
is_linear=0
shrinkage=0.03


Tree=177
num_leaves=7
num_cat=0
split_feature=14 9 2 8 19 14
split_gain=27.8528 37.7324 33.01 52.3253 96.3727 44.18
threshold=56.144846009606745 2832.0000000000005 0.47434210526315795 565.2225000000002 279.76000000000096 37.446588971228628
decision_type=2 2 2 2 10 2
left_child=2 -2 3 -1 -5 -4
right_child=1 -3 5 4 -6 -7
leaf_value=0.0018272183384651372 -0.011119368510059914 0.010209608113686187 -0.0017166446454881296 0.033847839829876374 -0.0010140196060536791 0.0082159626577678752
leaf_weight=1628 362 69 4110 118 129 424
leaf_count=1628 362 69 4110 118 129 424
internal_value=0.000109383 -0.00707083 0.000636073 0.00397423 0.0163667 -0.000722849
internal_weight=6840 431 6409 1875 247 4534
internal_count=6840 431 6409 1875 247 4534
is_linear=0
shrinkage=0.03


Tree=178
num_leaves=7
num_cat=0
split_feature=14 14 11 22 14 23
split_gain=26.1746 37.0221 35.0586 63.5624 49.9771 47.5465
threshold=56.144846009606745 57.988932715106976 0.019468567683450278 28.500000000000032 36.037860194726278 17.479166666666689
decision_type=2 2 2 10 2 10
left_child=2 -2 3 4 -1 -5
right_child=1 -3 -4 5 -6 -7
leaf_value=0.0096611593137543219 -0.022299498485194309 -0.0014627420170278834 -0.00011069286282673247 0.025846446358971299 -0.011385436457182679 0
leaf_weight=174 88 343 5756 180 190 109
leaf_count=174 88 343 5756 180 190 109
internal_value=0.000109622 -0.00684994 0.000620832 0.00710355 -0.000954887 0.0171436
internal_weight=6840 431 6409 653 364 289
internal_count=6840 431 6409 653 364 289
is_linear=0
shrinkage=0.03


Tree=179
num_leaves=7
num_cat=0
split_feature=14 9 15 6 0 24
split_gain=24.9262 35.3496 31.74 64.4675 39.1015 45.632
threshold=56.144846009606745 2832.0000000000005 0.54210171007786123 1.6753941161274046 1.1044757649989823 -1.1999999999999884
decision_type=2 2 2 2 2 8
left_child=2 -2 3 4 5 -1
right_child=1 -3 -4 -5 -6 -7
leaf_value=0.00648475552278525 -0.010617665002227356 0.010006169581555584 -0.0012643388835497441 0.031168357217684389 0.013969114748044655 -0.0017708678343478822
leaf_weight=895 362 69 3540 52 214 1708
leaf_count=895 362 69 3540 52 214 1708
internal_value=0.000104948 -0.00668603 0.000604346 0.00295479 0.00216506 0.00103831
internal_weight=6840 431 6409 2869 2817 2603
internal_count=6840 431 6409 2869 2817 2603
is_linear=0
shrinkage=0.03


Tree=180
num_leaves=7
num_cat=0
split_feature=0 16 2 19 19 0
split_gain=24.4958 30.7794 22.4427 27.8896 41.6195 29.2095
threshold=1.2723730332504524 0.7418672406877671 0.29957735905295396 150.31666666666749 112.37166666666597 0.84839875861568792
decision_type=2 2 2 10 8 2
left_child=2 -2 -1 4 -4 -6
right_child=1 -3 3 -5 5 -7
leaf_value=0.0051017804509551025 0.031053679405152801 0.0026284338386978992 -0.0095546627196837468 -0.0012047867200920893 0 0.026214437506005033
leaf_weight=622 30 174 51 5814 56 93
leaf_count=622 30 174 51 5814 56 93
internal_value=0.000105995 0.00987768 -0.000200642 -0.000788998 0.00962687 0.0174337
internal_weight=6840 204 6636 6014 200 149
internal_count=6840 204 6636 6014 200 149
is_linear=0
shrinkage=0.03


Tree=181
num_leaves=7
num_cat=0
split_feature=21 2 14 21 7 0
split_gain=26.4234 25.9299 33.9203 28.6187 28.1547 26.0652
threshold=282.66646593465663 0.29957735905295396 17.982045981909494 297.21369272849387 1.0000000180025095e-35 1.2723730332504524
decision_type=8 2 2 10 2 2
left_child=-1 2 3 -2 -4 -3
right_child=1 5 4 -5 -6 -7
leaf_value=-0.0061481665099589805 0.016452192127554104 -0.00032202142179087932 0.0037762879753634043 -0.0052737169045095258 -0.017703993407388527 0.010644624770969374
leaf_weight=534 277 5552 198 45 52 182
leaf_count=534 277 5552 198 45 52 182
internal_value=0.000108146 0.000679413 0.00665887 0.0128465 -0.00111651 3.57857e-05
internal_weight=6840 6306 572 322 250 5734
internal_count=6840 6306 572 322 250 5734
is_linear=0
shrinkage=0.03


Tree=182
num_leaves=7
num_cat=0
split_feature=14 14 16 2 8 22
split_gain=23.4154 35.1234 38.8039 29.4234 48.5555 92.0898
threshold=56.144846009606745 57.988932715106976 0.42483146227410934 0.47434210526315795 565.2225000000002 31.700000000000021
decision_type=2 2 2 2 2 10
left_child=3 -2 -3 4 -1 -6
right_child=1 2 -4 -5 5 -7
leaf_value=0.0016706734707771017 -0.021512335285086819 -0.015368636732796072 0.0049708001907879055 -0.00069307387132178902 0.032777684030791177 -0.0012589754455491601
leaf_weight=1628 88 103 240 4534 118 129
leaf_count=1628 88 103 240 4534 118 129
internal_value=0.000103714 -0.00647731 -0.00123398 0.000588388 0.0037409 0.0156769
internal_weight=6840 431 343 6409 1875 247
internal_count=6840 431 343 6409 1875 247
is_linear=0
shrinkage=0.03


Tree=183
num_leaves=7
num_cat=0
split_feature=21 19 18 0 1 19
split_gain=25.2723 45.1467 33.7838 26.7084 32.2579 25.4164
threshold=282.83402793362717 203.45833333333366 161.95000000000005 1.2723730332504524 4.5773809523809534 150.31666666666749
decision_type=8 10 10 2 2 10
left_child=1 2 -1 5 -5 -2
right_child=3 -3 -4 4 -6 -7
leaf_value=-0.0066496680918799967 0.016991568257842489 -0.01640379992450277 0.01106276796046983 0.019603454607088081 -0.0038982958048582074 4.3125188152353335e-05
leaf_weight=212 61 205 145 121 60 6036
leaf_count=212 61 205 145 121 60 6036
internal_value=9.93419e-05 -0.00585605 0.000351814 0.000673183 0.0114538 0.000292216
internal_weight=6840 562 357 6278 181 6097
internal_count=6840 562 357 6278 181 6097
is_linear=0
shrinkage=0.03


Tree=184
num_leaves=7
num_cat=0
split_feature=7 6 3 0 2 3
split_gain=24.0798 55.4255 63.6154 52.5324 32.551 35.8547
threshold=1.0000000180025095e-35 1.6753941161274046 0.32200396273190862 0.93562139328216709 0.2567539526785847 0.079297809377651754
decision_type=2 2 2 2 2 2
left_child=4 3 -3 -2 -1 -6
right_child=1 2 -4 -5 5 -7
leaf_value=0.010031127985349898 -0.0017431522069759576 0.030347618263747014 -0.0097978328388245387 -0.017802512631840246 -0.0049423657792890176 0.001415233129272833
leaf_weight=310 653 64 41 253 943 4576
leaf_count=310 653 64 41 253 943 4576
internal_value=9.81764e-05 -0.00410446 0.0144123 -0.00667735 0.000864282 0.000287942
internal_weight=6840 1011 105 906 5829 5519
internal_count=6840 1011 105 906 5829 5519
is_linear=0
shrinkage=0.03


Tree=185
num_leaves=7
num_cat=0
split_feature=21 19 18 23 0 24
split_gain=24.0626 43.3108 35.1278 25.1742 42.8548 42.3878
threshold=282.66646593465663 203.45833333333366 161.95000000000005 17.419166666666694 1.0265563531775697 -1.6999999999999884
decision_type=8 10 10 10 2 10
left_child=1 2 -1 4 -2 -6
right_child=3 -3 -4 -5 5 -7
leaf_value=-0.0070827047531682643 0.00070474221440800389 -0.016550412306711428 0.0113001192697817 -0.0013254979482588969 6.2103975232284846e-05 0.016031864141616115
leaf_weight=201 2693 192 141 2979 283 351
leaf_count=201 2693 192 141 2979 283 351
internal_value=9.45759e-05 -0.00587481 0.000287407 0.000640758 0.00244356 0.00935266
internal_weight=6840 534 342 6306 3327 634
internal_count=6840 534 342 6306 3327 634
is_linear=0
shrinkage=0.03


Tree=186
num_leaves=7
num_cat=0
split_feature=10 7 23 10 18 17
split_gain=23.3978 48.2239 39.2357 33.4367 33.1317 34.2173
threshold=0.005056135532337476 1.0000000180025095e-35 20.145833333333385 -0.00684924454549339 228.15000000000006 1.0000000180025095e-35
decision_type=2 2 8 2 10 2
left_child=1 -1 3 -3 5 -2
right_child=4 2 -4 -5 -6 -7
leaf_value=0.00055325678568754737 0.029033655977233293 0 0.00015273870058160315 -0.017485464386766594 0.0014128662711694916 0
leaf_weight=5340 74 142 348 335 537 64
leaf_count=5340 74 142 348 335 537 64
internal_value=9.20133e-05 -0.000472484 -0.00714529 -0.0125633 0.00532881 0.0175099
internal_weight=6840 6165 825 477 675 138
internal_count=6840 6165 825 477 675 138
is_linear=0
shrinkage=0.03


Tree=187
num_leaves=7
num_cat=0
split_feature=12 14 14 6 9 9
split_gain=22.9152 24.4544 35.1735 31.5724 65.3902 84.6617
threshold=0.047623304218267402 56.144846009606745 57.988932715106976 1.0627619686885186 1435.0000000000002 907.00000000000011
decision_type=2 2 2 2 2 2
left_child=1 3 -3 -1 5 -5
right_child=-2 2 -4 4 -6 -7
leaf_value=-0.00010034540536085753 -0.0083655484380877835 -0.021374740420240106 -0.00099354115665989677 0 0.00061585156252983407 0.027836422596357487
leaf_weight=4885 255 87 336 162 917 198
leaf_count=4885 255 87 336 162 917 198
internal_value=9.17635e-05 0.000466317 -0.00629977 0.000973928 0.00513725 0.015621
internal_weight=6840 6585 423 6162 1277 360
internal_count=6840 6585 423 6162 1277 360
is_linear=0
shrinkage=0.03


Tree=188
num_leaves=7
num_cat=0
split_feature=21 19 8 11 1 15
split_gain=22.8373 39.7794 28.1151 68.5162 24.5093 26.0342
threshold=282.83402793362717 203.45833333333366 467.50860000000006 0.024186181654504809 0.88710722762015137 2.9490770638425214
decision_type=8 10 2 2 2 2
left_child=1 2 -1 -4 -2 -6
right_child=4 -3 3 -5 5 -7
leaf_value=-0.0047071760838682001 -0.0047342271557479767 -0.015472340856927138 0.03642161410743907 -0.0056285840876580005 0.0020467754766857224 -0.0042769804162664645
leaf_weight=255 653 205 39 63 4993 632
leaf_count=255 653 205 39 63 4993 632
internal_value=8.62554e-05 -0.00557396 0.000231378 0.0125549 0.000632861 0.00129706
internal_weight=6840 562 357 102 6278 5625
internal_count=6840 562 357 102 6278 5625
is_linear=0
shrinkage=0.03


Tree=189
num_leaves=7
num_cat=0
split_feature=21 22 22 14 15 14
split_gain=21.4502 31.4528 30.4535 68.3776 38.5329 36.7664
threshold=282.83402793362717 16.900000000000038 27.000000000000032 24.148985069510093 0.18607626633520294 25.712664396090446
decision_type=8 10 10 2 2 2
left_child=1 -1 3 4 -2 -4
right_child=2 -3 5 -5 -6 -7
leaf_value=0.010579140086347857 0.02022946091675026 -0.0082948835818075391 -0.0015986288357499397 -0.0022012768667017185 0.0029129296580821958 0.0045643968394004494
leaf_weight=70 275 492 4171 515 241 1076
leaf_count=70 275 492 4171 515 241 1076
internal_value=8.1363e-05 -0.00540354 0.000611783 0.00528095 0.012832 -0.000293768
internal_weight=6840 562 6278 1031 516 5247
internal_count=6840 562 6278 1031 516 5247
is_linear=0
shrinkage=0.03


Tree=190
num_leaves=7
num_cat=0
split_feature=7 10 14 24 21 5
split_gain=21.6589 84.763 61.9683 37.7531 33.285 25.1452
threshold=1.0000000180025095e-35 0.007229198993200665 1.4444746910769481 6.400000000000035 291.51290755082289 0.10284670296320107
decision_type=2 2 2 8 10 2
left_child=-1 2 5 -4 -3 -2
right_child=1 4 3 -5 -6 -7
leaf_value=0.00080898028623728609 0.020836997141732889 0.035757670573523789 -0.018312523261191187 0.0017738378712169403 0 -0.0012720801873054976
leaf_weight=5829 31 41 377 86 46 430
leaf_count=5829 31 41 377 86 46 430
internal_value=8.12129e-05 -0.00390359 -0.00682393 -0.0143521 0.0211887 0.000707382
internal_weight=6840 1011 924 463 87 461
internal_count=6840 1011 924 463 87 461
is_linear=0
shrinkage=0.03


Tree=191
num_leaves=7
num_cat=0
split_feature=12 8 15 19 8 1
split_gain=21.0073 19.1533 54.8936 71.1104 59.5219 49.167
threshold=0.047623304218267402 26.538750000000004 0.54210171007786123 214.20666666666656 599.97555000000011 1.164525359273948
decision_type=2 2 2 8 2 2
left_child=1 -1 3 -3 -5 -6
right_child=-2 2 -4 4 5 -7
leaf_value=-0.0016811681620774257 -0.0080133732391521328 0.018336318202508091 -0.0011760332990101163 0.0061076615343903136 0.0087272832985036079 -0.014613451016859874
leaf_weight=2361 255 311 2462 1109 92 250
leaf_count=2361 255 311 2462 1109 92 250
internal_value=8.32714e-05 0.000442834 0.00166771 0.00569399 0.00266987 -0.00778502
internal_weight=6840 6585 4224 1762 1451 342
internal_count=6840 6585 4224 1762 1451 342
is_linear=0
shrinkage=0.03


Tree=192
num_leaves=7
num_cat=0
split_feature=14 16 5 14 6 15
split_gain=21.4001 32.7886 29.9452 26.2251 67.4839 29.3522
threshold=56.144846009606745 0.78266686851158951 0.1547640528623585 37.446588971228628 1.4007959753404797 0.46191536783613124
decision_type=2 2 2 2 2 2
left_child=3 2 -2 5 -5 -1
right_child=1 -3 -4 4 -6 -7
leaf_value=0.0023690820897900285 -0.02094553267718716 0.0026977667534760761 0 0.0016824939587010612 0.027450312160653991 -0.001968071375538017
leaf_weight=2408 145 182 104 609 92 3300
leaf_count=2408 145 182 104 609 92 3300
internal_value=8.01336e-05 -0.00621096 -0.0129966 0.000544542 0.00593998 -0.000110312
internal_weight=6840 431 249 6409 701 5708
internal_count=6840 431 249 6409 701 5708
is_linear=0
shrinkage=0.03


Tree=193
num_leaves=7
num_cat=0
split_feature=0 20 12 15 9 23
split_gain=20.2839 26.4299 55.518 43.0521 40.2639 23.9487
threshold=1.2723730332504524 0.0092476956614456745 0.019029298680714544 0.11636840050524551 1128.5000000000002 28.365833333333345
decision_type=2 2 2 2 2 8
left_child=1 5 3 4 -3 -1
right_child=-2 2 -4 -5 -6 -7
leaf_value=-0.0015448898473638965 0.0089736819804446515 0.04771362460719851 0 0.0049945392521659783 0.0076384250914240826 -0.016822831115343287
leaf_weight=3380 204 32 2663 405 78 78
leaf_count=3380 204 32 2663 405 78 78
internal_value=7.91975e-05 -0.000197838 0.00174623 0.0105651 0.0259975 -0.00202739
internal_weight=6840 6636 3178 515 110 3458
internal_count=6840 6636 3178 515 110 3458
is_linear=0
shrinkage=0.03


Tree=194
num_leaves=7
num_cat=0
split_feature=10 7 22 16 9 9
split_gain=20.6268 42.9751 46.6778 37.304 49.403 35.0895
threshold=0.005056135532337476 1.0000000180025095e-35 35.10000000000003 1.9507382643056663 1519.0000000000002 907.00000000000011
decision_type=2 2 10 2 2 2
left_child=1 -1 -3 4 5 -2
right_child=3 2 -4 -5 -6 -7
leaf_value=0.00051983005757949227 0 -0.012822117291396453 0.0010402857971983769 -0.0039401929449391507 0 0.026819815841920083
leaf_weight=5340 68 467 358 237 219 151
leaf_count=5340 68 467 358 237 219 151
internal_value=8.16371e-05 -0.000447026 -0.00674691 0.00499983 0.0101256 0.0195579
internal_weight=6840 6165 825 675 438 219
internal_count=6840 6165 825 675 438 219
is_linear=0
shrinkage=0.03


Tree=195
num_leaves=7
num_cat=0
split_feature=14 16 5 2 14 6
split_gain=20.5076 31.202 28.3284 26.5085 35.3483 61.3051
threshold=56.144846009606745 0.78266686851158951 0.1547640528623585 0.47434210526315795 37.446588971228628 1.2030073338077449
decision_type=2 2 2 2 2 2
left_child=3 2 -2 -1 -5 -6
right_child=1 -3 -4 4 5 -7
leaf_value=0.0035288697323801197 -0.02043035865829072 0.0025986412217342617 0 -0.0015713588600761313 0 0.023570870957927592
leaf_weight=1875 145 182 104 4110 302 122
leaf_count=1875 145 182 104 4110 302 122
internal_value=8.04285e-05 -0.00607742 -0.0126983 0.000535489 -0.000679524 0.00730892
internal_weight=6840 431 249 6409 4534 424
internal_count=6840 431 249 6409 4534 424
is_linear=0
shrinkage=0.03


Tree=196
num_leaves=7
num_cat=0
split_feature=12 20 12 8 14 11
split_gain=19.567 23.4225 43.7383 65.7259 29.7584 36.2969
threshold=0.047623304218267402 0.0092476956614456745 0.019029298680714544 1652.6740500000003 55.669639344324075 0.018953767980624581
decision_type=2 2 2 2 2 2
left_child=1 4 3 -3 5 -1
right_child=-2 2 -4 -5 -6 -7
leaf_value=0.0063992102251161061 -0.0077352508422325961 0.0053792102409247304 0.00061226065688626901 0.037066094701318705 -0.01259105990374727 -0.0018972803470915917
leaf_weight=546 255 480 2491 53 176 2839
leaf_count=546 255 480 2491 53 176 2839
internal_value=7.80471e-05 0.000425829 0.00237609 0.0100279 -0.00119247 -0.000485278
internal_weight=6840 6585 3024 533 3561 3385
internal_count=6840 6585 3024 533 3561 3385
is_linear=0
shrinkage=0.03


Tree=197
num_leaves=7
num_cat=0
split_feature=10 16 1 18 3 8
split_gain=19.1244 34.9695 30.2758 38.7193 23.5895 27.1888
threshold=0.005056135532337476 1.9507382643056663 1.470942627200577 319.05000000000007 0.079297809377651754 18.848700000000004
decision_type=2 2 2 8 2 2
left_child=4 2 -2 -4 5 -1
right_child=1 -3 3 -5 -6 -7
leaf_value=-0.0099916625983866546 0.0017402440294236787 -0.0038275904051147773 0.024711041710372163 -0.0033388427696040561 0.00031404120624590532 3.0745088123155845e-05
leaf_weight=444 245 237 151 42 5270 451
leaf_count=444 245 237 151 42 5270 451
internal_value=7.80877e-05 0.00481447 0.0097811 0.0181623 -0.000430133 -0.00488705
internal_weight=6840 675 438 193 6165 895
internal_count=6840 675 438 193 6165 895
is_linear=0
shrinkage=0.03


Tree=198
num_leaves=7
num_cat=0
split_feature=21 22 24 22 8 16
split_gain=20.7913 29.6359 28.8161 28.1053 68.0987 26.6437
threshold=282.83402793362717 16.900000000000038 -6.4999999999999707 27.000000000000032 1652.6740500000003 0.18319125436919845
decision_type=8 10 10 10 2 2
left_child=1 -1 -3 4 5 -2
right_child=3 2 -4 -5 -6 -7
leaf_value=0.010170101450678582 0.010204665881500347 -0.0020604342085349817 -0.017660628653973102 -0.00026970345160171256 0.032086327223555193 -0.00032466482911102415
leaf_weight=70 278 325 167 5247 59 694
leaf_count=70 278 325 167 5247 59 694
internal_value=7.65879e-05 -0.00532316 -0.00813162 0.000599154 0.00508468 0.00268062
internal_weight=6840 562 492 6278 1031 972
internal_count=6840 562 492 6278 1031 972
is_linear=0
shrinkage=0.03


Tree=199
num_leaves=7
num_cat=0
split_feature=10 16 9 1 3 20
split_gain=18.1917 33.1206 46.2914 34.1199 22.3395 30.0314
threshold=0.005056135532337476 1.9507382643056663 1519.0000000000002 1.470942627200577 0.079297809377651754 0.0069743967105340169
decision_type=2 2 2 2 2 2
left_child=4 2 3 -2 -1 -6
right_child=1 -3 -4 -5 5 -7
leaf_value=-0.0047567991605486533 0.0035279866977639142 -0.0037036791332935777 0 0.02907204804584888 -0.002328981697027375 0.002238034029600999
leaf_weight=895 106 237 219 113 2197 3073
leaf_count=895 106 237 219 113 2197 3073
internal_value=7.579e-05 0.00469569 0.00953133 0.0186657 -0.000419335 0.000304137
internal_weight=6840 675 438 219 6165 5270
internal_count=6840 675 438 219 6165 5270
is_linear=0
shrinkage=0.03


Tree=200
num_leaves=7
num_cat=0
split_feature=21 19 18 22 8 21
split_gain=19.6375 35.8064 29.3586 26.9813 65.0163 26.5912
threshold=282.83402793362717 203.45833333333366 161.95000000000005 27.000000000000032 1652.6740500000003 287.88435477659397
decision_type=8 10 10 10 2 10
left_child=1 2 -1 4 5 -2
right_child=3 -3 -4 -5 -6 -7
leaf_value=-0.0061869273777420885 -0.0011715336249622165 -0.014569407665729523 0.010321781998043827 -0.00026776284945216036 0.031366506016377027 0.0086287466472070393
leaf_weight=212 590 205 145 5247 59 382
leaf_count=212 590 205 145 5247 59 382
internal_value=7.45449e-05 -0.00517249 0.000312273 0.000583005 0.00497819 0.00262512
internal_weight=6840 562 357 6278 1031 972
internal_count=6840 562 357 6278 1031 972
is_linear=0
shrinkage=0.03


Tree=201
num_leaves=7
num_cat=0
split_feature=21 8 11 22 8 24
split_gain=18.602 31.5895 35.6275 24.9009 56.4641 25.2808
threshold=282.66646593465663 467.50860000000006 0.024186181654504809 27.000000000000032 1652.6740500000003 -2.3999999999999768
decision_type=8 2 2 10 2 8
left_child=1 -1 -3 4 5 -2
right_child=3 2 -4 -5 -6 -7
leaf_value=-0.0091596549047992144 -0.001320168047293555 0.023176193213542265 -0.0050216842705644868 -0.00026639735631166429 0.02855469064920076 0.008082917295681261
leaf_weight=415 580 48 71 5253 64 409
leaf_count=415 580 48 71 5253 64 409
internal_value=7.34562e-05 -0.00517228 0.00697128 0.000556331 0.00472886 0.00250294
internal_weight=6840 534 119 6306 1053 989
internal_count=6840 534 119 6306 1053 989
is_linear=0
shrinkage=0.03


Tree=202
num_leaves=7
num_cat=0
split_feature=7 9 3 22 20 14
split_gain=19.609 44.3886 32.9075 31.1998 22.2873 29.1435
threshold=1.0000000180025095e-35 1474.0000000000002 0.047558862988060197 36.800000000000018 0.0096181328137069817 56.144846009606745
decision_type=2 2 2 10 2 2
left_child=4 2 3 -2 5 -1
right_child=1 -3 -4 -5 -6 -7
leaf_value=-0.00015707738972889706 0.029197839552562842 -0.0096326584970395004 -0.00091847867286768239 -0.0017394077233397042 0.002777930414015035 -0.012750422358197176
leaf_weight=2986 51 528 400 32 2686 157
leaf_count=2986 51 528 400 32 2686 157
internal_value=7.3793e-05 -0.00371664 0.0025782 0.0177922 0.000767324 -0.000910212
internal_weight=6840 1011 483 83 5829 3143
internal_count=6840 1011 483 83 5829 3143
is_linear=0
shrinkage=0.03


Tree=203
num_leaves=7
num_cat=0
split_feature=7 10 14 2 1 2
split_gain=18.3822 73.4073 55.912 29.3852 29.4875 40.155
threshold=1.0000000180025095e-35 0.007229198993200665 1.4444746910769481 0.2567539526785847 2.0630124334848041 0.65729320693396109
decision_type=2 2 2 2 2 2
left_child=3 2 -2 -1 -5 -6
right_child=1 -3 -4 4 5 -7
leaf_value=0.0094480556097114449 0.00080976051403056602 0.019727932724788368 -0.013481664377212616 -0.00036490595148263899 0.021460989080861005 0.00025694669282303015
leaf_weight=310 461 87 463 5167 115 237
leaf_count=310 461 87 463 5167 115 237
internal_value=6.95481e-05 -0.00359967 -0.00632643 0.000741727 0.000193266 0.008369
internal_weight=6840 1011 924 5829 5519 352
internal_count=6840 1011 924 5829 5519 352
is_linear=0
shrinkage=0.03


Tree=204
num_leaves=7
num_cat=0
split_feature=0 16 20 12 14 12
split_gain=19.1241 26.7068 22.7034 49.1878 46.6204 21.85
threshold=1.2723730332504524 0.7418672406877671 0.0092476956614456745 0.019029298680714544 0.2897988112382342 0.011130594959556159
decision_type=2 2 2 2 2 2
left_child=2 -2 5 4 -4 -1
right_child=1 -3 3 -5 -6 -7
leaf_value=0.0030401135151369774 0.028381540424376725 0.0019680997462386321 0.025694409505548802 -7.8916188816814517e-06 0.0041553512104483097 -0.0030286869069714993
leaf_weight=616 30 174 112 2663 403 2842
leaf_count=616 30 174 112 2663 403 2842
internal_value=7.20847e-05 0.00870932 -0.000196272 0.00160357 0.00990537 -0.00189321
internal_weight=6840 204 6636 3178 515 3458
internal_count=6840 204 6636 3178 515 3458
is_linear=0
shrinkage=0.03


Tree=205
num_leaves=7
num_cat=0
split_feature=0 1 20 12 14 9
split_gain=18.4041 24.7945 21.5152 36.9824 46.6086 45.1676
threshold=1.2723730332504524 4.5773809523809534 0.0069743967105340169 0.019029298680714544 0.2897988112382342 1128.5000000000002
decision_type=2 2 2 2 2 2
left_child=2 -2 -1 4 5 -4
right_child=1 -3 3 -5 -6 -7
leaf_value=-0.0025132020208391897 0.015280346621249644 -0.0042882776383091417 0.036057308519999665 -0.00054959354225200992 0.002225203821466893 0.0062711428966553458
leaf_weight=2333 139 65 63 3202 872 166
leaf_count=2333 139 65 63 3202 872 166
internal_value=7.64997e-05 0.00854943 -0.000186341 0.00104633 0.0057485 0.017306
internal_weight=6840 204 6636 4303 1101 229
internal_count=6840 204 6636 4303 1101 229
is_linear=0
shrinkage=0.03


Tree=206
num_leaves=7
num_cat=0
split_feature=7 10 0 16 2 3
split_gain=17.4709 69.5505 64.8698 28.408 27.4882 30.7989
threshold=1.0000000180025095e-35 0.007229198993200665 0.93242172269306012 0.56489591489708557 0.2567539526785847 0.079297809377651754
decision_type=2 2 2 2 2 2
left_child=4 2 -2 -4 -1 -6
right_child=1 -3 3 -5 5 -7
leaf_value=0.0091563552381809452 -0.00067038859737529285 0.01920017237174455 -0.0028892356461127761 -0.025161415606321277 -0.0046433512419032444 0.0012502717940051607
leaf_weight=310 655 87 102 167 943 4576
leaf_count=310 655 87 102 167 943 4576
internal_value=7.8795e-05 -0.00349735 -0.00615486 -0.0180196 0.000734536 0.000203051
internal_weight=6840 1011 924 269 5829 5519
internal_count=6840 1011 924 269 5829 5519
is_linear=0
shrinkage=0.03


Tree=207
num_leaves=7
num_cat=0
split_feature=14 16 15 11 15 5
split_gain=18.2039 30.1102 27.3498 23.098 62.6741 42.5193
threshold=56.144846009606745 0.78266686851158951 0.17321169278622614 0.019468567683450278 0.79906939789846632 0.35873121352229304
decision_type=2 2 2 2 2 2
left_child=3 2 -2 4 5 -1
right_child=1 -3 -4 -5 -6 -7
leaf_value=0.019797319144598747 -0.00059818650037050242 0.002778811382364924 -0.021227294600685127 -8.4176787153828476e-05 -0.0039717806858187979 -0.0018558319386267886
leaf_weight=265 125 182 124 5756 295 93
leaf_count=265 125 182 124 5756 295 93
internal_value=7.47906e-05 -0.00572538 -0.0122434 0.000504777 0.00576733 0.0139749
internal_weight=6840 431 249 6409 653 358
internal_count=6840 431 249 6409 653 358
is_linear=0
shrinkage=0.03


Tree=208
num_leaves=7
num_cat=0
split_feature=21 8 11 1 18 18
split_gain=18.1588 84.8068 49.1977 52.678 50.317 38.1995
threshold=286.4215225630237 467.50860000000006 0.032930148913952288 1.7728189361141105 223.95000000000002 319.9500000000001
decision_type=8 2 2 2 10 10
left_child=1 5 3 4 -3 -1
right_child=-2 2 -4 -5 -6 -7
leaf_value=-0.0047811188981382279 0.00082667939766384009 0.041473819647668574 -0.0036041812959863523 -0.0044319307750889233 0.00062438440387663642 -0.023108376198797485
leaf_weight=871 5582 78 109 43 49 108
leaf_count=871 5582 78 109 43 49 108
internal_value=6.94715e-05 -0.0031334 0.010747 0.020149 0.0289627 -0.00737522
internal_weight=6840 1258 279 170 127 979
internal_count=6840 1258 279 170 127 979
is_linear=0
shrinkage=0.03


Tree=209
num_leaves=7
num_cat=0
split_feature=14 14 16 6 16 19
split_gain=17.1642 28.6899 33.767 22.7898 45.0307 34.5098
threshold=56.144846009606745 57.988932715106976 0.42483146227410934 1.0627619686885186 0.48731026405888644 268.09000000000015
decision_type=2 2 2 2 2 10
left_child=3 -2 -3 -1 5 -5
right_child=1 2 -4 4 -6 -7
leaf_value=-0.00040478152400204835 -0.019136737979845039 -0.014048742780393761 0.0049422271026907348 0.0010134807030446437 -0.00094714664606746466 0.015992349600004327
leaf_weight=5086 88 103 240 267 717 339
leaf_count=5086 88 103 240 267 717 339
internal_value=6.66876e-05 -0.00556493 -0.000807207 0.000484875 0.00397176 0.00987559
internal_weight=6840 431 343 6409 1323 606
internal_count=6840 431 343 6409 1323 606
is_linear=0
shrinkage=0.03


Tree=210
num_leaves=7
num_cat=0
split_feature=7 10 14 24 2 1
split_gain=16.8148 65.8493 51.2121 34.8863 26.3914 27.9409
threshold=1.0000000180025095e-35 0.007229198993200665 1.4444746910769481 6.400000000000035 0.33223713433573138 2.0630124334848041
decision_type=2 2 2 8 2 2
left_child=4 2 -2 -4 -1 -6
right_child=1 -3 3 -5 5 -7
leaf_value=0.0063043318831968367 0.0007825142914581058 0.018629603733822143 -0.016714640376897016 0.0024816551966206084 -0.00062739405486825065 0.0079038814790246461
leaf_weight=651 461 87 377 86 4826 352
leaf_count=651 461 87 377 86 4826 352
internal_value=6.22739e-05 -0.00344607 -0.00603418 -0.0128833 0.000706121 0
internal_weight=6840 1011 924 463 5829 5178
internal_count=6840 1011 924 463 5829 5178
is_linear=0
shrinkage=0.03


Tree=211
num_leaves=7
num_cat=0
split_feature=1 20 16 19 1 5
split_gain=16.2724 25.8804 27.7121 58.324 35.4922 23.4454
threshold=0.87960289250993029 0.0092476956614456745 0.3531559894771617 269.51000000000005 1.7419632292125553 0.054871956375302532
decision_type=2 2 2 10 2 2
left_child=-1 2 3 -2 -5 -4
right_child=1 -3 5 4 -6 -7
leaf_value=-0.0042993225050621912 -0.0030700898404456153 0.0026826249024939678 -0.015837169323139444 0.0036359558182439246 0.024097187846098968 -0.0020504751055330523
leaf_weight=665 483 2838 102 219 129 2404
leaf_count=665 483 2838 102 219 129 2404
internal_value=6.33585e-05 0.000569762 -0.00118775 0.00342564 0.0125257 -0.00279196
internal_weight=6840 6175 3337 831 348 2506
internal_count=6840 6175 3337 831 348 2506
is_linear=0
shrinkage=0.03


Tree=212
num_leaves=7
num_cat=0
split_feature=12 21 8 2 19 0
split_gain=17.7386 17.5452 82.1572 56.663 62.1608 47.857
threshold=0.047623304218267402 286.4215225630237 467.50860000000006 0.67325421649172867 246.23833333333295 1.112488635490493
decision_type=2 8 2 2 10 2
left_child=1 2 -1 4 5 -4
right_child=-2 -3 3 -5 -6 -7
leaf_value=-0.0069728333803396134 -0.0073782605932856144 0.0011578564305874965 0.045170685852567352 -0.0029395728697471151 -0.0037505416630301625 0
leaf_weight=963 255 5350 70 123 44 35
leaf_count=963 255 5350 70 123 44 35
internal_value=6.0597e-05 0.000392841 -0.00276731 0.0110662 0.0224952 0.0335337
internal_weight=6840 6585 1235 272 149 105
internal_count=6840 6585 1235 272 149 105
is_linear=0
shrinkage=0.03


Tree=213
num_leaves=7
num_cat=0
split_feature=0 1 23 22 9 8
split_gain=17.5672 21.7838 18.4966 16.7854 15.9533 26.1985
threshold=1.2723730332504524 4.5773809523809534 12.640000000000045 30.500000000000032 2832.0000000000005 15.010200000000001
decision_type=2 2 10 10 2 2
left_child=4 2 -2 -4 5 -1
right_child=1 -3 3 -5 -6 -7
leaf_value=-0.0042251189903717281 0 -0.0036366326585412024 0.033963505257937038 0.0052790392843239439 0.0095681278600217145 0.00049157325496011631
leaf_weight=1300 39 65 35 65 126 5210
leaf_count=1300 39 65 35 65 126 5210
internal_value=5.95754e-05 0.00833915 0.0146357 0.0205559 -0.000196707 -0.000437401
internal_weight=6840 204 139 100 6636 6510
internal_count=6840 204 139 100 6636 6510
is_linear=0
shrinkage=0.03


Tree=214
num_leaves=7
num_cat=0
split_feature=0 16 20 12 8 1
split_gain=16.8306 24.5478 20.1324 44.0781 53.6812 23.5475
threshold=1.2723730332504524 0.7418672406877671 0.0092476956614456745 0.019029298680714544 1652.6740500000003 0.87960289250993029
decision_type=2 2 2 2 2 2
left_child=2 -2 -1 4 -4 -5
right_child=1 -3 3 5 -6 -7
leaf_value=-0.0017879890466430107 0.027008129650354384 0.001694323228910378 0.0049647169084485257 -0.0069731927553426595 0.033788195914805752 0.0010621932807933915
leaf_weight=3458 30 174 462 362 53 2301
leaf_count=3458 30 174 462 362 53 2301
internal_value=6.1458e-05 0.00816565 -0.000188928 0.00150442 0.00936361 -1.80429e-05
internal_weight=6840 204 6636 3178 515 2663
internal_count=6840 204 6636 3178 515 2663
is_linear=0
shrinkage=0.03


Tree=215
num_leaves=7
num_cat=0
split_feature=12 14 14 16 6 16
split_gain=16.3379 17.9947 28.6592 31.8861 23.7805 37.6574
threshold=0.047623304218267402 56.144846009606745 57.988932715106976 0.42483146227410934 1.0627619686885186 0.48731026405888644
decision_type=2 2 2 2 2 2
left_child=1 4 -3 -4 -1 -6
right_child=-2 2 3 -5 5 -7
leaf_value=-0.00010407749865369996 -0.0070712993703528565 -0.019003612016127488 -0.013757443903953212 0.0049525701578394853 0.0097884240147146969 -0.00023270543812791406
leaf_weight=4885 255 87 99 237 600 677
leaf_count=4885 255 87 99 237 600 677
internal_value=6.61528e-05 0.000385831 -0.00541244 -0.000602037 0.000824349 0.00443842
internal_weight=6840 6585 423 336 6162 1277
internal_count=6840 6585 423 336 6162 1277
is_linear=0
shrinkage=0.03


Tree=216
num_leaves=7
num_cat=0
split_feature=0 16 8 8 16 23
split_gain=16.151 23.4486 14.629 23.7064 36.8826 77.373
threshold=1.2723730332504524 0.7418672406877671 29.602800000000006 38.722500000000004 0.456898335086171 15.880000000000065
decision_type=2 2 2 2 2 10
left_child=2 -2 -1 4 5 -4
right_child=1 -3 3 -5 -6 -7
leaf_value=-0.0020253912607620752 0.026421530914306639 0.0016526279998007086 -0.000776131675493988 0 0.0025662066545249361 0.049862197083234784
leaf_weight=2468 30 174 46 3656 436 30
leaf_count=2468 30 174 46 3656 436 30
internal_value=5.93202e-05 0.0079986 -0.000185509 0.000872594 0.00678962 0.0238738
internal_weight=6840 204 6636 4168 512 76
internal_count=6840 204 6636 4168 512 76
is_linear=0
shrinkage=0.03


Tree=217
num_leaves=7
num_cat=0
split_feature=7 22 11 0 2 22
split_gain=16.1464 38.9852 52.87 60.3316 24.4492 21.5899
threshold=1.0000000180025095e-35 35.700000000000024 0.016302227599505555 0.7841402469094868 0.2567539526785847 38.500000000000036
decision_type=2 8 2 2 2 8
left_child=4 2 -2 -4 -1 -6
right_child=1 -3 3 -5 5 -7
leaf_value=0.0086399157295659681 0.021364320439214889 0.004738721128013039 0.0046269112354010667 -0.014983022205969539 0.0007089329123906678 -0.0069055548716278276
leaf_weight=310 32 324 171 484 5182 337
leaf_count=310 32 324 171 484 5182 337
internal_value=6.51778e-05 -0.0033721 -0.0074353 -0.00965586 0.000696488 0.000193643
internal_weight=6840 1011 687 655 5829 5519
internal_count=6840 1011 687 655 5829 5519
is_linear=0
shrinkage=0.03


Tree=218
num_leaves=7
num_cat=0
split_feature=0 24 19 19 4 22
split_gain=15.7358 24.5884 47.511 13.9646 38.6109 23.6887
threshold=1.2723730332504524 -0.99999999999997147 311.31666666666666 165.11333333333351 -0.025810150858759765 19.400000000000038
decision_type=2 10 10 10 2 10
left_child=3 -2 -3 4 -1 -5
right_child=1 2 -4 5 -6 -7
leaf_value=0 -0.0020393314241970843 0.027510867975652217 -0.0082547298161422498 -0.015988971946360998 0.026179714169798057 -0.00025985610655504391
leaf_weight=248 94 79 31 68 47 6273
leaf_count=248 94 79 31 68 47 6273
internal_value=6.61254e-05 0.00790224 0.0165583 -0.000175252 0.00595499 -0.000501856
internal_weight=6840 204 110 6636 295 6341
internal_count=6840 204 110 6636 295 6341
is_linear=0
shrinkage=0.03


Tree=219
num_leaves=7
num_cat=0
split_feature=21 18 22 18 21 0
split_gain=16.0252 27.6944 24.469 24.3842 22.8681 23.164
threshold=282.83402793362717 305.55000000000007 27.000000000000032 320.25000000000006 286.4215225630237 1.1798805924784113
decision_type=8 10 10 10 10 2
left_child=1 -1 3 -2 -4 -6
right_child=2 -3 4 -5 5 -7
leaf_value=-0.0012089709013558068 0.0064387568479787518 -0.01874756491024579 -0.0086989394657101243 -0.0069365832816858063 -0.0002715791068228876 0.0093057973287459621
leaf_weight=477 917 85 256 114 4773 218
leaf_count=477 917 85 256 114 4773 218
internal_value=6.50808e-05 -0.00467243 0.000526486 0.00471324 -0.000282477 0.000152285
internal_weight=6840 562 6278 1031 5247 4991
internal_count=6840 562 6278 1031 5247 4991
is_linear=0
shrinkage=0.03


Tree=220
num_leaves=7
num_cat=0
split_feature=14 14 2 8 23 24
split_gain=15.4866 25.6491 19.5135 32.2772 82.967 31.9458
threshold=56.144846009606745 57.38240398616427 0.47434210526315795 565.2225000000002 17.155000000000026 8.5000000000000302
decision_type=2 2 2 2 10 10
left_child=2 -2 3 -1 -5 -6
right_child=1 -3 -4 4 5 -7
leaf_value=0.001320990289624179 -0.020643677246279829 -0.0013953306096361154 -0.00058146320591284672 0.029211611071751065 -0.015440879537017791 0.01028702105713796
leaf_weight=1628 62 369 4534 117 71 59
leaf_count=1628 62 369 4534 117 71 59
internal_value=5.87447e-05 -0.0052895 0.000457078 0.0030272 0.0127698 -0.00294964
internal_weight=6840 431 6409 1875 247 130
internal_count=6840 431 6409 1875 247 130
is_linear=0
shrinkage=0.03


Tree=221
num_leaves=7
num_cat=0
split_feature=7 10 14 23 2 1
split_gain=15.2773 60.493 46.4363 28.8153 22.8666 22.8562
threshold=1.0000000180025095e-35 0.007229198993200665 1.4444746910769481 21.425000000000043 0.2567539526785847 1.0425051327050385
decision_type=2 2 2 10 2 2
left_child=4 2 -2 -4 5 -1
right_child=1 -3 3 -5 -6 -7
leaf_value=-0.00056175674562310347 0.00070433039500482385 0.017857600622396986 -0.014809813828489705 0.0064517511933809141 0.00018345504145592025 0.014575128872220108
leaf_weight=125 461 87 419 44 5519 185
leaf_count=125 461 87 419 44 5519 185
internal_value=5.59117e-05 -0.00328715 -0.00577311 -0.0122952 0.000670645 0.00835287
internal_weight=6840 1011 924 463 5829 310
internal_count=6840 1011 924 463 5829 310
is_linear=0
shrinkage=0.03


Tree=222
num_leaves=7
num_cat=0
split_feature=8 14 24 11 19 20
split_gain=15.2197 30.4936 85.9136 46.515 35.557 34.183
threshold=26.538750000000004 23.723918086007213 -1.399999999999977 0.016004421638187955 246.23833333333295 0.0092476956614456745
decision_type=2 2 8 2 10 2
left_child=-1 3 4 -2 -3 -5
right_child=1 2 -4 5 -6 -7
leaf_value=-0.001805853773704394 0.025248548045055941 0.0054355412188913108 0.015539532870181243 -0.0031335978482110415 -0.011091202586908027 0.0027999530019008055
leaf_weight=2448 44 197 420 2008 222 1501
leaf_count=2448 44 197 420 2008 222 1501
internal_value=5.76805e-05 0.00113385 0.00620819 -5.0462e-05 -0.00308555 -0.00055149
internal_weight=6840 4392 839 3553 419 3509
internal_count=6840 4392 839 3553 419 3509
is_linear=0
shrinkage=0.03


Tree=223
num_leaves=7
num_cat=0
split_feature=12 10 9 9 16 23
split_gain=15.3289 22.66 27.6269 51.8262 33.1551 42.9494
threshold=0.047623304218267402 0.005056135532337476 1469.5000000000002 1113.5000000000002 0.3531559894771617 15.880000000000065
decision_type=2 2 2 2 2 10
left_child=1 -1 3 4 5 -3
right_child=-2 2 -4 -5 -6 -7
leaf_value=-0.00018046692209266557 -0.0068541998126247731 -0.0055673932013186539 0 0.032332479688338932 -0.0097511683448160795 0.026613731223820564
leaf_weight=5967 255 46 364 67 78 63
leaf_count=5967 255 46 364 67 78 63
internal_value=5.88357e-05 0.000369193 0.00575074 0.0129518 0.00283032 0.0131123
internal_weight=6840 6585 618 254 187 109
internal_count=6840 6585 618 254 187 109
is_linear=0
shrinkage=0.03


Tree=224
num_leaves=7
num_cat=0
split_feature=21 19 8 11 2 8
split_gain=15.4389 32.0932 24.8753 57.136 17.9281 26.2802
threshold=282.83402793362717 246.23833333333295 467.50860000000006 0.024186181654504809 0.29957735905295396 1652.6740500000003
decision_type=8 10 2 2 2 2
left_child=1 2 -1 -4 5 -2
right_child=4 -3 3 -5 -6 -7
leaf_value=-0.0046088713348933288 0.0025763135377168552 -0.017905800392509264 0.032821719432407519 -0.0054455437644732639 0 0.022041637063599549
leaf_weight=352 514 108 39 63 5706 58
leaf_count=352 514 108 39 63 5706 58
internal_value=5.88288e-05 -0.00459096 -0.00048523 0.0109385 0.000512148 0.00548142
internal_weight=6840 562 454 102 6278 572
internal_count=6840 562 454 102 6278 572
is_linear=0
shrinkage=0.03


Tree=225
num_leaves=7
num_cat=0
split_feature=14 9 16 16 20 14
split_gain=14.5984 29.5772 25.3435 20.2897 18.9215 18.0721
threshold=56.144846009606745 2776.0000000000005 0.78266686851158951 1.9216435006311792 0.018176563139650076 37.446588971228628
decision_type=2 2 2 2 2 2
left_child=5 2 4 -4 -2 -1
right_child=1 -3 3 -5 -6 -7
leaf_value=-9.2998199772877311e-05 -0.019918210609617192 0.0086163589720112763 0.013385766638321396 -0.0071924879909247945 0 0.004926028365628398
leaf_weight=5708 158 84 49 94 46 701
leaf_count=5708 158 84 49 94 46 701
internal_value=5.89011e-05 -0.00513284 -0.00915807 0 -0.0154674 0.000446255
internal_weight=6840 431 347 143 204 6409
internal_count=6840 431 347 143 204 6409
is_linear=0
shrinkage=0.03


Tree=226
num_leaves=7
num_cat=0
split_feature=21 19 8 2 23 8
split_gain=14.5585 30.6026 23.741 25.0239 19.0372 75.8666
threshold=282.83402793362717 246.23833333333295 467.50860000000006 0.67325421649172867 17.419166666666694 1652.6740500000003
decision_type=8 10 2 2 10 2
left_child=1 2 -1 -4 5 -2
right_child=4 -3 3 -5 -6 -7
leaf_value=-0.0044795179684391064 0.001147284111950036 -0.01745860096765682 0.022411743485524008 -0.0022424140794734871 -0.0012051304064014234 0.025664144506474505
leaf_weight=352 3200 108 52 50 2979 99
leaf_count=352 3200 108 52 50 2979 99
internal_value=5.68071e-05 -0.00445774 -0.000442414 0.0107105 0.000497634 0.00207842
internal_weight=6840 562 454 102 6278 3299
internal_count=6840 562 454 102 6278 3299
is_linear=0
shrinkage=0.03


Tree=227
num_leaves=7
num_cat=0
split_feature=7 0 6 6 2 22
split_gain=14.5268 37.8934 28.4906 24.4664 21.0123 22.6875
threshold=1.0000000180025095e-35 0.93562139328216709 1.6753941161274046 1.5955031924623617 0.33223713433573138 38.200000000000024
decision_type=2 2 2 2 2 10
left_child=4 3 -3 -2 5 -1
right_child=1 2 -4 -5 -6 -7
leaf_value=0.007276311142868766 -0.00070006433418350739 -0.015922916269858603 0.0029063128610636959 0.020187360164191988 0 -0.012119694871694913
leaf_weight=615 650 253 74 34 5178 36
leaf_count=615 650 253 74 34 5178 36
internal_value=5.58759e-05 -0.00320338 -0.0113077 0.00066914 0.000655838 0.0056509
internal_weight=6840 1011 327 684 5829 651
internal_count=6840 1011 327 684 5829 651
is_linear=0
shrinkage=0.03


Tree=228
num_leaves=7
num_cat=0
split_feature=12 20 12 8 14 16
split_gain=14.4467 17.1355 33.4752 49.7295 23.5813 24.7741
threshold=0.047623304218267402 0.0092476956614456745 0.019029298680714544 1652.6740500000003 55.669639344324075 0.48731026405888644
decision_type=2 2 2 2 2 2
left_child=1 4 3 -3 5 -1
right_child=-2 2 -4 -5 -6 -7
leaf_value=0.0036724668224913225 -0.0066566968581554566 0.0046318113465746861 0.00047625375942122902 0.032284732467099411 -0.0111717907981757 -0.002009379482180326
leaf_weight=931 255 480 2491 53 176 2454
leaf_count=931 255 480 2491 53 176 2454
internal_value=5.38794e-05 0.000355822 0.00202647 0.00872096 -0.0010244 -0.000390217
internal_weight=6840 6585 3024 533 3561 3385
internal_count=6840 6585 3024 533 3561 3385
is_linear=0
shrinkage=0.03


Tree=229
num_leaves=7
num_cat=0
split_feature=0 24 0 20 12 15
split_gain=14.3902 22.5802 28.62 18.4287 31.756 55.0909
threshold=1.2723730332504524 -0.99999999999997147 1.531773873074308 0.0069743967105340169 0.019029298680714544 0.11636840050524551
decision_type=2 10 2 2 2 2
left_child=3 -2 -3 -1 5 -5
right_child=1 2 -4 4 -6 -7
leaf_value=-0.0023305658347457128 -0.0019269039784098583 0.026060762677861504 -0.00047727114055305718 0.018347612746404663 -0.00051252171900347736 0.0016781397671526033
leaf_weight=2333 94 66 44 214 3202 887
leaf_count=2333 94 66 44 214 3202 887
internal_value=5.41197e-05 0.00754917 0.0158514 -0.000175744 0.000963236 0.00532151
internal_weight=6840 204 110 6636 4303 1101
internal_count=6840 204 110 6636 4303 1101
is_linear=0
shrinkage=0.03


Tree=230
num_leaves=7
num_cat=0
split_feature=21 24 9 1 6 9
split_gain=14.731 32.8132 53.8131 50.4713 27.3262 22.4529
threshold=287.63708012914975 -0.29999999999998289 1642.5000000000002 1.1374467791255478 0.82324849137716261 2132.5000000000005
decision_type=8 10 2 2 2 2
left_child=-1 2 -2 -4 -5 -3
right_child=1 5 3 4 -6 -7
leaf_value=-0.002426159361043987 -0.0017029688548723025 0.00058628636235563008 -0.00037865957035064962 0.0027032599068645921 0.021652301182039081 -0.0052921839072738773
leaf_weight=1597 501 3440 206 120 297 679
leaf_count=1597 501 3440 206 120 297 679
internal_value=5.47561e-05 0.000845283 0.00534914 0.0111301 0.0169159 -0.000367404
internal_weight=6840 5243 1124 623 417 4119
internal_count=6840 5243 1124 623 417 4119
is_linear=0
shrinkage=0.03


Tree=231
num_leaves=7
num_cat=0
split_feature=7 10 0 16 0 16
split_gain=13.7159 55.8021 47.3343 32.4732 26.5803 17.8181
threshold=1.0000000180025095e-35 0.0091868686868686895 0.93242172269306012 0.91306081359354441 1.0689306069406805 9.8064418520640029
decision_type=2 2 2 2 2 2
left_child=5 2 -2 4 -4 -1
right_child=1 -3 3 -5 -6 -7
leaf_value=0.0010202817735093309 -9.6665503177561057e-05 0.023747059134766459 -0.012004197484841852 -0.022152694474619171 0.011729194649184744 -0.0068380245332282426
leaf_weight=5580 661 44 79 175 52 249
leaf_count=5580 661 44 79 175 52 249
internal_value=5.31258e-05 -0.0031132 -0.00494379 -0.0143058 -0.0012842 0.000636716
internal_weight=6840 1011 967 306 131 5829
internal_count=6840 1011 967 306 131 5829
is_linear=0
shrinkage=0.03


Tree=232
num_leaves=7
num_cat=0
split_feature=21 8 2 19 24 19
split_gain=13.961 67.4904 47.7913 52.1774 27.1961 26.8092
threshold=286.4215225630237 467.50860000000006 0.67325421649172867 246.23833333333295 -9.0999999999999641 133.02000000000032
decision_type=8 2 2 10 10 10
left_child=1 -1 3 5 -2 -3
right_child=4 2 -4 -5 -6 -7
leaf_value=-0.0065503700625891836 0.020375354996926727 0.0034821414202451705 -0.0027791954116620772 -0.0035965164852677844 0.00046413108718128401 0.040199640163025539
leaf_weight=979 43 40 129 44 5539 66
leaf_count=979 43 40 129 44 5539 66
internal_value=4.98182e-05 -0.00275587 0.00960475 0.0202113 0.000716486 0.0302865
internal_weight=6840 1258 279 150 5582 106
internal_count=6840 1258 279 150 5582 106
is_linear=0
shrinkage=0.03


Tree=233
num_leaves=7
num_cat=0
split_feature=0 16 20 12 8 21
split_gain=14.0338 21.0095 17.1991 29.7378 66.6859 46.0929
threshold=1.2723730332504524 0.7418672406877671 0.0069743967105340169 0.019029298680714544 565.2225000000002 287.63708012914975
decision_type=2 2 2 2 2 10
left_child=2 -2 -1 4 5 -4
right_child=1 -3 3 -5 -6 -7
leaf_value=-0.0022561238774705663 0.024885904328338801 0.001420416084319814 -0.0082325177033350828 -0.00050116490434576485 0.023801905723313324 0.0060546336522736971
leaf_weight=2333 30 174 256 3202 131 714
leaf_count=2333 30 174 256 3202 131 714
internal_value=5.28363e-05 0.00745471 -0.000173888 0.000925575 0.00514363 0.00204235
internal_weight=6840 204 6636 4303 1101 970
internal_count=6840 204 6636 4303 1101 970
is_linear=0
shrinkage=0.03


Tree=234
num_leaves=7
num_cat=0
split_feature=12 10 18 19 5 21
split_gain=13.609 21.3955 24.06 26.3703 28.8607 22.9101
threshold=0.047623304218267402 0.005056135532337476 228.15000000000006 281.05666666666679 0.13683485379501695 289.00982627091793
decision_type=2 2 10 10 2 10
left_child=1 -1 -3 -4 5 -5
right_child=-2 2 3 4 -6 -7
leaf_value=-0.00018455031319809421 -0.0064568796294868329 0.016259717216889839 -0.006134543743969845 -0.0053898266731546478 -0.0067001663488182386 0.016422527876624904
leaf_weight=5967 255 130 187 32 71 198
leaf_count=5967 255 130 187 32 71 198
internal_value=5.52022e-05 0.000348876 0.00557873 0.00190999 0.00744587 0.0125994
internal_weight=6840 6585 618 488 301 230
internal_count=6840 6585 618 488 301 230
is_linear=0
shrinkage=0.03


Tree=235
num_leaves=7
num_cat=0
split_feature=8 14 22 11 13 20
split_gain=13.6398 27.7286 90.8679 42.7625 40.3937 29.3396
threshold=26.538750000000004 23.723918086007213 28.500000000000032 0.016004421638187955 0.0044231809480558505 0.0092476956614456745
decision_type=2 2 8 2 2 2
left_child=-1 3 -3 -2 -4 -5
right_child=1 2 4 5 -6 -7
leaf_value=-0.0017113609364085459 0.024198480703998937 -0.003156539916163673 0.024187801583110704 -0.0029321996012296849 0.0036038854868835485 0.0025628881455281812
leaf_weight=2448 44 442 221 2008 176 1501
leaf_count=2448 44 442 221 2008 176 1501
internal_value=5.16059e-05 0.00107154 0.00591071 -5.58761e-05 0.0160327 -0.000537928
internal_weight=6840 4392 839 3553 397 3509
internal_count=6840 4392 839 3553 397 3509
is_linear=0
shrinkage=0.03


Tree=236
num_leaves=7
num_cat=0
split_feature=7 22 18 4 2 3
split_gain=13.3522 34.9477 37.4576 47.5896 19.416 28.2458
threshold=1.0000000180025095e-35 35.700000000000024 229.75000000000003 0.22463223862457379 0.2567539526785847 0.079297809377651754
decision_type=2 8 10 2 2 2
left_child=4 2 3 -2 -1 -6
right_child=1 -3 -4 -5 5 -7
leaf_value=0.0077106699030423031 -0.003646276849502111 0.0045959661748066682 -0.011293665637687503 0.027915501822124825 -0.0044611265620806417 0.0011831300781360741
leaf_weight=310 161 324 491 35 943 4576
leaf_count=310 161 324 491 35 943 4576
internal_value=5.41469e-05 -0.00306952 -0.00692459 0.00335822 0.000630214 0.000179022
internal_weight=6840 1011 687 196 5829 5519
internal_count=6840 1011 687 196 5829 5519
is_linear=0
shrinkage=0.03


Tree=237
num_leaves=7
num_cat=0
split_feature=0 16 9 14 11 14
split_gain=13.3303 19.6448 13.9819 26.5622 23.6185 18.6696
threshold=1.2723730332504524 0.7418672406877671 2832.0000000000005 56.144846009606745 0.02714946328841409 70.897572471863143
decision_type=2 2 2 2 2 2
left_child=2 -2 3 -1 5 -5
right_child=1 -3 -4 4 -6 -7
leaf_value=5.8446775986500746e-05 0.024139412163197992 0.0013978471213318023 0.008974691975083559 -0.021673116399837072 -0.00019855115516111255 0
leaf_weight=6150 30 174 126 114 200 46
leaf_count=6150 30 174 126 114 200 46
internal_value=5.4447e-05 0.00726854 -0.000165962 -0.000392795 -0.0080936 -0.0160105
internal_weight=6840 204 6636 6510 360 160
internal_count=6840 204 6636 6510 360 160
is_linear=0
shrinkage=0.03


Tree=238
num_leaves=7
num_cat=0
split_feature=0 16 9 14 11 14
split_gain=12.8544 18.9321 13.2696 25.2785 22.3527 17.7485
threshold=1.2723730332504524 0.7418672406877671 2832.0000000000005 56.144846009606745 0.02714946328841409 70.897572471863143
decision_type=2 2 2 2 2 2
left_child=2 -2 3 -1 5 -5
right_child=1 -3 -4 4 -6 -7
leaf_value=5.6699048015037117e-05 0.023704902885854244 0.0013602349942684481 0.0087423337061493973 -0.021119966657359653 -0.00019313602356917477 0
leaf_weight=6150 30 174 126 114 200 46
leaf_count=6150 30 174 126 114 200 46
internal_value=5.46779e-05 0.00713898 -0.000161364 -0.000382913 -0.00789541 -0.0155987
internal_weight=6840 204 6636 6510 360 160
internal_count=6840 204 6636 6510 360 160
is_linear=0
shrinkage=0.03


Tree=239
num_leaves=7
num_cat=0
split_feature=22 22 4 24 18 19
split_gain=12.8144 18.1419 22.6826 15.9375 15.2929 32.7986
threshold=16.900000000000038 19.200000000000021 -0.15118722865514667 -9.9999999999999698 198.15000000000006 202.14166666666708
decision_type=10 10 2 8 10 10
left_child=3 2 -2 -1 5 -3
right_child=1 4 -4 -5 -6 -7
leaf_value=-2.1348726720764084e-05 0.0030048564928820574 0.00097375123506027921 -0.020755834941602578 0.020584932241472415 0.00069110929474918662 -0.010405884522705564
leaf_weight=45 39 533 64 41 5768 350
leaf_count=45 39 533 64 41 5768 350
internal_value=5.48888e-05 -8.52902e-05 -0.0115139 0.0104179 0.0001032 -0.00350132
internal_weight=6840 6754 103 86 6651 883
internal_count=6840 6754 103 86 6651 883
is_linear=0
shrinkage=0.03


Tree=240
num_leaves=7
num_cat=0
split_feature=12 10 9 9 16 22
split_gain=12.7851 19.9859 25.41 48.0956 28.9742 40.7611
threshold=0.047623304218267402 0.005056135532337476 1469.5000000000002 1113.5000000000002 0.3531559894771617 31.300000000000015
decision_type=2 2 2 2 2 10
left_child=1 -1 3 4 5 -3
right_child=-2 2 -4 -5 -6 -7
leaf_value=-0.00017670403668794789 -0.006258357987794178 -0.0060895943985535541 0 0.030956908379649293 -0.0091595094669040065 0.02522868920716324
leaf_weight=5967 255 45 364 67 78 64
leaf_count=5967 255 45 364 67 78 64
internal_value=5.27237e-05 0.000338037 0.00539288 0.0122956 0.00253988 0.0121968
internal_weight=6840 6585 618 254 187 109
internal_count=6840 6585 618 254 187 109
is_linear=0
shrinkage=0.03


Tree=241
num_leaves=7
num_cat=0
split_feature=8 15 23 8 23 0
split_gain=12.3868 35.4779 59.7083 44.5556 41.5055 32.7542
threshold=26.538750000000004 0.54210171007786123 17.926666666666687 599.97555000000011 20.72083333333336 0.82353906761129492
decision_type=2 2 8 2 10 2
left_child=-1 2 5 -4 -5 -2
right_child=1 -3 3 4 -6 -7
leaf_value=-0.0016263713361150595 -0.0014683432954841699 -0.0011611678139648181 0.0043765319924788408 -0.026544807460159064 -0.0026838595979747225 0.01139151251646057
leaf_weight=2448 194 2606 404 80 260 848
leaf_count=2448 194 2606 404 80 260 848
internal_value=5.2505e-05 0.0010254 0.00427646 -0.0020292 -0.00987767 0.00887345
internal_weight=6840 4392 1786 744 340 1042
internal_count=6840 4392 1786 744 340 1042
is_linear=0
shrinkage=0.03


Tree=242
num_leaves=7
num_cat=0
split_feature=7 0 16 0 6 1
split_gain=12.5844 34.6812 47.0175 28.6112 21.1514 17.6685
threshold=1.0000000180025095e-35 0.93562139328216709 0.98669152895064438 1.0689306069406805 1.5955031924623617 0.99868864065214058
decision_type=2 2 2 2 2 2
left_child=5 4 3 -3 -2 -1
right_child=1 2 -4 -5 -6 -7
leaf_value=-0.0027328486496276208 -0.00054927724017783371 -0.008414933231348792 -0.020377261449201878 0.015009578118721643 0.01885083398885197 0.0014268232186759029
leaf_weight=1104 650 88 178 61 34 4725
leaf_count=1104 650 88 178 61 34 4725
internal_value=4.67564e-05 -0.00298526 -0.0107428 0.000928775 0.000710127 0.000606694
internal_weight=6840 1011 327 149 684 5829
internal_count=6840 1011 327 149 684 5829
is_linear=0
shrinkage=0.03


Tree=243
num_leaves=7
num_cat=0
split_feature=21 18 15 11 1 19
split_gain=13.0406 66.6681 59.3494 39.1444 57.4452 32.0607
threshold=287.63708012914975 318.85000000000008 0.10148121430577815 0.038317347861265762 1.7728189361141105 246.23833333333295
decision_type=8 10 2 2 2 10
left_child=1 2 3 4 5 -1
right_child=-2 -3 -4 -5 -6 -7
leaf_value=0.032661834735776822 0.0007894479222811039 -0.018187337755765493 -0.0032697067440040544 -0.006982533136473559 -0.007993128760584764 0.0050350615059813631
leaf_weight=117 5243 187 1097 62 50 84
leaf_count=117 5243 187 1097 62 50 84
internal_value=4.43228e-05 -0.00228869 0 0.0111599 0.0163793 0.0232956
internal_weight=6840 1597 1410 313 251 201
internal_count=6840 1597 1410 313 251 201
is_linear=0
shrinkage=0.03


Tree=244
num_leaves=7
num_cat=0
split_feature=0 24 19 20 12 8
split_gain=12.9008 21.1471 41.6574 16.322 34.0967 42.5272
threshold=1.2723730332504524 -0.99999999999997147 311.31666666666666 0.0092476956614456745 0.019029298680714544 1652.6740500000003
decision_type=2 10 10 2 2 2
left_child=3 -2 -3 -1 5 -5
right_child=1 2 -4 4 -6 -7
leaf_value=-0.0016162999811079317 -0.0019792933281707133 0.025498995428735557 -0.0078309338291942636 0.0043082715666220572 0 0.030027787942592407
leaf_weight=3458 94 79 31 462 2663 53
leaf_count=3458 94 79 31 462 2663 53
internal_value=4.18607e-05 0.0071401 0.0151925 -0.000174612 0.00134749 0.00825909
internal_weight=6840 204 110 6636 3178 515
internal_count=6840 204 110 6636 3178 515
is_linear=0
shrinkage=0.03


Tree=245
num_leaves=7
num_cat=0
split_feature=21 8 2 24 16 16
split_gain=12.227 62.3968 63.8222 28.8978 26.6735 59.6691
threshold=287.63708012914975 467.50860000000006 0.67325421649172867 -0.29999999999998289 0.16869882323869564 0.10217411491705551
decision_type=8 2 2 10 2 2
left_child=1 -1 -3 4 5 -2
right_child=3 2 -4 -5 -6 -7
leaf_value=-0.0053123808616243728 -0.0010362133200266467 0.020703771673142909 -0.0040324717598288484 -0.00037014077994341305 0.0022782595935512727 0.026813558464513179
leaf_weight=1268 114 172 157 4119 889 121
leaf_count=1268 114 172 157 4119 889 121
internal_value=4.37047e-05 -0.00221458 0.00891512 0.000765872 0.0049937 0.0136936
internal_weight=6840 1597 329 5243 1124 235
internal_count=6840 1597 329 5243 1124 235
is_linear=0
shrinkage=0.03


Tree=246
num_leaves=7
num_cat=0
split_feature=7 6 3 23 14 2
split_gain=11.9315 29.2511 38.6364 31.4467 29.2407 18.0511
threshold=1.0000000180025095e-35 1.6753941161274046 0.32200396273190862 20.072500000000037 0.25968510979177462 0.33223713433573138
decision_type=2 2 2 8 2 2
left_child=5 3 -3 4 -2 -1
right_child=1 2 -4 -5 -6 -7
leaf_value=0.0052200472538711483 0.001757702860034484 0.023046429966842488 -0.0078792109784715982 0.0014953984685933872 -0.013318783967894203 0
leaf_weight=651 131 64 41 374 401 5178
leaf_count=651 131 64 41 374 401 5178
internal_value=4.44966e-05 -0.00290722 0.0104421 -0.00480843 -0.00940543 0.000590287
internal_weight=6840 1011 105 906 532 5829
internal_count=6840 1011 105 906 532 5829
is_linear=0
shrinkage=0.03


Tree=247
num_leaves=7
num_cat=0
split_feature=9 21 15 2 19 15
split_gain=11.9265 15.3075 51.7162 34.1207 30.1033 24.5819
threshold=2832.0000000000005 287.63708012914975 0.10148121430577815 0.71257392647516904 246.23833333333295 0.10216894923870105
decision_type=2 8 2 2 10 2
left_child=1 2 3 4 -1 -3
right_child=-2 5 -4 -5 -6 -7
leaf_value=0.02044965404951397 0.0085425180246677147 -0.0042880481080301153 -0.0055418021103180422 -0.009293008244765753 0 0.0015107850198904597
leaf_weight=150 126 744 1229 57 89 4445
leaf_count=150 126 744 1229 57 89 4445
internal_value=4.45015e-05 -0.000117601 -0.00275826 0.00794366 0.0130338 0.000637279
internal_weight=6840 6714 1525 296 239 5189
internal_count=6840 6714 1525 296 239 5189
is_linear=0
shrinkage=0.03


Tree=248
num_leaves=7
num_cat=0
split_feature=14 9 11 16 14 9
split_gain=11.7426 24.8507 24.3344 24.4777 16.5782 71.6093
threshold=56.029617079247956 2776.0000000000005 0.02714946328841409 0.78266686851158951 37.446588971228628 1618.5000000000002
decision_type=2 2 2 2 2 2
left_child=4 2 3 -2 -1 -6
right_child=1 -3 -4 -5 5 -7
leaf_value=-0.0001154674708834337 -0.024962554945786659 0.008022611757847839 -0.00017480554671524322 0 0.021283700138969758 -0.00046900345364733455
leaf_weight=5708 91 84 199 67 157 534
leaf_count=5708 91 84 199 67 157 534
internal_value=4.30655e-05 -0.00455653 -0.00818279 -0.0162732 0.000396633 0.00472206
internal_weight=6840 441 357 158 6399 691
internal_count=6840 441 357 158 6399 691
is_linear=0
shrinkage=0.03


Tree=249
num_leaves=7
num_cat=0
split_feature=0 16 9 14 11 23
split_gain=12.238 16.8464 11.7703 22.5088 19.8573 16.621
threshold=1.2723730332504524 0.7418672406877671 2832.0000000000005 56.144846009606745 0.02714946328841409 14.935833333333377
decision_type=2 2 2 2 2 10
left_child=2 -2 3 -1 5 -5
right_child=1 -3 -4 4 -6 -7
leaf_value=3.2938496646211951e-05 0.022627134007215499 0.0014239761819006855 0.0082102635056290722 -0.021673503688010184 -0.00016568016184663229 -0.00010812713978264262
leaf_weight=6150 30 174 126 95 200 65
leaf_count=6150 30 174 126 95 200 65
internal_value=3.95691e-05 0.00695361 -0.000170698 -0.00038053 -0.00746867 -0.0147314
internal_weight=6840 204 6636 6510 360 160
internal_count=6840 204 6636 6510 360 160
is_linear=0
shrinkage=0.03


Tree=250
num_leaves=7
num_cat=0
split_feature=22 21 24 22 22 14
split_gain=11.9454 25.5452 19.5456 25.999 19.229 47.9145
threshold=16.900000000000038 282.66646593465663 -6.4999999999999707 22.900000000000038 27.000000000000032 24.148985069510093
decision_type=10 8 10 10 10 2
left_child=-1 2 -2 -4 5 -3
right_child=1 4 3 -5 -6 -7
leaf_value=0.010047012559700547 -0.0015383309928847526 0.010401986335197257 -0.026148261971116721 -0.00082674804542745854 -0.00032241718514320478 -0.0021269219780471974
leaf_weight=86 309 520 71 85 5253 516
leaf_count=86 309 520 71 85 5253 516
internal_value=3.9287e-05 -9.52871e-05 -0.00674724 -0.0148653 0.000392604 0.00409758
internal_weight=6840 6754 465 156 6289 1036
internal_count=6840 6754 465 156 6289 1036
is_linear=0
shrinkage=0.03


Tree=251
num_leaves=7
num_cat=0
split_feature=12 7 22 21 6 3
split_gain=11.6012 12.8453 34.2532 34.7773 34.2119 36.4784
threshold=0.047623304218267402 1.0000000180025095e-35 35.700000000000024 294.18526361248342 1.777879961234248 0.32200396273190862
decision_type=2 2 8 10 2 2
left_child=1 -1 4 -4 -3 -6
right_child=-2 2 3 -5 5 -7
leaf_value=0.00088455913761244557 -0.0059771905158731067 -0.0092835614092844337 0.02317100883014752 0 0.023528007834649353 -0.008134285311214625
leaf_weight=5603 255 592 54 249 47 40
leaf_count=5603 255 592 54 249 47 40
internal_value=3.45649e-05 0.00030747 -0.00278746 0.00510894 -0.00657113 0.00876934
internal_weight=6840 6585 982 303 679 87
internal_count=6840 6585 982 303 679 87
is_linear=0
shrinkage=0.03


Tree=252
num_leaves=7
num_cat=0
split_feature=0 24 0 20 24 8
split_gain=11.745 19.9932 23.7125 15.388 28.6685 21.9239
threshold=1.2723730332504524 -0.99999999999997147 1.531773873074308 0.0092476956614456745 14.700000000000019 207.53325000000004
decision_type=2 10 2 2 8 2
left_child=3 -2 -3 4 -1 -5
right_child=1 2 -4 5 -6 -7
leaf_value=-0.001015948726439969 -0.002015947261335034 0.023932119853967843 -4.9657289637252688e-05 0 -0.016462355663534253 0.0059312613786643041
leaf_weight=3364 94 66 44 2482 94 696
leaf_count=3364 94 66 44 2482 94 696
internal_value=3.47057e-05 0.00680878 0.0146537 -0.000170836 -0.00157121 0.00130631
internal_weight=6840 204 110 6636 3458 3178
internal_count=6840 204 110 6636 3458 3178
is_linear=0
shrinkage=0.03


Tree=253
num_leaves=7
num_cat=0
split_feature=10 7 0 16 16 9
split_gain=11.18 22.536 45.5929 31.9957 22.3957 33.6991
threshold=0.005056135532337476 1.0000000180025095e-35 0.93242172269306012 0.56489591489708557 1.9507382643056663 1519.0000000000002
decision_type=2 2 2 2 2 2
left_child=1 -1 -3 -4 5 -2
right_child=4 2 3 -5 -6 -7
leaf_value=0.00034180616240033098 0.015470253402936158 -0.00043947982796393504 0 -0.024760764842586859 -0.0031721502126390222 -0.00016275698749668052
leaf_weight=5340 219 619 79 127 237 219
leaf_count=5340 219 619 79 127 237 219
internal_value=3.22966e-05 -0.000351123 -0.00491571 -0.0164732 0.00365935 0.00766046
internal_weight=6840 6165 825 206 675 438
internal_count=6840 6165 825 206 675 438
is_linear=0
shrinkage=0.03


Tree=254
num_leaves=7
num_cat=0
split_feature=0 16 19 10 19 21
split_gain=11.2081 15.9082 11.3247 26.5767 26.4975 21.1156
threshold=1.2723730332504524 0.7418672406877671 154.71666666666621 -0.00058535859635532722 118.83666666666618 286.4215225630237
decision_type=2 2 10 2 10 10
left_child=2 -2 3 4 -1 -4
right_child=1 -3 5 -5 -6 -7
leaf_value=-0.013212117990830826 0.021863831205200402 0.0012658751187558028 -0.004476268976260701 0.021133645089292847 0.0079160589704963744 0.0002662421150849557
leaf_weight=66 30 174 972 54 121 5423
leaf_count=66 30 174 972 54 121 5423
internal_value=2.78834e-05 0.0066463 -0.0001724 0.00591499 0 -0.000442916
internal_weight=6840 204 6636 241 187 6395
internal_count=6840 204 6636 241 187 6395
is_linear=0
shrinkage=0.03


Tree=255
num_leaves=7
num_cat=0
split_feature=12 10 7 22 18 1
split_gain=11.0908 17.1047 22.6792 29.389 19.0847 31.7384
threshold=0.047623304218267402 0.005056135532337476 1.0000000180025095e-35 35.10000000000003 228.15000000000006 1.4152125070424815
decision_type=2 2 2 10 10 2
left_child=1 2 -1 -4 5 -3
right_child=-2 4 3 -5 -6 -7
leaf_value=0.00053185927376449174 -0.0058462211766872885 -0.0015568309676059534 -0.009626998594605583 0.0015107527581833991 0.0016717244570947773 0.024607613861673708
leaf_weight=5167 255 51 463 337 488 79
leaf_count=5167 255 51 463 337 488 79
internal_value=3.13989e-05 0.000298729 -0.000175672 -0.00482988 0.00497626 0.0145041
internal_weight=6840 6585 5967 800 618 130
internal_count=6840 6585 5967 800 618 130
is_linear=0
shrinkage=0.03


Tree=256
num_leaves=7
num_cat=0
split_feature=3 2 1 21 5 15
split_gain=11.1411 22.3339 24.0084 35.8611 18.3078 46.9102
threshold=0.17918525858187362 0.42820896367552735 1.5006751295101188 291.44428183424156 0.1800364221329234 0.82820595342721626
decision_type=2 2 2 10 2 2
left_child=1 2 -1 -4 5 -2
right_child=4 -3 3 -5 -6 -7
leaf_value=0 0.023059469339334303 -0.0038712577901614514 0.025320821084595959 -0.0027260895241051908 0.00062247191262477359 -0.0078686341208716228
leaf_weight=1248 88 1515 67 55 3815 52
leaf_count=1248 88 1515 67 55 3815 52
internal_value=3.14445e-05 -0.00135812 0.0013288 0.0130173 0.00108454 0.0110868
internal_weight=6840 2885 1370 122 3955 140
internal_count=6840 2885 1370 122 3955 140
is_linear=0
shrinkage=0.03


Tree=257
num_leaves=7
num_cat=0
split_feature=14 9 11 14 14 9
split_gain=10.5633 23.1983 22.5571 18.5874 15.2553 64.8946
threshold=56.029617079247956 2776.0000000000005 0.02714946328841409 70.897572471863143 37.446588971228628 1618.5000000000002
decision_type=2 2 2 2 2 2
left_child=4 2 3 -2 -1 -6
right_child=1 -3 -4 -5 5 -7
leaf_value=-0.00012085423626573229 -0.021358612827369308 0.0077999081808285643 -0.00011199946415591475 0 0.020285231296734697 -0.00041014809494279998
leaf_weight=5708 112 84 199 46 157 534
leaf_count=5708 112 84 199 46 157 534
internal_value=3.28597e-05 -0.00432884 -0.00784293 -0.0156307 0.000369374 0.00451936
internal_weight=6840 441 357 158 6399 691
internal_count=6840 441 357 158 6399 691
is_linear=0
shrinkage=0.03


Tree=258
num_leaves=7
num_cat=0
split_feature=21 8 5 19 0 24
split_gain=10.7941 56.3538 38.3054 32.8226 36.8256 26.3359
threshold=287.63708012914975 467.50860000000006 0.38159594449167472 246.23833333333295 1.112488635490493 -0.29999999999998289
decision_type=8 2 2 10 2 10
left_child=1 -1 3 4 -3 -2
right_child=5 2 -4 -5 -6 -7
leaf_value=-0.0050379757974090729 0.0047475931784221525 0.035960943642607393 -0.0020324694328735064 0 0 -0.00037246213795794601
leaf_weight=1268 1124 74 147 66 42 4119
leaf_count=1268 1124 74 147 66 42 4119
internal_value=3.06002e-05 -0.00209011 0.0084791 0.0170724 0.0254975 0.00071055
internal_weight=6840 1597 329 182 116 5243
internal_count=6840 1597 329 182 116 5243
is_linear=0
shrinkage=0.03


Tree=259
num_leaves=7
num_cat=0
split_feature=22 13 24 16 16 7
split_gain=10.794 23.4729 16.1231 14.6993 21.5424 18.2475
threshold=38.500000000000036 0.014899351765803651 16.200000000000021 9.8064418520640029 14.098473228953372 1.0000000180025095e-35
decision_type=10 2 10 2 2 2
left_child=3 2 -2 5 -5 -1
right_child=1 -3 -4 4 -6 -7
leaf_value=0.0013932162404564007 -0.013768432323643895 0.0037556965145111396 0.00092731813932287279 -0.010942334278962771 0.0072000328471531734 -0.0031330972621169437
leaf_weight=5244 201 159 67 203 54 912
leaf_count=5244 201 159 67 203 54 912
internal_value=3.15785e-05 -0.00445163 -0.0097644 0.000366315 -0.00634418 0.000690389
internal_weight=6840 427 268 6413 257 6156
internal_count=6840 427 268 6413 257 6156
is_linear=0
shrinkage=0.03


Tree=260
num_leaves=7
num_cat=0
split_feature=3 10 16 11 23 8
split_gain=10.5636 21.4262 20.326 24.3816 22.6237 22.5451
threshold=0.17918525858187362 0.0033113820887110761 1.6693286726340382 0.024475109035076954 11.047500000000031 15.556050000000001
decision_type=2 2 2 2 10 2
left_child=1 -1 4 -4 -3 -6
right_child=-2 2 3 -5 5 -7
leaf_value=-0.00327833438453693 0.0010553728943045431 -0.0068574073793072447 -0.013710511529972831 0.0017262319031549965 0 0.011560034839212334
leaf_weight=1848 3955 94 117 231 216 379
leaf_count=1848 3955 94 117 231 216 379
internal_value=2.9357e-05 -0.00132314 0.00201534 -0.00351917 0.00504269 0.00732847
internal_weight=6840 2885 1037 348 689 595
internal_count=6840 2885 1037 348 689 595
is_linear=0
shrinkage=0.03


Tree=261
num_leaves=7
num_cat=0
split_feature=21 19 18 24 24 0
split_gain=10.4275 28.2021 14.1501 21.1184 22.7162 20.095
threshold=282.83402793362717 246.23833333333295 161.95000000000005 -6.4999999999999707 -9.9999999999999698 0.87392695729887604
decision_type=8 10 10 10 10 2
left_child=1 2 5 4 -4 -1
right_child=-2 -3 3 -5 -6 -7
leaf_value=0.0044404759934172028 0.00040308171360724346 -0.016237543310708133 -0.00034087067419238904 -0.0075765799844626294 0.018669968444692053 -0.012296977905496474
leaf_weight=80 6278 108 81 63 95 135
leaf_count=80 6278 108 81 63 95 135
internal_value=2.65279e-05 -0.00379146 0 0.00457051 0.0100134 -0.00558291
internal_weight=6840 562 454 239 176 215
internal_count=6840 562 454 239 176 215
is_linear=0
shrinkage=0.03


Tree=262
num_leaves=7
num_cat=0
split_feature=0 16 9 14 9 2
split_gain=10.385 14.8487 10.7206 20.1846 19.569 14.2962
threshold=1.2723730332504524 0.7418672406877671 2832.0000000000005 56.144846009606745 2393.0000000000005 0.47434210526315795
decision_type=2 2 2 2 2 2
left_child=2 -2 3 5 -5 -1
right_child=1 -3 -4 4 -6 -7
leaf_value=0.0022873078969675603 0.021098721224069594 0.0011729590326893268 0.0078270748085406145 0 -0.01427296461071819 -0.00088157594581773956
leaf_weight=1789 30 174 126 200 160 4361
leaf_count=1789 30 174 126 200 160 4361
internal_value=2.32885e-05 0.00639505 -0.00016868 -0.000369906 -0.00708168 2.03494e-05
internal_weight=6840 204 6636 6510 360 6150
internal_count=6840 204 6636 6510 360 6150
is_linear=0
shrinkage=0.03


Tree=263
num_leaves=7
num_cat=0
split_feature=22 22 4 18 18 15
split_gain=10.8478 16.7609 20.4897 13.1242 30.5332 38.9117
threshold=16.900000000000038 19.200000000000021 -0.15118722865514667 198.15000000000006 183.25000000000003 0.10148121430577815
decision_type=10 10 2 10 10 2
left_child=-1 2 -2 4 5 -3
right_child=1 3 -4 -5 -6 -7
leaf_value=0.0095636823810724848 0.002629164243906231 0.015827637284994124 -0.019865519643894266 0.00062374443186129138 -0.011609511555392632 -0.0030126884106160962
leaf_weight=86 39 100 64 5768 255 528
leaf_count=86 39 100 64 5768 255 528
internal_value=2.42198e-05 -0.000102982 -0.011086 7.73468e-05 -0.00326052 0.000151795
internal_weight=6840 6754 103 6651 883 628
internal_count=6840 6754 103 6651 883 628
is_linear=0
shrinkage=0.03


Tree=264
num_leaves=7
num_cat=0
split_feature=12 10 9 9 13 3
split_gain=10.3274 15.4301 20.333 45.5953 33.7937 21.3989
threshold=0.047623304218267402 0.005056135532337476 1469.5000000000002 1113.5000000000002 6.2655801503937907 0.0095542488038236218
decision_type=2 2 2 2 2 2
left_child=1 -1 3 5 -5 -3
right_child=-2 2 -4 4 -6 -7
leaf_value=-0.00016761488930696911 -0.005648472157290035 -0.0092830401123239759 0 0.045030437523827828 0.0013450528947370392 0.0093508100821434147
leaf_weight=5967 255 69 364 31 36 118
leaf_count=5967 255 69 364 31 36 118
internal_value=2.29821e-05 0.000281754 0.00472492 0.0108982 0.0289871 0.00151798
internal_weight=6840 6585 618 254 67 187
internal_count=6840 6585 618 254 67 187
is_linear=0
shrinkage=0.03


Tree=265
num_leaves=7
num_cat=0
split_feature=3 0 0 20 23 18
split_gain=10.2191 18.7268 51.8332 21.6815 24.8407 24.1423
threshold=0.17918525858187362 1.1256357623709283 1.0285039011068855 0.021789359979372109 6.8425000000000624 183.25000000000003
decision_type=2 2 2 2 10 10
left_child=1 2 3 4 5 -1
right_child=-2 -3 -4 -5 -6 -7
leaf_value=0.025107877135698526 0.0010348722639820923 -0.014226352612375084 0.011819744608453527 0.0040304771781732827 -0.004085307644075639 -0.00081458861310337036
leaf_weight=33 3955 79 243 395 2081 54
leaf_count=33 3955 79 243 395 2081 54
internal_value=2.53143e-05 -0.00130463 -0.000789651 -0.00212549 -0.00334223 0.0104714
internal_weight=6840 2885 2806 2563 2168 87
internal_count=6840 2885 2806 2563 2168 87
is_linear=0
shrinkage=0.03


Tree=266
num_leaves=7
num_cat=0
split_feature=22 8 8 2 2 11
split_gain=10.1891 25.0163 22.6334 94.9783 38.2733 37.4065
threshold=38.500000000000036 599.97555000000011 1652.6740500000003 0.52949685940151758 0.57197067114825162 0.033362775903970174
decision_type=10 2 2 2 2 2
left_child=2 -2 -1 5 -5 -4
right_child=1 -3 3 4 -6 -7
leaf_value=-7.0390061075698059e-06 0.0028952763315376849 -0.01074384462481941 0.034014873883431461 -0.024322442437211673 0.0037195003619055868 0
leaf_weight=6147 195 232 93 52 83 38
leaf_count=6147 195 232 93 52 83 38
internal_value=2.65548e-05 -0.00432878 0.000352422 0.00860329 -0.00785876 0.0253553
internal_weight=6840 427 6413 266 135 131
internal_count=6840 427 6413 266 135 131
is_linear=0
shrinkage=0.03


Tree=267
num_leaves=7
num_cat=0
split_feature=20 12 14 24 14 16
split_gain=10.1916 29.4053 30.9797 28.2964 19.4723 20.2074
threshold=0.0092476956614456745 0.019029298680714544 0.2897988112382342 14.700000000000019 55.669639344324075 0.78266686851158951
decision_type=2 2 2 8 2 2
left_child=3 2 -2 4 -1 -6
right_child=1 -3 -4 -5 5 -7
leaf_value=0 0.020520688555711371 0 0.00301254057724561 -0.015797993788521699 -0.019244028609246015 0
leaf_weight=3359 112 2678 421 94 79 97
leaf_count=3359 112 2678 421 94 79 97
internal_value=2.55224e-05 0.00127358 0.0075719 -0.0010386 -0.00051727 -0.0097091
internal_weight=6840 3211 533 3629 3535 176
internal_count=6840 3211 533 3629 3535 176
is_linear=0
shrinkage=0.03


Tree=268
num_leaves=7
num_cat=0
split_feature=22 2 22 2 8 5
split_gain=9.93374 16.3383 16.2598 14.603 20.2271 14.5556
threshold=16.900000000000038 0.69738071541847835 19.200000000000021 0.29957735905295396 1652.6740500000003 0.40715829628669681
decision_type=10 2 10 2 2 2
left_child=1 -1 -2 4 -4 -5
right_child=2 -3 3 5 -6 -7
leaf_value=0.017607336159845863 -0.010915876468870697 -0.003515059474067619 0.0020182858226535792 -0.001299395813478457 0.018951305504652516 0.0019253357318431182
leaf_weight=54 103 32 542 4314 59 1736
leaf_count=54 103 32 542 4314 59 1736
internal_value=2.30678e-05 0.00915245 -9.7714e-05 7.9559e-05 0.00447895 -0.000346078
internal_weight=6840 86 6754 6651 601 6050
internal_count=6840 86 6754 6651 601 6050
is_linear=0
shrinkage=0.03


Tree=269
num_leaves=7
num_cat=0
split_feature=21 18 15 11 1 24
split_gain=10.1506 59.9713 42.9502 32.8031 49.1134 24.4703
threshold=287.63708012914975 318.85000000000008 0.10148121430577815 0.038317347861265762 1.7728189361141105 -0.29999999999998289
decision_type=8 10 2 2 2 10
left_child=1 2 3 4 -1 -2
right_child=5 -3 -4 -5 -6 -7
leaf_value=0.020891180448086587 0.0045764011649411431 -0.017115526201702869 -0.0026397551401787854 -0.0068209213839003401 -0.0078704099500817911 -0.0003581127137922014
leaf_weight=201 1124 187 1097 62 50 4119
leaf_count=201 1124 187 1097 62 50 4119
internal_value=2.45424e-05 -0.00203142 7.55945e-05 0.00962975 0.0144503 0.000684624
internal_weight=6840 1597 1410 313 251 5243
internal_count=6840 1597 1410 313 251 5243
is_linear=0
shrinkage=0.03


Tree=270
num_leaves=7
num_cat=0
split_feature=0 24 19 0 16 14
split_gain=10.0298 18.4086 37.4637 10.7363 53.0752 44.7654
threshold=1.2723730332504524 -0.99999999999997147 311.31666666666666 1.0738743189309068 0.7418672406877671 11.795512369064053
decision_type=2 10 10 2 2 2
left_child=3 -2 -3 -1 -5 -6
right_child=1 2 -4 4 5 -7
leaf_value=0.00019570734973130876 -0.0021203801023626798 0.023686080633690862 -0.0077618572335032849 0.007497021654424698 -0.021231334673964042 -0.00068149244669454552
leaf_weight=6031 94 79 31 208 168 229
leaf_count=6031 94 79 31 208 168 229
internal_value=2.03655e-05 0.00628279 0.013839 -0.000167914 -0.00392298 -0.0103386
internal_weight=6840 204 110 6636 605 397
internal_count=6840 204 110 6636 605 397
is_linear=0
shrinkage=0.03


Tree=271
num_leaves=7
num_cat=0
split_feature=8 3 2 15 2 12
split_gain=9.94265 21.1863 16.6044 16.9766 14.48 24.293
threshold=15.010200000000001 0.07437937855588779 0.42889043965386847 0.40895465308315265 0.68025036174628994 0.0088032195105652248
decision_type=2 2 2 2 2 2
left_child=1 2 3 -1 5 -2
right_child=4 -3 -4 -5 -6 -7
leaf_value=-0.0067531246215621213 0.014680062035528511 0.00048960319577305025 -0.013654827575332353 0.0065825011258223848 -0.0013332616900296795 0.0012764212804093496
leaf_weight=229 110 898 190 104 2021 3288
leaf_count=229 110 898 190 104 2021 3288
internal_value=1.84062e-05 -0.00217443 -0.00687442 -0.00202634 0.000626884 0.00183757
internal_weight=6840 1421 523 333 5419 3398
internal_count=6840 1421 523 333 5419 3398
is_linear=0
shrinkage=0.03


Tree=272
num_leaves=7
num_cat=0
split_feature=3 19 11 14 1 11
split_gain=9.51656 20.1234 29.7152 42.3084 20.1244 34.8691
threshold=0.17918525858187362 232.72333333333344 0.03225325646719001 37.065115862870677 2.1613148467266226 0.018367818398719576
decision_type=2 10 2 2 2 2
left_child=1 2 3 -1 5 -3
right_child=-2 4 -4 -5 -6 -7
leaf_value=0.018803782631803188 0.00099306701479762757 -0.016355901776007348 -0.003957408672320333 -0.005561380016226922 0.013808769692583994 -0.0017711915166189317
leaf_weight=172 3955 143 179 73 45 2273
leaf_count=172 3955 143 179 73 45 2273
internal_value=1.79666e-05 -0.00126478 0.0045171 0.0111061 -0.00234977 -0.00282322
internal_weight=6840 2885 424 245 2461 2416
internal_count=6840 2885 424 245 2461 2416
is_linear=0
shrinkage=0.03


Tree=273
num_leaves=7
num_cat=0
split_feature=18 19 4 19 8 11
split_gain=10.0768 31.1468 26.5877 25.6114 24.0259 25.5321
threshold=198.15000000000006 193.51000000000082 -0.15265922113894856 219.96666666666661 79.123500000000021 0.034993398270666533
decision_type=8 10 2 10 2 2
left_child=1 -1 -3 4 -2 -6
right_child=3 2 -4 -5 5 -7
leaf_value=0.0014384497156672154 0 0.0014168549163878197 -0.01391510819170599 -2.0105497712934399e-05 0.021200811256376371 0
leaf_weight=598 208 124 279 5419 134 78
leaf_count=598 208 124 279 5419 134 78
internal_value=1.66369e-05 -0.0027107 -0.00899903 0.000517453 0.0074798 0.0141178
internal_weight=6840 1001 403 5839 420 212
internal_count=6840 1001 403 5839 420 212
is_linear=0
shrinkage=0.03


Tree=274
num_leaves=7
num_cat=0
split_feature=21 18 8 2 0 8
split_gain=10.0219 55.915 42.0742 54.5317 32.5053 24.255
threshold=287.63708012914975 318.85000000000008 467.50860000000006 0.67325421649172867 1.112488635490493 599.97555000000011
decision_type=8 10 2 2 2 2
left_child=1 2 -1 4 -4 -2
right_child=5 -3 3 -5 -6 -7
leaf_value=-0.0026262289175116881 0.0015851899366027301 -0.016588164051670743 0.027888639252632855 -0.0025518169253960616 -3.8334972372180539e-05 -0.0039221357779508897
leaf_weight=1107 4413 187 118 148 37 830
leaf_count=1107 4413 187 118 148 37 830
internal_value=1.71375e-05 -0.00202583 5.58174e-06 0.00965245 0.0211226 0.000673253
internal_weight=6840 1597 1410 303 155 5243
internal_count=6840 1597 1410 303 155 5243
is_linear=0
shrinkage=0.03


Tree=275
num_leaves=7
num_cat=0
split_feature=16 15 15 15 10 22
split_gain=9.82227 32.5763 15.4581 34.6656 27.4618 25.1364
threshold=9.8064418520640029 0.63359360760746741 0.78292190679549989 0.67252002315899861 -0.0003131313131313124 38.200000000000024
decision_type=2 2 2 2 2 10
left_child=2 -2 3 5 -5 -1
right_child=1 -3 -4 4 -6 -7
leaf_value=0.0015310502824145899 -0.014226877298261199 0.004953596216448127 -0.0015012026731140106 0.005138103857391366 0.032017555968569859 -0.0069073727115385791
leaf_weight=3459 149 121 2579 170 36 326
leaf_count=3459 149 121 2579 170 36 326
internal_value=1.43272e-05 -0.00536512 0.000273774 0.00145993 0.0129169 0.000732345
internal_weight=6840 270 6570 3991 206 3785
internal_count=6840 270 6570 3991 206 3785
is_linear=0
shrinkage=0.03


Tree=276
num_leaves=7
num_cat=0
split_feature=21 8 2 0 9 24
split_gain=9.62336 45.4686 47.89 33.1421 25.0293 22.6915
threshold=287.63708012914975 467.50860000000006 0.67325421649172867 1.112488635490493 2692.5000000000005 -0.29999999999998289
decision_type=8 2 2 2 2 10
left_child=1 4 3 -3 -1 -2
right_child=5 2 -4 -5 -6 -7
leaf_value=-0.0061385495478728895 0.0044071272487837205 0.024226480099354304 -0.0036177157836924777 -0.0025805888306033816 0.0066411221804934858 -0.00034376022410992206
leaf_weight=1139 1124 133 157 39 129 4119
leaf_count=1139 1124 133 157 39 129 4119
internal_value=1.57346e-05 -0.00198577 0.00749015 0.0177312 -0.00463902 0.000659116
internal_weight=6840 1597 329 172 1268 5243
internal_count=6840 1597 329 172 1268 5243
is_linear=0
shrinkage=0.03


Tree=277
num_leaves=7
num_cat=0
split_feature=0 19 23 0 14 12
split_gain=9.52025 13.8973 21.9213 11.1934 45.6516 59.5318
threshold=1.2502232939580304 313.20333333333309 12.359166666666685 1.0738743189309068 16.148522485348554 0.019640195891634762
decision_type=2 10 10 2 2 2
left_child=3 2 -2 -1 5 -5
right_child=1 -3 -4 4 -6 -7
leaf_value=0.00019197662043666635 -0.0018085326432871322 -0.00650410565694696 0.016817313529300826 -0.027079619161385508 0.002094679906866142 0.0017134897863226276
leaf_weight=6031 70 37 114 120 369 99
leaf_count=6031 70 37 114 120 369 99
internal_value=1.59268e-05 0.00589219 0.00951349 -0.00017484 -0.00406647 -0.0143818
internal_weight=6840 221 184 6619 588 219
internal_count=6840 221 184 6619 588 219
is_linear=0
shrinkage=0.03


Tree=278
num_leaves=7
num_cat=0
split_feature=8 3 2 15 2 0
split_gain=9.53367 19.7715 15.4351 16.1161 13.0997 22.8219
threshold=15.010200000000001 0.07437937855588779 0.42889043965386847 0.40895465308315265 0.68025036174628994 0.87784820765183291
decision_type=2 2 2 2 2 2
left_child=1 2 3 -1 -2 -6
right_child=4 -3 -4 -5 5 -7
leaf_value=-0.0065885402737970809 0.0017626943973763722 0.00043554048207238483 -0.013217703963762947 0.0063964491770152126 0.00075259748303858703 -0.0060561694692140445
leaf_weight=229 3398 898 190 104 1416 605
leaf_count=229 3398 898 190 104 1416 605
internal_value=1.41742e-05 -0.00213274 -0.00667238 -0.0019756 0.000610501 -0.00125153
internal_weight=6840 1421 523 333 5419 2021
internal_count=6840 1421 523 333 5419 2021
is_linear=0
shrinkage=0.03


Tree=279
num_leaves=7
num_cat=0
split_feature=22 22 4 2 2 15
split_gain=9.49735 15.4083 18.7198 14.9416 13.3884 13.3205
threshold=16.900000000000038 19.200000000000021 -0.14513878118997284 0.69738071541847835 0.29957735905295396 0.60749575603287143
decision_type=10 10 2 2 2 2
left_child=3 2 -2 -1 5 -3
right_child=1 4 -4 -5 -6 -7
leaf_value=0.017013792516835369 0.0020256124682663406 0.0069869700981117083 -0.019289353842415462 -0.003101709030407409 -0.00033991531925074659 -0.0022424229470567867
leaf_weight=54 41 440 62 32 6050 161
leaf_count=54 41 440 62 32 6050 161
internal_value=1.23045e-05 -0.000105303 -0.0106355 0.00894087 6.66829e-05 0.0042804
internal_weight=6840 6754 103 86 6651 601
internal_count=6840 6754 103 86 6651 601
is_linear=0
shrinkage=0.03


Tree=280
num_leaves=7
num_cat=0
split_feature=7 10 0 18 21 18
split_gain=9.54527 44.5917 42.6851 16.5374 41.3019 29.0307
threshold=1.0000000180025095e-35 0.0091868686868686895 0.93562139328216709 261.9500000000001 286.4215225630237 319.9500000000001
decision_type=2 2 2 10 10 10
left_child=3 2 -2 -1 5 -5
right_child=1 -3 -4 4 -6 -7
leaf_value=-0.0012409969394624471 0 0.021346041401848197 -0.013247293594715572 0 0.003099814532630247 -0.018658017633818361
leaf_weight=2597 665 44 302 193 2923 116
leaf_count=2597 665 44 302 193 2923 116
internal_value=1.07155e-05 -0.00262805 -0.00428132 0.000501458 0.00194671 -0.00803051
internal_weight=6840 1011 967 5829 3232 309
internal_count=6840 1011 967 5829 3232 309
is_linear=0
shrinkage=0.03


Tree=281
num_leaves=7
num_cat=0
split_feature=3 19 13 20 11 0
split_gain=9.62183 19.1032 31.2381 18.0619 16.4976 32.785
threshold=0.17918525858187362 232.72333333333344 1.7019752437124251 0.0044101085204270064 0.018754143899312303 1.0002375396795216
decision_type=2 10 2 2 2 2
left_child=1 2 -1 -3 -2 -6
right_child=4 3 -4 -5 5 -7
leaf_value=0.0086725855344405578 0.0069537739271886253 -0.013693035874635943 -0.0094974078213639328 -0.001664483265749104 0.001740748091407885 -0.0054804343929818504
leaf_weight=337 360 104 87 2357 2917 678
leaf_count=337 360 104 87 2357 2917 678
internal_value=8.03867e-06 -0.00128211 0.0043466 -0.00233955 0.000988596 0.000314588
internal_weight=6840 2885 424 2461 3955 3595
internal_count=6840 2885 424 2461 3955 3595
is_linear=0
shrinkage=0.03


Tree=282
num_leaves=7
num_cat=0
split_feature=0 16 4 0 16 15
split_gain=9.78286 22.685 10.9243 10.1104 46.9597 47.7098
threshold=1.2502232939580304 0.3531559894771617 0.10377391363074313 1.0738743189309068 0.7418672406877671 0.074840578291907767
decision_type=2 2 2 2 2 2
left_child=3 -2 -3 -1 -5 -6
right_child=1 2 -4 4 5 -7
leaf_value=0.0001590432122122882 0.023165867229302722 0.0055460212842855074 -0.0082081420440226795 0.0069778289597770948 0.0074604402567659102 -0.015561257676160503
leaf_weight=6031 34 129 58 202 85 301
leaf_count=6031 34 129 58 202 85 301
internal_value=5.3513e-06 0.00596298 0.000174503 -0.000188337 -0.00388608 -0.0100045
internal_weight=6840 221 187 6619 588 386
internal_count=6840 221 187 6619 588 386
is_linear=0
shrinkage=0.03


Tree=283
num_leaves=7
num_cat=0
split_feature=8 8 19 5 23 14
split_gain=9.45699 21.5556 22.5367 32.7538 31.1764 37.1511
threshold=26.538750000000004 38.722500000000004 207.85500000000067 0.2351133382738102 11.094166666666705 23.723918086007213
decision_type=2 2 10 2 10 2
left_child=-1 -2 3 -3 -4 -6
right_child=1 2 4 -5 5 -7
leaf_value=-0.0014566386632884824 0.0062579866354184827 0.016588965065667732 -0.010164511688287218 0.00057133844557020921 -0.0015159241011968943 0.0073182140140140312
leaf_weight=2448 559 150 279 426 2481 497
leaf_count=2448 559 150 279 426 2481 497
internal_value=8.21174e-06 0.000861586 7.25214e-06 0.00541097 -0.000929813 0
internal_weight=6840 4392 3833 576 3257 2978
internal_count=6840 4392 3833 576 3257 2978
is_linear=0
shrinkage=0.03


Tree=284
num_leaves=7
num_cat=0
split_feature=0 16 22 21 22 14
split_gain=9.39203 13.0406 9.19856 17.5539 17.5725 40.7162
threshold=1.2723730332504524 0.7418672406877671 16.900000000000038 282.66646593465663 27.000000000000032 24.148985069510093
decision_type=2 2 10 8 10 2
left_child=2 -2 -1 -4 5 -5
right_child=1 -3 3 4 -6 -7
leaf_value=0.0088528041863305991 0.019875711567699909 0.0011142619105281558 -0.0059215525525694512 0.0096960364698423333 -0.00061907621977975948 -0.0019907764529709946
leaf_weight=79 30 174 450 495 5098 514
leaf_count=79 30 174 450 495 5098 514
internal_value=9.50472e-06 0.00607122 -0.000171988 -0.000330117 7.53961e-05 0.00367384
internal_weight=6840 204 6636 6557 6107 1009
internal_count=6840 204 6636 6557 6107 1009
is_linear=0
shrinkage=0.03


Tree=285
num_leaves=7
num_cat=0
split_feature=12 20 12 8 23 17
split_gain=9.1594 12.5063 22.5303 34.5848 18.4003 19.5836
threshold=0.047623304218267402 0.0092476956614456745 0.019029298680714544 1652.6740500000003 28.365833333333345 1.0000000180025095e-35
decision_type=2 2 2 2 8 2
left_child=1 4 3 -3 5 -1
right_child=-2 2 -4 -5 -6 -7
leaf_value=0.0010345642275511205 -0.005328591267929666 0.0037206705730687827 0.00040404905317200621 0.026879068443628206 -0.013802866096019136 -0.0036799206573463429
leaf_weight=2319 255 480 2491 53 78 1164
leaf_count=2319 255 480 2491 53 78 1164
internal_value=1.19316e-05 0.000256959 0.00168761 0.00718356 -0.000918699 -0.000510186
internal_weight=6840 6585 3024 533 3561 3483
internal_count=6840 6585 3024 533 3561 3483
is_linear=0
shrinkage=0.03


Tree=286
num_leaves=7
num_cat=0
split_feature=18 18 17 12 2 9
split_gain=9.21136 27.97 29.5976 24.7383 31.8826 18.8587
threshold=198.15000000000006 183.25000000000003 1.0000000180025095e-35 0.01995476366586044 0.65396563977479161 1148.0000000000002
decision_type=8 10 2 2 2 2
left_child=1 2 3 4 -1 -3
right_child=-2 5 -4 -5 -6 -7
leaf_value=0.021729567423359387 0.00049219119810731897 -0.024317487347126007 -0.0056087158681510383 -0.0037881584149961184 0.00036755522298989092 -0.0045301996542761727
leaf_weight=115 5839 55 356 123 147 205
leaf_count=115 5839 55 356 123 147 205
internal_value=1.23807e-05 -0.00259434 0.000255308 0.0060572 0.011152 -0.0106897
internal_weight=6840 1001 741 385 262 260
internal_count=6840 1001 741 385 262 260
is_linear=0
shrinkage=0.03


Tree=287
num_leaves=7
num_cat=0
split_feature=3 19 13 20 6 24
split_gain=9.12892 17.3641 29.3773 17.2635 14.7466 19.4639
threshold=0.17918525858187362 232.72333333333344 1.7019752437124251 0.0044101085204270064 1.0447650372404209 -5.7999999999999821
decision_type=2 10 2 2 2 10
left_child=1 2 -1 -3 -5 -6
right_child=-2 3 -4 4 5 -7
leaf_value=0.0083204591169194209 0.00096496156785373004 -0.013355940662760047 -0.0092909053939848329 -0.0036533979372171295 -0.013148998919014747 0.0022921239762792628
leaf_weight=337 3955 104 87 1347 58 952
leaf_count=337 3955 104 87 1347 58 952
internal_value=9.32802e-06 -0.00124672 0.00411324 -0.00225635 -0.00159523 0.00102167
internal_weight=6840 2885 424 2461 2357 1010
internal_count=6840 2885 424 2461 2357 1010
is_linear=0
shrinkage=0.03


Tree=288
num_leaves=7
num_cat=0
split_feature=16 15 15 15 10 6
split_gain=9.05553 30.8664 14.485 33.1964 26.301 18.5538
threshold=9.8064418520640029 0.63359360760746741 0.78292190679549989 0.67252002315899861 -0.0003131313131313124 1.6753941161274046
decision_type=2 2 2 2 2 2
left_child=2 -2 3 5 -5 -1
right_child=1 -3 -4 4 -6 -7
leaf_value=0.0002240288248140726 -0.013796738981119131 0.0048605388419781913 -0.0014621168248299481 0.0049865345399900292 0.031314396530921974 0.011055655462946743
leaf_weight=3655 149 121 2579 170 36 130
leaf_count=3655 149 121 2579 170 36 130
internal_value=5.29847e-06 -0.0051597 0.000255335 0.00140431 0.0126153 0.000691631
internal_weight=6840 270 6570 3991 206 3785
internal_count=6840 270 6570 3991 206 3785
is_linear=0
shrinkage=0.03


Tree=289
num_leaves=7
num_cat=0
split_feature=21 18 15 1 1 18
split_gain=9.02307 48.6374 33.0431 27.7467 19.797 19.4554
threshold=287.63708012914975 318.85000000000008 0.10148121430577815 1.7728189361141105 1.3126081441205748 295.75000000000006
decision_type=8 10 2 2 2 8
left_child=1 2 3 4 -1 -2
right_child=5 -3 -4 -5 -6 -7
leaf_value=0.0021191420380026102 -0.00094231943740847733 -0.015508019770554644 -0.0024084127241995302 -0.0080762043868152188 0.019990849171804975 0.0027067220620342609
leaf_weight=130 2944 187 1097 51 132 2299
leaf_count=130 2944 187 1097 51 132 2299
internal_value=9.70356e-06 -0.00192782 0 0.00835757 0.0124343 0.000633451
internal_weight=6840 1597 1410 313 262 5243
internal_count=6840 1597 1410 313 262 5243
is_linear=0
shrinkage=0.03


Tree=290
num_leaves=7
num_cat=0
split_feature=7 22 18 6 21 18
split_gain=9.12826 28.6043 31.163 33.3119 29.8207 16.1999
threshold=1.0000000180025095e-35 35.700000000000024 229.75000000000003 1.5955031924623617 294.18526361248342 261.9500000000001
decision_type=2 8 10 2 10 10
left_child=5 2 3 -2 -3 -1
right_child=1 4 -4 -5 -6 -7
leaf_value=-0.0012360061961134972 -0.0025172281796267018 0.021076392671652136 -0.01007296671165916 0.02378676710210063 0 0.0019190732422091335
leaf_weight=2597 161 55 491 35 269 3232
leaf_count=2597 161 55 491 35 269 3232
internal_value=7.91521e-06 -0.00257216 -0.00607444 0.00325303 0.00433934 0.000488322
internal_weight=6840 1011 687 196 324 5829
internal_count=6840 1011 687 196 324 5829
is_linear=0
shrinkage=0.03


Tree=291
num_leaves=7
num_cat=0
split_feature=9 14 11 14 14 9
split_gain=8.85364 21.1159 19.6491 15.2955 13.2345 52.9312
threshold=2832.0000000000005 56.144846009606745 0.02714946328841409 70.897572471863143 37.446588971228628 1618.5000000000002
decision_type=2 2 2 2 2 2
left_child=1 4 3 -3 -1 -6
right_child=-2 2 -4 -5 5 -7
leaf_value=-0.00019426192308499447 0.0073373230653559817 -0.019198666303187457 0 0 0.017857798240496155 -0.0005019759257135517
leaf_weight=5669 126 116 200 46 167 516
leaf_count=5669 126 116 200 46 167 516
internal_value=9.51944e-06 -0.000127108 -0.00699251 -0.0141348 0.00026133 0.00415412
internal_weight=6840 6714 362 162 6352 683
internal_count=6840 6714 362 162 6352 683
is_linear=0
shrinkage=0.03


Tree=292
num_leaves=7
num_cat=0
split_feature=3 10 21 22 15 8
split_gain=8.79648 18.0051 24.1275 16.7369 36.4237 32.0715
threshold=0.17918525858187362 0.0033113820887110761 297.51120187097189 31.700000000000021 0.80440044142359113 29.602800000000006
decision_type=2 2 10 8 2 2
left_child=1 -1 3 4 -3 -5
right_child=-2 2 -4 5 -6 -7
leaf_value=-0.0030190801499196144 0.00094660652726800802 0.0052810230256054771 -0.010660943711223472 -0.0016490851319058545 -0.010564862905819084 0.014797621400010983
leaf_weight=1848 3955 379 99 153 174 232
leaf_count=1848 3955 379 99 153 174 232
internal_value=8.12253e-06 -0.00122445 0.00182838 0.00349818 0 0.00813261
internal_weight=6840 2885 1037 938 553 385
internal_count=6840 2885 1037 938 553 385
is_linear=0
shrinkage=0.03


Tree=293
num_leaves=7
num_cat=0
split_feature=20 12 8 24 14 16
split_gain=8.93088 25.0626 32.6511 23.2388 16.8267 19.114
threshold=0.0092476956614456745 0.019029298680714544 1652.6740500000003 14.700000000000019 55.669639344324075 0.78266686851158951
decision_type=2 2 2 8 2 2
left_child=3 2 -2 4 -1 -6
right_child=1 -3 -4 -5 5 -7
leaf_value=0 0.0036156601054826753 0 0.026138697710551623 -0.014373278007352431 -0.018334182848532995 0
leaf_weight=3359 480 2678 53 94 79 97
leaf_count=3359 480 2678 53 94 79 97
internal_value=6.14108e-06 0.00117622 0.00699088 -0.000988833 -0.00051187 -0.00905638
internal_weight=6840 3211 533 3629 3535 176
internal_count=6840 3211 533 3629 3535 176
is_linear=0
shrinkage=0.03


Tree=294
num_leaves=7
num_cat=0
split_feature=18 19 4 19 13 8
split_gain=8.80151 27.7389 24.0821 22.5721 24.2211 21.8445
threshold=198.15000000000006 202.14166666666708 -0.15265922113894856 219.96666666666661 0.87770219997576671 467.50860000000006
decision_type=8 10 2 10 2 2
left_child=1 5 -3 4 -2 -1
right_child=3 2 -4 -5 -6 -7
leaf_value=-0.002417593911547456 0.011742459856708498 0.0016448346198332019 -0.013996074226334315 -2.8657141556543766e-05 -0.0025117216819030307 0.0090179932476075492
leaf_weight=456 288 103 247 5419 132 195
leaf_count=456 288 103 247 5419 132 195
internal_value=4.73563e-06 -0.00254314 -0.00914767 0.000474318 0.00701113 0.00095096
internal_weight=6840 1001 350 5839 420 651
internal_count=6840 1001 350 5839 420 651
is_linear=0
shrinkage=0.03


Tree=295
num_leaves=7
num_cat=0
split_feature=16 15 15 15 5 22
split_gain=8.57951 29.2247 13.4985 31.398 22.4702 22.039
threshold=9.8064418520640029 0.63359360760746741 0.78292190679549989 0.67252002315899861 0.2532328511255475 38.200000000000024
decision_type=2 2 2 2 2 10
left_child=2 -2 3 5 -5 -1
right_child=1 -3 -4 4 -6 -7
leaf_value=0.0014135277468182133 -0.013433552143334812 0.004705713308079445 -0.0014093876275115315 0.031115573528409001 0.005434657541027634 -0.0064863839602626785
leaf_weight=3459 149 121 2579 30 176 326
leaf_count=3459 149 121 2579 30 176 326
internal_value=3.58346e-06 -0.00502333 0.000247549 0.00135735 0.0122609 0.000663173
internal_weight=6840 270 6570 3991 206 3785
internal_count=6840 270 6570 3991 206 3785
is_linear=0
shrinkage=0.03


Tree=296
num_leaves=7
num_cat=0
split_feature=21 15 19 11 23 23
split_gain=8.69475 33.0475 28.1386 32.6018 24.4139 20.8244
threshold=287.63708012914975 0.10148121430577815 247.66000000000011 0.040017781839351861 12.814166666666718 11.340833333333359
decision_type=8 2 10 2 10 10
left_child=1 2 3 5 -4 -1
right_child=-2 -3 4 -5 -6 -7
leaf_value=0.021796235803669021 0.00061809031841234398 -0.0042166914315462821 -0.0129931286388112 -0.0072529650595588753 0.011389621233673028 -0.0001432021693238672
leaf_weight=149 5243 1255 86 41 33 33
leaf_count=149 5243 1255 86 41 33 33
internal_value=5.34247e-06 -0.00189633 0.00596663 0.0120722 -0.00448649 0.0174553
internal_weight=6840 1597 342 223 119 182
internal_count=6840 1597 342 223 119 182
is_linear=0
shrinkage=0.03


Tree=297
num_leaves=7
num_cat=0
split_feature=7 0 16 0 18 4
split_gain=8.7464 30.3282 38.058 23.4565 18.9726 29.0185
threshold=1.0000000180025095e-35 0.93562139328216709 0.98669152895064438 1.0689306069406805 235.05000000000004 0.086738713775938697
decision_type=2 2 2 2 10 2
left_child=-1 4 3 -3 5 -2
right_child=1 2 -4 -5 -6 -7
leaf_value=0.00047541705466664367 0.0012256189169070823 -0.0077298284628260355 -0.01845454364111929 0.013483391810139571 -0.0019657537182589577 0.028819957369565961
leaf_weight=5829 159 88 178 61 495 30
leaf_count=5829 159 88 178 61 495 30
internal_value=4.6747e-06 -0.00252051 -0.00978866 0.000635108 0.000920484 0.00866212
internal_weight=6840 1011 327 149 684 189
internal_count=6840 1011 327 149 684 189
is_linear=0
shrinkage=0.03


Tree=298
num_leaves=7
num_cat=0
split_feature=0 16 10 21 0 16
split_gain=8.79854 20.1964 14.3292 10.7066 10.393 42.2499
threshold=1.2502232939580304 0.3531559894771617 0.0017026682027139128 289.82263229699117 1.0738743189309068 0.7418672406877671
decision_type=2 2 2 10 2 2
left_child=4 -2 3 -3 -1 -6
right_child=1 2 -4 -5 5 -7
leaf_value=0.00017594025766156052 0.021893652317424617 -0.00031216503282149248 -0.0082833746240920953 0.014512280549902419 0.006360619476291577 -0.0097274297443470849
leaf_weight=6031 34 58 72 57 202 386
leaf_count=6031 34 58 72 57 202 386
internal_value=5.92114e-06 0.00565678 0.000149885 0.0069859 -0.000176633 -0.00392645
internal_weight=6840 221 187 115 6619 588
internal_count=6840 221 187 115 6619 588
is_linear=0
shrinkage=0.03


Tree=299
num_leaves=7
num_cat=0
split_feature=0 24 0 20 16 18
split_gain=8.46595 15.9927 19.4081 12.3464 14.9275 22.5671
threshold=1.2723730332504524 -0.99999999999997147 1.531773873074308 0.0069743967105340169 0.030934903550321854 288.65000000000003
decision_type=2 10 2 2 2 10
left_child=3 -2 -3 -1 5 -5
right_child=1 2 -4 4 -6 -7
leaf_value=-0.0019299153850587368 -0.0019847593118289581 0.02125489335550472 -0.00016418864484876394 -0.011373669822452538 0.001394212505799151 0.0014117588740325748
leaf_weight=2333 94 66 44 198 3865 240
leaf_count=2333 94 66 44 198 3865 240
internal_value=7.89682e-06 0.00576406 0.0128263 -0.000163308 0.00076431 -0.00428472
internal_weight=6840 204 110 6636 4303 438
internal_count=6840 204 110 6636 4303 438
is_linear=0
shrinkage=0.03


Tree=300
num_leaves=7
num_cat=0
split_feature=1 20 24 17 10 11
split_gain=8.39386 15.9626 22.5286 17.866 29.7596 26.4444
threshold=0.87960289250993029 0.0092476956614456745 14.700000000000019 1.0000000180025095e-35 0.0065303030303030295 0.028837182968566851
decision_type=2 2 8 2 2 2
left_child=-1 2 3 4 -2 -5
right_child=1 -3 -4 5 -6 -7
leaf_value=-0.0031212453850015809 8.5431629880654758e-05 0.0020413672405395042 -0.014402374555526131 -0.0076467186555175693 0.015134050228640318 0.001467613702551433
leaf_weight=665 2054 2838 90 618 107 468
leaf_count=665 2054 2838 90 618 107 468
internal_value=7.10085e-06 0.000377202 -0.000997159 -0.000493787 0.00103127 -0.00362786
internal_weight=6840 6175 3337 3247 2161 1086
internal_count=6840 6175 3337 3247 2161 1086
is_linear=0
shrinkage=0.03


Tree=301
num_leaves=7
num_cat=0
split_feature=8 10 1 2 14 2
split_gain=8.39665 17.6743 37.3193 17.8862 16.6856 17.1594
threshold=15.010200000000001 0.0069418828387325278 1.257986419531963 0.40703005293290279 67.849801981972334 0.29957735905295396
decision_type=2 2 2 2 2 2
left_child=-1 4 -3 -4 5 -2
right_child=1 2 3 -5 -6 -7
leaf_value=-0.0020073358905204567 0.0067032088296364433 -0.0045864463141678195 0 0.022590300631159403 -0.01321469539731014 -4.3397535416172042e-05
leaf_weight=1421 342 94 31 107 62 4783
leaf_count=1421 342 94 31 107 62 4783
internal_value=6.32443e-06 0.000567376 0.00833904 0.0175588 0.000160269 0.000401968
internal_weight=6840 5419 232 138 5187 5125
internal_count=6840 5419 232 138 5187 5125
is_linear=0
shrinkage=0.03


Tree=302
num_leaves=7
num_cat=0
split_feature=7 10 14 15 16 15
split_gain=8.36071 40.0078 27.2829 24.335 12.7145 22.0594
threshold=1.0000000180025095e-35 0.0091868686868686895 1.4444746910769481 0.54210171007786123 9.8064418520640029 0.63359360760746741
decision_type=2 2 2 2 2 2
left_child=4 2 -2 -4 -1 -6
right_child=1 -3 3 -5 5 -7
leaf_value=0.00079345282186584908 0.00092338517875572331 0.02022510857786983 -0.0020177337967648805 -0.015929400425578933 -0.012847600445419015 0.003473648765109113
leaf_weight=5580 465 44 282 220 147 102
leaf_count=5580 465 44 282 220 147 102
internal_value=4.57853e-06 -0.00246379 -0.00403705 -0.00877857 0.000465305 -0.00584299
internal_weight=6840 1011 967 502 5829 249
internal_count=6840 1011 967 502 5829 249
is_linear=0
shrinkage=0.03


Tree=303
num_leaves=7
num_cat=0
split_feature=3 21 10 9 9 13
split_gain=8.90886 16.563 22.1525 21.38 37.5087 47.9859
threshold=0.17918525858187362 297.61068506712525 0.0033113820887110761 1465.0000000000002 1127.0000000000002 6.2655801503937907
decision_type=2 8 2 2 2 2
left_child=1 2 -1 4 -4 -6
right_child=-2 -3 3 -5 5 -7
leaf_value=-0.0025230217204220136 0.00094837933749395407 -0.0077019554076832716 0.0010180810180856663 -0.00012125409119926337 0.040903462675355731 0.0016207293667987491
leaf_weight=1641 3955 300 241 591 43 69
leaf_count=1641 3955 300 241 591 43 69
internal_value=3.9707e-06 -0.00123668 -0.00037541 0.00317717 0.00881202 0.0217512
internal_weight=6840 2885 2585 944 353 112
internal_count=6840 2885 2585 944 353 112
is_linear=0
shrinkage=0.03


Tree=304
num_leaves=7
num_cat=0
split_feature=3 0 0 20 23 1
split_gain=8.3184 17.4971 41.927 19.1365 20.7557 19.8743
threshold=0.17918525858187362 1.1256357623709283 1.0285039011068855 0.021789359979372109 6.6425000000000098 1.0425051327050385
decision_type=2 2 2 2 10 2
left_child=1 2 3 4 -1 -5
right_child=-2 -3 -4 5 -6 -7
leaf_value=0.0097377698637473465 0.00092007112022679299 -0.013675450294165673 0.01064014531313902 -0.0015928708305291365 -0.0037199564808334199 0.010981982152676208
leaf_weight=84 3955 79 243 220 2084 175
leaf_count=84 3955 79 243 220 2084 175
internal_value=6.83797e-06 -0.00119118 -0.000692323 -0.0018989 -0.00304573 0.00387758
internal_weight=6840 2885 2806 2563 2168 395
internal_count=6840 2885 2806 2563 2168 395
is_linear=0
shrinkage=0.03


Tree=305
num_leaves=7
num_cat=0
split_feature=21 19 23 23 21 21
split_gain=8.31437 24.3846 25.4203 20.5626 32.2252 32.2253
threshold=287.63708012914975 246.67999999999986 13.023333333333335 17.419166666666694 290.01942554806743 289.45125089861091
decision_type=8 10 10 10 10 10
left_child=1 -1 -3 -2 5 -5
right_child=3 2 -4 4 -6 -7
leaf_value=0.00038736101915008513 0.0027522580251238965 -0.011134003764809676 0.0048729497341678365 0 -8.7386820793493116e-05 -0.023763367388811376
leaf_weight=1144 2283 364 89 103 2769 88
leaf_count=1144 2283 364 89 103 2769 88
internal_value=7.79536e-06 -0.00185122 -0.00759896 0.000607428 -0.00100388 -0.012312
internal_weight=6840 1597 453 5243 2960 191
internal_count=6840 1597 453 5243 2960 191
is_linear=0
shrinkage=0.03


Tree=306
num_leaves=7
num_cat=0
split_feature=9 14 16 5 16 14
split_gain=8.27529 18.6256 16.5263 20.5254 18.1033 11.7159
threshold=2832.0000000000005 56.144846009606745 0.78266686851158951 0.1547640528623585 1.9216435006311792 37.446588971228628
decision_type=2 2 2 2 2 2
left_child=1 5 3 -3 -4 -1
right_child=-2 2 4 -5 -6 -7
leaf_value=-0.00019072160032843844 0.0070901059906145125 -0.01847553576416119 0.013244405665799328 0 -0.0060277249209446312 0.0039002021154916047
leaf_weight=5669 126 126 49 91 96 683
leaf_count=5669 126 126 49 91 96 683
internal_value=4.40915e-06 -0.000126954 -0.00657522 -0.0115037 0.000391805 0.000236476
internal_weight=6840 6714 362 217 145 6352
internal_count=6840 6714 362 217 145 6352
is_linear=0
shrinkage=0.03


Tree=307
num_leaves=7
num_cat=0
split_feature=18 19 6 19 15 21
split_gain=8.33943 25.7837 22.503 20.7251 24.2864 20.1372
threshold=198.15000000000006 202.14166666666708 0.73511820624442958 219.96666666666661 0.17321169278622614 286.4215225630237
decision_type=8 10 2 10 2 10
left_child=1 -1 -3 4 -2 -5
right_child=3 2 -4 5 -6 -7
leaf_value=0.00088546376050437417 0.017453407162535264 0.0015524672005302841 -0.013532483308364145 -0.0060591376547500398 0.0013925419522771755 0.0005048252984066493
leaf_weight=651 115 103 247 439 305 4980
leaf_count=651 115 103 247 439 305 4980
internal_value=3.45408e-06 -0.00247608 -0.00884384 0.000461131 0.00672451 -1.9676e-05
internal_weight=6840 1001 350 5839 420 5419
internal_count=6840 1001 350 5839 420 5419
is_linear=0
shrinkage=0.03


Tree=308
num_leaves=7
num_cat=0
split_feature=7 10 22 19 18 22
split_gain=8.02506 37.7065 25.7235 18.8358 15.6093 44.256
threshold=1.0000000180025095e-35 0.0091868686868686895 35.700000000000024 246.23833333333295 261.9500000000001 25.800000000000015
decision_type=2 2 10 8 10 8
left_child=4 2 3 -2 5 -1
right_child=1 -3 -4 -5 -6 -7
leaf_value=0.0051287801072513418 0 0.019601325360126792 0.0027833608056967107 -0.010749938868274189 0.0018618275094126804 -0.0036183396888611595
leaf_weight=684 223 44 306 438 3232 1913
leaf_count=684 223 44 306 438 3232 1913
internal_value=4.85462e-06 -0.00241297 -0.00394352 -0.00726818 0.000456672 -0.00123561
internal_weight=6840 1011 967 661 5829 2597
internal_count=6840 1011 967 661 5829 2597
is_linear=0
shrinkage=0.03


Tree=309
num_leaves=7
num_cat=0
split_feature=12 20 24 12 15 9
split_gain=8.24733 10.9698 20.7228 19.5554 25.8804 29.7569
threshold=0.047623304218267402 0.0092476956614456745 14.700000000000019 0.019029298680714544 0.11636840050524551 1128.5000000000002
decision_type=2 2 8 2 2 2
left_child=1 2 -1 4 5 -3
right_child=-2 3 -4 -5 -6 -7
leaf_value=-0.00039831806492221473 -0.0050602799982848489 0.036869334137210476 -0.013488306618497805 0.00038090576870870282 0.0025175814259456603 0.0037928870292962525
leaf_weight=3467 255 32 94 2491 421 80
leaf_count=3467 255 32 94 2491 421 80
internal_value=6.56309e-06 0.000240212 -0.000859146 0.00158121 0.00670298 0.018534
internal_weight=6840 6585 3561 3024 533 112
internal_count=6840 6585 3561 3024 533 112
is_linear=0
shrinkage=0.03


Tree=310
num_leaves=7
num_cat=0
split_feature=18 18 9 9 3 5
split_gain=7.99511 23.8573 18.3072 16.9128 12.0817 26.0946
threshold=198.15000000000006 183.25000000000003 1148.0000000000002 2308.5000000000005 0.17918525858187362 0.1800364221329234
decision_type=8 10 2 2 2 2
left_child=1 -1 -3 -4 -2 -6
right_child=4 2 3 -5 5 -7
leaf_value=0.00019867022924423917 -0.0010046503529403412 -0.023226356932520866 0.0017848239285185147 -0.013976875083791392 0.015085972329979994 0.0011004053254951656
leaf_weight=741 2642 55 132 73 108 3089
leaf_count=741 2642 55 132 73 108 3089
internal_value=8.51902e-06 -0.00241856 -0.00989476 -0.00390469 0.000457038 0.00171034
internal_weight=6840 1001 260 205 5839 3197
internal_count=6840 1001 260 205 5839 3197
is_linear=0
shrinkage=0.03


Tree=311
num_leaves=7
num_cat=0
split_feature=0 20 12 17 9 0
split_gain=7.95273 11.2995 19.9302 33.5181 31.0662 22.2053
threshold=1.2723730332504524 0.0069743967105340169 0.019029298680714544 1.0000000180025095e-35 1156.5000000000002 1.0002375396795216
decision_type=2 2 2 2 2 2
left_child=1 -1 3 4 -3 -5
right_child=-2 2 -4 5 -6 -7
leaf_value=-0.0018495104118904917 0.0055861770891202202 0.029044654241240603 -0.00043287845214609242 0.0028815736639989297 0.005608805871418752 -0.010664295581862418
leaf_weight=2333 204 62 3202 691 241 107
leaf_count=2333 204 62 3202 691 241 107
internal_value=6.51088e-06 -0.00015875 0.000727564 0.00418376 0.0123702 0.000665566
internal_weight=6840 6636 4303 1101 303 798
internal_count=6840 6636 4303 1101 303 798
is_linear=0
shrinkage=0.03


Tree=312
num_leaves=7
num_cat=0
split_feature=22 22 4 2 2 8
split_gain=7.88827 14.81 16.6113 13.4084 11.7069 16.2909
threshold=16.900000000000038 19.200000000000021 -0.14513878118997284 0.69738071541847835 0.29957735905295396 1652.6740500000003
decision_type=10 10 2 2 2 2
left_child=3 2 -2 -1 5 -3
right_child=1 4 -4 -5 -6 -7
leaf_value=0.015859547102874197 0.0014480613106403683 0.0017742130674278443 -0.01853789001294389 -0.003075526197118541 -0.00030681634953676884 0.017022694809527335
leaf_weight=54 41 542 62 32 6050 59
leaf_count=54 41 542 62 32 6050 59
internal_value=8.9547e-06 -9.62873e-05 -0.0104209 0.00814792 7.18821e-05 0.00401272
internal_weight=6840 6754 103 86 6651 601
internal_count=6840 6754 103 86 6651 601
is_linear=0
shrinkage=0.03


Tree=313
num_leaves=7
num_cat=0
split_feature=9 14 11 14 14 14
split_gain=7.7192 17.5453 17.8977 13.7718 11.0943 48.4779
threshold=2832.0000000000005 56.144846009606745 0.02714946328841409 70.897572471863143 37.446588971228628 42.231485457887494
decision_type=2 2 2 2 2 2
left_child=1 4 3 -3 -1 -6
right_child=-2 2 -4 -5 5 -7
leaf_value=-0.00017914419084395233 0.0068531754486620012 -0.017992997428895357 0 0 0.022841934567075492 0.00027323861025093543
leaf_weight=5669 126 116 200 46 83 600
leaf_count=5669 126 116 200 46 83 600
internal_value=9.92667e-06 -0.000116196 -0.0063755 -0.0131841 0.000235872 0.00380103
internal_weight=6840 6714 362 162 6352 683
internal_count=6840 6714 362 162 6352 683
is_linear=0
shrinkage=0.03


Tree=314
num_leaves=7
num_cat=0
split_feature=12 20 24 12 8 14
split_gain=7.69544 10.1726 19.6922 17.9757 27.979 14.1269
threshold=0.047623304218267402 0.0092476956614456745 14.700000000000019 0.019029298680714544 1652.6740500000003 55.669639344324075
decision_type=2 2 8 2 2 2
left_child=1 2 5 4 -3 -1
right_child=-2 3 -4 -5 -6 -7
leaf_value=4.8990387915999734e-05 -0.0048823738340796393 0.0032923892613686621 -0.013130735812132786 0.00037532274443904327 0.024185850712126249 -0.0082226489273687971
leaf_weight=3292 255 480 94 2491 53 175
leaf_count=3292 255 480 94 2491 53 175
internal_value=1.07114e-05 0.000237113 -0.000820459 0.00152897 0.0064408 -0.000370278
internal_weight=6840 6585 3561 3024 533 3467
internal_count=6840 6585 3561 3024 533 3467
is_linear=0
shrinkage=0.03


Tree=315
num_leaves=7
num_cat=0
split_feature=21 18 15 11 19 24
split_gain=7.88396 43.3094 25.7839 25.2078 22.8508 20.4035
threshold=287.63708012914975 318.85000000000008 0.10148121430577815 0.038317347861265762 220.51500000000024 -9.0999999999999641
decision_type=8 10 2 2 10 10
left_child=1 2 3 4 -1 -2
right_child=5 -3 -4 -5 -6 -7
leaf_value=0.01917487202283398 0.019175380303893451 -0.014614495337414353 -0.0021037022252580659 -0.006797271417681037 9.6664035446514411e-05 0.00037571410302653839
leaf_weight=137 33 187 1097 62 114 5210
leaf_count=137 33 187 1097 62 114 5210
internal_value=1.05358e-05 -0.00179901 0 0.0074055 0.01171 0.000594961
internal_weight=6840 1597 1410 313 251 5243
internal_count=6840 1597 1410 313 251 5243
is_linear=0
shrinkage=0.03


Tree=316
num_leaves=7
num_cat=0
split_feature=7 10 23 3 10 21
split_gain=7.85765 36.1441 19.6957 17.5523 22.3946 16.761
threshold=1.0000000180025095e-35 0.0091868686868686895 19.73416666666667 -0.026046377792024861 -0.00684924454549339 291.44428183424156
decision_type=2 2 10 2 2 10
left_child=-1 2 3 -2 -5 -6
right_child=1 -3 -4 4 5 -7
leaf_value=0.00045878397572939587 0.0091675764102023098 0.019163925941102205 0.0011082406818017964 0.00085724523957861278 -0.0052215109806763756 -0.018884477521635596
leaf_weight=5829 30 44 378 136 242 181
leaf_count=5829 30 44 378 136 242 181
internal_value=1.15586e-05 -0.00238035 -0.00388108 -0.0072606 -0.00868754 -0.0119951
internal_weight=6840 1011 967 589 559 423
internal_count=6840 1011 967 589 559 423
is_linear=0
shrinkage=0.03


Tree=317
num_leaves=7
num_cat=0
split_feature=8 9 9 8 14 14
split_gain=7.57681 30.6703 25.5093 16.0506 13.8801 14.2875
threshold=15.010200000000001 2428.0000000000005 2291.0000000000005 7.7350500000000011 67.849801981972334 37.446588971228628
decision_type=2 2 2 2 2 2
left_child=1 2 3 -1 5 -2
right_child=4 -3 -4 -5 -6 -7
leaf_value=0.00041482970827508948 0.00021237725298749784 0.0056549463090130652 -0.012482236911909078 -0.0092703106443529359 -0.010970480157942561 0.0053660588601064643
leaf_weight=665 4819 333 252 171 71 529
leaf_count=665 4819 333 252 171 71 529
internal_value=1.31054e-05 -0.0018983 -0.00440581 -0.0015613 0.000547039 0.000768193
internal_weight=6840 1421 1088 836 5419 5348
internal_count=6840 1421 1088 836 5419 5348
is_linear=0
shrinkage=0.03


Tree=318
num_leaves=7
num_cat=0
split_feature=18 19 4 19 13 3
split_gain=7.89461 22.7324 21.2142 18.9806 21.2899 17.8373
threshold=198.15000000000006 193.51000000000082 -0.15265922113894856 219.96666666666661 0.87770219997576671 0.13671157454884064
decision_type=8 10 2 10 2 2
left_child=1 5 -3 4 -2 -1
right_child=3 2 -4 -5 -6 -7
leaf_value=0.014422797329491005 0.0108969319423709 0.0014138537626422476 -0.01218336069878552 -2.2674609188242891e-06 -0.0024230793262157882 -0.00056567597612913864
leaf_weight=60 288 124 279 5419 132 538
leaf_count=60 288 124 279 5419 132 538
internal_value=1.08689e-05 -0.00240064 -0.00777596 0.000456667 0.00644988 0.00111355
internal_weight=6840 1001 403 5839 420 598
internal_count=6840 1001 403 5839 420 598
is_linear=0
shrinkage=0.03


Tree=319
num_leaves=7
num_cat=0
split_feature=21 15 1 11 24 11
split_gain=7.71835 27.4825 21.9922 37.327 19.5583 18.3106
threshold=287.63708012914975 0.10148121430577815 1.7728189361141105 0.032605189010684155 -9.0999999999999641 0.02597591472302703
decision_type=8 2 2 2 10 2
left_child=1 2 3 -1 -2 -3
right_child=4 5 -4 -5 -6 -7
leaf_value=0.015721799089082489 0.018782444687665632 -0.0085712451353174395 -0.0085738016386810497 -0.005703447015806047 0.00037342076510521569 -0.00087052129314601015
leaf_weight=202 33 460 56 84 5210 795
leaf_count=202 33 460 56 84 5210 795
internal_value=1.02419e-05 -0.00177996 0.00537423 0.00897739 0.000588725 -0.00390092
internal_weight=6840 1597 342 286 5243 1255
internal_count=6840 1597 342 286 5243 1255
is_linear=0
shrinkage=0.03


Tree=320
num_leaves=7
num_cat=0
split_feature=16 15 16 23 21 10
split_gain=7.5067 26.2706 12.0651 12.5166 63.0592 33.1617
threshold=9.8064418520640029 0.63359360760746741 9.6445144440292427 17.926666666666687 290.01942554806743 -0.0025036979629294884
decision_type=2 2 2 10 10 2
left_child=2 -2 3 -1 5 -5
right_child=1 -3 -4 4 -6 -7
leaf_value=0.001108209071142728 -0.01268202874589072 0.0044898574020555042 0.0093656443242616655 -0.0022325973763831493 -0.00026840964922646306 -0.032210583806749474
leaf_weight=3951 149 121 108 77 2365 69
leaf_count=3951 149 121 108 77 2365 69
internal_value=9.59866e-06 -0.00469032 0.000239156 3.50567e-05 -0.00158967 -0.0194777
internal_weight=6840 270 6570 6462 2511 146
internal_count=6840 270 6570 6462 2511 146
is_linear=0
shrinkage=0.03


Tree=321
num_leaves=7
num_cat=0
split_feature=8 10 1 23 14 8
split_gain=7.31445 16.0901 33.6974 38.3285 14.0465 12.3263
threshold=15.010200000000001 0.0069418828387325278 1.257986419531963 12.640000000000045 67.849801981972334 3.6198000000000001
decision_type=2 2 2 8 2 2
left_child=5 4 -3 -4 -2 -1
right_child=1 2 3 -5 -6 -7
leaf_value=0.0015207841665715567 0.00036469320816350366 -0.0042867829278111459 -0.0067177546888589857 0.024427742748084711 -0.012127573757727699 -0.0040389831063791801
leaf_weight=529 5125 94 30 108 62 892
leaf_count=529 5125 94 30 108 62 892
internal_value=5.16232e-06 0.000530255 0.00794512 0.0167143 0.000140558 -0.00187276
internal_weight=6840 5419 232 138 5187 1421
internal_count=6840 5419 232 138 5187 1421
is_linear=0
shrinkage=0.03


Tree=322
num_leaves=7
num_cat=0
split_feature=0 19 23 22 20 0
split_gain=7.67565 11.768 18.5158 15.3382 9.93863 23.0018
threshold=1.2502232939580304 313.20333333333309 12.640000000000045 30.400000000000038 0.0092476956614456745 0.87784820765183291
decision_type=2 10 10 10 2 2
left_child=4 2 -2 -4 5 -1
right_child=1 -3 3 -5 -6 -7
leaf_value=0.0010130374933767015 -0.0015283074170596652 -0.0059947214785375088 0.028165573881789373 0.0033682254404213624 0.0010161506271868868 -0.0038210246927329545
leaf_weight=1774 71 37 36 77 3174 1671
leaf_count=1774 71 37 36 77 3174 1671
internal_value=3.62048e-06 0.00528305 0.00865154 0.0154435 -0.000165443 -0.00129696
internal_weight=6840 221 184 113 6619 3445
internal_count=6840 221 184 113 6619 3445
is_linear=0
shrinkage=0.03


Tree=323
num_leaves=7
num_cat=0
split_feature=7 22 11 11 3 2
split_gain=7.57166 24.0621 26.3993 24.4475 14.3615 20.4377
threshold=1.0000000180025095e-35 35.700000000000024 0.016302227599505555 0.033768193126880473 -0.016485269432818427 0.2567539526785847
decision_type=2 8 2 2 2 2
left_child=4 2 -2 -4 -1 -6
right_child=1 -3 3 -5 5 -7
leaf_value=-0.0053583067432203786 0.014519938118755817 0.0039757715038065853 -0.012775202731038658 -0.0007663854175610173 0.0092188996517021827 0.00041190367419175351
leaf_weight=334 32 324 326 329 232 5263
leaf_count=334 32 324 326 329 232 5263
internal_value=5.45521e-06 -0.00234237 -0.00556245 -0.00716695 0.000444932 0.000843019
internal_weight=6840 1011 687 655 5829 5495
internal_count=6840 1011 687 655 5829 5495
is_linear=0
shrinkage=0.03


Tree=324
num_leaves=7
num_cat=0
split_feature=12 18 18 11 11 8
split_gain=7.28397 8.5131 20.5516 35.3388 22.0018 29.1414
threshold=0.047623304218267402 198.15000000000006 183.25000000000003 0.023116111152882968 0.020785382149968182 79.123500000000021
decision_type=2 8 10 2 2 2
left_child=1 2 4 -4 5 -1
right_child=-2 -3 3 -5 -6 -7
leaf_value=-0.00048170594750352353 -0.0047541488286446439 0.00070134956179663426 -0.022264498902597029 0 -0.0021899352004568491 0.023809985004512493
leaf_weight=78 255 5601 92 165 593 56
leaf_count=78 255 5601 92 165 593 56
internal_value=6.09855e-06 0.000226984 -0.00228392 -0.00925264 0.000160537 0.0104698
internal_weight=6840 6585 984 257 727 134
internal_count=6840 6585 984 257 727 134
is_linear=0
shrinkage=0.03


Tree=325
num_leaves=7
num_cat=0
split_feature=0 15 10 0 18 6
split_gain=7.40654 11.4361 13.4277 9.55859 31.0393 28.3453
threshold=1.2502232939580304 0.58151300226011571 0.00054545454545454439 1.0738743189309068 331.85000000000008 0.95495174371232616
decision_type=2 2 2 2 10 2
left_child=3 -2 -3 -1 5 -5
right_child=1 2 -4 4 -6 -7
leaf_value=0.00017467735740015039 0.017728759245771282 0.0089428126145988541 -0.0054562389629427346 -0.0084992601271892936 -0.026120769360031073 0.004513506687703138
leaf_weight=6031 33 88 100 258 32 298
leaf_count=6031 33 88 100 258 32 298
internal_value=3.19137e-06 0.00518962 0.000774399 -0.000162495 -0.00375951 -0.00134982
internal_weight=6840 221 188 6619 588 556
internal_count=6840 221 188 6619 588 556
is_linear=0
shrinkage=0.03


Tree=326
num_leaves=7
num_cat=0
split_feature=10 3 12 15 18 3
split_gain=7.1487 16.8856 14.8446 28.7094 22.3288 13.0242
threshold=0.005056135532337476 -0.12470946433555168 0.019214730906488866 0.36868734823550392 314.9500000000001 0.1707662426865563
decision_type=2 2 2 2 10 2
left_child=5 -2 4 -4 -3 -1
right_child=1 2 3 -5 -6 -7
leaf_value=-0.0022019842783701105 -0.0071904151444122637 0.0049094796420540657 -0.0011235461041188923 0.015034966555747466 -0.013800975960421274 0.00067445814119014406
leaf_weight=2132 96 160 137 219 63 4033
leaf_count=2132 96 160 137 219 63 4033
internal_value=2.33325e-06 0.00290805 0.005017 0.00868872 -0.000459978 -0.000299934
internal_weight=6840 675 579 356 223 6165
internal_count=6840 675 579 356 223 6165
is_linear=0
shrinkage=0.03


Tree=327
num_leaves=7
num_cat=0
split_feature=22 22 4 2 2 3
split_gain=7.17553 14.1994 15.5761 12.1668 10.508 18.5179
threshold=16.900000000000038 19.200000000000021 -0.14513878118997284 0.69956332310862723 0.29957735905295396 0.09067924766456624
decision_type=8 8 2 2 2 2
left_child=3 2 -2 -1 5 -3
right_child=1 4 -4 -5 -6 -7
leaf_value=0.016476877503030535 0.0012388541451731664 0.00015203647846082557 -0.018053533695978907 -0.0022029273062670494 -0.00028555812302667261 0.011937754188974697
leaf_weight=43 41 444 62 31 6059 160
leaf_count=43 41 444 62 31 6059 160
internal_value=6.27869e-07 -9.15689e-05 -0.0102018 0.00825206 7.23377e-05 0.00379702
internal_weight=6840 6766 103 74 6663 604
internal_count=6840 6766 103 74 6663 604
is_linear=0
shrinkage=0.03


Tree=328
num_leaves=7
num_cat=0
split_feature=7 0 16 0 3 22
split_gain=7.19883 27.9266 32.6331 20.1956 13.4733 15.0696
threshold=1.0000000180025095e-35 0.93562139328216709 0.98669152895064438 1.0689306069406805 -0.016485269432818427 38.500000000000036
decision_type=2 2 2 2 2 8
left_child=4 -2 3 -3 -1 -6
right_child=1 2 -4 -5 5 -7
leaf_value=-0.0051886178464831002 0.0010059090834494617 -0.0073535692909111579 -0.017286585572733063 0.012350164171204799 0.0012526976040413496 -0.0050076551006590069
leaf_weight=334 684 88 178 61 5151 344
leaf_count=334 684 88 178 61 5151 344
internal_value=1.41924e-06 -0.00228749 -0.00926964 0.000332413 0.000430525 0.000816847
internal_weight=6840 1011 327 149 5829 5495
internal_count=6840 1011 327 149 5829 5495
is_linear=0
shrinkage=0.03


Tree=329
num_leaves=7
num_cat=0
split_feature=16 16 16 22 11 23
split_gain=7.05232 16.783 11.2253 13.9 13.6982 15.1869
threshold=9.8064418520640029 14.098473228953372 9.6445144440292427 38.500000000000036 0.045103021172263474 29.376666666666726
decision_type=2 2 2 10 2 10
left_child=2 -2 3 -1 5 -5
right_child=1 -3 -4 4 -6 -7
leaf_value=0.00040939886090763251 -0.0086301063128263397 0.0070016758487402618 0.0090236275083589133 -0.014115747531644383 0.00014528587352790272 0.0018207295107490874
leaf_weight=6066 213 57 108 167 181 48
leaf_count=6066 213 57 108 167 181 48
internal_value=0 -0.00455754 0.000221547 2.39076e-05 -0.00525633 -0.0100674
internal_weight=6840 270 6570 6462 396 215
internal_count=6840 270 6570 6462 396 215
is_linear=0
shrinkage=0.03


Tree=330
num_leaves=7
num_cat=0
split_feature=21 8 5 8 0 24
split_gain=7.35911 30.9108 24.5157 23.2405 21.6745 18.712
threshold=287.63708012914975 467.50860000000006 0.38159594449167472 73.071000000000012 1.112488635490493 -9.0999999999999641
decision_type=8 2 2 2 2 10
left_child=1 3 4 -1 -3 -2
right_child=5 2 -4 -5 -6 -7
leaf_value=-0.0006484959216092155 0.018359981665633757 0.018676648051386659 -0.0021801824255464433 -0.0092482362472917877 -0.0012731875556156686 0.00035363186295827057
leaf_weight=813 33 133 147 455 49 5210
leaf_count=813 33 133 147 455 49 5210
internal_value=0 -0.00174862 0.0060332 -0.00394651 0.0129687 0.000564806
internal_weight=6840 1597 329 1268 182 5243
internal_count=6840 1597 329 1268 182 5243
is_linear=0
shrinkage=0.03


Tree=331
num_leaves=7
num_cat=0
split_feature=1 2 15 19 19 18
split_gain=7.16862 12.4274 9.63486 10.6868 26.5061 16.1988
threshold=0.87960289250993029 0.600065019070674 2.9490770638425214 118.83666666666618 150.31666666666749 198.15000000000006
decision_type=2 2 2 8 8 8
left_child=1 -1 3 -2 -5 -6
right_child=2 -3 -4 4 5 -7
leaf_value=-0.0095569051527292347 -0.009086520586638374 -0.00011791912923441627 -0.0028365653412295256 0.014486395205739279 -0.00379667411934513 0.0012666411170756087
leaf_weight=165 74 500 716 109 618 4658
leaf_count=165 74 500 716 109 618 4658
internal_value=9.09056e-08 -0.00288956 0.000343821 0.000797168 0.00099386 0.000633132
internal_weight=6840 665 6175 5459 5385 5276
internal_count=6840 665 6175 5459 5385 5276
is_linear=0
shrinkage=0.03


Tree=332
num_leaves=7
num_cat=0
split_feature=0 24 22 20 0 1
split_gain=7.42984 14.4501 20.0398 9.63953 21.674 19.1243
threshold=1.2723730332504524 -0.99999999999997147 31.600000000000026 0.0092476956614456745 0.87784820765183291 0.91348836564716362
decision_type=2 10 10 2 2 2
left_child=3 -2 -3 4 -1 -5
right_child=1 2 -4 5 -6 -7
leaf_value=0.00097063345343084185 -0.0019125515571182692 0.023032667569283925 0 -0.0044905125510842359 -0.0037107611021772887 0.0019921570032257717
leaf_weight=1774 94 50 60 452 1684 2726
leaf_count=1774 94 50 60 452 1684 2726
internal_value=0 0.00539151 0.012121 -0.000162392 -0.00127424 0.00100092
internal_weight=6840 204 110 6636 3458 3178
internal_count=6840 204 110 6636 3458 3178
is_linear=0
shrinkage=0.03


Tree=333
num_leaves=7
num_cat=0
split_feature=0 16 10 0 14 16
split_gain=7.07393 17.6487 10.6632 9.02592 38.2722 36.4152
threshold=1.2502232939580304 0.3531559894771617 0.0017026682027139128 1.0738743189309068 16.148522485348554 1.028211211583139
decision_type=2 2 2 2 2 2
left_child=3 -2 -3 -1 5 -5
right_child=1 2 -4 4 -6 -7
leaf_value=0.00016281508839336312 0.02021712124399427 0.0059170964613763817 -0.0072757953553177091 0.0022230171292058881 0.0019521994510687082 -0.021030432819332701
leaf_weight=6031 34 115 72 73 369 146
leaf_count=6031 34 115 72 73 369 146
internal_value=0 0.00506705 0 -0.000164138 -0.00365938 -0.0131143
internal_weight=6840 221 187 6619 588 219
internal_count=6840 221 187 6619 588 219
is_linear=0
shrinkage=0.03


Tree=334
num_leaves=7
num_cat=0
split_feature=8 3 2 15 14 14
split_gain=7.02209 15.4223 12.9301 14.2149 12.58 13.3955
threshold=15.010200000000001 0.07437937855588779 0.42889043965386847 0.40895465308315265 67.849801981972334 37.446588971228628
decision_type=2 2 2 2 2 2
left_child=1 2 3 -1 5 -2
right_child=4 -3 -4 -5 -6 -7
leaf_value=-0.0059188245538291124 0.00018670977179842055 0.0004096592186487529 -0.011834006566820399 0.0062911274308158497 -0.010446692992533955 0.0051770969649491813
leaf_weight=229 4819 898 190 104 71 529
leaf_count=229 4819 898 190 104 71 529
internal_value=0 -0.00184092 -0.0058542 -0.00154019 0.000513893 0.000725729
internal_weight=6840 1421 523 333 5419 5348
internal_count=6840 1421 523 333 5419 5348
is_linear=0
shrinkage=0.03


Tree=335
num_leaves=7
num_cat=0
split_feature=7 22 21 11 11 22
split_gain=6.88754 22.3461 24.9483 24.5198 22.1198 12.4355
threshold=1.0000000180025095e-35 35.700000000000024 294.18526361248342 0.016302227599505555 0.033768193126880473 31.800000000000015
decision_type=2 8 10 2 2 8
left_child=5 3 -3 -2 -5 -1
right_child=1 2 -4 4 -6 -7
leaf_value=0.0017534962781690566 0.013971858838429817 0.019156300137937069 0 -0.012239454773071657 -0.00078138401677692738 -0.00099574571466946502
leaf_weight=3049 32 55 269 326 329 2780
leaf_count=3049 32 55 269 326 329 2780
internal_value=0 -0.00224107 0.0038386 -0.00534797 -0.00690008 0.000417745
internal_weight=6840 1011 324 687 655 5829
internal_count=6840 1011 324 687 655 5829
is_linear=0
shrinkage=0.03


Tree=336
num_leaves=7
num_cat=0
split_feature=10 1 22 22 7 0
split_gain=6.96212 19.8727 16.4376 17.9321 14.3191 35.7182
threshold=0.005056135532337476 1.1155004638066539 35.500000000000036 34.400000000000041 1.0000000180025095e-35 0.93242172269306012
decision_type=2 2 8 10 2 2
left_child=4 -2 3 -3 -1 -6
right_child=1 2 -4 -5 5 -7
leaf_value=0.00024717502882193191 -0.0052701861690729861 0.0054172458291161865 0.020396615755535773 -0.012428540020353264 0 -0.014151828971266977
leaf_weight=5340 166 428 47 34 619 206
leaf_count=5340 166 428 47 34 619 206
internal_value=0 0.00286634 0.00590238 0.0033315 -0.00029979 -0.00393972
internal_weight=6840 675 509 462 6165 825
internal_count=6840 675 509 462 6165 825
is_linear=0
shrinkage=0.03


Tree=337
num_leaves=7
num_cat=0
split_feature=8 9 9 10 1 8
split_gain=6.64899 27.8909 23.6338 14.6862 30.129 14.6137
threshold=15.010200000000001 2428.0000000000005 2291.0000000000005 0.0069418828387325278 1.257986419531963 7.7350500000000011
decision_type=2 2 2 2 2 2
left_child=1 2 5 -2 -5 -1
right_child=3 -3 -4 4 -6 -7
leaf_value=0.00043066716491691696 0.0001247621448595867 0.005401394481384182 -0.011961832510115688 -0.0039320572553888751 0.015879418306366563 -0.0088065141253173343
leaf_weight=665 5187 333 252 94 138 171
leaf_count=665 5187 333 252 94 138 171
internal_value=0 -0.00179317 -0.00418832 0.000498314 0.00758212 -0.00144514
internal_weight=6840 1421 1088 5419 232 836
internal_count=6840 1421 1088 5419 232 836
is_linear=0
shrinkage=0.03


Tree=338
num_leaves=7
num_cat=0
split_feature=21 15 2 12 0 9
split_gain=7.09405 23.7619 21.4602 19.7231 19.7075 19.7669
threshold=287.63708012914975 0.10148121430577815 0.71257392647516904 0.026917488713445164 0.83340675787064233 2692.5000000000005
decision_type=8 2 2 2 2 2
left_child=1 2 3 -1 -3 -6
right_child=-2 4 -4 -5 5 -7
leaf_value=0.012048105098913835 0.0005520896516693672 0.0018619357042984007 -0.0087268172926269465 -0.0058435762937252339 -0.0073990498221545723 0.0077114059807208823
leaf_weight=240 5243 359 57 45 836 60
leaf_count=240 5243 359 57 45 836 60
internal_value=0 -0.00171941 0.00491909 0.00853336 -0.0036949 -0.00607716
internal_weight=6840 1597 342 285 1255 896
internal_count=6840 1597 342 285 1255 896
is_linear=0
shrinkage=0.03


Tree=339
num_leaves=7
num_cat=0
split_feature=3 2 12 15 15 24
split_gain=6.85616 15.0383 17.127 15.0142 14.346 15.6292
threshold=0.17918525858187362 0.42820896367552735 0.016743634544630823 0.32520686557761042 0.36353844911905792 -0.99999999999997147
decision_type=2 2 2 2 2 8
left_child=1 2 3 -1 -3 -6
right_child=-2 4 -4 -5 5 -7
leaf_value=0.018546498470175803 0.00082779674129483715 -0.0070399786202952636 0 0 -0.0075434397110802813 0.0011392725216285242
leaf_weight=69 3955 537 1254 47 220 758
leaf_count=69 3955 537 1254 47 220 758
internal_value=0 -0.00108925 0.00110149 0.0112134 -0.00315657 -0.000775623
internal_weight=6840 2885 1370 116 1515 978
internal_count=6840 2885 1370 116 1515 978
is_linear=0
shrinkage=0.03


Tree=340
num_leaves=7
num_cat=0
split_feature=22 22 4 2 2 3
split_gain=6.66452 13.1135 14.431 11.3824 9.97487 16.6324
threshold=16.900000000000038 19.200000000000021 -0.14513878118997284 0.69956332310862723 0.29957735905295396 0.081894779077414229
decision_type=8 8 2 2 2 2
left_child=3 2 -2 -1 5 -3
right_child=1 4 -4 -5 -6 -7
leaf_value=0.015919804954679595 0.0011162213884965807 0 -0.017370544003958745 -0.0020711391660220482 -0.0002829040240474331 0.010891676882394787
leaf_weight=43 41 426 62 31 6059 178
leaf_count=43 41 426 62 31 6059 178
internal_value=0 -9.14259e-05 -0.00980728 0.00795021 6.5222e-05 0.00369496
internal_weight=6840 6766 103 74 6663 604
internal_count=6840 6766 103 74 6663 604
is_linear=0
shrinkage=0.03


Tree=341
num_leaves=7
num_cat=0
split_feature=12 19 19 6 8 12
split_gain=6.69519 14.8929 32.157 19.6413 14.6428 12.9974
threshold=0.011130594959556159 307.05833333333391 248.11000000000021 0.85697901438694413 397.72350000000006 0.013944066637578027
decision_type=2 10 10 2 2 2
left_child=1 2 4 -3 -1 -2
right_child=5 3 -4 -5 -6 -7
leaf_value=0.0030006395708249405 -0.0037844186325216599 0 -0.0058561895969747148 0.02401091095237505 0.019614446886336883 0.00021538294766226837
leaf_weight=262 820 58 310 43 54 5293
leaf_count=262 820 58 310 43 54 5293
internal_value=0 0.00270023 0.000565181 0.0124129 0.00728467 -0.000307286
internal_weight=6840 727 626 101 316 6113
internal_count=6840 727 626 101 316 6113
is_linear=0
shrinkage=0.03


Tree=342
num_leaves=7
num_cat=0
split_feature=0 16 0 16 16 16
split_gain=6.88188 9.72491 8.43241 34.9598 26.3269 25.2175
threshold=1.2723730332504524 0.7418672406877671 1.0738743189309068 0.7418672406877671 3.007485931388084 3.4097677133620552
decision_type=2 2 2 2 2 2
left_child=2 -2 -1 -4 -5 -6
right_child=1 -3 3 4 5 -7
leaf_value=0.00016873638731514231 0.017127544195926745 0.00080933944963053166 0.0057183904044550695 -0.01441242299731068 0.010187507189943322 -0.011847937793671331
leaf_weight=6031 30 174 208 246 92 59
leaf_count=6031 30 174 208 246 92 59
internal_value=1.38705e-06 0.0051937 -0.000150822 -0.00347984 -0.0087019 0.000321718
internal_weight=6840 204 6636 605 397 151
internal_count=6840 204 6636 605 397 151
is_linear=0
shrinkage=0.03


Tree=343
num_leaves=7
num_cat=0
split_feature=0 16 20 12 16 9
split_gain=6.68168 16.0457 8.76215 21.415 23.6598 36.2061
threshold=1.2502232939580304 0.3531559894771617 0.0078375534055355033 0.019029298680714544 0.90283685611462505 1128.5000000000002
decision_type=2 2 2 2 2 2
left_child=2 -2 -1 4 -4 -6
right_child=1 -3 3 -5 5 -7
leaf_value=-0.0014700398405435627 0.019388560372301272 0 0 -0.00041192727460098992 0.030203656708480606 0.0051842059748438045
leaf_weight=2726 34 187 456 3035 51 351
leaf_count=2726 34 187 456 3035 51 351
internal_value=3.33533e-06 0.00493035 -0.000152935 0.000733809 0.00487453 0.00999479
internal_weight=6840 221 6619 3893 858 402
internal_count=6840 221 6619 3893 858 402
is_linear=0
shrinkage=0.03


Tree=344
num_leaves=7
num_cat=0
split_feature=21 18 8 2 0 8
split_gain=6.65275 38.829 23.6272 36.387 25.8439 19.2863
threshold=287.63708012914975 318.85000000000008 467.50860000000006 0.67325421649172867 1.112488635490493 84.379500000000021
decision_type=8 10 2 2 2 2
left_child=1 2 5 4 -4 -1
right_child=-2 -3 3 -5 -6 -7
leaf_value=2.9189185319769074e-05 0.00054736297345131762 -0.013788682722344833 0.022832005571007077 -0.0025109233764149912 -0.0013827925185231785 -0.0091869981970555854
leaf_weight=872 5243 187 118 148 37 235
leaf_count=872 5243 187 118 148 37 235
internal_value=8.75054e-06 -0.00165167 2.34368e-05 0.00727604 0.0166971 -0.00192249
internal_weight=6840 1597 1410 303 155 1107
internal_count=6840 1597 1410 303 155 1107
is_linear=0
shrinkage=0.03


Tree=345
num_leaves=7
num_cat=0
split_feature=0 24 23 0 15 4
split_gain=6.65276 12.884 24.0857 8.41693 25.7842 17.0664
threshold=1.2502232939580304 -0.99999999999997147 15.994166666666674 1.0738743189309068 0.074840578291907767 -1.0000000180025095e-35
decision_type=2 10 10 2 2 2
left_child=3 -2 -3 -1 -5 -6
right_child=1 2 -4 4 5 -7
leaf_value=0.00016594438320160281 -0.0016799045263285763 0.024612256666878236 0 0.007546678385797808 -0.01196204727332453 0
leaf_weight=6031 102 44 75 119 247 222
leaf_count=6031 102 44 75 119 247 222
internal_value=6.87336e-06 0.00492281 0.0110888 -0.000149005 -0.00352529 -0.0068351
internal_weight=6840 221 119 6619 588 469
internal_count=6840 221 119 6619 588 469
is_linear=0
shrinkage=0.03


Tree=346
num_leaves=7
num_cat=0
split_feature=19 4 24 10 10 6
split_gain=6.71907 14.9206 18.4222 12.3498 22.1657 19.0326
threshold=313.62833333333293 -0.074006236165569853 7.400000000000035 0.0021123387170230577 0.0014778556881919873 0.95118357452546298
decision_type=10 2 10 2 2 2
left_child=3 -2 -3 4 5 -1
right_child=1 2 -4 -5 -6 -7
leaf_value=-0.00043430634887669308 0.00091109703283314086 -0.0088959411992040015 0.0082432936115159842 0.0028219885869276286 -0.0085787077020813406 0.0065622672999786878
leaf_weight=3896 491 366 41 1426 257 363
leaf_count=3896 491 366 41 1426 257 363
internal_value=7.50384e-06 -0.00235885 -0.00651286 0.000396997 -0.00034473 0.00015485
internal_weight=6840 898 407 5942 4516 4259
internal_count=6840 898 407 5942 4516 4259
is_linear=0
shrinkage=0.03


Tree=347
num_leaves=7
num_cat=0
split_feature=3 0 0 2 0 1
split_gain=6.8169 16.0991 35.1867 16.7074 25.5366 15.0921
threshold=0.17918525858187362 1.1256357623709283 1.0285039011068855 0.40885859853417533 1.0002375396795216 1.1374467791255478
decision_type=2 2 2 2 2 2
left_child=1 2 3 4 5 -1
right_child=-2 -3 -4 -5 -6 -7
leaf_value=-0.00070183396294910816 0.00083603659623473028 -0.013044558279921837 0.0097808910767147629 -0.0037788301496766508 -0.014009775780550727 0.0063362887477764222
leaf_weight=545 3955 79 243 1480 71 467
leaf_count=545 3955 79 243 1480 71 467
internal_value=7.33384e-06 -0.00107502 -0.000595019 -0.00170495 0.00101029 0.0024605
internal_weight=6840 2885 2806 2563 1083 1012
internal_count=6840 2885 2806 2563 1083 1012
is_linear=0
shrinkage=0.03


Tree=348
num_leaves=7
num_cat=0
split_feature=8 9 9 8 10 23
split_gain=6.5981 25.4147 21.9433 13.6298 13.6142 25.007
threshold=15.010200000000001 2428.0000000000005 2291.0000000000005 7.7350500000000011 0.0069418828387325278 11.569166666666682
decision_type=2 2 2 2 2 8
left_child=1 2 3 -1 -2 -6
right_child=4 -3 -4 -5 5 -7
leaf_value=0.00039022232813719853 0.00014338480090715893 0.0050799798045607645 -0.011561139429701569 -0.0085230211491340128 -0.011116660401663359 0.011599042026064784
leaf_weight=665 5187 333 252 171 31 201
leaf_count=665 5187 333 252 171 31 201
internal_value=4.52645e-06 -0.00177793 -0.00406609 -0.00141425 0.000504329 0.00732714
internal_weight=6840 1421 1088 836 5419 232
internal_count=6840 1421 1088 836 5419 232
is_linear=0
shrinkage=0.03


Tree=349
num_leaves=7
num_cat=0
split_feature=3 21 2 12 15 15
split_gain=6.44981 14.0573 14.3659 20.3723 18.8153 16.656
threshold=0.17918525858187362 297.61068506712525 0.39402909603265163 0.016743634544630823 0.17321169278622614 0.36353844911905792
decision_type=2 8 2 2 2 2
left_child=1 2 3 4 -1 -4
right_child=-2 -3 5 -5 -6 -7
leaf_value=0.02598189808591269 0.0008099198821724232 -0.007000679054675856 -0.0060397930133531813 0.00076913955749871642 0 0.00020632216461592573
leaf_weight=40 3955 300 589 986 49 921
leaf_count=40 3955 300 589 986 49 921
internal_value=3.16723e-06 -0.00104912 -0.000252394 0.0023074 0.014705 -0.00217914
internal_weight=6840 2885 2585 1075 89 1510
internal_count=6840 2885 2585 1075 89 1510
is_linear=0
shrinkage=0.03


Tree=350
num_leaves=7
num_cat=0
split_feature=21 8 5 8 0 23
split_gain=6.4452 25.3426 21.4849 20.3941 19.0209 21.8044
threshold=287.63708012914975 467.50860000000006 0.38159594449167472 79.123500000000021 1.112488635490493 11.879999999999987
decision_type=8 2 2 2 2 10
left_child=1 3 4 -1 5 -3
right_child=-2 2 -4 -5 -6 -7
leaf_value=-0.0007924389230722249 0.0005357436646185737 0.024823148053772046 -0.0022301717522738131 -0.0091027023123590369 -0.0012603949040741376 0
leaf_weight=869 5243 86 147 399 49 47
leaf_count=869 5243 86 147 399 49 47
internal_value=5.20836e-06 -0.00162887 0.00540006 -0.00362462 0.0119161 0.0172812
internal_weight=6840 1597 329 1268 182 133
internal_count=6840 1597 329 1268 182 133
is_linear=0
shrinkage=0.03


Tree=351
num_leaves=7
num_cat=0
split_feature=7 10 0 0 8 8
split_gain=6.46307 31.1792 33.2319 15.4422 18.5718 22.0481
threshold=1.0000000180025095e-35 0.0091868686868686895 0.93562139328216709 1.2723730332504524 38.272050000000007 22.653900000000004
decision_type=2 2 2 2 2 2
left_child=-1 2 -2 4 5 -4
right_child=1 -3 3 -5 -6 -7
leaf_value=0.00041186955842635885 3.9481657550391486e-05 0.017821240341290831 -0.014292204771818738 0.00061662332754429069 -0.02233395227529502 0.0070578101091086868
leaf_weight=5829 665 44 69 53 122 58
leaf_count=5829 665 44 69 53 122 58
internal_value=4.18726e-06 -0.00216324 -0.00356723 -0.0114842 -0.0144718 -0.00388773
internal_weight=6840 1011 967 302 249 127
internal_count=6840 1011 967 302 249 127
is_linear=0
shrinkage=0.03


Tree=352
num_leaves=7
num_cat=0
split_feature=16 15 15 15 5 6
split_gain=6.56463 24.0793 11.7586 27.0378 21.433 17.4681
threshold=9.8064418520640029 0.63359360760746741 0.78292190679549989 0.67252002315899861 0.2532328511255475 1.3002768634934949
decision_type=2 2 2 2 2 2
left_child=2 -2 3 -1 -5 -4
right_child=1 -3 5 4 -6 -7
leaf_value=0.00061064565276317711 -0.012059138148923862 0.0043618901725424987 -0.0004467909994996383 0.02968829088807106 0.0047813947374067672 -0.0088654647768652509
leaf_weight=3785 149 121 2347 30 176 232
leaf_count=3785 149 121 2347 30 176 232
internal_value=4.43956e-06 -0.00438954 0.00022055 0.00125781 0.0113786 -0.00132422
internal_weight=6840 270 6570 3991 206 2579
internal_count=6840 270 6570 3991 206 2579
is_linear=0
shrinkage=0.03


Tree=353
num_leaves=7
num_cat=0
split_feature=0 15 10 20 0 7
split_gain=6.37001 9.55796 11.7398 8.29309 20.1701 17.068
threshold=1.2502232939580304 0.58151300226011571 0.00054545454545454439 0.0092476956614456745 0.87784820765183291 1.0000000180025095e-35
decision_type=2 2 2 2 2 2
left_child=3 -2 -3 4 -1 -6
right_child=1 2 -4 -5 5 -7
leaf_value=0.00097771810819542834 0.016304955691239745 0.008380226498573189 -0.0050699784290045491 0.00093099079777537064 -0.0023954462007601358 -0.012934289521973227
leaf_weight=1774 33 88 100 3174 1525 146
leaf_count=1774 33 88 100 3174 1525 146
internal_value=5.8869e-06 0.00481672 0.00070513 -0.000146173 -0.00118154 -0.00354705
internal_weight=6840 221 188 6619 3445 1671
internal_count=6840 221 188 6619 3445 1671
is_linear=0
shrinkage=0.03


Tree=354
num_leaves=7
num_cat=0
split_feature=22 22 6 23 22 14
split_gain=6.3744 12.3993 13.1649 9.04865 8.24345 35.4216
threshold=16.900000000000038 19.200000000000021 0.74031852784011887 1.4350000000000698 27.000000000000032 24.148985069510093
decision_type=8 8 2 10 10 2
left_child=3 2 -2 -1 5 -3
right_child=1 4 -4 -5 -6 -7
leaf_value=-0.0011446145117282867 0.0008285240123628593 0.0068121214843177109 -0.016738186567431177 0.01466966478175891 -0.00043884003849107726 -0.0026733934740273716
leaf_weight=30 41 702 62 44 5309 652
leaf_count=30 41 702 62 44 5309 652
internal_value=6.25207e-06 -7.93897e-05 -0.00952838 0.00778327 7.23107e-05 0.0021629
internal_weight=6840 6766 103 74 6663 1354
internal_count=6840 6766 103 74 6663 1354
is_linear=0
shrinkage=0.03


Tree=355
num_leaves=7
num_cat=0
split_feature=21 18 8 11 19 8
split_gain=6.3924 35.8684 20.6856 22.9442 29.2812 17.8855
threshold=287.63708012914975 318.85000000000008 467.50860000000006 0.032930148913952288 246.23833333333295 599.97555000000011
decision_type=8 10 2 2 10 2
left_child=1 2 -1 4 -4 -2
right_child=5 -3 3 -5 -6 -7
leaf_value=-0.001830329604661435 0.0013202810025816523 -0.013285777307911844 0.02024117273354047 -0.0021579785376269053 -0.0027367851147045421 -0.0034070023700266197
leaf_weight=1107 4413 187 128 122 53 830
leaf_count=1107 4413 187 128 122 53 830
internal_value=4.86758e-06 -0.00162243 0 0.00677856 0.0131637 0.000533318
internal_weight=6840 1597 1410 303 181 5243
internal_count=6840 1597 1410 303 181 5243
is_linear=0
shrinkage=0.03


Tree=356
num_leaves=7
num_cat=0
split_feature=8 9 9 8 14 14
split_gain=6.31427 23.9007 20.4172 12.778 11.844 12.6254
threshold=15.010200000000001 2428.0000000000005 2291.0000000000005 7.7350500000000011 67.849801981972334 37.446588971228628
decision_type=2 2 2 2 2 2
left_child=1 2 3 -1 5 -2
right_child=4 -3 -4 -5 -6 -7
leaf_value=0.00034523797542346219 0.00017357835195771251 0.0049030358389530477 -0.01119728272106252 -0.008277011789791091 -0.010141576646857864 0.0050191699827657347
leaf_weight=665 4819 333 252 171 71 529
leaf_count=665 4819 333 252 171 71 529
internal_value=1.93528e-06 -0.00174137 -0.00396217 -0.00139535 0.000491375 0.00069774
internal_weight=6840 1421 1088 836 5419 5348
internal_count=6840 1421 1088 836 5419 5348
is_linear=0
shrinkage=0.03


Tree=357
num_leaves=7
num_cat=0
split_feature=16 16 16 7 10 0
split_gain=6.31351 15.6338 9.91838 12.8027 32.0773 24.8313
threshold=9.8064418520640029 14.098473228953372 9.6445144440292427 1.0000000180025095e-35 0.0091868686868686895 0.93242172269306012
decision_type=2 2 2 2 2 2
left_child=2 -2 3 -1 5 -5
right_child=1 -3 -4 4 -6 -7
leaf_value=0.00059776540106536722 -0.0082568970264001573 0.0068087537243188201 0.0084872081993717079 -0.00070367806518815816 0.017160252141101021 -0.011443962289311457
leaf_weight=5535 213 57 108 584 43 300
leaf_count=5535 213 57 108 584 43 300
internal_value=2.00129e-07 -0.00430891 0.000212588 2.53923e-05 -0.00317423 -0.00468705
internal_weight=6840 270 6570 6462 927 884
internal_count=6840 270 6570 6462 927 884
is_linear=0
shrinkage=0.03


Tree=358
num_leaves=7
num_cat=0
split_feature=21 18 24 18 18 19
split_gain=6.15541 33.8237 17.6857 15.5433 17.5533 15.483
threshold=287.63708012914975 318.85000000000008 -9.0999999999999641 207.25000000000003 223.35000000000005 220.51500000000024
decision_type=8 10 10 8 8 10
left_child=1 3 -2 -1 5 -5
right_child=2 -3 -4 4 -6 -7
leaf_value=-0.0025583618801769945 0.017817298746052777 -0.012920479253879276 0.00031436565915115059 0.020474711387638247 0.00027884034645538053 0
leaf_weight=826 33 187 5210 71 442 71
leaf_count=826 33 187 5210 71 442 71
internal_value=1.30049e-06 -0.00159526 0.000520321 0 0.0037407 0.0122257
internal_weight=6840 1597 5243 1410 584 142
internal_count=6840 1597 5243 1410 584 142
is_linear=0
shrinkage=0.03


Tree=359
num_leaves=7
num_cat=0
split_feature=0 11 0 14 11 18
split_gain=6.42218 8.90122 8.1191 32.9651 27.3339 20.395
threshold=1.2502232939580304 0.022900467895944177 1.0738743189309068 16.148522485348554 0.027992702151304488 321.05000000000007
decision_type=2 2 2 2 2 10
left_child=2 -2 -1 4 -4 -5
right_child=1 -3 3 5 -6 -7
leaf_value=0.00016060150283416264 0.012112906549366252 0 -0.026150465671752773 0.0045534015746866987 -0.0030446925875596228 -0.015125927747455688
leaf_weight=6031 73 148 66 336 153 33
leaf_count=6031 73 148 66 336 153 33
internal_value=4.4779e-06 0.00483508 -0.000148296 -0.00346437 -0.0122413 0.00172066
internal_weight=6840 221 6619 588 219 369
internal_count=6840 221 6619 588 219 369
is_linear=0
shrinkage=0.03


Tree=360
num_leaves=7
num_cat=0
split_feature=12 10 22 22 0 23
split_gain=6.22728 10.5867 12.3681 21.2124 19.5223 12.2409
threshold=0.047623304218267402 0.005056135532337476 35.500000000000036 34.400000000000041 0.88943543140412407 13.205000000000027
decision_type=2 2 8 10 2 10
left_child=1 -1 3 5 -4 -3
right_child=-2 2 4 -5 -6 -7
leaf_value=-0.0001607853094954522 -0.0043985869002697818 -0.002407263782413968 0 -0.013978133249168212 0.025332721416887482 0.0069806505366910819
leaf_weight=5967 255 146 36 45 37 354
leaf_count=5967 255 146 36 45 37 354
internal_value=1.45232e-06 0.000207354 0.00389059 0.00177448 0.014297 0.00396376
internal_weight=6840 6585 618 545 73 500
internal_count=6840 6585 618 545 73 500
is_linear=0
shrinkage=0.03


Tree=361
num_leaves=7
num_cat=0
split_feature=0 24 0 0 18 6
split_gain=6.12506 12.5629 14.598 7.43167 23.3562 22.1207
threshold=1.2723730332504524 -0.99999999999997147 1.5816913040386933 1.0738743189309068 332.55000000000007 0.95495174371232616
decision_type=2 10 2 2 10 2
left_child=3 -2 -3 -1 5 -5
right_child=1 2 -4 4 -6 -7
leaf_value=0.00015612289500703858 -0.0018272524547616117 0.01738563603039869 -0.0015202128395157039 -0.0074844415124113613 -0.022930435156997511 0.0038293142914828642
leaf_weight=6031 94 77 33 265 31 309
leaf_count=6031 94 77 33 265 31 309
internal_value=0 0.00489968 0.0111987 -0.000142424 -0.00326828 -0.00121754
internal_weight=6840 204 110 6636 605 574
internal_count=6840 204 110 6636 605 574
is_linear=0
shrinkage=0.03


Tree=362
num_leaves=7
num_cat=0
split_feature=22 21 24 22 22 14
split_gain=6.06408 13.3944 13.9444 20.5988 13.865 29.5023
threshold=16.900000000000038 282.66646593465663 -6.099999999999965 22.900000000000038 27.000000000000032 23.489568938682066
decision_type=8 8 10 10 10 2
left_child=-1 2 -2 -4 5 -3
right_child=1 4 3 -5 -6 -7
leaf_value=0.0075850628747139125 -0.00091303029195811188 0.008742916802794206 -0.022620123587099902 0 -0.0003454955441727736 -0.0010204897436778993
leaf_weight=74 333 480 63 69 5253 568
leaf_count=74 333 480 63 69 5253 568
internal_value=0 -8.54498e-05 -0.00490613 -0.0125472 0.000260973 0.00339083
internal_weight=6840 6766 465 132 6301 1048
internal_count=6840 6766 465 132 6301 1048
is_linear=0
shrinkage=0.03


Tree=363
num_leaves=7
num_cat=0
split_feature=8 8 0 10 19 19
split_gain=6.16784 16.7648 22.12 26.4387 21.6436 14.9684
threshold=26.538750000000004 38.722500000000004 0.90323474961244954 -0.00126526439360854 263.97833333333313 207.85500000000067
decision_type=2 2 2 2 10 10
left_child=-1 2 -2 -4 -5 -3
right_child=1 5 3 4 -6 -7
leaf_value=-0.0011841986641351059 0 0.0043424136802122848 -0.0021262915841825719 0.0043545417277514936 0.026801545150164099 -0.00082549669898099754
leaf_weight=2448 295 576 71 105 88 3257
leaf_count=2448 295 576 71 105 88 3257
internal_value=0 0.000688284 0.00544695 0.0114274 0.0168492 0
internal_weight=6840 4392 559 264 193 3833
internal_count=6840 4392 559 264 193 3833
is_linear=0
shrinkage=0.03


Tree=364
num_leaves=7
num_cat=0
split_feature=21 8 4 8 0 23
split_gain=6.03879 22.1331 20.6349 19.6998 19.0979 19.5203
threshold=287.63708012914975 467.50860000000006 -0.20953634728556197 73.071000000000012 1.112488635490493 11.879999999999987
decision_type=8 2 2 2 2 10
left_child=1 3 -3 -1 5 -4
right_child=-2 2 4 -5 -6 -7
leaf_value=-0.00040987437179729696 0.00051096963901913178 -0.0030445708222566295 0.022893496271627751 -0.0083283004314883748 -0.0018693370666975776 0
leaf_weight=813 5243 134 95 455 52 48
leaf_count=813 5243 134 95 455 52 48
internal_value=0 -0.00158471 0.00497102 -0.00345293 0.0109477 0.0161862
internal_weight=6840 1597 329 1268 195 143
internal_count=6840 1597 329 1268 195 143
is_linear=0
shrinkage=0.03


Tree=365
num_leaves=7
num_cat=0
split_feature=12 16 19 23 20 23
split_gain=6.02505 20.0254 22.3619 19.6633 15.297 13.92
threshold=0.011130594959556159 0.16141001749377407 248.11000000000021 10.640000000000084 0.0020002507799486355 13.864166666666717
decision_type=2 2 10 10 2 10
left_child=1 3 4 -1 -3 -4
right_child=-2 2 5 -5 -6 -7
leaf_value=-0.0030036329211933274 -0.0002923384222212481 -0.0058351749638395926 -0.012271624496910157 0.017913787455707788 0.010355498534947667 0
leaf_weight=36 6113 42 119 105 198 227
leaf_count=36 6113 42 119 105 198 227
internal_value=0 0.00256075 0 0.0119318 0.0067143 -0.00479196
internal_weight=6840 727 586 141 240 346
internal_count=6840 727 586 141 240 346
is_linear=0
shrinkage=0.03


Tree=366
num_leaves=7
num_cat=0
split_feature=18 19 10 19 13 18
split_gain=5.98129 18.6601 17.7518 15.0906 21.245 13.6034
threshold=198.15000000000006 193.51000000000082 -0.00058535859635532722 219.96666666666661 0.87770219997576671 225.15000000000006
decision_type=8 10 2 8 2 10
left_child=1 2 -1 4 5 -2
right_child=3 -3 -4 -5 -6 -7
leaf_value=-0.0013991392336849292 0.013388709824688748 -0.0069804997465751587 0.010479369148224513 -1.4682567570626073e-05 -0.0031970626521589502 -0.00067820277316747485
leaf_weight=475 227 403 123 5431 127 54
leaf_count=475 227 403 123 5431 127 54
internal_value=0 -0.00210262 0.00106145 0.000385189 0.00581041 0.0103217
internal_weight=6840 1001 598 5839 408 281
internal_count=6840 1001 598 5839 408 281
is_linear=0
shrinkage=0.03


Tree=367
num_leaves=7
num_cat=0
split_feature=8 10 23 13 22 22
split_gain=5.8559 12.5625 22.4836 39.7108 13.8972 12.5495
threshold=15.010200000000001 0.0069418828387325278 11.569166666666682 0.0044231809480558505 33.10000000000003 27.000000000000032
decision_type=2 2 8 2 10 8
left_child=-1 5 -3 -4 -5 -2
right_child=1 2 3 4 -6 -7
leaf_value=-0.0016856009330882289 0.0029911472106653346 -0.010397313015864175 0.026430706643809872 0.0096278985674622692 -0.0075068382833800885 -0.00061118925543015385
leaf_weight=1421 1078 31 70 59 72 4109
leaf_count=1421 1078 31 70 59 72 4109
internal_value=0 0.000465004 0.00701776 0.0110803 0 0.00011728
internal_weight=6840 5419 232 201 131 5187
internal_count=6840 5419 232 201 131 5187
is_linear=0
shrinkage=0.03


Tree=368
num_leaves=7
num_cat=0
split_feature=9 9 11 15 22 0
split_gain=5.81688 26.2298 86.8004 16.9879 37.6154 26.0808
threshold=1181.5000000000002 1338.0000000000002 0.031771632528802378 1.3281187770089848 32.500000000000036 0.95912015784790194
decision_type=2 2 2 2 8 2
left_child=3 2 -2 5 -5 -1
right_child=1 -3 -4 4 -6 -7
leaf_value=0.00027603555439986748 0.042121387046986612 0 0.00013355259172385559 -0.0054030317759673511 0.013945313378284543 -0.008655991303734482
leaf_weight=647 38 5148 220 155 157 475
leaf_count=647 38 5148 220 155 157 475
internal_value=0 0.000466608 0.00944278 -0.00166975 0.00413491 -0.00345937
internal_weight=6840 5406 258 1434 312 1122
internal_count=6840 5406 258 1434 312 1122
is_linear=0
shrinkage=0.03


Tree=369
num_leaves=7
num_cat=0
split_feature=3 0 0 16 24 0
split_gain=6.08024 15.0108 31.6604 22.5983 14.497 13.3595
threshold=0.17918525858187362 1.1256357623709283 1.0285039011068855 0.54835685381420285 4.3000000000000123 0.99209874336538217
decision_type=2 2 2 2 10 2
left_child=1 2 5 -3 -4 -1
right_child=-2 3 4 -5 -6 -7
leaf_value=-0.00087684184689802356 0.00078150213319404087 0.0031075191804591346 0.012671306905965001 -0.022854634469772196 -0.0028822657975251785 -0.0087697169567373667
leaf_weight=2363 3955 31 199 48 44 200
leaf_count=2363 3955 31 199 48 44 200
internal_value=0 -0.00102373 -0.000558493 -0.0125821 0.00927966 -0.00161396
internal_weight=6840 2885 2806 79 243 2563
internal_count=6840 2885 2806 79 243 2563
is_linear=0
shrinkage=0.03


Tree=370
num_leaves=7
num_cat=0
split_feature=20 12 8 24 16 22
split_gain=6.01346 16.5214 23.0278 15.73 10.2592 10.0826
threshold=0.0092476956614456745 0.019029298680714544 1652.6740500000003 14.700000000000019 0.10217411491705551 37.900000000000041
decision_type=2 2 2 8 2 10
left_child=3 2 -2 -1 -3 -6
right_child=1 4 -4 -5 5 -7
leaf_value=-0.00041784406063699001 0.0028013647825609589 -0.0047327503093013848 0.021783668843850697 -0.011838921849664888 0.00146396289988687 -0.0045452545051925253
leaf_weight=3535 480 340 53 94 2080 258
leaf_count=3535 480 340 53 94 2080 258
internal_value=0 0.000958787 0.00567973 -0.000818052 0 0.000704301
internal_weight=6840 3211 533 3629 2678 2338
internal_count=6840 3211 533 3629 2678 2338
is_linear=0
shrinkage=0.03


Tree=371
num_leaves=7
num_cat=0
split_feature=21 8 2 0 23 8
split_gain=6.22408 20.9023 29 23.9784 19.3727 18.6337
threshold=287.63708012914975 467.50860000000006 0.67325421649172867 1.112488635490493 11.879999999999987 73.071000000000012
decision_type=8 2 2 2 10 2
left_child=1 5 3 4 -3 -1
right_child=-2 2 -4 -5 -6 -7
leaf_value=-0.00045964406908380475 0.00051571675393354574 0.025301443228002533 -0.0036922026794972054 -0.0036951250373780473 0 -0.0081728752467340147
leaf_weight=813 5243 89 157 39 44 455
leaf_count=813 5243 89 157 39 44 455
internal_value=0 -0.00161201 0.00475179 0.0128224 0.0184961 -0.00342779
internal_weight=6840 1597 329 172 133 1268
internal_count=6840 1597 329 172 133 1268
is_linear=0
shrinkage=0.03


Tree=372
num_leaves=7
num_cat=0
split_feature=16 16 16 22 21 1
split_gain=5.91246 14.56 9.46718 10.9898 16.0773 15.0528
threshold=9.8064418520640029 14.098473228953372 9.6445144440292427 38.500000000000036 295.86507427564953 1.1666974848555491
decision_type=2 2 2 10 10 2
left_child=2 -2 3 -1 5 -5
right_child=1 -3 -4 4 -6 -7
leaf_value=0.00036145988104626346 -0.0079952992209485155 0.0065151534298459038 0.0082826243692943526 0.0016798838178416894 0.00041134189906156751 -0.015092350226930446
leaf_weight=6066 213 57 108 42 212 142
leaf_count=6066 213 57 108 42 212 142
internal_value=0 -0.00417668 0.000199491 1.61167e-05 -0.00467639 -0.0107393
internal_weight=6840 270 6570 6462 396 184
internal_count=6840 270 6570 6462 396 184
is_linear=0
shrinkage=0.03


Tree=373
num_leaves=7
num_cat=0
split_feature=21 18 17 18 21 19
split_gain=5.95126 30.2342 17.8528 17.6398 17.5629 19.75
threshold=287.63708012914975 318.85000000000008 1.0000000180025095e-35 207.25000000000003 280.77500210336399 186.14000000000004
decision_type=8 10 2 10 10 8
left_child=1 2 4 -4 -1 -6
right_child=-2 -3 3 -5 5 -7
leaf_value=-0.0040511729096048225 0.00050502002161117554 -0.012281842780623423 -0.0075075963657828459 0.00151062241852267 0.014217391599931063 0.001478446697402195
leaf_weight=176 5243 187 390 319 166 359
leaf_count=176 5243 187 390 319 166 359
internal_value=0 -0.00157552 0 -0.00331415 0.0033436 0.00615553
internal_weight=6840 1597 1410 709 701 525
internal_count=6840 1597 1410 709 701 525
is_linear=0
shrinkage=0.03


Tree=374
num_leaves=7
num_cat=0
split_feature=3 0 0 16 21 5
split_gain=5.95388 14.145 29.7662 21.581 14.8066 13.4199
threshold=0.17918525858187362 1.1256357623709283 1.0285039011068855 0.54835685381420285 292.87819922770478 0.1800364221329234
decision_type=2 2 2 2 10 2
left_child=1 2 -1 -3 -4 -2
right_child=5 3 4 -5 -6 -7
leaf_value=-0.0015876347610085247 0.0093239247684250588 0.0030191793720073558 0.013250534091009972 -0.022292983909137545 -0.0010028643116098026 0.00036999663804563123
leaf_weight=2563 140 31 176 48 67 3815
leaf_count=2563 140 31 176 48 67 3815
internal_value=0 -0.00101651 -0.000562988 -0.0122419 0.00897283 0.000770004
internal_weight=6840 2885 2806 79 243 3955
internal_count=6840 2885 2806 79 243 3955
is_linear=0
shrinkage=0.03


Tree=375
num_leaves=7
num_cat=0
split_feature=7 0 5 1 23 2
split_gain=6.0379 23.2027 20.2076 28.8653 17.0508 11.1807
threshold=1.0000000180025095e-35 0.93562139328216709 0.084379219010709647 1.5271865226025343 19.841666666666686 0.33223713433573138
decision_type=2 2 2 2 10 2
left_child=5 -2 3 -3 -4 -1
right_child=1 2 4 -5 -6 -7
leaf_value=0.0040364091188595502 0.00088446166794462692 -0.010977994378190487 -0.018133979231371718 0.015930061333853267 0 -5.4456902936188338e-05
leaf_weight=651 684 52 157 49 69 5178
leaf_count=651 684 52 157 49 69 5178
internal_value=0 -0.00210052 -0.00846771 0.00131205 -0.0131994 0.000389018
internal_weight=6840 1011 327 101 226 5829
internal_count=6840 1011 327 101 226 5829
is_linear=0
shrinkage=0.03


Tree=376
num_leaves=7
num_cat=0
split_feature=12 15 14 23 21 15
split_gain=5.77101 6.84226 10.8978 15.2489 42.1136 41.3804
threshold=0.047623304218267402 2.9490770638425214 3.6358610996990728 16.830833333333363 291.11840476123615 0.12708240239029692
decision_type=2 2 2 10 10 2
left_child=1 2 3 -1 5 -5
right_child=-2 -3 -4 4 -6 -7
leaf_value=0.0052022801710517041 -0.0042429890901126777 -0.00234947417766627 -0.0005050880313454487 -0.024977586765457454 0.0022931561841795993 0
leaf_weight=886 255 794 3342 89 1350 124
leaf_count=886 255 794 3342 89 1350 124
internal_value=0 0.000191847 0.000572986 0.00209709 0.000198649 -0.01149
internal_weight=6840 6585 5791 2449 1563 213
internal_count=6840 6585 5791 2449 1563 213
is_linear=0
shrinkage=0.03


Tree=377
num_leaves=7
num_cat=0
split_feature=8 15 6 19 20 11
split_gain=5.88349 19.9365 30.699 24.0544 32.781 23.7155
threshold=26.538750000000004 0.54210171007786123 1.4599989954695902 215.44166666666669 0.0069743967105340169 0.018754143899312303
decision_type=2 2 2 8 2 2
left_child=-1 2 3 -2 5 -5
right_child=1 -3 -4 4 -6 -7
leaf_value=-0.001161996214857883 0.0093180611580303534 -0.00096168635071296757 0.020021531559883596 0.0041234962143417856 0.0034514881667988928 -0.010299573182755479
leaf_weight=2448 314 2606 74 115 954 329
leaf_count=2448 314 2606 74 115 954 329
internal_value=0 0.000666985 0.00311081 0.0020705 0.000228399 -0.00622388
internal_weight=6840 4392 1786 1712 1398 444
internal_count=6840 4392 1786 1712 1398 444
is_linear=0
shrinkage=0.03


Tree=378
num_leaves=7
num_cat=0
split_feature=21 8 2 0 19 8
split_gain=6.08581 18.7721 26.9537 22.8666 29.2926 17.8556
threshold=287.63708012914975 467.50860000000006 0.67325421649172867 1.112488635490493 246.23833333333295 73.071000000000012
decision_type=8 2 2 2 10 2
left_child=1 5 3 4 -3 -1
right_child=-2 2 -4 -5 -6 -7
leaf_value=-0.00041110108876103333 0.00050786524501752507 0.028053497295630603 -0.003688516469198275 -0.0038096955918975298 0 -0.0079625755284373698
leaf_weight=813 5243 75 157 39 58 455
leaf_count=813 5243 75 157 39 58 455
internal_value=0 -0.00159618 0.00442308 0.0122215 0.0177862 -0.00331884
internal_weight=6840 1597 329 172 133 1268
internal_count=6840 1597 329 172 133 1268
is_linear=0
shrinkage=0.03


Tree=379
num_leaves=7
num_cat=0
split_feature=7 10 22 11 1 3
split_gain=5.96874 26.7081 19.0246 16.7451 15.0237 11.2463
threshold=1.0000000180025095e-35 0.0091868686868686895 35.10000000000003 0.018067442480031854 1.0571192145352233 -0.016485269432818427
decision_type=2 2 10 2 2 2
left_child=5 2 3 -2 -5 -1
right_child=1 -3 -4 4 -6 -7
leaf_value=-0.0047454969361976924 0.0080523780033249278 0.016369743228424341 0.0015429361211725078 0.00010987058798175143 -0.01070905756532404 0.0007390003531634751
leaf_weight=334 38 44 374 118 437 5495
leaf_count=334 38 44 374 118 437 5495
internal_value=0 -0.00209142 -0.0033981 -0.00670773 -0.00822413 0.000383943
internal_weight=6840 1011 967 593 555 5829
internal_count=6840 1011 967 593 555 5829
is_linear=0
shrinkage=0.03


Tree=380
num_leaves=7
num_cat=0
split_feature=0 16 0 16 22 15
split_gain=6.06824 13.479 8.0296 29.3635 35.8987 18.0721
threshold=1.2502232939580304 0.3531559894771617 1.0738743189309068 0.98669152895064438 31.400000000000038 0.82820595342721626
decision_type=2 2 2 2 10 2
left_child=2 -2 -1 -4 5 -5
right_child=1 -3 3 4 -6 -7
leaf_value=0.00015286810330054541 0.017968192944924036 4.9667789236358969e-05 0.0033371788260742863 0.0040877199254324096 -0.022437203603406106 -0.012464116833518059
leaf_weight=6031 34 187 269 146 104 69
leaf_count=6031 34 187 269 146 104 69
internal_value=0 0.00469114 -0.000154166 -0.0034515 -0.00947775 -0.00119466
internal_weight=6840 221 6619 588 319 215
internal_count=6840 221 6619 588 319 215
is_linear=0
shrinkage=0.03


Tree=381
num_leaves=7
num_cat=0
split_feature=3 19 11 14 20 5
split_gain=5.84968 12.7122 18.2175 28.2758 15.1603 12.5017
threshold=0.17918525858187362 232.72333333333344 0.03225325646719001 37.065115862870677 0.0044101085204270064 0.1800364221329234
decision_type=2 10 2 2 2 2
left_child=1 2 3 -1 -3 -2
right_child=5 4 -4 -5 -6 -7
leaf_value=0.015099124376356486 0.0090237543975817975 -0.012258348689985371 -0.0029497358776703849 -0.0046160838086037864 -0.0012568739849117458 0.00037623089083577865
leaf_weight=172 140 104 179 73 2357 3815
leaf_count=172 140 104 179 73 2357 3815
internal_value=0 -0.00100685 0.00356473 0.00875372 -0.00187732 0.000763936
internal_weight=6840 2885 424 245 2461 3955
internal_count=6840 2885 424 245 2461 3955
is_linear=0
shrinkage=0.03


Tree=382
num_leaves=7
num_cat=0
split_feature=19 19 0 0 18 5
split_gain=5.87194 19.4931 18.5383 14.3921 10.5779 17.1611
threshold=118.83666666666618 150.31666666666749 0.98664534783302871 0.97010583673412432 198.15000000000006 0.34699574560872654
decision_type=8 8 2 2 8 2
left_child=3 2 -2 -1 5 -3
right_child=1 4 -4 -5 -6 -7
leaf_value=0.0036121351972899654 0 -0.0070308461198622125 0.022282721829479154 -0.016245540857145732 0.00031943236168906832 0.0014691728325521001
leaf_weight=35 88 459 49 46 5831 332
leaf_count=35 88 459 49 46 5831 332
internal_value=0 0.000122363 0.0105804 -0.00716375 -0.000102624 -0.00333
internal_weight=6840 6759 137 81 6622 791
internal_count=6840 6759 137 81 6622 791
is_linear=0
shrinkage=0.03


Tree=383
num_leaves=7
num_cat=0
split_feature=1 20 20 8 22 3
split_gain=5.76544 11.4239 13.0235 11.6367 25.9477 26.1579
threshold=0.87960289250993029 0.0092476956614456745 0.0110995509528399 224.16165000000004 37.800000000000018 0.15296487789950744
decision_type=2 2 2 2 10 2
left_child=-1 -2 -3 -4 5 -5
right_child=1 2 3 4 -6 -7
leaf_value=-0.0025939920575750552 -0.00085232513230963452 0.0055120005457939547 -0.00046393763983487371 0.019624360543080515 -0.0069519694698619329 0.001727784767396242
leaf_weight=665 3337 621 1783 113 98 223
leaf_count=665 3337 621 1783 113 98 223
internal_value=0 0.000305895 0.00171668 0.00054675 0.00486687 0.00893228
internal_weight=6840 6175 2838 2217 434 336
internal_count=6840 6175 2838 2217 434 336
is_linear=0
shrinkage=0.03


Tree=384
num_leaves=7
num_cat=0
split_feature=21 18 24 18 0 0
split_gain=5.87908 27.7629 16.46 13.7069 26.0851 15.9877
threshold=287.63708012914975 318.85000000000008 -9.0999999999999641 207.25000000000003 0.95040983606557383 0.85220225048339748
decision_type=8 10 10 8 2 2
left_child=1 3 -2 5 -5 -1
right_child=2 -3 -4 4 -6 -7
leaf_value=0.0024924686716718061 0.017192259235483294 -0.011824832382625428 0.00030366683415108492 -0.0018772787403320689 0.010251933228686826 -0.0057314468422878734
leaf_weight=306 33 187 5210 326 258 520
leaf_count=306 33 187 5210 326 258 520
internal_value=0 -0.00156443 0.000503395 0 0.00339487 -0.00252061
internal_weight=6840 1597 5243 1410 584 826
internal_count=6840 1597 5243 1410 584 826
is_linear=0
shrinkage=0.03


Tree=385
num_leaves=7
num_cat=0
split_feature=17 11 2 19 11 8
split_gain=5.80951 31.1695 19.7925 30.0671 50.9051 20.9427
threshold=1.0000000180025095e-35 0.028837182968566851 0.66540616186462409 184.13999999999999 0.028505233500555203 599.97555000000011
decision_type=2 2 2 8 2 2
left_child=2 -2 3 4 -1 -5
right_child=1 -3 -4 5 -6 -7
leaf_value=0.027398553999564187 -0.005111882273170735 0.00099459463261918697 -0.0011779198182764138 0.0034164116659691083 -0.0072383891014476945 -0.0065926876344726739
leaf_weight=90 1056 2410 1803 1248 39 194
leaf_count=90 1056 2410 1803 1248 39 194
internal_value=0 -0.000841515 0.000901769 0.00336766 0.0163542 0.00189547
internal_weight=6840 3466 3374 1571 129 1442
internal_count=6840 3466 3374 1571 129 1442
is_linear=0
shrinkage=0.03


Tree=386
num_leaves=7
num_cat=0
split_feature=0 20 19 3 19 12
split_gain=5.79055 7.44733 16.2212 18.7879 15.9506 18.0489
threshold=1.2723730332504524 0.0069743967105340169 146.78833333333316 0.40834793091195515 118.83666666666618 0.019029298680714544
decision_type=2 2 8 2 8 2
left_child=1 2 3 -1 -3 -6
right_child=-2 4 -4 -5 5 -7
leaf_value=0.021096692244522271 0.0047615074153457369 -0.015352704475887796 -0.0021266326279994544 -0.00050775964260817716 0.0041231070499702848 -0.00029131082821124153
leaf_weight=40 204 35 2235 58 1085 3183
leaf_count=40 204 35 2235 58 1085 3183
internal_value=0 -0.000141345 -0.00151694 0.00912031 0.000573344 0.000809926
internal_weight=6840 6636 2333 98 4303 4268
internal_count=6840 6636 2333 98 4303 4268
is_linear=0
shrinkage=0.03


Tree=387
num_leaves=7
num_cat=0
split_feature=9 9 11 15 23 0
split_gain=5.70647 24.7018 82.1331 15.6511 39.556 22.6737
threshold=1181.5000000000002 1338.0000000000002 0.031771632528802378 1.3281187770089848 16.340000000000057 1.0689306069406805
decision_type=2 2 2 2 8 2
left_child=3 2 -2 5 -5 -1
right_child=1 -3 -4 4 -6 -7
leaf_value=-0.0015227780228673036 0.040963255254359079 0 0.00010413949260691878 -0.0060446763386256819 0.013823152086615057 -0.014382493229955435
leaf_weight=992 38 5148 220 152 160 130
leaf_count=992 38 5148 220 152 160 130
internal_value=0 0.000465255 0.00917576 -0.00165058 0.00391109 -0.0033699
internal_weight=6840 5406 258 1434 312 1122
internal_count=6840 5406 258 1434 312 1122
is_linear=0
shrinkage=0.03


Tree=388
num_leaves=7
num_cat=0
split_feature=3 10 10 5 10 10
split_gain=5.84851 11.957 28.4356 24.0558 22.0585 11.3543
threshold=0.17918525858187362 0.0020356440242557086 0.002855209385854381 0.17793619580900485 0.0016781068124529866 0.0031238707890007731
decision_type=2 2 2 2 2 2
left_child=5 4 -3 -4 -2 -1
right_child=1 2 3 -5 -6 -7
leaf_value=-0.0024734707280175188 0.00068167198208692915 0.017546292659640309 0.014536821131001819 -0.0068130600785960005 -0.012991070328483255 0.00133348852613759
leaf_weight=1809 3569 105 46 146 89 1076
leaf_count=1809 3569 105 46 146 89 1076
internal_value=0 0.00076786 0.00637776 -0.000101593 0.000239395 -0.00100257
internal_weight=6840 3955 297 192 3658 2885
internal_count=6840 3955 297 192 3658 2885
is_linear=0
shrinkage=0.03


Tree=389
num_leaves=7
num_cat=0
split_feature=17 11 2 11 3 14
split_gain=5.55218 29.8122 18.3715 21.0573 18.7919 21.088
threshold=1.0000000180025095e-35 0.028837182968566851 0.66540616186462409 0.025593909851723873 0.23065335933554224 0.31753834513082541
decision_type=2 2 2 2 2 2
left_child=2 -2 3 -1 5 -5
right_child=1 -3 -4 4 -6 -7
leaf_value=0.0069342922741605275 -0.0049962148758332632 0.00097530698300044927 -0.0011164203582689979 -0.01023426925108405 0.0057002530970499572 0.0011919282666160999
leaf_weight=726 1056 2410 1803 216 309 320
leaf_count=726 1056 2410 1803 216 309 320
internal_value=0 -0.000819257 0.000884826 0.00326105 0 -0.00334538
internal_weight=6840 3466 3374 1571 845 536
internal_count=6840 3466 3374 1571 845 536
is_linear=0
shrinkage=0.03


Tree=390
num_leaves=7
num_cat=0
split_feature=9 9 11 8 3 11
split_gain=5.47507 23.691 78.5541 16.8165 41.836 23.0839
threshold=1181.5000000000002 1338.0000000000002 0.031771632528802378 38.272050000000007 0.060483328389892781 0.022290684228495783
decision_type=2 2 2 2 2 2
left_child=3 2 -2 -1 -5 -6
right_child=1 -3 -4 4 5 -7
leaf_value=-0.007146736546041998 0.040078023214792383 0 0.00010247446461289656 0.014208322217518632 0.0070173028494004697 -0.0044724639993649635
leaf_weight=350 38 5148 220 145 170 769
leaf_count=350 38 5148 220 145 170 769
internal_value=0 0.000459221 0.00898964 -0.00161307 0.000134861 -0.00213294
internal_weight=6840 5406 258 1434 1084 939
internal_count=6840 5406 258 1434 1084 939
is_linear=0
shrinkage=0.03


Tree=391
num_leaves=7
num_cat=0
split_feature=5 20 1 12 8 12
split_gain=5.61568 13.3484 17.8405 16.9457 24.6443 13.8507
threshold=0.40715829628669681 0.0092476956614456745 2.813804409676163 0.019029298680714544 565.2225000000002 0.011130594959556159
decision_type=2 2 2 2 2 2
left_child=1 2 5 4 -3 -1
right_child=-2 3 -4 -5 -6 -7
leaf_value=0.0025052411261140919 0.0014622220254453251 0.0026173691663618952 0.010775113330561329 -8.1770594142134686e-05 0.023102886403870322 -0.0037796208884607191
leaf_weight=334 1786 377 68 2345 49 1881
leaf_count=334 1786 377 68 2345 49 1881
internal_value=4.45864e-06 -0.000484861 -0.00219279 0.00087417 0.00624035 -0.00275087
internal_weight=6840 5054 2283 2771 426 2215
internal_count=6840 5054 2283 2771 426 2215
is_linear=0
shrinkage=0.03


Tree=392
num_leaves=7
num_cat=0
split_feature=7 10 22 19 10 2
split_gain=5.72725 24.9586 18.1378 14.6333 10.7597 10.6508
threshold=1.0000000180025095e-35 0.0091868686868686895 35.700000000000024 246.23833333333295 -0.0082963863180702986 0.33223713433573138
decision_type=2 2 10 8 2 2
left_child=5 2 3 -2 -5 -1
right_child=1 -3 -4 4 -6 -7
leaf_value=0.0039529964632174933 0 0.015802452493517194 0.0022982522297660931 0 -0.011365786655785717 -3.8297279541389219e-05
leaf_weight=651 223 44 306 85 353 5178
leaf_count=651 223 44 306 85 353 5178
internal_value=8.83815e-06 -0.00202984 -0.00329698 -0.0060989 -0.00916858 0.000393809
internal_weight=6840 1011 967 661 438 5829
internal_count=6840 1011 967 661 438 5829
is_linear=0
shrinkage=0.03


Tree=393
num_leaves=7
num_cat=0
split_feature=21 23 14 23 21 10
split_gain=5.76671 16.3395 19.962 22.4641 17.453 21.2858
threshold=287.63708012914975 11.75666666666668 19.042494407911693 10.157500000000001 288.375688173507 -0.00035013635646754555
decision_type=8 8 2 10 10 2
left_child=-1 2 3 -2 5 -3
right_child=1 4 -4 -5 -6 -7
leaf_value=-0.0015343470279612136 0 -0.00034021559178654571 -0.0008692297431886853 0.022493833938317599 -0.00028353373586749713 0.016481220874290062
leaf_weight=1597 66 108 116 87 4759 107
leaf_count=1597 66 108 116 87 4759 107
internal_value=9.88096e-06 0.000512792 0.0074542 0.0140028 7.90068e-05 0.00808327
internal_weight=6840 5243 269 153 4974 215
internal_count=6840 5243 269 153 4974 215
is_linear=0
shrinkage=0.03


Tree=394
num_leaves=7
num_cat=0
split_feature=3 0 0 7 22 0
split_gain=5.50097 13.113 26.1105 13.3913 12.6776 12.4908
threshold=0.17918525858187362 1.1256357623709283 1.0285039011068855 1.0000000180025095e-35 27.500000000000032 0.99209874336538217
decision_type=2 2 2 2 8 2
left_child=1 2 5 -4 -3 -1
right_child=-2 4 3 -5 -6 -7
leaf_value=-0.00076973020186653091 0.00075731200099640457 -0.02137018575587056 0.012075309121797684 -0.002013922435045242 0 -0.0083974808641624713
leaf_weight=2363 3955 35 188 55 44 200
leaf_count=2363 3955 35 188 55 44 200
internal_value=1.08291e-05 -0.000959046 -0.000520557 0.0084054 -0.011767 -0.00148344
internal_weight=6840 2885 2806 243 79 2563
internal_count=6840 2885 2806 243 79 2563
is_linear=0
shrinkage=0.03


Tree=395
num_leaves=7
num_cat=0
split_feature=20 12 14 20 12 8
split_gain=5.49079 10.1939 13.1973 11.8176 17.3076 31.7922
threshold=0.0010089742950898978 0.011130594959556159 42.231485457887494 0.0078375534055355033 0.019029298680714544 565.2225000000002
decision_type=2 2 2 2 2 2
left_child=-1 2 -2 -3 5 -5
right_child=1 3 -4 4 -6 -7
leaf_value=-0.0066788051880171725 0.0057358335029932652 -0.0020169327558442465 -0.0039478096092469836 0.0018879255382789905 -0.00029325482759451235 0.018901395202385384
leaf_weight=88 543 2170 129 753 3056 101
leaf_count=88 543 2170 129 753 3056 101
internal_value=6.85719e-06 0.00013561 0.00359978 -0.000233229 0.000723762 0.00445816
internal_weight=6840 6752 672 6080 3910 854
internal_count=6840 6752 672 6080 3910 854
is_linear=0
shrinkage=0.03


Tree=396
num_leaves=7
num_cat=0
split_feature=9 9 11 12 0 16
split_gain=5.42421 22.7026 75.3951 13.8272 17.8677 22.3234
threshold=1181.5000000000002 1338.0000000000002 0.031771632528802378 0.0099105257129071048 1.0738743189309068 0.3531559894771617
decision_type=2 2 2 2 2 2
left_child=3 2 -2 -1 -5 -6
right_child=1 -3 -4 4 5 -7
leaf_value=0.0094482283232795016 0.039272394128914534 0 9.4732699752057663e-05 -0.00087486373182095228 0.0016797920989338308 -0.017858677064379058
leaf_weight=71 38 5148 220 1188 60 115
leaf_count=71 38 5148 220 1188 60 115
internal_value=6.52802e-06 0.00046413 0.00881487 -0.00159806 -0.00241025 -0.0109053
internal_weight=6840 5406 258 1434 1363 175
internal_count=6840 5406 258 1434 1363 175
is_linear=0
shrinkage=0.03


Tree=397
num_leaves=7
num_cat=0
split_feature=21 18 23 21 6 23
split_gain=5.59645 26.4755 15.466 16.3871 22.4624 15.511
threshold=287.63708012914975 318.85000000000008 11.75666666666668 288.21274339170367 0.88941027792031291 10.157500000000001
decision_type=8 10 8 10 2 10
left_child=1 -1 5 4 -4 -2
right_child=2 -3 3 -5 -6 -7
leaf_value=0 -4.1846992241011725e-05 -0.011530048916237833 -0.00060173661456528035 -0.00023033570594843916 0.018355514431390368 0.012952454490265969
leaf_weight=1410 115 187 90 4801 83 154
leaf_count=1410 115 187 90 4801 83 154
internal_value=1.00628e-05 -0.00151084 0.000505806 8.28952e-05 0.00867579 0.00725978
internal_weight=6840 1597 5243 4974 173 269
internal_count=6840 1597 5243 4974 173 269
is_linear=0
shrinkage=0.03


Tree=398
num_leaves=7
num_cat=0
split_feature=16 14 16 23 21 2
split_gain=5.50469 13.4878 8.7525 9.20835 37.8513 31.2957
threshold=9.8064418520640029 16.148522485348554 9.6445144440292427 17.644166666666699 291.04429365090658 0.67325421649172867
decision_type=2 2 2 10 10 2
left_child=2 -2 3 -1 5 -5
right_child=1 -3 -4 4 -6 -7
leaf_value=0.0009845768221225632 0.00091483036678560161 -0.011276023662044802 0.007983537775617151 -0.018796281489046541 0 0
leaf_weight=3851 159 111 108 169 2303 139
leaf_count=3851 159 111 108 169 2303 139
internal_value=9.20014e-06 -0.00401174 0.00020888 3.15681e-05 -0.00131382 -0.0108492
internal_weight=6840 270 6570 6462 2611 308
internal_count=6840 270 6570 6462 2611 308
is_linear=0
shrinkage=0.03


Tree=399
num_leaves=7
num_cat=0
split_feature=15 15 1 4 22 14
split_gain=5.501 28.4176 19.6661 17.6085 33.7458 22.2919
threshold=0.78292190679549989 0.67252002315899861 1.0180130925572668 0.131043719725499 31.700000000000021 46.025079330187395
decision_type=2 2 2 2 10 2
left_child=1 -1 -3 -2 -5 -6
right_child=3 2 -4 4 5 -7
leaf_value=7.5025708001637224e-05 -0.00017532707495065107 0 0.018065097593977082 -0.019689725436092844 -0.0053766152325297606 0.017952657232526689
leaf_weight=3953 2440 91 119 106 99 32
leaf_count=3953 2440 91 119 106 99 32
internal_value=7.57737e-06 0.000710129 0.0109669 -0.00102651 -0.00851045 0.000951794
internal_weight=6840 4163 210 2677 237 131
internal_count=6840 4163 210 2677 237 131
is_linear=0
shrinkage=0.03


Tree=400
num_leaves=7
num_cat=0
split_feature=21 18 24 18 0 0
split_gain=5.41293 24.8708 15.7192 12.5381 23.7571 15.0942
threshold=287.63708012914975 318.85000000000008 -9.0999999999999641 207.25000000000003 0.95040983606557383 0.85220225048339748
decision_type=8 10 10 8 2 2
left_child=1 3 -2 5 -5 -1
right_child=2 -3 -4 4 -6 -7
leaf_value=0.0024454418095607206 0.016806415570460542 -0.011199313017904109 0.00029976374486547646 -0.0017741801509918978 0.009788155505155622 -0.005540609775311572
leaf_weight=306 33 187 5210 326 258 520
leaf_count=306 33 187 5210 326 258 520
internal_value=7.69275e-06 -0.00148777 0.000495631 0 0.00324047 -0.00241692
internal_weight=6840 1597 5243 1410 584 826
internal_count=6840 1597 5243 1410 584 826
is_linear=0
shrinkage=0.03


Tree=401
num_leaves=7
num_cat=0
split_feature=7 0 16 0 0 21
split_gain=5.6297 21.4364 24.2912 15.3636 10.7036 10.5668
threshold=1.0000000180025095e-35 0.93562139328216709 0.98669152895064438 1.0689306069406805 1.3980940654720868 291.04429365090658
decision_type=2 2 2 2 2 8
left_child=5 -2 3 -3 -4 -1
right_child=1 2 4 -5 -6 -7
leaf_value=-0.00093230232491661692 0.00084896560318030716 -0.0065452634424178133 -0.018804665190445911 0.010657788974198478 0 0.001602786127439906
leaf_weight=2731 684 88 134 61 44 3098
leaf_count=2731 684 88 134 61 44 3098
internal_value=8.40883e-06 -0.00201265 -0.00813461 3.78252e-05 -0.015046 0.000390276
internal_weight=6840 1011 327 149 178 5829
internal_count=6840 1011 327 149 178 5829
is_linear=0
shrinkage=0.03


Tree=402
num_leaves=7
num_cat=0
split_feature=7 18 18 8 21 8
split_gain=5.32115 18.8191 17.2612 31.6366 30.8934 26.9846
threshold=1.0000000180025095e-35 248.15000000000006 261.9500000000001 467.50860000000006 287.88435477659397 38.272050000000007
decision_type=2 10 10 2 10 2
left_child=2 -2 -1 4 -4 -6
right_child=1 -3 3 -5 5 -7
leaf_value=-0.0014048254501516024 0.0037776865478848448 -0.0047374836072393844 -0.0043056068997531132 -0.0044292379503135934 0.0013142698489269184 0.0080062093866076316
leaf_weight=2597 310 701 381 557 1208 1086
leaf_count=2597 310 701 381 557 1208 1086
internal_value=5.98469e-06 -0.00195838 0.000377867 0.00185626 0.00324387 0.00458893
internal_weight=6840 1011 5829 3232 2675 2294
internal_count=6840 1011 5829 3232 2675 2294
is_linear=0
shrinkage=0.03


Tree=403
num_leaves=7
num_cat=0
split_feature=16 16 4 16 7 10
split_gain=5.44764 12.9118 9.14603 7.45352 10.9044 25.1034
threshold=9.8064418520640029 14.098473228953372 -0.21211672241219895 9.6445144440292427 1.0000000180025095e-35 0.0091868686868686895
decision_type=2 2 2 2 2 2
left_child=3 2 -2 4 -1 -6
right_child=1 -3 -4 -5 5 -7
leaf_value=0.00056748416039652716 0.0001277423776789672 0.0060097035976404978 -0.011232438087070815 0.0073797147764707912 -0.0042633242538702093 0.015011234859980288
leaf_weight=5535 61 57 152 108 884 43
leaf_count=5535 61 57 152 108 884 43
internal_value=4.33756e-06 -0.00399616 -0.00760357 0.000203132 3.76484e-05 -0.00291271
internal_weight=6840 270 213 6570 6462 927
internal_count=6840 270 213 6570 6462 927
is_linear=0
shrinkage=0.03


end of trees

feature_importances:
BG=229
catchment_area_sqkm=224
pct_impervious_2006=153
BR=141
pct_wetland_2006=140
green_corr7=139
tmax_degC_prev30=123
MNDWI=122
pct_forest_2006=122
srad_Wm2_prev30=115
fai=110
elevation_m=94
temp_corr7=94
srad_Wm2_prev1=82
tmean_degC_prev30=77
nir_corr7=61
tmin_degC_prev30=59
NR=57
atm_corr_LaSRC=54
NDSSI=50
swir1_corr7=49
NDVI=43
pct_cropland_2006=38
NDWI=35
shore_flag=13

parameters:
[boosting: gbdt]
[objective: regression]
[metric: rmse]
[tree_learner: serial]
[device_type: cpu]
[data_sample_strategy: bagging]
[data: ]
[valid: ]
[num_iterations: 5000]
[learning_rate: 0.03]
[num_leaves: 7]
[num_threads: 0]
[seed: 0]
[deterministic: 0]
[force_col_wise: 0]
[force_row_wise: 0]
[histogram_pool_size: -1]
[max_depth: -1]
[min_data_in_leaf: 30]
[min_sum_hessian_in_leaf: 0.001]
[bagging_fraction: 0.8]
[pos_bagging_fraction: 1]
[neg_bagging_fraction: 1]
[bagging_freq: 0]
[bagging_seed: 3]
[bagging_by_query: 0]
[feature_fraction: 0.5]
[feature_fraction_bynode: 1]
[feature_fraction_seed: 2]
[extra_trees: 0]
[extra_seed: 6]
[early_stopping_round: 0]
[early_stopping_min_delta: 0]
[first_metric_only: 0]
[max_delta_step: 0]
[lambda_l1: 5]
[lambda_l2: 20]
[linear_lambda: 0]
[min_gain_to_split: 0]
[drop_rate: 0.1]
[max_drop: 50]
[skip_drop: 0.5]
[xgboost_dart_mode: 0]
[uniform_drop: 0]
[drop_seed: 4]
[top_rate: 0.2]
[other_rate: 0.1]
[min_data_per_group: 100]
[max_cat_threshold: 32]
[cat_l2: 10]
[cat_smooth: 10]
[max_cat_to_onehot: 4]
[top_k: 20]
[monotone_constraints: ]
[monotone_constraints_method: basic]
[monotone_penalty: 0]
[feature_contri: ]
[forcedsplits_filename: ]
[refit_decay_rate: 0.9]
[cegb_tradeoff: 1]
[cegb_penalty_split: 0]
[cegb_penalty_feature_lazy: ]
[cegb_penalty_feature_coupled: ]
[path_smooth: 0]
[interaction_constraints: ]
[verbosity: -1]
[saved_feature_importance_type: 0]
[use_quantized_grad: 0]
[num_grad_quant_bins: 4]
[quant_train_renew_leaf: 0]
[stochastic_rounding: 1]
[linear_tree: 0]
[max_bin: 255]
[max_bin_by_feature: ]
[min_data_in_bin: 3]
[bin_construct_sample_cnt: 200000]
[data_random_seed: 1]
[is_enable_sparse: 1]
[enable_bundle: 1]
[use_missing: 1]
[zero_as_missing: 0]
[feature_pre_filter: 1]
[pre_partition: 0]
[two_round: 0]
[header: 0]
[label_column: ]
[weight_column: ]
[group_column: ]
[ignore_column: ]
[categorical_feature: ]
[forcedbins_filename: ]
[precise_float_parser: 0]
[parser_config_file: ]
[objective_seed: 5]
[num_class: 1]
[is_unbalance: 0]
[scale_pos_weight: 1]
[sigmoid: 1]
[boost_from_average: 1]
[reg_sqrt: 0]
[alpha: 0.9]
[fair_c: 1]
[poisson_max_delta_step: 0.7]
[tweedie_variance_power: 1.5]
[lambdarank_truncation_level: 30]
[lambdarank_norm: 1]
[label_gain: ]
[lambdarank_position_bias_regularization: 0]
[eval_at: ]
[multi_error_top_k: 1]
[auc_mu_weights: ]
[num_machines: 1]
[local_listen_port: 12400]
[time_out: 120]
[machine_list_filename: ]
[machines: ]
[gpu_platform_id: -1]
[gpu_device_id: -1]
[gpu_device_id_list: ]
[gpu_use_dp: 0]
[num_gpu: 1]

end of parameters

pandas_categorical:[]
